DT,Replay_Origin_ID,Replay_Origin_DT,Replay_Origin_Year,Replay_Origin_Month,Forecast_Lead_Hour,Forecast_Day,Replay_Horizon_Bucket,Season,Month,Hour,Actual_MWH,Temperature,Temperature_DailyMax,CloudCover_Norm,BTM_Solar_Proxy_MW,BTM_Solar_Loss_From_ClearSky_MW,Midday_Overcast_Solar_Loss_MW,Raw_Forecast_MWH,XGB_Pred_MWH,LGB_Pred_MWH,CatBoost_Pred_MWH,Targeted_Meta_Adjusted_Forecast_MWH,Residual_Calibrated_Forecast_MWH,Cloud_Solar_Adjusted_Forecast_MWH,Peak_Risk_Adjusted_Forecast_MWH,Recent_Corrected_Forecast_MWH,Stage_Selected_Forecast_MWH,Pre_Focused_Guard_Forecast_MWH,Post_Focused_Guard_Forecast_MWH,Focused_Guard_Applied_Flag,Focused_Scorecard_Guard_MWH,Focused_Scorecard_Guard_Source,Final_Backtest_Forecast_MWH,Final_Forecast_MWH,Raw_Residual_MWH,XGB_Residual_MWH,LGB_Residual_MWH,CatBoost_Residual_MWH,Stage_Selected_Residual_MWH,Pre_Focused_Guard_Residual_MWH,Post_Focused_Guard_Residual_MWH,Final_Residual_MWH,Final_AbsError_MWH,Targeted_Meta_Delta_From_Raw_MWH,Residual_Cal_Delta_From_Targeted_MWH,Cloud_Solar_Delta_From_Residual_Cal_MWH,Peak_Risk_Delta_From_Cloud_Solar_MWH,Recent_Delta_From_Peak_Risk_MWH,Stage_Selected_Delta_From_Recent_MWH,Focused_Guard_Delta_From_Pre_Guard_MWH,Final_Delta_From_Raw_MWH,Stage_Selector_Source,Stage_Selector_Reason,Targeted_Meta_Source,Cloud_Solar_Correction_Source,Peak_Risk_Source,Recent_Correction_Source,Analog_Temp_Window_F,Analog_Count_SameHour_PreOrigin,Analog_Actual_Mean_SameHour_PreOrigin_MWH,Analog_Actual_P90_SameHour_PreOrigin_MWH,Analog_Count_HE14_20_PreOrigin,Analog_Actual_Mean_HE14_20_PreOrigin_MWH,Analog_Actual_P90_HE14_20_PreOrigin_MWH,Actual_Minus_Analog_SameHour_Mean_MWH,HourGroup,DOW,IsWeekend,IsHoliday,IsLikelySystemPeakHour,DailyMaxTempBin,ClearSky_Index,Humidity_Norm,WindSpeed_Mph,PrecipIn,MWH_Lag24,MWH_SameHour7DayMean,Residual_MWH,AbsError_MWH,APE,Replay_Origin_Season,Targeted_Meta_Bias_Cal_MWH,Targeted_Meta_SolarCloud_Cal_MWH,Targeted_Meta_Cal_MWH,CloudCoverBin,CloudCoverBucket,BTMSolarProxyBin,SolarLossBucket,Residual_Cal_MWH,Calibration_Level,Calibration_Matched_Levels,Calibrated_Forecast_MWH,Warm_Ramp_Cal_MWH,Warm_Ramp_Adjusted_Forecast_MWH,Warm_Ramp_Correction_Source,CloudSolarBaseBucket,CloudSolarEventClass,CloudSolarEventMultiplier,Cloud_Solar_Shape_Cal_MWH,Cloud_Solar_Shape_Raw_Cal_MWH,Peak_Risk_Cal_MWH,Recent_Level_Correction_MWH,Pre_Recent_Forecast_MWH,Long_Horizon_Peak_Month_Correction_MWH,Long_Horizon_Hot_Month_Correction_MWH,Raw_Minus_SameHour7DayMean_MWH,Raw_Minus_SameHourYesterday_MWH,Final_APE,DailyMaxTempBucket,BTMSolarBucket,WeatherRealism_Raw_Forecast_MWH,WeatherRealism_XGB_Pred_MWH,WeatherRealism_LGB_Pred_MWH,WeatherRealism_CatBoost_Pred_MWH,WeatherRealism_Residual_MWH,WeatherRealism_Final_Backtest_Forecast_MWH,WeatherRealism_Final_Residual_MWH,WeatherRealism_Final_AbsError_MWH,WeatherRealism_Final_APE,WeatherRealism_Temperature,WeatherRealism_Temperature_DailyMax,WeatherRealism_CloudCover_Norm,WeatherRealism_BTM_Solar_Proxy_MW,WeatherRealism_BTM_Solar_Loss_From_ClearSky_MW,WeatherRealism_Midday_Overcast_Solar_Loss_MW,WeatherRealism_Forecast_Weather_Lead_Days,WeatherRealism_Weather_Robustness_Hedge_MWH,WeatherRealism_Weather_Robustness_Hedge_Source,WeatherRealism_Weather_Robustness_Jensen_MWH,WeatherRealism_Weather_Robustness_Upper_MWH,WeatherRealism_Weather_Robustness_Warmer_Delta_MWH,WeatherRealism_Weather_Robustness_Temp_Sigma_F,WeatherRealism_Weather_Robustness_Temp_Bias_Damping,WeatherRealism_Weather_Robustness_Gate,WeatherRealism_Pre_Focused_Guard_Forecast_MWH,WeatherRealism_Post_Focused_Guard_Forecast_MWH,WeatherRealism_Focused_Guard_Applied_Flag,WeatherRealism_Focused_Scorecard_Guard_MWH,WeatherRealism_Focused_Scorecard_Guard_Source,WeatherRealism_Raw_Minus_SameHour7DayMean_MWH,WeatherRealism_Raw_Minus_SameHourYesterday_MWH,WeatherRealism_WeatherScenario_warmer_P50_MWH,WeatherRealism_WeatherScenario_hot_stress_5f_P50_MWH,WeatherRealism_WeatherScenario_cooler_P50_MWH,WeatherRealism_WeatherScenario_cloudier_solar_loss_P50_MWH,WeatherRealism_WeatherScenario_severe_cloud_solar_loss_P50_MWH,WeatherRealism_WeatherScenario_clearer_high_solar_P50_MWH,WeatherRealism_WeatherScenario_Cap_Applied,WeatherRealism_WeatherScenario_Min_P50_MWH,WeatherRealism_WeatherScenario_Max_P50_MWH,WeatherRealism_WeatherScenario_Spread_MWH,WeatherRealism_WeatherScenario_HalfSpread_MWH,WeatherRealism_WeatherScenario_MaxAbsDelta_MWH,Replay_Calibration_Days,Replay_Calibration_Start_DT,Replay_Calibration_End_DT,Date,Underforecast_MWH,Overforecast_MWH,Forecast_Error_MWH,Underforecast_Flag,Overforecast_Flag,Baseline_SameHourYesterday_MWH,Baseline_SameHour7DaysAgo_MWH,Baseline_Rolling7DaySameHourAvg_MWH,Weather_Temp_Error_F,Weather_DailyMaxTemp_Error_F,Weather_CloudCover_Error_Norm,Weather_Solar_Proxy_Error_MW,Weather_Solar_Loss_Error_MW,Weather_Midday_Solar_Loss_Error_MW,Weather_Input_Forecast_Delta_MWH,Weather_Input_Residual_Delta_MWH,Weather_Input_AbsError_Delta_MWH,Weather_Input_PctAbsError_Delta,Weather_Forecast_Lead_Bucket,Weather_DailyMaxTemp_AbsError_Bucket,Weather_CloudCover_AbsError_Bucket,Weather_SolarLoss_AbsError_Bucket,Weather_Input_Event_Slice,Weather_Input_Risk_Class,Targeted_Meta_Residual_MWH,Residual_Calibrated_Residual_MWH,Cloud_Solar_Residual_MWH,Peak_Risk_Residual_MWH,Recent_Corrected_Residual_MWH,Final_Backtest_Residual_MWH
2025-06-01 14:00:00-07:00,origin_05,2025-05-25 00:00:00-07:00,2025,5,183,8,Days8to16,Summer,6,14,190.549558,90.1,91.7,0.0,18.82822761055998,0.0,0.0,209.53357073123814,209.607666015625,209.11633416948467,210.16805810416878,206.75054421595354,205.17032426504548,205.17032426504548,205.17032426504548,205.07002353804432,202.95002353804432,202.95002353804432,202.95002353804432,0,0.0,none,202.95002353804432,202.95002353804432,-18.984012731238153,-19.05810801562501,-18.566776169484683,-19.61850010416879,-12.40046553804433,-12.40046553804433,-12.40046553804433,-12.40046553804433,12.40046553804433,-2.783026515284604,-1.5802199509080594,0.0,0.0,-0.10030072700115511,-2.1200000000000045,0.0,-6.583547193193823,Final_Backtest_Forecast_MWH,days8plus_final_low_confidence+long_horizon_peak_month_correction,raw_bias,none,none,recent_mean+last24_mean+same_hour+hourgroup+global+temp_hourgroup+cloud_hourgroup+solar_hourgroup+solar_loss_hourgroup+temp_cloud_hourgroup,3.0,0,,,0,,,,Midday,6,1,0,0,4.0,1.124665386736733,0.24,8.4,0.0,250.36745863582303,168.3921726114951,-18.984012731238153,18.984012731238153,9.962769229429624,Spring,-2.783026515284604,0.0,-2.783026515284604,0.0,Clear/Low,4.0,None,-1.5802199509080568,weighted_fallback,global+hour+temp_cloud_hourgroup,205.07002353804432,0.0,205.17032426504548,none,170+,other,0.7,0.0,0.0,0.0,-0.1003007270011577,205.17032426504548,-2.12,0.0,41.14139811974303,-40.833887904584884,6.507737760296631,4.0,High,,,,,,,,,,,,,,,,,0.0,none,0.0,0.0,0.0,,,0.0,,,0.0,0.0,none,,,,,,,,,0.0,,,,,0.0,45,2025-04-09 23:00:00-07:00,2025-05-24 23:00:00-07:00,2025-06-01,0.0,18.984012731238153,18.984012731238153,0,1,261.891,112.875525,172.21158428571428,,,,,,,,,,,,,,,,,-16.20098621595355,-14.62076626504549,-14.62076626504549,-14.62076626504549,-14.520465538044334,-12.40046553804433
2025-06-01 15:00:00-07:00,origin_05,2025-05-25 00:00:00-07:00,2025,5,184,8,Days8to16,Summer,6,15,202.596175,91.7,91.7,0.0,14.591766466898733,0.0,0.0,225.28426976042033,226.91909790039062,226.41807558632354,223.03548113686662,222.4711077776114,220.8770086389893,220.8770086389893,220.8770086389893,220.7704799656207,218.6504799656207,218.6504799656207,218.6504799656207,0,0.0,none,218.6504799656207,218.6504799656207,-22.68809476042034,-24.322922900390637,-23.82190058632355,-20.439306136866634,-16.0543049656207,-16.0543049656207,-16.0543049656207,-16.0543049656207,16.0543049656207,-2.8131619828089356,-1.5940991386220844,0.0,0.0,-0.10652867336861505,-2.1200000000000045,0.0,-6.63378979479964,Final_Backtest_Forecast_MWH,days8plus_final_low_confidence+long_horizon_peak_month_correction,raw_bias,none,none,recent_mean+last24_mean+same_hour+hourgroup+global+temp_hourgroup+cloud_hourgroup+solar_hourgroup+solar_loss_hourgroup+temp_cloud_hourgroup,3.0,0,,,0,,,,Midday,6,1,0,0,4.0,1.3074136623031833,0.2,9.4,0.0,267.86840993936016,183.44958993223233,-22.68809476042034,22.68809476042034,11.19867873143229,Spring,-2.813161982808944,0.0,-2.813161982808944,0.0,Clear/Low,3.0,None,-1.594099138622086,weighted_fallback,global+hour+temp_cloud_hourgroup,220.7704799656207,0.0,220.8770086389893,none,170+,other,0.7,0.0,0.0,0.0,-0.1065286733686169,220.8770086389893,-2.12,0.0,41.834679828188,-42.58414017893983,7.924288287091651,4.0,Medium-High,,,,,,,,,,,,,,,,,0.0,none,0.0,0.0,0.0,,,0.0,,,0.0,0.0,none,,,,,,,,,0.0,,,,,0.0,45,2025-04-09 23:00:00-07:00,2025-05-24 23:00:00-07:00,2025-06-01,0.0,22.68809476042034,22.68809476042034,0,1,277.855391,122.348483,186.67760914285714,,,,,,,,,,,,,,,,,-19.874932777611406,-18.28083363898932,-18.28083363898932,-18.28083363898932,-18.174304965620706,-16.0543049656207
2025-06-01 16:00:00-07:00,origin_05,2025-05-25 00:00:00-07:00,2025,5,185,8,Days8to16,Summer,6,16,212.71655,91.7,91.7,0.0,9.156464326564441,0.0,0.0,236.44278118805846,234.7598114013672,237.78700158936223,234.8112833536357,236.44278118805846,235.33812406973905,235.33812406973905,235.33812406973905,235.1472791906768,209.4372791906768,231.4372791906768,209.4372791906768,1,-22.0,june_long_mild_hot_peak_backoff+june_long_90_92_clear_hot_extra_backoff,209.4372791906768,209.4372791906768,-23.72623118805845,-22.043261401367175,-25.07045158936222,-22.09473335363569,3.279270809323208,-18.720729190676792,3.279270809323208,3.279270809323208,3.279270809323208,0.0,-1.104657118319409,0.0,0.0,-0.19084487906224012,-25.710000000000008,-22.0,-27.005501997381657,Final_Backtest_Forecast_MWH,days8plus_final_low_confidence+long_horizon_peak_month_correction+long_horizon_hot_month_correction,raw_bias,none,none,recent_mean+last24_mean+same_hour+hourgroup+global+temp_hourgroup+cloud_hourgroup+solar_hourgroup+solar_loss_hourgroup+temp_cloud_hourgroup,3.0,0,,,0,,,,Peak,6,1,0,0,4.0,1.35,0.18,9.8,0.0,285.1616356489908,198.638472867812,-23.72623118805845,23.72623118805845,11.153918765633632,Spring,-0.0,0.0,0.0,0.0,Clear/Low,2.0,None,-1.1046571183193965,weighted_fallback,global+hour+temp_cloud_hourgroup,235.1472791906768,0.0,235.33812406973905,none,170+,other,0.7,0.0,0.0,0.0,-0.1908448790622279,235.33812406973905,0.0,-3.71,37.80430832024646,-48.718854460932334,1.5416152665710343,4.0,Medium-Low,,,,,,,,,,,,,,,,,0.0,none,0.0,0.0,0.0,,,0.0,,,0.0,0.0,none,,,,,,,,,0.0,,,,,0.0,45,2025-04-09 23:00:00-07:00,2025-05-24 23:00:00-07:00,2025-06-01,0.0,23.72623118805845,23.72623118805845,0,1,292.124233,133.27525,201.522133,,,,,,,,,,,,,,,,,-23.72623118805845,-22.62157406973904,-22.62157406973904,-22.62157406973904,-22.4307291906768,3.279270809323208
2025-06-01 17:00:00-07:00,origin_05,2025-05-25 00:00:00-07:00,2025,5,186,8,Days8to16,Summer,6,17,221.741933,90.1,91.7,0.0,3.86416795080803,0.0,0.0,240.74441070469783,239.46249389648438,239.6496810466989,242.83096211247135,240.74441070469783,239.64627522267682,239.64627522267682,239.7478530120638,239.57480877177352,213.8648087717735,235.8648087717735,213.8648087717735,1,-22.0,june_long_mild_hot_peak_backoff+june_long_90_92_clear_hot_extra_backoff,213.8648087717735,213.8648087717735,-19.00247770469784,-17.720560896484386,-17.907748046698913,-21.089029112471366,7.877124228226478,-14.122875771773522,7.877124228226478,7.877124228226478,7.877124228226478,0.0,-1.0981354820210072,0.0,0.1015777893869938,-0.1730442402902952,-25.710000000000008,-22.0,-26.879601932924317,Final_Backtest_Forecast_MWH,days8plus_final_low_confidence+long_horizon_peak_month_correction+long_horizon_hot_month_correction,raw_bias,none,tree_peak_gap,recent_mean+last24_mean+same_hour+hourgroup+global+temp_hourgroup+cloud_hourgroup+solar_hourgroup+solar_loss_hourgroup+temp_cloud_hourgroup,3.0,0,,,0,,,,Peak,6,1,0,0,4.0,1.35,0.19,9.8,0.0,292.4867112469102,210.11365942456717,-19.00247770469784,19.00247770469784,8.569636535412469,Spring,-0.0,0.0,0.0,0.0,Clear/Low,1.0,None,-1.0981354820210099,weighted_fallback,global+hour+temp_cloud_hourgroup,239.57480877177352,0.0,239.64627522267682,none,170+,other,0.7,0.0,0.0,0.10157778938699381,-0.17304424029028537,239.7478530120638,0.0,-3.71,30.630751280130653,-51.74230054221238,3.552383674866981,4.0,Medium-Low,,,,,,,,,,,,,,,,,0.0,none,0.0,0.0,0.0,,,0.0,,,0.0,0.0,none,,,,,,,,,0.0,,,,,0.0,45,2025-04-09 23:00:00-07:00,2025-05-24 23:00:00-07:00,2025-06-01,0.0,19.00247770469784,19.00247770469784,0,1,301.294025,145.9778,214.14979257142858,,,,,,,,,,,,,,,,,-19.00247770469784,-17.90434222267683,-17.90434222267683,-18.005920012063825,-17.83287577177353,7.877124228226478
2025-06-01 18:00:00-07:00,origin_05,2025-05-25 00:00:00-07:00,2025,5,187,8,Days8to16,Summer,6,18,218.111091,85.6,91.7,0.0,1.3091546949660468e-15,0.0,0.0,236.161696561695,234.9122314453125,236.71002256578495,235.65703144566288,236.161696561695,235.08093932389198,235.08093932389198,235.08093932389198,234.9473319471967,209.23733194719668,231.23733194719668,209.23733194719668,1,-22.0,june_long_mild_hot_peak_backoff+june_long_90_92_clear_hot_extra_backoff,209.23733194719668,209.23733194719668,-18.050605561695022,-16.801140445312512,-18.598931565784966,-17.545940445662893,8.873759052803308,-13.126240947196692,8.873759052803308,8.873759052803308,8.873759052803308,0.0,-1.0807572378030272,0.0,0.0,-0.133607376695295,-25.710000000000008,-22.0,-26.92436461449833,Final_Backtest_Forecast_MWH,days8plus_final_low_confidence+long_horizon_peak_month_correction+long_horizon_hot_month_correction,raw_bias,none,none,recent_mean+last24_mean+same_hour+hourgroup+global+temp_hourgroup+cloud_hourgroup+solar_hourgroup+solar_loss_hourgroup+temp_cloud_hourgroup,3.0,0,,,0,,,,Peak,6,1,0,0,4.0,1.35,0.26,9.4,0.0,293.22997802970633,215.57884991197915,-18.050605561695022,18.050605561695022,8.275876975781586,Spring,-0.0,0.0,0.0,0.0,Clear/Low,0.0,None,-1.0807572378030161,weighted_fallback,global+hour+temp_cloud_hourgroup,234.9473319471967,0.0,235.08093932389198,none,170+,other,0.7,0.0,0.0,0.0,-0.13360737669530684,235.08093932389198,0.0,-3.71,20.58284664971586,-57.06828146801132,4.0684584227783755,4.0,Low,,,,,,,,,,,,,,,,,0.0,none,0.0,0.0,0.0,,,0.0,,,0.0,0.0,none,,,,,,,,,0.0,,,,,0.0,45,2025-04-09 23:00:00-07:00,2025-05-24 23:00:00-07:00,2025-06-01,0.0,18.050605561695022,18.050605561695022,0,1,303.085133,149.35045,218.1637937142857,,,,,,,,,,,,,,,,,-18.050605561695022,-16.969848323891995,-16.969848323891995,-16.969848323891995,-16.8362409471967,8.873759052803308
2025-06-01 19:00:00-07:00,origin_05,2025-05-25 00:00:00-07:00,2025,5,188,8,Days8to16,Summer,6,19,205.380041,81.0,91.7,0.0,0.0,0.0,0.0,220.75173568050414,218.88807678222656,222.21847530597014,218.97933309713682,220.75173568050414,219.94303024053062,219.94303024053062,219.94303024053062,219.8613357280391,194.1513357280391,216.1513357280391,194.1513357280391,1,-22.0,june_long_mild_hot_peak_backoff+june_long_90_92_clear_hot_extra_backoff,194.1513357280391,194.1513357280391,-15.371694680504135,-13.508035782226557,-16.83843430597014,-13.59929209713681,11.228705271960905,-10.771294728039095,11.228705271960905,11.228705271960905,11.228705271960905,0.0,-0.8087054399735223,0.0,0.0,-0.08169451249150939,-25.710000000000008,-22.0,-26.60039995246504,Final_Backtest_Forecast_MWH,days8plus_final_low_confidence+long_horizon_hot_month_correction,raw_bias,none,none,recent_mean+last24_mean+same_hour+hourgroup+global+temp_hourgroup+cloud_hourgroup+solar_hourgroup+solar_loss_hourgroup+temp_cloud_hourgroup,3.0,0,,,0,,,,Peak,6,1,0,0,4.0,0.0,0.32,9.2,0.0,280.4417872649325,209.5120802189514,-15.371694680504135,15.371694680504135,7.484512421781108,Spring,-0.0,0.0,0.0,0.0,Clear/Low,0.0,None,-0.8087054399735081,weighted_fallback,global+hour+temp_cloud_hourgroup,219.8613357280391,0.0,219.94303024053062,none,170+,other,1.0,0.0,0.0,0.0,-0.0816945124915031,219.94303024053062,0.0,-3.71,11.23965546155273,-59.690051584428346,5.467281639096033,4.0,None,,,,,,,,,,,,,,,,,0.0,none,0.0,0.0,0.0,,,0.0,,,0.0,0.0,none,,,,,,,,,0.0,,,,,0.0,45,2025-04-09 23:00:00-07:00,2025-05-24 23:00:00-07:00,2025-06-01,0.0,15.371694680504135,15.371694680504135,0,1,294.216516,144.483141,213.28433171428574,,,,,,,,,,,,,,,,,-15.371694680504135,-14.562989240530612,-14.562989240530612,-14.562989240530612,-14.481294728039103,11.228705271960905
2025-06-01 20:00:00-07:00,origin_05,2025-05-25 00:00:00-07:00,2025,5,189,8,Days8to16,Summer,6,20,187.162816,75.1,91.7,0.0,0.0,0.0,0.0,203.61812505664955,202.52828979492188,204.2386159503458,202.9544494413347,203.61812505664955,203.1488246119985,203.1488246119985,203.1488246119985,203.0579328149209,177.34793281492088,199.34793281492088,177.34793281492088,1,-22.0,june_long_mild_hot_peak_backoff+june_long_90_92_clear_hot_extra_backoff,177.34793281492088,177.34793281492088,-16.455309056649554,-15.365473794921883,-17.07579995034581,-15.79163344133471,9.814883185079111,-12.185116814920889,9.814883185079111,9.814883185079111,9.814883185079111,0.0,-0.46930044465105425,0.0,0.0,-0.09089179707760309,-25.710000000000008,-22.0,-26.270192241728665,Final_Backtest_Forecast_MWH,days8plus_final_low_confidence+long_horizon_hot_month_correction,raw_bias,none,none,recent_mean+last24_mean+same_hour+hourgroup+global+temp_hourgroup+cloud_hourgroup+solar_hourgroup+solar_loss_hourgroup+temp_cloud_hourgroup,3.0,0,,,0,,,,Peak,6,1,0,0,4.0,0.0,0.4,8.4,0.0,266.06027681707883,201.8475656087746,-16.455309056649554,16.455309056649554,8.791975568827494,Spring,-0.0,0.0,0.0,0.0,Clear/Low,0.0,None,-0.46930044465105636,weighted_fallback,global+hour+temp_cloud_hourgroup,203.0579328149209,0.0,203.1488246119985,none,170+,other,1.0,0.0,0.0,0.0,-0.09089179707760957,203.1488246119985,0.0,-3.71,1.7705594478749447,-62.44215176042928,5.244034790050986,4.0,None,,,,,,,,,,,,,,,,,0.0,none,0.0,0.0,0.0,,,0.0,,,0.0,0.0,none,,,,,,,,,0.0,,,,,0.0,45,2025-04-09 23:00:00-07:00,2025-05-24 23:00:00-07:00,2025-06-01,0.0,16.455309056649554,16.455309056649554,0,1,274.765858,142.93605,203.94336285714286,,,,,,,,,,,,,,,,,-16.455309056649554,-15.9860086119985,-15.9860086119985,-15.9860086119985,-15.895116814920897,9.814883185079111
2025-06-02 14:00:00-07:00,origin_05,2025-05-25 00:00:00-07:00,2025,5,207,9,Days8to16,Summer,6,14,172.391233,88.2,92.8,0.0,18.691508115462554,0.0,0.0,192.72713714891734,192.18240356445312,193.73556495801674,191.29810304446525,190.23561031896702,188.65539036805896,188.65539036805896,188.65539036805896,188.5550896410578,186.4350896410578,186.4350896410578,186.4350896410578,0,0.0,none,186.4350896410578,186.4350896410578,-20.335904148917336,-19.791170564453125,-21.34433195801674,-18.90687004446525,-14.0438566410578,-14.0438566410578,-14.0438566410578,-14.0438566410578,14.0438566410578,-2.491526829950317,-1.5802199509080594,0.0,0.0,-0.10030072700115511,-2.1200000000000045,0.0,-6.292047507859536,Final_Backtest_Forecast_MWH,days8plus_final_low_confidence+long_horizon_peak_month_correction,raw_bias,none,none,recent_mean+last24_mean+same_hour+hourgroup+global+temp_hourgroup+cloud_hourgroup+solar_hourgroup+solar_loss_hourgroup+temp_cloud_hourgroup,3.0,0,,,0,,,,Midday,0,0,0,0,4.0,1.1153819393135678,0.24,3.9,0.0,209.53357073123814,181.41324715986144,-20.335904148917336,20.335904148917336,11.796367944602691,Spring,-2.4915268299503026,0.0,-2.4915268299503026,0.0,Clear/Low,4.0,None,-1.5802199509080568,weighted_fallback,global+hour+temp_cloud_hourgroup,188.5550896410578,0.0,188.65539036805896,none,170+,other,0.7,0.0,0.0,0.0,-0.1003007270011577,188.65539036805896,-2.12,0.0,11.313889989055895,-16.806433582320807,8.146502810301149,4.0,High,,,,,,,,,,,,,,,,,0.0,none,0.0,0.0,0.0,,,0.0,,,0.0,0.0,none,,,,,,,,,0.0,,,,,0.0,45,2025-04-09 23:00:00-07:00,2025-05-24 23:00:00-07:00,2025-06-02,0.0,20.335904148917336,20.335904148917336,0,1,190.549558,120.068808,183.3078747142857,,,,,,,,,,,,,,,,,-17.84437731896702,-16.26415736805896,-16.26415736805896,-16.26415736805896,-16.163856641057805,-14.0438566410578
2025-06-02 15:00:00-07:00,origin_05,2025-05-25 00:00:00-07:00,2025,5,208,9,Days8to16,Summer,6,15,192.298866,90.6,92.8,0.0,14.400399037824652,0.0,0.0,210.8204549652055,210.88418579101562,211.47607505011413,209.77198602440325,208.10515685001766,206.51105771139558,206.51105771139558,206.51105771139558,206.40452903802696,204.28452903802696,204.28452903802696,204.28452903802696,0,0.0,none,204.28452903802696,204.28452903802696,-18.521588965205495,-18.58531979101562,-19.17720905011413,-17.473120024403244,-11.985663038026956,-11.985663038026956,-11.985663038026956,-11.985663038026956,11.985663038026956,-2.715298115187835,-1.5940991386220844,0.0,0.0,-0.10652867336861505,-2.1200000000000045,0.0,-6.535925927178539,Final_Backtest_Forecast_MWH,days8plus_final_low_confidence+long_horizon_peak_month_correction,raw_bias,none,none,recent_mean+last24_mean+same_hour+hourgroup+global+temp_hourgroup+cloud_hourgroup+solar_hourgroup+solar_loss_hourgroup+temp_cloud_hourgroup,3.0,0,,,0,,,,Midday,0,0,0,0,4.0,1.2889766497020256,0.21,4.7,0.0,225.28426976042033,197.23447882816865,-18.521588965205495,18.521588965205495,9.631668324661621,Spring,-2.7152981151878257,0.0,-2.7152981151878257,0.0,Clear/Low,3.0,None,-1.594099138622086,weighted_fallback,global+hour+temp_cloud_hourgroup,206.40452903802696,0.0,206.51105771139558,none,170+,other,0.7,0.0,0.0,0.0,-0.1065286733686169,206.51105771139558,-2.12,0.0,13.585976137036852,-14.46381479521483,6.232830846764825,4.0,Medium-High,,,,,,,,,,,,,,,,,0.0,none,0.0,0.0,0.0,,,0.0,,,0.0,0.0,none,,,,,,,,,0.0,,,,,0.0,45,2025-04-09 23:00:00-07:00,2025-05-24 23:00:00-07:00,2025-06-02,0.0,18.521588965205495,18.521588965205495,0,1,202.596175,129.458708,198.14156514285713,,,,,,,,,,,,,,,,,-15.80629085001766,-14.212191711395576,-14.212191711395576,-14.212191711395576,-14.105663038026961,-11.985663038026956
2025-06-02 16:00:00-07:00,origin_05,2025-05-25 00:00:00-07:00,2025,5,209,9,Days8to16,Summer,6,16,212.703725,92.2,92.8,0.01,8.987317818068792,0.0,0.0,225.47453845552116,229.43524169921875,226.64328737689922,222.50630350944203,225.47453845552116,224.36988133720175,224.36988133720175,225.5058295363111,225.31498465724886,221.60498465724885,221.60498465724885,221.60498465724885,0,0.0,none,221.60498465724885,221.60498465724885,-12.770813455521164,-16.73151669921876,-13.939562376899232,-9.802578509442043,-8.901259657248858,-8.901259657248858,-8.901259657248858,-8.901259657248858,8.901259657248858,0.0,-1.104657118319409,0.0,1.1359481991093503,-0.19084487906224012,-3.710000000000008,0.0,-3.8695537982723067,Final_Backtest_Forecast_MWH,days8plus_final_low_confidence+long_horizon_peak_month_correction+long_horizon_hot_month_correction,raw_bias,none,tree_peak_gap,recent_mean+last24_mean+same_hour+hourgroup+global+temp_hourgroup+cloud_hourgroup+solar_hourgroup+solar_loss_hourgroup+temp_cloud_hourgroup,3.0,0,,,0,,,,Peak,0,0,0,1,4.0,1.35,0.2,5.9,0.0,236.44278118805846,212.47555031396192,-12.770813455521164,12.770813455521164,6.004038460314301,Spring,-0.0,0.0,0.0,0.0,Clear/Low,2.0,None,-1.1046571183193965,weighted_fallback,global+hour+temp_cloud_hourgroup,225.31498465724886,0.0,224.36988133720175,none,170+,other,0.7,0.0,0.0,1.1359481991093519,-0.1908448790622279,225.5058295363111,0.0,-3.71,12.998988141559238,-10.968242732537306,4.184816066220212,4.0,Medium-Low,,,,,,,,,,,,,,,,,0.0,none,0.0,0.0,0.0,,,0.0,,,0.0,0.0,none,,,,,,,,,0.0,,,,,0.0,45,2025-04-09 23:00:00-07:00,2025-05-24 23:00:00-07:00,2025-06-02,0.0,12.770813455521164,12.770813455521164,0,1,212.71655,140.886916,212.87089014285718,,,,,,,,,,,,,,,,,-12.770813455521164,-11.666156337201755,-11.666156337201755,-12.802104536311106,-12.611259657248866,-8.901259657248858
2025-06-02 17:00:00-07:00,origin_05,2025-05-25 00:00:00-07:00,2025,5,210,9,Days8to16,Summer,6,17,227.345075,92.8,92.8,0.02,3.7707741634773226,0.0,0.0,236.0153492780226,233.11557006835938,236.81483364735269,235.58752504326486,236.0153492780226,234.9172137960016,234.9172137960016,234.9172137960016,234.7441695557113,231.0341695557113,231.0341695557113,231.0341695557113,0,0.0,none,231.0341695557113,231.0341695557113,-8.670274278022589,-5.7704950683593665,-9.469758647352677,-8.242450043264853,-3.6890945557112786,-3.6890945557112786,-3.6890945557112786,-3.6890945557112786,3.6890945557112786,0.0,-1.0981354820210072,0.0,0.0,-0.1730442402902952,-3.710000000000008,0.0,-4.98117972231131,Final_Backtest_Forecast_MWH,days8plus_final_low_confidence+long_horizon_peak_month_correction+long_horizon_hot_month_correction,raw_bias,none,none,recent_mean+last24_mean+same_hour+hourgroup+global+temp_hourgroup+cloud_hourgroup+solar_hourgroup+solar_loss_hourgroup+temp_cloud_hourgroup,3.0,0,,,0,,,,Peak,0,0,0,1,4.0,1.35,0.2,7.3,0.0,240.74441070469783,223.26291557277366,-8.670274278022589,8.670274278022589,3.8137066650872415,Spring,-0.0,0.0,0.0,0.0,Clear/Low,1.0,None,-1.0981354820210099,weighted_fallback,global+hour+temp_cloud_hourgroup,234.7441695557113,0.0,234.9172137960016,none,170+,other,0.7,0.0,0.0,0.0,-0.17304424029028537,234.9172137960016,0.0,-3.71,12.752433705248933,-4.72906142667523,1.6226850551793472,4.0,Medium-Low,,,,,,,,,,,,,,,,,0.0,none,0.0,0.0,0.0,,,0.0,,,0.0,0.0,none,,,,,,,,,0.0,,,,,0.0,45,2025-04-09 23:00:00-07:00,2025-05-24 23:00:00-07:00,2025-06-02,0.0,8.670274278022589,8.670274278022589,0,1,221.741933,155.007775,224.97324014285715,,,,,,,,,,,,,,,,,-8.670274278022589,-7.572138796001582,-7.572138796001582,-7.572138796001582,-7.399094555711287,-3.6890945557112786
2025-06-02 18:00:00-07:00,origin_05,2025-05-25 00:00:00-07:00,2025,5,211,9,Days8to16,Summer,6,18,230.588625,91.6,92.8,0.0,1.284297327340109e-15,0.0,0.0,238.2150645716504,239.37338256835938,238.39182939562986,237.6063432777658,238.2150645716504,237.13430733384737,237.13430733384737,237.13430733384737,237.00069995715208,233.29069995715207,233.29069995715207,233.29069995715207,0,0.0,none,233.29069995715207,233.29069995715207,-7.626439571650394,-8.784757568359367,-7.803204395629848,-7.017718277765795,-2.702074957152064,-2.702074957152064,-2.702074957152064,-2.702074957152064,2.702074957152064,0.0,-1.0807572378030272,0.0,0.0,-0.133607376695295,-3.710000000000008,0.0,-4.92436461449833,Final_Backtest_Forecast_MWH,days8plus_final_low_confidence+long_horizon_peak_month_correction+long_horizon_hot_month_correction,raw_bias,none,none,recent_mean+last24_mean+same_hour+hourgroup+global+temp_hourgroup+cloud_hourgroup+solar_hourgroup+solar_loss_hourgroup+temp_cloud_hourgroup,3.0,0,,,0,,,,Peak,0,0,0,1,4.0,1.35,0.2,6.7,0.0,236.161696561695,227.59899820143045,-7.626439571650394,7.626439571650394,3.3073789184745754,Spring,-0.0,0.0,0.0,0.0,Clear/Low,0.0,None,-1.0807572378030161,weighted_fallback,global+hour+temp_cloud_hourgroup,237.00069995715208,0.0,237.13430733384737,none,170+,other,0.7,0.0,0.0,0.0,-0.13360737669530684,237.13430733384737,0.0,-3.71,10.616066370219954,2.053368009955392,1.1718162407846717,4.0,Low,,,,,,,,,,,,,,,,,0.0,none,0.0,0.0,0.0,,,0.0,,,0.0,0.0,none,,,,,,,,,0.0,,,,,0.0,45,2025-04-09 23:00:00-07:00,2025-05-24 23:00:00-07:00,2025-06-02,0.0,7.626439571650394,7.626439571650394,0,1,218.111091,162.988158,227.98674242857143,,,,,,,,,,,,,,,,,-7.626439571650394,-6.545682333847367,-6.545682333847367,-6.545682333847367,-6.412074957152072,-2.702074957152064
2025-06-02 19:00:00-07:00,origin_05,2025-05-25 00:00:00-07:00,2025,5,212,9,Days8to16,Summer,6,19,218.86175,85.6,92.8,0.0,0.0,0.0,0.0,227.241912455572,227.40737915039062,228.46252142204227,225.27653645259903,227.241912455572,226.4332070155985,226.4332070155985,226.4332070155985,226.351512503107,222.64151250310698,222.64151250310698,222.64151250310698,0,0.0,none,222.64151250310698,222.64151250310698,-8.380162455571991,-8.545629150390624,-9.600771422042271,-6.4147864525990315,-3.77976250310698,-3.77976250310698,-3.77976250310698,-3.77976250310698,3.77976250310698,0.0,-0.8087054399734939,0.0,0.0,-0.08169451249150939,-3.710000000000008,0.0,-4.600399952465011,Final_Backtest_Forecast_MWH,days8plus_final_low_confidence+long_horizon_hot_month_correction,raw_bias,none,none,recent_mean+last24_mean+same_hour+hourgroup+global+temp_hourgroup+cloud_hourgroup+solar_hourgroup+solar_loss_hourgroup+temp_cloud_hourgroup,3.0,0,,,0,,,,Peak,0,0,0,1,4.0,0.0,0.31,10.4,0.0,220.75173568050414,219.81484411456304,-8.380162455571991,8.380162455571991,3.8289753488546956,Spring,-0.0,0.0,0.0,0.0,Clear/Low,0.0,None,-0.8087054399735081,weighted_fallback,global+hour+temp_cloud_hourgroup,226.351512503107,0.0,226.4332070155985,none,170+,other,1.0,0.0,0.0,0.0,-0.0816945124915031,226.4332070155985,0.0,-3.71,7.4270683410089475,6.490176775067852,1.7270091750189238,4.0,None,,,,,,,,,,,,,,,,,0.0,none,0.0,0.0,0.0,,,0.0,,,0.0,0.0,none,,,,,,,,,0.0,,,,,0.0,45,2025-04-09 23:00:00-07:00,2025-05-24 23:00:00-07:00,2025-06-02,0.0,8.380162455571991,8.380162455571991,0,1,205.380041,163.725516,221.98388885714286,,,,,,,,,,,,,,,,,-8.380162455571991,-7.571457015598497,-7.571457015598497,-7.571457015598497,-7.489762503106988,-3.77976250310698
2025-06-02 20:00:00-07:00,origin_05,2025-05-25 00:00:00-07:00,2025,5,213,9,Days8to16,Summer,6,20,200.7944,80.2,92.8,0.0,0.0,0.0,0.0,209.18977202664718,209.57826232910156,208.44651203911343,210.2467547777847,209.18977202664718,208.72047158199612,208.72047158199612,208.72047158199612,208.62957978491852,204.9195797849185,204.9195797849185,204.9195797849185,0,0.0,none,204.9195797849185,204.9195797849185,-8.39537202664718,-8.783862329101567,-7.652112039113433,-9.452354777784706,-4.125179784918515,-4.125179784918515,-4.125179784918515,-4.125179784918515,4.125179784918515,0.0,-0.46930044465105425,0.0,0.0,-0.09089179707760309,-3.710000000000008,0.0,-4.270192241728665,Final_Backtest_Forecast_MWH,days8plus_final_low_confidence+long_horizon_hot_month_correction,raw_bias,none,none,recent_mean+last24_mean+same_hour+hourgroup+global+temp_hourgroup+cloud_hourgroup+solar_hourgroup+solar_loss_hourgroup+temp_cloud_hourgroup,3.0,0,,,0,,,,Peak,0,0,0,1,4.0,0.0,0.35,9.6,0.0,203.61812505664955,210.0240835271511,-8.39537202664718,8.39537202664718,4.181078768455286,Spring,-0.0,0.0,0.0,0.0,Clear/Low,0.0,None,-0.46930044465105636,weighted_fallback,global+hour+temp_cloud_hourgroup,208.62957978491852,0.0,208.72047158199612,none,170+,other,1.0,0.0,0.0,0.0,-0.09089179707760957,208.72047158199612,0.0,-3.71,-0.8343115005039294,5.57164696999763,2.054429697699993,4.0,None,,,,,,,,,,,,,,,,,0.0,none,0.0,0.0,0.0,,,0.0,,,0.0,0.0,none,,,,,,,,,0.0,,,,,0.0,45,2025-04-09 23:00:00-07:00,2025-05-24 23:00:00-07:00,2025-06-02,0.0,8.39537202664718,8.39537202664718,0,1,187.162816,162.266266,210.26147228571426,,,,,,,,,,,,,,,,,-8.39537202664718,-7.926071581996126,-7.926071581996126,-7.926071581996126,-7.835179784918523,-4.125179784918515
2025-06-03 14:00:00-07:00,origin_05,2025-05-25 00:00:00-07:00,2025,5,231,10,Days8to16,Summer,6,14,160.934191,86.2,93.2,0.0,18.671976759020065,0.0,0.0,178.85838149675746,178.7289276123047,177.68605095800186,180.7376020246456,176.70940021454217,175.1291802636341,175.1291802636341,175.1291802636341,175.02887953663296,172.90887953663295,172.90887953663295,172.90887953663295,0,0.0,none,172.90887953663295,172.90887953663295,-17.92419049675746,-17.79473661230469,-16.75185995800186,-19.803411024645612,-11.974688536632954,-11.974688536632954,-11.974688536632954,-11.974688536632954,11.974688536632954,-2.1489812822152885,-1.5802199509080594,0.0,0.0,-0.10030072700115511,-2.1200000000000045,0.0,-5.949501960124508,Final_Backtest_Forecast_MWH,days8plus_final_low_confidence+long_horizon_peak_month_correction,raw_bias,none,none,recent_mean+last24_mean+same_hour+hourgroup+global+temp_hourgroup+cloud_hourgroup+solar_hourgroup+solar_loss_hourgroup+temp_cloud_hourgroup,3.0,0,,,0,,,,Midday,1,0,0,0,4.0,1.1131580963966698,0.28,3.0,0.0,192.72713714891734,190.87409696862537,-17.92419049675746,17.92419049675746,11.137590082866518,Spring,-2.1489812822153023,0.0,-2.1489812822153023,0.0,Clear/Low,4.0,None,-1.5802199509080568,weighted_fallback,global+hour+temp_cloud_hourgroup,175.02887953663296,0.0,175.1291802636341,none,170+,other,0.7,0.0,0.0,0.0,-0.1003007270011577,175.1291802636341,-2.12,0.0,-12.015715471867907,-13.868755652159876,7.4407361557078655,4.0,High,,,,,,,,,,,,,,,,,0.0,none,0.0,0.0,0.0,,,0.0,,,0.0,0.0,none,,,,,,,,,0.0,,,,,0.0,45,2025-04-09 23:00:00-07:00,2025-05-24 23:00:00-07:00,2025-06-03,0.0,17.92419049675746,17.92419049675746,0,1,172.391233,155.65535,190.78250685714283,,,,,,,,,,,,,,,,,-15.775209214542173,-14.194989263634113,-14.194989263634113,-14.194989263634113,-14.094688536632958,-11.974688536632954
2025-06-03 15:00:00-07:00,origin_05,2025-05-25 00:00:00-07:00,2025,5,232,10,Days8to16,Summer,6,15,180.616116,89.4,93.2,0.0,14.400399037824652,0.0,0.0,198.6844854083348,198.75599670410156,200.10964828058476,196.4245119531515,196.27472658775898,194.6806274491369,194.6806274491369,194.6806274491369,194.57409877576828,192.45409877576827,192.45409877576827,192.45409877576827,0,0.0,none,192.45409877576827,192.45409877576827,-18.068369408334803,-18.139880704101557,-19.49353228058476,-15.80839595315149,-11.837982775768268,-11.837982775768268,-11.837982775768268,-11.837982775768268,11.837982775768268,-2.4097588205758314,-1.5940991386220844,0.0,0.0,-0.10652867336861505,-2.1200000000000045,0.0,-6.230386632566535,Final_Backtest_Forecast_MWH,days8plus_final_low_confidence+long_horizon_peak_month_correction,raw_bias,none,none,recent_mean+last24_mean+same_hour+hourgroup+global+temp_hourgroup+cloud_hourgroup+solar_hourgroup+solar_loss_hourgroup+temp_cloud_hourgroup,3.0,0,,,0,,,,Midday,1,0,0,0,4.0,1.2877523082193414,0.24,2.4,0.0,210.8204549652055,207.98757059314133,-18.068369408334803,18.068369408334803,10.003741531201348,Spring,-2.4097588205758296,0.0,-2.4097588205758296,0.0,Clear/Low,3.0,None,-1.594099138622086,weighted_fallback,global+hour+temp_cloud_hourgroup,194.57409877576828,0.0,194.6806274491369,none,170+,other,0.7,0.0,0.0,0.0,-0.1065286733686169,194.6806274491369,-2.12,0.0,-9.30308518480652,-12.135969556870691,6.554222866672799,4.0,Medium-High,,,,,,,,,,,,,,,,,0.0,none,0.0,0.0,0.0,,,0.0,,,0.0,0.0,none,,,,,,,,,0.0,,,,,0.0,45,2025-04-09 23:00:00-07:00,2025-05-24 23:00:00-07:00,2025-06-03,0.0,18.068369408334803,18.068369408334803,0,1,192.298866,170.709708,207.11873057142859,,,,,,,,,,,,,,,,,-15.658610587758972,-14.064511449136887,-14.064511449136887,-14.064511449136887,-13.957982775768272,-11.837982775768268
2025-06-03 16:00:00-07:00,origin_05,2025-05-25 00:00:00-07:00,2025,5,233,10,Days8to16,Summer,6,16,201.546958,91.9,93.2,0.0,8.976041384169083,0.0,0.0,215.96850584968945,218.5931396484375,217.24691602434743,213.20968020415597,215.96850584968945,214.86384873137004,214.86384873137004,215.26495873575715,215.0741138566949,211.3641138566949,211.3641138566949,211.3641138566949,0,0.0,none,211.3641138566949,211.3641138566949,-14.42154784968946,-17.04618164843751,-15.699958024347438,-11.662722204155983,-9.81715585669491,-9.81715585669491,-9.81715585669491,-9.81715585669491,9.81715585669491,0.0,-1.104657118319409,0.0,0.40111000438710676,-0.19084487906224012,-3.710000000000008,0.0,-4.60439199299455,Final_Backtest_Forecast_MWH,days8plus_final_low_confidence+long_horizon_peak_month_correction+long_horizon_hot_month_correction,raw_bias,none,tree_peak_gap,recent_mean+last24_mean+same_hour+hourgroup+global+temp_hourgroup+cloud_hourgroup+solar_hourgroup+solar_loss_hourgroup+temp_cloud_hourgroup,3.0,0,,,0,,,,Peak,1,0,0,1,4.0,1.35,0.21,2.8,0.0,225.47453845552116,223.71666122106214,-14.42154784968946,14.42154784968946,7.155428190431662,Spring,-0.0,0.0,0.0,0.0,Clear/Low,2.0,None,-1.1046571183193965,weighted_fallback,global+hour+temp_cloud_hourgroup,215.0741138566949,0.0,214.86384873137004,none,170+,other,0.7,0.0,0.0,0.40111000438710254,-0.1908448790622279,215.26495873575715,0.0,-3.71,-7.74815537137269,-9.506032605831706,4.870902520242906,4.0,Medium-Low,,,,,,,,,,,,,,,,,0.0,none,0.0,0.0,0.0,,,0.0,,,0.0,0.0,none,,,,,,,,,0.0,,,,,0.0,45,2025-04-09 23:00:00-07:00,2025-05-24 23:00:00-07:00,2025-06-03,0.0,14.42154784968946,14.42154784968946,0,1,212.703725,187.77395,223.13043428571427,,,,,,,,,,,,,,,,,-14.42154784968946,-13.316890731370052,-13.316890731370052,-13.718000735757158,-13.527155856694918,-9.81715585669491
2025-06-03 17:00:00-07:00,origin_05,2025-05-25 00:00:00-07:00,2025,5,234,10,Days8to16,Summer,6,17,217.835566,93.2,93.2,0.0,3.7707741634773226,0.0,0.0,228.2360149468057,228.07643127441406,226.65120510123404,230.77202575338737,228.2360149468057,227.1378794647847,227.1378794647847,227.48665992351616,227.31361568322586,223.60361568322585,223.60361568322585,223.60361568322585,0,0.0,none,223.60361568322585,223.60361568322585,-10.40044894680571,-10.240865274414062,-8.81563910123404,-12.936459753387368,-5.768049683225854,-5.768049683225854,-5.768049683225854,-5.768049683225854,5.768049683225854,0.0,-1.0981354820210072,0.0,0.34878045873145425,-0.1730442402902952,-3.710000000000008,0.0,-4.632399263579856,Final_Backtest_Forecast_MWH,days8plus_final_low_confidence+long_horizon_peak_month_correction+long_horizon_hot_month_correction,raw_bias,none,tree_peak_gap,recent_mean+last24_mean+same_hour+hourgroup+global+temp_hourgroup+cloud_hourgroup+solar_hourgroup+solar_loss_hourgroup+temp_cloud_hourgroup,3.0,0,,,0,,,,Peak,1,0,0,1,4.0,1.35,0.2,3.5,0.0,236.0153492780226,234.49032938444384,-10.40044894680571,10.40044894680571,4.774449433480348,Spring,-0.0,0.0,0.0,0.0,Clear/Low,1.0,None,-1.0981354820210099,weighted_fallback,global+hour+temp_cloud_hourgroup,227.31361568322586,0.0,227.1378794647847,none,170+,other,0.7,0.0,0.0,0.3487804587314656,-0.17304424029028537,227.48665992351616,0.0,-3.71,-6.254314437638129,-7.779334331216887,2.6478916134502364,4.0,Medium-Low,,,,,,,,,,,,,,,,,0.0,none,0.0,0.0,0.0,,,0.0,,,0.0,0.0,none,,,,,,,,,0.0,,,,,0.0,45,2025-04-09 23:00:00-07:00,2025-05-24 23:00:00-07:00,2025-06-03,0.0,10.40044894680571,10.40044894680571,0,1,227.345075,201.64905,235.30714014285715,,,,,,,,,,,,,,,,,-10.40044894680571,-9.302313464784703,-9.302313464784703,-9.651093923516157,-9.478049683225862,-5.768049683225854
2025-06-03 18:00:00-07:00,origin_05,2025-05-25 00:00:00-07:00,2025,5,235,10,Days8to16,Summer,6,18,225.40495,91.8,93.2,0.0,1.284297327340109e-15,0.0,0.0,231.56111566622002,229.80029296875,230.96239289285754,233.00505793792394,231.56111566622002,230.480358428417,230.480358428417,230.480358428417,230.3467510517217,226.6367510517217,226.6367510517217,226.6367510517217,0,0.0,none,226.6367510517217,226.6367510517217,-6.156165666220005,-4.395342968749986,-5.557442892857523,-7.600107937923923,-1.2318010517216749,-1.2318010517216749,-1.2318010517216749,-1.2318010517216749,1.2318010517216749,0.0,-1.0807572378030272,0.0,0.0,-0.133607376695295,-3.710000000000008,0.0,-4.92436461449833,Final_Backtest_Forecast_MWH,days8plus_final_low_confidence+long_horizon_peak_month_correction+long_horizon_hot_month_correction,raw_bias,none,none,recent_mean+last24_mean+same_hour+hourgroup+global+temp_hourgroup+cloud_hourgroup+solar_hourgroup+solar_loss_hourgroup+temp_cloud_hourgroup,3.0,0,,,0,,,,Peak,1,0,0,1,4.0,1.35,0.21,3.4,0.0,238.2150645716504,238.3294156215841,-6.156165666220005,6.156165666220005,2.731158151682119,Spring,-0.0,0.0,0.0,0.0,Clear/Low,0.0,None,-1.0807572378030161,weighted_fallback,global+hour+temp_cloud_hourgroup,230.3467510517217,0.0,230.480358428417,none,170+,other,0.7,0.0,0.0,0.0,-0.13360737669530684,230.480358428417,0.0,-3.71,-6.7682999553640855,-6.653948905430383,0.5464835850861638,4.0,Low,,,,,,,,,,,,,,,,,0.0,none,0.0,0.0,0.0,,,0.0,,,0.0,0.0,none,,,,,,,,,0.0,,,,,0.0,45,2025-04-09 23:00:00-07:00,2025-05-24 23:00:00-07:00,2025-06-03,0.0,6.156165666220005,6.156165666220005,0,1,230.588625,208.369383,237.64395199999996,,,,,,,,,,,,,,,,,-6.156165666220005,-5.075408428416978,-5.075408428416978,-5.075408428416978,-4.941801051721683,-1.2318010517216749
2025-06-03 19:00:00-07:00,origin_05,2025-05-25 00:00:00-07:00,2025,5,236,10,Days8to16,Summer,6,19,223.774583,91.4,93.2,0.0,0.0,0.0,0.0,223.91170574916032,225.52163696289062,223.8599329851463,223.5330826029737,223.91170574916032,223.10300030918683,223.10300030918683,223.10300030918683,223.02130579669532,219.3113057966953,219.3113057966953,219.3113057966953,0,0.0,none,219.3113057966953,219.3113057966953,-0.1371227491603122,-1.747053962890618,-0.08534998514628,0.2415003970263001,4.463277203304699,4.463277203304699,4.463277203304699,4.463277203304699,4.463277203304699,0.0,-0.8087054399734939,0.0,0.0,-0.08169451249150939,-3.710000000000008,0.0,-4.600399952465011,Final_Backtest_Forecast_MWH,days8plus_final_low_confidence+long_horizon_hot_month_correction,raw_bias,none,none,recent_mean+last24_mean+same_hour+hourgroup+global+temp_hourgroup+cloud_hourgroup+solar_hourgroup+solar_loss_hourgroup+temp_cloud_hourgroup,3.0,0,,,0,,,,Peak,1,0,0,1,4.0,0.0,0.21,2.4,0.0,227.241912455572,229.15678832871745,-0.1371227491603122,0.1371227491603122,0.06127717782868674,Spring,-0.0,0.0,0.0,0.0,Clear/Low,0.0,None,-0.8087054399735081,weighted_fallback,global+hour+temp_cloud_hourgroup,223.02130579669532,0.0,223.10300030918683,none,170+,other,1.0,0.0,0.0,0.0,-0.0816945124915031,223.10300030918683,0.0,-3.71,-5.245082579557135,-3.3302067064116727,1.9945416246422851,4.0,None,,,,,,,,,,,,,,,,,0.0,none,0.0,0.0,0.0,,,0.0,,,0.0,0.0,none,,,,,,,,,0.0,,,,,0.0,45,2025-04-09 23:00:00-07:00,2025-05-24 23:00:00-07:00,2025-06-03,0.0,0.1371227491603122,0.1371227491603122,0,1,218.86175,206.265291,229.8604937142857,,,,,,,,,,,,,,,,,-0.1371227491603122,0.6715826908131817,0.6715826908131817,0.6715826908131817,0.7532772033046911,4.463277203304699
2025-06-03 20:00:00-07:00,origin_05,2025-05-25 00:00:00-07:00,2025,5,237,10,Days8to16,Summer,6,20,213.767466,88.3,93.2,0.0,0.0,0.0,0.0,215.2613357536548,212.00572204589844,215.81067805548983,215.32825891013016,215.2613357536548,214.79203530900375,214.79203530900375,214.79203530900375,214.70114351192615,210.99114351192614,210.99114351192614,210.99114351192614,0,0.0,none,210.99114351192614,210.99114351192614,-1.493869753654792,1.7617439541015756,-2.0432120554898177,-1.5607929101301465,2.7763224880738733,2.7763224880738733,2.7763224880738733,2.7763224880738733,2.7763224880738733,0.0,-0.46930044465105425,0.0,0.0,-0.09089179707760309,-3.710000000000008,0.0,-4.270192241728665,Final_Backtest_Forecast_MWH,days8plus_final_low_confidence+long_horizon_hot_month_correction,raw_bias,none,none,recent_mean+last24_mean+same_hour+hourgroup+global+temp_hourgroup+cloud_hourgroup+solar_hourgroup+solar_loss_hourgroup+temp_cloud_hourgroup,3.0,0,,,0,,,,Peak,1,0,0,1,4.0,0.0,0.27,0.5,0.0,209.18977202664718,217.15802478825088,-1.493869753654792,1.493869753654792,0.6988293315198824,Spring,-0.0,0.0,0.0,0.0,Clear/Low,0.0,None,-0.46930044465105636,weighted_fallback,global+hour+temp_cloud_hourgroup,214.70114351192615,0.0,214.79203530900375,none,170+,other,1.0,0.0,0.0,0.0,-0.09089179707760957,214.79203530900375,0.0,-3.71,-1.8966890345960792,6.071563727007629,1.298758197411515,4.0,None,,,,,,,,,,,,,,,,,0.0,none,0.0,0.0,0.0,,,0.0,,,0.0,0.0,none,,,,,,,,,0.0,,,,,0.0,45,2025-04-09 23:00:00-07:00,2025-05-24 23:00:00-07:00,2025-06-03,0.0,1.493869753654792,1.493869753654792,0,1,200.7944,199.32325,215.76549142857144,,,,,,,,,,,,,,,,,-1.493869753654792,-1.0245693090037378,-1.0245693090037378,-1.0245693090037378,-0.9336775119261347,2.7763224880738733
2025-06-04 14:00:00-07:00,origin_05,2025-05-25 00:00:00-07:00,2025,5,255,11,Days8to16,Summer,6,14,197.138925,92.3,98.2,0.0,18.80869625411749,0.0,0.0,208.76926407328176,209.60470581054688,209.9232284406056,206.71719385683997,205.72566067006983,203.9530304639767,203.9530304639767,203.9530304639767,203.8458597035699,201.72585970356988,201.72585970356988,201.72585970356988,0,0.0,none,201.72585970356988,201.72585970356988,-11.63033907328176,-12.465780810546875,-12.784303440605612,-9.57826885683997,-4.586934703569881,-4.586934703569881,-4.586934703569881,-4.586934703569881,4.586934703569881,-3.0436034032119323,-1.7726302060931403,0.0,0.0,-0.1071707604068024,-2.1200000000000045,0.0,-7.0434043697118796,Final_Backtest_Forecast_MWH,days8plus_final_low_confidence+long_horizon_peak_month_correction,raw_bias,none,none,recent_mean+last24_mean+same_hour+hourgroup+global+cloud_hourgroup+solar_hourgroup+solar_loss_hourgroup,3.0,0,,,0,,,,Midday,2,0,0,0,5.0,1.1203004319122092,0.21,3.4,0.0,178.85838149675746,195.25137296698426,-11.63033907328176,11.63033907328176,5.899565026684487,Spring,-3.043603403211919,0.0,-3.043603403211919,0.0,Clear/Low,4.0,None,-1.772630206093148,weighted_fallback,global+hour+temp_cloud_hourgroup,203.8458597035699,0.0,203.9530304639767,none,170+,other,0.7,0.0,0.0,0.0,-0.10717076040680756,203.9530304639767,-2.12,0.0,13.517891106297498,29.9108825765243,2.326752417651603,5.0,High,,,,,,,,,,,,,,,,,0.0,none,0.0,0.0,0.0,,,0.0,,,0.0,0.0,none,,,,,,,,,0.0,,,,,0.0,45,2025-04-09 23:00:00-07:00,2025-05-24 23:00:00-07:00,2025-06-04,0.0,11.63033907328176,11.63033907328176,0,1,160.934191,161.594758,191.53662699999998,,,,,,,,,,,,,,,,,-8.586735670069828,-6.814105463976688,-6.814105463976688,-6.814105463976688,-6.706934703569885,-4.586934703569881
2025-06-04 15:00:00-07:00,origin_05,2025-05-25 00:00:00-07:00,2025,5,256,11,Days8to16,Summer,6,15,216.998691,95.4,98.2,0.0,14.496082752361692,0.0,0.0,230.07622221852108,230.39312744140625,230.7867537678451,228.86912829161616,227.00307736080603,225.21568813417898,225.21568813417898,225.21568813417898,225.10144605966744,222.98144605966743,222.98144605966743,222.98144605966743,0,0.0,none,222.98144605966743,222.98144605966743,-13.077531218521074,-13.394436441406242,-13.788062767845105,-11.870437291616156,-5.982755059667426,-5.982755059667426,-5.982755059667426,-5.982755059667426,5.982755059667426,-3.07314485771505,-1.787389226627056,0.0,0.0,-0.11424207451153734,-2.1200000000000045,0.0,-7.094776158853648,Final_Backtest_Forecast_MWH,days8plus_final_low_confidence+long_horizon_peak_month_correction,raw_bias,none,none,recent_mean+last24_mean+same_hour+hourgroup+global+cloud_hourgroup+solar_hourgroup+solar_loss_hourgroup,3.0,0,,,0,,,,Midday,2,0,0,0,5.0,1.2951430191460591,0.18,3.7,0.0,198.6844854083348,213.15358677830747,-13.077531218521074,13.077531218521074,6.026548435963179,Spring,-3.073144857715044,0.0,-3.073144857715044,0.0,Clear/Low,3.0,None,-1.7873892266270466,weighted_fallback,global+hour+temp_cloud_hourgroup,225.10144605966744,0.0,225.21568813417898,none,170+,other,0.7,0.0,0.0,0.0,-0.11424207451152686,225.21568813417898,-2.12,0.0,16.92263544021361,31.391736810186273,2.7570466126302233,5.0,Medium-High,,,,,,,,,,,,,,,,,0.0,none,0.0,0.0,0.0,,,0.0,,,0.0,0.0,none,,,,,,,,,0.0,,,,,0.0,45,2025-04-09 23:00:00-07:00,2025-05-24 23:00:00-07:00,2025-06-04,0.0,13.077531218521074,13.077531218521074,0,1,180.616116,178.536733,208.5339317142857,,,,,,,,,,,,,,,,,-10.004386360806024,-8.216997134178968,-8.216997134178968,-8.216997134178968,-8.10275505966743,-5.982755059667426
2025-06-04 16:00:00-07:00,origin_05,2025-05-25 00:00:00-07:00,2025,5,257,11,Days8to16,Summer,6,16,236.047391,97.0,98.2,0.0,9.066252855366763,0.0,0.0,247.7324917007287,248.07449340820312,249.1901076693077,245.34423754796904,247.7324917007287,246.44896050753195,246.44896050753195,246.44896050753195,246.2370766635624,238.52707666356238,242.52707666356238,238.52707666356238,1,-4.0,june_long_95_100_low_forecast_hot_extra_up+june_long_98_100_clear_high_state_overstack_backoff,238.52707666356238,238.52707666356238,-11.685100700728697,-12.02710240820312,-13.142716669307703,-9.29684654796904,-2.4796856635623783,-6.479685663562378,-2.4796856635623783,-2.4796856635623783,2.4796856635623783,0.0,-1.283531193196751,0.0,0.0,-0.2118838439695594,-7.710000000000008,-4.0,-9.205415037166318,Final_Backtest_Forecast_MWH,days8plus_final_low_confidence+long_horizon_peak_month_correction+long_horizon_hot_month_correction,raw_bias,none,none,recent_mean+last24_mean+same_hour+hourgroup+global+cloud_hourgroup+solar_hourgroup+solar_loss_hourgroup,3.0,0,,,0,,,,Peak,2,0,0,1,5.0,1.35,0.14,4.2,0.0,215.96850584968945,229.11758451865884,-11.685100700728697,11.685100700728697,4.95031978588092,Spring,-0.0,0.0,0.0,0.0,Clear/Low,2.0,None,-1.2835311931967563,weighted_fallback,global+hour+temp_cloud_hourgroup,246.2370766635624,0.0,246.44896050753195,none,170+,other,0.7,0.0,0.0,0.0,-0.21188384396957066,246.44896050753195,0.0,-3.71,18.614907182069857,31.76398585103925,1.0505033133631958,5.0,Medium-Low,,,,,,,,,,,,,,,,,0.0,none,0.0,0.0,0.0,,,0.0,,,0.0,0.0,none,,,,,,,,,0.0,,,,,0.0,45,2025-04-09 23:00:00-07:00,2025-05-24 23:00:00-07:00,2025-06-04,0.0,11.685100700728697,11.685100700728697,0,1,201.546958,191.998741,225.09800685714285,,,,,,,,,,,,,,,,,-11.685100700728697,-10.401569507531946,-10.401569507531946,-10.401569507531946,-10.189685663562386,-2.4796856635623783
2025-06-04 17:00:00-07:00,origin_05,2025-05-25 00:00:00-07:00,2025,5,258,11,Days8to16,Summer,6,17,247.70025,98.2,98.2,0.0,3.834982392267184,0.0,0.0,260.2071612443572,260.051025390625,261.1672949992339,258.7429898734745,260.2071612443572,258.930647375359,258.930647375359,258.930647375359,258.7389746733284,249.0289746733284,255.0289746733284,249.0289746733284,1,-6.0,june_long_98_100_clear_high_state_overstack_backoff,249.0289746733284,249.0289746733284,-12.506911244357212,-12.350775390624989,-13.467044999233877,-11.042739873474517,-1.328724673328395,-7.328724673328395,-1.328724673328395,-1.328724673328395,1.328724673328395,0.0,-1.2765138689982223,0.0,0.0,-0.19167270203058706,-9.710000000000008,-6.0,-11.178186571028817,Final_Backtest_Forecast_MWH,days8plus_final_low_confidence+long_horizon_peak_month_correction+long_horizon_hot_month_correction,raw_bias,none,none,recent_mean+last24_mean+same_hour+hourgroup+global+cloud_hourgroup+solar_hourgroup+solar_loss_hourgroup,3.0,0,,,0,,,,Peak,2,0,0,1,5.0,1.35,0.12,6.2,0.0,228.2360149468057,239.7502404112067,-12.506911244357212,12.506911244357212,5.04921220077784,Spring,-0.0,0.0,0.0,0.0,Clear/Low,1.0,None,-1.2765138689982192,weighted_fallback,global+hour+temp_cloud_hourgroup,258.7389746733284,0.0,258.930647375359,none,170+,other,0.7,0.0,0.0,0.0,-0.19167270203059417,258.930647375359,0.0,-3.71,20.45692083315052,31.971146297551513,0.5364244377340738,5.0,Medium-Low,,,,,,,,,,,,,,,,,0.0,none,0.0,0.0,0.0,,,0.0,,,0.0,0.0,none,,,,,,,,,0.0,,,,,0.0,45,2025-04-09 23:00:00-07:00,2025-05-24 23:00:00-07:00,2025-06-04,0.0,12.506911244357212,12.506911244357212,0,1,217.835566,201.982691,237.61949957142858,,,,,,,,,,,,,,,,,-12.506911244357212,-11.23039737535899,-11.23039737535899,-11.23039737535899,-11.038724673328403,-1.328724673328395
2025-06-04 18:00:00-07:00,origin_05,2025-05-25 00:00:00-07:00,2025,5,259,11,Days8to16,Summer,6,18,250.35325,95.5,98.2,0.0,1.3146785544384773e-15,0.0,0.0,262.6991758383365,264.45941162109375,264.53352528603364,259.3137021968817,262.6991758383365,261.4413610761421,261.4413610761421,261.49205139158244,261.3451559617586,251.63515596175864,257.63515596175864,251.63515596175864,1,-6.0,june_long_98_100_clear_high_state_overstack_backoff,251.63515596175864,251.63515596175864,-12.345925838336484,-14.106161621093747,-14.180275286033634,-8.960452196881704,-1.281905961758639,-7.281905961758639,-1.281905961758639,-1.281905961758639,1.281905961758639,0.0,-1.257814762194414,0.0,0.050690315440363065,-0.14689542982381454,-9.70999999999998,-6.0,-11.064019876577845,Final_Backtest_Forecast_MWH,days8plus_final_low_confidence+long_horizon_peak_month_correction+long_horizon_hot_month_correction,raw_bias,none,tree_peak_gap,recent_mean+last24_mean+same_hour+hourgroup+global+cloud_hourgroup+solar_hourgroup+solar_loss_hourgroup,3.0,0,,,0,,,,Peak,2,0,0,1,5.0,1.35,0.12,2.0,0.0,231.56111566622002,242.83967386977835,-12.345925838336484,12.345925838336484,4.931402263935652,Spring,-0.0,0.0,0.0,0.0,Clear/Low,0.0,None,-1.2578147621944271,weighted_fallback,global+hour+temp_cloud_hourgroup,261.3451559617586,0.0,261.4413610761421,none,170+,other,0.7,0.0,0.0,0.05069031544036023,-0.14689542982379564,261.49205139158244,0.0,-3.71,19.859501968558135,31.138060172116468,0.5120388737748118,5.0,Low,,,,,,,,,,,,,,,,,0.0,none,0.0,0.0,0.0,,,0.0,,,0.0,0.0,none,,,,,,,,,0.0,,,,,0.0,45,2025-04-09 23:00:00-07:00,2025-05-24 23:00:00-07:00,2025-06-04,0.0,12.345925838336484,12.345925838336484,0,1,225.40495,204.00335,240.07760442857142,,,,,,,,,,,,,,,,,-12.345925838336484,-11.08811107614207,-11.08811107614207,-11.138801391582433,-10.991905961758619,-1.281905961758639
2025-06-04 19:00:00-07:00,origin_05,2025-05-25 00:00:00-07:00,2025,5,260,11,Days8to16,Summer,6,19,240.285725,88.1,98.2,0.0,0.0,0.0,0.0,248.4644684050686,248.41070556640625,248.9820745005932,247.66644820886205,248.4644684050686,247.4993831936829,247.4993831936829,247.4993831936829,247.41143049509049,251.70143049509048,243.70143049509048,251.70143049509048,1,8.0,june_long_95_100_evening_recovery_up+june_long_95_100_low_forecast_hot_extra_up+june_long_98_100_clear_high_state_overstack_backoff,251.70143049509048,251.70143049509048,-8.178743405068587,-8.124980566406236,-8.696349500593186,-7.380723208862037,-11.415705495090464,-3.4157054950904637,-11.415705495090464,-11.415705495090464,11.415705495090464,0.0,-0.9650852113857127,0.0,0.0,-0.08795269859240307,4.289999999999992,8.0,3.2369620900218763,Final_Backtest_Forecast_MWH,days8plus_final_low_confidence+long_horizon_hot_month_correction,raw_bias,none,none,recent_mean+last24_mean+same_hour+hourgroup+global+cloud_hourgroup+solar_hourgroup+solar_loss_hourgroup,3.0,0,,,0,,,,Peak,2,0,0,1,5.0,0.0,0.3,10.2,0.0,223.91170574916032,233.16982497366135,-8.178743405068587,8.178743405068587,3.403757507887157,Spring,-0.0,0.0,0.0,0.0,Clear/Low,0.0,None,-0.9650852113857038,weighted_fallback,global+hour+temp_cloud_hourgroup,247.41143049509049,0.0,247.4993831936829,none,170+,other,1.0,0.0,0.0,0.0,-0.08795269859239349,247.4993831936829,0.0,-3.71,15.294643431407252,24.552762655908282,4.750887925235868,5.0,None,,,,,,,,,,,,,,,,,0.0,none,0.0,0.0,0.0,,,0.0,,,0.0,0.0,none,,,,,,,,,0.0,,,,,0.0,45,2025-04-09 23:00:00-07:00,2025-05-24 23:00:00-07:00,2025-06-04,0.0,8.178743405068587,8.178743405068587,0,1,223.774583,194.529375,232.36182114285717,,,,,,,,,,,,,,,,,-8.178743405068587,-7.213658193682875,-7.213658193682875,-7.213658193682875,-7.125705495090472,-11.415705495090464
2025-06-04 20:00:00-07:00,origin_05,2025-05-25 00:00:00-07:00,2025,5,261,11,Days8to16,Summer,6,20,223.981825,84.7,98.2,0.0,0.0,0.0,0.0,232.29110156842074,232.86143493652344,233.5577798798949,230.13765468807497,232.29110156842074,231.6912183980274,231.6912183980274,231.6912183980274,231.59282294922787,223.88282294922786,227.88282294922786,223.88282294922786,1,-4.0,june_long_95_100_low_forecast_hot_extra_up+june_long_98_100_clear_high_state_overstack_backoff,223.88282294922786,223.88282294922786,-8.309276568420756,-8.879609936523451,-9.575954879894908,-6.155829688074988,0.09900205077212831,-3.9009979492278717,0.09900205077212831,0.09900205077212831,0.09900205077212831,0.0,-0.5998831703933547,0.0,0.0,-0.098395448799522,-7.710000000000008,-4.0,-8.408278619192885,Final_Backtest_Forecast_MWH,days8plus_final_low_confidence+long_horizon_hot_month_correction,raw_bias,none,none,recent_mean+last24_mean+same_hour+hourgroup+global+cloud_hourgroup+solar_hourgroup+solar_loss_hourgroup,3.0,0,,,0,,,,Peak,2,0,0,1,5.0,0.0,0.31,8.5,0.0,215.2613357536548,220.758826083529,-8.309276568420756,8.309276568420756,3.7097994752122214,Spring,-0.0,0.0,0.0,0.0,Clear/Low,0.0,None,-0.5998831703933406,weighted_fallback,global+hour+temp_cloud_hourgroup,231.59282294922787,0.0,231.6912183980274,none,170+,other,1.0,0.0,0.0,0.0,-0.0983954487995352,231.6912183980274,0.0,-3.71,11.532275484891755,17.029765814765938,0.044200930487162664,5.0,None,,,,,,,,,,,,,,,,,0.0,none,0.0,0.0,0.0,,,0.0,,,0.0,0.0,none,,,,,,,,,0.0,,,,,0.0,45,2025-04-09 23:00:00-07:00,2025-05-24 23:00:00-07:00,2025-06-04,0.0,8.309276568420756,8.309276568420756,0,1,213.767466,182.528825,217.82895085714284,,,,,,,,,,,,,,,,,-8.309276568420756,-7.709393398027402,-7.709393398027402,-7.709393398027402,-7.61099794922788,0.09900205077212831
2025-06-06 14:00:00-07:00,origin_05,2025-05-25 00:00:00-07:00,2025,5,303,13,Days8to16,Summer,6,14,180.4555,90.3,95.1,0.02,18.45713183815268,0.0,0.0,187.512138401182,187.5941162109375,187.39695470029898,187.66971912835376,185.2961043499031,183.52347414380995,183.52347414380995,183.52347414380995,183.41630338340315,181.29630338340314,181.29630338340314,181.29630338340314,0,0.0,none,181.29630338340314,181.29630338340314,-7.056638401181999,-7.138616210937499,-6.941454700298976,-7.214219128353761,-0.8408033834031414,-0.8408033834031414,-0.8408033834031414,-0.8408033834031414,0.8408033834031414,-2.2160340512789105,-1.7726302060931403,0.0,0.0,-0.1071707604068024,-2.1200000000000045,0.0,-6.215835017778858,Final_Backtest_Forecast_MWH,days8plus_final_low_confidence+long_horizon_peak_month_correction,raw_bias,none,none,recent_mean+last24_mean+same_hour+hourgroup+global+cloud_hourgroup+solar_hourgroup+solar_loss_hourgroup,3.0,0,,,0,,,,Midday,4,0,0,0,5.0,1.0975509306830216,0.26,2.7,0.0,178.9788763998088,205.7164196303766,-7.056638401181999,7.056638401181999,3.9104590334913594,Spring,-2.2160340512789154,0.0,-2.2160340512789154,0.0,Clear/Low,4.0,None,-1.772630206093148,weighted_fallback,global+hour+temp_cloud_hourgroup,183.41630338340315,0.0,183.52347414380995,none,170+,other,0.7,0.0,0.0,0.0,-0.10717076040680756,183.52347414380995,-2.12,0.0,-18.204281229194606,8.533262001373203,0.4659339191119924,5.0,High,,,,,,,,,,,,,,,,,0.0,none,0.0,0.0,0.0,,,0.0,,,0.0,0.0,none,,,,,,,,,0.0,,,,,0.0,45,2025-04-09 23:00:00-07:00,2025-05-24 23:00:00-07:00,2025-06-06,0.0,7.056638401181999,7.056638401181999,0,1,164.56965,231.477816,196.99319614285716,,,,,,,,,,,,,,,,,-4.840604349903089,-3.0679741438099484,-3.0679741438099484,-3.0679741438099484,-2.960803383403146,-0.8408033834031414
2025-06-06 15:00:00-07:00,origin_05,2025-05-25 00:00:00-07:00,2025,5,304,13,Days8to16,Summer,6,15,202.782825,93.1,95.1,0.2,14.161189751482048,0.0,0.0,209.31710234209308,210.11680603027344,209.7054213525596,208.47839998616558,206.51910575853805,204.731716531911,204.731716531911,204.731716531911,204.61747445739945,202.49747445739945,202.49747445739945,202.49747445739945,0,0.0,none,202.49747445739945,202.49747445739945,-6.534277342093077,-7.333981030273435,-6.922596352559594,-5.695574986165582,0.28535054260055404,0.28535054260055404,0.28535054260055404,0.28535054260055404,0.28535054260055404,-2.797996583555033,-1.787389226627056,0.0,0.0,-0.11424207451153734,-2.1200000000000045,0.0,-6.819627884693631,Final_Backtest_Forecast_MWH,days8plus_final_low_confidence+long_horizon_peak_month_correction,raw_bias,none,none,recent_mean+last24_mean+same_hour+hourgroup+global+cloud_hourgroup+solar_hourgroup+solar_loss_hourgroup,3.0,0,,,0,,,,Midday,4,0,0,0,5.0,1.2631399445706302,0.23,3.8,0.0,195.39843407073533,224.44575991128048,-6.534277342093077,6.534277342093077,3.2223031423361803,Spring,-2.797996583555044,0.0,-2.797996583555044,0.0,Clear/Low,3.0,None,-1.7873892266270466,weighted_fallback,global+hour+temp_cloud_hourgroup,204.61747445739945,0.0,204.731716531911,none,170+,other,0.7,0.0,0.0,0.0,-0.11424207451152686,204.731716531911,-2.12,0.0,-15.128657569187396,13.918668271357745,0.14071731301729032,5.0,Medium-High,,,,,,,,,,,,,,,,,0.0,none,0.0,0.0,0.0,,,0.0,,,0.0,0.0,none,,,,,,,,,0.0,,,,,0.0,45,2025-04-09 23:00:00-07:00,2025-05-24 23:00:00-07:00,2025-06-06,0.0,6.534277342093077,6.534277342093077,0,1,182.742916,252.557783,215.095134,,,,,,,,,,,,,,,,,-3.7362807585380438,-1.9488915319109879,-1.9488915319109879,-1.9488915319109879,-1.8346494573994505,0.28535054260055404
2025-06-06 16:00:00-07:00,origin_05,2025-05-25 00:00:00-07:00,2025,5,305,13,Days8to16,Summer,6,16,223.283575,95.0,95.1,0.34,8.784342007874013,0.0,0.0,227.7272014281494,230.11038208007812,227.80192263767205,226.92887362691994,227.7272014281494,226.541540557906,226.541540557906,226.85440339510066,226.64285120391304,224.93285120391303,222.93285120391303,224.93285120391303,1,2.0,june_long_95_100_low_forecast_hot_extra_up,224.93285120391303,224.93285120391303,-4.4436264281494005,-6.826807080078112,-4.518347637672036,-3.6452986269199243,-1.6492762039130184,0.35072379608698157,-1.6492762039130184,-1.6492762039130184,1.6492762039130184,0.0,-1.1856608702434244,0.0,0.3128628371946718,-0.21155219118762147,-1.710000000000008,2.0,-2.794350224236382,Final_Backtest_Forecast_MWH,days8plus_final_low_confidence+long_horizon_peak_month_correction+long_horizon_hot_month_correction,raw_bias,none,tree_peak_gap,recent_mean+last24_mean+same_hour+hourgroup+global+solar_hourgroup+solar_loss_hourgroup,3.0,0,,,0,,,,Peak,4,0,0,1,5.0,1.35,0.19,4.4,0.0,210.546856241785,240.3847750213822,-4.4436264281494005,4.4436264281494005,1.9901268725876502,Spring,-0.0,0.0,0.0,1.0,Some Clouds,2.0,None,-1.1856608702434144,weighted_fallback,global+hour,226.64285120391304,0.0,226.541540557906,none,170+,other,0.7,0.0,0.0,0.31286283719467467,-0.2115521911876103,226.85440339510066,0.0,-3.71,-12.657573593232797,17.180345186364406,0.7386464516760888,5.0,Medium-Low,,,,,,,,,,,,,,,,,0.0,none,0.0,0.0,0.0,,,0.0,,,0.0,0.0,none,,,,,,,,,0.0,,,,,0.0,45,2025-04-09 23:00:00-07:00,2025-05-24 23:00:00-07:00,2025-06-06,0.0,4.4436264281494005,4.4436264281494005,0,1,200.369225,270.470566,232.282664,,,,,,,,,,,,,,,,,-4.4436264281494005,-3.257965557905976,-3.257965557905976,-3.570828395100648,-3.3592762039130264,-1.6492762039130184
2025-06-06 17:00:00-07:00,origin_05,2025-05-25 00:00:00-07:00,2025,5,306,13,Days8to16,Summer,6,17,235.254941,95.1,95.1,0.35,3.5606381419832305,0.0,0.0,241.54722029035725,236.56906127929688,241.5694897663605,242.9345565455123,241.54722029035725,240.36985404960222,240.36985404960222,240.36985404960222,240.17962350265793,238.46962350265792,236.46962350265792,238.46962350265792,1,2.0,june_long_95_100_low_forecast_hot_extra_up,238.46962350265792,238.46962350265792,-6.292279290357243,-1.3141202792968727,-6.314548766360502,-7.679615545512291,-3.214682502657922,-1.2146825026579222,-3.214682502657922,-3.214682502657922,3.214682502657922,0.0,-1.1773662407550205,0.0,0.0,-0.1902305469442922,-1.710000000000008,2.0,-3.0775967876993207,Final_Backtest_Forecast_MWH,days8plus_final_low_confidence+long_horizon_peak_month_correction+long_horizon_hot_month_correction,raw_bias,none,none,recent_mean+last24_mean+same_hour+hourgroup+global+solar_hourgroup+solar_loss_hourgroup,3.0,0,,,0,,,,Peak,4,0,0,1,5.0,1.35,0.18,5.4,0.0,216.1392944871701,249.96631915768447,-6.292279290357243,6.292279290357243,2.674664031969149,Spring,-0.0,0.0,0.0,1.0,Some Clouds,1.0,None,-1.1773662407550323,weighted_fallback,global+hour,240.17962350265793,0.0,240.36985404960222,none,170+,other,0.7,0.0,0.0,0.0,-0.19023054694429445,240.36985404960222,0.0,-3.71,-8.419098867327222,25.40792580318714,1.3664675815067884,5.0,Medium-Low,,,,,,,,,,,,,,,,,0.0,none,0.0,0.0,0.0,,,0.0,,,0.0,0.0,none,,,,,,,,,0.0,,,,,0.0,45,2025-04-09 23:00:00-07:00,2025-05-24 23:00:00-07:00,2025-06-06,0.0,6.292279290357243,6.292279290357243,0,1,211.377175,282.451416,244.24934857142856,,,,,,,,,,,,,,,,,-6.292279290357243,-5.114913049602222,-5.114913049602222,-5.114913049602222,-4.92468250265793,-3.214682502657922
2025-06-06 18:00:00-07:00,origin_05,2025-05-25 00:00:00-07:00,2025,5,307,13,Days8to16,Summer,6,18,239.246025,93.8,95.1,0.21,1.2594399597141713e-15,0.0,0.0,244.89210844199908,247.21798706054688,246.36826204830172,241.90790174108128,244.89210844199908,243.7368449512828,243.7368449512828,244.00147311137803,243.85848012632223,242.14848012632223,240.14848012632223,242.14848012632223,1,2.0,june_long_95_100_low_forecast_hot_extra_up,242.14848012632223,242.14848012632223,-5.646083441999082,-7.971962060546872,-7.122237048301713,-2.6618767410812723,-2.9024551263222236,-0.9024551263222236,-2.9024551263222236,-2.9024551263222236,2.9024551263222236,0.0,-1.155263490716294,0.0,0.26462816009524204,-0.14299298505579827,-1.710000000000008,2.0,-2.743628315676858,Final_Backtest_Forecast_MWH,days8plus_final_low_confidence+long_horizon_peak_month_correction+long_horizon_hot_month_correction,raw_bias,none,tree_peak_gap,recent_mean+last24_mean+same_hour+hourgroup+global+solar_hourgroup+solar_loss_hourgroup,3.0,0,,,0,,,,Peak,4,0,0,1,5.0,1.35,0.19,4.5,0.0,220.32406538269578,252.29104164818304,-5.646083441999082,5.646083441999082,2.35994869381804,Spring,-0.0,0.0,0.0,1.0,Some Clouds,0.0,None,-1.155263490716282,weighted_fallback,global+hour,243.85848012632223,0.0,243.7368449512828,none,170+,other,0.7,0.0,0.0,0.2646281600952463,-0.1429929850558037,244.00147311137803,0.0,-3.71,-7.398933206183955,24.568043059303307,1.2131675442976424,5.0,Low,,,,,,,,,,,,,,,,,0.0,none,0.0,0.0,0.0,,,0.0,,,0.0,0.0,none,,,,,,,,,0.0,,,,,0.0,45,2025-04-09 23:00:00-07:00,2025-05-24 23:00:00-07:00,2025-06-06,0.0,5.646083441999082,5.646083441999082,0,1,215.127091,282.445791,246.44513299999997,,,,,,,,,,,,,,,,,-5.646083441999082,-4.490819951282788,-4.490819951282788,-4.75544811137803,-4.6124551263222315,-2.9024551263222236
2025-06-06 19:00:00-07:00,origin_05,2025-05-25 00:00:00-07:00,2025,5,308,13,Days8to16,Summer,6,19,234.068958,91.9,95.1,0.09,0.0,0.0,0.0,238.90622760230332,240.32174682617188,240.2323401428057,236.4179024032657,238.90622760230332,237.9411423909176,237.9411423909176,237.9411423909176,237.8531896923252,248.1431896923252,234.1431896923252,248.1431896923252,1,14.0,june_long_95_100_evening_recovery_up+june_long_95_100_low_forecast_hot_extra_up,248.1431896923252,248.1431896923252,-4.837269602303309,-6.252788826171866,-6.163382142805688,-2.3489444032657048,-14.074231692325185,-0.0742316923251849,-14.074231692325185,-14.074231692325185,14.074231692325185,0.0,-0.9650852113857127,0.0,0.0,-0.08795269859240307,10.289999999999992,14.0,9.236962090021876,Final_Backtest_Forecast_MWH,days8plus_final_low_confidence+long_horizon_hot_month_correction,raw_bias,none,none,recent_mean+last24_mean+same_hour+hourgroup+global+cloud_hourgroup+solar_hourgroup+solar_loss_hourgroup,3.0,0,,,0,,,,Peak,4,0,0,1,5.0,0.0,0.21,6.4,0.0,211.60010293562777,240.79831143325663,-4.837269602303309,4.837269602303309,2.0666002205654745,Spring,-0.0,0.0,0.0,0.0,Clear/Low,0.0,None,-0.9650852113857038,weighted_fallback,global+hour+temp_cloud_hourgroup,237.8531896923252,0.0,237.9411423909176,none,170+,other,1.0,0.0,0.0,0.0,-0.08795269859239349,237.9411423909176,0.0,-3.71,-1.892083830953311,27.306124666675544,6.0128569856431735,5.0,None,,,,,,,,,,,,,,,,,0.0,none,0.0,0.0,0.0,,,0.0,,,0.0,0.0,none,,,,,,,,,0.0,,,,,0.0,45,2025-04-09 23:00:00-07:00,2025-05-24 23:00:00-07:00,2025-06-06,0.0,4.837269602303309,4.837269602303309,0,1,208.016725,273.754833,237.755739,,,,,,,,,,,,,,,,,-4.837269602303309,-3.872184390917596,-3.872184390917596,-3.872184390917596,-3.784231692325193,-14.074231692325185
2025-06-06 20:00:00-07:00,origin_05,2025-05-25 00:00:00-07:00,2025,5,309,13,Days8to16,Summer,6,20,222.526383,87.6,95.1,0.01,0.0,0.0,0.0,225.7990381399526,226.28277587890625,225.54876154746634,226.05411914558698,225.7990381399526,225.19915496955923,225.19915496955923,225.19915496955923,225.1007595207597,223.3907595207597,221.3907595207597,223.3907595207597,1,2.0,june_long_95_100_low_forecast_hot_extra_up,223.3907595207597,223.3907595207597,-3.272655139952576,-3.75639287890624,-3.0223785474663316,-3.527736145586971,-0.8643765207596914,1.1356234792403086,-0.8643765207596914,-0.8643765207596914,0.8643765207596914,0.0,-0.5998831703933547,0.0,0.0,-0.098395448799522,-1.710000000000008,2.0,-2.4082786191928847,Final_Backtest_Forecast_MWH,days8plus_final_low_confidence+long_horizon_hot_month_correction,raw_bias,none,none,recent_mean+last24_mean+same_hour+hourgroup+global+cloud_hourgroup+solar_hourgroup+solar_loss_hourgroup,3.0,0,,,0,,,,Peak,4,0,0,1,5.0,0.0,0.29,7.5,0.0,199.17894907918767,226.82922316271612,-3.272655139952576,3.272655139952576,1.470681856161108,Spring,-0.0,0.0,0.0,0.0,Clear/Low,0.0,None,-0.5998831703933406,weighted_fallback,global+hour+temp_cloud_hourgroup,225.1007595207597,0.0,225.19915496955923,none,170+,other,1.0,0.0,0.0,0.0,-0.0983954487995352,225.19915496955923,0.0,-3.71,-1.0301850227635327,26.62008906076491,0.38843777043717614,5.0,None,,,,,,,,,,,,,,,,,0.0,none,0.0,0.0,0.0,,,0.0,,,0.0,0.0,none,,,,,,,,,0.0,,,,,0.0,45,2025-04-09 23:00:00-07:00,2025-05-24 23:00:00-07:00,2025-06-06,0.0,3.272655139952576,3.272655139952576,0,1,195.717775,258.487825,222.09685214285716,,,,,,,,,,,,,,,,,-3.272655139952576,-2.6727719695592214,-2.6727719695592214,-2.6727719695592214,-2.5743765207596994,-0.8643765207596914
2025-06-07 14:00:00-07:00,origin_05,2025-05-25 00:00:00-07:00,2025,5,327,14,Days8to16,Summer,6,14,205.896316,94.6,98.4,0.03,18.535257263922638,0.0,0.0,208.02642172801336,208.79434204101562,207.4307800474219,208.74302427951358,204.69596965199963,202.9233394459065,202.9233394459065,202.9233394459065,202.8161686854997,200.69616868549969,200.69616868549969,200.69616868549969,0,0.0,none,200.69616868549969,200.69616868549969,-2.1301057280133477,-2.898026041015612,-1.534464047421892,-2.846708279513564,5.200147314500327,5.200147314500327,5.200147314500327,5.200147314500327,5.200147314500327,-3.330452076013728,-1.7726302060931403,0.0,0.0,-0.1071707604068024,-2.1200000000000045,0.0,-7.330253042513675,Final_Backtest_Forecast_MWH,days8plus_final_low_confidence+long_horizon_peak_month_correction,raw_bias,none,none,recent_mean+last24_mean+same_hour+hourgroup+global+cloud_hourgroup+solar_hourgroup+solar_loss_hourgroup,3.0,0,,,0,,,,Midday,5,1,0,0,5.0,1.1013734112687426,0.22,4.0,0.0,187.512138401182,200.96383241242978,-2.1301057280133477,2.1301057280133477,1.0345526182281706,Spring,-3.3304520760137306,0.0,-3.3304520760137306,0.0,Clear/Low,4.0,None,-1.772630206093148,weighted_fallback,global+hour+temp_cloud_hourgroup,202.8161686854997,0.0,202.9233394459065,none,170+,other,0.7,0.0,0.0,0.0,-0.10717076040680756,202.9233394459065,-2.12,0.0,7.06258931558358,20.51428332683136,2.525614549849608,5.0,High,,,,,,,,,,,,,,,,,0.0,none,0.0,0.0,0.0,,,0.0,,,0.0,0.0,none,,,,,,,,,0.0,,,,,0.0,45,2025-04-09 23:00:00-07:00,2025-05-24 23:00:00-07:00,2025-06-07,0.0,2.1301057280133477,2.1301057280133477,0,1,180.4555,261.891,189.70429385714283,,,,,,,,,,,,,,,,,1.2003463480003802,2.9729765540935205,2.9729765540935205,2.9729765540935205,3.080147314500323,5.200147314500327
2025-06-07 15:00:00-07:00,origin_05,2025-05-25 00:00:00-07:00,2025,5,328,14,Days8to16,Summer,6,15,226.221966,97.4,98.4,0.26,14.240926180262916,0.0,0.0,230.77241658091594,227.91854858398438,230.83211770175345,231.49399139015173,227.4957155317875,225.62261239548255,225.62261239548255,225.62261239548255,225.49847252059678,223.37847252059677,223.37847252059677,223.37847252059677,0,0.0,none,223.37847252059677,223.37847252059677,-4.5504505809159355,-1.696582583984366,-4.610151701753438,-5.272025390151725,2.843493479403236,2.843493479403236,2.843493479403236,2.843493479403236,2.843493479403236,-3.276701049128434,-1.8731031363049624,0.0,0.0,-0.1241398748857705,-2.1200000000000045,0.0,-7.393944060319171,Final_Backtest_Forecast_MWH,days8plus_final_low_confidence+long_horizon_peak_month_correction,raw_bias,none,none,recent_mean+last24_mean+same_hour+hourgroup+global+solar_hourgroup+solar_loss_hourgroup,3.0,0,,,0,,,,Midday,5,1,0,0,5.0,1.2693034596270154,0.19,4.4,0.0,209.31710234209308,219.63562552923864,-4.5504505809159355,4.5504505809159355,2.0114981146065785,Spring,-3.2767010491284223,0.0,-3.2767010491284223,1.0,Some Clouds,3.0,None,-1.873103136304972,weighted_fallback,global+hour,225.49847252059678,0.0,225.62261239548255,none,170+,other,0.7,0.0,0.0,0.0,-0.12413987488576125,225.62261239548255,-2.12,0.0,11.136791051677307,21.455314238822865,1.2569484430186748,5.0,Medium-High,,,,,,,,,,,,,,,,,0.0,none,0.0,0.0,0.0,,,0.0,,,0.0,0.0,none,,,,,,,,,0.0,,,,,0.0,45,2025-04-09 23:00:00-07:00,2025-05-24 23:00:00-07:00,2025-06-07,0.0,4.5504505809159355,4.5504505809159355,0,1,202.782825,277.855391,207.98442571428572,,,,,,,,,,,,,,,,,-1.2737495317875016,0.5993536045174608,0.5993536045174608,0.5993536045174608,0.7234934794032313,2.843493479403236
2025-06-07 16:00:00-07:00,origin_05,2025-05-25 00:00:00-07:00,2025,5,329,14,Days8to16,Summer,6,16,243.968666,98.3,98.4,0.76,8.818171309573144,0.0,0.0,248.10324940451585,249.46328735351562,248.76188020188872,246.6796758803585,248.10324940451585,246.91758853427243,246.9334991747867,246.9334991747867,246.72194698359908,245.01194698359907,243.01194698359907,245.01194698359907,1,2.0,june_long_95_100_low_forecast_hot_extra_up,245.01194698359907,245.01194698359907,-4.134583404515837,-5.494621353515612,-4.793214201888702,-2.711009880358489,-1.043280983599061,0.9567190164009389,-1.043280983599061,-1.043280983599061,1.043280983599061,0.0,-1.1856608702434244,0.01591064051427793,0.0,-0.21155219118762147,-1.710000000000008,2.0,-3.091302420916776,Final_Backtest_Forecast_MWH,days8plus_final_low_confidence+long_horizon_peak_month_correction+long_horizon_hot_month_correction,raw_bias+solar_cloud_midday,event_class_hour_loss+weekday_hour_cloud_loss+hour_cloud_loss+hour_loss+hour_cloud,none,recent_mean+last24_mean+same_hour+hourgroup+global+solar_hourgroup+solar_loss_hourgroup,3.0,0,,,0,,,,Peak,5,1,0,0,5.0,1.35,0.18,4.4,0.0,227.7272014281494,235.579144358989,-4.134583404515837,4.134583404515837,1.6947190277770494,Spring,-0.0,-0.0,-0.0,3.0,Mostly Cloudy,2.0,None,-1.1856608702434144,weighted_fallback,global+hour,246.72194698359908,0.0,246.91758853427243,none,170+,warm_cloud_peak_transition,0.644,0.01591064051428339,0.02470596353149595,0.0,-0.2115521911876103,246.9334991747867,0.0,-3.71,12.524105045526852,20.376047976366436,0.4276290888925306,5.0,Medium-Low,,,,,,,,,,,,,,,,,0.0,none,0.0,0.0,0.0,,,0.0,,,0.0,0.0,none,,,,,,,,,0.0,,,,,0.0,45,2025-04-09 23:00:00-07:00,2025-05-24 23:00:00-07:00,2025-06-07,0.0,4.134583404515837,4.134583404515837,0,1,223.283575,292.124233,225.5416652857143,,,,,,,,,,,,,,,,,-4.134583404515837,-2.9489225342724126,-2.9648331747866905,-2.9648331747866905,-2.753280983599069,-1.043280983599061
2025-06-07 17:00:00-07:00,origin_05,2025-05-25 00:00:00-07:00,2025,5,330,14,Days8to16,Summer,6,17,256.344208,98.4,98.4,0.76,3.3855247907381534,0.0,0.0,259.5309939697976,259.78411865234375,259.4250713982235,259.6251223872578,259.5309939697976,258.35362772904256,258.35362772904256,258.35362772904256,258.16339718209827,254.45339718209826,254.45339718209826,254.45339718209826,0,0.0,none,254.45339718209826,254.45339718209826,-3.1867859697975973,-3.4399106523437695,-3.080863398223528,-3.2809143872578375,1.8908108179017233,1.8908108179017233,1.8908108179017233,1.8908108179017233,1.8908108179017233,0.0,-1.1773662407550205,0.0,0.0,-0.1902305469442922,-3.710000000000008,0.0,-5.077596787699321,Final_Backtest_Forecast_MWH,days8plus_final_low_confidence+long_horizon_peak_month_correction+long_horizon_hot_month_correction,raw_bias,none,none,recent_mean+last24_mean+same_hour+hourgroup+global+solar_hourgroup+solar_loss_hourgroup,3.0,0,,,0,,,,Peak,5,1,0,0,5.0,1.35,0.18,4.0,0.0,241.54722029035725,245.05373745690298,-3.1867859697975973,3.1867859697975973,1.2431667540534395,Spring,-0.0,0.0,0.0,3.0,Mostly Cloudy,1.0,None,-1.1773662407550323,weighted_fallback,global+hour,258.16339718209827,0.0,258.35362772904256,none,170+,warm_cloud_peak_transition,0.644,0.0,0.0,0.0,-0.19023054694429445,258.35362772904256,0.0,-3.71,14.477256512894598,17.983773679440333,0.7376062180822606,5.0,Medium-Low,,,,,,,,,,,,,,,,,0.0,none,0.0,0.0,0.0,,,0.0,,,0.0,0.0,none,,,,,,,,,0.0,,,,,0.0,45,2025-04-09 23:00:00-07:00,2025-05-24 23:00:00-07:00,2025-06-07,0.0,3.1867859697975973,3.1867859697975973,0,1,235.254941,301.294025,237.506995,,,,,,,,,,,,,,,,,-3.1867859697975973,-2.009419729042577,-2.009419729042577,-2.009419729042577,-1.8191891820982846,1.8908108179017233
2025-06-07 18:00:00-07:00,origin_05,2025-05-25 00:00:00-07:00,2025,5,331,14,Days8to16,Summer,6,18,262.967266,98.4,98.4,0.63,1.1821059271001431e-15,0.0,0.0,263.6359318568489,265.04266357421875,263.9477644192259,262.743985911008,263.6359318568489,262.48066836613265,262.48066836613265,262.48066836613265,262.33767538107685,258.62767538107687,258.62767538107687,258.62767538107687,0,0.0,none,258.62767538107687,258.62767538107687,-0.6686658568489179,-2.075397574218755,-0.9804984192259099,0.22328008899199858,4.3395906189231255,4.3395906189231255,4.3395906189231255,4.3395906189231255,4.3395906189231255,0.0,-1.1552634907162656,0.0,0.0,-0.14299298505579827,-3.7099999999999795,0.0,-5.008256475772043,Final_Backtest_Forecast_MWH,days8plus_final_low_confidence+long_horizon_peak_month_correction+long_horizon_hot_month_correction,raw_bias,none,none,recent_mean+last24_mean+same_hour+hourgroup+global+solar_hourgroup+solar_loss_hourgroup,3.0,0,,,0,,,,Peak,5,1,0,0,5.0,1.35,0.19,1.9,0.0,244.89210844199908,246.72617207032903,-0.6686658568489179,0.6686658568489179,0.25427722127548674,Spring,-0.0,0.0,0.0,3.0,Mostly Cloudy,0.0,None,-1.155263490716282,weighted_fallback,global+hour,262.33767538107685,0.0,262.48066836613265,none,170+,warm_cloud_peak_transition,0.644,0.0,0.0,0.0,-0.1429929850558037,262.48066836613265,0.0,-3.71,16.909759786519885,18.743823414849828,1.650239851116346,5.0,Low,,,,,,,,,,,,,,,,,0.0,none,0.0,0.0,0.0,,,0.0,,,0.0,0.0,none,,,,,,,,,0.0,,,,,0.0,45,2025-04-09 23:00:00-07:00,2025-05-24 23:00:00-07:00,2025-06-07,0.0,0.6686658568489179,0.6686658568489179,0,1,239.246025,303.085133,240.27373785714286,,,,,,,,,,,,,,,,,-0.6686658568489179,0.48659763386734767,0.48659763386734767,0.48659763386734767,0.6295906189231459,4.3395906189231255
2025-06-07 19:00:00-07:00,origin_05,2025-05-25 00:00:00-07:00,2025,5,332,14,Days8to16,Summer,6,19,252.455625,96.4,98.4,0.25,0.0,0.0,0.0,257.3024151603476,256.5296630859375,256.25007973120546,259.17687142740243,257.3024151603476,256.4931643513263,256.4931643513263,256.4931643513263,256.412352709108,264.702352709108,252.702352709108,264.702352709108,1,12.0,june_long_95_100_evening_recovery_up,264.702352709108,264.702352709108,-4.846790160347609,-4.074038085937502,-3.7944547312054624,-6.721246427402434,-12.246727709108029,-0.24672770910800068,-12.246727709108029,-12.246727709108029,12.246727709108029,0.0,-0.8092508090213073,0.0,0.0,-0.0808116422182934,8.29000000000002,12.000000000000028,7.39993754876042,Final_Backtest_Forecast_MWH,days8plus_final_low_confidence+long_horizon_hot_month_correction,raw_bias,none,none,recent_mean+last24_mean+same_hour+hourgroup+global+solar_hourgroup+solar_loss_hourgroup,3.0,0,,,0,,,,Peak,5,1,0,0,5.0,0.0,0.2,4.2,0.0,238.90622760230332,235.90256287045264,-4.846790160347609,4.846790160347609,1.9198582564154034,Spring,-0.0,0.0,0.0,1.0,Some Clouds,0.0,None,-0.8092508090213066,weighted_fallback,global+hour,256.412352709108,0.0,256.4931643513263,none,170+,other,1.0,0.0,0.0,0.0,-0.08081164221828052,256.4931643513263,0.0,-3.71,21.399852289894966,18.39618755804429,4.85104172628676,5.0,None,,,,,,,,,,,,,,,,,0.0,none,0.0,0.0,0.0,,,0.0,,,0.0,0.0,none,,,,,,,,,0.0,,,,,0.0,45,2025-04-09 23:00:00-07:00,2025-05-24 23:00:00-07:00,2025-06-07,0.0,4.846790160347609,4.846790160347609,0,1,234.068958,294.216516,232.08632828571427,,,,,,,,,,,,,,,,,-4.846790160347609,-4.037539351326302,-4.037539351326302,-4.037539351326302,-3.9567277091080086,-12.246727709108029
2025-06-07 20:00:00-07:00,origin_05,2025-05-25 00:00:00-07:00,2025,5,333,14,Days8to16,Summer,6,20,233.608725,87.5,98.4,0.01,0.0,0.0,0.0,240.985362240511,240.88453674316406,241.74888848439554,239.81434257079155,240.985362240511,240.38547907011764,240.38547907011764,240.38547907011764,240.28708362131812,232.5770836213181,236.5770836213181,232.5770836213181,1,-4.0,june_long_95_100_low_forecast_hot_extra_up+june_long_98_100_clear_high_state_overstack_backoff,232.5770836213181,232.5770836213181,-7.376637240511002,-7.27581174316407,-8.140163484395543,-6.20561757079156,1.0316413786818828,-2.9683586213181172,1.0316413786818828,1.0316413786818828,1.0316413786818828,0.0,-0.5998831703933547,0.0,0.0,-0.098395448799522,-7.710000000000008,-4.0,-8.408278619192885,Final_Backtest_Forecast_MWH,days8plus_final_low_confidence+long_horizon_hot_month_correction,raw_bias,none,none,recent_mean+last24_mean+same_hour+hourgroup+global+cloud_hourgroup+solar_hourgroup+solar_loss_hourgroup,3.0,0,,,0,,,,Peak,5,1,0,0,5.0,0.0,0.31,9.1,0.0,225.7990381399526,221.62837120594162,-7.376637240511002,7.376637240511002,3.157689097661486,Spring,-0.0,0.0,0.0,0.0,Clear/Low,0.0,None,-0.5998831703933406,weighted_fallback,global+hour+temp_cloud_hourgroup,240.28708362131812,0.0,240.38547907011764,none,170+,other,1.0,0.0,0.0,0.0,-0.0983954487995352,240.38547907011764,0.0,-3.71,19.356991034569376,15.186324100558409,0.4416108082786218,5.0,None,,,,,,,,,,,,,,,,,0.0,none,0.0,0.0,0.0,,,0.0,,,0.0,0.0,none,,,,,,,,,0.0,,,,,0.0,45,2025-04-09 23:00:00-07:00,2025-05-24 23:00:00-07:00,2025-06-07,0.0,7.376637240511002,7.376637240511002,0,1,222.526383,274.765858,216.9595032857143,,,,,,,,,,,,,,,,,-7.376637240511002,-6.776754070117647,-6.776754070117647,-6.776754070117647,-6.678358621318125,1.0316413786818828
2025-06-08 14:00:00-07:00,origin_05,2025-05-25 00:00:00-07:00,2025,5,351,15,Days8to16,Summer,6,14,178.715283,87.9,91.8,0.36,16.640715689001144,0.20022516799000556,0.0,182.37310772210827,181.9748992919922,181.76812643820432,183.43756643399044,179.96894130647289,178.2654896506793,178.2654896506793,178.2654896506793,178.1559955087636,176.0359955087636,176.0359955087636,176.0359955087636,0,0.0,none,176.0359955087636,176.0359955087636,-3.6578247221082734,-3.259616291992188,-3.05284343820432,-4.722283433990441,2.6792874912364084,2.6792874912364084,2.6792874912364084,2.6792874912364084,2.6792874912364084,-2.4041664156353875,-1.7034516557935717,0.0,0.0,-0.10949414191571805,-2.1200000000000045,0.0,-6.337112213344682,Final_Backtest_Forecast_MWH,days8plus_final_low_confidence+long_horizon_peak_month_correction,raw_bias,none,none,recent_mean+last24_mean+same_hour+hourgroup+global+temp_hourgroup+solar_hourgroup,3.0,0,,,0,,,,Midday,6,1,0,0,4.0,0.9881108086721364,0.29,5.9,0.0,208.02642172801336,194.91511285417127,-3.6578247221082734,3.6578247221082734,2.0467330273641307,Spring,-2.404166415635388,0.0,-2.404166415635388,1.0,Some Clouds,4.0,Low,-1.7034516557935695,weighted_fallback,global+hour+temp_cloud_hourgroup,178.1559955087636,0.0,178.2654896506793,none,170+,other,0.7,0.0,0.0,0.0,-0.10949414191571578,178.2654896506793,-2.12,0.0,-12.542005132062997,-25.653314005905088,1.4991932677836,4.0,Medium-High,,,,,,,,,,,,,,,,,0.0,none,0.0,0.0,0.0,,,0.0,,,0.0,0.0,none,,,,,,,,,0.0,,,,,0.0,45,2025-04-09 23:00:00-07:00,2025-05-24 23:00:00-07:00,2025-06-08,0.0,3.6578247221082734,3.6578247221082734,0,1,205.896316,190.549558,181.70505328571429,,,,,,,,,,,,,,,,,-1.253658306472886,0.4497933493206858,0.4497933493206858,0.4497933493206858,0.5592874912364039,2.6792874912364084
2025-06-08 15:00:00-07:00,origin_05,2025-05-25 00:00:00-07:00,2025,5,352,15,Days8to16,Summer,6,15,203.398458,90.5,91.8,0.63,13.3478781779172,0.0,0.0,201.31674877720587,201.3128204345703,201.5324930948804,200.97884437589886,198.00633381782112,196.3395805999653,196.41828332700265,196.41828332700265,196.3001694482595,200.1801694482595,194.1801694482595,200.1801694482595,1,6.0,june_long_90_95_cloudy_peak_extra_up,200.1801694482595,200.1801694482595,2.0817092227941316,2.0856375654296926,1.865964905119597,2.419613624101146,3.2182885517404998,9.2182885517405,3.2182885517404998,3.2182885517404998,3.2182885517404998,-3.310414959384758,-1.6667532178558133,0.07870272703735282,0.0,-0.11811387874314505,3.8799999999999955,6.0,-1.1365793289463682,Final_Backtest_Forecast_MWH,days8plus_final_low_confidence+long_horizon_peak_month_correction,raw_bias+solar_cloud_midday,weekday_hour_cloud_loss+hour_cloud_loss+hour_loss+hour_cloud,none,recent_mean+last24_mean+same_hour+hourgroup+global+temp_hourgroup+solar_hourgroup+solar_loss_hourgroup,3.0,0,,,0,,,,Midday,6,1,0,0,4.0,1.1888775951946997,0.27,6.4,0.0,230.77241658091594,214.33619790660373,2.0817092227941316,2.0817092227941316,1.0234636207488512,Spring,-2.829882248301175,-0.48053271108358053,-3.310414959384756,3.0,Mostly Cloudy,3.0,None,-1.6667532178558087,weighted_fallback,global+hour+temp_cloud_hourgroup,196.3001694482595,0.0,196.3395805999653,none,170+,weekend_highload_solar_loss,0.40599999999999997,0.07870272703736694,0.193849081372825,0.0,-0.1181138787431522,196.41828332700265,-2.12,0.0,-13.019449129397856,-29.45566780371007,1.5822580875910572,4.0,Medium-High,,,,,,,,,,,,,,,,,0.0,none,0.0,0.0,0.0,,,0.0,,,0.0,0.0,none,,,,,,,,,0.0,,,,,0.0,45,2025-04-09 23:00:00-07:00,2025-05-24 23:00:00-07:00,2025-06-08,2.0817092227941316,0.0,-2.0817092227941316,1,0,226.221966,202.596175,200.60822214285716,,,,,,,,,,,,,,,,,5.39212418217889,7.058877400034703,6.98017467299735,6.98017467299735,7.098288551740495,3.2182885517404998
2025-06-08 16:00:00-07:00,origin_05,2025-05-25 00:00:00-07:00,2025,5,353,15,Days8to16,Summer,6,16,201.754116,91.8,91.8,0.71,7.555210712805636,0.0,0.0,218.02306162357314,219.25521850585938,217.90040258006292,217.86376672557884,218.02306162357314,216.83740075332972,216.853311393844,216.853311393844,216.6559872411256,208.94598724112558,212.94598724112558,208.94598724112558,1,-4.0,june_long_mild_hot_peak_backoff+june_long_90_95_cloudy_peak_extra_up,208.94598724112558,208.94598724112558,-16.26894562357313,-17.501102505859365,-16.146286580062906,-16.10965072557883,-7.191871241125568,-11.191871241125568,-7.191871241125568,-7.191871241125568,7.191871241125568,0.0,-1.1856608702434244,0.01591064051427793,0.0,-0.19732415271840864,-7.710000000000008,-4.0,-9.077074382447563,Final_Backtest_Forecast_MWH,days8plus_final_low_confidence+long_horizon_peak_month_correction+long_horizon_hot_month_correction,raw_bias+solar_cloud_midday,event_class_hour_loss+weekday_hour_cloud_loss+hour_cloud_loss+hour_loss+hour_cloud,none,recent_mean+last24_mean+same_hour+hourgroup+global+temp_hourgroup+solar_hourgroup+solar_loss_hourgroup,3.0,0,,,0,,,,Peak,6,1,0,0,4.0,1.3458649567674108,0.26,7.2,0.0,248.10324940451585,230.28508918120687,-16.26894562357313,16.26894562357313,8.063749055594549,Spring,-0.0,-0.0,-0.0,3.0,Mostly Cloudy,2.0,None,-1.1856608702434144,weighted_fallback,global+hour,216.6559872411256,0.0,216.83740075332972,none,170+,warm_cloud_peak_transition,0.644,0.01591064051428339,0.02470596353149595,0.0,-0.19732415271839585,216.853311393844,0.0,-3.71,-12.26202755763373,-30.08018778094271,3.5646713850068705,4.0,Medium-Low,,,,,,,,,,,,,,,,,0.0,none,0.0,0.0,0.0,,,0.0,,,0.0,0.0,none,,,,,,,,,0.0,,,,,0.0,45,2025-04-09 23:00:00-07:00,2025-05-24 23:00:00-07:00,2025-06-08,0.0,16.26894562357313,16.26894562357313,0,1,243.968666,212.71655,218.66229857142858,,,,,,,,,,,,,,,,,-16.26894562357313,-15.083284753329707,-15.099195393843985,-15.099195393843985,-14.901871241125576,-7.191871241125568
2025-06-08 17:00:00-07:00,origin_05,2025-05-25 00:00:00-07:00,2025,5,354,15,Days8to16,Summer,6,17,201.485991,90.6,91.8,0.42,3.3680134556136454,0.0,0.0,230.20652315958475,234.23495483398438,230.93927552836558,227.90407467310064,230.20652315958475,229.02915691882973,229.02915691882973,230.24234577216478,230.0646203025387,216.3546203025387,226.3546203025387,216.3546203025387,1,-10.0,june_long_mild_hot_peak_backoff,216.3546203025387,216.3546203025387,-28.720532159584735,-32.74896383398436,-29.45328452836557,-26.418083673100625,-14.868629302538693,-24.868629302538693,-14.868629302538693,-14.868629302538693,14.868629302538693,0.0,-1.1773662407550205,0.0,1.2131888533350548,-0.1777254696260684,-13.710000000000008,-10.0,-13.851902857046042,Final_Backtest_Forecast_MWH,days8plus_final_low_confidence+long_horizon_peak_month_correction+long_horizon_hot_month_correction,raw_bias,none,tree_peak_gap,recent_mean+last24_mean+same_hour+hourgroup+global+temp_hourgroup+solar_hourgroup+solar_loss_hourgroup,3.0,0,,,0,,,,Peak,6,1,0,0,4.0,1.35,0.27,7.8,0.0,259.5309939697976,240.3457778458869,-28.720532159584735,28.720532159584735,14.254356849844083,Spring,-0.0,0.0,0.0,2.0,Partly Cloudy,1.0,None,-1.1773662407550323,weighted_fallback,global+hour,230.0646203025387,0.0,229.02915691882973,none,170+,other,0.7,0.0,0.0,1.2131888533350563,-0.17772546962605507,230.24234577216478,0.0,-3.71,-10.139254686302138,-29.32447081021283,7.37948540677386,4.0,Medium-Low,,,,,,,,,,,,,,,,,0.0,none,0.0,0.0,0.0,,,0.0,,,0.0,0.0,none,,,,,,,,,0.0,,,,,0.0,45,2025-04-09 23:00:00-07:00,2025-05-24 23:00:00-07:00,2025-06-08,0.0,28.720532159584735,28.720532159584735,0,1,256.344208,221.741933,231.08559257142855,,,,,,,,,,,,,,,,,-28.720532159584735,-27.543165918829715,-27.543165918829715,-28.75635477216477,-28.5786293025387,-14.868629302538693
2025-06-08 18:00:00-07:00,origin_05,2025-05-25 00:00:00-07:00,2025,5,355,15,Days8to16,Summer,6,18,195.091725,89.4,91.8,1.0,9.445799697856285e-16,0.0,0.0,229.3050198578122,228.86117553710938,229.50676076298146,229.1148110984613,229.3050198578122,228.1497563670959,228.1497563670959,228.1497563670959,228.01545128264007,220.30545128264006,224.30545128264006,220.30545128264006,1,-4.0,june_long_mild_hot_peak_backoff+june_long_90_95_cloudy_peak_extra_up,220.30545128264006,220.30545128264006,-34.2132948578122,-33.76945053710938,-34.41503576298146,-34.023086098461306,-25.213726282640067,-29.213726282640067,-25.213726282640067,-25.213726282640067,25.213726282640067,0.0,-1.155263490716294,0.0,0.0,-0.134305084455832,-7.710000000000008,-4.0,-8.999568575172134,Final_Backtest_Forecast_MWH,days8plus_final_low_confidence+long_horizon_peak_month_correction+long_horizon_hot_month_correction,raw_bias,none,none,recent_mean+last24_mean+same_hour+hourgroup+global+temp_hourgroup+solar_hourgroup+solar_loss_hourgroup,3.0,0,,,0,,,,Peak,6,1,0,0,4.0,1.35,0.29,7.5,0.0,263.6359318568489,242.49845118849223,-34.2132948578122,34.2132948578122,17.537030265026466,Spring,-0.0,0.0,0.0,4.0,Overcast,0.0,None,-1.155263490716282,weighted_fallback,global+hour,228.01545128264007,0.0,228.1497563670959,none,170+,warm_cloud_peak_transition,0.644,0.0,0.0,0.0,-0.13430508445582617,228.1497563670959,0.0,-3.71,-13.193431330680028,-34.330911999036715,12.92403677431222,4.0,Low,,,,,,,,,,,,,,,,,0.0,none,0.0,0.0,0.0,,,0.0,,,0.0,0.0,none,,,,,,,,,0.0,,,,,0.0,45,2025-04-09 23:00:00-07:00,2025-05-24 23:00:00-07:00,2025-06-08,0.0,34.2132948578122,34.2132948578122,0,1,262.967266,218.111091,234.542614,,,,,,,,,,,,,,,,,-34.2132948578122,-33.05803136709591,-33.05803136709591,-33.05803136709591,-32.923726282640075,-25.213726282640067
2025-06-08 19:00:00-07:00,origin_05,2025-05-25 00:00:00-07:00,2025,5,356,15,Days8to16,Summer,6,19,187.348533,85.9,91.8,0.99,0.0,0.0,0.0,219.66351370120958,219.38458251953125,220.13466018756904,219.00283527455275,219.66351370120958,218.85426289218827,218.85426289218827,218.85426289218827,218.7771143955932,205.0671143955932,215.0671143955932,205.0671143955932,1,-10.0,june_long_mild_hot_peak_backoff,205.0671143955932,205.0671143955932,-32.31498070120958,-32.03604951953125,-32.786127187569036,-31.654302274552748,-17.71858139559319,-27.71858139559319,-17.71858139559319,-17.71858139559319,17.71858139559319,0.0,-0.8092508090213073,0.0,0.0,-0.07714849659507195,-13.710000000000008,-10.0,-14.596399305616387,Final_Backtest_Forecast_MWH,days8plus_final_low_confidence+long_horizon_hot_month_correction,raw_bias,none,none,recent_mean+last24_mean+same_hour+hourgroup+global+temp_hourgroup+solar_hourgroup+solar_loss_hourgroup,3.0,0,,,0,,,,Peak,6,1,0,0,4.0,0.0,0.33,6.4,0.0,257.3024151603476,232.5969382840834,-32.31498070120958,32.31498070120958,17.248590199107444,Spring,-0.0,0.0,0.0,4.0,Overcast,0.0,None,-0.8092508090213066,weighted_fallback,global+hour,218.7771143955932,0.0,218.85426289218827,none,170+,warm_cloud_peak_transition,0.92,0.0,0.0,0.0,-0.07714849659507254,218.85426289218827,0.0,-3.71,-12.933424582873812,-37.638901459138026,9.457550113612681,4.0,None,,,,,,,,,,,,,,,,,0.0,none,0.0,0.0,0.0,,,0.0,,,0.0,0.0,none,,,,,,,,,0.0,,,,,0.0,45,2025-04-09 23:00:00-07:00,2025-05-24 23:00:00-07:00,2025-06-08,0.0,32.31498070120958,32.31498070120958,0,1,252.455625,205.380041,226.12048671428573,,,,,,,,,,,,,,,,,-32.31498070120958,-31.50572989218827,-31.50572989218827,-31.50572989218827,-31.4285813955932,-17.71858139559319
2025-06-08 20:00:00-07:00,origin_05,2025-05-25 00:00:00-07:00,2025,5,357,15,Days8to16,Summer,6,20,183.619958,81.8,91.8,0.02,0.0,0.0,0.0,206.14865822157245,206.54345703125,205.4263361111697,207.17093616372603,206.14865822157245,205.6793577769214,205.6793577769214,205.6793577769214,205.5884659798438,179.87846597984378,201.87846597984378,179.87846597984378,1,-22.0,june_long_mild_hot_peak_backoff+june_long_90_92_clear_hot_extra_backoff,179.87846597984378,179.87846597984378,-22.52870022157245,-22.923499031250003,-21.806378111169693,-23.55097816372603,3.7414920201562154,-18.258507979843785,3.7414920201562154,3.7414920201562154,3.7414920201562154,0.0,-0.46930044465105425,0.0,0.0,-0.09089179707760309,-25.710000000000008,-22.0,-26.270192241728665,Final_Backtest_Forecast_MWH,days8plus_final_low_confidence+long_horizon_hot_month_correction,raw_bias,none,none,recent_mean+last24_mean+same_hour+hourgroup+global+temp_hourgroup+cloud_hourgroup+solar_hourgroup+solar_loss_hourgroup+temp_cloud_hourgroup,3.0,0,,,0,,,,Peak,6,1,0,0,4.0,0.0,0.37,7.3,0.0,240.985362240511,218.04624055214623,-22.52870022157245,22.52870022157245,12.26920018224405,Spring,-0.0,0.0,0.0,0.0,Clear/Low,0.0,None,-0.46930044465105636,weighted_fallback,global+hour+temp_cloud_hourgroup,205.5884659798438,0.0,205.6793577769214,none,170+,other,1.0,0.0,0.0,0.0,-0.09089179707760957,205.6793577769214,0.0,-3.71,-11.897582330573783,-34.83670401893855,2.037628186450307,4.0,None,,,,,,,,,,,,,,,,,0.0,none,0.0,0.0,0.0,,,0.0,,,0.0,0.0,none,,,,,,,,,0.0,,,,,0.0,45,2025-04-09 23:00:00-07:00,2025-05-24 23:00:00-07:00,2025-06-08,0.0,22.52870022157245,22.52870022157245,0,1,233.608725,187.162816,211.07991285714283,,,,,,,,,,,,,,,,,-22.52870022157245,-22.059399776921396,-22.059399776921396,-22.059399776921396,-21.968507979843793,3.7414920201562154
2025-06-09 14:00:00-07:00,origin_05,2025-05-25 00:00:00-07:00,2025,5,375,16,Days8to16,Summer,6,14,204.924716,92.6,95.5,0.0,18.37900641238272,0.0,0.0,202.61353193818712,204.09371948242188,201.92486928753576,203.2728053765722,200.13087744429933,198.3582472382062,198.3582472382062,198.3582472382062,198.2510764777994,196.13107647779938,196.13107647779938,196.13107647779938,0,0.0,none,196.13107647779938,196.13107647779938,2.3111840618128667,0.8309965175781144,2.999846712464233,1.6519106234277956,8.793639522200607,8.793639522200607,8.793639522200607,8.793639522200607,8.793639522200607,-2.482654493887793,-1.7726302060931403,0.0,0.0,-0.1071707604068024,-2.1200000000000045,0.0,-6.48245546038774,Final_Backtest_Forecast_MWH,days8plus_final_low_confidence+long_horizon_peak_month_correction,raw_bias,none,none,recent_mean+last24_mean+same_hour+hourgroup+global+cloud_hourgroup+solar_hourgroup+solar_loss_hourgroup,3.0,0,,,0,,,,Midday,0,0,0,0,5.0,1.0906253298968283,0.28,6.2,0.0,182.37310772210827,191.03504671000982,2.3111840618128667,2.3111840618128667,1.127821039319077,Spring,-2.4826544938877935,0.0,-2.4826544938877935,0.0,Clear/Low,4.0,None,-1.772630206093148,weighted_fallback,global+hour+temp_cloud_hourgroup,198.2510764777994,0.0,198.3582472382062,none,170+,other,0.7,0.0,0.0,0.0,-0.10717076040680756,198.3582472382062,-2.12,0.0,11.5784852281773,20.24042421607885,4.291156134724426,5.0,High,,,,,,,,,,,,,,,,,0.0,none,0.0,0.0,0.0,,,0.0,,,0.0,0.0,none,,,,,,,,,0.0,,,,,0.0,45,2025-04-09 23:00:00-07:00,2025-05-24 23:00:00-07:00,2025-06-09,2.3111840618128667,0.0,-2.3111840618128667,1,0,178.715283,172.391233,180.0144425714286,,,,,,,,,,,,,,,,,4.79383855570066,6.5664687617938,6.5664687617938,6.5664687617938,6.673639522200602,8.793639522200607
2025-06-09 15:00:00-07:00,origin_05,2025-05-25 00:00:00-07:00,2025,5,376,16,Days8to16,Summer,6,15,229.506091,94.6,95.5,0.0,14.193084322994395,0.0,0.0,224.16618173690222,226.04803466796875,224.8940089287066,222.48478102661915,221.48296337326073,219.69557414663367,219.69557414663367,219.69557414663367,219.58133207212214,217.46133207212213,217.46133207212213,217.46133207212213,0,0.0,none,217.46133207212213,217.46133207212213,5.3399092630977805,3.458056332031248,4.6120820712934005,7.021309973380852,12.044758927877865,12.044758927877865,12.044758927877865,12.044758927877865,12.044758927877865,-2.683218363641487,-1.787389226627056,0.0,0.0,-0.11424207451153734,-2.1200000000000045,0.0,-6.704849664780085,Final_Backtest_Forecast_MWH,days8plus_final_low_confidence+long_horizon_peak_month_correction,raw_bias,none,none,recent_mean+last24_mean+same_hour+hourgroup+global+cloud_hourgroup+solar_hourgroup+solar_loss_hourgroup,3.0,0,,,0,,,,Midday,0,0,0,0,5.0,1.2633439146299694,0.26,7.0,0.0,201.31674877720587,210.91226633757307,5.3399092630977805,5.3399092630977805,2.32669609762025,Spring,-2.68321836364149,0.0,-2.68321836364149,0.0,Clear/Low,3.0,None,-1.7873892266270466,weighted_fallback,global+hour+temp_cloud_hourgroup,219.58133207212214,0.0,219.69557414663367,none,170+,other,0.7,0.0,0.0,0.0,-0.11424207451152686,219.69557414663367,-2.12,0.0,13.253915399329145,22.849432959696344,5.248121684002655,5.0,Medium-High,,,,,,,,,,,,,,,,,0.0,none,0.0,0.0,0.0,,,0.0,,,0.0,0.0,none,,,,,,,,,0.0,,,,,0.0,45,2025-04-09 23:00:00-07:00,2025-05-24 23:00:00-07:00,2025-06-09,5.3399092630977805,0.0,-5.3399092630977805,1,0,203.398458,192.298866,200.722834,,,,,,,,,,,,,,,,,8.023127626739267,9.810516853366323,9.810516853366323,9.810516853366323,9.92475892787786,12.044758927877865
2025-06-09 16:00:00-07:00,origin_05,2025-05-25 00:00:00-07:00,2025,5,377,16,Days8to16,Summer,6,16,252.54645,95.5,95.5,0.01,8.908382780770824,0.0,0.0,243.3405181565111,243.27029418945312,243.6198456115584,242.92163900345344,243.3405181565111,242.05698696331436,242.05698696331436,242.05698696331436,241.8451031193448,240.1351031193448,238.1351031193448,240.1351031193448,1,2.0,june_long_95_100_low_forecast_hot_extra_up,240.1351031193448,240.1351031193448,9.205931843488884,9.276155810546868,8.926604388441604,9.624810996546557,12.411346880655202,14.411346880655202,12.411346880655202,12.411346880655202,12.411346880655202,0.0,-1.283531193196751,0.0,0.0,-0.2118838439695594,-1.710000000000008,2.0,-3.2054150371663184,Final_Backtest_Forecast_MWH,days8plus_final_low_confidence+long_horizon_peak_month_correction+long_horizon_hot_month_correction,raw_bias,none,none,recent_mean+last24_mean+same_hour+hourgroup+global+cloud_hourgroup+solar_hourgroup+solar_loss_hourgroup,3.0,0,,,0,,,,Peak,0,0,0,1,5.0,1.35,0.25,6.7,0.0,218.02306162357314,227.6537006719947,9.205931843488884,9.205931843488884,3.645243021031926,Spring,-0.0,0.0,0.0,0.0,Clear/Low,2.0,None,-1.2835311931967563,weighted_fallback,global+hour+temp_cloud_hourgroup,241.8451031193448,0.0,242.05698696331436,none,170+,other,0.7,0.0,0.0,0.0,-0.21188384396957066,242.05698696331436,0.0,-3.71,15.68681748451641,25.317456532937967,4.9144808333893435,5.0,Medium-Low,,,,,,,,,,,,,,,,,0.0,none,0.0,0.0,0.0,,,0.0,,,0.0,0.0,none,,,,,,,,,0.0,,,,,0.0,45,2025-04-09 23:00:00-07:00,2025-05-24 23:00:00-07:00,2025-06-09,9.205931843488884,0.0,-9.205931843488884,1,0,201.754116,212.703725,217.09623657142856,,,,,,,,,,,,,,,,,9.205931843488884,10.489463036685635,10.489463036685635,10.489463036685635,10.701346880655194,12.411346880655202
2025-06-09 17:00:00-07:00,origin_05,2025-05-25 00:00:00-07:00,2025,5,378,16,Days8to16,Summer,6,17,265.632691,95.2,95.5,0.44,3.735751493228307,0.0,0.0,255.5897835702964,256.7325439453125,254.1266986617364,257.5624140337431,255.5897835702964,254.41241732954137,254.41241732954137,254.49491551685233,254.30468496990804,250.59468496990803,250.59468496990803,250.59468496990803,0,0.0,none,250.59468496990803,250.59468496990803,10.042907429703632,8.900147054687523,11.50599233826361,8.070276966256927,15.038006030091992,15.038006030091992,15.038006030091992,15.038006030091992,15.038006030091992,0.0,-1.1773662407550205,0.0,0.0824981873109607,-0.1902305469442922,-3.710000000000008,0.0,-4.99509860038836,Final_Backtest_Forecast_MWH,days8plus_final_low_confidence+long_horizon_peak_month_correction+long_horizon_hot_month_correction,raw_bias,none,tree_peak_gap,recent_mean+last24_mean+same_hour+hourgroup+global+solar_hourgroup+solar_loss_hourgroup,3.0,0,,,0,,,,Peak,0,0,0,1,5.0,1.35,0.26,8.1,0.0,230.20652315958475,238.84036533944214,10.042907429703632,10.042907429703632,3.780749798489084,Spring,-0.0,0.0,0.0,2.0,Partly Cloudy,1.0,None,-1.1773662407550323,weighted_fallback,global+hour,254.30468496990804,0.0,254.41241732954137,none,170+,other,0.7,0.0,0.0,0.08249818731094934,-0.19023054694429445,254.49491551685233,0.0,-3.71,16.749418230854246,25.383260410711642,5.6612030595631735,5.0,Medium-Low,,,,,,,,,,,,,,,,,0.0,none,0.0,0.0,0.0,,,0.0,,,0.0,0.0,none,,,,,,,,,0.0,,,,,0.0,45,2025-04-09 23:00:00-07:00,2025-05-24 23:00:00-07:00,2025-06-09,10.042907429703632,0.0,-10.042907429703632,1,0,201.485991,227.345075,228.19188657142857,,,,,,,,,,,,,,,,,10.042907429703632,11.220273670458653,11.220273670458653,11.137775483147692,11.328006030091984,15.038006030091992
2025-06-09 18:00:00-07:00,origin_05,2025-05-25 00:00:00-07:00,2025,5,379,16,Days8to16,Summer,6,18,266.808516,93.0,95.5,0.34,1.2732496083952479e-15,0.0,0.0,257.2194357566092,259.3689270019531,256.98183417804256,256.9786693099729,257.2194357566092,256.0641722658929,256.0641722658929,256.231787370726,256.0887943856702,252.3787943856702,252.3787943856702,252.3787943856702,0,0.0,none,252.3787943856702,252.3787943856702,9.58908024339081,7.439588998046872,9.826681821957436,9.829846690027125,14.429721614329793,14.429721614329793,14.429721614329793,14.429721614329793,14.429721614329793,0.0,-1.1552634907162656,0.0,0.1676151048330894,-0.14299298505579827,-3.710000000000008,0.0,-4.840641370938982,Final_Backtest_Forecast_MWH,days8plus_final_low_confidence+long_horizon_peak_month_correction+long_horizon_hot_month_correction,raw_bias,none,tree_peak_gap,recent_mean+last24_mean+same_hour+hourgroup+global+solar_hourgroup+solar_loss_hourgroup,3.0,0,,,0,,,,Peak,0,0,0,1,5.0,1.35,0.28,7.3,0.0,229.3050198578122,241.5189259450804,9.58908024339081,9.58908024339081,3.5939933204346484,Spring,-0.0,0.0,0.0,1.0,Some Clouds,0.0,None,-1.155263490716282,weighted_fallback,global+hour,256.0887943856702,0.0,256.0641722658929,none,170+,other,0.7,0.0,0.0,0.16761510483311215,-0.1429929850558037,256.231787370726,0.0,-3.71,15.700509811528775,27.91441589879699,5.408268757931922,5.0,Low,,,,,,,,,,,,,,,,,0.0,none,0.0,0.0,0.0,,,0.0,,,0.0,0.0,none,,,,,,,,,0.0,,,,,0.0,45,2025-04-09 23:00:00-07:00,2025-05-24 23:00:00-07:00,2025-06-09,9.58908024339081,0.0,-9.58908024339081,1,0,195.091725,230.588625,231.25413314285714,,,,,,,,,,,,,,,,,9.58908024339081,10.744343734107076,10.744343734107076,10.576728629273987,10.719721614329785,14.429721614329793
2025-06-09 19:00:00-07:00,origin_05,2025-05-25 00:00:00-07:00,2025,5,380,16,Days8to16,Summer,6,19,254.439775,88.4,95.5,0.1,0.0,0.0,0.0,246.51748138700162,245.9339599609375,248.5704698848798,243.4580770120685,246.51748138700162,245.5523961756159,245.5523961756159,245.56233671571104,245.47438401711864,255.76438401711863,241.76438401711863,255.76438401711863,1,14.0,june_long_95_100_evening_recovery_up+june_long_95_100_low_forecast_hot_extra_up,255.76438401711863,255.76438401711863,7.922293612998374,8.505815039062497,5.8693051151201985,10.981697987931511,-1.3246090171186324,12.675390982881368,-1.3246090171186324,-1.3246090171186324,1.3246090171186324,0.0,-0.9650852113857127,0.0,0.00994054009512979,-0.08795269859240307,10.289999999999992,14.0,9.246902630117006,Final_Backtest_Forecast_MWH,days8plus_final_low_confidence+long_horizon_hot_month_correction,raw_bias,none,tree_peak_gap,recent_mean+last24_mean+same_hour+hourgroup+global+cloud_hourgroup+solar_hourgroup+solar_loss_hourgroup,3.0,0,,,0,,,,Peak,0,0,0,1,5.0,0.0,0.33,8.6,0.0,219.66351370120958,232.44147800132706,7.922293612998374,7.922293612998374,3.113622315142502,Spring,-0.0,0.0,0.0,0.0,Clear/Low,0.0,None,-0.9650852113857038,weighted_fallback,global+hour+temp_cloud_hourgroup,245.47438401711864,0.0,245.5523961756159,none,170+,other,1.0,0.0,0.0,0.009940540095138319,-0.08795269859239349,245.56233671571104,0.0,-3.71,14.076003385674568,26.853967685792043,0.5205982504577488,5.0,None,,,,,,,,,,,,,,,,,0.0,none,0.0,0.0,0.0,,,0.0,,,0.0,0.0,none,,,,,,,,,0.0,,,,,0.0,45,2025-04-09 23:00:00-07:00,2025-05-24 23:00:00-07:00,2025-06-09,7.922293612998374,0.0,-7.922293612998374,1,0,187.348533,218.86175,223.544557,,,,,,,,,,,,,,,,,7.922293612998374,8.887378824384086,8.887378824384086,8.877438284288957,8.96539098288136,-1.3246090171186324
2025-06-09 20:00:00-07:00,origin_05,2025-05-25 00:00:00-07:00,2025,5,381,16,Days8to16,Summer,6,20,231.805483,82.2,95.5,0.01,0.0,0.0,0.0,227.01646778927307,229.39625549316406,227.90981246417354,224.93270109903204,227.01646778927307,226.4165846188797,226.4165846188797,226.4165846188797,226.3181891700802,224.60818917008018,222.60818917008018,224.60818917008018,1,2.0,june_long_95_100_low_forecast_hot_extra_up,224.60818917008018,224.60818917008018,4.789015210726944,2.409227506835947,3.8956705358264685,6.872781900967965,7.197293829919829,9.197293829919829,7.197293829919829,7.197293829919829,7.197293829919829,0.0,-0.5998831703933547,0.0,0.0,-0.098395448799522,-1.710000000000008,2.0,-2.4082786191928847,Final_Backtest_Forecast_MWH,days8plus_final_low_confidence+long_horizon_hot_month_correction,raw_bias,none,none,recent_mean+last24_mean+same_hour+hourgroup+global+cloud_hourgroup+solar_hourgroup+solar_loss_hourgroup,3.0,0,,,0,,,,Peak,0,0,0,1,5.0,0.0,0.39,10.0,0.0,206.14865822157245,218.40774528999233,4.789015210726944,4.789015210726944,2.065962870570643,Spring,-0.0,0.0,0.0,0.0,Clear/Low,0.0,None,-0.5998831703933406,weighted_fallback,global+hour+temp_cloud_hourgroup,226.3181891700802,0.0,226.4165846188797,none,170+,other,1.0,0.0,0.0,0.0,-0.0983954487995352,226.4165846188797,0.0,-3.71,8.60872249928073,20.86780956770062,3.1048850686244673,5.0,None,,,,,,,,,,,,,,,,,0.0,none,0.0,0.0,0.0,,,0.0,,,0.0,0.0,none,,,,,,,,,0.0,,,,,0.0,45,2025-04-09 23:00:00-07:00,2025-05-24 23:00:00-07:00,2025-06-09,4.789015210726944,0.0,-4.789015210726944,1,0,183.619958,200.7944,210.5737902857143,,,,,,,,,,,,,,,,,4.789015210726944,5.388898381120299,5.388898381120299,5.388898381120299,5.487293829919821,7.197293829919829
2025-06-23 14:00:00-07:00,origin_06,2025-06-22 00:00:00-07:00,2025,6,39,2,Days2to7,Summer,6,14,178.926058,92.3,96.1,0.01,18.88682167988745,0.0,0.0,181.36341117352453,181.81732177734375,182.6509991681814,179.21036986654397,179.949860163133,178.34329860093683,178.34329860093683,178.34329860093683,178.34329860093683,178.34329860093683,178.34329860093683,178.34329860093683,0,0.0,none,178.34329860093683,178.34329860093683,-2.4373531735245137,-2.891263777343738,-3.724941168181374,-0.284311866543959,0.5827593990631783,0.5827593990631783,0.5827593990631783,0.5827593990631783,0.5827593990631783,-1.4135510103915294,-1.6065615621961626,0.0,0.0,0.0,0.0,0.0,-3.020112572587692,Peak_Risk_Adjusted_Forecast_MWH,days2to3_peak_risk,raw_bias,none,none,recent_mean+last24_mean+same_hour+hourgroup+global+temp_hourgroup+cloud_hourgroup+solar_hourgroup+solar_loss_hourgroup+temp_cloud_hourgroup,3.0,5,189.86992960000003,205.507676,35,227.46087394285715,255.5824348,-10.943871600000023,Midday,0,0,0,0,5.0,1.1167110705266086,0.13,2.2,0.0,131.19803615280497,164.16815130754358,-2.4373531735245137,2.4373531735245137,1.3622125255363942,Summer,-1.4135510103915299,0.0,-1.4135510103915299,0.0,Clear/Low,4.0,None,-1.606561562196158,weighted_fallback,global+hour+season_hour+season_hourgroup_maxtemp+season_hour_maxtemp+season_month_hour_maxtemp+season_cloud_hourgroup+season_solar_hourgroup+temp_cloud_hourgroup,178.34329860093683,0.0,178.34329860093683,none,170+,other,0.7,0.0,0.0,0.0,-0.0,178.34329860093683,0.0,0.0,17.195259865980944,50.16537502071955,0.32569845084452614,5.0,High,176.51943587603844,177.9288330078125,177.05297720931196,175.27832888610172,2.4066221239615686,173.50564163983398,5.42041636016603,5.42041636016603,3.0294169674078604,92.0,96.5,0.0,19.648544581144545,0.0,0.0,2.0,0.0,none,0.0,0.0,0.0,,,0.0,173.50564163983398,173.50564163983398,0.0,0.0,none,12.80661386945269,48.50870482993827,191.2145617888915,191.50564163983398,156.8863712629143,172.72016942407038,175.27316496626733,173.38987828218075,1.0,156.8863712629143,191.50564163983398,34.61927037691967,17.309635188459836,18.0,45,2025-05-07 23:00:00-07:00,2025-06-21 23:00:00-07:00,2025-06-23,0.0,2.4373531735245137,2.4373531735245137,0,1,125.471216,197.138925,179.5959437142857,-0.29999999999999716,0.4000000000000057,-0.01,0.7617229012570945,0.0,0.0,-4.8376569611028515,4.8376569611028515,4.8376569611028515,2.703718516563334,days2to3,0-2F,0-20pp,0-1.25MW,normal,low_weather_error,-1.0238021631329843,0.5827593990631783,0.5827593990631783,0.5827593990631783,0.5827593990631783,0.5827593990631783
2025-06-23 15:00:00-07:00,origin_06,2025-06-22 00:00:00-07:00,2025,6,40,2,Days2to7,Summer,6,15,198.225441,95.2,96.1,0.02,14.655555609923427,0.0,0.0,201.7066620599024,200.2115478515625,202.30146161423107,201.19915253405443,200.41331713889687,198.89440130802356,198.89440130802356,198.89440130802356,198.89440130802356,198.89440130802356,198.89440130802356,198.89440130802356,0,0.0,none,198.89440130802356,198.89440130802356,-3.481221059902424,-1.9861068515625107,-4.0760206142310835,-2.973711534054445,-0.6689603080235713,-0.6689603080235713,-0.6689603080235713,-0.6689603080235713,0.6689603080235713,-1.2933449210055414,-1.5189158308733113,0.0,0.0,0.0,0.0,0.0,-2.8122607518788527,Peak_Risk_Adjusted_Forecast_MWH,days2to3_peak_risk,raw_bias,none,none,recent_mean+last24_mean+same_hour+hourgroup+global+temp_hourgroup+cloud_hourgroup+solar_hourgroup+solar_loss_hourgroup+temp_cloud_hourgroup,3.0,5,211.2251378,228.192441,35,227.46087394285715,255.5824348,-12.99969680000001,Midday,0,0,0,0,5.0,1.2997968746441855,0.11,1.4,0.0,142.42285748102069,179.92728306871726,-3.481221059902424,3.481221059902424,1.7561928692606235,Summer,-1.2933449210055534,0.0,-1.2933449210055534,0.0,Clear/Low,3.0,None,-1.5189158308733175,weighted_fallback,global+hour+season_hour+season_hourgroup_maxtemp+season_hour_maxtemp+season_month_hour_maxtemp+season_cloud_hourgroup+season_solar_hourgroup+temp_cloud_hourgroup,198.89440130802356,0.0,198.89440130802356,none,170+,other,0.7,0.0,0.0,0.0,-0.0,198.89440130802356,0.0,0.0,21.779378991185155,59.28380457888173,0.33747449603281315,5.0,Medium-High,193.62661741158354,193.96493530273438,194.50788116343844,192.14511211833988,4.598823588416451,190.64759166959107,7.577849330408924,7.577849330408924,3.822843976121574,94.9,96.5,0.0,15.27749975441419,0.0,0.0,2.0,0.0,none,0.0,0.0,0.0,,,0.0,190.64759166959107,190.64759166959107,0.0,0.0,none,14.264609060876808,55.16068295663641,208.64759166959107,208.64759166959107,172.64759166959107,189.4294169172763,190.59331630037835,190.7054874020426,1.0,172.64759166959107,208.64759166959107,36.0,18.0,18.0,45,2025-05-07 23:00:00-07:00,2025-06-21 23:00:00-07:00,2025-06-23,0.0,3.481221059902424,3.481221059902424,0,1,137.771908,216.998691,199.9175507142857,-0.29999999999999716,0.4000000000000057,-0.02,0.6219441444907634,0.0,0.0,-8.246809638432495,8.246809638432495,6.9088890223853525,3.4853694800887602,days2to3,0-2F,0-20pp,0-1.25MW,normal,low_weather_error,-2.1878761388968826,-0.6689603080235713,-0.6689603080235713,-0.6689603080235713,-0.6689603080235713,-0.6689603080235713
2025-06-23 16:00:00-07:00,origin_06,2025-06-22 00:00:00-07:00,2025,6,41,2,Days2to7,Summer,6,16,217.453166,96.1,96.1,0.0,9.246675797762121,0.0,0.0,222.11340085711458,219.27252197265625,221.40566299085756,224.03724004250657,222.11340085711458,220.89117902695878,220.89117902695878,220.97151258551006,220.97151258551006,220.97151258551006,220.97151258551006,220.97151258551006,0,0.0,none,220.97151258551006,220.97151258551006,-4.660234857114574,-1.8193559726562398,-3.9524969908575542,-6.584074042506558,-3.518346585510045,-3.518346585510045,-3.518346585510045,-3.518346585510045,3.518346585510045,0.0,-1.222221830155803,0.0,0.08033355855127411,0.0,0.0,0.0,-1.1418882716045289,Peak_Risk_Adjusted_Forecast_MWH,days2to3_peak_risk,raw_bias,none,tree_peak_gap,recent_mean+last24_mean+same_hour+hourgroup+global+cloud_hourgroup+solar_hourgroup+solar_loss_hourgroup,3.0,5,231.47860799999998,249.1153364,35,227.46087394285715,255.5824348,-14.02544199999997,Peak,0,0,0,1,5.0,1.35,0.1,2.4,0.0,155.27061915968486,195.83317759424068,-4.660234857114574,4.660234857114574,2.1430981865375895,Summer,-0.0,0.0,0.0,0.0,Clear/Low,2.0,None,-1.2222218301557957,weighted_fallback,global+hour+season_hour+season_hourgroup_maxtemp+season_hour_maxtemp+season_month_hour_maxtemp+season_cloud_hourgroup+season_solar_hourgroup+temp_cloud_hourgroup,220.97151258551006,0.0,220.89117902695878,none,170+,other,0.7,0.0,0.0,0.08033355855128264,-0.0,220.97151258551006,0.0,0.0,26.280223262873903,66.84278169742973,1.6179790114024115,5.0,Medium-Low,213.36339838924886,210.8904571533203,212.29986983467452,215.74121218527384,4.089767610751153,212.8721530483284,4.581012951671596,4.581012951671596,2.106666477172191,96.5,96.5,0.0,9.652627418151676,0.0,0.0,2.0,0.4009568948359255,weather_uncertainty_peak_hedge,0.1594101794686406,0.2415467153672849,21.739204383055636,1.2533,0.35,1.0,212.8721530483284,212.8721530483284,0.0,0.0,none,18.2271292389363,62.97113833706078,234.21040053654812,234.47119615349249,194.2115104561206,211.1222871013809,210.54402514630524,212.3069521428243,1.0,194.2115104561206,234.47119615349249,40.25968569737188,20.12984284868594,22.0,45,2025-05-07 23:00:00-07:00,2025-06-21 23:00:00-07:00,2025-06-23,0.0,4.660234857114574,4.660234857114574,0,1,152.790058,236.047391,215.82278300000002,0.4000000000000057,0.4000000000000057,0.0,0.4059516203895548,0.0,0.0,-8.099359537181641,8.099359537181641,1.062666366161551,0.48868746576977906,days2to3,0-2F,0-20pp,0-1.25MW,hot_peak,low_weather_error,-4.660234857114574,-3.438013026958771,-3.438013026958771,-3.518346585510045,-3.518346585510045,-3.518346585510045
2025-06-23 17:00:00-07:00,origin_06,2025-06-22 00:00:00-07:00,2025,6,42,2,Days2to7,Summer,6,17,231.863358,95.6,96.1,0.01,3.9283761795978918,0.0,0.0,236.75888644532262,234.77523803710938,236.52595116327112,237.691684290893,236.75888644532262,235.5601346104619,235.5601346104619,235.5601346104619,235.5601346104619,235.5601346104619,235.5601346104619,235.5601346104619,0,0.0,none,235.5601346104619,235.5601346104619,-4.895528445322611,-2.91188003710937,-4.6625931632711115,-5.8283262908929885,-3.6967766104618818,-3.6967766104618818,-3.6967766104618818,-3.6967766104618818,3.6967766104618818,0.0,-1.1987518348607296,0.0,0.0,0.0,0.0,0.0,-1.1987518348607296,Peak_Risk_Adjusted_Forecast_MWH,days2to3_peak_risk,raw_bias,none,none,recent_mean+last24_mean+same_hour+hourgroup+global+cloud_hourgroup+solar_hourgroup+solar_loss_hourgroup,3.0,5,244.5535312,261.91729780000003,35,227.46087394285715,255.5824348,-12.690173200000004,Peak,0,0,0,1,5.0,1.35,0.1,4.9,0.0,168.81111785874057,207.40677483696294,-4.895528445322611,4.895528445322611,2.1113851224921065,Summer,-0.0,0.0,0.0,0.0,Clear/Low,1.0,None,-1.1987518348607262,weighted_fallback,global+hour+season_hour+season_hourgroup_maxtemp+season_hour_maxtemp+season_month_hour_maxtemp+season_cloud_hourgroup+season_solar_hourgroup+temp_cloud_hourgroup,235.5601346104619,0.0,235.5601346104619,none,170+,other,0.7,0.0,0.0,0.0,-0.0,235.5601346104619,0.0,0.0,29.352111608359678,67.94776858658204,1.5943772411257333,5.0,Medium-Low,227.73347356952496,225.6780548095703,228.55172963487522,227.03490511253298,4.129884430475045,226.9400100292694,4.923347970730617,4.923347970730617,2.123383363890821,94.7,96.5,0.0,4.150186424508323,0.0,0.0,2.0,0.405288294605156,weather_uncertainty_peak_hedge,0.1608438501607115,0.24444444444444446,22.0,1.2533,0.35,1.0,226.9400100292694,226.9400100292694,0.0,0.0,none,21.283490597793843,65.61989876740705,248.53472173466423,248.53472173466423,208.04553380436403,220.5517027590436,220.26491865432496,227.20772521835667,1.0,208.04553380436403,248.53472173466423,40.489187930300204,20.244593965150102,22.0,45,2025-05-07 23:00:00-07:00,2025-06-21 23:00:00-07:00,2025-06-23,0.0,4.895528445322611,4.895528445322611,0,1,168.48825,247.70025,226.61192942857141,-0.8999999999999915,0.4000000000000057,-0.01,0.22181024491043155,0.0,0.0,-8.6201245811925,8.6201245811925,1.2265713602687356,0.5290061227650881,days2to3,0-2F,0-20pp,0-1.25MW,hot_peak,low_weather_error,-4.895528445322611,-3.6967766104618818,-3.6967766104618818,-3.6967766104618818,-3.6967766104618818,-3.6967766104618818
2025-06-23 18:00:00-07:00,origin_06,2025-06-22 00:00:00-07:00,2025,6,43,2,Days2to7,Summer,6,18,237.605125,93.4,96.1,0.0,1.3561075004817064e-15,0.0,0.0,239.49100262117935,237.3895263671875,239.61555094497413,239.89570561349942,239.49100262117935,238.26652385356468,238.26652385356468,238.26652385356468,238.26652385356468,238.26652385356468,238.26652385356468,238.26652385356468,0,0.0,none,238.26652385356468,238.26652385356468,-1.885877621179361,0.2155986328124868,-2.010425944974145,-2.2905806134994293,-0.6613988535646911,-0.6613988535646911,-0.6613988535646911,-0.6613988535646911,0.6613988535646911,0.0,-1.22447876761467,0.0,0.0,0.0,0.0,0.0,-1.22447876761467,Peak_Risk_Adjusted_Forecast_MWH,days2to3_peak_risk,raw_bias,none,none,recent_mean+last24_mean+same_hour+hourgroup+global+cloud_hourgroup+solar_hourgroup+solar_loss_hourgroup,3.0,5,248.95600140000002,265.272016,35,227.46087394285715,255.5824348,-11.350876400000033,Peak,0,0,0,1,5.0,1.35,0.1,5.2,0.0,174.11110532673027,210.43999461810432,-1.885877621179361,1.885877621179361,0.793702417479152,Summer,-0.0,0.0,0.0,0.0,Clear/Low,0.0,None,-1.2244787676146789,weighted_fallback,global+hour+season_hour+season_hourgroup_maxtemp+season_hour_maxtemp+season_month_hour_maxtemp+season_cloud_hourgroup+season_solar_hourgroup+temp_cloud_hourgroup,238.26652385356468,0.0,238.26652385356468,none,170+,other,0.7,0.0,0.0,0.0,-0.0,238.26652385356468,0.0,0.0,29.051008003075026,65.37989729444908,0.27836051666170547,5.0,Low,229.6664723213904,226.16806030273438,227.4075409768679,234.21576786811315,7.9386526786096,230.20643249823658,7.398692501763406,7.398692501763406,3.11386065505254,92.9,96.5,0.0,1.458298900721672e-15,0.0,0.0,2.0,0.23886307157527292,weather_uncertainty_peak_hedge,0.021872597579201195,0.21699047399607174,19.529142659646453,1.2533,0.35,1.0,230.20643249823658,230.20643249823658,0.0,0.0,none,20.017653438568942,61.09359714164026,249.49671208630775,251.9675694266613,210.91584992929316,222.73262449275518,220.92610382951835,229.56572279978684,1.0,210.91584992929316,251.9675694266613,41.05171949736814,20.52585974868407,22.0,45,2025-05-07 23:00:00-07:00,2025-06-21 23:00:00-07:00,2025-06-23,0.0,1.885877621179361,1.885877621179361,0,1,175.897925,250.35325,229.35597114285716,-0.5,0.4000000000000057,0.0,1.021914002399657e-16,0.0,0.0,-8.060091355328098,8.060091355328098,6.737293648198715,2.835500138390835,days2to3,0-2F,0-20pp,0-1.25MW,hot_peak,low_weather_error,-1.885877621179361,-0.6613988535646911,-0.6613988535646911,-0.6613988535646911,-0.6613988535646911,-0.6613988535646911
2025-06-23 19:00:00-07:00,origin_06,2025-06-22 00:00:00-07:00,2025,6,44,2,Days2to7,Summer,6,19,233.494275,93.0,96.1,0.11,0.0,0.0,0.0,233.91533948549352,233.8334197998047,235.59966854675102,231.29194229942854,233.91533948549352,232.81640799493633,232.81640799493633,232.81640799493633,232.81640799493633,232.81640799493633,232.81640799493633,232.81640799493633,0,0.0,none,232.81640799493633,232.81640799493633,-0.42106448549353104,-0.3391447998046999,-2.1053935467510314,2.2023327005714464,0.6778670050636606,0.6778670050636606,0.6778670050636606,0.6778670050636606,0.6778670050636606,0.0,-1.0989314905571916,0.0,0.0,0.0,0.0,0.0,-1.0989314905571916,Peak_Risk_Adjusted_Forecast_MWH,days2to3_peak_risk,raw_bias,none,none,recent_mean+last24_mean+same_hour+hourgroup+global+cloud_hourgroup+solar_hourgroup+solar_loss_hourgroup,3.0,5,241.0049332,253.646115,35,227.46087394285715,255.5824348,-7.510658200000023,Peak,0,0,0,1,5.0,0.0,0.1,4.3,0.0,172.5069138138606,206.03299097340866,-0.42106448549353104,0.42106448549353104,0.1803318241929191,Summer,-0.0,0.0,0.0,0.0,Clear/Low,0.0,None,-1.0989314905572023,weighted_fallback,global+hour+season_hour+season_hourgroup_maxtemp+season_hour_maxtemp+season_month_hour_maxtemp+season_cloud_hourgroup+season_solar_hourgroup+temp_cloud_hourgroup,232.81640799493633,0.0,232.81640799493633,none,170+,other,1.0,0.0,0.0,0.0,-0.0,232.81640799493633,0.0,0.0,27.88234851208486,61.408425671632926,0.2903141865314088,5.0,None,217.59149787567912,217.81834411621094,216.2780197497257,219.59072171916827,15.902777124320863,217.07349143066375,16.420783569336237,16.420783569336237,7.032627917466601,87.7,96.5,0.05,0.0,0.0,0.0,2.0,0.5269396118163203,weather_uncertainty_peak_hedge,0.2949776825127859,0.2319619293035345,20.876573637318103,1.2533,0.35,1.0,217.07349143066375,217.07349143066375,0.0,0.0,none,12.181033828007486,49.442272541977616,237.42312545616554,238.54655181884743,202.10859058121514,211.64056280517553,210.5268181209042,216.34681267701419,1.0,202.10859058121514,238.54655181884743,36.437961237632294,18.218980618816147,22.0,45,2025-05-07 23:00:00-07:00,2025-06-21 23:00:00-07:00,2025-06-23,0.0,0.42106448549353104,0.42106448549353104,0,1,175.710408,240.285725,221.76082128571426,-5.299999999999997,0.4000000000000057,-0.06,0.0,0.0,0.0,-15.742916564272576,15.742916564272576,15.742916564272576,6.742313730935192,days2to3,0-2F,0-20pp,0-1.25MW,hot_peak,low_weather_error,-0.42106448549353104,0.6778670050636606,0.6778670050636606,0.6778670050636606,0.6778670050636606,0.6778670050636606
2025-06-23 20:00:00-07:00,origin_06,2025-06-22 00:00:00-07:00,2025,6,45,2,Days2to7,Summer,6,20,221.154216,88.3,96.1,0.53,0.0,0.0,0.0,218.78885253070825,220.38270568847656,217.43872171133984,220.45510005892478,218.78885253070825,217.99239394694814,217.99239394694814,217.99239394694814,217.39940711403082,217.99239394694814,217.99239394694814,217.99239394694814,0,0.0,none,217.99239394694814,217.99239394694814,2.3653634692917365,0.7715103115234285,3.715494288660153,0.6991159410752061,3.16182205305185,3.16182205305185,3.16182205305185,3.16182205305185,3.16182205305185,0.0,-0.7964585837601135,0.0,0.0,-0.5929868329173189,0.5929868329173189,0.0,-0.7964585837601135,Peak_Risk_Adjusted_Forecast_MWH,days2to3_peak_risk,raw_bias,none,none,recent_mean+last24_mean+same_hour+hourgroup+global+solar_hourgroup+solar_loss_hourgroup,3.0,5,225.1379764,232.8874282,35,227.46087394285715,255.5824348,-3.9837604000000226,Peak,0,0,0,1,5.0,0.0,0.2,9.9,0.0,168.28926039666237,196.11046548523748,2.3653634692917365,2.3653634692917365,1.0695538670136573,Summer,-0.0,0.0,0.0,2.0,Partly Cloudy,0.0,None,-0.7964585837601215,weighted_fallback,global+hour+season_hour+season_hourgroup_maxtemp+season_hour_maxtemp+season_month_hour_maxtemp+season_cloud_hourgroup+season_solar_hourgroup+temp_cloud_hourgroup,217.39940711403082,0.0,217.99239394694814,none,170+,other,1.0,0.0,0.0,0.0,-0.5929868329173124,217.99239394694814,0.0,0.0,22.67838704547077,50.49959213404588,1.4296910591348844,5.0,None,202.96694328297966,201.09097290039062,202.16129710895183,204.76895023719166,18.187272717020335,202.44350148894142,18.71071451105857,18.71071451105857,8.460482847434648,84.3,96.5,0.11,0.0,0.0,0.0,2.0,0.6027188383198432,weather_uncertainty_peak_hedge,0.38058265394024204,0.22213618437960117,19.992256594164104,1.2533,0.35,1.0,202.44350148894142,202.44350148894142,0.0,0.0,none,7.4851422106664245,39.07833377678699,221.83303924478568,223.84078265062158,190.15567720732042,198.93539244921135,198.80295081703412,201.9865581088367,1.0,190.15567720732042,223.84078265062158,33.685105443301154,16.842552721650577,22.0,45,2025-05-07 23:00:00-07:00,2025-06-21 23:00:00-07:00,2025-06-23,2.3653634692917365,0.0,-2.3653634692917365,1,0,171.204691,223.981825,208.9235485714286,-4.0,0.4000000000000057,-0.42000000000000004,0.0,0.0,0.0,-15.54889245800672,15.54889245800672,15.54889245800672,7.030791788299763,days2to3,0-2F,35-60pp,0-1.25MW,hot_peak,cloud,2.3653634692917365,3.16182205305185,3.16182205305185,3.16182205305185,3.754808885969169,3.16182205305185
2025-06-24 14:00:00-07:00,origin_06,2025-06-22 00:00:00-07:00,2025,6,63,3,Days2to7,Summer,6,14,177.00605,89.1,92.8,0.0,18.88682167988745,0.0,0.0,179.0610228953317,179.7076873779297,178.53618643303412,179.70100462677127,175.47863338623807,172.990630731328,172.990630731328,172.990630731328,172.990630731328,172.990630731328,172.990630731328,172.990630731328,0,0.0,none,172.990630731328,172.990630731328,-2.0549728953317015,-2.7016373779297,-1.53013643303413,-2.6949546267712776,4.015419268671991,4.015419268671991,4.015419268671991,4.015419268671991,4.015419268671991,-3.582389509093616,-2.488002654910076,0.0,0.0,0.0,0.0,0.0,-6.070392164003692,Peak_Risk_Adjusted_Forecast_MWH,days2to3_peak_risk,raw_bias,none,none,recent_mean+last24_mean+same_hour+hourgroup+global+temp_hourgroup+cloud_hourgroup+solar_hourgroup+solar_loss_hourgroup+temp_cloud_hourgroup,3.0,6,181.3284135,197.737137,42,212.1861347857143,238.8469166,-4.322363500000023,Midday,1,0,0,0,4.0,1.1168556345170217,0.21,5.0,0.0,181.36341117352453,166.05347318947565,-2.0549728953317015,2.0549728953317015,1.1609619531827877,Summer,-3.5823895090936073,0.0,-3.5823895090936073,0.0,Clear/Low,4.0,None,-2.48800265491007,weighted_fallback,global+hour+season_hour+season_hourgroup_maxtemp+season_hour_maxtemp+season_month_hour_maxtemp+season_cloud_hourgroup+season_solar_hourgroup+temp_cloud_hourgroup,172.990630731328,0.0,172.990630731328,none,170+,other,0.7,0.0,0.0,0.0,-0.0,172.990630731328,0.0,0.0,13.007549705856036,-2.3023882781928364,2.2685209170375766,4.0,High,185.05496658771034,183.4383544921875,184.7241260082912,186.03674809694692,-8.048916587710352,181.29908135444944,-4.293031354449454,4.293031354449454,2.425358542518436,91.1,95.2,0.0,19.629013224702053,0.0,0.0,3.0,0.0,none,0.0,0.0,0.0,,,0.0,181.29908135444944,181.29908135444944,0.0,0.0,none,20.14881917026196,8.535530711671896,199.29908135444944,199.29908135444944,163.29908135444944,177.57947764964624,178.56933845445343,182.43405922391074,1.0,163.29908135444944,199.29908135444944,36.0,18.0,18.0,45,2025-05-07 23:00:00-07:00,2025-06-21 23:00:00-07:00,2025-06-24,0.0,2.0549728953317015,2.0549728953317015,0,1,178.926058,164.56965,176.9941055714286,2.0,2.4000000000000057,0.0,0.7421915448146024,0.0,0.0,8.308450623121445,-8.308450623121445,0.2776120857774629,0.1568376254808595,days2to3,2-5F,0-20pp,0-1.25MW,normal,temp_moderate,1.5274166137619147,4.015419268671991,4.015419268671991,4.015419268671991,4.015419268671991,4.015419268671991
2025-06-24 15:00:00-07:00,origin_06,2025-06-22 00:00:00-07:00,2025,6,64,3,Days2to7,Summer,6,15,195.947066,91.9,92.8,0.0,14.607713752654908,0.0,0.0,198.53545176107315,196.62713623046875,199.3747291768394,197.7618202593275,194.79445991903518,192.470157327702,192.470157327702,192.470157327702,192.470157327702,192.470157327702,192.470157327702,192.470157327702,0,0.0,none,192.470157327702,192.470157327702,-2.588385761073141,-0.6800702304687434,-3.4276631768393884,-1.8147542593274864,3.476908672298009,3.476908672298009,3.476908672298009,3.476908672298009,3.476908672298009,-3.740991842037971,-2.324302591333179,0.0,0.0,0.0,0.0,0.0,-6.06529443337115,Peak_Risk_Adjusted_Forecast_MWH,days2to3_peak_risk,raw_bias,none,none,recent_mean+last24_mean+same_hour+hourgroup+global+temp_hourgroup+cloud_hourgroup+solar_hourgroup+solar_loss_hourgroup+temp_cloud_hourgroup,3.0,6,201.86642183333333,216.4522745,42,212.1861347857143,238.8469166,-5.919355833333327,Midday,1,0,0,0,4.0,1.2957215106317699,0.16,5.9,0.0,201.7066620599024,181.98905150584616,-2.588385761073141,2.588385761073141,1.320961734161991,Summer,-3.740991842037962,0.0,-3.740991842037962,0.0,Clear/Low,3.0,None,-2.324302591333171,weighted_fallback,global+hour+season_hour+season_hourgroup_maxtemp+season_hour_maxtemp+season_month_hour_maxtemp+season_cloud_hourgroup+season_solar_hourgroup+temp_cloud_hourgroup,192.470157327702,0.0,192.470157327702,none,170+,other,0.7,0.0,0.0,0.0,-0.0,192.470157327702,0.0,0.0,16.546400255226985,-3.1712102988292656,1.7744122141119527,4.0,Medium-High,202.54893038230176,203.11007690429688,202.96707052114425,201.73152544355062,-6.6018643823017555,198.55216687085826,-2.6051008708582515,2.6051008708582515,1.3294921552222942,93.3,95.2,0.0,15.261552468658017,0.0,0.0,3.0,0.0,none,0.0,0.0,0.0,,,0.0,198.55216687085826,198.55216687085826,0.0,0.0,none,22.279445687083097,8.922312970718224,216.55216687085826,216.55216687085826,180.55216687085826,192.54010524095534,191.84658922863338,199.7829456975985,1.0,180.55216687085826,216.55216687085826,36.0,18.0,18.0,45,2025-05-07 23:00:00-07:00,2025-06-21 23:00:00-07:00,2025-06-24,0.0,2.588385761073141,2.588385761073141,0,1,198.225441,182.742916,197.23565785714285,1.3999999999999915,2.4000000000000057,0.0,0.6538387160031096,0.0,0.0,6.082009543156261,-6.082009543156261,-0.8718078014397577,-0.4449200588896583,days2to3,2-5F,0-20pp,0-1.25MW,normal,temp_moderate,1.15260608096483,3.476908672298009,3.476908672298009,3.476908672298009,3.476908672298009,3.476908672298009
2025-06-24 16:00:00-07:00,origin_06,2025-06-22 00:00:00-07:00,2025,6,65,3,Days2to7,Summer,6,16,215.393125,92.8,92.8,0.0,9.201570062163281,0.0,0.0,216.24325988311216,216.25228881835938,217.85687810722226,213.7049944065828,216.24325988311216,214.2293193199192,214.2293193199192,214.57447665293589,214.57447665293589,214.57447665293589,214.57447665293589,214.57447665293589,0,0.0,none,214.57447665293589,214.57447665293589,-0.8501348831121618,-0.8591638183593773,-2.46375310722226,1.6881305934171849,0.8186483470641122,0.8186483470641122,0.8186483470641122,0.8186483470641122,0.8186483470641122,0.0,-2.0139405631929606,0.0,0.3451573330166866,0.0,0.0,0.0,-1.668783230176274,Peak_Risk_Adjusted_Forecast_MWH,days2to3_peak_risk,raw_bias,none,tree_peak_gap,recent_mean+last24_mean+same_hour+hourgroup+global+temp_hourgroup+cloud_hourgroup+solar_hourgroup+solar_loss_hourgroup+temp_cloud_hourgroup,3.0,6,217.42522900000003,237.9150125,42,212.1861347857143,238.8469166,-2.0321040000000323,Peak,1,0,0,1,4.0,1.35,0.14,6.7,0.0,222.11340085711458,198.1401562881142,-0.8501348831121618,0.8501348831121618,0.3946898876703524,Summer,-0.0,0.0,0.0,0.0,Clear/Low,2.0,None,-2.0139405631929495,weighted_fallback,global+hour+season_hour+season_hourgroup_maxtemp+season_hour_maxtemp+season_month_hour_maxtemp+season_cloud_hourgroup+season_solar_hourgroup+temp_cloud_hourgroup,214.57447665293589,0.0,214.2293193199192,none,170+,other,0.7,0.0,0.0,0.3451573330166824,-0.0,214.57447665293589,0.0,0.0,18.103103594997947,-5.870140974002425,0.3800717163391878,4.0,Medium-Low,219.66034539386095,219.3451690673828,219.96440766317917,219.2725836353546,-4.267220393860953,219.3797791790406,-3.986654179040613,3.986654179040613,1.8508734570987877,94.3,95.2,0.0,9.641350984251968,0.0,0.0,3.0,0.9416556153354614,weather_uncertainty_peak_hedge,0.472322282002128,0.4693333333333334,22.0,2.406336,0.35,1.0,219.3797791790406,219.3797791790406,0.0,0.0,none,23.467097902227096,6.296947004612093,240.43812356370515,240.43812356370515,199.23477988154565,212.05667252684964,210.73902706888381,221.0513714477056,1.0,199.23477988154565,240.43812356370515,41.2033436821595,20.60167184107975,22.0,45,2025-05-07 23:00:00-07:00,2025-06-21 23:00:00-07:00,2025-06-24,0.0,0.8501348831121618,0.8501348831121618,0,1,217.453166,200.369225,213.16646514285716,1.5,2.4000000000000057,0.0,0.439780922088687,0.0,0.0,4.805302526104725,-4.805302526104725,3.168005831976501,1.4708017407596,days2to3,2-5F,0-20pp,0-1.25MW,hot_peak,temp_moderate,-0.8501348831121618,1.1638056800807988,1.1638056800807988,0.8186483470641122,0.8186483470641122,0.8186483470641122
2025-06-24 17:00:00-07:00,origin_06,2025-06-22 00:00:00-07:00,2025,6,66,3,Days2to7,Summer,6,17,228.267708,92.3,92.8,0.0,3.9167019561815537,0.0,0.0,230.35923787941084,225.7820281982422,233.0232870745948,227.48064905302712,230.35923787941084,228.4002865138918,228.4002865138918,229.29293682227845,229.29293682227845,229.29293682227845,229.29293682227845,229.29293682227845,0,0.0,none,229.29293682227845,229.29293682227845,-2.0915298794108423,2.4856798017578114,-4.755579074594806,0.787058946972877,-1.02522882227845,-1.02522882227845,-1.02522882227845,-1.02522882227845,1.02522882227845,0.0,-1.9589513655190274,0.0,0.8926503083866351,0.0,0.0,0.0,-1.0663010571323923,Peak_Risk_Adjusted_Forecast_MWH,days2to3_peak_risk,raw_bias,none,tree_peak_gap,recent_mean+last24_mean+same_hour+hourgroup+global+temp_hourgroup+cloud_hourgroup+solar_hourgroup+solar_loss_hourgroup+temp_cloud_hourgroup,3.0,6,228.21603283333332,250.44381600000003,42,212.1861347857143,238.8469166,0.05167516666668348,Peak,1,0,0,1,4.0,1.35,0.14,8.3,0.0,236.75888644532262,209.76534561486616,-2.0915298794108423,2.0915298794108423,0.9162618303465169,Summer,-0.0,0.0,0.0,0.0,Clear/Low,1.0,None,-1.9589513655190285,weighted_fallback,global+hour+season_hour+season_hourgroup_maxtemp+season_hour_maxtemp+season_month_hour_maxtemp+season_cloud_hourgroup+season_solar_hourgroup+temp_cloud_hourgroup,229.29293682227845,0.0,228.4002865138918,none,170+,other,0.7,0.0,0.0,0.892650308386645,-0.0,229.29293682227845,0.0,0.0,20.593892264544678,-6.399648565911775,0.4491344094445677,4.0,Medium-Low,235.37153891895244,232.0550537109375,234.54310849535005,237.62092535833185,-7.10383091895244,234.4192631349238,-6.151555134923797,6.151555134923797,2.6948862757774728,95.2,95.2,0.0,4.1151637542593065,0.0,0.0,3.0,0.0,none,0.0,0.3795448673147276,17.791165655377853,2.406336,0.35,1.0,234.4192631349238,234.4192631349238,0.0,0.0,none,27.85232986586061,7.638065349427478,252.21042879030165,256.41926313492377,212.4192631349238,226.31269106347807,220.01799388259016,234.40565331861683,1.0,212.4192631349238,256.41926313492377,43.99999999999997,21.999999999999986,22.0,45,2025-05-07 23:00:00-07:00,2025-06-21 23:00:00-07:00,2025-06-24,0.0,2.0915298794108423,2.0915298794108423,0,1,231.863358,211.377175,224.3495162857143,2.9000000000000057,2.4000000000000057,0.0,0.19846179807775277,0.0,0.0,5.126326312645347,-5.126326312645347,5.126326312645347,2.2457518663329052,days2to3,2-5F,0-20pp,0-1.25MW,hot_peak,temp_moderate,-2.0915298794108423,-0.13257851389181496,-0.13257851389181496,-1.02522882227845,-1.02522882227845,-1.02522882227845
2025-06-24 18:00:00-07:00,origin_06,2025-06-22 00:00:00-07:00,2025,6,67,3,Days2to7,Summer,6,18,228.357125,89.5,92.8,0.0,1.3561075004817064e-15,0.0,0.0,229.94641914207318,232.6185760498047,228.51298595933537,231.43548359845212,229.94641914207318,227.9843562100132,227.9843562100132,228.8831771218985,228.8831771218985,228.8831771218985,228.8831771218985,228.8831771218985,0,0.0,none,228.8831771218985,228.8831771218985,-1.5892941420731859,-4.261451049804691,-0.1558609593353708,-3.0783585984521267,-0.5260521218985161,-0.5260521218985161,-0.5260521218985161,-0.5260521218985161,0.5260521218985161,0.0,-1.962062932059979,0.0,0.8988209118853092,0.0,0.0,0.0,-1.0632420201746697,Peak_Risk_Adjusted_Forecast_MWH,days2to3_peak_risk,raw_bias,none,tree_peak_gap,recent_mean+last24_mean+same_hour+hourgroup+global+temp_hourgroup+cloud_hourgroup+solar_hourgroup+solar_loss_hourgroup+temp_cloud_hourgroup,3.0,6,229.20848866666665,253.0272705,42,212.1861347857143,238.8469166,-0.8513636666666571,Peak,1,0,0,1,4.0,1.35,0.18,7.8,0.0,239.49100262117935,212.45099742112998,-1.5892941420731859,1.5892941420731859,0.6959687121972594,Summer,-0.0,0.0,0.0,0.0,Clear/Low,0.0,None,-1.962062932059974,weighted_fallback,global+hour+season_hour+season_hourgroup_maxtemp+season_hour_maxtemp+season_month_hour_maxtemp+season_cloud_hourgroup+season_solar_hourgroup+temp_cloud_hourgroup,228.8831771218985,0.0,227.9843562100132,none,170+,other,0.7,0.0,0.0,0.8988209118853164,-0.0,228.8831771218985,0.0,0.0,17.4954217209432,-9.544583479106166,0.230363787378439,4.0,Low,239.60956680994084,236.88482666015625,238.95623613131346,241.41472649057945,-11.252441809940848,238.41208709202138,-10.054962092021384,10.054962092021384,4.403174235102751,93.8,95.2,0.0,1.447251181776811e-15,0.0,0.0,3.0,0.010697903155923894,weather_uncertainty_peak_hedge,0.0,0.4178974008249734,19.588940663670627,2.406336,0.35,1.0,238.41208709202138,238.41208709202138,0.0,0.0,none,29.353249452635055,9.943094488550457,257.9903298525361,260.40138918886544,216.40138918886547,224.00826806927012,221.34807183609664,238.00327105650123,1.0,216.40138918886547,260.40138918886544,43.99999999999997,21.999999999999986,22.0,45,2025-05-07 23:00:00-07:00,2025-06-21 23:00:00-07:00,2025-06-24,0.0,1.5892941420731859,1.5892941420731859,0,1,237.605125,215.127091,227.53481042857143,4.299999999999997,2.4000000000000057,0.0,9.114368129510457e-17,0.0,0.0,9.528909970122868,-9.528909970122868,9.528909970122868,4.172810447724312,days2to3,2-5F,0-20pp,0-1.25MW,hot_peak,temp_moderate,-1.5892941420731859,0.3727687899867931,0.3727687899867931,-0.5260521218985161,-0.5260521218985161,-0.5260521218985161
2025-06-24 19:00:00-07:00,origin_06,2025-06-22 00:00:00-07:00,2025,6,68,3,Days2to7,Summer,6,19,218.415225,85.3,92.8,0.0,0.0,0.0,0.0,220.15444663619232,221.53173828125,219.53431358100366,220.7354295386152,220.15444663619232,218.34096222336163,218.34096222336163,218.44588905520024,218.44588905520024,218.44588905520024,218.44588905520024,218.44588905520024,0,0.0,none,218.44588905520024,218.44588905520024,-1.739221636192326,-3.1165132812500076,-1.1190885810036661,-2.320204538615201,-0.03066405520024773,-0.03066405520024773,-0.03066405520024773,-0.03066405520024773,0.03066405520024773,0.0,-1.8134844128306895,0.0,0.10492683183861118,0.0,0.0,0.0,-1.7085575809920783,Peak_Risk_Adjusted_Forecast_MWH,days2to3_peak_risk,raw_bias,none,tree_peak_gap,recent_mean+last24_mean+same_hour+hourgroup+global+temp_hourgroup+cloud_hourgroup+solar_hourgroup+solar_loss_hourgroup+temp_cloud_hourgroup,3.0,6,220.6456066666667,244.2543665,42,212.1861347857143,238.8469166,-2.230381666666716,Peak,1,0,0,1,4.0,0.0,0.25,8.9,0.0,233.91533948549352,208.1757168999077,-1.739221636192326,1.739221636192326,0.796291392320442,Summer,-0.0,0.0,0.0,0.0,Clear/Low,0.0,None,-1.813484412830686,weighted_fallback,global+hour+season_hour+season_hourgroup_maxtemp+season_hour_maxtemp+season_month_hour_maxtemp+season_cloud_hourgroup+season_solar_hourgroup+temp_cloud_hourgroup,218.44588905520024,0.0,218.34096222336163,none,170+,other,1.0,0.0,0.0,0.10492683183860409,-0.0,218.44588905520024,0.0,0.0,11.978729736284606,-13.7608928493012,0.014039339611168466,4.0,None,229.36867890297884,227.56057739257812,230.31440492817484,228.39913843778535,-10.95345390297885,228.26974741242165,-9.854522412421659,9.854522412421659,4.511829435160328,89.8,95.2,0.0,0.0,0.0,0.0,3.0,0.0,none,0.0,0.3545499354401867,16.61952822375875,2.406336,0.35,1.0,228.26974741242165,228.26974741242165,0.0,0.0,none,24.147466301638758,11.777181027299719,244.8892756361804,250.26974741242165,206.75327440794456,212.66966562453732,210.90503017751269,227.67490867439452,1.0,206.75327440794456,250.26974741242165,43.51647300447709,21.758236502238546,22.0,45,2025-05-07 23:00:00-07:00,2025-06-21 23:00:00-07:00,2025-06-24,0.0,1.739221636192326,1.739221636192326,0,1,233.494275,208.016725,220.79061414285712,4.5,2.4000000000000057,0.0,0.0,0.0,0.0,9.823858357221411,-9.823858357221411,9.823858357221411,4.49779009554916,days2to3,2-5F,0-20pp,0-1.25MW,hot_peak,temp_moderate,-1.739221636192326,0.07426277663836345,0.07426277663836345,-0.03066405520024773,-0.03066405520024773,-0.03066405520024773
2025-06-24 20:00:00-07:00,origin_06,2025-06-22 00:00:00-07:00,2025,6,69,3,Days2to7,Summer,6,20,202.034491,79.4,92.8,0.0,0.0,0.0,0.0,205.6728317576567,205.84475708007812,205.8200011257485,205.39244408710633,205.6728317576567,203.8646174529491,203.8646174529491,203.8646174529491,203.8646174529491,203.8646174529491,203.8646174529491,203.8646174529491,0,0.0,none,203.8646174529491,203.8646174529491,-3.6383407576566924,-3.8102660800781223,-3.7855101257484876,-3.357953087106324,-1.830126452949088,-1.830126452949088,-1.830126452949088,-1.830126452949088,1.830126452949088,0.0,-1.8082143047076045,0.0,0.0,0.0,0.0,0.0,-1.8082143047076045,Peak_Risk_Adjusted_Forecast_MWH,days2to3_peak_risk,raw_bias,none,none,recent_mean+last24_mean+same_hour+hourgroup+global+temp_hourgroup+cloud_hourgroup+solar_hourgroup+solar_loss_hourgroup+temp_cloud_hourgroup,3.0,6,206.612751,227.165933,42,212.1861347857143,238.8469166,-4.57826,Peak,1,0,0,1,4.0,0.0,0.32,8.3,0.0,218.78885253070825,198.03248613248152,-3.6383407576566924,3.6383407576566924,1.8008513000172293,Summer,-0.0,0.0,0.0,0.0,Clear/Low,0.0,None,-1.8082143047076071,weighted_fallback,global+hour+season_hour+season_hourgroup_maxtemp+season_hour_maxtemp+season_month_hour_maxtemp+season_cloud_hourgroup+season_solar_hourgroup+temp_cloud_hourgroup,203.8646174529491,0.0,203.8646174529491,none,170+,other,1.0,0.0,0.0,0.0,-0.0,203.8646174529491,0.0,0.0,7.640345625175172,-13.11602077305156,0.9058485231361253,4.0,None,213.28536256045413,213.16220092773438,212.58518444866613,214.42083148832657,-11.25087156045413,212.40860881415728,-10.374117814157273,10.374117814157273,5.134825129515768,84.3,95.2,0.0,0.0,0.0,0.0,3.0,0.24940688606123051,weather_uncertainty_peak_hedge,0.0,0.3533777146031668,16.564580372023443,2.406336,0.35,1.0,212.40860881415728,212.40860881415728,0.0,0.0,none,18.141813590572383,10.318419277474476,228.7237823001195,234.15920192809605,194.97900233675404,201.63727632095873,198.751699032128,211.84072769396607,1.0,194.97900233675404,234.15920192809605,39.18019959134202,19.59009979567101,22.0,45,2025-05-07 23:00:00-07:00,2025-06-21 23:00:00-07:00,2025-06-24,0.0,3.6383407576566924,3.6383407576566924,0,1,221.154216,195.717775,208.51960442857143,4.8999999999999915,2.4000000000000057,0.0,0.0,0.0,0.0,8.543991361208185,-8.543991361208185,8.543991361208185,4.228976606379643,days2to3,2-5F,0-20pp,0-1.25MW,hot_peak,temp_moderate,-3.6383407576566924,-1.830126452949088,-1.830126452949088,-1.830126452949088,-1.830126452949088,-1.830126452949088
2025-06-25 14:00:00-07:00,origin_06,2025-06-22 00:00:00-07:00,2025,6,87,4,Days2to7,Summer,6,14,169.441275,88.1,94.4,0.0,18.90635303632994,0.0,0.0,171.98265052638024,170.4215850830078,171.41494277364026,173.32078140736374,169.71912476714274,167.23112211223267,167.23112211223267,167.23112211223267,167.23112211223267,167.23112211223267,167.23112211223267,167.23112211223267,0,0.0,none,167.23112211223267,167.23112211223267,-2.54137552638025,-0.9803100830078222,-1.9736677736402726,-3.879506407363749,2.2101528877673218,2.2101528877673218,2.2101528877673218,2.2101528877673218,2.2101528877673218,-2.2635257592374955,-2.488002654910076,0.0,0.0,0.0,0.0,0.0,-4.751528414147572,Recent_Corrected_Forecast_MWH,days4to7_recent_corrected,raw_bias,none,none,recent_mean+last24_mean+same_hour+hourgroup+global+temp_hourgroup+cloud_hourgroup+solar_hourgroup+solar_loss_hourgroup+temp_cloud_hourgroup,3.0,6,181.3284135,197.737137,42,212.1861347857143,238.8469166,-11.88713850000002,Midday,2,0,0,0,4.0,1.1182132060043664,0.24,3.7,0.0,179.0610228953317,164.8204967459516,-2.54137552638025,2.54137552638025,1.49985623419102,Summer,-2.2635257592374916,0.0,-2.2635257592374916,0.0,Clear/Low,4.0,None,-2.48800265491007,weighted_fallback,global+hour+season_hour+season_hourgroup_maxtemp+season_hour_maxtemp+season_month_hour_maxtemp+season_cloud_hourgroup+season_solar_hourgroup+temp_cloud_hourgroup,167.23112211223267,0.0,167.23112211223267,none,150-170,other,0.7,0.0,0.0,0.0,-0.0,167.23112211223267,0.0,0.0,7.162153780428639,-7.078372368951449,1.304376922191669,4.0,High,190.05915303969817,188.833984375,190.69798510678717,189.40532226704343,-20.617878039698184,200.80877903599804,-31.367504035998053,31.367504035998053,18.512315866366123,90.6,95.4,0.0,20.000108997109358,0.0,0.0,4.0,0.0,none,0.0,0.0,0.0,,,0.0,186.80877903599804,200.80877903599804,1.0,14.0,june_days4to7_hot_peak_recovery_up,25.529704395434038,5.0041864519878345,204.80877903599804,204.80877903599804,168.80877903599804,183.41489870016082,184.75541474670186,186.67025583865464,1.0,168.80877903599804,204.80877903599804,36.0,18.0,18.0,45,2025-05-07 23:00:00-07:00,2025-06-21 23:00:00-07:00,2025-06-25,0.0,2.54137552638025,2.54137552638025,0,1,177.00605,180.4555,178.77073414285718,2.5,1.0,0.0,1.0937559607794185,0.0,0.0,33.577656923765375,-33.577656923765375,29.15735114823073,17.207938944174455,days4to7,0-2F,0-20pp,0-1.25MW,normal,low_weather_error,-0.27784976714275444,2.2101528877673218,2.2101528877673218,2.2101528877673218,2.2101528877673218,2.2101528877673218
2025-06-25 15:00:00-07:00,origin_06,2025-06-22 00:00:00-07:00,2025,6,88,4,Days2to7,Summer,6,15,192.388391,91.6,94.4,0.0,14.6715028956796,0.0,0.0,190.54401394842586,191.11572265625,190.3787184930783,190.64041860459363,188.1680205298775,185.84371793854433,185.84371793854433,185.84371793854433,185.84371793854433,185.84371793854433,185.84371793854433,185.84371793854433,0,0.0,none,185.84371793854433,185.84371793854433,1.8443770515741562,1.2726683437500128,2.009672506921703,1.7479723954063786,6.544673061455683,6.544673061455683,6.544673061455683,6.544673061455683,6.544673061455683,-2.3759934185483473,-2.324302591333179,0.0,0.0,0.0,0.0,0.0,-4.7002960098815265,Recent_Corrected_Forecast_MWH,days4to7_recent_corrected,raw_bias,none,none,recent_mean+last24_mean+same_hour+hourgroup+global+temp_hourgroup+cloud_hourgroup+solar_hourgroup+solar_loss_hourgroup+temp_cloud_hourgroup,3.0,6,201.86642183333333,216.4522745,42,212.1861347857143,238.8469166,-9.478030833333321,Midday,2,0,0,0,4.0,1.3016155145063002,0.2,4.1,0.0,198.53545176107315,180.68693275742802,1.8443770515741562,1.8443770515741562,0.9586737754744027,Summer,-2.3759934185483473,0.0,-2.3759934185483473,0.0,Clear/Low,3.0,None,-2.324302591333171,weighted_fallback,global+hour+season_hour+season_hourgroup_maxtemp+season_hour_maxtemp+season_month_hour_maxtemp+season_cloud_hourgroup+season_solar_hourgroup+temp_cloud_hourgroup,185.84371793854433,0.0,185.84371793854433,none,170+,other,0.7,0.0,0.0,0.0,-0.0,185.84371793854433,0.0,0.0,9.857081190997832,-7.991437812647291,3.4018024826953734,4.0,Medium-High,208.57495640982893,211.030029296875,209.0765298744782,207.0853201405097,-16.186565409828916,219.01277067923712,-26.62437967923711,26.62437967923711,13.838870183823673,93.1,95.4,0.0,15.580498183781488,0.0,0.0,4.0,0.0,none,0.0,0.0,0.0,,,0.0,205.01277067923712,219.01277067923712,1.0,14.0,june_days4to7_hot_peak_recovery_up,29.03423637428142,6.026026027527166,223.01277067923712,223.01277067923712,187.01277067923712,200.93930639491796,200.75392566832352,204.76651165185365,1.0,187.01277067923712,223.01277067923712,36.0,18.0,18.0,45,2025-05-07 23:00:00-07:00,2025-06-21 23:00:00-07:00,2025-06-25,1.8443770515741562,0.0,-1.8443770515741562,1,0,195.947066,202.782825,199.121965,1.5,1.0,0.0,0.9089952881018881,0.0,0.0,33.16905274069279,-33.16905274069279,20.079706617781426,10.4370677011283,days4to7,0-2F,0-20pp,0-1.25MW,normal,low_weather_error,4.2203704701225035,6.544673061455683,6.544673061455683,6.544673061455683,6.544673061455683,6.544673061455683
2025-06-25 16:00:00-07:00,origin_06,2025-06-22 00:00:00-07:00,2025,6,89,4,Days2to7,Summer,6,16,215.805191,93.6,94.4,0.0,9.224122929962702,0.0,0.0,209.77159503473294,210.97525024414062,210.73471729505746,207.91421570867792,209.77159503473294,207.75765447153998,207.75765447153998,207.87733214647034,207.87733214647034,207.87733214647034,207.87733214647034,207.87733214647034,0,0.0,none,207.87733214647034,207.87733214647034,6.033595965267068,4.829940755859383,5.070473704942543,7.890975291322093,7.927858853529671,7.927858853529671,7.927858853529671,7.927858853529671,7.927858853529671,0.0,-2.0139405631929606,0.0,0.11967767493035808,0.0,0.0,0.0,-1.8942628882626025,Recent_Corrected_Forecast_MWH,days4to7_recent_corrected,raw_bias,none,tree_peak_gap,recent_mean+last24_mean+same_hour+hourgroup+global+temp_hourgroup+cloud_hourgroup+solar_hourgroup+solar_loss_hourgroup+temp_cloud_hourgroup,3.0,6,217.42522900000003,237.9150125,42,212.1861347857143,238.8469166,-1.6200380000000223,Peak,2,0,0,1,4.0,1.35,0.17,5.0,0.0,216.24325988311216,196.45646484284453,6.033595965267068,6.033595965267068,2.795853027125315,Summer,-0.0,0.0,0.0,0.0,Clear/Low,2.0,None,-2.0139405631929495,weighted_fallback,global+hour+season_hour+season_hourgroup_maxtemp+season_hour_maxtemp+season_month_hour_maxtemp+season_cloud_hourgroup+season_solar_hourgroup+temp_cloud_hourgroup,207.87733214647034,0.0,207.75765447153998,none,170+,other,0.7,0.0,0.0,0.11967767493035525,-0.0,207.87733214647034,0.0,0.0,13.315130191888414,-6.47166484837922,3.6736182372599506,4.0,Medium-Low,225.43848084297198,228.1668701171875,226.64962902951456,222.75570818577202,-9.633289842971976,238.94761353274453,-23.14242253274452,23.14242253274452,10.723756192104071,94.0,95.4,0.05,9.866879662246165,0.0,0.0,4.0,0.20851841252411324,weather_uncertainty_peak_hedge,0.0,0.5425607596536225,20.690876427468652,2.957788,0.35,1.0,224.94761353274453,238.94761353274453,1.0,14.0,june_days4to7_hot_peak_recovery_up,30.44076972364371,5.7781354491110335,245.42997154768906,246.7390951202204,202.7390951202204,217.7001349051036,215.6631579977636,224.8042689614599,1.0,202.7390951202204,246.7390951202204,44.0,22.0,22.0,45,2025-05-07 23:00:00-07:00,2025-06-21 23:00:00-07:00,2025-06-25,6.033595965267068,0.0,-6.033595965267068,1,0,215.393125,223.283575,215.31273657142856,0.4000000000000057,1.0,0.05,0.6427567322834626,0.0,0.0,31.07028138627419,-31.07028138627419,15.214563679214848,7.05013795484412,days4to7,0-2F,0-20pp,0-1.25MW,hot_peak,low_weather_error,6.033595965267068,8.047536528460029,8.047536528460029,7.927858853529671,7.927858853529671,7.927858853529671
2025-06-25 17:00:00-07:00,origin_06,2025-06-22 00:00:00-07:00,2025,6,90,4,Days2to7,Summer,6,17,232.191175,94.4,94.4,0.0,3.9283761795978918,0.0,0.0,223.41708435465216,222.72085571289062,223.9181414609373,222.82863137099307,223.41708435465216,221.45813298913313,221.45813298913313,221.45813298913313,221.45813298913313,221.45813298913313,221.45813298913313,221.45813298913313,0,0.0,none,221.45813298913313,221.45813298913313,8.774090645347826,9.470319287109362,8.27303353906268,9.362543629006922,10.733042010866853,10.733042010866853,10.733042010866853,10.733042010866853,10.733042010866853,0.0,-1.9589513655190274,0.0,0.0,0.0,0.0,0.0,-1.9589513655190274,Recent_Corrected_Forecast_MWH,days4to7_recent_corrected,raw_bias,none,none,recent_mean+last24_mean+same_hour+hourgroup+global+temp_hourgroup+cloud_hourgroup+solar_hourgroup+solar_loss_hourgroup+temp_cloud_hourgroup,3.0,6,228.21603283333332,250.44381600000003,42,212.1861347857143,238.8469166,3.9751421666666715,Peak,2,0,0,1,4.0,1.35,0.14,6.0,0.0,230.35923787941084,208.03406888335343,8.774090645347826,8.774090645347826,3.7788217598484635,Summer,-0.0,0.0,0.0,0.0,Clear/Low,1.0,None,-1.9589513655190285,weighted_fallback,global+hour+season_hour+season_hourgroup_maxtemp+season_hour_maxtemp+season_month_hour_maxtemp+season_cloud_hourgroup+season_solar_hourgroup+temp_cloud_hourgroup,221.45813298913313,0.0,221.45813298913313,none,170+,other,0.7,0.0,0.0,0.0,-0.0,221.45813298913313,0.0,0.0,15.383015471298734,-6.94215352475868,4.622502130353082,4.0,Medium-Low,237.96590826882056,236.5375518798828,238.2978610728827,237.85236997356228,-5.774733268820569,251.4414189242455,-19.250243924245524,19.250243924245524,8.290687156497453,95.4,95.4,0.0,4.202720429881845,0.0,0.0,4.0,0.6742624902856961,weather_uncertainty_peak_hedge,0.12271930483136338,0.5515431854543327,21.033426563936416,2.957788,0.35,1.0,237.4414189242455,251.4414189242455,1.0,14.0,june_days4to7_hot_peak_recovery_up,31.461932941592664,2.594369349868117,257.80058299789624,258.7671564339598,216.21467109241613,227.14648832280554,224.7869956314772,236.64279327680714,1.0,216.21467109241613,258.7671564339598,42.5524853415437,21.27624267077185,22.0,45,2025-05-07 23:00:00-07:00,2025-06-21 23:00:00-07:00,2025-06-25,8.774090645347826,0.0,-8.774090645347826,1,0,228.267708,235.254941,226.76244957142856,1.0,1.0,0.0,0.27434425028395326,0.0,0.0,29.983285935112377,-29.983285935112377,8.51720191337867,3.66818502614437,days4to7,0-2F,0-20pp,0-1.25MW,hot_peak,low_weather_error,8.774090645347826,10.733042010866853,10.733042010866853,10.733042010866853,10.733042010866853,10.733042010866853
2025-06-25 18:00:00-07:00,origin_06,2025-06-22 00:00:00-07:00,2025,6,91,4,Days2to7,Summer,6,18,238.945041,92.9,94.4,0.0,1.3616313599541372e-15,0.0,0.0,228.0350884457383,226.3721160888672,226.94593078973097,230.2217568642844,228.0350884457383,226.07302551367832,226.07302551367832,226.70482775651166,226.70482775651166,226.70482775651166,226.70482775651166,226.70482775651166,0,0.0,none,226.70482775651166,226.70482775651166,10.909952554261707,12.572924911132816,11.999110210269038,8.723284135715602,12.240213243488341,12.240213243488341,12.240213243488341,12.240213243488341,12.240213243488341,0.0,-1.962062932059979,0.0,0.631802242833345,0.0,0.0,0.0,-1.330260689226634,Recent_Corrected_Forecast_MWH,days4to7_recent_corrected,raw_bias,none,tree_peak_gap,recent_mean+last24_mean+same_hour+hourgroup+global+temp_hourgroup+cloud_hourgroup+solar_hourgroup+solar_loss_hourgroup+temp_cloud_hourgroup,3.0,6,229.20848866666665,253.0272705,42,212.1861347857143,238.8469166,9.73655233333335,Peak,2,0,0,1,4.0,1.35,0.16,5.8,0.0,229.94641914207318,210.222382298569,10.909952554261707,10.909952554261707,4.565883647805735,Summer,-0.0,0.0,0.0,0.0,Clear/Low,0.0,None,-1.962062932059974,weighted_fallback,global+hour+season_hour+season_hourgroup_maxtemp+season_hour_maxtemp+season_month_hour_maxtemp+season_cloud_hourgroup+season_solar_hourgroup+temp_cloud_hourgroup,226.70482775651166,0.0,226.07302551367832,none,170+,other,0.7,0.0,0.0,0.6318022428333464,-0.0,226.70482775651166,0.0,0.0,17.81270614716931,-1.9113306963348862,5.122606098985055,4.0,Low,240.79973457690886,242.97589111328125,240.0460125588275,241.36239588064458,-1.8546935769088577,254.13268156701133,-15.187640567011329,15.187640567011329,6.3561229408445135,94.0,95.4,0.0,1.494203987292471e-15,0.0,0.0,4.0,0.3370763405242516,weather_uncertainty_peak_hedge,0.0,0.5410865797850037,20.634657703665397,2.957788,0.35,1.0,240.13268156701133,254.13268156701133,1.0,14.0,june_days4to7_hot_peak_recovery_up,31.39158267532582,1.1901677669680168,260.4302629301525,261.79560522648706,218.36142430204134,227.85610878688996,221.47663272548684,239.27423548026565,1.0,218.36142430204134,261.79560522648706,43.43418092444571,21.717090462222856,21.99999999999997,45,2025-05-07 23:00:00-07:00,2025-06-21 23:00:00-07:00,2025-06-25,10.909952554261707,0.0,-10.909952554261707,1,0,228.357125,239.246025,229.4248152857143,1.0999999999999943,1.0,0.0,1.3257262733833383e-16,0.0,0.0,27.42785381049967,-27.42785381049967,2.9474273235229873,1.2335168418594582,days4to7,0-2F,0-20pp,0-1.25MW,hot_peak,low_weather_error,10.909952554261707,12.872015486321686,12.872015486321686,12.240213243488341,12.240213243488341,12.240213243488341
2025-06-25 19:00:00-07:00,origin_06,2025-06-22 00:00:00-07:00,2025,6,92,4,Days2to7,Summer,6,19,235.124841,91.3,94.4,0.0,0.0,0.0,0.0,222.27291947327873,219.61398315429688,222.48342782447608,222.7018167268205,222.27291947327873,220.45943506044804,220.45943506044804,220.45943506044804,220.45943506044804,220.45943506044804,220.45943506044804,220.45943506044804,0,0.0,none,220.45943506044804,220.45943506044804,12.85192152672127,15.510857845703129,12.641413175523923,12.423024273179493,14.66540593955196,14.66540593955196,14.66540593955196,14.66540593955196,14.66540593955196,0.0,-1.8134844128306895,0.0,0.0,0.0,0.0,0.0,-1.8134844128306895,Recent_Corrected_Forecast_MWH,days4to7_recent_corrected,raw_bias,none,none,recent_mean+last24_mean+same_hour+hourgroup+global+temp_hourgroup+cloud_hourgroup+solar_hourgroup+solar_loss_hourgroup+temp_cloud_hourgroup,3.0,6,220.6456066666667,244.2543665,42,212.1861347857143,238.8469166,14.479234333333295,Peak,2,0,0,1,4.0,0.0,0.16,6.8,0.0,220.15444663619232,205.27861999079235,12.85192152672127,12.85192152672127,5.4659990293076985,Summer,-0.0,0.0,0.0,0.0,Clear/Low,0.0,None,-1.813484412830686,weighted_fallback,global+hour+season_hour+season_hourgroup_maxtemp+season_hour_maxtemp+season_month_hour_maxtemp+season_cloud_hourgroup+season_solar_hourgroup+temp_cloud_hourgroup,220.45943506044804,0.0,220.45943506044804,none,170+,other,1.0,0.0,0.0,0.0,-0.0,220.45943506044804,0.0,0.0,16.994299482486383,2.118472837086415,6.237284787595863,4.0,None,233.22227402690885,234.11972045898438,234.82600694934845,230.44570902533937,1.9025669730911545,244.12334253635166,-8.998501536351654,8.998501536351654,3.827116479092761,90.4,95.4,0.0,0.0,0.0,0.0,4.0,0.0,none,0.0,0.47744135458802817,18.207509285136666,2.957788,0.35,1.0,232.12334253635166,244.12334253635166,1.0,12.0,june_days4to7_hot_evening_finish_recovery_up,29.581839439428933,3.853595123930006,250.33085182148832,254.12334253635166,211.37075625730347,218.916139001611,212.4101494980412,231.89923675917763,1.0,211.37075625730347,254.12334253635166,42.75258627904819,21.376293139524094,22.0,45,2025-05-07 23:00:00-07:00,2025-06-21 23:00:00-07:00,2025-06-25,12.85192152672127,0.0,-12.85192152672127,1,0,218.415225,234.068958,222.27611414285712,-0.8999999999999915,1.0,0.0,0.0,0.0,0.0,23.663907475903613,-23.663907475903613,-5.666904403200306,-2.410168308503101,days4to7,0-2F,0-20pp,0-1.25MW,hot_peak,low_weather_error,12.85192152672127,14.66540593955196,14.66540593955196,14.66540593955196,14.66540593955196,14.66540593955196
2025-06-25 20:00:00-07:00,origin_06,2025-06-22 00:00:00-07:00,2025,6,93,4,Days2to7,Summer,6,20,218.499716,86.6,94.4,0.0,0.0,0.0,0.0,211.45998574288802,209.7342071533203,210.91049066836666,212.81655759986947,211.45998574288802,209.65177143818042,209.65177143818042,209.7424038271094,209.7424038271094,209.7424038271094,209.7424038271094,209.7424038271094,0,0.0,none,209.7424038271094,209.7424038271094,7.039730257111984,8.765508846679694,7.589225331633344,5.683158400130537,8.757312172890607,8.757312172890607,8.757312172890607,8.757312172890607,8.757312172890607,0.0,-1.8082143047076045,0.0,0.09063238892898084,0.0,0.0,0.0,-1.7175819157786236,Recent_Corrected_Forecast_MWH,days4to7_recent_corrected,raw_bias,none,tree_peak_gap,recent_mean+last24_mean+same_hour+hourgroup+global+temp_hourgroup+cloud_hourgroup+solar_hourgroup+solar_loss_hourgroup+temp_cloud_hourgroup,3.0,6,206.612751,227.165933,42,212.1861347857143,238.8469166,11.886965000000004,Peak,2,0,0,1,4.0,0.0,0.24,7.8,0.0,205.6728317576567,194.91495624071817,7.039730257111984,7.039730257111984,3.221848698930109,Summer,-0.0,0.0,0.0,0.0,Clear/Low,0.0,None,-1.8082143047076071,weighted_fallback,global+hour+season_hour+season_hourgroup_maxtemp+season_hour_maxtemp+season_month_hour_maxtemp+season_cloud_hourgroup+season_solar_hourgroup+temp_cloud_hourgroup,209.7424038271094,0.0,209.65177143818042,none,170+,other,1.0,0.0,0.0,0.09063238892897801,-0.0,209.7424038271094,0.0,0.0,16.545029502169854,5.787153985231328,4.007928400644057,4.0,None,218.55404082583897,217.78805541992188,219.27755660809484,217.63594042684176,-0.05432482583896103,230.51833460983343,-12.018618609833425,12.018618609833425,5.5005190989966435,85.3,95.4,0.06,0.0,0.0,0.0,4.0,1.0904544163525374,weather_uncertainty_peak_hedge,0.5900326956283997,0.5004217207241377,19.083879180157794,2.957788,0.35,1.0,218.51833460983343,230.51833460983343,1.0,12.0,june_days4to7_hot_evening_finish_recovery_up,25.440517347320906,5.268678265384835,236.51175937363868,239.4278801934809,200.65635966200628,208.93555121490826,203.18591570163483,216.35685647003086,1.0,200.65635966200628,239.4278801934809,38.77152053147461,19.385760265737304,22.0,45,2025-05-07 23:00:00-07:00,2025-06-21 23:00:00-07:00,2025-06-25,7.039730257111984,0.0,-7.039730257111984,1,0,202.034491,222.526383,209.42199242857143,-1.2999999999999972,1.0,0.06,0.0,0.0,0.0,20.775930782724032,-20.775930782724032,3.2613064369428173,1.492590698352586,days4to7,0-2F,0-20pp,0-1.25MW,hot_peak,low_weather_error,7.039730257111984,8.847944561819588,8.847944561819588,8.757312172890607,8.757312172890607,8.757312172890607
2025-06-26 14:00:00-07:00,origin_06,2025-06-22 00:00:00-07:00,2025,6,111,5,Days2to7,Summer,6,14,183.893525,89.1,93.6,0.75,18.789164897675,0.0,0.0,185.96004460127827,185.49087524414062,185.68652655216093,186.52390706621625,182.9883442515444,180.8385571102246,180.6267386453101,180.6267386453101,179.65771968168107,179.65771968168107,179.65771968168107,179.65771968168107,0,0.0,none,179.65771968168107,179.65771968168107,-2.0665196012782587,-1.597350244140614,-1.7930015521609164,-2.6303820662162423,4.235805318318938,4.235805318318938,4.235805318318938,4.235805318318938,4.235805318318938,-2.9717003497338794,-2.1497871413197913,-0.21181846491450074,0.0,-0.9690189636290256,0.0,0.0,-6.302324919597197,Recent_Corrected_Forecast_MWH,days4to7_recent_corrected,raw_bias+solar_cloud_midday,event_class_hour_loss+weekday_hour_cloud_loss+event_class_hour_temp+hour_cloud_loss+hour_temp_loss+hour_loss+hour_cloud,none,recent_mean+last24_mean+same_hour+hourgroup+global+temp_hourgroup+solar_hourgroup+solar_loss_hourgroup,3.0,6,181.3284135,197.737137,42,212.1861347857143,238.8469166,2.5651115000000004,Midday,3,0,0,0,4.0,1.1115410109486796,0.24,4.0,0.0,171.98265052638024,156.47710039257734,-2.0665196012782587,2.0665196012782587,1.123758762728736,Summer,-2.2001006913205305,-0.7715996584133527,-2.971700349733883,3.0,Mostly Cloudy,4.0,None,-2.149787141319795,weighted_fallback,global+hour+season_hour+season_hourgroup_maxtemp+season_hour_maxtemp+season_month_hour_maxtemp+season_cloud_hourgroup+season_solar_hourgroup+temp_cloud_hourgroup,179.65771968168107,0.0,180.8385571102246,none,170+,solar_loss_general,0.7,-0.21181846491449519,-0.21181846491449519,0.0,-0.9690189636290123,180.6267386453101,0.0,0.0,29.48294420870093,13.97739407489803,2.3034010133412464,4.0,High,191.19083512448773,193.71395874023438,190.88775082387204,190.94621799238476,-7.297310124487723,185.17618761732695,-1.2826626173269347,1.2826626173269347,0.6975028714724646,87.0,93.3,0.06,19.218854739409775,0.0,0.0,5.0,0.0,none,0.0,0.0,0.0,,,0.0,185.17618761732695,185.17618761732695,0.0,0.0,none,32.42242533169531,1.13168208478956,203.17618761732695,203.17618761732695,169.6265114271066,179.83504529950065,179.62704109139037,184.98930861197806,1.0,169.6265114271066,203.17618761732695,33.54967619022034,16.77483809511017,18.0,45,2025-05-07 23:00:00-07:00,2025-06-21 23:00:00-07:00,2025-06-26,0.0,2.0665196012782587,2.0665196012782587,0,1,169.441275,205.896316,177.19727342857144,-2.0999999999999943,-0.29999999999999716,-0.69,0.4296898417347741,0.0,0.0,5.518467935645873,-5.518467935645873,-2.9531427009920037,-1.6058981418687817,days4to7,0-2F,60pp+,0-1.25MW,cloudy_solar_loss_midday,cloud,0.9051807484556207,3.054967889775412,3.2667863546899127,3.2667863546899127,4.235805318318938,4.235805318318938
2025-06-26 15:00:00-07:00,origin_06,2025-06-22 00:00:00-07:00,2025,6,112,5,Days2to7,Summer,6,15,204.577341,91.7,93.6,0.72,14.52797732387404,0.0,0.0,205.64595384390873,206.44447326660156,207.2654421534009,202.87289523679456,202.40606974646633,200.44150118161502,200.47369471628724,200.47369471628724,199.57128268340097,199.57128268340097,199.57128268340097,199.57128268340097,0,0.0,none,199.57128268340097,199.57128268340097,-1.0686128439087383,-1.8671322666015726,-2.6881011534009076,1.7044457632054275,5.006058316599024,5.006058316599024,5.006058316599024,5.006058316599024,5.006058316599024,-3.239884097442399,-1.9645685648513052,0.03219353467221708,0.0,-0.902412032886275,0.0,0.0,-6.074671160507762,Recent_Corrected_Forecast_MWH,days4to7_recent_corrected,raw_bias+solar_cloud_midday,event_class_hour_loss+weekday_hour_cloud_loss+hour_cloud_loss+season_hour_cloud_loss+hour_base_loss+hour_temp_loss+hour_loss+hour_cloud,none,recent_mean+last24_mean+same_hour+hourgroup+global+temp_hourgroup+solar_hourgroup+solar_loss_hourgroup,3.0,6,201.86642183333333,216.4522745,42,212.1861347857143,238.8469166,2.710919166666656,Midday,3,0,0,0,4.0,1.289182570611481,0.21,3.7,0.0,190.54401394842586,171.28601575006027,-1.0686128439087383,1.0686128439087383,0.5223515168812065,Summer,-2.358703024264885,-0.8811810731775165,-3.2398840974424017,3.0,Mostly Cloudy,3.0,None,-1.9645685648513085,weighted_fallback,global+hour+season_hour+season_hourgroup_maxtemp+season_hour_maxtemp+season_month_hour_maxtemp+season_cloud_hourgroup+season_solar_hourgroup+temp_cloud_hourgroup,199.57128268340097,0.0,200.44150118161502,none,170+,weekday_late_midday_solar_loss,0.5319999999999999,0.032193534672227624,0.06051416291772111,0.0,-0.902412032886272,200.47369471628724,0.0,0.0,34.359938093848456,15.101939895482872,2.4470248230467635,4.0,Medium-High,209.01559247840402,207.65005493164062,209.24723117803293,209.04174239234808,-4.438251478404027,203.12377197445574,1.4535690255442546,1.4535690255442546,0.7105229828675185,89.4,93.3,0.06,15.03829046807159,0.0,0.0,5.0,0.0,none,0.0,0.0,0.0,,,0.0,203.12377197445574,203.12377197445574,0.0,0.0,none,36.29994052716668,0.4406360685750883,221.12377197445574,221.12377197445574,186.0354370068702,197.20860422261583,194.90166747004614,202.91763767451283,1.0,186.0354370068702,221.12377197445574,35.088334967585524,17.544167483792762,18.0,45,2025-05-07 23:00:00-07:00,2025-06-21 23:00:00-07:00,2025-06-26,0.0,1.0686128439087383,1.0686128439087383,0,1,192.388391,226.221966,197.63704585714285,-2.299999999999997,-0.29999999999999716,-0.6599999999999999,0.5103131441975499,0.0,0.0,3.552489291054769,-3.552489291054769,-3.552489291054769,-1.7365018401792454,days4to7,0-2F,60pp+,0-1.25MW,cloudy_solar_loss_midday,cloud,2.1712712535336607,4.135839818384966,4.103646283712749,4.103646283712749,5.006058316599024,5.006058316599024
2025-06-26 16:00:00-07:00,origin_06,2025-06-22 00:00:00-07:00,2025,6,113,5,Days2to7,Summer,6,16,225.793975,93.3,93.6,0.79,9.111358590965601,0.0,0.0,223.192194983367,223.31272888183594,225.094236651925,220.16883410464183,223.192194983367,221.42735551211786,220.62584035350892,221.43345831763776,220.66909745818148,220.66909745818148,220.66909745818148,220.66909745818148,0,0.0,none,220.66909745818148,220.66909745818148,2.6017800166330005,2.4812461181640515,0.6997383480749875,5.625140895358157,5.124877541818506,5.124877541818506,5.124877541818506,5.124877541818506,5.124877541818506,0.0,-1.7648394712491324,-0.801515158608936,0.8076179641288377,-0.764360859456275,0.0,0.0,-2.5230975251855057,Recent_Corrected_Forecast_MWH,days4to7_recent_corrected,raw_bias+solar_cloud_midday,event_class_hour_loss+event_class_hour_temp+hour_cloud_loss+season_hour_cloud_loss+hour_base_loss+hour_temp_loss+hour_loss+hour_cloud,tree_peak_gap,recent_mean+last24_mean+same_hour+hourgroup+global+temp_hourgroup+solar_hourgroup+solar_loss_hourgroup,3.0,6,217.42522900000003,237.9150125,42,212.1861347857143,238.8469166,8.368745999999959,Peak,3,0,0,1,4.0,1.35,0.19,3.7,0.0,209.77159503473294,186.8458832763778,2.6017800166330005,2.6017800166330005,1.1522805321235876,Summer,-0.0,-0.0,-0.0,3.0,Mostly Cloudy,2.0,None,-1.7648394712491309,weighted_fallback,global+hour+season_hour+season_hourgroup_maxtemp+season_hour_maxtemp+season_month_hour_maxtemp+season_cloud_hourgroup+season_solar_hourgroup+temp_cloud_hourgroup,220.66909745818148,0.0,221.42735551211786,none,170+,warm_cloud_peak_transition,0.644,-0.8015151586089363,-0.8015151586089363,0.8076179641288449,-0.7643608594562871,221.43345831763776,0.0,0.0,36.346311706989184,13.420599948634049,2.2697140354690624,4.0,Medium-Low,224.45431349289476,226.50637817382812,225.3838390324554,222.40732630760417,1.3396615071052338,224.20141522952233,1.5925597704776635,1.5925597704776635,0.7053154409800632,91.2,93.3,0.06,9.596245248653128,0.0,0.0,5.0,1.174739415551038,weather_uncertainty_peak_hedge,0.2480506740436456,0.9266887415073924,20.292454193592533,5.151063000000001,0.35,1.0,224.20141522952233,224.20141522952233,0.0,0.0,none,36.82905739599906,-0.9841673500772288,243.3191300075638,245.02667581397128,203.05474513047764,215.8641623674652,212.85547383528888,222.7015224025392,1.0,203.05474513047764,245.02667581397128,41.97193068349364,20.98596534174682,22.0,45,2025-05-07 23:00:00-07:00,2025-06-21 23:00:00-07:00,2025-06-26,2.6017800166330005,0.0,-2.6017800166330005,1,0,215.805191,243.968666,214.24439600000002,-2.0999999999999943,-0.29999999999999716,-0.73,0.48488665768752703,0.0,0.0,3.5323177713408427,-3.5323177713408427,-3.5323177713408427,-1.5643985944889995,days4to7,0-2F,60pp+,0-1.25MW,hot_peak,cloud,2.6017800166330005,4.366619487882133,5.168134646491069,4.360516682362231,5.124877541818506,5.124877541818506
2025-06-26 17:00:00-07:00,origin_06,2025-06-22 00:00:00-07:00,2025,6,114,5,Days2to7,Summer,6,17,240.853175,93.6,93.6,0.82,3.86416795080803,0.0,0.0,236.97013478813096,235.06753540039062,239.21295451412982,233.98930361520146,236.97013478813096,235.20673155985983,235.20673155985983,235.7601541847083,235.0329960510079,235.0329960510079,235.0329960510079,235.0329960510079,0,0.0,none,235.0329960510079,235.0329960510079,3.88304021186903,5.785639599609368,1.6402204858701737,6.863871384798529,5.820178948992094,5.820178948992094,5.820178948992094,5.820178948992094,5.820178948992094,0.0,-1.7634032282711303,0.0,0.5534226248484799,-0.7271581337004136,0.0,0.0,-1.937138737123064,Recent_Corrected_Forecast_MWH,days4to7_recent_corrected,raw_bias,none,tree_peak_gap,recent_mean+last24_mean+same_hour+hourgroup+global+temp_hourgroup+solar_hourgroup+solar_loss_hourgroup,3.0,6,228.21603283333332,250.44381600000003,42,212.1861347857143,238.8469166,12.637142166666678,Peak,3,0,0,1,4.0,1.35,0.18,3.8,0.0,223.41708435465216,198.65295364830374,3.88304021186903,3.88304021186903,1.6122022106908205,Summer,-0.0,0.0,0.0,4.0,Overcast,1.0,None,-1.7634032282711303,weighted_fallback,global+hour+season_hour+season_hourgroup_maxtemp+season_hour_maxtemp+season_month_hour_maxtemp+season_cloud_hourgroup+season_solar_hourgroup+temp_cloud_hourgroup,235.0329960510079,0.0,235.20673155985983,none,170+,warm_cloud_peak_transition,0.644,0.0,0.0,0.5534226248484928,-0.7271581337004134,235.7601541847083,0.0,0.0,38.31718113982723,13.553050433478802,2.4164842124219845,4.0,Medium-Low,237.0930280394944,234.58804321289062,237.87387664240515,236.5816901853785,3.7601469605055797,238.38791303568223,2.4652619643177616,2.4652619643177616,1.0235538577881573,93.3,93.3,0.16,4.039281302053107,0.0,0.0,5.0,3.2538363617068584,weather_uncertainty_peak_hedge,2.2491696950401905,1.004666666666668,22.00000000000003,5.151063000000001,0.35,1.0,238.38791303568223,238.38791303568223,0.0,0.0,none,37.89176453100643,-0.8728802293261424,257.1340766739754,257.1340766739754,216.04038510567707,225.2428686201854,222.6790593302325,235.1257862497746,1.0,216.04038510567707,257.1340766739754,41.09369156829834,20.54684578414917,22.00000000000003,45,2025-05-07 23:00:00-07:00,2025-06-21 23:00:00-07:00,2025-06-26,3.88304021186903,0.0,-3.88304021186903,1,0,232.191175,256.344208,226.3247687142857,-0.29999999999999716,-0.29999999999999716,-0.6599999999999999,0.17511335124507665,0.0,0.0,3.3549169846743325,-3.3549169846743325,-3.3549169846743325,-1.3929303546338272,days4to7,0-2F,60pp+,0-1.25MW,hot_peak,cloud,3.88304021186903,5.64644344014016,5.64644344014016,5.0930208152916805,5.820178948992094,5.820178948992094
2025-06-26 18:00:00-07:00,origin_06,2025-06-22 00:00:00-07:00,2025,6,115,5,Days2to7,Summer,6,18,246.64465,92.5,93.6,0.0,1.34229785180063e-15,0.0,0.0,241.40031590605957,241.59703063964844,242.0135210308971,240.38050364314662,241.40031590605957,239.4382529739996,239.4382529739996,239.4382529739996,239.4382529739996,239.4382529739996,239.4382529739996,239.4382529739996,0,0.0,none,239.4382529739996,239.4382529739996,5.244334093940438,5.047619360351575,4.631128969102917,6.264146356853388,7.206397026000417,7.206397026000417,7.206397026000417,7.206397026000417,7.206397026000417,0.0,-1.962062932059979,0.0,0.0,0.0,0.0,0.0,-1.962062932059979,Recent_Corrected_Forecast_MWH,days4to7_recent_corrected,raw_bias,none,none,recent_mean+last24_mean+same_hour+hourgroup+global+temp_hourgroup+cloud_hourgroup+solar_hourgroup+solar_loss_hourgroup+temp_cloud_hourgroup,3.0,6,229.20848866666665,253.0272705,42,212.1861347857143,238.8469166,17.43616133333336,Peak,3,0,0,1,4.0,1.35,0.19,3.4,0.0,228.0350884457383,201.16728907653155,5.244334093940438,5.244334093940438,2.126271173504245,Summer,-0.0,0.0,0.0,0.0,Clear/Low,0.0,None,-1.962062932059974,weighted_fallback,global+hour+season_hour+season_hourgroup_maxtemp+season_hour_maxtemp+season_month_hour_maxtemp+season_cloud_hourgroup+season_solar_hourgroup+temp_cloud_hourgroup,239.4382529739996,0.0,239.4382529739996,none,170+,other,0.7,0.0,0.0,0.0,-0.0,239.4382529739996,0.0,0.0,40.23302682952803,13.365227460321279,2.9217730958285193,4.0,Low,240.7154125388908,240.2694091796875,240.6171147879626,240.99730996440744,5.92923746110921,238.75334960683082,7.891300393169189,7.891300393169189,3.1994614086172914,91.1,93.3,0.14,1.4610608304578874e-15,0.0,0.0,5.0,0.0,none,0.0,0.8376694953150146,18.34312763463535,5.151063000000001,0.35,1.0,238.75334960683082,238.75334960683082,0.0,0.0,none,38.538832983463635,-0.08432203801805827,257.0964772414662,260.75334960683085,218.30604101013336,227.3542391691876,221.36774733540756,238.12021850039008,1.0,218.30604101013336,260.75334960683085,42.447308596697496,21.223654298348748,22.00000000000003,45,2025-05-07 23:00:00-07:00,2025-06-21 23:00:00-07:00,2025-06-26,5.244334093940438,0.0,-5.244334093940438,1,0,238.945041,262.967266,229.38181757142857,-1.4000000000000057,-0.29999999999999716,0.14,1.187629786572574e-16,0.0,0.0,-0.6849033671687721,0.6849033671687721,0.6849033671687721,0.27768831278877204,days4to7,0-2F,0-20pp,0-1.25MW,hot_peak,low_weather_error,5.244334093940438,7.206397026000417,7.206397026000417,7.206397026000417,7.206397026000417,7.206397026000417
2025-06-26 19:00:00-07:00,origin_06,2025-06-22 00:00:00-07:00,2025,6,116,5,Days2to7,Summer,6,19,243.015941,91.9,93.6,0.09,0.0,0.0,0.0,235.6558909407887,238.4475860595703,237.52892129959392,231.91493034301433,235.6558909407887,233.84240652795802,233.84240652795802,234.72525527034477,234.72525527034477,234.72525527034477,234.72525527034477,234.72525527034477,0,0.0,none,234.72525527034477,234.72525527034477,7.360050059211289,4.5683549404296855,5.48701970040608,11.101010656985665,8.290685729655223,8.290685729655223,8.290685729655223,8.290685729655223,8.290685729655223,0.0,-1.8134844128306895,0.0,0.8828487423867557,0.0,0.0,0.0,-0.9306356704439338,Recent_Corrected_Forecast_MWH,days4to7_recent_corrected,raw_bias,none,tree_peak_gap,recent_mean+last24_mean+same_hour+hourgroup+global+temp_hourgroup+cloud_hourgroup+solar_hourgroup+solar_loss_hourgroup+temp_cloud_hourgroup,3.0,6,220.6456066666667,244.2543665,42,212.1861347857143,238.8469166,22.37033433333329,Peak,3,0,0,1,4.0,0.0,0.19,3.5,0.0,222.27291947327873,195.9358180584036,7.360050059211289,7.360050059211289,3.02862850433803,Summer,-0.0,0.0,0.0,0.0,Clear/Low,0.0,None,-1.813484412830686,weighted_fallback,global+hour+season_hour+season_hourgroup_maxtemp+season_hour_maxtemp+season_month_hour_maxtemp+season_cloud_hourgroup+season_solar_hourgroup+temp_cloud_hourgroup,234.72525527034477,0.0,233.84240652795802,none,170+,other,1.0,0.0,0.0,0.8828487423867615,-0.0,234.72525527034477,0.0,0.0,39.7200728823851,13.382971467509975,3.4115810244955176,4.0,None,230.4718484253908,231.29876708984375,231.58217157798452,228.4907924243283,12.54409257460921,228.6583640125601,14.357576987439899,14.357576987439899,5.908080321134118,87.4,93.3,0.11,0.0,0.0,0.0,5.0,0.0,none,0.0,0.7793243273993937,17.065496220424677,5.151063000000001,0.35,1.0,228.6583640125601,228.6583640125601,0.0,0.0,none,34.61002226263818,-2.75042560151806,245.72386023298478,250.6583640125601,210.29140621496703,216.29910030624384,212.1847760610119,228.35067719214138,1.0,210.29140621496703,250.6583640125601,40.366957797593074,20.183478898796537,22.0,45,2025-05-07 23:00:00-07:00,2025-06-21 23:00:00-07:00,2025-06-26,7.360050059211289,0.0,-7.360050059211289,1,0,235.124841,252.455625,222.42695457142855,-4.5,-0.29999999999999716,0.020000000000000004,0.0,0.0,0.0,-6.066891257784675,6.066891257784675,6.066891257784675,2.4964992966386,days4to7,0-2F,0-20pp,0-1.25MW,hot_peak,low_weather_error,7.360050059211289,9.173534472041979,9.173534472041979,8.290685729655223,8.290685729655223,8.290685729655223
2025-06-26 20:00:00-07:00,origin_06,2025-06-22 00:00:00-07:00,2025,6,117,5,Days2to7,Summer,6,20,230.263458,90.1,93.6,0.06,0.0,0.0,0.0,226.60137516687823,223.6953125,225.47609802525875,229.19997143710256,226.60137516687823,224.79316086217062,224.79316086217062,225.5669066783832,225.5669066783832,225.5669066783832,225.5669066783832,225.5669066783832,0,0.0,none,225.5669066783832,225.5669066783832,3.6620828331217865,6.568145500000014,4.787359974741264,1.0634865628974524,4.696551321616823,4.696551321616823,4.696551321616823,4.696551321616823,4.696551321616823,0.0,-1.8082143047076045,0.0,0.7737458162125677,0.0,0.0,0.0,-1.0344684884950368,Recent_Corrected_Forecast_MWH,days4to7_recent_corrected,raw_bias,none,tree_peak_gap,recent_mean+last24_mean+same_hour+hourgroup+global+temp_hourgroup+cloud_hourgroup+solar_hourgroup+solar_loss_hourgroup+temp_cloud_hourgroup,3.0,6,206.612751,227.165933,42,212.1861347857143,238.8469166,23.65070700000001,Peak,3,0,0,1,4.0,0.0,0.21,3.6,0.0,211.45998574288802,186.35577691827362,3.6620828331217865,3.6620828331217865,1.5903881861801041,Summer,-0.0,0.0,0.0,0.0,Clear/Low,0.0,None,-1.8082143047076071,weighted_fallback,global+hour+season_hour+season_hourgroup_maxtemp+season_hour_maxtemp+season_month_hour_maxtemp+season_cloud_hourgroup+season_solar_hourgroup+temp_cloud_hourgroup,225.5669066783832,0.0,224.79316086217062,none,170+,other,1.0,0.0,0.0,0.7737458162125663,-0.0,225.5669066783832,0.0,0.0,40.24559824860461,15.141389423990205,2.0396424870926864,4.0,None,214.42081864106476,216.1960906982422,213.47226548645153,215.40418158197767,15.842639358935259,214.18192265188966,16.08153534811035,16.08153534811035,6.9839719631546355,83.5,93.3,0.09,0.0,0.0,0.0,5.0,1.2484008164957494,weather_uncertainty_peak_hedge,0.5026709948057624,0.7457298216899869,16.32985010999971,5.151063000000001,0.35,1.0,214.18192265188966,214.18192265188966,0.0,0.0,none,28.853038044569672,-4.133222184774212,229.26337194539363,234.93352183539392,197.25320784256556,201.85523654721638,201.09377265710535,212.69002319487026,1.0,197.25320784256556,234.93352183539392,37.68031399282836,18.84015699641418,22.0,45,2025-05-07 23:00:00-07:00,2025-06-21 23:00:00-07:00,2025-06-26,3.6620828331217865,0.0,-3.6620828331217865,1,0,218.499716,233.608725,208.8467542857143,-6.599999999999994,-0.29999999999999716,0.03,0.0,0.0,0.0,-11.384984026493527,11.384984026493527,11.384984026493527,4.944329476061949,days4to7,0-2F,0-20pp,0-1.25MW,hot_peak,low_weather_error,3.6620828331217865,5.470297137829391,5.470297137829391,4.696551321616823,4.696551321616823,4.696551321616823
2025-06-27 14:00:00-07:00,origin_06,2025-06-22 00:00:00-07:00,2025,6,135,6,Days2to7,Summer,6,14,231.030066,97.0,99.8,0.0,18.691508115462554,0.0,0.0,232.54614244241043,229.37875366210938,233.17189860097153,232.4677795590432,232.18611979634676,230.5795582341506,230.5795582341506,230.5795582341506,230.5795582341506,244.5795582341506,230.5795582341506,244.5795582341506,1,14.0,june_days4to7_hot_peak_recovery_up,244.5795582341506,244.5795582341506,-1.516076442410423,1.65131233789063,-2.141832600971526,-1.4377135590432033,-13.549492234150591,0.45050776584940877,-13.549492234150591,-13.549492234150591,13.549492234150591,-0.36002264606366907,-1.6065615621961626,0.0,0.0,0.0,14.0,14.0,12.033415791740168,Recent_Corrected_Forecast_MWH,days4to7_recent_corrected,raw_bias,none,none,recent_mean+last24_mean+same_hour+hourgroup+global+temp_hourgroup+cloud_hourgroup+solar_hourgroup+solar_loss_hourgroup+temp_cloud_hourgroup,3.0,2,201.51762050000002,205.0205769,14,235.2834877857143,255.17763309999998,29.512445499999984,Midday,4,0,0,0,5.0,1.106078540923622,0.17,3.3,0.0,185.96004460127827,156.78224019275996,-1.516076442410423,1.516076442410423,0.6562247367450533,Summer,-0.360022646063672,0.0,-0.360022646063672,0.0,Clear/Low,4.0,None,-1.606561562196158,weighted_fallback,global+hour+season_hour+season_hourgroup_maxtemp+season_hour_maxtemp+season_month_hour_maxtemp+season_cloud_hourgroup+season_solar_hourgroup+temp_cloud_hourgroup,230.5795582341506,0.0,230.5795582341506,none,170+,other,0.7,0.0,0.0,0.0,-0.0,230.5795582341506,0.0,0.0,75.76390224965047,46.58609784113216,5.864817713444531,5.0,High,186.88007237792493,187.27403259277344,187.60383045013958,185.6301782030594,44.14999362207507,180.80173732584245,50.22832867415755,50.22832867415755,21.741035504079175,88.9,93.0,0.0,19.37510559094969,0.0,0.0,6.0,0.0,none,0.0,0.0,0.0,,,0.0,180.80173732584245,180.80173732584245,0.0,0.0,none,27.059266995919955,-4.310762746562801,198.80173732584245,198.80173732584245,165.20730147532777,176.6472832618921,175.252784420103,180.51342351647702,1.0,165.20730147532777,198.80173732584245,33.594435850514685,16.797217925257343,18.0,45,2025-05-07 23:00:00-07:00,2025-06-21 23:00:00-07:00,2025-06-27,0.0,1.516076442410423,1.516076442410423,0,1,183.893525,178.715283,174.05401757142857,-8.099999999999994,-6.799999999999997,0.0,0.6835974754871366,0.0,0.0,-63.77782090830814,63.77782090830814,36.67883644000696,15.876217790634644,days4to7,5-8F,0-20pp,0-1.25MW,normal,temp,-1.1560537963467539,0.45050776584940877,0.45050776584940877,0.45050776584940877,0.45050776584940877,-13.549492234150591
2025-06-27 15:00:00-07:00,origin_06,2025-06-22 00:00:00-07:00,2025,6,136,6,Days2to7,Summer,6,15,250.626316,98.7,99.8,0.0,14.496082752361692,0.0,0.0,252.78245304751954,253.77264404296875,253.39332326508733,251.53960242121315,252.42342558819777,250.90450975732446,250.90450975732446,250.90450975732446,250.90450975732446,264.9045097573245,250.90450975732446,264.9045097573245,1,14.0,june_days4to7_hot_peak_recovery_up,264.9045097573245,264.9045097573245,-2.156137047519536,-3.1463280429687472,-2.7670072650873294,-0.9132864212131437,-14.278193757324487,-0.27819375732445906,-14.278193757324487,-14.278193757324487,14.278193757324487,-0.3590274593217657,-1.5189158308733113,0.0,0.0,0.0,14.000000000000028,14.000000000000028,12.122056709804951,Recent_Corrected_Forecast_MWH,days4to7_recent_corrected,raw_bias,none,none,recent_mean+last24_mean+same_hour+hourgroup+global+temp_hourgroup+cloud_hourgroup+solar_hourgroup+solar_loss_hourgroup+temp_cloud_hourgroup,3.0,2,221.6103285,225.29963850000001,14,235.2834877857143,255.17763309999998,29.015987499999994,Midday,4,0,0,0,5.0,1.2867184895511188,0.15,3.5,0.0,205.64595384390873,172.4161662991901,-2.156137047519536,2.156137047519536,0.8602995415371848,Summer,-0.35902745932176283,0.0,-0.35902745932176283,0.0,Clear/Low,3.0,None,-1.5189158308733175,weighted_fallback,global+hour+season_hour+season_hourgroup_maxtemp+season_hour_maxtemp+season_month_hour_maxtemp+season_cloud_hourgroup+season_solar_hourgroup+temp_cloud_hourgroup,250.90450975732446,0.0,250.90450975732446,none,170+,other,0.7,0.0,0.0,0.0,-0.0,250.90450975732446,0.0,0.0,80.36628674832943,47.13649920361081,5.697005001391988,5.0,Medium-High,205.8754647219771,206.0253143310547,205.69682244660663,206.11337412353706,44.75085127802291,199.79160071059437,50.834715289405636,50.834715289405636,20.283071666506736,91.4,93.0,0.0,15.181816039877154,0.0,0.0,6.0,0.0,none,0.0,0.0,0.0,,,0.0,199.79160071059437,199.79160071059437,0.0,0.0,none,31.548285273824888,-3.1401277564269208,217.79160071059437,217.79160071059437,182.43940710703907,193.25737532518008,190.80267553275826,198.21069292724846,1.0,182.43940710703907,217.79160071059437,35.35219360355529,17.676096801777646,18.0,45,2025-05-07 23:00:00-07:00,2025-06-21 23:00:00-07:00,2025-06-27,0.0,2.156137047519536,2.156137047519536,0,1,204.577341,203.398458,194.5449565714286,-7.299999999999997,-6.799999999999997,0.0,0.6857332875154611,0.0,0.0,-65.11290904673012,65.11290904673012,36.55652153208115,14.586066665114746,days4to7,5-8F,0-20pp,0-1.25MW,normal,temp,-1.7971095881977703,-0.27819375732445906,-0.27819375732445906,-0.27819375732445906,-0.27819375732445906,-14.278193757324487
2025-06-27 16:00:00-07:00,origin_06,2025-06-22 00:00:00-07:00,2025,6,137,6,Days2to7,Summer,6,16,265.914783,99.6,99.8,0.0,9.122635024865312,0.0,0.0,269.8128671623221,268.4441223144531,269.9193188291987,270.03665592805,269.8128671623221,268.59064533216633,268.59064533216633,268.59064533216633,268.59064533216633,268.59064533216633,268.59064533216633,268.59064533216633,0,0.0,june_days4to7_hot_peak_recovery_up+june_days4to7_clear_98_100_hot_recovery_trim_down,268.59064533216633,268.59064533216633,-3.8980841623221067,-2.529339314453125,-4.004535829198687,-4.1218729280499815,-2.675862332166332,-2.675862332166332,-2.675862332166332,-2.675862332166332,2.675862332166332,0.0,-1.2222218301557746,0.0,0.0,0.0,0.0,0.0,-1.2222218301557746,Recent_Corrected_Forecast_MWH,days4to7_recent_corrected,raw_bias,none,none,recent_mean+last24_mean+same_hour+hourgroup+global+cloud_hourgroup+solar_hourgroup+solar_loss_hourgroup,3.0,2,240.00802850000002,243.17653850000002,14,235.2834877857143,255.17763309999998,25.906754499999977,Peak,4,0,0,1,5.0,1.35,0.14,3.5,0.0,223.192194983367,188.51768970257308,-3.8980841623221067,3.8980841623221067,1.4659148011045728,Summer,-0.0,0.0,0.0,0.0,Clear/Low,2.0,None,-1.2222218301557957,weighted_fallback,global+hour+season_hour+season_hourgroup_maxtemp+season_hour_maxtemp+season_month_hour_maxtemp+season_cloud_hourgroup+season_solar_hourgroup+temp_cloud_hourgroup,268.59064533216633,0.0,268.59064533216633,none,170+,other,0.7,0.0,0.0,0.0,-0.0,268.59064533216633,0.0,0.0,81.29517745974903,46.62067217895512,1.0062856611346547,5.0,Medium-Low,223.1551119062939,226.25242614746094,224.72112298707265,219.80929042473676,42.75967109370609,223.49971397302127,42.41506902697873,42.41506902697873,15.950624688277944,93.0,93.0,0.0,9.675180285951097,0.0,0.0,6.0,1.1973524875223167,weather_uncertainty_peak_hedge,0.05090804307787204,1.1464444444444446,22.0,5.8779770000000005,0.35,1.0,223.49971397302127,223.49971397302127,0.0,0.0,none,33.677746738984695,-1.2992015866008444,244.30236148549895,244.30236148549895,200.35287921694612,214.04510865668541,211.07082024965743,221.21734943730175,1.0,200.35287921694612,244.30236148549895,43.94948226855283,21.974741134276414,22.0,45,2025-05-07 23:00:00-07:00,2025-06-21 23:00:00-07:00,2025-06-27,0.0,3.8980841623221067,3.8980841623221067,0,1,225.793975,201.754116,211.64801157142855,-6.599999999999994,-6.799999999999997,0.0,0.5525452610857844,0.0,0.0,-45.09093135914506,45.09093135914506,39.739206694812395,14.944339027143291,days4to7,5-8F,0-20pp,0-1.25MW,hot_peak,temp,-3.8980841623221067,-2.675862332166332,-2.675862332166332,-2.675862332166332,-2.675862332166332,-2.675862332166332
2025-06-27 17:00:00-07:00,origin_06,2025-06-22 00:00:00-07:00,2025,6,138,6,Days2to7,Summer,6,17,274.532258,99.8,99.8,0.0,3.8700050625161992,0.0,0.0,279.00875124196887,281.6407775878906,279.7327677544449,277.1190034806717,279.00875124196887,277.80999940710814,277.80999940710814,278.2669274065385,278.2669274065385,278.2669274065385,278.2669274065385,278.2669274065385,0,0.0,june_days4to7_hot_peak_recovery_up+june_days4to7_clear_98_100_hot_recovery_trim_down,278.2669274065385,278.2669274065385,-4.4764932419688535,-7.108519587890612,-5.200509754444909,-2.586745480671709,-3.734669406538501,-3.734669406538501,-3.734669406538501,-3.734669406538501,3.734669406538501,0.0,-1.1987518348607296,0.0,0.456927999430377,0.0,0.0,0.0,-0.7418238354303526,Recent_Corrected_Forecast_MWH,days4to7_recent_corrected,raw_bias,none,tree_peak_gap,recent_mean+last24_mean+same_hour+hourgroup+global+cloud_hourgroup+solar_hourgroup+solar_loss_hourgroup,3.0,2,252.02222899999998,255.4798122,14,235.2834877857143,255.17763309999998,22.51002900000003,Peak,4,0,0,1,5.0,1.35,0.13,3.3,0.0,236.97013478813096,201.66185390375102,-4.4764932419688535,4.4764932419688535,1.6305891608442071,Summer,-0.0,0.0,0.0,0.0,Clear/Low,1.0,None,-1.1987518348607262,weighted_fallback,global+hour+season_hour+season_hourgroup_maxtemp+season_hour_maxtemp+season_month_hour_maxtemp+season_cloud_hourgroup+season_solar_hourgroup+temp_cloud_hourgroup,278.2669274065385,0.0,277.80999940710814,none,170+,other,0.7,0.0,0.0,0.4569279994303685,-0.0,278.2669274065385,0.0,0.0,77.34689733821784,42.0386164538379,1.3603754377522006,5.0,Medium-Low,227.9828814587749,224.75128173828125,228.3685474053422,228.3001491771673,46.549376541225115,232.613409091784,41.918848908216006,41.918848908216006,15.269188842724631,89.3,93.0,0.13,4.156023536216492,0.0,0.0,6.0,6.589478998528143,weather_uncertainty_peak_hedge,5.443034554083698,1.1464444444444446,22.0,5.8779770000000005,0.35,1.0,232.613409091784,232.613409091784,0.0,0.0,none,25.75516151607343,-9.110146580719515,248.02393009325587,248.02393009325587,209.4252329372931,219.54847254346592,217.42032938313523,225.57196770171342,1.0,209.4252329372931,248.02393009325587,38.59869715596278,19.29934857798139,22.0,45,2025-05-07 23:00:00-07:00,2025-06-21 23:00:00-07:00,2025-06-27,0.0,4.4764932419688535,4.4764932419688535,0,1,240.853175,201.485991,224.111764,-10.5,-6.799999999999997,0.13,0.28601847370029265,0.0,0.0,-45.65351831475451,45.65351831475451,38.184179501677505,13.908813404972435,days4to7,5-8F,0-20pp,0-1.25MW,hot_peak,temp,-4.4764932419688535,-3.277741407108124,-3.277741407108124,-3.734669406538501,-3.734669406538501,-3.734669406538501
2025-06-27 18:00:00-07:00,origin_06,2025-06-22 00:00:00-07:00,2025,6,139,6,Days2to7,Summer,6,18,272.37625,97.9,99.8,0.0,1.3395359220644149e-15,0.0,0.0,279.7096038609676,277.6752624511719,280.2923788568648,279.37505498449934,279.7096038609676,278.4851250933529,278.4851250933529,278.4851250933529,278.4851250933529,278.4851250933529,278.4851250933529,278.4851250933529,0,0.0,june_days4to7_hot_peak_recovery_up+june_days4to7_clear_98_100_hot_recovery_trim_down,278.4851250933529,278.4851250933529,-7.333353860967577,-5.299012451171848,-7.916128856864759,-6.998804984499316,-6.108875093352879,-6.108875093352879,-6.108875093352879,-6.108875093352879,6.108875093352879,0.0,-1.2244787676146984,0.0,0.0,0.0,0.0,0.0,-1.2244787676146984,Recent_Corrected_Forecast_MWH,days4to7_recent_corrected,raw_bias,none,none,recent_mean+last24_mean+same_hour+hourgroup+global+cloud_hourgroup+solar_hourgroup+solar_loss_hourgroup,3.0,2,256.660258,261.7058644,14,235.2834877857143,255.17763309999998,15.715992000000028,Peak,4,0,0,1,5.0,1.35,0.15,3.5,0.0,241.40031590605957,205.6385806345401,-7.333353860967577,7.333353860967577,2.6923617095718058,Summer,-0.0,0.0,0.0,0.0,Clear/Low,0.0,None,-1.2244787676146789,weighted_fallback,global+hour+season_hour+season_hourgroup_maxtemp+season_hour_maxtemp+season_month_hour_maxtemp+season_cloud_hourgroup+season_solar_hourgroup+temp_cloud_hourgroup,278.4851250933529,0.0,278.4851250933529,none,170+,other,0.7,0.0,0.0,0.0,-0.0,278.4851250933529,0.0,0.0,74.07102322642751,38.30928795490803,2.2428075477773404,5.0,Low,227.16546813769628,225.57945251464844,226.49100172475528,228.67849125033158,45.21078186230375,229.30890789915247,43.067342100847554,43.067342100847554,15.811709758412325,86.9,93.0,0.11,1.4997278467649016e-15,0.0,0.0,6.0,3.844205368933787,weather_uncertainty_peak_hedge,2.6977609244893426,1.1464444444444446,22.0,5.8779770000000005,0.35,1.0,229.30890789915247,229.30890789915247,0.0,0.0,none,20.615440362427563,-13.549944401194523,247.4647025302187,247.4647025302187,206.1417797394832,218.38952341402762,216.27479578021067,225.27939017592806,1.0,206.1417797394832,247.4647025302187,41.322922790735475,20.661461395367738,22.0,45,2025-05-07 23:00:00-07:00,2025-06-21 23:00:00-07:00,2025-06-27,0.0,7.333353860967577,7.333353860967577,0,1,246.64465,195.091725,227.0500152857143,-11.0,-6.799999999999997,0.11,1.6019192470048667e-16,0.0,0.0,-49.17621719420043,49.17621719420043,36.958467007494676,13.568902210634985,days4to7,5-8F,0-20pp,0-1.25MW,hot_peak,temp,-7.333353860967577,-6.108875093352879,-6.108875093352879,-6.108875093352879,-6.108875093352879,-6.108875093352879
2025-06-27 19:00:00-07:00,origin_06,2025-06-22 00:00:00-07:00,2025,6,140,6,Days2to7,Summer,6,19,265.309433,96.9,99.8,0.0,0.0,0.0,0.0,271.1058903431219,268.49774169921875,272.5516261640544,269.57920509420035,271.1058903431219,270.0069588525647,270.0069588525647,270.0069588525647,270.0069588525647,268.0069588525647,270.0069588525647,268.0069588525647,1,-2.0,june_days4to7_hot_evening_finish_recovery_up+june_days4to7_clear_98_100_hot_recovery_trim_down,268.0069588525647,268.0069588525647,-5.796457343121915,-3.1883086992187373,-7.242193164054413,-4.269772094200334,-2.697525852564695,-4.697525852564695,-2.697525852564695,-2.697525852564695,2.697525852564695,0.0,-1.09893149055722,0.0,0.0,0.0,-2.0,-2.0,-3.09893149055722,Recent_Corrected_Forecast_MWH,days4to7_recent_corrected,raw_bias,none,none,recent_mean+last24_mean+same_hour+hourgroup+global+cloud_hourgroup+solar_hourgroup+solar_loss_hourgroup,3.0,2,246.370675,251.238635,14,235.2834877857143,255.17763309999998,18.938758000000007,Peak,4,0,0,1,5.0,0.0,0.16,2.8,0.0,235.6558909407887,201.3969299070877,-5.796457343121915,5.796457343121915,2.1847912746931675,Summer,-0.0,0.0,0.0,0.0,Clear/Low,0.0,None,-1.0989314905572023,weighted_fallback,global+hour+season_hour+season_hourgroup_maxtemp+season_hour_maxtemp+season_month_hour_maxtemp+season_cloud_hourgroup+season_solar_hourgroup+temp_cloud_hourgroup,270.0069588525647,0.0,270.0069588525647,none,170+,other,1.0,0.0,0.0,0.0,-0.0,270.0069588525647,0.0,0.0,69.70896043603423,35.44999940233322,1.016747057223817,5.0,None,215.15598792737444,213.8112030029297,215.0624952328577,215.6871292828849,50.15344507262557,216.03867129126104,49.27076170873897,49.27076170873897,18.571055371687056,83.0,93.0,0.09,0.0,0.0,0.0,6.0,2.6961677767172803,weather_uncertainty_peak_hedge,1.7232123791333946,0.9729553975838855,18.67078588114066,5.8779770000000005,0.35,1.0,216.03867129126104,216.03867129126104,0.0,0.0,none,14.57362741813742,-15.315860498016349,232.0132893956844,235.34250351454375,196.38171815458483,206.48114484360863,202.14825706588977,213.47293016547053,1.0,196.38171815458483,235.34250351454375,38.96078535995892,19.48039267997946,22.0,45,2025-05-07 23:00:00-07:00,2025-06-21 23:00:00-07:00,2025-06-27,0.0,5.796457343121915,5.796457343121915,0,1,243.015941,187.348533,221.0784282857143,-13.900000000000006,-6.799999999999997,0.09,0.0,0.0,0.0,-51.96828756130367,51.96828756130367,46.57323585617428,17.55430831446324,days4to7,5-8F,0-20pp,0-1.25MW,hot_peak,temp,-5.796457343121915,-4.697525852564695,-4.697525852564695,-4.697525852564695,-4.697525852564695,-2.697525852564695
2025-06-27 20:00:00-07:00,origin_06,2025-06-22 00:00:00-07:00,2025,6,141,6,Days2to7,Summer,6,20,248.901908,94.7,99.8,0.0,0.0,0.0,0.0,253.2049879553253,253.91677856445312,253.05564870179964,253.23629517968615,253.2049879553253,252.07882732296721,252.07882732296721,252.07882732296721,252.07882732296721,250.07882732296721,252.07882732296721,250.07882732296721,1,-2.0,june_days4to7_hot_evening_finish_recovery_up+june_days4to7_clear_98_100_hot_recovery_trim_down,250.07882732296721,250.07882732296721,-4.303079955325302,-5.014870564453133,-4.153740701799649,-4.334387179686161,-1.1769193229672226,-3.1769193229672226,-1.1769193229672226,-1.1769193229672226,1.1769193229672226,0.0,-1.1261606323580793,0.0,0.0,0.0,-2.0,-2.0,-3.1261606323580793,Recent_Corrected_Forecast_MWH,days4to7_recent_corrected,raw_bias,none,none,recent_mean+last24_mean+same_hour+hourgroup+global+cloud_hourgroup+solar_hourgroup+solar_loss_hourgroup,3.0,2,228.795275,232.64603499999998,14,235.2834877857143,255.17763309999998,20.106632999999988,Peak,4,0,0,1,5.0,0.0,0.17,2.5,0.0,226.60137516687823,192.7854840849705,-4.303079955325302,4.303079955325302,1.7288256204630228,Summer,-0.0,0.0,0.0,0.0,Clear/Low,0.0,None,-1.1261606323580844,weighted_fallback,global+hour+season_hour+season_hourgroup_maxtemp+season_hour_maxtemp+season_month_hour_maxtemp+season_cloud_hourgroup+season_solar_hourgroup+temp_cloud_hourgroup,252.07882732296721,0.0,252.07882732296721,none,170+,other,1.0,0.0,0.0,0.0,-0.0,252.07882732296721,0.0,0.0,60.41950387035479,26.603612788447066,0.4728446368387111,5.0,None,201.28373210961485,201.50506591796875,202.30617631147152,199.61379584716755,47.618175890385146,199.87490114797563,49.02700685202436,49.02700685202436,19.69732062159377,79.2,93.0,0.07,0.0,0.0,0.0,6.0,0.3993833430683922,weather_uncertainty_peak_hedge,0.0,0.7087806645843789,13.601334714838828,5.8779770000000005,0.35,1.0,199.87490114797563,199.87490114797563,0.0,0.0,none,11.026323850110543,-13.13708653144991,213.07685251974607,220.44863971101637,185.567157915777,193.1556685657499,191.11418237492995,199.4259033983904,0.0,185.567157915777,220.44863971101637,34.88148179523938,17.44074089761969,20.973121906109128,45,2025-05-07 23:00:00-07:00,2025-06-21 23:00:00-07:00,2025-06-27,0.0,4.303079955325302,4.303079955325302,0,1,230.263458,183.619958,208.368859,-15.5,-6.799999999999997,0.07,0.0,0.0,0.0,-50.20392617499158,50.20392617499158,47.850087529057134,19.22447598475506,days4to7,5-8F,0-20pp,0-1.25MW,hot_peak,temp,-4.303079955325302,-3.1769193229672226,-3.1769193229672226,-3.1769193229672226,-3.1769193229672226,-1.1769193229672226
2025-06-28 14:00:00-07:00,origin_06,2025-06-22 00:00:00-07:00,2025,6,159,7,Days2to7,Summer,6,14,248.4874,100.1,102.7,0.0,18.730570828347535,0.0,0.0,253.5951665385113,252.90113830566406,253.2114445301112,254.39645204681068,253.54511088474524,251.80802069656687,251.80802069656687,251.80802069656687,251.80802069656687,251.80802069656687,251.80802069656687,251.80802069656687,0,0.0,none,251.80802069656687,251.80802069656687,-5.107766538511299,-4.4137383056640545,-4.7240445301112,-5.909052046810672,-3.3206206965668628,-3.3206206965668628,-3.3206206965668628,-3.3206206965668628,3.3206206965668628,-0.05005565376606569,-1.737090188178371,0.0,0.0,0.0,0.0,0.0,-1.7871458419444366,Recent_Corrected_Forecast_MWH,days4to7_recent_corrected,raw_bias,none,none,recent_mean+last24_mean+same_hour+hourgroup+global+temp_hourgroup+cloud_hourgroup+solar_hourgroup+solar_loss_hourgroup+temp_cloud_hourgroup,3.0,0,,,0,,,,Midday,5,1,0,0,6.0,1.1087628840216757,0.17,4.2,0.0,232.54614244241043,170.84067725596145,-5.107766538511299,5.107766538511299,2.0555434756495896,Summer,-0.05005565376606166,0.0,-0.05005565376606166,0.0,Clear/Low,4.0,None,-1.7370901881783631,weighted_fallback,global+hour+season_hour+season_hourgroup_maxtemp+season_hour_maxtemp+season_month_hour_maxtemp+season_cloud_hourgroup+season_solar_hourgroup+temp_cloud_hourgroup,251.80802069656687,0.0,251.80802069656687,none,170+,other,0.7,0.0,0.0,0.0,-0.0,251.80802069656687,0.0,0.0,82.75448928254986,21.04902409610088,1.3363336316315688,6.0,High,194.10897638991003,195.1903839111328,194.98954044194375,192.4162593020791,54.37842361008998,204.22729530427114,44.26010469572887,44.26010469572887,17.8118104562762,90.9,95.3,0.0,19.27744880873724,0.0,0.0,7.0,0.0,none,0.0,0.0,0.0,,,0.0,190.22729530427114,204.22729530427114,1.0,14.0,june_days4to7_hot_peak_recovery_up,26.75345823963005,7.228904011985094,208.22729530427114,208.22729530427114,172.22729530427114,187.4951487435237,188.9988971605486,190.09630640217122,1.0,172.22729530427114,208.22729530427114,36.0,18.0,18.0,45,2025-05-07 23:00:00-07:00,2025-06-21 23:00:00-07:00,2025-06-28,0.0,5.107766538511299,5.107766538511299,0,1,231.030066,204.924716,181.527558,-9.199999999999989,-7.400000000000006,0.0,0.5468779803897057,0.0,0.0,-47.58072539229573,47.58072539229573,40.93948399916201,16.475476824644634,days4to7,5-8F,0-20pp,0-1.25MW,weekend,temp,-5.057710884745234,-3.3206206965668628,-3.3206206965668628,-3.3206206965668628,-3.3206206965668628,-3.3206206965668628
2025-06-28 15:00:00-07:00,origin_06,2025-06-22 00:00:00-07:00,2025,6,160,7,Days2to7,Summer,6,15,268.5034,101.8,102.7,0.0,14.543924609630212,0.0,0.0,273.63394867355476,272.32232666015625,272.57051524465163,275.6798074942307,273.5707506251242,271.97647996193496,271.97647996193496,271.97647996193496,271.97647996193496,271.97647996193496,271.97647996193496,271.97647996193496,0,0.0,none,271.97647996193496,271.97647996193496,-5.130548673554756,-3.818926660156251,-4.067115244651632,-7.176407494230716,-3.473079961934957,-3.473079961934957,-3.473079961934957,-3.473079961934957,3.473079961934957,-0.06319804843053589,-1.5942706631892634,0.0,0.0,0.0,0.0,0.0,-1.6574687116197993,Recent_Corrected_Forecast_MWH,days4to7_recent_corrected,raw_bias,none,none,recent_mean+last24_mean+same_hour+hourgroup+global+temp_hourgroup+cloud_hourgroup+solar_hourgroup+solar_loss_hourgroup+temp_cloud_hourgroup,3.0,0,,,0,,,,Midday,5,1,0,0,6.0,1.2913992805890968,0.14,4.7,0.0,252.78245304751954,187.85304173455003,-5.130548673554756,5.130548673554756,1.9107946765496289,Summer,-0.06319804843052484,0.0,-0.06319804843052484,0.0,Clear/Low,3.0,None,-1.594270663189291,weighted_fallback,global+hour+season_hour+season_hourgroup_maxtemp+season_hour_maxtemp+season_month_hour_maxtemp+season_cloud_hourgroup+season_solar_hourgroup+temp_cloud_hourgroup,271.97647996193496,0.0,271.97647996193496,none,170+,other,0.7,0.0,0.0,0.0,-0.0,271.97647996193496,0.0,0.0,85.78090693900472,20.851495626035216,1.2934957106446163,6.0,Medium-High,212.95093517290036,212.24871826171875,214.4120135421489,210.85558828156164,55.55246482709964,223.38790837034082,45.115491629659175,45.115491629659175,16.80257740857627,93.4,95.3,0.0,15.11802689685246,0.0,0.0,7.0,0.0,none,0.0,0.0,0.0,,,0.0,209.38790837034082,223.38790837034082,1.0,14.0,june_days4to7_hot_peak_recovery_up,29.887878621608593,7.075470450923262,227.38790837034082,227.38790837034082,191.38790837034082,205.42424418703192,205.85965866365274,209.25470913009613,1.0,191.38790837034082,227.38790837034082,36.0,18.0,18.0,45,2025-05-07 23:00:00-07:00,2025-06-21 23:00:00-07:00,2025-06-28,0.0,5.130548673554756,5.130548673554756,0,1,250.626316,229.506091,201.29179342857145,-8.399999999999991,-7.400000000000006,0.0,0.5741022872222477,0.0,0.0,-48.58857159159413,48.58857159159413,41.64241166772422,15.509081697931654,days4to7,5-8F,0-20pp,0-1.25MW,weekend,temp,-5.06735062512422,-3.473079961934957,-3.473079961934957,-3.473079961934957,-3.473079961934957,-3.473079961934957
2025-06-28 16:00:00-07:00,origin_06,2025-06-22 00:00:00-07:00,2025,6,161,7,Days2to7,Summer,6,16,282.481441,102.7,102.7,0.0,9.145187892664731,0.0,0.0,290.36056017954934,287.53546142578125,288.91859648127206,293.43367420649014,290.36056017954934,289.27317756794497,289.27317756794497,289.9114507191448,289.9114507191448,289.9114507191448,289.9114507191448,289.9114507191448,0,0.0,none,289.9114507191448,289.9114507191448,-7.8791191795493205,-5.054020425781232,-6.437155481272043,-10.95223320649012,-7.430009719144778,-7.430009719144778,-7.430009719144778,-7.430009719144778,7.430009719144778,0.0,-1.0873826116043688,0.0,0.6382731511998259,0.0,0.0,0.0,-0.4491094604045429,Recent_Corrected_Forecast_MWH,days4to7_recent_corrected,raw_bias,none,tree_peak_gap,recent_mean+last24_mean+same_hour+hourgroup+global+cloud_hourgroup+solar_hourgroup+solar_loss_hourgroup,3.0,0,,,0,,,,Peak,5,1,0,0,6.0,1.35,0.13,4.8,0.0,269.8128671623221,204.47605529719053,-7.8791191795493205,7.8791191795493205,2.789251977636761,Summer,-0.0,0.0,0.0,0.0,Clear/Low,2.0,None,-1.0873826116043868,weighted_fallback,global+hour+season_hour+season_hourgroup_maxtemp+season_hour_maxtemp+season_month_hour_maxtemp+season_cloud_hourgroup+season_solar_hourgroup+temp_cloud_hourgroup,289.9114507191448,0.0,289.27317756794497,none,170+,other,0.7,0.0,0.0,0.638273151199843,-0.0,289.9114507191448,0.0,0.0,85.88450488235881,20.547693017227232,2.6302647327350535,6.0,Medium-Low,233.96907766368625,232.80722045898438,234.31484545780495,233.75768747427168,48.51236333631377,246.74685583353045,35.73458516646957,35.73458516646957,12.650241743304322,95.3,95.3,0.0,9.630074550352257,0.0,0.0,7.0,0.0,none,0.0,2.0730492864646464,20.847220337275672,7.89579,0.4972004067990663,1.0,232.74685583353045,246.74685583353045,1.0,14.0,june_days4to7_hot_peak_recovery_up,35.19874050976358,10.813965757392339,253.59407617080612,254.74685583353045,210.74685583353045,224.86527560562163,223.13583084148885,230.70482264152844,1.0,210.74685583353045,254.74685583353045,44.0,22.0,22.0,45,2025-05-07 23:00:00-07:00,2025-06-21 23:00:00-07:00,2025-06-28,0.0,7.8791191795493205,7.8791191795493205,0,1,265.914783,252.54645,220.8138211428571,-7.400000000000006,-7.400000000000006,0.0,0.48488665768752526,0.0,0.0,-43.16459488561435,43.16459488561435,28.304575447324794,10.019977010569269,days4to7,5-8F,0-20pp,0-1.25MW,hot_peak,temp,-7.8791191795493205,-6.791736567944952,-6.791736567944952,-7.430009719144778,-7.430009719144778,-7.430009719144778
2025-06-28 17:00:00-07:00,origin_06,2025-06-22 00:00:00-07:00,2025,6,162,7,Days2to7,Summer,6,17,293.501333,102.4,102.7,0.0,3.8816792859325373,0.0,0.0,299.18083178808035,298.804931640625,297.39091291268153,302.1009614915514,299.18083178808035,298.12749904313836,298.12749904313836,298.6629033897655,298.6629033897655,298.6629033897655,298.6629033897655,298.6629033897655,0,0.0,none,298.6629033897655,298.6629033897655,-5.679498788080366,-5.303598640625012,-3.8895799126815405,-8.599628491551414,-5.161570389765529,-5.161570389765529,-5.161570389765529,-5.161570389765529,5.161570389765529,0.0,-1.0533327449419971,0.0,0.5354043466271605,0.0,0.0,0.0,-0.5179283983148366,Recent_Corrected_Forecast_MWH,days4to7_recent_corrected,raw_bias,none,tree_peak_gap,recent_mean+last24_mean+same_hour+hourgroup+global+cloud_hourgroup+solar_hourgroup+solar_loss_hourgroup,3.0,0,,,0,,,,Peak,5,1,0,0,6.0,1.35,0.14,5.7,0.0,279.00875124196887,217.37183750974654,-5.679498788080366,5.679498788080366,1.9350844951972896,Summer,-0.0,0.0,0.0,0.0,Clear/Low,1.0,None,-1.0533327449420091,weighted_fallback,global+hour+season_hour+season_hourgroup_maxtemp+season_hour_maxtemp+season_month_hour_maxtemp+season_cloud_hourgroup+season_solar_hourgroup+temp_cloud_hourgroup,298.6629033897655,0.0,298.12749904313836,none,170+,other,0.7,0.0,0.0,0.5354043466271747,-0.0,298.6629033897655,0.0,0.0,81.80899427833381,20.172080546111488,1.7586190621374553,6.0,Medium-Low,243.8187581596652,243.11654663085938,246.06872978462766,240.48372032866877,49.68257484033478,256.86680422770723,36.634528772292754,36.634528772292754,12.481895192037426,93.4,95.3,0.0,4.16769775963283,0.0,0.0,7.0,0.0,none,0.0,2.047262630419032,20.587901804014336,7.89579,0.4972004067990663,1.0,242.86680422770723,256.86680422770723,1.0,14.0,june_days4to7_hot_peak_recovery_up,33.170464579995894,15.83587670089031,263.45470603172157,264.86680422770723,220.86680422770723,233.69103894919908,228.64694745633864,241.7209394887132,1.0,220.86680422770723,264.86680422770723,44.0,22.0,22.0,45,2025-05-07 23:00:00-07:00,2025-06-21 23:00:00-07:00,2025-06-28,0.0,5.679498788080366,5.679498788080366,0,1,274.532258,265.632691,234.54694500000002,-9.0,-7.400000000000006,0.0,0.28601847370029265,0.0,0.0,-41.79609916205828,41.79609916205828,31.472958382527224,10.72327612989997,days4to7,5-8F,0-20pp,0-1.25MW,hot_peak,temp,-5.679498788080366,-4.626166043138369,-4.626166043138369,-5.161570389765529,-5.161570389765529,-5.161570389765529
2025-06-28 18:00:00-07:00,origin_06,2025-06-22 00:00:00-07:00,2025,6,163,7,Days2to7,Summer,6,18,294.215633,101.0,102.7,0.0,1.3450597815368455e-15,0.0,0.0,297.77811598981725,299.07672119140625,297.6071570218063,297.67573573909465,297.77811598981725,296.6908068008038,296.6908068008038,296.6908068008038,296.6908068008038,296.6908068008038,296.6908068008038,296.6908068008038,0,0.0,none,296.6908068008038,296.6908068008038,-3.5624829898172266,-4.861088191406225,-3.3915240218062763,-3.460102739094623,-2.475173800803759,-2.475173800803759,-2.475173800803759,-2.475173800803759,2.475173800803759,0.0,-1.0873091890134674,0.0,0.0,0.0,0.0,0.0,-1.0873091890134674,Recent_Corrected_Forecast_MWH,days4to7_recent_corrected,raw_bias,none,none,recent_mean+last24_mean+same_hour+hourgroup+global+cloud_hourgroup+solar_hourgroup+solar_loss_hourgroup,3.0,0,,,0,,,,Peak,5,1,0,0,6.0,1.35,0.14,3.8,0.0,279.7096038609676,220.9700086146783,-3.5624829898172266,3.5624829898172266,1.2108408222540732,Summer,-0.0,0.0,0.0,0.0,Clear/Low,0.0,None,-1.0873091890134439,weighted_fallback,global+hour+season_hour+season_hourgroup_maxtemp+season_hour_maxtemp+season_month_hour_maxtemp+season_cloud_hourgroup+season_solar_hourgroup+temp_cloud_hourgroup,296.6908068008038,0.0,296.6908068008038,none,170+,other,0.7,0.0,0.0,0.0,-0.0,296.6908068008038,0.0,0.0,76.80810737513895,18.068512128849648,0.84127881838412,6.0,Low,246.86830046404964,245.65914916992188,246.85504728436348,247.23459868759295,47.347332535950386,259.643821696435,34.57181130356503,34.57181130356503,11.750501137906912,92.5,95.3,0.0,1.5080136359735474e-15,0.0,0.0,7.0,0.0,none,0.0,1.833330798942517,18.4365376000529,7.89579,0.4972004067990663,1.0,245.64382169643497,259.643821696435,1.0,14.0,june_days4to7_hot_peak_recovery_up,32.493149811967186,19.70283232635336,264.08035929648787,267.643821696435,223.64382169643497,230.7662434383344,226.28853356979414,245.16947771314946,1.0,223.64382169643497,267.643821696435,44.00000000000003,22.000000000000014,22.00000000000003,45,2025-05-07 23:00:00-07:00,2025-06-21 23:00:00-07:00,2025-06-28,0.0,3.5624829898172266,3.5624829898172266,0,1,272.37625,266.808516,238.09066171428572,-8.5,-7.400000000000006,0.0,1.6295385443670195e-16,0.0,0.0,-37.04698510436879,37.04698510436879,32.09663750276127,10.909222319522792,days4to7,5-8F,0-20pp,0-1.25MW,hot_peak,temp,-3.5624829898172266,-2.475173800803759,-2.475173800803759,-2.475173800803759,-2.475173800803759,-2.475173800803759
2025-06-28 19:00:00-07:00,origin_06,2025-06-22 00:00:00-07:00,2025,6,164,7,Days2to7,Summer,6,19,283.011391,99.9,102.7,0.0,0.0,0.0,0.0,285.1455246626439,289.6140441894531,286.9299466389352,281.064713120812,285.1455246626439,284.2331010919559,284.2331010919559,285.54261979557936,285.54261979557936,285.54261979557936,285.54261979557936,285.54261979557936,0,0.0,none,285.54261979557936,285.54261979557936,-2.134133662643876,-6.602653189453122,-3.9185556389351746,1.9466778791880301,-2.531228795579352,-2.531228795579352,-2.531228795579352,-2.531228795579352,2.531228795579352,0.0,-0.9124235706879631,0.0,1.3095187036234393,0.0,0.0,0.0,0.39709513293547616,Recent_Corrected_Forecast_MWH,days4to7_recent_corrected,raw_bias,none,tree_peak_gap,recent_mean+last24_mean+same_hour+hourgroup+global+cloud_hourgroup+solar_hourgroup+solar_loss_hourgroup,3.0,0,,,0,,,,Peak,5,1,0,0,6.0,0.0,0.15,4.2,0.0,271.1058903431219,216.03008095610514,-2.134133662643876,2.134133662643876,0.7540804824509258,Summer,-0.0,0.0,0.0,0.0,Clear/Low,0.0,None,-0.9124235706879826,weighted_fallback,global+hour+season_hour+season_hourgroup_maxtemp+season_hour_maxtemp+season_month_hour_maxtemp+season_cloud_hourgroup+season_solar_hourgroup+temp_cloud_hourgroup,285.54261979557936,0.0,284.2331010919559,none,170+,other,1.0,0.0,0.0,1.309518703623465,-0.0,285.54261979557936,0.0,0.0,69.11544370653874,14.039634319521952,0.8943911362137902,6.0,None,237.59209560633104,238.50941467285156,238.1740572640042,236.4154932681244,45.41929539366896,248.49316411577385,34.51822688422615,34.51822688422615,12.196762385520431,90.4,95.3,0.0,0.0,0.0,0.0,7.0,0.0,none,0.0,1.4592776801240759,14.674944551220108,7.89579,0.4972004067990663,1.0,236.49316411577385,248.49316411577385,1.0,12.0,june_days4to7_hot_evening_finish_recovery_up,30.369427250326254,22.436107678956603,251.16810866699396,258.4931641157739,214.49316411577385,221.98349204694998,218.8858536363463,236.36071562388682,1.0,214.49316411577385,258.4931641157739,44.00000000000003,22.000000000000014,22.00000000000003,45,2025-05-07 23:00:00-07:00,2025-06-21 23:00:00-07:00,2025-06-28,0.0,2.134133662643876,2.134133662643876,0,1,265.309433,254.439775,232.2156997142857,-9.5,-7.400000000000006,0.0,0.0,0.0,0.0,-37.049455679805504,37.049455679805504,31.9869980886468,11.30237124930664,days4to7,5-8F,0-20pp,0-1.25MW,hot_peak,temp,-2.134133662643876,-1.221710091955913,-1.221710091955913,-2.531228795579352,-2.531228795579352,-2.531228795579352
2025-06-28 20:00:00-07:00,origin_06,2025-06-22 00:00:00-07:00,2025,6,165,7,Days2to7,Summer,6,20,264.306775,94.3,102.7,0.0,0.0,0.0,0.0,264.0497241008837,267.2090148925781,264.66542663552315,262.17953703453753,264.0497241008837,263.1173246147358,263.1173246147358,263.7177542675491,263.7177542675491,263.7177542675491,263.7177542675491,263.7177542675491,0,0.0,none,263.7177542675491,263.7177542675491,0.2570508991163365,-2.902239892578109,-0.35865163552313106,2.1272379654624842,0.5890207324509333,0.5890207324509333,0.5890207324509333,0.5890207324509333,0.5890207324509333,0.0,-0.9323994861478582,0.0,0.6004296528132613,0.0,0.0,0.0,-0.33196983333459684,Recent_Corrected_Forecast_MWH,days4to7_recent_corrected,raw_bias,none,tree_peak_gap,recent_mean+last24_mean+same_hour+hourgroup+global+cloud_hourgroup+solar_hourgroup+solar_loss_hourgroup,3.0,0,,,0,,,,Peak,5,1,0,0,6.0,0.0,0.2,9.5,0.0,253.2049879553253,205.72940022144553,0.2570508991163365,0.2570508991163365,0.09725475221599464,Summer,-0.0,0.0,0.0,0.0,Clear/Low,0.0,None,-0.9323994861478605,weighted_fallback,global+hour+season_hour+season_hourgroup_maxtemp+season_hour_maxtemp+season_month_hour_maxtemp+season_cloud_hourgroup+season_solar_hourgroup+temp_cloud_hourgroup,263.7177542675491,0.0,263.1173246147358,none,170+,other,1.0,0.0,0.0,0.6004296528132671,-0.0,263.7177542675491,0.0,0.0,58.32032387943815,10.844736145558386,0.222854950445721,6.0,None,223.71972367710492,223.03274536132812,222.47954047789756,225.8648625089385,40.58705132289509,234.74277775005226,29.56399724994776,29.56399724994776,11.185485975509996,87.9,95.3,0.0,0.0,0.0,0.0,7.0,0.0,none,0.0,1.6653927392936898,16.747700892034118,7.89579,0.4972004067990663,1.0,222.74277775005226,234.74277775005226,1.0,12.0,june_days4to7_hot_evening_finish_recovery_up,27.935721544798497,22.435991567490078,239.49047864208637,244.74277775005226,203.213618685537,211.82381084345715,206.82990892992976,222.4312677258586,1.0,203.213618685537,244.74277775005226,41.529159064515255,20.764579532257628,22.0,45,2025-05-07 23:00:00-07:00,2025-06-21 23:00:00-07:00,2025-06-28,0.2570508991163365,0.0,-0.2570508991163365,1,0,248.901908,231.805483,217.69485185714285,-6.3999999999999915,-7.400000000000006,0.0,0.0,0.0,0.0,-28.974976517496827,28.974976517496827,28.974976517496827,10.962631025064274,days4to7,5-8F,0-20pp,0-1.25MW,hot_peak,temp,0.2570508991163365,1.1894503852641947,1.1894503852641947,0.5890207324509333,0.5890207324509333,0.5890207324509333
2025-06-29 14:00:00-07:00,origin_06,2025-06-22 00:00:00-07:00,2025,6,183,8,Days8to16,Summer,6,14,245.592216,97.6,100.5,0.0,18.593851333250107,0.0,0.0,246.43863702250837,246.8497772216797,246.26203602359692,246.59868424960592,246.37444378733593,244.63735359915756,244.63735359915756,244.63735359915756,243.9088013929523,241.7888013929523,241.7888013929523,241.7888013929523,0,0.0,none,241.7888013929523,241.7888013929523,-0.8464210225083661,-1.2575612216796799,-0.6698200235969125,-1.0064682496059163,3.8034146070476993,3.8034146070476993,3.8034146070476993,3.8034146070476993,3.8034146070476993,-0.06419323517243924,-1.737090188178371,0.0,0.0,-0.7285522062052507,-2.1200000000000045,0.0,-4.649835629556065,Final_Backtest_Forecast_MWH,days8plus_final_low_confidence+long_horizon_peak_month_correction,raw_bias,none,none,recent_mean+last24_mean+same_hour+hourgroup+global+temp_hourgroup+cloud_hourgroup+solar_hourgroup+solar_loss_hourgroup+temp_cloud_hourgroup,3.0,2,201.51762050000002,205.0205769,14,235.2834877857143,255.17763309999998,44.07459549999999,Midday,6,1,0,0,6.0,1.101096740041377,0.21,4.5,0.0,253.5951665385113,190.8152106186059,-0.8464210225083661,0.8464210225083661,0.3446448899293966,Summer,-0.06419323517243407,0.0,-0.06419323517243407,0.0,Clear/Low,4.0,None,-1.7370901881783631,weighted_fallback,global+hour+season_hour+season_hourgroup_maxtemp+season_hour_maxtemp+season_month_hour_maxtemp+season_cloud_hourgroup+season_solar_hourgroup+temp_cloud_hourgroup,243.9088013929523,0.0,244.63735359915756,none,170+,other,0.7,0.0,0.0,0.0,-0.7285522062052441,244.63735359915756,-2.12,0.0,55.62342640390247,-7.156529516002934,1.5486706659496485,6.0,High,,,,,,,,,,,,,,,,,0.0,none,0.0,0.0,0.0,,,0.0,,,0.0,0.0,none,,,,,,,,,0.0,,,,,0.0,45,2025-05-07 23:00:00-07:00,2025-06-21 23:00:00-07:00,2025-06-29,0.0,0.8464210225083661,0.8464210225083661,0,1,248.4874,125.471216,187.75079857142856,,,,,,,,,,,,,,,,,-0.7822277873359269,0.954862400842444,0.954862400842444,0.954862400842444,1.6834146070476947,3.8034146070476993
2025-06-29 15:00:00-07:00,origin_06,2025-06-22 00:00:00-07:00,2025,6,184,8,Days8to16,Summer,6,15,266.976475,99.8,100.5,0.0,14.416346323580825,0.0,0.0,266.0935976701732,267.2100830078125,265.6829417819882,266.4199182551384,266.0207533833755,264.42648272018624,264.42648272018624,264.42648272018624,263.73874857412653,261.6187485741265,261.6187485741265,261.6187485741265,0,0.0,none,261.6187485741265,261.6187485741265,0.8828773298267834,-0.23360800781250646,1.2935332180118166,0.5565567448616093,5.357726425873466,5.357726425873466,5.357726425873466,5.357726425873466,5.357726425873466,-0.07284428679770372,-1.5942706631892634,0.0,0.0,-0.6877341460597108,-2.1200000000000045,0.0,-4.4748490960466825,Final_Backtest_Forecast_MWH,days8plus_final_low_confidence+long_horizon_peak_month_correction,raw_bias,none,none,recent_mean+last24_mean+same_hour+hourgroup+global+temp_hourgroup+cloud_hourgroup+solar_hourgroup+solar_loss_hourgroup+temp_cloud_hourgroup,3.0,2,221.6103285,225.29963850000001,14,235.2834877857143,255.17763309999998,45.366146499999985,Midday,6,1,0,0,6.0,1.2805678330731025,0.19,5.1,0.0,273.63394867355476,209.32447725934358,0.8828773298267834,0.8828773298267834,0.330694803662676,Summer,-0.07284428679770212,0.0,-0.07284428679770212,0.0,Clear/Low,3.0,None,-1.594270663189291,weighted_fallback,global+hour+season_hour+season_hourgroup_maxtemp+season_hour_maxtemp+season_month_hour_maxtemp+season_cloud_hourgroup+season_solar_hourgroup+temp_cloud_hourgroup,263.73874857412653,0.0,264.42648272018624,none,170+,other,0.7,0.0,0.0,0.0,-0.687734146059715,264.42648272018624,-2.12,0.0,56.76912041082963,-7.540351003381545,2.006815928584519,6.0,Medium-High,,,,,,,,,,,,,,,,,0.0,none,0.0,0.0,0.0,,,0.0,,,0.0,0.0,none,,,,,,,,,0.0,,,,,0.0,45,2025-05-07 23:00:00-07:00,2025-06-21 23:00:00-07:00,2025-06-29,0.8828773298267834,0.0,-0.8828773298267834,1,0,268.5034,137.771908,206.86283757142857,,,,,,,,,,,,,,,,,0.9557216166244871,2.5499922798137504,2.5499922798137504,2.5499922798137504,3.2377264258734613,5.357726425873466
2025-06-29 16:00:00-07:00,origin_06,2025-06-22 00:00:00-07:00,2025,6,185,8,Days8to16,Summer,6,16,285.005216,100.5,100.5,0.0,9.054976421467051,0.0,0.0,282.1826076604454,283.5145263671875,281.64401289864,282.6484226556418,282.1826076604454,281.09522504884103,281.09522504884103,281.09522504884103,280.4626603408294,278.25266034082944,276.75266034082944,278.25266034082944,1,1.5,june_long_hot_100_105_peak_finish_up,278.25266034082944,278.25266034082944,2.8226083395546198,1.4906896328125185,3.3612031013599903,2.356793344358209,6.752555659170582,8.252555659170582,6.752555659170582,6.752555659170582,6.752555659170582,0.0,-1.0873826116043688,0.0,0.0,-0.6325647080116141,-2.2099999999999795,1.5,-3.9299473196159624,Final_Backtest_Forecast_MWH,days8plus_final_low_confidence+long_horizon_peak_month_correction+long_horizon_hot_month_correction,raw_bias,none,none,recent_mean+last24_mean+same_hour+hourgroup+global+cloud_hourgroup+solar_hourgroup+solar_loss_hourgroup,3.0,2,240.00802850000002,243.17653850000002,14,235.2834877857143,255.17763309999998,44.997187499999995,Peak,6,1,0,0,6.0,1.35,0.17,7.2,0.0,290.36056017954934,226.68064246569756,2.8226083395546198,2.8226083395546198,0.9903707655492943,Summer,-0.0,0.0,0.0,0.0,Clear/Low,2.0,None,-1.0873826116043868,weighted_fallback,global+hour+season_hour+season_hourgroup_maxtemp+season_hour_maxtemp+season_month_hour_maxtemp+season_cloud_hourgroup+season_solar_hourgroup+temp_cloud_hourgroup,280.4626603408294,0.0,281.09522504884103,none,170+,other,0.7,0.0,0.0,0.0,-0.6325647080116308,281.09522504884103,0.0,-3.71,55.50196519474784,-8.17795251910394,2.369274413269188,6.0,Medium-Low,,,,,,,,,,,,,,,,,0.0,none,0.0,0.0,0.0,,,0.0,,,0.0,0.0,none,,,,,,,,,0.0,,,,,0.0,45,2025-05-07 23:00:00-07:00,2025-06-21 23:00:00-07:00,2025-06-29,2.8226083395546198,0.0,-2.8226083395546198,1,0,282.481441,152.790058,225.0902484285714,,,,,,,,,,,,,,,,,2.8226083395546198,3.9099909511589885,3.9099909511589885,3.9099909511589885,4.542555659170603,6.752555659170582
2025-06-29 17:00:00-07:00,origin_06,2025-06-22 00:00:00-07:00,2025,6,186,8,Days8to16,Summer,6,17,295.458308,99.5,100.5,0.0,3.8466566156835227,0.0,0.0,289.2071451930784,289.5224609375,290.4887147887542,287.10315990146734,289.2071451930784,288.1538124481364,288.1538124481364,288.1538124481364,287.5457442885336,285.33574428853365,283.83574428853365,285.33574428853365,1,1.5,june_long_hot_100_105_peak_finish_up,285.33574428853365,285.33574428853365,6.25116280692157,5.935847062499988,4.969593211245808,8.355148098532652,10.122563711466341,11.622563711466341,10.122563711466341,10.122563711466341,10.122563711466341,0.0,-1.0533327449419971,0.0,0.0,-0.6080681596027944,-2.2099999999999795,1.5,-3.871400904544771,Final_Backtest_Forecast_MWH,days8plus_final_low_confidence+long_horizon_peak_month_correction+long_horizon_hot_month_correction,raw_bias,none,none,recent_mean+last24_mean+same_hour+hourgroup+global+cloud_hourgroup+solar_hourgroup+solar_loss_hourgroup,3.0,2,252.02222899999998,255.4798122,14,235.2834877857143,255.17763309999998,43.43607900000001,Peak,6,1,0,0,6.0,1.35,0.16,8.4,0.0,299.18083178808035,239.215149193758,6.25116280692157,6.25116280692157,2.1157512372004685,Summer,-0.0,0.0,0.0,0.0,Clear/Low,1.0,None,-1.0533327449420091,weighted_fallback,global+hour+season_hour+season_hourgroup_maxtemp+season_hour_maxtemp+season_month_hour_maxtemp+season_cloud_hourgroup+season_solar_hourgroup+temp_cloud_hourgroup,287.5457442885336,0.0,288.1538124481364,none,170+,other,0.7,0.0,0.0,0.0,-0.6080681596028159,288.1538124481364,0.0,-3.71,49.99199599932041,-9.973686595001936,3.4260548569398632,6.0,Medium-Low,,,,,,,,,,,,,,,,,0.0,none,0.0,0.0,0.0,,,0.0,,,0.0,0.0,none,,,,,,,,,0.0,,,,,0.0,45,2025-05-07 23:00:00-07:00,2025-06-21 23:00:00-07:00,2025-06-29,6.25116280692157,0.0,-6.25116280692157,1,0,293.501333,168.48825,238.52817957142858,,,,,,,,,,,,,,,,,6.25116280692157,7.3044955518635675,7.3044955518635675,7.3044955518635675,7.912563711466362,10.122563711466341
2025-06-29 18:00:00-07:00,origin_06,2025-06-22 00:00:00-07:00,2025,6,187,8,Days8to16,Summer,6,18,293.555966,98.9,100.5,0.0,1.3284882031195536e-15,0.0,0.0,291.09649490179936,289.7621765136719,291.153020555227,291.3889027001638,291.09649490179936,290.0091857127859,290.0091857127859,290.0091857127859,289.4125957412088,287.2025957412088,285.7025957412088,287.2025957412088,1,1.5,june_long_hot_100_105_peak_finish_up,287.2025957412088,287.2025957412088,2.459471098200652,3.793789486328137,2.4029454447730245,2.1670632998362294,6.3533702587911876,7.8533702587911876,6.3533702587911876,6.3533702587911876,6.3533702587911876,0.0,-1.0873091890134674,0.0,0.0,-0.5965899715770888,-2.2099999999999795,1.5,-3.8938991605905358,Final_Backtest_Forecast_MWH,days8plus_final_low_confidence+long_horizon_peak_month_correction+long_horizon_hot_month_correction,raw_bias,none,none,recent_mean+last24_mean+same_hour+hourgroup+global+cloud_hourgroup+solar_hourgroup+solar_loss_hourgroup,3.0,2,256.660258,261.7058644,14,235.2834877857143,255.17763309999998,36.89570800000001,Peak,6,1,0,0,6.0,1.35,0.17,6.2,0.0,297.77811598981725,241.4959501846522,2.459471098200652,2.459471098200652,0.8378201716399972,Summer,-0.0,0.0,0.0,0.0,Clear/Low,0.0,None,-1.0873091890134439,weighted_fallback,global+hour+season_hour+season_hourgroup_maxtemp+season_hour_maxtemp+season_month_hour_maxtemp+season_cloud_hourgroup+season_solar_hourgroup+temp_cloud_hourgroup,289.4125957412088,0.0,290.0091857127859,none,170+,other,0.7,0.0,0.0,0.0,-0.5965899715771107,290.0091857127859,0.0,-3.71,49.60054471714716,-6.6816210880178915,2.164279045444843,6.0,Low,,,,,,,,,,,,,,,,,0.0,none,0.0,0.0,0.0,,,0.0,,,0.0,0.0,none,,,,,,,,,0.0,,,,,0.0,45,2025-05-07 23:00:00-07:00,2025-06-21 23:00:00-07:00,2025-06-29,2.459471098200652,0.0,-2.459471098200652,1,0,294.215633,175.897925,242.00596414285715,,,,,,,,,,,,,,,,,2.459471098200652,3.546780287214119,3.546780287214119,3.546780287214119,4.143370258791208,6.3533702587911876
2025-06-29 19:00:00-07:00,origin_06,2025-06-22 00:00:00-07:00,2025,6,188,8,Days8to16,Summer,6,19,280.1003,97.2,100.5,0.0,0.0,0.0,0.0,280.6676002772898,281.574951171875,280.4526830915244,280.74608417075393,280.6676002772898,279.75517670660184,279.75517670660184,279.75517670660184,279.26267873599045,280.55267873599047,275.55267873599047,280.55267873599047,1,5.0,june_long_100_plus_evening_finish_up,280.55267873599047,280.55267873599047,-0.567300277289803,-1.4746511718749957,-0.35238309152441616,-0.6457841707539274,-0.4523787359904645,4.5476212640095355,-0.4523787359904645,-0.4523787359904645,0.4523787359904645,0.0,-0.9124235706879631,0.0,0.0,-0.4924979706113959,1.2900000000000205,5.0,-0.11492154129933851,Final_Backtest_Forecast_MWH,days8plus_final_low_confidence+long_horizon_hot_month_correction,raw_bias,none,none,recent_mean+last24_mean+same_hour+hourgroup+global+cloud_hourgroup+solar_hourgroup+solar_loss_hourgroup,3.0,2,246.370675,251.238635,14,235.2834877857143,255.17763309999998,33.729625,Peak,6,1,0,0,6.0,0.0,0.19,7.7,0.0,285.1455246626439,234.39384647933997,-0.567300277289803,0.567300277289803,0.20253469106952154,Summer,-0.0,0.0,0.0,0.0,Clear/Low,0.0,None,-0.9124235706879826,weighted_fallback,global+hour+season_hour+season_hourgroup_maxtemp+season_hour_maxtemp+season_month_hour_maxtemp+season_cloud_hourgroup+season_solar_hourgroup+temp_cloud_hourgroup,279.26267873599045,0.0,279.75517670660184,none,170+,other,1.0,0.0,0.0,0.0,-0.49249797061137773,279.75517670660184,0.0,-3.71,46.27375379794984,-4.477924385354072,0.1615059805328536,6.0,None,,,,,,,,,,,,,,,,,0.0,none,0.0,0.0,0.0,,,0.0,,,0.0,0.0,none,,,,,,,,,0.0,,,,,0.0,45,2025-05-07 23:00:00-07:00,2025-06-21 23:00:00-07:00,2025-06-29,0.0,0.567300277289803,0.567300277289803,0,1,283.011391,175.710408,236.29735914285715,,,,,,,,,,,,,,,,,-0.567300277289803,0.34512329339816006,0.34512329339816006,0.34512329339816006,0.8376212640095559,-0.4523787359904645
2025-06-29 20:00:00-07:00,origin_06,2025-06-22 00:00:00-07:00,2025,6,189,8,Days8to16,Summer,6,20,261.44,92.7,100.5,0.0,0.0,0.0,0.0,262.7559023085287,264.27264404296875,263.8635772879252,260.58191541677985,262.7559023085287,261.8235028223808,261.8235028223808,261.8235028223808,261.3035522362735,257.5935522362735,257.5935522362735,257.5935522362735,0,0.0,none,257.5935522362735,257.5935522362735,-1.3159023085286776,-2.8326440429687523,-2.423577287925184,0.8580845832201476,3.8464477637264736,3.8464477637264736,3.8464477637264736,3.8464477637264736,3.8464477637264736,0.0,-0.9323994861478582,0.0,0.0,-0.5199505861073135,-3.7099999999999795,0.0,-5.162350072255151,Final_Backtest_Forecast_MWH,days8plus_final_low_confidence+long_horizon_hot_month_correction,raw_bias,none,none,recent_mean+last24_mean+same_hour+hourgroup+global+cloud_hourgroup+solar_hourgroup+solar_loss_hourgroup,3.0,2,228.795275,232.64603499999998,14,235.2834877857143,255.17763309999998,32.644724999999994,Peak,6,1,0,0,6.0,0.0,0.23,9.2,0.0,264.0497241008837,221.15243109300036,-1.3159023085286776,1.3159023085286776,0.5033286063833681,Summer,-0.0,0.0,0.0,0.0,Clear/Low,0.0,None,-0.9323994861478605,weighted_fallback,global+hour+season_hour+season_hourgroup_maxtemp+season_hour_maxtemp+season_month_hour_maxtemp+season_cloud_hourgroup+season_solar_hourgroup+temp_cloud_hourgroup,261.3035522362735,0.0,261.8235028223808,none,170+,other,1.0,0.0,0.0,0.0,-0.5199505861073144,261.8235028223808,0.0,-3.71,41.603471215528316,-1.2938217923550042,1.4712544995893795,6.0,None,,,,,,,,,,,,,,,,,0.0,none,0.0,0.0,0.0,,,0.0,,,0.0,0.0,none,,,,,,,,,0.0,,,,,0.0,45,2025-05-07 23:00:00-07:00,2025-06-21 23:00:00-07:00,2025-06-29,0.0,1.3159023085286776,1.3159023085286776,0,1,264.306775,171.204691,222.3378935714286,,,,,,,,,,,,,,,,,-1.3159023085286776,-0.38350282238081945,-0.38350282238081945,-0.38350282238081945,0.13644776372649403,3.8464477637264736
2025-06-30 14:00:00-07:00,origin_06,2025-06-22 00:00:00-07:00,2025,6,207,9,Days8to16,Summer,6,14,228.0145,94.3,98.7,0.0,18.671976759020065,0.0,0.0,238.9228059066864,239.10232543945312,240.7141647798747,236.05652209659996,238.0210796917632,236.41451812956703,236.41451812956703,236.41451812956703,235.72045421864487,233.60045421864487,233.60045421864487,233.60045421864487,0,0.0,none,233.60045421864487,233.60045421864487,-10.908305906686394,-11.087825439453127,-12.699664779874695,-8.042022096599965,-5.585954218644872,-5.585954218644872,-5.585954218644872,-5.585954218644872,5.585954218644872,-0.901726214923201,-1.6065615621961626,0.0,0.0,-0.6940639109221536,-2.1200000000000045,0.0,-5.322351688041522,Final_Backtest_Forecast_MWH,days8plus_final_low_confidence+long_horizon_peak_month_correction,raw_bias,none,none,recent_mean+last24_mean+same_hour+hourgroup+global+temp_hourgroup+cloud_hourgroup+solar_hourgroup+solar_loss_hourgroup+temp_cloud_hourgroup,3.0,2,201.51762050000002,205.0205769,14,235.2834877857143,255.17763309999998,26.496879499999977,Midday,0,0,0,0,5.0,1.1062091996065249,0.19,7.4,0.0,246.43863702250837,207.27815359999212,-10.908305906686394,10.908305906686394,4.784040447728716,Summer,-0.9017262149231939,0.0,-0.9017262149231939,0.0,Clear/Low,4.0,None,-1.606561562196158,weighted_fallback,global+hour+season_hour+season_hourgroup_maxtemp+season_hour_maxtemp+season_month_hour_maxtemp+season_cloud_hourgroup+season_solar_hourgroup+temp_cloud_hourgroup,235.72045421864487,0.0,236.41451812956703,none,170+,other,0.7,0.0,0.0,0.0,-0.6940639109221408,236.41451812956703,-2.12,0.0,31.64465230669427,-7.515831115821982,2.449824120240104,5.0,High,,,,,,,,,,,,,,,,,0.0,none,0.0,0.0,0.0,,,0.0,,,0.0,0.0,none,,,,,,,,,0.0,,,,,0.0,45,2025-05-07 23:00:00-07:00,2025-06-21 23:00:00-07:00,2025-06-30,0.0,10.908305906686394,10.908305906686394,0,1,245.592216,178.926058,204.91094142857142,,,,,,,,,,,,,,,,,-10.006579691763193,-8.40001812956703,-8.40001812956703,-8.40001812956703,-7.705954218644877,-5.585954218644872
2025-06-30 15:00:00-07:00,origin_06,2025-06-22 00:00:00-07:00,2025,6,208,9,Days8to16,Summer,6,15,250.292991,96.3,98.7,0.0,14.52797732387404,0.0,0.0,259.3065221232062,258.67413330078125,260.68815385105523,257.31606907156487,258.40579109502494,256.8868752641516,256.8868752641516,256.8868752641516,256.233629413375,254.113629413375,254.113629413375,254.113629413375,0,0.0,none,254.113629413375,254.113629413375,-9.013531123206207,-8.38114230078125,-10.395162851055233,-7.023078071564868,-3.8206384133750078,-3.8206384133750078,-3.8206384133750078,-3.8206384133750078,3.8206384133750078,-0.9007310281812693,-1.5189158308733113,0.0,0.0,-0.6532458507766137,-2.1200000000000045,0.0,-5.192892709831199,Final_Backtest_Forecast_MWH,days8plus_final_low_confidence+long_horizon_peak_month_correction,raw_bias,none,none,recent_mean+last24_mean+same_hour+hourgroup+global+temp_hourgroup+cloud_hourgroup+solar_hourgroup+solar_loss_hourgroup+temp_cloud_hourgroup,3.0,2,221.6103285,225.29963850000001,14,235.2834877857143,255.17763309999998,28.682662499999992,Midday,0,0,0,0,5.0,1.2910509456033519,0.16,7.0,0.0,266.0935976701732,226.9917258577939,-9.013531123206207,9.013531123206207,3.601191981922581,Summer,-0.9007310281812846,0.0,-0.9007310281812846,0.0,Clear/Low,3.0,None,-1.5189158308733175,weighted_fallback,global+hour+season_hour+season_hourgroup_maxtemp+season_hour_maxtemp+season_month_hour_maxtemp+season_cloud_hourgroup+season_solar_hourgroup+temp_cloud_hourgroup,256.233629413375,0.0,256.8868752641516,none,170+,other,0.7,0.0,0.0,0.0,-0.6532458507766117,256.8868752641516,-2.12,0.0,32.3147962654123,-6.787075546967003,1.5264664016800247,5.0,Medium-High,,,,,,,,,,,,,,,,,0.0,none,0.0,0.0,0.0,,,0.0,,,0.0,0.0,none,,,,,,,,,0.0,,,,,0.0,45,2025-05-07 23:00:00-07:00,2025-06-21 23:00:00-07:00,2025-06-30,0.0,9.013531123206207,9.013531123206207,0,1,266.976475,198.225441,225.3206328571429,,,,,,,,,,,,,,,,,-8.112800095024937,-6.593884264151626,-6.593884264151626,-6.593884264151626,-5.940638413375012,-3.8206384133750078
2025-06-30 16:00:00-07:00,origin_06,2025-06-22 00:00:00-07:00,2025,6,209,9,Days8to16,Summer,6,16,271.905066,98.2,98.7,0.0,9.16774076046415,0.0,0.0,274.21745547072317,276.35675048828125,274.39123221292476,273.33315058510414,274.21745547072317,272.9952336405674,272.9952336405674,273.19406790681,272.5615031987984,268.8515031987984,268.8515031987984,268.8515031987984,0,0.0,none,268.8515031987984,268.8515031987984,-2.31238947072319,-4.451684488281273,-2.486166212924786,-1.428084585104159,3.053562801201565,3.053562801201565,3.053562801201565,3.053562801201565,3.053562801201565,0.0,-1.2222218301557746,0.0,0.19883426624261347,-0.6325647080116141,-3.7099999999999795,0.0,-5.365952271924755,Final_Backtest_Forecast_MWH,days8plus_final_low_confidence+long_horizon_peak_month_correction+long_horizon_hot_month_correction,raw_bias,none,tree_peak_gap,recent_mean+last24_mean+same_hour+hourgroup+global+cloud_hourgroup+solar_hourgroup+solar_loss_hourgroup,3.0,2,240.00802850000002,243.17653850000002,14,235.2834877857143,255.17763309999998,31.897037499999954,Peak,0,0,0,1,5.0,1.35,0.15,5.7,0.0,282.1826076604454,244.8109265372348,-2.31238947072319,2.31238947072319,0.8504400100891059,Summer,-0.0,0.0,0.0,0.0,Clear/Low,2.0,None,-1.2222218301557957,weighted_fallback,global+hour+season_hour+season_hourgroup_maxtemp+season_hour_maxtemp+season_month_hour_maxtemp+season_cloud_hourgroup+season_solar_hourgroup+temp_cloud_hourgroup,272.5615031987984,0.0,272.9952336405674,none,170+,other,0.7,0.0,0.0,0.19883426624262202,-0.6325647080116308,273.19406790681,0.0,-3.71,29.406528933488374,-7.965152189722232,1.1230253434121618,5.0,Medium-Low,,,,,,,,,,,,,,,,,0.0,none,0.0,0.0,0.0,,,0.0,,,0.0,0.0,none,,,,,,,,,0.0,,,,,0.0,45,2025-05-07 23:00:00-07:00,2025-06-21 23:00:00-07:00,2025-06-30,0.0,2.31238947072319,2.31238947072319,0,1,285.005216,217.453166,243.97812814285712,,,,,,,,,,,,,,,,,-2.31238947072319,-1.0901676405674152,-1.0901676405674152,-1.2890019068100287,-0.6564371987984146,3.053562801201565
2025-06-30 17:00:00-07:00,origin_06,2025-06-22 00:00:00-07:00,2025,6,210,9,Days8to16,Summer,6,17,285.456808,98.7,98.7,0.0,3.9050277327652148,0.0,0.0,285.57135250206994,284.0222473144531,284.48337551618954,287.7236321049153,285.57135250206994,284.3726006672092,284.3726006672092,284.56566795794754,283.95759979834475,280.24759979834477,280.24759979834477,280.24759979834477,0,0.0,none,280.24759979834477,280.24759979834477,-0.11454450206991851,1.4345606855468986,0.973432483810484,-2.2668241049152584,5.209208201655258,5.209208201655258,5.209208201655258,5.209208201655258,5.209208201655258,0.0,-1.1987518348607296,0.0,0.19306729073832685,-0.6080681596027944,-3.7099999999999795,0.0,-5.323752703725177,Final_Backtest_Forecast_MWH,days8plus_final_low_confidence+long_horizon_peak_month_correction+long_horizon_hot_month_correction,raw_bias,none,tree_peak_gap,recent_mean+last24_mean+same_hour+hourgroup+global+cloud_hourgroup+solar_hourgroup+solar_loss_hourgroup,3.0,2,252.02222899999998,255.4798122,14,235.2834877857143,255.17763309999998,33.43457900000004,Peak,0,0,0,1,5.0,1.35,0.14,6.1,0.0,289.2071451930784,256.414581670092,-0.11454450206991851,0.11454450206991851,0.040126736816141546,Summer,-0.0,0.0,0.0,0.0,Clear/Low,1.0,None,-1.1987518348607262,weighted_fallback,global+hour+season_hour+season_hourgroup_maxtemp+season_hour_maxtemp+season_month_hour_maxtemp+season_cloud_hourgroup+season_solar_hourgroup+temp_cloud_hourgroup,283.95759979834475,0.0,284.3726006672092,none,170+,other,0.7,0.0,0.0,0.19306729073833823,-0.6080681596028159,284.56566795794754,0.0,-3.71,29.15677083197795,-3.6357926910084757,1.8248673899748986,5.0,Medium-Low,,,,,,,,,,,,,,,,,0.0,none,0.0,0.0,0.0,,,0.0,,,0.0,0.0,none,,,,,,,,,0.0,,,,,0.0,45,2025-05-07 23:00:00-07:00,2025-06-21 23:00:00-07:00,2025-06-30,0.0,0.11454450206991851,0.11454450206991851,0,1,295.458308,231.863358,256.66675928571425,,,,,,,,,,,,,,,,,-0.11454450206991851,1.084207332790811,1.084207332790811,0.8911400420524842,1.4992082016552786,5.209208201655258
2025-06-30 18:00:00-07:00,origin_06,2025-06-22 00:00:00-07:00,2025,6,211,9,Days8to16,Summer,6,18,286.917341,97.1,98.7,0.0,1.3505836410092758e-15,0.0,0.0,284.542801096969,281.7405090332031,282.03051541566566,289.2913334715216,284.542801096969,283.3183223293543,283.3183223293543,284.95347845754634,284.35688848596925,280.64688848596927,280.64688848596927,280.64688848596927,0,0.0,none,280.64688848596927,280.64688848596927,2.374539903031007,5.176831966796897,4.88682558433436,-2.3739924715216034,6.270452514030751,6.270452514030751,6.270452514030751,6.270452514030751,6.270452514030751,0.0,-1.2244787676146984,0.0,1.6351561281920226,-0.5965899715770888,-3.7099999999999795,0.0,-3.895912610999744,Final_Backtest_Forecast_MWH,days8plus_final_low_confidence+long_horizon_peak_month_correction+long_horizon_hot_month_correction,raw_bias,none,tree_peak_gap,recent_mean+last24_mean+same_hour+hourgroup+global+cloud_hourgroup+solar_hourgroup+solar_loss_hourgroup,3.0,2,256.660258,261.7058644,14,235.2834877857143,255.17763309999998,30.257083000000023,Peak,0,0,0,1,5.0,1.35,0.16,4.3,0.0,291.09649490179936,258.20814869537634,2.374539903031007,2.374539903031007,0.8276041785257611,Summer,-0.0,0.0,0.0,0.0,Clear/Low,0.0,None,-1.2244787676146789,weighted_fallback,global+hour+season_hour+season_hourgroup_maxtemp+season_hour_maxtemp+season_month_hour_maxtemp+season_cloud_hourgroup+season_solar_hourgroup+temp_cloud_hourgroup,284.35688848596925,0.0,283.3183223293543,none,170+,other,0.7,0.0,0.0,1.63515612819202,-0.5965899715771107,284.95347845754634,0.0,-3.71,26.334652401592678,-6.5536938048303455,2.1854560941406294,5.0,Low,,,,,,,,,,,,,,,,,0.0,none,0.0,0.0,0.0,,,0.0,,,0.0,0.0,none,,,,,,,,,0.0,,,,,0.0,45,2025-05-07 23:00:00-07:00,2025-06-21 23:00:00-07:00,2025-06-30,2.374539903031007,0.0,-2.374539903031007,1,0,293.555966,237.605125,258.8142557142857,,,,,,,,,,,,,,,,,2.374539903031007,3.5990186706457052,3.5990186706457052,1.9638625424536826,2.5604525140307715,6.270452514030751
2025-06-30 19:00:00-07:00,origin_06,2025-06-22 00:00:00-07:00,2025,6,212,9,Days8to16,Summer,6,19,280.989416,96.3,98.7,0.0,0.0,0.0,0.0,273.39089143518686,276.12005615234375,274.5133242271304,270.8473071286593,273.39089143518686,272.29195994462964,272.29195994462964,272.7474128588724,272.254914888261,274.544914888261,268.544914888261,274.544914888261,1,6.0,june_long_95_100_evening_recovery_up+june_long_98_100_clear_high_state_overstack_backoff,274.544914888261,274.544914888261,7.598524564813147,4.869359847656256,6.476091772869609,10.142108871340724,6.444501111738987,12.444501111738987,6.444501111738987,6.444501111738987,6.444501111738987,0.0,-1.09893149055722,0.0,0.45545291424275547,-0.4924979706113959,2.2900000000000205,6.0,1.15402345307416,Final_Backtest_Forecast_MWH,days8plus_final_low_confidence+long_horizon_hot_month_correction,raw_bias,none,tree_peak_gap,recent_mean+last24_mean+same_hour+hourgroup+global+cloud_hourgroup+solar_hourgroup+solar_loss_hourgroup,3.0,2,246.370675,251.238635,14,235.2834877857143,255.17763309999998,34.618741,Peak,0,0,0,1,5.0,0.0,0.17,4.5,0.0,280.6676002772898,249.8453731169727,7.598524564813147,7.598524564813147,2.7042031237266055,Summer,-0.0,0.0,0.0,0.0,Clear/Low,0.0,None,-1.0989314905572023,weighted_fallback,global+hour+season_hour+season_hourgroup_maxtemp+season_hour_maxtemp+season_month_hour_maxtemp+season_cloud_hourgroup+season_solar_hourgroup+temp_cloud_hourgroup,272.254914888261,0.0,272.29195994462964,none,170+,other,1.0,0.0,0.0,0.4554529142427612,-0.49249797061137773,272.7474128588724,0.0,-3.71,23.545518318214164,-7.276708842102948,2.293503151641479,5.0,None,,,,,,,,,,,,,,,,,0.0,none,0.0,0.0,0.0,,,0.0,,,0.0,0.0,none,,,,,,,,,0.0,,,,,0.0,45,2025-05-07 23:00:00-07:00,2025-06-21 23:00:00-07:00,2025-06-30,7.598524564813147,0.0,-7.598524564813147,1,0,280.1003,233.494275,251.21020085714287,,,,,,,,,,,,,,,,,7.598524564813147,8.697456055370367,8.697456055370367,8.242003141127611,8.734501111739007,6.444501111738987
2025-06-30 20:00:00-07:00,origin_06,2025-06-22 00:00:00-07:00,2025,6,213,9,Days8to16,Summer,6,20,263.834958,94.2,98.7,0.0,0.0,0.0,0.0,260.60714224383753,257.4964904785156,259.8396758234193,262.7019185517296,260.60714224383753,259.4809816114794,259.4809816114794,259.60249692861703,259.0825463425097,255.3725463425097,255.3725463425097,255.3725463425097,0,0.0,none,255.3725463425097,255.3725463425097,3.2278157561624425,6.338467521484347,3.9952821765806448,1.133039448270381,8.462411657490264,8.462411657490264,8.462411657490264,8.462411657490264,8.462411657490264,0.0,-1.1261606323581077,0.0,0.12151531713760733,-0.5199505861073135,-3.710000000000008,0.0,-5.234595901327822,Final_Backtest_Forecast_MWH,days8plus_final_low_confidence+long_horizon_hot_month_correction,raw_bias,none,tree_peak_gap,recent_mean+last24_mean+same_hour+hourgroup+global+cloud_hourgroup+solar_hourgroup+solar_loss_hourgroup,3.0,2,228.795275,232.64603499999998,14,235.2834877857143,255.17763309999998,35.03968299999997,Peak,0,0,0,1,5.0,0.0,0.19,5.8,0.0,262.7559023085287,234.64766565183842,3.2278157561624425,3.2278157561624425,1.223422316978345,Summer,-0.0,0.0,0.0,0.0,Clear/Low,0.0,None,-1.1261606323580844,weighted_fallback,global+hour+season_hour+season_hourgroup_maxtemp+season_hour_maxtemp+season_month_hour_maxtemp+season_cloud_hourgroup+season_solar_hourgroup+temp_cloud_hourgroup,259.0825463425097,0.0,259.4809816114794,none,170+,other,1.0,0.0,0.0,0.12151531713759313,-0.5199505861073144,259.60249692861703,0.0,-3.71,25.959476591999106,-2.148760064691146,3.2074641365342744,5.0,None,,,,,,,,,,,,,,,,,0.0,none,0.0,0.0,0.0,,,0.0,,,0.0,0.0,none,,,,,,,,,0.0,,,,,0.0,45,2025-05-07 23:00:00-07:00,2025-06-21 23:00:00-07:00,2025-06-30,3.2278157561624425,0.0,-3.2278157561624425,1,0,261.44,221.154216,235.228652,,,,,,,,,,,,,,,,,3.2278157561624425,4.35397638852055,4.35397638852055,4.232461071382943,4.752411657490256,8.462411657490264
2026-06-01 14:00:00-07:00,origin_18,2026-05-24 00:00:00-07:00,2026,5,207,9,Days8to16,Summer,6,14,190.248075,90.5,92.5,0.0,20.98525912883194,0.0,0.0,187.7779616122758,186.7725830078125,187.51345584408762,188.480864563561,187.093733490864,187.16048554281122,187.16048554281122,187.16048554281122,186.7193780479692,184.5993780479692,184.5993780479692,184.5993780479692,0,0.0,none,184.5993780479692,184.5993780479692,2.4701133877242114,3.4754919921875,2.734619155912384,1.7672104364390009,5.648696952030804,5.648696952030804,5.648696952030804,5.648696952030804,5.648696952030804,-0.6842281214117918,0.06675205194721912,0.0,0.0,-0.44110749484201506,-2.1200000000000045,0.0,-3.1785835643065923,Final_Backtest_Forecast_MWH,days8plus_final_low_confidence+long_horizon_peak_month_correction,raw_bias,none,none,recent_mean+last24_mean+same_hour+hourgroup+global+temp_hourgroup+cloud_hourgroup+solar_hourgroup+solar_loss_hourgroup+temp_cloud_hourgroup,3.0,9,179.8123701111111,193.4245896,63,213.56628803174604,240.531745,10.435704888888893,Midday,0,0,0,0,4.0,1.173665330972151,0.2,2.8,0.0,140.71107960231527,125.25756026203774,2.4701133877242114,2.4701133877242114,1.2983644579448235,Spring,-0.6842281214117971,0.0,-0.6842281214117971,0.0,Clear/Low,5.0,None,0.06675205194721849,weighted_fallback,global+hour+temp_cloud_hourgroup,186.7193780479692,0.0,187.16048554281122,none,170+,other,0.7,0.0,0.0,0.0,-0.44110749484200323,187.16048554281122,-2.12,0.0,62.520401350238046,47.06688200996052,2.969121738567291,4.0,High,,,,,,,,,,,,,,,,,,,,,,,,,,,,,,,,,,,,,,,,,,,,45,2026-04-08 23:00:00-07:00,2026-05-23 23:00:00-07:00,2026-06-01,2.4701133877242114,0.0,-2.4701133877242114,1,0,113.168525,97.388516,154.059127,,,,,,,,,,,,,,,,,3.154341509136003,3.087589457188784,3.087589457188784,3.087589457188784,3.528696952030799,5.648696952030804
2026-06-01 15:00:00-07:00,origin_18,2026-05-24 00:00:00-07:00,2026,5,208,9,Days8to16,Summer,6,15,208.996966,91.9,92.5,0.0,16.231685774483765,0.0,0.0,205.50895080707545,204.47462463378906,205.61657742058011,205.63534503536425,204.91863001502202,204.87865142324526,204.87865142324526,204.87865142324526,204.4521983915118,202.3321983915118,202.3321983915118,202.3321983915118,0,0.0,none,202.3321983915118,202.3321983915118,3.4880151929245358,4.522341366210924,3.380388579419872,3.3616209646357333,6.664767608488177,6.664767608488177,6.664767608488177,6.664767608488177,6.664767608488177,-0.5903207920534328,-0.039978591776758776,0.0,0.0,-0.42645303173344473,-2.1200000000000045,0.0,-3.176752415563641,Final_Backtest_Forecast_MWH,days8plus_final_low_confidence+long_horizon_peak_month_correction,raw_bias,none,none,recent_mean+last24_mean+same_hour+hourgroup+global+temp_hourgroup+cloud_hourgroup+solar_hourgroup+solar_loss_hourgroup+temp_cloud_hourgroup,3.0,9,200.45681433333334,209.563091,63,213.56628803174604,240.531745,8.540151666666645,Midday,0,0,0,0,4.0,1.35,0.18,3.1,0.0,154.76306940838776,132.26913127708298,3.4880151929245358,3.4880151929245358,1.668931018321355,Spring,-0.5903207920534426,0.0,-0.5903207920534426,0.0,Clear/Low,4.0,None,-0.0399785917767681,weighted_fallback,global+hour+temp_cloud_hourgroup,204.4521983915118,0.0,204.87865142324526,none,170+,other,0.7,0.0,0.0,0.0,-0.42645303173344795,204.87865142324526,-2.12,0.0,73.23981952999247,50.745881398687686,3.188930316092807,4.0,Medium-High,,,,,,,,,,,,,,,,,,,,,,,,,,,,,,,,,,,,,,,,,,,,45,2026-04-08 23:00:00-07:00,2026-05-23 23:00:00-07:00,2026-06-01,3.4880151929245358,0.0,-3.4880151929245358,1,0,121.463241,99.629608,158.54062728571427,,,,,,,,,,,,,,,,,4.078335984977969,4.118314576754727,4.118314576754727,4.118314576754727,4.544767608488172,6.664767608488177
2026-06-01 16:00:00-07:00,origin_18,2026-05-24 00:00:00-07:00,2026,5,209,9,Days8to16,Summer,6,16,225.060525,92.5,92.5,0.0,10.152740895565683,0.0,0.0,221.55652767160305,220.78689575195312,223.2962033955161,219.04264636821108,221.55652767160305,221.75294954017764,221.75294954017764,221.75294954017764,221.3489426345436,217.63894263454358,217.63894263454358,217.63894263454358,0,0.0,none,217.63894263454358,217.63894263454358,3.503997328396963,4.273629248046888,1.7643216044839107,6.017878631788932,7.42158236545643,7.42158236545643,7.42158236545643,7.42158236545643,7.42158236545643,0.0,0.1964218685745891,0.0,0.0,-0.4040069056340485,-3.710000000000008,0.0,-3.9175850370594674,Final_Backtest_Forecast_MWH,days8plus_final_low_confidence+long_horizon_peak_month_correction+long_horizon_hot_month_correction,raw_bias,none,none,recent_mean+last24_mean+same_hour+hourgroup+global+temp_hourgroup+cloud_hourgroup+solar_hourgroup+solar_loss_hourgroup+temp_cloud_hourgroup,3.0,9,217.94929611111112,231.14446999999998,63,213.56628803174604,240.531745,7.111228888888888,Peak,0,0,0,1,4.0,1.35,0.16,2.9,0.0,169.94825374079255,140.93443738170387,3.503997328396963,3.503997328396963,1.55691333626675,Spring,-0.0,0.0,0.0,0.0,Clear/Low,3.0,None,0.19642186857457966,weighted_fallback,global+hour+temp_cloud_hourgroup,221.3489426345436,0.0,221.75294954017764,none,170+,other,0.7,0.0,0.0,0.0,-0.40400690563403574,221.75294954017764,0.0,-3.71,80.62209028989918,51.6082739308105,3.297593998528365,4.0,Medium-High,,,,,,,,,,,,,,,,,,,,,,,,,,,,,,,,,,,,,,,,,,,,45,2026-04-08 23:00:00-07:00,2026-05-23 23:00:00-07:00,2026-06-01,3.503997328396963,0.0,-3.503997328396963,1,0,127.706541,104.251466,160.18964614285713,,,,,,,,,,,,,,,,,3.503997328396963,3.307575459822374,3.307575459822374,3.307575459822374,3.7115823654564224,7.42158236545643
2026-06-01 17:00:00-07:00,origin_18,2026-05-24 00:00:00-07:00,2026,5,210,9,Days8to16,Summer,6,17,237.518291,92.4,92.5,0.0,4.289141684909547,0.0,0.0,235.6765772733716,235.08474731445312,237.00478712688647,233.75848463468208,235.6765772733716,236.15759325842185,236.15759325842185,236.15759325842185,235.8069186210128,232.0969186210128,232.0969186210128,232.0969186210128,0,0.0,none,232.0969186210128,232.0969186210128,1.8417137266283987,2.43354368554688,0.5135038731135353,3.759806365317928,5.421372378987201,5.421372378987201,5.421372378987201,5.421372378987201,5.421372378987201,0.0,0.4810159850502487,0.0,0.0,-0.3506746374090426,-3.710000000000008,0.0,-3.579658652358802,Final_Backtest_Forecast_MWH,days8plus_final_low_confidence+long_horizon_peak_month_correction+long_horizon_hot_month_correction,raw_bias,none,none,recent_mean+last24_mean+same_hour+hourgroup+global+temp_hourgroup+cloud_hourgroup+solar_hourgroup+solar_loss_hourgroup+temp_cloud_hourgroup,3.0,9,230.0675838888889,245.80907820000002,63,213.56628803174604,240.531745,7.4507071111111145,Peak,0,0,0,1,4.0,1.35,0.15,3.8,0.0,185.26157443586607,149.0201185430599,1.8417137266283987,1.8417137266283987,0.7753986940855846,Spring,0.0,0.0,0.0,0.0,Clear/Low,1.0,None,0.4810159850502491,weighted_fallback,global+hour+temp_cloud_hourgroup,235.8069186210128,0.0,236.15759325842185,none,170+,other,0.7,0.0,0.0,0.0,-0.3506746374090418,236.15759325842185,0.0,-3.71,86.6564587303117,50.41500283750554,2.2825073202413706,4.0,Medium-Low,,,,,,,,,,,,,,,,,,,,,,,,,,,,,,,,,,,,,,,,,,,,45,2026-04-08 23:00:00-07:00,2026-05-23 23:00:00-07:00,2026-06-01,1.8417137266283987,0.0,-1.8417137266283987,1,0,134.152408,107.817666,197.61604457142857,,,,,,,,,,,,,,,,,1.8417137266283987,1.36069774157815,1.36069774157815,1.36069774157815,1.7113723789871926,5.421372378987201
2026-06-01 18:00:00-07:00,origin_18,2026-05-24 00:00:00-07:00,2026,5,211,9,Days8to16,Summer,6,18,241.827958,91.6,92.5,0.0,1.4808132534861512e-15,0.0,0.0,238.6606754180538,236.5665740966797,238.41136756856534,239.65075955907116,238.6606754180538,239.2677042697809,239.2677042697809,239.2677042697809,238.94268964281486,235.23268964281485,235.23268964281485,235.23268964281485,0,0.0,none,235.23268964281485,235.23268964281485,3.167282581946182,5.261383903320308,3.4165904314346562,2.1771984409288336,6.595268357185148,6.595268357185148,6.595268357185148,6.595268357185148,6.595268357185148,0.0,0.6070288517270797,0.0,0.0,-0.32501462696603767,-3.710000000000008,0.0,-3.427985775238966,Final_Backtest_Forecast_MWH,days8plus_final_low_confidence+long_horizon_peak_month_correction+long_horizon_hot_month_correction,raw_bias,none,none,recent_mean+last24_mean+same_hour+hourgroup+global+temp_hourgroup+cloud_hourgroup+solar_hourgroup+solar_loss_hourgroup+temp_cloud_hourgroup,3.0,9,232.13308311111112,250.67742320000002,63,213.56628803174604,240.531745,9.694874888888876,Peak,0,0,0,1,4.0,1.35,0.15,4.3,0.0,191.07132883261963,154.2492608522381,3.167282581946182,3.167282581946182,1.3097255619824495,Spring,-0.0,0.0,0.0,0.0,Clear/Low,0.0,None,0.6070288517270926,weighted_fallback,global+hour+temp_cloud_hourgroup,238.94268964281486,0.0,239.2677042697809,none,170+,other,0.7,0.0,0.0,0.0,-0.32501462696604033,239.2677042697809,0.0,-3.71,84.4114145658157,47.589346585434185,2.7272563568456993,4.0,Low,,,,,,,,,,,,,,,,,,,,,,,,,,,,,,,,,,,,,,,,,,,,45,2026-04-08 23:00:00-07:00,2026-05-23 23:00:00-07:00,2026-06-01,3.167282581946182,0.0,-3.167282581946182,1,0,140.571816,109.887608,179.10195785714288,,,,,,,,,,,,,,,,,3.167282581946182,2.5602537302191024,2.5602537302191024,2.5602537302191024,2.88526835718514,6.595268357185148
2026-06-01 19:00:00-07:00,origin_18,2026-05-24 00:00:00-07:00,2026,5,212,9,Days8to16,Summer,6,19,236.465941,90.0,92.5,0.0,0.0,0.0,0.0,232.4005778313263,231.5821533203125,233.75901171455112,230.49973158940554,232.4005778313263,233.04031380162533,233.04031380162533,233.04031380162533,232.7417219520912,229.0317219520912,229.0317219520912,229.0317219520912,0,0.0,none,229.0317219520912,229.0317219520912,4.065363168673684,4.883787679687487,2.706929285448865,5.966209410594445,7.434219047908783,7.434219047908783,7.434219047908783,7.434219047908783,7.434219047908783,0.0,0.6397359702990286,0.0,0.0,-0.29859184953411955,-3.710000000000008,0.0,-3.368855879235099,Final_Backtest_Forecast_MWH,days8plus_final_low_confidence+long_horizon_hot_month_correction,raw_bias,none,none,recent_mean+last24_mean+same_hour+hourgroup+global+temp_hourgroup+cloud_hourgroup+solar_hourgroup+solar_loss_hourgroup+temp_cloud_hourgroup,3.0,9,224.49218300000004,245.3007078,63,213.56628803174604,240.531745,11.973757999999947,Peak,0,0,0,1,4.0,0.0,0.17,3.6,0.0,190.94624028146586,154.57431666177052,4.065363168673684,4.065363168673684,1.7192172164335857,Spring,0.0,0.0,0.0,0.0,Clear/Low,0.0,None,0.639735970299021,weighted_fallback,global+hour+temp_cloud_hourgroup,232.7417219520912,0.0,233.04031380162533,none,170+,other,1.0,0.0,0.0,0.0,-0.29859184953411055,233.04031380162533,0.0,-3.71,77.82626116955578,41.45433754986044,3.1438857606596224,4.0,None,,,,,,,,,,,,,,,,,,,,,,,,,,,,,,,,,,,,,,,,,,,,45,2026-04-08 23:00:00-07:00,2026-05-23 23:00:00-07:00,2026-06-01,4.065363168673684,0.0,-4.065363168673684,1,0,148.99605,111.072416,193.27135557142856,,,,,,,,,,,,,,,,,4.065363168673684,3.425627198374656,3.425627198374656,3.425627198374656,3.7242190479087753,7.434219047908783
2026-06-01 20:00:00-07:00,origin_18,2026-05-24 00:00:00-07:00,2026,5,213,9,Days8to16,Summer,6,20,223.068783,86.0,92.5,0.0,0.0,0.0,0.0,218.00666332063037,219.4512939453125,218.3549847712309,217.0465494340632,218.00666332063037,218.9573526635038,218.9573526635038,218.9573526635038,218.70071242885263,214.99071242885262,214.99071242885262,214.99071242885262,0,0.0,none,214.99071242885262,214.99071242885262,5.06211967936963,3.6174890546874963,4.713798228769093,6.022233565936801,8.078070571147379,8.078070571147379,8.078070571147379,8.078070571147379,8.078070571147379,0.0,0.9506893428734315,0.0,0.0,-0.25664023465117225,-3.710000000000008,0.0,-3.0159508917777487,Final_Backtest_Forecast_MWH,days8plus_final_low_confidence+long_horizon_hot_month_correction,raw_bias,none,none,recent_mean+last24_mean+same_hour+hourgroup+global+temp_hourgroup+cloud_hourgroup+solar_hourgroup+solar_loss_hourgroup+temp_cloud_hourgroup,3.0,9,210.05268566666666,230.571863,63,213.56628803174604,240.531745,13.016097333333335,Peak,0,0,0,1,4.0,0.0,0.25,3.0,0.0,186.4882566458536,153.12269248793427,5.06211967936963,5.06211967936963,2.2693088702463715,Spring,0.0,0.0,0.0,0.0,Clear/Low,0.0,None,0.9506893428734204,weighted_fallback,global+hour+temp_cloud_hourgroup,218.70071242885263,0.0,218.9573526635038,none,170+,other,1.0,0.0,0.0,0.0,-0.2566402346511807,218.9573526635038,0.0,-3.71,64.8839708326961,31.51840667477677,3.6213361916926665,4.0,None,,,,,,,,,,,,,,,,,,,,,,,,,,,,,,,,,,,,,,,,,,,,45,2026-04-08 23:00:00-07:00,2026-05-23 23:00:00-07:00,2026-06-01,5.06211967936963,0.0,-5.06211967936963,1,0,160.416141,115.767125,186.75915085714286,,,,,,,,,,,,,,,,,5.06211967936963,4.111430336496198,4.111430336496198,4.111430336496198,4.368070571147371,8.078070571147379
2026-06-02 14:00:00-07:00,origin_18,2026-05-24 00:00:00-07:00,2026,5,231,10,Days8to16,Summer,6,14,204.34855,90.6,93.4,0.85,20.38031627124136,0.0,0.0,198.86646219479871,197.5314483642578,198.81316938163909,199.33164056706119,199.6433116864999,200.02305812948046,200.02897828809392,200.02897828809392,199.60378670744282,203.48378670744282,197.48378670744282,203.48378670744282,1,6.0,june_long_90_95_cloudy_peak_extra_up,203.48378670744282,203.48378670744282,5.4820878052012745,6.817101635742176,5.535380618360904,5.016909432938803,0.8647632925571713,6.864763292557171,0.8647632925571713,0.8647632925571713,0.8647632925571713,0.7768494917011992,0.37974644298054727,0.0059201586134634,0.0,-0.4251915806511022,3.8799999999999955,6.0,4.617324512644103,Final_Backtest_Forecast_MWH,days8plus_final_low_confidence+long_horizon_peak_month_correction,raw_bias+solar_cloud_midday,event_class_hour_loss+weekday_hour_cloud_loss+event_class_hour_temp+hour_cloud_loss+hour_base_loss+hour_temp_loss+hour_loss+hour_cloud,none,recent_mean+last24_mean+same_hour+hourgroup+global+temp_hourgroup+solar_hourgroup+solar_loss_hourgroup,3.0,10,179.72373889999997,191.9870738,70,213.90568264285713,239.40674,24.624811100000016,Midday,1,0,0,0,4.0,1.1386919066973413,0.25,3.0,0.0,187.7779616122758,134.13079852262808,5.4820878052012745,5.4820878052012745,2.6827143159084197,Spring,0.522900957832892,0.2539485338683095,0.7768494917012015,4.0,Overcast,5.0,None,0.379746442980536,weighted_fallback,global+hour+temp_cloud_hourgroup,199.60378670744282,0.0,200.02305812948046,none,170+,solar_loss_general,0.7,0.005920158613454782,0.008457369447792545,0.0,-0.4251915806511047,200.02897828809392,-2.12,0.0,64.73566367217063,11.088500582522926,0.4231805376437324,4.0,High,,,,,,,,,,,,,,,,,,,,,,,,,,,,,,,,,,,,,,,,,,,,45,2026-04-08 23:00:00-07:00,2026-05-23 23:00:00-07:00,2026-06-02,5.4820878052012745,0.0,-5.4820878052012745,1,0,115.58095,96.422883,182.3182867142857,,,,,,,,,,,,,,,,,4.705238313500075,4.325491870519528,4.319571711906065,4.319571711906065,4.744763292557167,0.8647632925571713
2026-06-02 15:00:00-07:00,origin_18,2026-05-24 00:00:00-07:00,2026,5,232,10,Days8to16,Summer,6,15,221.277091,92.6,93.4,0.97,15.908073990942118,0.0,0.0,215.39886761417472,215.80941772460938,215.38522667639853,215.30300334198455,217.82112937228075,218.0920467761233,218.24802384820205,218.24802384820205,217.83896697945835,221.71896697945834,215.71896697945834,221.71896697945834,1,6.0,june_long_90_95_cloudy_peak_extra_up,221.71896697945834,221.71896697945834,5.878223385825294,5.467673275390638,5.891864323601482,5.974087658015463,-0.4418759794583309,5.558124020541669,-0.4418759794583309,-0.4418759794583309,0.4418759794583309,2.422261758106032,0.27091740384256013,0.15597707207874123,0.0,-0.40905686874370417,3.8799999999999955,6.0,6.320099365283625,Final_Backtest_Forecast_MWH,days8plus_final_low_confidence+long_horizon_peak_month_correction,raw_bias+solar_cloud_midday,event_class_hour_loss+weekday_hour_cloud_loss+event_class_hour_temp+hour_cloud_loss+hour_base_loss+hour_temp_loss+hour_loss+hour_cloud,none,recent_mean+last24_mean+same_hour+hourgroup+global+temp_hourgroup+solar_hourgroup+solar_loss_hourgroup,3.0,10,200.233677,207.070216,70,213.90568264285713,239.40674,21.043414000000013,Midday,1,0,0,0,4.0,1.3332272323606775,0.21,2.6,0.0,205.50895080707545,142.54009625378032,5.878223385825294,5.878223385825294,2.6564988536591403,Spring,0.8214638679869288,1.6007978901190922,2.4222617581060213,4.0,Overcast,4.0,None,0.2709174038425584,weighted_fallback,global+hour+temp_cloud_hourgroup,217.83896697945835,0.0,218.0920467761233,none,170+,weekday_late_midday_solar_loss,0.5319999999999999,0.15597707207875486,0.29318998511044153,0.0,-0.4090568687437054,218.24802384820205,-2.12,0.0,72.8587713603944,9.889916807099269,0.19969350530658,4.0,Medium-High,,,,,,,,,,,,,,,,,,,,,,,,,,,,,,,,,,,,,,,,,,,,45,2026-04-08 23:00:00-07:00,2026-05-23 23:00:00-07:00,2026-06-02,5.878223385825294,0.0,-5.878223385825294,1,0,121.906483,100.195808,191.13562342857145,,,,,,,,,,,,,,,,,3.4559616277192617,3.1850442238767016,3.0290671517979604,3.0290671517979604,3.4381240205416645,-0.4418759794583309
2026-06-02 16:00:00-07:00,origin_18,2026-05-24 00:00:00-07:00,2026,5,233,10,Days8to16,Summer,6,16,239.70915,93.4,93.4,0.99,9.598736054289265,0.0,0.0,232.72763570567977,233.49493408203125,232.63456967505797,232.65465421769932,232.72763570567977,232.94764606423868,233.3208015251508,233.3208015251508,232.92112876854438,235.21112876854437,229.21112876854437,235.21112876854437,1,6.0,june_long_90_95_cloudy_peak_extra_up,235.21112876854437,235.21112876854437,6.98151429432022,6.214215917968744,7.074580324942019,7.054495782300677,4.498021231455624,10.498021231455624,4.498021231455624,4.498021231455624,4.498021231455624,0.0,0.22001035855890905,0.37315546091213037,0.0,-0.3996727566064351,2.289999999999992,6.0,2.4834930628645964,Final_Backtest_Forecast_MWH,days8plus_final_low_confidence+long_horizon_peak_month_correction+long_horizon_hot_month_correction,raw_bias+solar_cloud_midday,event_class_hour_loss+weekday_hour_cloud_loss+event_class_hour_temp+hour_cloud_loss+hour_base_loss+hour_temp_loss+hour_loss+hour_cloud,none,recent_mean+last24_mean+same_hour+hourgroup+global+temp_hourgroup+solar_hourgroup+solar_loss_hourgroup,3.0,10,217.8996831,228.46922249999997,70,213.90568264285713,239.40674,21.80946689999999,Peak,1,0,0,1,4.0,1.35,0.2,2.4,0.0,221.55652767160305,152.3884368381204,6.98151429432022,6.98151429432022,2.9124938678061394,Spring,0.0,0.0,0.0,4.0,Overcast,2.0,None,0.22001035855890502,weighted_fallback,global+hour+temp_cloud_hourgroup,232.92112876854438,0.0,232.94764606423868,none,170+,warm_cloud_peak_transition,0.644,0.3731554609121388,0.5794339455157435,0.0,-0.39967275660643636,233.3208015251508,0.0,-3.71,80.33919886755936,11.171108034076724,1.8764495353872073,4.0,Medium-Low,,,,,,,,,,,,,,,,,,,,,,,,,,,,,,,,,,,,,,,,,,,,45,2026-04-08 23:00:00-07:00,2026-05-23 23:00:00-07:00,2026-06-02,6.98151429432022,0.0,-6.98151429432022,1,0,128.748283,104.818333,194.63968671428572,,,,,,,,,,,,,,,,,6.98151429432022,6.761503935761311,6.388348474849181,6.388348474849181,6.788021231455616,4.498021231455624
2026-06-02 17:00:00-07:00,origin_18,2026-05-24 00:00:00-07:00,2026,5,234,10,Days8to16,Summer,6,17,251.334891,93.3,93.4,0.94,3.983665024211047,0.0,0.0,243.49670033643997,244.3037109375,243.72200534593276,242.91207514979124,243.49670033643997,244.04798520137578,244.04798520137578,244.04798520137578,243.6977603319487,245.9877603319487,239.9877603319487,245.9877603319487,1,6.0,june_long_90_95_cloudy_peak_extra_up,245.9877603319487,245.9877603319487,7.838190663560027,7.031180062499999,7.612885654067242,8.422815850208764,5.347130668051307,11.347130668051307,5.347130668051307,5.347130668051307,5.347130668051307,0.0,0.5512848649358091,0.0,0.0,-0.3502248694270804,2.289999999999992,6.0,2.4910599955087207,Final_Backtest_Forecast_MWH,days8plus_final_low_confidence+long_horizon_peak_month_correction+long_horizon_hot_month_correction,raw_bias,none,none,recent_mean+last24_mean+same_hour+hourgroup+global+temp_hourgroup+solar_hourgroup+solar_loss_hourgroup,3.0,10,230.24716130000002,243.33112659999998,70,213.90568264285713,239.40674,21.087729699999983,Peak,1,0,0,1,4.0,1.35,0.19,2.9,0.0,235.6765772733716,161.7002987151048,7.838190663560027,7.838190663560027,3.118624172065321,Spring,0.0,0.0,0.0,4.0,Overcast,1.0,None,0.5512848649357965,weighted_fallback,global+hour+temp_cloud_hourgroup,243.6977603319487,0.0,244.04798520137578,none,170+,warm_cloud_peak_transition,0.644,0.0,0.0,0.0,-0.3502248694270693,244.04798520137578,0.0,-3.71,81.79640162133518,7.820123063068365,2.1274923854687997,4.0,Medium-Low,,,,,,,,,,,,,,,,,,,,,,,,,,,,,,,,,,,,,,,,,,,,45,2026-04-08 23:00:00-07:00,2026-05-23 23:00:00-07:00,2026-06-02,7.838190663560027,0.0,-7.838190663560027,1,0,136.156775,108.547,221.30571600000002,,,,,,,,,,,,,,,,,7.838190663560027,7.286905798624218,7.286905798624218,7.286905798624218,7.637130668051299,5.347130668051307
2026-06-02 18:00:00-07:00,origin_18,2026-05-24 00:00:00-07:00,2026,5,235,10,Days8to16,Summer,6,18,251.198791,92.6,93.4,1.0,1.3982180919371231e-15,0.0,0.0,246.0250113670499,244.88162231445312,246.45118679578434,245.68198970835203,246.0250113670499,246.72297828825046,246.72297828825046,246.72297828825046,246.40100534951316,248.69100534951315,242.69100534951315,248.69100534951315,1,6.0,june_long_90_95_cloudy_peak_extra_up,248.69100534951315,248.69100534951315,5.173779632950101,6.317168685546875,4.747604204215662,5.516801291647965,2.507785650486852,8.507785650486852,2.507785650486852,2.507785650486852,2.507785650486852,0.0,0.6979669212005604,0.0,0.0,-0.3219729387373036,2.289999999999992,6.0,2.665993982463249,Final_Backtest_Forecast_MWH,days8plus_final_low_confidence+long_horizon_peak_month_correction+long_horizon_hot_month_correction,raw_bias,none,none,recent_mean+last24_mean+same_hour+hourgroup+global+temp_hourgroup+solar_hourgroup+solar_loss_hourgroup,3.0,10,232.6802873,248.66103660000002,70,213.90568264285713,239.40674,18.518503699999997,Peak,1,0,0,1,4.0,1.35,0.2,4.4,0.0,238.6606754180538,167.02050541795617,5.173779632950101,5.173779632950101,2.0596355628758185,Spring,0.0,0.0,0.0,4.0,Overcast,0.0,None,0.6979669212005727,weighted_fallback,global+hour+temp_cloud_hourgroup,246.40100534951316,0.0,246.72297828825046,none,170+,warm_cloud_peak_transition,0.644,0.0,0.0,0.0,-0.3219729387373,246.72297828825046,0.0,-3.71,79.00450594909373,7.364335948996086,0.9983271179385781,4.0,Low,,,,,,,,,,,,,,,,,,,,,,,,,,,,,,,,,,,,,,,,,,,,45,2026-04-08 23:00:00-07:00,2026-05-23 23:00:00-07:00,2026-06-02,5.173779632950101,0.0,-5.173779632950101,1,0,143.195116,113.789708,214.62466985714286,,,,,,,,,,,,,,,,,5.173779632950101,4.4758127117495405,4.4758127117495405,4.4758127117495405,4.797785650486844,2.507785650486852
2026-06-02 19:00:00-07:00,origin_18,2026-05-24 00:00:00-07:00,2026,5,236,10,Days8to16,Summer,6,19,237.969425,90.2,93.4,0.97,0.0,0.0,0.0,237.0969067941121,238.1781463623047,237.21559541089326,236.6014705196866,237.0969067941121,237.83294560061412,237.83294560061412,237.83294560061412,237.54006440672612,233.8300644067261,233.8300644067261,233.8300644067261,0,0.0,none,233.8300644067261,233.8300644067261,0.8725182058879,-0.2087213623046864,0.7538295891067435,1.367954480313415,4.139360593273892,4.139360593273892,4.139360593273892,4.139360593273892,4.139360593273892,0.0,0.7360388065020231,0.0,0.0,-0.2928811938880074,-3.710000000000008,0.0,-3.266842387385992,Final_Backtest_Forecast_MWH,days8plus_final_low_confidence+long_horizon_hot_month_correction,raw_bias,none,none,recent_mean+last24_mean+same_hour+hourgroup+global+temp_hourgroup+solar_hourgroup+solar_loss_hourgroup,3.0,10,225.3923922,244.1583244,70,213.90568264285713,239.40674,12.577032800000012,Peak,1,0,0,1,4.0,0.0,0.23,7.5,0.0,232.4005778313263,166.63277300694054,0.8725182058879,0.8725182058879,0.3666513905674647,Spring,0.0,0.0,0.0,4.0,Overcast,0.0,None,0.7360388065020116,weighted_fallback,global+hour+temp_cloud_hourgroup,237.54006440672612,0.0,237.83294560061412,none,170+,warm_cloud_peak_transition,0.92,0.0,0.0,0.0,-0.29288119388800354,237.83294560061412,0.0,-3.71,70.46413378717156,4.696328962785799,1.7394506009643433,4.0,None,,,,,,,,,,,,,,,,,,,,,,,,,,,,,,,,,,,,,,,,,,,,45,2026-04-08 23:00:00-07:00,2026-05-23 23:00:00-07:00,2026-06-02,0.8725182058879,0.0,-0.8725182058879,1,0,154.249975,118.516458,221.72372085714284,,,,,,,,,,,,,,,,,0.8725182058879,0.13647939938587683,0.13647939938587683,0.13647939938587683,0.4293605932738842,4.139360593273892
2026-06-02 20:00:00-07:00,origin_18,2026-05-24 00:00:00-07:00,2026,5,237,10,Days8to16,Summer,6,20,225.91785,84.5,93.4,1.0,0.0,0.0,0.0,222.483733929938,222.970458984375,221.59557407581397,223.74034939943658,222.483733929938,223.581730061073,223.581730061073,223.581730061073,223.33503801892476,219.62503801892476,219.62503801892476,219.62503801892476,0,0.0,none,219.62503801892476,219.62503801892476,3.4341160700619753,2.947391015624987,4.322275924186016,2.1775006005634054,6.292811981075232,6.292811981075232,6.292811981075232,6.292811981075232,6.292811981075232,0.0,1.0979961311349768,0.0,0.0,-0.2466920421482257,-3.710000000000008,0.0,-2.858695911013257,Final_Backtest_Forecast_MWH,days8plus_final_low_confidence+long_horizon_hot_month_correction,raw_bias,none,none,recent_mean+last24_mean+same_hour+hourgroup+global+temp_hourgroup+solar_hourgroup+solar_loss_hourgroup,3.0,10,211.1628387,230.4176605,70,213.90568264285713,239.40674,14.755011299999978,Peak,1,0,0,1,4.0,0.0,0.31,9.6,0.0,218.00666332063037,163.48511043524655,3.4341160700619753,3.4341160700619753,1.5200729247653408,Spring,0.0,0.0,0.0,4.0,Overcast,0.0,None,1.0979961311349697,weighted_fallback,global+hour+temp_cloud_hourgroup,223.33503801892476,0.0,223.581730061073,none,170+,warm_cloud_peak_transition,0.92,0.0,0.0,0.0,-0.2466920421482121,223.581730061073,0.0,-3.71,58.99862349469146,4.4770706093076456,2.785442576173256,4.0,None,,,,,,,,,,,,,,,,,,,,,,,,,,,,,,,,,,,,,,,,,,,,45,2026-04-08 23:00:00-07:00,2026-05-23 23:00:00-07:00,2026-06-02,3.4341160700619753,0.0,-3.4341160700619753,1,0,166.870333,125.663666,215.29376871428573,,,,,,,,,,,,,,,,,3.4341160700619753,2.3361199389269984,2.3361199389269984,2.3361199389269984,2.582811981075224,6.292811981075232
2026-06-03 14:00:00-07:00,origin_18,2026-05-24 00:00:00-07:00,2026,5,255,11,Days8to16,Summer,6,14,192.374825,89.2,93.3,0.0,20.672357650767847,0.0,0.0,190.66965200442672,190.9211883544922,190.87559379453717,190.2741616628059,189.98542388301493,190.05217593496215,190.05217593496215,190.05217593496215,189.61106844012014,187.49106844012013,187.49106844012013,187.49106844012013,0,0.0,none,187.49106844012013,187.49106844012013,1.705172995573264,1.4536366455077996,1.49923120546282,2.100663337194078,4.883756559879856,4.883756559879856,4.883756559879856,4.883756559879856,4.883756559879856,-0.6842281214117918,0.06675205194721912,0.0,0.0,-0.44110749484201506,-2.1200000000000045,0.0,-3.1785835643065923,Final_Backtest_Forecast_MWH,days8plus_final_low_confidence+long_horizon_peak_month_correction,raw_bias,none,none,recent_mean+last24_mean+same_hour+hourgroup+global+temp_hourgroup+cloud_hourgroup+solar_hourgroup+solar_loss_hourgroup+temp_cloud_hourgroup,3.0,10,179.72373889999997,191.9870738,70,213.90568264285713,239.40674,12.651086100000015,Midday,2,0,0,0,4.0,1.1539117923944557,0.25,3.0,0.0,198.86646219479871,145.10387361669441,1.705172995573264,1.705172995573264,0.8863805311184891,Spring,-0.6842281214117971,0.0,-0.6842281214117971,0.0,Clear/Low,5.0,None,0.06675205194721849,weighted_fallback,global+hour+temp_cloud_hourgroup,189.61106844012014,0.0,190.05217593496215,none,170+,other,0.7,0.0,0.0,0.0,-0.44110749484200323,190.05217593496215,-2.12,0.0,45.56577838773231,-8.196810190371991,2.5386671878089335,4.0,High,,,,,,,,,,,,,,,,,,,,,,,,,,,,,,,,,,,,,,,,,,,,45,2026-04-08 23:00:00-07:00,2026-05-23 23:00:00-07:00,2026-06-03,1.705172995573264,0.0,-1.705172995573264,1,0,113.497358,113.168525,196.89877857142855,,,,,,,,,,,,,,,,,2.3894011169850558,2.3226490650378366,2.3226490650378366,2.3226490650378366,2.7637565598798517,4.883756559879856
2026-06-03 15:00:00-07:00,origin_18,2026-05-24 00:00:00-07:00,2026,5,256,11,Days8to16,Summer,6,15,216.148291,91.7,93.3,0.0,15.94213838920966,0.0,0.0,209.822816954513,209.49923706054688,209.9795744818716,209.6689350955112,209.1385888331012,209.09861024132445,209.09861024132445,209.09861024132445,208.672157209591,206.552157209591,206.552157209591,206.552157209591,0,0.0,none,206.552157209591,206.552157209591,6.325474045486999,6.649053939453125,6.168716518128406,6.479355904488813,9.596133790408999,9.596133790408999,9.596133790408999,9.596133790408999,9.596133790408999,-0.6842281214117918,-0.039978591776758776,0.0,0.0,-0.42645303173344473,-2.1200000000000045,0.0,-3.270659744922,Final_Backtest_Forecast_MWH,days8plus_final_low_confidence+long_horizon_peak_month_correction,raw_bias,none,none,recent_mean+last24_mean+same_hour+hourgroup+global+temp_hourgroup+cloud_hourgroup+solar_hourgroup+solar_loss_hourgroup+temp_cloud_hourgroup,3.0,10,200.233677,207.070216,70,213.90568264285713,239.40674,15.914614,Midday,2,0,0,0,4.0,1.334813023802108,0.24,2.3,0.0,215.39886761417472,155.30231536258222,6.325474045486999,6.325474045486999,2.9264511027232682,Spring,-0.6842281214117971,0.0,-0.6842281214117971,0.0,Clear/Low,4.0,None,-0.0399785917767681,weighted_fallback,global+hour+temp_cloud_hourgroup,208.672157209591,0.0,209.09861024132445,none,170+,other,0.7,0.0,0.0,0.0,-0.42645303173344795,209.09861024132445,-2.12,0.0,54.52050159193078,-5.576050659661718,4.439606598790549,4.0,Medium-High,,,,,,,,,,,,,,,,,,,,,,,,,,,,,,,,,,,,,,,,,,,,45,2026-04-08 23:00:00-07:00,2026-05-23 23:00:00-07:00,2026-06-03,6.325474045486999,0.0,-6.325474045486999,1,0,120.454241,121.463241,207.72132800000003,,,,,,,,,,,,,,,,,7.009702166898791,7.049680758675549,7.049680758675549,7.049680758675549,7.476133790408994,9.596133790408999
2026-06-03 16:00:00-07:00,origin_18,2026-05-24 00:00:00-07:00,2026,5,257,11,Days8to16,Summer,6,16,239.162783,93.3,93.3,0.0,9.996174309987566,0.0,0.0,229.3701030765072,229.31173706054688,228.91629857309823,230.0999004435671,229.3701030765072,229.5665249450818,229.5665249450818,229.5665249450818,229.16251803944775,225.45251803944774,225.45251803944774,225.45251803944774,0,0.0,none,225.45251803944774,225.45251803944774,9.792679923492784,9.851045939453115,10.246484426901759,9.062882556432896,13.710264960552252,13.710264960552252,13.710264960552252,13.710264960552252,13.710264960552252,0.0,0.1964218685745891,0.0,0.0,-0.4040069056340485,-3.710000000000008,0.0,-3.9175850370594674,Final_Backtest_Forecast_MWH,days8plus_final_low_confidence+long_horizon_peak_month_correction+long_horizon_hot_month_correction,raw_bias,none,none,recent_mean+last24_mean+same_hour+hourgroup+global+temp_hourgroup+cloud_hourgroup+solar_hourgroup+solar_loss_hourgroup+temp_cloud_hourgroup,3.0,10,217.8996831,228.46922249999997,70,213.90568264285713,239.40674,21.263099899999986,Peak,2,0,0,1,4.0,1.35,0.22,1.5,0.0,232.72763570567977,166.75241526323197,9.792679923492784,9.792679923492784,4.09456680535984,Spring,-0.0,0.0,0.0,0.0,Clear/Low,2.0,None,0.19642186857457966,weighted_fallback,global+hour+temp_cloud_hourgroup,229.16251803944775,0.0,229.5665249450818,none,170+,other,0.7,0.0,0.0,0.0,-0.40400690563403574,229.5665249450818,0.0,-3.71,62.61768781327524,-3.3575326291725673,5.732608054051726,4.0,Medium-High,,,,,,,,,,,,,,,,,,,,,,,,,,,,,,,,,,,,,,,,,,,,45,2026-04-08 23:00:00-07:00,2026-05-23 23:00:00-07:00,2026-06-03,9.792679923492784,0.0,-9.792679923492784,1,0,124.9937,127.706541,224.81727971428572,,,,,,,,,,,,,,,,,9.792679923492784,9.596258054918195,9.596258054918195,9.596258054918195,10.000264960552244,13.710264960552252
2026-06-03 17:00:00-07:00,origin_18,2026-05-24 00:00:00-07:00,2026,5,258,11,Days8to16,Summer,6,17,253.292233,93.3,93.3,0.0,4.220565291691516,0.0,0.0,243.7747466191756,242.55459594726562,243.10427388638675,245.1769611055323,243.7747466191756,244.25576260422585,244.25576260422585,244.25576260422585,243.9050879668168,240.1950879668168,240.1950879668168,240.1950879668168,0,0.0,none,240.1950879668168,240.1950879668168,9.517486380824408,10.737637052734385,10.18795911361326,8.115271894467696,13.09714503318321,13.09714503318321,13.09714503318321,13.09714503318321,13.09714503318321,0.0,0.4810159850502487,0.0,0.0,-0.3506746374090426,-3.710000000000008,0.0,-3.579658652358802,Final_Backtest_Forecast_MWH,days8plus_final_low_confidence+long_horizon_peak_month_correction+long_horizon_hot_month_correction,raw_bias,none,none,recent_mean+last24_mean+same_hour+hourgroup+global+temp_hourgroup+cloud_hourgroup+solar_hourgroup+solar_loss_hourgroup+temp_cloud_hourgroup,3.0,10,230.24716130000002,243.33112659999998,70,213.90568264285713,239.40674,23.045071699999994,Peak,2,0,0,1,4.0,1.35,0.2,2.6,0.0,243.49670033643997,176.68485084139917,9.517486380824408,9.517486380824408,3.7575121305928114,Spring,-0.0,0.0,0.0,0.0,Clear/Low,1.0,None,0.4810159850502491,weighted_fallback,global+hour+temp_cloud_hourgroup,243.9050879668168,0.0,244.25576260422585,none,170+,other,0.7,0.0,0.0,0.0,-0.3506746374090418,244.25576260422585,0.0,-3.71,67.08989577777643,0.27804628273563026,5.170764566311518,4.0,Medium-Low,,,,,,,,,,,,,,,,,,,,,,,,,,,,,,,,,,,,,,,,,,,,45,2026-04-08 23:00:00-07:00,2026-05-23 23:00:00-07:00,2026-06-03,9.517486380824408,0.0,-9.517486380824408,1,0,130.518141,134.152408,237.37756600000003,,,,,,,,,,,,,,,,,9.517486380824408,9.03647039577416,9.03647039577416,9.03647039577416,9.387145033183202,13.09714503318321
2026-06-03 18:00:00-07:00,origin_18,2026-05-24 00:00:00-07:00,2026,5,259,11,Days8to16,Summer,6,18,258.099775,93.3,93.3,0.0,1.4572146359007149e-15,0.0,0.0,250.7182014337564,249.56727600097656,249.66380621232122,252.70394404823458,250.7182014337564,251.32523028548349,251.32523028548349,251.32523028548349,251.00021565851745,247.29021565851744,247.29021565851744,247.29021565851744,0,0.0,none,247.29021565851744,247.29021565851744,7.381573566243617,8.53249899902346,8.435968787678803,5.395830951765447,10.809559341482583,10.809559341482583,10.809559341482583,10.809559341482583,10.809559341482583,0.0,0.6070288517270797,0.0,0.0,-0.32501462696603767,-3.710000000000008,0.0,-3.427985775238966,Final_Backtest_Forecast_MWH,days8plus_final_low_confidence+long_horizon_peak_month_correction+long_horizon_hot_month_correction,raw_bias,none,none,recent_mean+last24_mean+same_hour+hourgroup+global+temp_hourgroup+cloud_hourgroup+solar_hourgroup+solar_loss_hourgroup+temp_cloud_hourgroup,3.0,10,232.6802873,248.66103660000002,70,213.90568264285713,239.40674,25.41948770000002,Peak,2,0,0,1,4.0,1.35,0.2,2.5,0.0,246.0250113670499,181.5753494681266,7.381573566243617,7.381573566243617,2.8599690047167288,Spring,0.0,0.0,0.0,0.0,Clear/Low,0.0,None,0.6070288517270926,weighted_fallback,global+hour+temp_cloud_hourgroup,251.00021565851745,0.0,251.32523028548349,none,170+,other,0.7,0.0,0.0,0.0,-0.32501462696604033,251.32523028548349,0.0,-3.71,69.1428519656298,4.6931900667065065,4.188132028198235,4.0,Low,,,,,,,,,,,,,,,,,,,,,,,,,,,,,,,,,,,,,,,,,,,,45,2026-04-08 23:00:00-07:00,2026-05-23 23:00:00-07:00,2026-06-03,7.381573566243617,0.0,-7.381573566243617,1,0,137.8902,140.571816,248.16857457142856,,,,,,,,,,,,,,,,,7.381573566243617,6.774544714516537,6.774544714516537,6.774544714516537,7.099559341482575,10.809559341482583
2026-06-03 19:00:00-07:00,origin_18,2026-05-24 00:00:00-07:00,2026,5,260,11,Days8to16,Summer,6,19,252.9156,92.4,93.3,0.0,0.0,0.0,0.0,244.9568745371253,244.279541015625,242.84964014396073,248.46176673252683,244.9568745371253,245.59661050742432,245.59661050742432,245.59661050742432,245.2980186578902,241.5880186578902,241.5880186578902,241.5880186578902,0,0.0,none,241.5880186578902,241.5880186578902,7.958725462874725,8.636058984375012,10.065959856039285,4.453833267473186,11.327581342109823,11.327581342109823,11.327581342109823,11.327581342109823,11.327581342109823,0.0,0.6397359702990286,0.0,0.0,-0.29859184953411955,-3.710000000000008,0.0,-3.368855879235099,Final_Backtest_Forecast_MWH,days8plus_final_low_confidence+long_horizon_hot_month_correction,raw_bias,none,none,recent_mean+last24_mean+same_hour+hourgroup+global+temp_hourgroup+cloud_hourgroup+solar_hourgroup+solar_loss_hourgroup+temp_cloud_hourgroup,3.0,10,225.3923922,244.1583244,70,213.90568264285713,239.40674,27.523207800000023,Peak,2,0,0,1,4.0,0.0,0.21,1.3,0.0,237.0969067941121,179.83625658908812,7.958725462874725,7.958725462874725,3.1467910492174953,Spring,0.0,0.0,0.0,0.0,Clear/Low,0.0,None,0.639735970299021,weighted_fallback,global+hour+temp_cloud_hourgroup,245.2980186578902,0.0,245.59661050742432,none,170+,other,1.0,0.0,0.0,0.0,-0.29859184953411055,245.59661050742432,0.0,-3.71,65.12061794803716,7.859967743013186,4.478798991485627,4.0,None,,,,,,,,,,,,,,,,,,,,,,,,,,,,,,,,,,,,,,,,,,,,45,2026-04-08 23:00:00-07:00,2026-05-23 23:00:00-07:00,2026-06-03,7.958725462874725,0.0,-7.958725462874725,1,0,145.590008,148.99605,239.46024257142858,,,,,,,,,,,,,,,,,7.958725462874725,7.318989492575696,7.318989492575696,7.318989492575696,7.6175813421098155,11.327581342109823
2026-06-03 20:00:00-07:00,origin_18,2026-05-24 00:00:00-07:00,2026,5,261,11,Days8to16,Summer,6,20,238.239391,89.0,93.3,0.0,0.0,0.0,0.0,232.30654165769465,231.1613311767578,232.50799136172353,232.31718083163128,232.30654165769465,233.25723100056808,233.25723100056808,233.25723100056808,233.0005907659169,229.2905907659169,229.2905907659169,229.2905907659169,0,0.0,none,229.2905907659169,229.2905907659169,5.93284934230536,7.078059823242199,5.731399638276486,5.922210168368736,8.948800234083109,8.948800234083109,8.948800234083109,8.948800234083109,8.948800234083109,0.0,0.9506893428734315,0.0,0.0,-0.25664023465117225,-3.710000000000008,0.0,-3.0159508917777487,Final_Backtest_Forecast_MWH,days8plus_final_low_confidence+long_horizon_hot_month_correction,raw_bias,none,none,recent_mean+last24_mean+same_hour+hourgroup+global+temp_hourgroup+cloud_hourgroup+solar_hourgroup+solar_loss_hourgroup+temp_cloud_hourgroup,3.0,10,211.1628387,230.4176605,70,213.90568264285713,239.40674,27.076552300000003,Peak,2,0,0,1,4.0,0.0,0.24,5.8,0.0,222.483733929938,174.72222997705236,5.93284934230536,5.93284934230536,2.4902889977188365,Spring,0.0,0.0,0.0,0.0,Clear/Low,0.0,None,0.9506893428734204,weighted_fallback,global+hour+temp_cloud_hourgroup,233.0005907659169,0.0,233.25723100056808,none,170+,other,1.0,0.0,0.0,0.0,-0.2566402346511807,233.25723100056808,0.0,-3.71,57.58431168064229,9.82280772775664,3.7562219230501257,4.0,None,,,,,,,,,,,,,,,,,,,,,,,,,,,,,,,,,,,,,,,,,,,,45,2026-04-08 23:00:00-07:00,2026-05-23 23:00:00-07:00,2026-06-03,5.93284934230536,0.0,-5.93284934230536,1,0,158.646916,160.416141,219.995295,,,,,,,,,,,,,,,,,5.93284934230536,4.9821599994319286,4.9821599994319286,4.9821599994319286,5.238800234083101,8.948800234083109
2026-06-04 14:00:00-07:00,origin_18,2026-05-24 00:00:00-07:00,2026,5,279,12,Days8to16,Summer,6,14,209.669616,91.0,94.5,0.0,20.755798044918272,0.0,0.0,213.40284373995792,213.4127197265625,213.99725383634623,212.46594902088918,212.45588607359286,212.52263812554008,212.52263812554008,212.52263812554008,212.08153063069807,209.96153063069806,209.96153063069806,209.96153063069806,0,0.0,none,209.96153063069806,209.96153063069806,-3.7332277399579255,-3.7431037265625093,-4.327637836346241,-2.796333020889193,-0.29191463069807355,-0.29191463069807355,-0.29191463069807355,-0.29191463069807355,0.29191463069807355,-0.9469576663650514,0.06675205194721912,0.0,0.0,-0.44110749484201506,-2.1200000000000045,0.0,-3.441313109259852,Final_Backtest_Forecast_MWH,days8plus_final_low_confidence+long_horizon_peak_month_correction,raw_bias,none,none,recent_mean+last24_mean+same_hour+hourgroup+global+temp_hourgroup+cloud_hourgroup+solar_hourgroup+solar_loss_hourgroup+temp_cloud_hourgroup,3.0,10,179.72373889999997,191.9870738,70,213.90568264285713,239.40674,29.94587710000002,Midday,3,0,0,0,4.0,1.1575274452260107,0.27,3.0,0.0,190.66965200442672,155.3144267916226,-3.7332277399579255,3.7332277399579255,1.7805287247523387,Spring,-0.9469576663650418,0.0,-0.9469576663650418,0.0,Clear/Low,5.0,None,0.06675205194721849,weighted_fallback,global+hour+temp_cloud_hourgroup,212.08153063069807,0.0,212.52263812554008,none,170+,other,0.7,0.0,0.0,0.0,-0.44110749484200323,212.52263812554008,-2.12,0.0,58.08841694833532,22.733191735531193,0.13922600530640242,4.0,High,,,,,,,,,,,,,,,,,,,,,,,,,,,,,,,,,,,,,,,,,,,,45,2026-04-08 23:00:00-07:00,2026-05-23 23:00:00-07:00,2026-06-04,0.0,3.7332277399579255,3.7332277399579255,0,1,119.309683,115.58095,200.73725814285714,,,,,,,,,,,,,,,,,-2.786270073592874,-2.853022125540093,-2.853022125540093,-2.853022125540093,-2.411914630698078,-0.29191463069807355
2026-06-04 15:00:00-07:00,origin_18,2026-05-24 00:00:00-07:00,2026,5,280,12,Days8to16,Summer,6,15,230.85115,93.3,94.5,0.0,16.044331584012287,0.0,0.0,235.2574465099908,234.76446533203125,235.09498186820022,235.6535998550787,234.31048884362576,234.270510251849,234.270510251849,234.270510251849,233.84405722011556,231.72405722011555,231.72405722011555,231.72405722011555,0,0.0,none,231.72405722011555,231.72405722011555,-4.406296509990824,-3.91331533203126,-4.243831868200232,-4.80244985507872,-0.8729072201155645,-0.8729072201155645,-0.8729072201155645,-0.8729072201155645,0.8729072201155645,-0.9469576663650514,-0.039978591776758776,0.0,0.0,-0.42645303173344473,-2.1200000000000045,0.0,-3.5333892898752595,Final_Backtest_Forecast_MWH,days8plus_final_low_confidence+long_horizon_peak_month_correction,raw_bias,none,none,recent_mean+last24_mean+same_hour+hourgroup+global+temp_hourgroup+cloud_hourgroup+solar_hourgroup+solar_loss_hourgroup+temp_cloud_hourgroup,3.0,10,200.233677,207.070216,70,213.90568264285713,239.40674,30.61747299999999,Midday,3,0,0,0,4.0,1.3421614125804044,0.24,3.2,0.0,209.822816954513,167.2857205977704,-4.406296509990824,4.406296509990824,1.9087175913963712,Spring,-0.9469576663650418,0.0,-0.9469576663650418,0.0,Clear/Low,4.0,None,-0.0399785917767681,weighted_fallback,global+hour+temp_cloud_hourgroup,233.84405722011556,0.0,234.270510251849,none,170+,other,0.7,0.0,0.0,0.0,-0.42645303173344795,234.270510251849,-2.12,0.0,67.97172591222042,25.434629555477812,0.3781255671091803,4.0,Medium-High,,,,,,,,,,,,,,,,,,,,,,,,,,,,,,,,,,,,,,,,,,,,45,2026-04-08 23:00:00-07:00,2026-05-23 23:00:00-07:00,2026-06-04,0.0,4.406296509990824,4.406296509990824,0,1,127.038066,121.906483,220.44675657142858,,,,,,,,,,,,,,,,,-3.4593388436257726,-3.419360251849014,-3.419360251849014,-3.419360251849014,-2.992907220115569,-0.8729072201155645
2026-06-04 16:00:00-07:00,origin_18,2026-05-24 00:00:00-07:00,2026,5,281,12,Days8to16,Summer,6,16,250.210058,94.5,94.5,0.0,10.05639222751761,0.0,0.0,253.5118979582037,251.8206024169922,253.1471442265558,254.56830969113935,253.5118979582037,253.70831982677828,253.70831982677828,253.70831982677828,253.30431292114423,249.59431292114422,249.59431292114422,249.59431292114422,0,0.0,none,249.59431292114422,249.59431292114422,-3.3018399582036864,-1.6105444169921839,-2.937086226555806,-4.358251691139344,0.615745078855781,0.615745078855781,0.615745078855781,0.615745078855781,0.615745078855781,0.0,0.1964218685745891,0.0,0.0,-0.4040069056340485,-3.710000000000008,0.0,-3.9175850370594674,Final_Backtest_Forecast_MWH,days8plus_final_low_confidence+long_horizon_peak_month_correction+long_horizon_hot_month_correction,raw_bias,none,none,recent_mean+last24_mean+same_hour+hourgroup+global+temp_hourgroup+cloud_hourgroup+solar_hourgroup+solar_loss_hourgroup+temp_cloud_hourgroup,3.0,10,217.8996831,228.46922249999997,70,213.90568264285713,239.40674,32.3103749,Peak,3,0,0,1,4.0,1.35,0.22,3.1,0.0,229.3701030765072,180.28893398227757,-3.3018399582036864,3.3018399582036864,1.3196271902881243,Spring,-0.0,0.0,0.0,0.0,Clear/Low,3.0,None,0.19642186857457966,weighted_fallback,global+hour+temp_cloud_hourgroup,253.30431292114423,0.0,253.70831982677828,none,170+,other,0.7,0.0,0.0,0.0,-0.40400690563403574,253.70831982677828,0.0,-3.71,73.22296397592612,24.141794881696484,0.2460912577925948,4.0,Medium-High,,,,,,,,,,,,,,,,,,,,,,,,,,,,,,,,,,,,,,,,,,,,45,2026-04-08 23:00:00-07:00,2026-05-23 23:00:00-07:00,2026-06-04,0.0,3.3018399582036864,3.3018399582036864,0,1,134.009758,128.748283,242.47525214285716,,,,,,,,,,,,,,,,,-3.3018399582036864,-3.4982618267782755,-3.4982618267782755,-3.4982618267782755,-3.094254921144227,0.615745078855781
2026-06-04 17:00:00-07:00,origin_18,2026-05-24 00:00:00-07:00,2026,5,282,12,Days8to16,Summer,6,17,261.03715,93.7,94.5,0.0,4.264204814648444,0.0,0.0,262.6244522908175,260.8498840332031,262.03434806301766,264.0587784366784,262.6244522908175,263.10546827586774,263.10546827586774,263.10546827586774,262.7547936384587,259.0447936384587,259.0447936384587,259.0447936384587,0,0.0,none,259.0447936384587,259.0447936384587,-1.5873022908174903,0.1872659667968719,-0.9971980630176631,-3.021628436678384,1.9923563615412831,1.9923563615412831,1.9923563615412831,1.9923563615412831,1.9923563615412831,0.0,0.4810159850502487,0.0,0.0,-0.3506746374090426,-3.7099999999999795,0.0,-3.5796586523587735,Final_Backtest_Forecast_MWH,days8plus_final_low_confidence+long_horizon_peak_month_correction+long_horizon_hot_month_correction,raw_bias,none,none,recent_mean+last24_mean+same_hour+hourgroup+global+temp_hourgroup+cloud_hourgroup+solar_hourgroup+solar_loss_hourgroup+temp_cloud_hourgroup,3.0,10,230.24716130000002,243.33112659999998,70,213.90568264285713,239.40674,30.78998869999998,Peak,3,0,0,1,4.0,1.35,0.22,3.7,0.0,243.7747466191756,191.25023814762898,-1.5873022908174903,1.5873022908174903,0.6080752455416749,Spring,-0.0,0.0,0.0,0.0,Clear/Low,1.0,None,0.4810159850502491,weighted_fallback,global+hour+temp_cloud_hourgroup,262.7547936384587,0.0,263.10546827586774,none,170+,other,0.7,0.0,0.0,0.0,-0.3506746374090418,263.10546827586774,0.0,-3.71,71.37421414318851,18.849705671641885,0.7632462894807437,4.0,Medium-Low,,,,,,,,,,,,,,,,,,,,,,,,,,,,,,,,,,,,,,,,,,,,45,2026-04-08 23:00:00-07:00,2026-05-23 23:00:00-07:00,2026-06-04,0.0,1.5873022908174903,1.5873022908174903,0,1,141.057125,136.156775,254.94582585714286,,,,,,,,,,,,,,,,,-1.5873022908174903,-2.068318275867739,-2.068318275867739,-2.068318275867739,-1.7176436384586964,1.9923563615412831
2026-06-04 18:00:00-07:00,origin_18,2026-05-24 00:00:00-07:00,2026,5,283,12,Days8to16,Summer,6,18,263.131475,93.0,94.5,0.0,1.474913599089792e-15,0.0,0.0,262.67775443917844,260.90777587890625,260.80322027203295,266.1291591476278,262.67775443917844,263.2847832909055,263.2847832909055,263.2847832909055,262.9597686639395,259.2497686639395,259.2497686639395,259.2497686639395,0,0.0,none,259.2497686639395,259.2497686639395,0.45372056082157997,2.223699121093773,2.328254727967078,-2.9976841476277514,3.8817063360605175,3.8817063360605175,3.8817063360605175,3.8817063360605175,3.8817063360605175,0.0,0.6070288517270797,0.0,0.0,-0.32501462696603767,-3.7099999999999795,0.0,-3.4279857752389375,Final_Backtest_Forecast_MWH,days8plus_final_low_confidence+long_horizon_peak_month_correction+long_horizon_hot_month_correction,raw_bias,none,none,recent_mean+last24_mean+same_hour+hourgroup+global+temp_hourgroup+cloud_hourgroup+solar_hourgroup+solar_loss_hourgroup+temp_cloud_hourgroup,3.0,10,232.6802873,248.66103660000002,70,213.90568264285713,239.40674,30.45118770000002,Peak,3,0,0,1,4.0,1.35,0.22,3.3,0.0,250.7182014337564,196.49451728960852,0.45372056082157997,0.45372056082157997,0.172431124334928,Spring,-0.0,0.0,0.0,0.0,Clear/Low,0.0,None,0.6070288517270926,weighted_fallback,global+hour+temp_cloud_hourgroup,262.9597686639395,0.0,263.2847832909055,none,170+,other,0.7,0.0,0.0,0.0,-0.32501462696604033,263.2847832909055,0.0,-3.71,66.18323714956992,11.959553005422038,1.4751965100566236,4.0,Low,,,,,,,,,,,,,,,,,,,,,,,,,,,,,,,,,,,,,,,,,,,,45,2026-04-08 23:00:00-07:00,2026-05-23 23:00:00-07:00,2026-06-04,0.45372056082157997,0.0,-0.45372056082157997,1,0,150.099333,143.195116,255.86102471428572,,,,,,,,,,,,,,,,,0.45372056082157997,-0.1533082909054997,-0.1533082909054997,-0.1533082909054997,0.17170633606053798,3.8817063360605175
2026-06-04 19:00:00-07:00,origin_18,2026-05-24 00:00:00-07:00,2026,5,284,12,Days8to16,Summer,6,19,255.920625,91.7,94.5,0.0,0.0,0.0,0.0,254.05173989737062,253.78445434570312,253.31997569564194,255.27802237199205,254.05173989737062,254.69147586766965,254.69147586766965,254.69147586766965,254.39288401813553,250.68288401813552,250.68288401813552,250.68288401813552,0,0.0,none,250.68288401813552,250.68288401813552,1.8688851026293776,2.136170654296876,2.6006493043580576,0.6426026280079498,5.2377409818644765,5.2377409818644765,5.2377409818644765,5.2377409818644765,5.2377409818644765,0.0,0.6397359702990286,0.0,0.0,-0.29859184953411955,-3.710000000000008,0.0,-3.368855879235099,Final_Backtest_Forecast_MWH,days8plus_final_low_confidence+long_horizon_hot_month_correction,raw_bias,none,none,recent_mean+last24_mean+same_hour+hourgroup+global+temp_hourgroup+cloud_hourgroup+solar_hourgroup+solar_loss_hourgroup+temp_cloud_hourgroup,3.0,10,225.3923922,244.1583244,70,213.90568264285713,239.40674,30.528232800000012,Peak,3,0,0,1,4.0,0.0,0.23,3.3,0.0,244.9568745371253,193.89554665617166,1.8688851026293776,1.8688851026293776,0.730259666499868,Spring,0.0,0.0,0.0,0.0,Clear/Low,0.0,None,0.639735970299021,weighted_fallback,global+hour+temp_cloud_hourgroup,254.39288401813553,0.0,254.69147586766965,none,170+,other,1.0,0.0,0.0,0.0,-0.29859184953411055,254.69147586766965,0.0,-3.71,60.15619324119896,9.094865360245336,2.046627145375437,4.0,None,,,,,,,,,,,,,,,,,,,,,,,,,,,,,,,,,,,,,,,,,,,,45,2026-04-08 23:00:00-07:00,2026-05-23 23:00:00-07:00,2026-06-04,1.8688851026293776,0.0,-1.8688851026293776,1,0,160.326075,154.249975,246.93938571428572,,,,,,,,,,,,,,,,,1.8688851026293776,1.229149132330349,1.229149132330349,1.229149132330349,1.5277409818644685,5.2377409818644765
2026-06-04 20:00:00-07:00,origin_18,2026-05-24 00:00:00-07:00,2026,5,285,12,Days8to16,Summer,6,20,243.503625,89.8,94.5,0.0,0.0,0.0,0.0,239.94879895341782,238.31805419921875,239.35622890427405,241.3459075318434,239.94879895341782,240.89948829629125,240.89948829629125,240.89948829629125,240.64284806164008,236.93284806164007,236.93284806164007,236.93284806164007,0,0.0,none,236.93284806164007,236.93284806164007,3.5548260465821784,5.1855708007812495,4.147396095725952,2.1577174681565907,6.570776938359927,6.570776938359927,6.570776938359927,6.570776938359927,6.570776938359927,0.0,0.9506893428734315,0.0,0.0,-0.25664023465117225,-3.710000000000008,0.0,-3.0159508917777487,Final_Backtest_Forecast_MWH,days8plus_final_low_confidence+long_horizon_hot_month_correction,raw_bias,none,none,recent_mean+last24_mean+same_hour+hourgroup+global+temp_hourgroup+cloud_hourgroup+solar_hourgroup+solar_loss_hourgroup+temp_cloud_hourgroup,3.0,10,211.1628387,230.4176605,70,213.90568264285713,239.40674,32.34078629999999,Peak,3,0,0,1,4.0,0.0,0.25,5.0,0.0,232.30654165769465,187.00461124622856,3.5548260465821784,3.5548260465821784,1.4598657603484049,Spring,0.0,0.0,0.0,0.0,Clear/Low,0.0,None,0.9506893428734204,weighted_fallback,global+hour+temp_cloud_hourgroup,240.64284806164008,0.0,240.89948829629125,none,170+,other,1.0,0.0,0.0,0.0,-0.2566402346511807,240.89948829629125,0.0,-3.71,52.94418770718926,7.642257295723169,2.698430850201892,4.0,None,,,,,,,,,,,,,,,,,,,,,,,,,,,,,,,,,,,,,,,,,,,,45,2026-04-08 23:00:00-07:00,2026-05-23 23:00:00-07:00,2026-06-04,3.5548260465821784,0.0,-3.5548260465821784,1,0,173.421408,166.870333,233.710764,,,,,,,,,,,,,,,,,3.5548260465821784,2.604136703708747,2.604136703708747,2.604136703708747,2.860776938359919,6.570776938359927
2026-06-05 14:00:00-07:00,origin_18,2026-05-24 00:00:00-07:00,2026,5,303,13,Days8to16,Summer,6,14,229.425308,94.3,96.8,0.17,20.65149755223024,0.0,0.0,235.23140011450738,235.64498901367188,234.87264949706181,235.67698282787478,234.3822978820662,234.7588081023751,234.7588081023751,234.7588081023751,234.33862696065674,232.21862696065674,232.21862696065674,232.21862696065674,0,0.0,none,232.21862696065674,232.21862696065674,-5.806092114507379,-6.219681013671874,-5.447341497061814,-6.25167482787478,-2.793318960656734,-2.793318960656734,-2.793318960656734,-2.793318960656734,2.793318960656734,-0.8491022324411688,0.37651022030888726,0.0,0.0,-0.4201811417183592,-2.1200000000000045,0.0,-3.0127731538506453,Final_Backtest_Forecast_MWH,days8plus_final_low_confidence+long_horizon_peak_month_correction,raw_bias,none,none,recent_mean+last24_mean+same_hour+hourgroup+global+cloud_hourgroup+solar_hourgroup+solar_loss_hourgroup,3.0,8,199.47841950000003,228.9191698,56,236.32982358928572,269.356791,29.94688849999997,Midday,4,0,0,0,5.0,1.1507333471328791,0.22,2.9,0.0,213.40284373995792,168.40988355338374,-5.806092114507379,5.806092114507379,2.530711265083004,Spring,-0.8491022324411828,0.0,-0.8491022324411828,0.0,Clear/Low,5.0,None,0.37651022030888637,weighted_fallback,global+hour,234.33862696065674,0.0,234.7588081023751,none,170+,other,0.7,0.0,0.0,0.0,-0.4201811417183621,234.7588081023751,-2.12,0.0,66.82151656112364,21.828556374549464,1.2175286959434892,5.0,High,,,,,,,,,,,,,,,,,,,,,,,,,,,,,,,,,,,,,,,,,,,,45,2026-04-08 23:00:00-07:00,2026-05-23 23:00:00-07:00,2026-06-05,0.0,5.806092114507379,5.806092114507379,0,1,124.624375,113.497358,210.37273057142855,,,,,,,,,,,,,,,,,-4.95698988206621,-5.333500102375098,-5.333500102375098,-5.333500102375098,-4.9133189606567385,-2.793318960656734
2026-06-05 15:00:00-07:00,origin_18,2026-05-24 00:00:00-07:00,2026,5,304,13,Days8to16,Summer,6,15,249.014525,95.9,96.8,0.27,15.669623203069325,0.0,0.0,254.81585629122895,253.74981689453125,254.55363363072243,255.53250315679566,254.1097814659102,254.35254848727453,254.35254848727453,254.35254848727453,253.94926036591784,251.82926036591783,251.82926036591783,251.82926036591783,0,0.0,none,251.82926036591783,251.82926036591783,-5.801331291228962,-4.735291894531258,-5.539108630722438,-6.517978156795664,-2.8147353659178407,-2.8147353659178407,-2.8147353659178407,-2.8147353659178407,2.8147353659178407,-0.7060748253187512,0.2427670213643296,0.0,0.0,-0.40328812135669523,-2.1200000000000045,0.0,-2.9865959253111214,Final_Backtest_Forecast_MWH,days8plus_final_low_confidence+long_horizon_peak_month_correction,raw_bias,none,none,recent_mean+last24_mean+same_hour+hourgroup+global+solar_hourgroup+solar_loss_hourgroup,3.0,8,220.880339,250.3929885,56,236.32982358928572,269.356791,28.134186,Midday,4,0,0,0,5.0,1.3097034182030802,0.2,2.3,0.0,235.2574465099908,182.86165924420624,-5.801331291228962,5.801331291228962,2.3297160240869332,Spring,-0.7060748253187575,0.0,-0.7060748253187575,1.0,Some Clouds,4.0,None,0.24276702136431794,weighted_fallback,global+hour,253.94926036591784,0.0,254.35254848727453,none,170+,other,0.7,0.0,0.0,0.0,-0.4032881213566959,254.35254848727453,-2.12,0.0,71.95419704702272,19.55840978123814,1.130349872529661,5.0,Medium-High,,,,,,,,,,,,,,,,,,,,,,,,,,,,,,,,,,,,,,,,,,,,45,2026-04-08 23:00:00-07:00,2026-05-23 23:00:00-07:00,2026-06-05,0.0,5.801331291228962,5.801331291228962,0,1,132.480216,120.454241,223.182202,,,,,,,,,,,,,,,,,-5.095256465910211,-5.3380234872745405,-5.3380234872745405,-5.3380234872745405,-4.934735365917845,-2.8147353659178407
2026-06-05 16:00:00-07:00,origin_18,2026-05-24 00:00:00-07:00,2026,5,305,13,Days8to16,Summer,6,16,268.59595,96.8,96.8,0.27,9.6469103883133,0.0,0.0,268.1626157420378,267.0721435546875,267.29523438302874,269.83720707400926,268.1626157420378,268.3897740473199,268.3897740473199,268.3897740473199,267.9792847669083,264.2692847669083,264.2692847669083,264.2692847669083,0,0.0,none,264.2692847669083,264.2692847669083,0.43333425796220126,1.5238064453125162,1.3007156169712744,-1.2412570740092406,4.326665233091717,4.326665233091717,4.326665233091717,4.326665233091717,4.326665233091717,0.0,0.2271583052821029,0.0,0.0,-0.4104892804116389,-3.7099999999999795,0.0,-3.8933309751295155,Final_Backtest_Forecast_MWH,days8plus_final_low_confidence+long_horizon_peak_month_correction+long_horizon_hot_month_correction,raw_bias,none,none,recent_mean+last24_mean+same_hour+hourgroup+global+solar_hourgroup+solar_loss_hourgroup,3.0,8,240.86553600000002,267.7118679,56,236.32982358928572,269.356791,27.730413999999996,Peak,4,0,0,1,5.0,1.35,0.18,2.0,0.0,253.5118979582037,197.55734814328554,0.43333425796220126,0.43333425796220126,0.16133313177737835,Spring,-0.0,0.0,0.0,1.0,Some Clouds,2.0,None,0.22715830528208986,weighted_fallback,global+hour,267.9792847669083,0.0,268.3897740473199,none,170+,other,0.7,0.0,0.0,0.0,-0.41048928041165406,268.3897740473199,0.0,-3.71,70.60526759875228,14.650717783834125,1.610845298706744,5.0,Medium-Low,,,,,,,,,,,,,,,,,,,,,,,,,,,,,,,,,,,,,,,,,,,,45,2026-04-08 23:00:00-07:00,2026-05-23 23:00:00-07:00,2026-06-05,0.43333425796220126,0.0,-0.43333425796220126,1,0,140.481283,124.9937,252.30680571428573,,,,,,,,,,,,,,,,,0.43333425796220126,0.20617595268009836,0.20617595268009836,0.20617595268009836,0.6166652330917373,4.326665233091717
2026-06-05 17:00:00-07:00,origin_18,2026-05-24 00:00:00-07:00,2026,5,306,13,Days8to16,Summer,6,17,273.122358,96.3,96.8,0.4,4.064709852559629,0.0,0.0,276.2455923513019,276.658935546875,276.28645474073164,276.0632819691772,276.2455923513019,276.8330690793234,276.8330690793234,276.8330690793234,276.4763747530959,272.76637475309593,272.76637475309593,272.76637475309593,0,0.0,none,272.76637475309593,272.76637475309593,-3.123234351301903,-3.5365775468749803,-3.1640967407316225,-2.940923969177163,0.35598324690408845,0.35598324690408845,0.35598324690408845,0.35598324690408845,0.35598324690408845,0.0,0.5874767280214996,0.0,0.0,-0.35669432622751174,-3.7099999999999795,0.0,-3.4792175982059916,Final_Backtest_Forecast_MWH,days8plus_final_low_confidence+long_horizon_peak_month_correction+long_horizon_hot_month_correction,raw_bias,none,none,recent_mean+last24_mean+same_hour+hourgroup+global+solar_hourgroup+solar_loss_hourgroup,3.0,8,253.621961125,277.809623,56,236.32982358928572,269.356791,19.500396875000007,Peak,4,0,0,1,5.0,1.35,0.19,2.6,0.0,262.6244522908175,208.91626725415054,-3.123234351301903,3.123234351301903,1.1435293595780625,Spring,0.0,0.0,0.0,1.0,Some Clouds,1.0,None,0.5874767280214815,weighted_fallback,global+hour,276.4763747530959,0.0,276.8330690793234,none,170+,other,0.7,0.0,0.0,0.0,-0.35669432622750746,276.8330690793234,0.0,-3.71,67.32932509715138,13.621140060484436,0.130338376363933,5.0,Medium-Low,,,,,,,,,,,,,,,,,,,,,,,,,,,,,,,,,,,,,,,,,,,,45,2026-04-08 23:00:00-07:00,2026-05-23 23:00:00-07:00,2026-06-05,0.0,3.123234351301903,3.123234351301903,0,1,151.044775,130.518141,256.3318628571429,,,,,,,,,,,,,,,,,-3.123234351301903,-3.710711079323403,-3.710711079323403,-3.710711079323403,-3.354016753095891,0.35598324690408845
2026-06-05 18:00:00-07:00,origin_18,2026-05-24 00:00:00-07:00,2026,5,307,13,Days8to16,Summer,6,18,274.913308,96.0,96.8,0.27,1.3805191287480456e-15,0.0,0.0,274.3538320505523,275.27032470703125,273.11510360987336,276.03855026976805,274.3538320505523,275.10085092908673,275.10085092908673,275.10085092908673,274.7748922197635,271.0648922197635,271.0648922197635,271.0648922197635,0,0.0,none,271.0648922197635,271.0648922197635,0.5594759494476875,-0.35701670703127775,1.7982043901266138,-1.12524226976808,3.8484157802364507,3.8484157802364507,3.8484157802364507,3.8484157802364507,3.8484157802364507,0.0,0.7470188785344476,0.0,0.0,-0.32595870932323123,-3.7099999999999795,0.0,-3.288939830788763,Final_Backtest_Forecast_MWH,days8plus_final_low_confidence+long_horizon_peak_month_correction+long_horizon_hot_month_correction,raw_bias,none,none,recent_mean+last24_mean+same_hour+hourgroup+global+solar_hourgroup+solar_loss_hourgroup,3.0,8,256.90235175,276.73857730000003,56,236.32982358928572,269.356791,18.010956249999992,Peak,4,0,0,1,5.0,1.35,0.2,4.8,0.0,262.67775443917844,213.34525277888,0.5594759494476875,0.5594759494476875,0.203509955017415,Spring,-0.0,0.0,0.0,1.0,Some Clouds,0.0,None,0.7470188785344605,weighted_fallback,global+hour,274.7748922197635,0.0,275.10085092908673,none,170+,other,0.7,0.0,0.0,0.0,-0.32595870932325294,275.10085092908673,0.0,-3.71,61.00857927167229,11.676077611373842,1.3998652186879406,5.0,Low,,,,,,,,,,,,,,,,,,,,,,,,,,,,,,,,,,,,,,,,,,,,45,2026-04-08 23:00:00-07:00,2026-05-23 23:00:00-07:00,2026-06-05,0.5594759494476875,0.0,-0.5594759494476875,1,0,163.731575,137.8902,259.27036300000003,,,,,,,,,,,,,,,,,0.5594759494476875,-0.18754292908676007,-0.18754292908676007,-0.18754292908676007,0.13841578023647116,3.8484157802364507
2026-06-05 19:00:00-07:00,origin_18,2026-05-24 00:00:00-07:00,2026,5,308,13,Days8to16,Summer,6,19,265.752475,93.7,96.8,0.23,0.0,0.0,0.0,262.40874974731685,261.97454833984375,262.15011773321015,262.9392290287624,262.40874974731685,263.1971783975013,263.1971783975013,263.1971783975013,262.9028689490581,271.1928689490581,259.1928689490581,271.1928689490581,1,12.0,june_long_95_100_evening_recovery_up,271.1928689490581,271.1928689490581,3.343725252683157,3.777926660156254,3.602357266789852,2.8132459712376203,-5.440393949058091,6.559606050941909,-5.440393949058091,-5.440393949058091,5.440393949058091,0.0,0.7884286501844713,0.0,0.0,-0.2943094484432436,8.29000000000002,12.0,8.784119201741248,Final_Backtest_Forecast_MWH,days8plus_final_low_confidence+long_horizon_hot_month_correction,raw_bias,none,none,recent_mean+last24_mean+same_hour+hourgroup+global+solar_hourgroup+solar_loss_hourgroup,3.0,8,249.521006,270.0134279,56,236.32982358928572,269.356791,16.231469000000004,Peak,4,0,0,1,5.0,0.0,0.24,9.6,0.0,254.05173989737062,209.34756358770417,3.343725252683157,3.343725252683157,1.2582103902073376,Spring,0.0,0.0,0.0,1.0,Some Clouds,0.0,None,0.7884286501844484,weighted_fallback,global+hour,262.9028689490581,0.0,263.1971783975013,none,170+,other,1.0,0.0,0.0,0.0,-0.29430944844324913,263.1971783975013,0.0,-3.71,53.061186159612674,8.357009849946223,2.0471658632936873,5.0,None,,,,,,,,,,,,,,,,,,,,,,,,,,,,,,,,,,,,,,,,,,,,45,2026-04-08 23:00:00-07:00,2026-05-23 23:00:00-07:00,2026-06-05,3.343725252683157,0.0,-3.343725252683157,1,0,177.049733,145.590008,252.0683,,,,,,,,,,,,,,,,,3.343725252683157,2.555296602498686,2.555296602498686,2.555296602498686,2.8496060509419294,-5.440393949058091
2026-06-05 20:00:00-07:00,origin_18,2026-05-24 00:00:00-07:00,2026,5,309,13,Days8to16,Summer,6,20,248.061708,89.4,96.8,0.24,0.0,0.0,0.0,245.26006108181377,244.40072631835938,244.66513133033047,246.4404749094174,245.26006108181377,246.44218103573633,246.44218103573633,246.44218103573633,246.1981213238012,244.48812132380118,242.48812132380118,244.48812132380118,1,2.0,june_long_95_100_low_forecast_hot_extra_up,244.48812132380118,244.48812132380118,2.8016469181862362,3.660981681640635,3.3965766696695425,1.6212330905826207,3.573586676198829,5.573586676198829,3.573586676198829,3.573586676198829,3.573586676198829,0.0,1.1821199539225518,0.0,0.0,-0.24405971193513665,-1.710000000000008,2.0,-0.7719397580125928,Final_Backtest_Forecast_MWH,days8plus_final_low_confidence+long_horizon_hot_month_correction,raw_bias,none,none,recent_mean+last24_mean+same_hour+hourgroup+global+solar_hourgroup+solar_loss_hourgroup,3.0,8,233.03915174999997,253.381823,56,236.32982358928572,269.356791,15.022556250000036,Peak,4,0,0,1,5.0,0.0,0.27,11.1,0.0,239.94879895341782,200.43663242729303,2.8016469181862362,2.8016469181862362,1.129415313945285,Spring,0.0,0.0,0.0,1.0,Some Clouds,0.0,None,1.1821199539225589,weighted_fallback,global+hour,246.1981213238012,0.0,246.44218103573633,none,170+,other,1.0,0.0,0.0,0.0,-0.24405971193512438,246.44218103573633,0.0,-3.71,44.82342865452074,5.311262128395953,1.4406039146512806,5.0,None,,,,,,,,,,,,,,,,,,,,,,,,,,,,,,,,,,,,,,,,,,,,45,2026-04-08 23:00:00-07:00,2026-05-23 23:00:00-07:00,2026-06-05,2.8016469181862362,0.0,-2.8016469181862362,1,0,192.731983,158.646916,238.73527114285713,,,,,,,,,,,,,,,,,2.8016469181862362,1.6195269642636845,1.6195269642636845,1.6195269642636845,1.8635866761988211,3.573586676198829
2026-06-01 14:00:00-07:00,origin_19,2026-05-28 00:00:00-07:00,2026,5,111,5,Days2to7,Summer,6,14,190.248075,90.5,92.5,0.0,20.98525912883194,0.0,0.0,187.51217230950772,186.68991088867188,187.16384959341923,188.29446841217123,187.0171134122757,187.0735907468629,187.0735907468629,187.0735907468629,187.0735907468629,187.0735907468629,187.0735907468629,187.0735907468629,0,0.0,none,187.0735907468629,187.0735907468629,2.7359026904922814,3.558164111328125,3.084225406580771,1.953606587828773,3.174484253137109,3.174484253137109,3.174484253137109,3.174484253137109,3.174484253137109,-0.49505889723201335,0.056477334587185624,0.0,0.0,0.0,0.0,0.0,-0.4385815626448277,Recent_Corrected_Forecast_MWH,days4to7_recent_corrected,raw_bias,none,none,recent_mean+last24_mean+same_hour+hourgroup+global+temp_hourgroup+cloud_hourgroup+solar_hourgroup+solar_loss_hourgroup+temp_cloud_hourgroup,3.0,9,179.8123701111111,193.4245896,63,213.56628803174604,240.531745,10.435704888888893,Midday,0,0,0,0,4.0,1.173665330972151,0.2,2.8,0.0,140.95673799058738,123.9501337847159,2.7359026904922814,2.7359026904922814,1.4380711555122339,Spring,-0.4950588972320078,0.0,-0.4950588972320078,0.0,Clear/Low,5.0,None,0.05647733458718956,weighted_fallback,global+hour+temp_cloud_hourgroup,187.0735907468629,0.0,187.0735907468629,none,170+,other,0.7,0.0,0.0,0.0,-0.0,187.0735907468629,0.0,0.0,63.56203852479182,46.555434318920334,1.6686025617537046,4.0,High,,,,,,,,,,,,,,,,,,,,,,,,,,,,,,,,,,,,,,,,,,,,45,2026-04-12 23:00:00-07:00,2026-05-27 23:00:00-07:00,2026-06-01,2.7359026904922814,0.0,-2.7359026904922814,1,0,113.168525,97.388516,136.6350067142857,,,,,,,,,,,,,,,,,3.2309615877242948,3.174484253137109,3.174484253137109,3.174484253137109,3.174484253137109,3.174484253137109
2026-06-01 15:00:00-07:00,origin_19,2026-05-28 00:00:00-07:00,2026,5,112,5,Days2to7,Summer,6,15,208.996966,91.9,92.5,0.0,16.231685774483765,0.0,0.0,205.59796710105206,204.39132690429688,205.72731924447294,205.739453789035,205.15788324542743,205.10887138295962,205.10887138295962,205.10887138295962,205.10887138295962,205.10887138295962,205.10887138295962,205.10887138295962,0,0.0,none,205.10887138295962,205.10887138295962,3.398998898947923,4.605639095703111,3.2696467555270488,3.2575122109649897,3.888094617040366,3.888094617040366,3.888094617040366,3.888094617040366,3.888094617040366,-0.4400838556246356,-0.04901186246780753,0.0,0.0,0.0,0.0,0.0,-0.4890957180924431,Recent_Corrected_Forecast_MWH,days4to7_recent_corrected,raw_bias,none,none,recent_mean+last24_mean+same_hour+hourgroup+global+temp_hourgroup+cloud_hourgroup+solar_hourgroup+solar_loss_hourgroup+temp_cloud_hourgroup,3.0,9,200.45681433333334,209.563091,63,213.56628803174604,240.531745,8.540151666666645,Midday,0,0,0,0,4.0,1.35,0.18,3.1,0.0,156.09208874504708,133.76896201366978,3.398998898947923,3.398998898947923,1.62633887180349,Spring,-0.4400838556246315,0.0,-0.4400838556246315,0.0,Clear/Low,4.0,None,-0.0490118624678143,weighted_fallback,global+hour+temp_cloud_hourgroup,205.10887138295962,0.0,205.10887138295962,none,170+,other,0.7,0.0,0.0,0.0,-0.0,205.10887138295962,0.0,0.0,71.82900508738228,49.505878356004985,1.860359359015942,4.0,Medium-High,,,,,,,,,,,,,,,,,,,,,,,,,,,,,,,,,,,,,,,,,,,,45,2026-04-12 23:00:00-07:00,2026-05-27 23:00:00-07:00,2026-06-01,3.398998898947923,0.0,-3.398998898947923,1,0,121.463241,99.629608,168.82085814285713,,,,,,,,,,,,,,,,,3.8390827545725585,3.888094617040366,3.888094617040366,3.888094617040366,3.888094617040366,3.888094617040366
2026-06-01 16:00:00-07:00,origin_19,2026-05-28 00:00:00-07:00,2026,5,113,5,Days2to7,Summer,6,16,225.060525,92.5,92.5,0.0,10.152740895565683,0.0,0.0,220.76687147938793,219.1337127685547,222.58757490304433,218.37238287388027,220.76687147938793,220.90637988458684,220.90637988458684,220.90637988458684,220.90637988458684,220.90637988458684,220.90637988458684,220.90637988458684,0,0.0,none,220.90637988458684,220.90637988458684,4.293653520612082,5.926812231445325,2.4729500969556852,6.688142126119743,4.154145115413172,4.154145115413172,4.154145115413172,4.154145115413172,4.154145115413172,0.0,0.13950840519891017,0.0,0.0,0.0,0.0,0.0,0.13950840519891017,Recent_Corrected_Forecast_MWH,days4to7_recent_corrected,raw_bias,none,none,recent_mean+last24_mean+same_hour+hourgroup+global+temp_hourgroup+cloud_hourgroup+solar_loss_hourgroup+temp_cloud_hourgroup,3.0,9,217.94929611111112,231.14446999999998,63,213.56628803174604,240.531745,7.111228888888888,Peak,0,0,0,1,4.0,1.35,0.16,2.9,0.0,170.63965885490924,142.77185828999285,4.293653520612082,4.293653520612082,1.9077772615220205,Spring,0.0,0.0,0.0,0.0,Clear/Low,3.0,None,0.13950840519892208,weighted_fallback,global+hour+temp_cloud_hourgroup,220.90637988458684,0.0,220.90637988458684,none,170+,other,0.7,0.0,0.0,0.0,-0.0,220.90637988458684,0.0,0.0,77.99501318939508,50.12721262447869,1.8457902003975026,4.0,Medium-High,,,,,,,,,,,,,,,,,,,,,,,,,,,,,,,,,,,,,,,,,,,,45,2026-04-12 23:00:00-07:00,2026-05-27 23:00:00-07:00,2026-06-01,4.293653520612082,0.0,-4.293653520612082,1,0,127.706541,104.251466,183.7825307142857,,,,,,,,,,,,,,,,,4.293653520612082,4.154145115413172,4.154145115413172,4.154145115413172,4.154145115413172,4.154145115413172
2026-06-01 17:00:00-07:00,origin_19,2026-05-28 00:00:00-07:00,2026,5,114,5,Days2to7,Summer,6,17,237.518291,92.4,92.5,0.0,4.289141684909547,0.0,0.0,234.64138245613464,234.6477813720703,235.69286218302483,232.9872289093255,234.64138245613464,235.0076179195347,235.0076179195347,235.0076179195347,235.0076179195347,235.0076179195347,235.0076179195347,235.0076179195347,0,0.0,none,235.0076179195347,235.0076179195347,2.876908543865369,2.8705096279296924,1.825428816975176,4.53106209067451,2.5106730804652955,2.5106730804652955,2.5106730804652955,2.5106730804652955,2.5106730804652955,0.0,0.3662354634000735,0.0,0.0,0.0,0.0,0.0,0.3662354634000735,Recent_Corrected_Forecast_MWH,days4to7_recent_corrected,raw_bias,none,none,recent_mean+last24_mean+same_hour+hourgroup+global+temp_hourgroup+cloud_hourgroup+solar_hourgroup+solar_loss_hourgroup+temp_cloud_hourgroup,3.0,9,230.0675838888889,245.80907820000002,63,213.56628803174604,240.531745,7.4507071111111145,Peak,0,0,0,1,4.0,1.35,0.15,3.8,0.0,184.69637648064491,150.41781845494523,2.876908543865369,2.876908543865369,1.2112366301361477,Spring,0.0,0.0,0.0,0.0,Clear/Low,1.0,None,0.3662354634000613,weighted_fallback,global+hour+temp_cloud_hourgroup,235.0076179195347,0.0,235.0076179195347,none,170+,other,0.7,0.0,0.0,0.0,-0.0,235.0076179195347,0.0,0.0,84.2235640011894,49.94500597548972,1.0570440995911745,4.0,Medium-Low,,,,,,,,,,,,,,,,,,,,,,,,,,,,,,,,,,,,,,,,,,,,45,2026-04-12 23:00:00-07:00,2026-05-27 23:00:00-07:00,2026-06-01,2.876908543865369,0.0,-2.876908543865369,1,0,134.152408,107.817666,186.75810885714284,,,,,,,,,,,,,,,,,2.876908543865369,2.5106730804652955,2.5106730804652955,2.5106730804652955,2.5106730804652955,2.5106730804652955
2026-06-01 18:00:00-07:00,origin_19,2026-05-28 00:00:00-07:00,2026,5,115,5,Days2to7,Summer,6,18,241.827958,91.6,92.5,0.0,1.4808132534861512e-15,0.0,0.0,236.47143636824035,236.43112182617188,234.43857723158695,239.67744773785807,236.47143636824035,236.9005141470506,236.9005141470506,236.9005141470506,236.9005141470506,236.9005141470506,236.9005141470506,236.9005141470506,0,0.0,none,236.9005141470506,236.9005141470506,5.356521631759648,5.39683617382812,7.389380768413048,2.150510262141921,4.927443852949409,4.927443852949409,4.927443852949409,4.927443852949409,4.927443852949409,0.0,0.4290777788102389,0.0,0.0,0.0,0.0,0.0,0.4290777788102389,Recent_Corrected_Forecast_MWH,days4to7_recent_corrected,raw_bias,none,none,recent_mean+last24_mean+same_hour+hourgroup+global+temp_hourgroup+cloud_hourgroup+solar_hourgroup+solar_loss_hourgroup+temp_cloud_hourgroup,3.0,9,232.13308311111112,250.67742320000002,63,213.56628803174604,240.531745,9.694874888888876,Peak,0,0,0,1,4.0,1.35,0.15,4.3,0.0,190.44518716410045,152.28992209832197,5.356521631759648,5.356521631759648,2.2150133822656057,Spring,0.0,0.0,0.0,0.0,Clear/Low,0.0,None,0.4290777788102295,weighted_fallback,global+hour+temp_cloud_hourgroup,236.9005141470506,0.0,236.9005141470506,none,170+,other,0.7,0.0,0.0,0.0,-0.0,236.9005141470506,0.0,0.0,84.18151426991838,46.0262492041399,2.0375823762070593,4.0,Low,,,,,,,,,,,,,,,,,,,,,,,,,,,,,,,,,,,,,,,,,,,,45,2026-04-12 23:00:00-07:00,2026-05-27 23:00:00-07:00,2026-06-01,5.356521631759648,0.0,-5.356521631759648,1,0,140.571816,109.887608,204.167071,,,,,,,,,,,,,,,,,5.356521631759648,4.927443852949409,4.927443852949409,4.927443852949409,4.927443852949409,4.927443852949409
2026-06-01 19:00:00-07:00,origin_19,2026-05-28 00:00:00-07:00,2026,5,116,5,Days2to7,Summer,6,19,236.465941,90.0,92.5,0.0,0.0,0.0,0.0,229.8527730232268,230.66110229492188,229.28528716304626,230.51358529731192,229.8527730232268,230.38122779800534,230.38122779800534,230.38122779800534,230.38122779800534,230.38122779800534,230.38122779800534,230.38122779800534,0,0.0,none,230.38122779800534,230.38122779800534,6.613167976773184,5.804838705078112,7.180653836953724,5.952355702688067,6.084713201994646,6.084713201994646,6.084713201994646,6.084713201994646,6.084713201994646,0.0,0.5284547747785382,0.0,0.0,0.0,0.0,0.0,0.5284547747785382,Recent_Corrected_Forecast_MWH,days4to7_recent_corrected,raw_bias,none,none,recent_mean+last24_mean+same_hour+hourgroup+global+temp_hourgroup+cloud_hourgroup+solar_hourgroup+solar_loss_hourgroup+temp_cloud_hourgroup,3.0,9,224.49218300000004,245.3007078,63,213.56628803174604,240.531745,11.973757999999947,Peak,0,0,0,1,4.0,0.0,0.17,3.6,0.0,188.55611352297106,153.39448126752015,6.613167976773184,6.613167976773184,2.796668284999735,Spring,0.0,0.0,0.0,0.0,Clear/Low,0.0,None,0.5284547747785511,weighted_fallback,global+hour+temp_cloud_hourgroup,230.38122779800534,0.0,230.38122779800534,none,170+,other,1.0,0.0,0.0,0.0,-0.0,230.38122779800534,0.0,0.0,76.45829175570665,41.29665950025574,2.573187993274112,4.0,None,,,,,,,,,,,,,,,,,,,,,,,,,,,,,,,,,,,,,,,,,,,,45,2026-04-12 23:00:00-07:00,2026-05-27 23:00:00-07:00,2026-06-01,6.613167976773184,0.0,-6.613167976773184,1,0,148.99605,111.072416,202.68388285714286,,,,,,,,,,,,,,,,,6.613167976773184,6.084713201994646,6.084713201994646,6.084713201994646,6.084713201994646,6.084713201994646
2026-06-01 20:00:00-07:00,origin_19,2026-05-28 00:00:00-07:00,2026,5,117,5,Days2to7,Summer,6,20,223.068783,86.0,92.5,0.0,0.0,0.0,0.0,216.24086886759702,218.34353637695312,215.49486689868527,216.81239553035653,216.24086886759702,217.13593568359587,217.13593568359587,217.13593568359587,217.13593568359587,217.13593568359587,217.13593568359587,217.13593568359587,0,0.0,none,217.13593568359587,217.13593568359587,6.827914132402981,4.725246623046871,7.5739161013147225,6.256387469643471,5.932847316404121,5.932847316404121,5.932847316404121,5.932847316404121,5.932847316404121,0.0,0.8950668159988595,0.0,0.0,0.0,0.0,0.0,0.8950668159988595,Recent_Corrected_Forecast_MWH,days4to7_recent_corrected,raw_bias,none,none,recent_mean+last24_mean+same_hour+hourgroup+global+temp_hourgroup+cloud_hourgroup+solar_hourgroup+solar_loss_hourgroup+temp_cloud_hourgroup,3.0,9,210.05268566666666,230.571863,63,213.56628803174604,240.531745,13.016097333333335,Peak,0,0,0,1,4.0,0.0,0.25,3.0,0.0,183.37110421423938,154.05573552918867,6.827914132402981,6.827914132402981,3.060900786105504,Spring,0.0,0.0,0.0,0.0,Clear/Low,0.0,None,0.8950668159988645,weighted_fallback,global+hour+temp_cloud_hourgroup,217.13593568359587,0.0,217.13593568359587,none,170+,other,1.0,0.0,0.0,0.0,-0.0,217.13593568359587,0.0,0.0,62.18513333840835,32.869764653357635,2.659649295887413,4.0,None,,,,,,,,,,,,,,,,,,,,,,,,,,,,,,,,,,,,,,,,,,,,45,2026-04-12 23:00:00-07:00,2026-05-27 23:00:00-07:00,2026-06-01,6.827914132402981,0.0,-6.827914132402981,1,0,160.416141,115.767125,194.56784485714283,,,,,,,,,,,,,,,,,6.827914132402981,5.932847316404121,5.932847316404121,5.932847316404121,5.932847316404121,5.932847316404121
2026-06-02 14:00:00-07:00,origin_19,2026-05-28 00:00:00-07:00,2026,5,135,6,Days2to7,Summer,6,14,204.34855,90.6,93.4,0.85,20.38031627124136,0.0,0.0,195.30402184489236,195.98480224609375,195.2209216873765,195.24009912064548,195.40142839568628,195.68572783962148,195.48450670490828,195.48450670490828,195.2317367973211,195.2317367973211,195.2317367973211,195.2317367973211,0,0.0,none,195.2317367973211,195.2317367973211,9.044528155107628,8.363747753906239,9.1276283126235,9.108450879354507,9.116813202678884,9.116813202678884,9.116813202678884,9.116813202678884,9.116813202678884,0.09740655079392013,0.2842994439351969,-0.2012211347131938,0.0,-0.25276990758717943,0.0,0.0,-0.0722850475712562,Recent_Corrected_Forecast_MWH,days4to7_recent_corrected,raw_bias+solar_cloud_midday,event_class_hour_loss+weekday_hour_cloud_loss+event_class_hour_temp+hour_cloud_loss+hour_base_loss+hour_temp_loss+hour_loss+hour_cloud,none,recent_mean+last24_mean+same_hour+hourgroup+global+temp_hourgroup+cloud_hourgroup+solar_hourgroup+solar_loss_hourgroup,3.0,10,179.72373889999997,191.9870738,70,213.90568264285713,239.40674,24.624811100000016,Midday,1,0,0,0,4.0,1.1386919066973413,0.25,3.0,0.0,187.51217230950772,134.01841797178844,9.044528155107628,9.044528155107628,4.426030013478259,Spring,0.4654868395504924,-0.36808028875656745,0.09740655079392496,4.0,Overcast,5.0,None,0.28429944393520995,weighted_fallback,global+hour+temp_cloud_hourgroup,195.2317367973211,0.0,195.68572783962148,none,170+,solar_loss_general,0.7,-0.20122113471320346,-0.20122113471320346,0.0,-0.25276990758717477,195.48450670490828,0.0,0.0,61.28560387310392,7.791849535384642,4.461403422083927,4.0,High,,,,,,,,,,,,,,,,,,,,,,,,,,,,,,,,,,,,,,,,,,,,45,2026-04-12 23:00:00-07:00,2026-05-27 23:00:00-07:00,2026-06-02,9.044528155107628,0.0,-9.044528155107628,1,0,115.58095,96.422883,163.18472942857144,,,,,,,,,,,,,,,,,8.947121604313708,8.66282216037851,8.864043295091705,8.864043295091705,9.116813202678884,9.116813202678884
2026-06-02 15:00:00-07:00,origin_19,2026-05-28 00:00:00-07:00,2026,5,136,6,Days2to7,Summer,6,15,221.277091,92.6,93.4,0.97,15.908073990942118,0.0,0.0,211.47151374326026,214.24539184570312,211.17567755561342,211.143862580293,214.33448424027623,214.51122049940932,214.61972610226553,214.61972610226553,214.44517211766808,214.44517211766808,214.44517211766808,214.44517211766808,0,0.0,none,214.44517211766808,214.44517211766808,9.805577256739753,7.031699154296888,10.101413444386594,10.133228419707024,6.831918882331934,6.831918882331934,6.831918882331934,6.831918882331934,6.831918882331934,2.862970497015965,0.17673625913309365,0.10850560285621214,0.0,-0.17455398459745197,0.0,0.0,2.973658374407819,Recent_Corrected_Forecast_MWH,days4to7_recent_corrected,raw_bias+solar_cloud_midday,event_class_hour_loss+weekday_hour_cloud_loss+event_class_hour_temp+hour_cloud_loss+hour_base_loss+hour_temp_loss+hour_loss+hour_cloud,none,recent_mean+last24_mean+same_hour+hourgroup+global+temp_hourgroup+cloud_hourgroup+solar_hourgroup+solar_loss_hourgroup,3.0,10,200.233677,207.070216,70,213.90568264285713,239.40674,21.043414000000013,Midday,1,0,0,0,4.0,1.3332272323606775,0.21,2.6,0.0,205.59796710105206,145.24607045667722,9.805577256739753,9.805577256739753,4.431356726729453,Spring,1.2835944124581196,1.5793760845578457,2.862970497015965,4.0,Overcast,4.0,None,0.17673625913308577,weighted_fallback,global+hour+temp_cloud_hourgroup,214.44517211766808,0.0,214.51122049940932,none,170+,weekday_late_midday_solar_loss,0.5319999999999999,0.10850560285621734,0.20395790010567172,0.0,-0.17455398459745874,214.61972610226553,0.0,0.0,66.22544328658304,5.873546642208197,3.087494892244373,4.0,Medium-High,,,,,,,,,,,,,,,,,,,,,,,,,,,,,,,,,,,,,,,,,,,,45,2026-04-12 23:00:00-07:00,2026-05-27 23:00:00-07:00,2026-06-02,9.805577256739753,0.0,-9.805577256739753,1,0,121.906483,100.195808,199.4284757142857,,,,,,,,,,,,,,,,,6.9426067597237875,6.765870500590694,6.657364897734482,6.657364897734482,6.831918882331934,6.831918882331934
2026-06-02 16:00:00-07:00,origin_19,2026-05-28 00:00:00-07:00,2026,5,137,6,Days2to7,Summer,6,16,239.70915,93.4,93.4,0.99,9.598736054289265,0.0,0.0,228.65108393166378,230.25083923339844,229.50956914431646,226.84496279699965,228.65108393166378,228.77100762497352,229.14776723607517,229.14776723607517,228.95005103284112,228.95005103284112,228.95005103284112,228.95005103284112,0,0.0,none,228.95005103284112,228.95005103284112,11.058066068336217,9.458310766601556,10.199580855683536,12.864187203000341,10.759098967158877,10.759098967158877,10.759098967158877,10.759098967158877,10.759098967158877,0.0,0.11992369330974384,0.37675961110164735,0.0,-0.1977162032340516,0.0,0.0,0.2989671011773396,Recent_Corrected_Forecast_MWH,days4to7_recent_corrected,raw_bias+solar_cloud_midday,event_class_hour_loss+weekday_hour_cloud_loss+event_class_hour_temp+hour_cloud_loss+hour_base_loss+hour_temp_loss+hour_loss+hour_cloud,none,recent_mean+last24_mean+same_hour+hourgroup+global+temp_hourgroup+cloud_hourgroup+solar_hourgroup+solar_loss_hourgroup,3.0,10,217.8996831,228.46922249999997,70,213.90568264285713,239.40674,21.80946689999999,Peak,1,0,0,1,4.0,1.35,0.2,2.4,0.0,220.76687147938793,155.0892352156197,11.058066068336217,11.058066068336217,4.613118050911372,Spring,0.0,0.0,0.0,4.0,Overcast,2.0,None,0.11992369330975339,weighted_fallback,global+hour+temp_cloud_hourgroup,228.95005103284112,0.0,228.77100762497352,none,170+,warm_cloud_peak_transition,0.644,0.37675961110163925,0.585030452021179,0.0,-0.19771620323405226,229.14776723607517,0.0,0.0,73.56184871604407,7.884212452275847,4.488397279435882,4.0,Medium-Low,,,,,,,,,,,,,,,,,,,,,,,,,,,,,,,,,,,,,,,,,,,,45,2026-04-12 23:00:00-07:00,2026-05-27 23:00:00-07:00,2026-06-02,11.058066068336217,0.0,-11.058066068336217,1,0,128.748283,104.818333,207.58950342857142,,,,,,,,,,,,,,,,,11.058066068336217,10.938142375026473,10.561382763924826,10.561382763924826,10.759098967158877,10.759098967158877
2026-06-02 17:00:00-07:00,origin_19,2026-05-28 00:00:00-07:00,2026,5,138,6,Days2to7,Summer,6,17,251.334891,93.3,93.4,0.94,3.983665024211047,0.0,0.0,241.00506667984536,239.89385986328125,240.6960835400365,241.80809927570613,241.00506667984536,241.388906209568,241.388906209568,241.388906209568,241.1680026381836,241.1680026381836,241.1680026381836,241.1680026381836,0,0.0,none,241.1680026381836,241.1680026381836,10.329824320154643,11.441031136718749,10.638807459963488,9.526791724293872,10.166888361816405,10.166888361816405,10.166888361816405,10.166888361816405,10.166888361816405,0.0,0.3838395297226498,0.0,0.0,-0.22090357138441163,0.0,0.0,0.16293595833823815,Recent_Corrected_Forecast_MWH,days4to7_recent_corrected,raw_bias,none,none,recent_mean+last24_mean+same_hour+hourgroup+global+temp_hourgroup+cloud_hourgroup+solar_hourgroup+solar_loss_hourgroup,3.0,10,230.24716130000002,243.33112659999998,70,213.90568264285713,239.40674,21.087729699999983,Peak,1,0,0,1,4.0,1.35,0.19,2.9,0.0,234.64138245613464,163.7746826629644,10.329824320154643,10.329824320154643,4.109984204363668,Spring,0.0,0.0,0.0,4.0,Overcast,1.0,None,0.3838395297226554,weighted_fallback,global+hour+temp_cloud_hourgroup,241.1680026381836,0.0,241.388906209568,none,170+,warm_cloud_peak_transition,0.644,0.0,0.0,0.0,-0.22090357138442243,241.388906209568,0.0,0.0,77.23038401688095,6.36368422371072,4.045155975505368,4.0,Medium-Low,,,,,,,,,,,,,,,,,,,,,,,,,,,,,,,,,,,,,,,,,,,,45,2026-04-12 23:00:00-07:00,2026-05-27 23:00:00-07:00,2026-06-02,10.329824320154643,0.0,-10.329824320154643,1,0,136.156775,108.547,208.47398028571428,,,,,,,,,,,,,,,,,10.329824320154643,9.945984790431993,9.945984790431993,9.945984790431993,10.166888361816405,10.166888361816405
2026-06-02 18:00:00-07:00,origin_19,2026-05-28 00:00:00-07:00,2026,5,139,6,Days2to7,Summer,6,18,251.198791,92.6,93.4,1.0,1.3982180919371231e-15,0.0,0.0,242.04624380492254,245.06878662109375,242.6824696141391,240.1828767286761,242.04624380492254,242.50323332549846,242.50323332549846,242.50323332549846,242.21487600007686,242.21487600007686,242.21487600007686,242.21487600007686,0,0.0,none,242.21487600007686,242.21487600007686,9.15254719507746,6.13000437890625,8.516321385860891,11.015914271323908,8.983914999923144,8.983914999923144,8.983914999923144,8.983914999923144,8.983914999923144,0.0,0.4569895205759167,0.0,0.0,-0.2883573254216003,0.0,0.0,0.16863219515431638,Recent_Corrected_Forecast_MWH,days4to7_recent_corrected,raw_bias,none,none,recent_mean+last24_mean+same_hour+hourgroup+global+temp_hourgroup+cloud_hourgroup+solar_hourgroup+solar_loss_hourgroup,3.0,10,232.6802873,248.66103660000002,70,213.90568264285713,239.40674,18.518503699999997,Peak,1,0,0,1,4.0,1.35,0.2,4.4,0.0,236.47143636824035,165.24660229378486,9.15254719507746,9.15254719507746,3.6435474703687807,Spring,0.0,0.0,0.0,4.0,Overcast,0.0,None,0.45698952057590686,weighted_fallback,global+hour+temp_cloud_hourgroup,242.21487600007686,0.0,242.50323332549846,none,170+,warm_cloud_peak_transition,0.644,0.0,0.0,0.0,-0.28835732542159787,242.50323332549846,0.0,0.0,76.79964151113768,5.5748074366821925,3.5764164963370164,4.0,Low,,,,,,,,,,,,,,,,,,,,,,,,,,,,,,,,,,,,,,,,,,,,45,2026-04-12 23:00:00-07:00,2026-05-27 23:00:00-07:00,2026-06-02,9.15254719507746,0.0,-9.15254719507746,1,0,143.195116,113.789708,226.42095914285716,,,,,,,,,,,,,,,,,9.15254719507746,8.695557674501543,8.695557674501543,8.695557674501543,8.983914999923144,8.983914999923144
2026-06-02 19:00:00-07:00,origin_19,2026-05-28 00:00:00-07:00,2026,5,140,6,Days2to7,Summer,6,19,237.969425,90.2,93.4,0.97,0.0,0.0,0.0,234.69651981339558,236.11822509765625,233.69535182364663,235.86358228749805,234.69651981339558,235.2691865858146,235.2691865858146,235.2691865858146,234.97489068702555,234.97489068702555,234.97489068702555,234.97489068702555,0,0.0,none,234.97489068702555,234.97489068702555,3.2729051866044188,1.851199902343751,4.274073176353369,2.1058427125019534,2.9945343129744515,2.9945343129744515,2.9945343129744515,2.9945343129744515,2.9945343129744515,0.0,0.5726667724190122,0.0,0.0,-0.29429589878904494,0.0,0.0,0.27837087362996726,Recent_Corrected_Forecast_MWH,days4to7_recent_corrected,raw_bias,none,none,recent_mean+last24_mean+same_hour+hourgroup+global+temp_hourgroup+cloud_hourgroup+solar_hourgroup+solar_loss_hourgroup,3.0,10,225.3923922,244.1583244,70,213.90568264285713,239.40674,12.577032800000012,Peak,1,0,0,1,4.0,0.0,0.23,7.5,0.0,229.8527730232268,165.4537381279811,3.2729051866044188,3.2729051866044188,1.3753469323230993,Spring,0.0,0.0,0.0,4.0,Overcast,0.0,None,0.5726667724190192,weighted_fallback,global+hour+temp_cloud_hourgroup,234.97489068702555,0.0,235.2691865858146,none,170+,warm_cloud_peak_transition,0.92,0.0,0.0,0.0,-0.29429589878903145,235.2691865858146,0.0,0.0,69.24278168541449,4.84374679016878,1.2583693526907718,4.0,None,,,,,,,,,,,,,,,,,,,,,,,,,,,,,,,,,,,,,,,,,,,,45,2026-04-12 23:00:00-07:00,2026-05-27 23:00:00-07:00,2026-06-02,3.2729051866044188,0.0,-3.2729051866044188,1,0,154.249975,118.516458,212.09641014285714,,,,,,,,,,,,,,,,,3.2729051866044188,2.7002384141854066,2.7002384141854066,2.7002384141854066,2.9945343129744515,2.9945343129744515
2026-06-02 20:00:00-07:00,origin_19,2026-05-28 00:00:00-07:00,2026,5,141,6,Days2to7,Summer,6,20,225.91785,84.5,93.4,1.0,0.0,0.0,0.0,221.78128801831437,221.72616577148438,221.5595974430649,222.14540813565782,221.78128801831437,222.78070016583487,222.78070016583487,222.78070016583487,222.559705130682,222.559705130682,222.559705130682,222.559705130682,0,0.0,none,222.559705130682,222.559705130682,4.136561981685617,4.191684228515612,4.358252556935099,3.77244186434217,3.3581448693179823,3.3581448693179823,3.3581448693179823,3.3581448693179823,3.3581448693179823,0.0,0.999412147520502,0.0,0.0,-0.22099503515286756,0.0,0.0,0.7784171123676344,Recent_Corrected_Forecast_MWH,days4to7_recent_corrected,raw_bias,none,none,recent_mean+last24_mean+same_hour+hourgroup+global+temp_hourgroup+cloud_hourgroup+solar_hourgroup+solar_loss_hourgroup,3.0,10,211.1628387,230.4176605,70,213.90568264285713,239.40674,14.755011299999978,Peak,1,0,0,1,4.0,0.0,0.31,9.6,0.0,216.24086886759702,163.78538351027396,4.136561981685617,4.136561981685617,1.83100272142534,Spring,0.0,0.0,0.0,4.0,Overcast,0.0,None,0.9994121475204997,weighted_fallback,global+hour+temp_cloud_hourgroup,222.559705130682,0.0,222.78070016583487,none,170+,warm_cloud_peak_transition,0.92,0.0,0.0,0.0,-0.22099503515288013,222.78070016583487,0.0,0.0,57.99590450804041,5.540419150717355,1.4864451256587217,4.0,None,,,,,,,,,,,,,,,,,,,,,,,,,,,,,,,,,,,,,,,,,,,,45,2026-04-12 23:00:00-07:00,2026-05-27 23:00:00-07:00,2026-06-02,4.136561981685617,0.0,-4.136561981685617,1,0,166.870333,125.663666,210.5922424285714,,,,,,,,,,,,,,,,,4.136561981685617,3.1371498341651147,3.1371498341651147,3.1371498341651147,3.3581448693179823,3.3581448693179823
2026-06-03 14:00:00-07:00,origin_19,2026-05-28 00:00:00-07:00,2026,5,159,7,Days2to7,Summer,6,14,192.374825,89.2,93.3,0.0,20.672357650767847,0.0,0.0,188.72632158610747,187.44448852539062,187.91239254488022,190.3715909539551,188.32881668052113,188.38529401510831,188.38529401510831,188.38529401510831,188.38529401510831,188.38529401510831,188.38529401510831,188.38529401510831,0,0.0,none,188.38529401510831,188.38529401510831,3.648503413892513,4.930336474609362,4.462432455119767,2.003234046044895,3.9895309848916725,3.9895309848916725,3.9895309848916725,3.9895309848916725,3.9895309848916725,-0.3975049055863451,0.056477334587185624,0.0,0.0,0.0,0.0,0.0,-0.3410275709991595,Recent_Corrected_Forecast_MWH,days4to7_recent_corrected,raw_bias,none,none,recent_mean+last24_mean+same_hour+hourgroup+global+temp_hourgroup+cloud_hourgroup+solar_hourgroup+solar_loss_hourgroup+temp_cloud_hourgroup,3.0,10,179.72373889999997,191.9870738,70,213.90568264285713,239.40674,12.651086100000015,Midday,2,0,0,0,4.0,1.1539117923944557,0.25,3.0,0.0,195.30402184489236,145.24654380677308,3.648503413892513,3.648503413892513,1.8965597051966199,Spring,-0.3975049055863386,0.0,-0.3975049055863386,0.0,Clear/Low,5.0,None,0.05647733458718956,weighted_fallback,global+hour+temp_cloud_hourgroup,188.38529401510831,0.0,188.38529401510831,none,170+,other,0.7,0.0,0.0,0.0,-0.0,188.38529401510831,0.0,0.0,43.4797777793344,-6.577700258784887,2.073832158075607,4.0,High,,,,,,,,,,,,,,,,,,,,,,,,,,,,,,,,,,,,,,,,,,,,45,2026-04-12 23:00:00-07:00,2026-05-27 23:00:00-07:00,2026-06-03,3.648503413892513,0.0,-3.648503413892513,1,0,113.497358,113.168525,190.31188799999998,,,,,,,,,,,,,,,,,4.046008319478858,3.9895309848916725,3.9895309848916725,3.9895309848916725,3.9895309848916725,3.9895309848916725
2026-06-03 15:00:00-07:00,origin_19,2026-05-28 00:00:00-07:00,2026,5,160,7,Days2to7,Summer,6,15,216.148291,91.7,93.3,0.0,15.94213838920966,0.0,0.0,209.39905272390544,208.59970092773438,208.81116160298518,210.5512678556861,208.96778214173438,208.91877027926657,208.91877027926657,208.91877027926657,208.91877027926657,208.91877027926657,208.91877027926657,208.91877027926657,0,0.0,none,208.91877027926657,208.91877027926657,6.749238276094559,7.548590072265625,7.33712939701482,5.5970231443139085,7.229520720733433,7.229520720733433,7.229520720733433,7.229520720733433,7.229520720733433,-0.4312705821710665,-0.04901186246780753,0.0,0.0,0.0,0.0,0.0,-0.48028244463887404,Recent_Corrected_Forecast_MWH,days4to7_recent_corrected,raw_bias,none,none,recent_mean+last24_mean+same_hour+hourgroup+global+temp_hourgroup+cloud_hourgroup+solar_hourgroup+solar_loss_hourgroup+temp_cloud_hourgroup,3.0,10,200.233677,207.070216,70,213.90568264285713,239.40674,15.914614,Midday,2,0,0,0,4.0,1.334813023802108,0.24,2.3,0.0,211.47151374326026,156.92485942000013,6.749238276094559,6.749238276094559,3.1225036500957386,Spring,-0.4312705821710773,0.0,-0.4312705821710773,0.0,Clear/Low,4.0,None,-0.0490118624678143,weighted_fallback,global+hour+temp_cloud_hourgroup,208.91877027926657,0.0,208.91877027926657,none,170+,other,0.7,0.0,0.0,0.0,-0.0,208.91877027926657,0.0,0.0,52.47419330390531,-2.0724610193548187,3.34470408592471,4.0,Medium-High,,,,,,,,,,,,,,,,,,,,,,,,,,,,,,,,,,,,,,,,,,,,45,2026-04-12 23:00:00-07:00,2026-05-27 23:00:00-07:00,2026-06-03,6.749238276094559,0.0,-6.749238276094559,1,0,120.454241,121.463241,215.28149457142857,,,,,,,,,,,,,,,,,7.180508858265625,7.229520720733433,7.229520720733433,7.229520720733433,7.229520720733433,7.229520720733433
2026-06-03 16:00:00-07:00,origin_19,2026-05-28 00:00:00-07:00,2026,5,161,7,Days2to7,Summer,6,16,239.162783,93.3,93.3,0.0,9.996174309987566,0.0,0.0,228.99579510992234,228.85398864746094,228.8089209221137,229.3299706800392,228.99579510992234,229.13530351512125,229.13530351512125,229.13530351512125,229.13530351512125,229.13530351512125,229.13530351512125,229.13530351512125,0,0.0,none,229.13530351512125,229.13530351512125,10.16698789007765,10.308794352539053,10.353862077886276,9.832812319960794,10.02747948487874,10.02747948487874,10.02747948487874,10.02747948487874,10.02747948487874,0.0,0.13950840519891017,0.0,0.0,0.0,0.0,0.0,0.13950840519891017,Recent_Corrected_Forecast_MWH,days4to7_recent_corrected,raw_bias,none,none,recent_mean+last24_mean+same_hour+hourgroup+global+temp_hourgroup+cloud_hourgroup+solar_hourgroup+solar_loss_hourgroup+temp_cloud_hourgroup,3.0,10,217.8996831,228.46922249999997,70,213.90568264285713,239.40674,21.263099899999986,Peak,2,0,0,1,4.0,1.35,0.22,1.5,0.0,228.65108393166378,168.2620793487145,10.16698789007765,10.16698789007765,4.2510744199182735,Spring,-0.0,0.0,0.0,0.0,Clear/Low,2.0,None,0.13950840519892208,weighted_fallback,global+hour+temp_cloud_hourgroup,229.13530351512125,0.0,229.13530351512125,none,170+,other,0.7,0.0,0.0,0.0,-0.0,229.13530351512125,0.0,0.0,60.73371576120783,0.3447111782585637,4.192742432203065,4.0,Medium-Low,,,,,,,,,,,,,,,,,,,,,,,,,,,,,,,,,,,,,,,,,,,,45,2026-04-12 23:00:00-07:00,2026-05-27 23:00:00-07:00,2026-06-03,10.16698789007765,0.0,-10.16698789007765,1,0,124.9937,127.706541,233.35311542857144,,,,,,,,,,,,,,,,,10.16698789007765,10.02747948487874,10.02747948487874,10.02747948487874,10.02747948487874,10.02747948487874
2026-06-03 17:00:00-07:00,origin_19,2026-05-28 00:00:00-07:00,2026,5,162,7,Days2to7,Summer,6,17,253.292233,93.3,93.3,0.0,4.220565291691516,0.0,0.0,242.73781322639505,242.15390014648438,242.04761226223982,243.98924705004197,242.73781322639505,243.10404868979512,243.10404868979512,243.10404868979512,243.10404868979512,243.10404868979512,243.10404868979512,243.10404868979512,0,0.0,none,243.10404868979512,243.10404868979512,10.554419773604963,11.138332853515635,11.244620737760187,9.302985949958043,10.188184310204889,10.188184310204889,10.188184310204889,10.188184310204889,10.188184310204889,0.0,0.3662354634000735,0.0,0.0,0.0,0.0,0.0,0.3662354634000735,Recent_Corrected_Forecast_MWH,days4to7_recent_corrected,raw_bias,none,none,recent_mean+last24_mean+same_hour+hourgroup+global+temp_hourgroup+cloud_hourgroup+solar_hourgroup+solar_loss_hourgroup+temp_cloud_hourgroup,3.0,10,230.24716130000002,243.33112659999998,70,213.90568264285713,239.40674,23.045071699999994,Peak,2,0,0,1,4.0,1.35,0.2,2.6,0.0,241.00506667984536,177.28975890294237,10.554419773604963,10.554419773604963,4.166894360951432,Spring,0.0,0.0,0.0,0.0,Clear/Low,1.0,None,0.3662354634000613,weighted_fallback,global+hour+temp_cloud_hourgroup,243.10404868979512,0.0,243.10404868979512,none,170+,other,0.7,0.0,0.0,0.0,-0.0,243.10404868979512,0.0,0.0,65.44805432345268,1.7327465465496914,4.022304272632351,4.0,Medium-Low,,,,,,,,,,,,,,,,,,,,,,,,,,,,,,,,,,,,,,,,,,,,45,2026-04-12 23:00:00-07:00,2026-05-27 23:00:00-07:00,2026-06-03,10.554419773604963,0.0,-10.554419773604963,1,0,130.518141,134.152408,245.69311128571425,,,,,,,,,,,,,,,,,10.554419773604963,10.188184310204889,10.188184310204889,10.188184310204889,10.188184310204889,10.188184310204889
2026-06-03 18:00:00-07:00,origin_19,2026-05-28 00:00:00-07:00,2026,5,163,7,Days2to7,Summer,6,18,258.099775,93.3,93.3,0.0,1.4572146359007149e-15,0.0,0.0,249.58217950987844,247.70944213867188,248.97843088173676,251.0659951744458,249.58217950987844,250.01125728868868,250.01125728868868,250.01125728868868,250.01125728868868,250.01125728868868,250.01125728868868,250.01125728868868,0,0.0,none,250.01125728868868,250.01125728868868,8.517595490121579,10.390332861328147,9.121344118263266,7.033779825554234,8.08851771131134,8.08851771131134,8.08851771131134,8.08851771131134,8.08851771131134,0.0,0.4290777788102389,0.0,0.0,0.0,0.0,0.0,0.4290777788102389,Recent_Corrected_Forecast_MWH,days4to7_recent_corrected,raw_bias,none,none,recent_mean+last24_mean+same_hour+hourgroup+global+temp_hourgroup+cloud_hourgroup+solar_hourgroup+solar_loss_hourgroup+temp_cloud_hourgroup,3.0,10,232.6802873,248.66103660000002,70,213.90568264285713,239.40674,25.41948770000002,Peak,2,0,0,1,4.0,1.35,0.2,2.5,0.0,242.04624380492254,181.08698483734526,8.517595490121579,8.517595490121579,3.3001173635744467,Spring,0.0,0.0,0.0,0.0,Clear/Low,0.0,None,0.4290777788102295,weighted_fallback,global+hour+temp_cloud_hourgroup,250.01125728868868,0.0,250.01125728868868,none,170+,other,0.7,0.0,0.0,0.0,-0.0,250.01125728868868,0.0,0.0,68.49519467253319,7.535935704955904,3.1338724380179483,4.0,Low,,,,,,,,,,,,,,,,,,,,,,,,,,,,,,,,,,,,,,,,,,,,45,2026-04-12 23:00:00-07:00,2026-05-27 23:00:00-07:00,2026-06-03,8.517595490121579,0.0,-8.517595490121579,1,0,137.8902,140.571816,250.4931198571429,,,,,,,,,,,,,,,,,8.517595490121579,8.08851771131134,8.08851771131134,8.08851771131134,8.08851771131134,8.08851771131134
2026-06-03 19:00:00-07:00,origin_19,2026-05-28 00:00:00-07:00,2026,5,164,7,Days2to7,Summer,6,19,252.9156,92.4,93.3,0.0,0.0,0.0,0.0,242.81608426901136,244.07302856445312,243.23780789984204,241.79424876472262,242.81608426901136,243.3445390437899,243.3445390437899,243.3445390437899,243.3445390437899,243.3445390437899,243.3445390437899,243.3445390437899,0,0.0,none,243.3445390437899,243.3445390437899,10.099515730988657,8.842571435546887,9.677792100157973,11.121351235277388,9.571060956210118,9.571060956210118,9.571060956210118,9.571060956210118,9.571060956210118,0.0,0.5284547747785382,0.0,0.0,0.0,0.0,0.0,0.5284547747785382,Recent_Corrected_Forecast_MWH,days4to7_recent_corrected,raw_bias,none,none,recent_mean+last24_mean+same_hour+hourgroup+global+temp_hourgroup+cloud_hourgroup+solar_hourgroup+solar_loss_hourgroup+temp_cloud_hourgroup,3.0,10,225.3923922,244.1583244,70,213.90568264285713,239.40674,27.523207800000023,Peak,2,0,0,1,4.0,0.0,0.21,1.3,0.0,234.69651981339558,179.20052910132333,10.099515730988657,10.099515730988657,3.9932355817468976,Spring,0.0,0.0,0.0,0.0,Clear/Low,0.0,None,0.5284547747785511,weighted_fallback,global+hour+temp_cloud_hourgroup,243.3445390437899,0.0,243.3445390437899,none,170+,other,1.0,0.0,0.0,0.0,-0.0,243.3445390437899,0.0,0.0,63.61555516768803,8.119564455615773,3.7842904732685994,4.0,None,,,,,,,,,,,,,,,,,,,,,,,,,,,,,,,,,,,,,,,,,,,,45,2026-04-12 23:00:00-07:00,2026-05-27 23:00:00-07:00,2026-06-03,10.099515730988657,0.0,-10.099515730988657,1,0,145.590008,148.99605,241.81019385714285,,,,,,,,,,,,,,,,,10.099515730988657,9.571060956210118,9.571060956210118,9.571060956210118,9.571060956210118,9.571060956210118
2026-06-03 20:00:00-07:00,origin_19,2026-05-28 00:00:00-07:00,2026,5,165,7,Days2to7,Summer,6,20,238.239391,89.0,93.3,0.0,0.0,0.0,0.0,231.5076179246483,230.84625244140625,231.7969673173957,231.2418875884,231.5076179246483,232.40268474064715,232.40268474064715,232.40268474064715,232.40268474064715,232.40268474064715,232.40268474064715,232.40268474064715,0,0.0,none,232.40268474064715,232.40268474064715,6.731773075351725,7.393138558593762,6.4424236826043,6.997503411600007,5.836706259352866,5.836706259352866,5.836706259352866,5.836706259352866,5.836706259352866,0.0,0.8950668159988595,0.0,0.0,0.0,0.0,0.0,0.8950668159988595,Recent_Corrected_Forecast_MWH,days4to7_recent_corrected,raw_bias,none,none,recent_mean+last24_mean+same_hour+hourgroup+global+temp_hourgroup+cloud_hourgroup+solar_hourgroup+solar_loss_hourgroup+temp_cloud_hourgroup,3.0,10,211.1628387,230.4176605,70,213.90568264285713,239.40674,27.076552300000003,Peak,2,0,0,1,4.0,0.0,0.24,5.8,0.0,221.78128801831437,174.78059379860457,6.731773075351725,6.731773075351725,2.8256339336225573,Spring,0.0,0.0,0.0,0.0,Clear/Low,0.0,None,0.8950668159988645,weighted_fallback,global+hour+temp_cloud_hourgroup,232.40268474064715,0.0,232.40268474064715,none,170+,other,1.0,0.0,0.0,0.0,-0.0,232.40268474064715,0.0,0.0,56.727024126043716,9.726329906333916,2.449933335899463,4.0,None,,,,,,,,,,,,,,,,,,,,,,,,,,,,,,,,,,,,,,,,,,,,45,2026-04-12 23:00:00-07:00,2026-05-27 23:00:00-07:00,2026-06-03,6.731773075351725,0.0,-6.731773075351725,1,0,158.646916,160.416141,226.45704142857144,,,,,,,,,,,,,,,,,6.731773075351725,5.836706259352866,5.836706259352866,5.836706259352866,5.836706259352866,5.836706259352866
2026-06-04 14:00:00-07:00,origin_19,2026-05-28 00:00:00-07:00,2026,5,183,8,Days8to16,Summer,6,14,209.669616,91.0,94.5,0.0,20.755798044918272,0.0,0.0,213.89416173087668,215.629638671875,214.4745571787101,212.4862611868532,213.39910283364466,213.45558016823185,213.45558016823185,213.45558016823185,213.18315568427465,211.06315568427465,211.06315568427465,211.06315568427465,0,0.0,none,211.06315568427465,211.06315568427465,-4.2245457308766845,-5.960022671875009,-4.8049411787101235,-2.816645186853208,-1.393539684274657,-1.393539684274657,-1.393539684274657,-1.393539684274657,1.393539684274657,-0.49505889723201335,0.056477334587185624,0.0,0.0,-0.2724244839571952,-2.1200000000000045,0.0,-2.8310060466020275,Final_Backtest_Forecast_MWH,days8plus_final_low_confidence+long_horizon_peak_month_correction,raw_bias,none,none,recent_mean+last24_mean+same_hour+hourgroup+global+temp_hourgroup+cloud_hourgroup+solar_hourgroup+solar_loss_hourgroup+temp_cloud_hourgroup,3.0,10,179.72373889999997,191.9870738,70,213.90568264285713,239.40674,29.94587710000002,Midday,3,0,0,0,4.0,1.1575274452260107,0.27,3.0,0.0,188.72632158610747,154.94308503335984,-4.2245457308766845,4.2245457308766845,2.0148583335396983,Spring,-0.4950588972320078,0.0,-0.4950588972320078,0.0,Clear/Low,5.0,None,0.05647733458718956,weighted_fallback,global+hour+temp_cloud_hourgroup,213.18315568427465,0.0,213.45558016823185,none,170+,other,0.7,0.0,0.0,0.0,-0.2724244839572088,213.45558016823185,-2.12,0.0,58.95107669751684,25.1678401447692,0.6646359691309098,4.0,High,,,,,,,,,,,,,,,,,,,,,,,,,,,,,,,,,,,,,,,,,,,,45,2026-04-12 23:00:00-07:00,2026-05-27 23:00:00-07:00,2026-06-04,0.0,4.2245457308766845,4.2245457308766845,0,1,119.309683,115.58095,197.2026,,,,,,,,,,,,,,,,,-3.729486833644671,-3.7859641682318568,-3.7859641682318568,-3.7859641682318568,-3.5135396842746616,-1.393539684274657
2026-06-04 15:00:00-07:00,origin_19,2026-05-28 00:00:00-07:00,2026,5,184,8,Days8to16,Summer,6,15,230.85115,93.3,94.5,0.0,16.044331584012287,0.0,0.0,235.64205147360772,234.68804931640625,235.9378859793047,235.4497407238557,235.1469925763757,235.0979807139079,235.0979807139079,235.0979807139079,234.90018426656474,232.78018426656473,232.78018426656473,232.78018426656473,0,0.0,none,232.78018426656473,232.78018426656473,-4.790901473607732,-3.83689931640626,-5.086735979304706,-4.598590723855722,-1.9290342665647415,-1.9290342665647415,-1.9290342665647415,-1.9290342665647415,1.9290342665647415,-0.49505889723201335,-0.04901186246780753,0.0,0.0,-0.19779644734316548,-2.1200000000000045,0.0,-2.861867207042991,Final_Backtest_Forecast_MWH,days8plus_final_low_confidence+long_horizon_peak_month_correction,raw_bias,none,none,recent_mean+last24_mean+same_hour+hourgroup+global+temp_hourgroup+cloud_hourgroup+solar_hourgroup+solar_loss_hourgroup+temp_cloud_hourgroup,3.0,10,200.233677,207.070216,70,213.90568264285713,239.40674,30.61747299999999,Midday,3,0,0,0,4.0,1.3421614125804044,0.24,3.2,0.0,209.39905272390544,167.42563480912943,-4.790901473607732,4.790901473607732,2.075320601005337,Spring,-0.4950588972320078,0.0,-0.4950588972320078,0.0,Clear/Low,4.0,None,-0.0490118624678143,weighted_fallback,global+hour+temp_cloud_hourgroup,234.90018426656474,0.0,235.0979807139079,none,170+,other,0.7,0.0,0.0,0.0,-0.19779644734316776,235.0979807139079,-2.12,0.0,68.21641666447829,26.24299874970228,0.8356182183041936,4.0,Medium-High,,,,,,,,,,,,,,,,,,,,,,,,,,,,,,,,,,,,,,,,,,,,45,2026-04-12 23:00:00-07:00,2026-05-27 23:00:00-07:00,2026-06-04,0.0,4.790901473607732,4.790901473607732,0,1,127.038066,121.906483,217.3247302857143,,,,,,,,,,,,,,,,,-4.295842576375719,-4.246830713907912,-4.246830713907912,-4.246830713907912,-4.049034266564746,-1.9290342665647415
2026-06-04 16:00:00-07:00,origin_19,2026-05-28 00:00:00-07:00,2026,5,185,8,Days8to16,Summer,6,16,250.210058,94.5,94.5,0.0,10.05639222751761,0.0,0.0,253.18370557838136,251.64271545410156,253.24199150765705,253.53239629645668,253.18370557838136,253.32321398358027,253.32321398358027,253.32321398358027,253.09463944043918,249.38463944043917,249.38463944043917,249.38463944043917,0,0.0,none,249.38463944043917,249.38463944043917,-2.9736475783813603,-1.4326574541015589,-3.031933507657044,-3.322338296456678,0.8254185595608305,0.8254185595608305,0.8254185595608305,0.8254185595608305,0.8254185595608305,0.0,0.13950840519891017,0.0,0.0,-0.22857454314109305,-3.710000000000008,0.0,-3.799066137942191,Final_Backtest_Forecast_MWH,days8plus_final_low_confidence+long_horizon_peak_month_correction+long_horizon_hot_month_correction,raw_bias,none,none,recent_mean+last24_mean+same_hour+hourgroup+global+temp_hourgroup+cloud_hourgroup+solar_hourgroup+solar_loss_hourgroup+temp_cloud_hourgroup,3.0,10,217.8996831,228.46922249999997,70,213.90568264285713,239.40674,32.3103749,Peak,3,0,0,1,4.0,1.35,0.22,3.1,0.0,228.99579510992234,180.38822636441773,-2.9736475783813603,2.9736475783813603,1.1884604488526838,Spring,-0.0,0.0,0.0,0.0,Clear/Low,3.0,None,0.13950840519892208,weighted_fallback,global+hour+temp_cloud_hourgroup,253.09463944043918,0.0,253.32321398358027,none,170+,other,0.7,0.0,0.0,0.0,-0.22857454314110504,253.32321398358027,0.0,-3.71,72.79547921396363,24.187910468459023,0.32989023948862617,4.0,Medium-Low,,,,,,,,,,,,,,,,,,,,,,,,,,,,,,,,,,,,,,,,,,,,45,2026-04-12 23:00:00-07:00,2026-05-27 23:00:00-07:00,2026-06-04,0.0,2.9736475783813603,2.9736475783813603,0,1,134.009758,128.748283,240.97512242857144,,,,,,,,,,,,,,,,,-2.9736475783813603,-3.1131559835802705,-3.1131559835802705,-3.1131559835802705,-2.8845814404391774,0.8254185595608305
2026-06-04 17:00:00-07:00,origin_19,2026-05-28 00:00:00-07:00,2026,5,186,8,Days8to16,Summer,6,17,261.03715,93.7,94.5,0.0,4.264204814648444,0.0,0.0,262.6398499561835,259.7850341796875,262.1579949680333,264.2127123022756,262.6398499561835,263.0060854195836,263.0060854195836,263.0060854195836,262.75538714903297,259.045387149033,259.045387149033,259.045387149033,0,0.0,none,259.045387149033,259.045387149033,-1.6026999561835282,1.252115820312497,-1.120844968033282,-3.17556230227558,1.9917628509670067,1.9917628509670067,1.9917628509670067,1.9917628509670067,1.9917628509670067,0.0,0.3662354634000735,0.0,0.0,-0.2506982705506289,-3.7099999999999795,0.0,-3.594462807150535,Final_Backtest_Forecast_MWH,days8plus_final_low_confidence+long_horizon_peak_month_correction+long_horizon_hot_month_correction,raw_bias,none,none,recent_mean+last24_mean+same_hour+hourgroup+global+temp_hourgroup+cloud_hourgroup+solar_hourgroup+solar_loss_hourgroup+temp_cloud_hourgroup,3.0,10,230.24716130000002,243.33112659999998,70,213.90568264285713,239.40674,30.78998869999998,Peak,3,0,0,1,4.0,1.35,0.22,3.7,0.0,242.73781322639505,191.47561922099882,-1.6026999561835282,1.6026999561835282,0.613973894590685,Spring,0.0,0.0,0.0,0.0,Clear/Low,1.0,None,0.3662354634000613,weighted_fallback,global+hour+temp_cloud_hourgroup,262.75538714903297,0.0,263.0060854195836,none,170+,other,0.7,0.0,0.0,0.0,-0.25069827055063254,263.0060854195836,0.0,-3.71,71.1642307351847,19.902036729788477,0.7630189231559595,4.0,Medium-Low,,,,,,,,,,,,,,,,,,,,,,,,,,,,,,,,,,,,,,,,,,,,45,2026-04-12 23:00:00-07:00,2026-05-27 23:00:00-07:00,2026-06-04,0.0,1.6026999561835282,1.6026999561835282,0,1,141.057125,136.156775,250.19995185714285,,,,,,,,,,,,,,,,,-1.6026999561835282,-1.9689354195836017,-1.9689354195836017,-1.9689354195836017,-1.7182371490329729,1.9917628509670067
2026-06-04 18:00:00-07:00,origin_19,2026-05-28 00:00:00-07:00,2026,5,187,8,Days8to16,Summer,6,18,263.131475,93.0,94.5,0.0,1.474913599089792e-15,0.0,0.0,262.0918909504547,260.1999206542969,260.52883988629816,265.0886769930314,262.0918909504547,262.5209687292649,262.5209687292649,262.5209687292649,262.2059109135779,258.4959109135779,258.4959109135779,258.4959109135779,0,0.0,none,258.4959109135779,258.4959109135779,1.03958404954534,2.931554345703148,2.602635113701865,-1.95720199303139,4.635564086422107,4.635564086422107,4.635564086422107,4.635564086422107,4.635564086422107,0.0,0.4290777788102105,0.0,0.0,-0.3150578156869983,-3.7099999999999795,0.0,-3.5959800368767674,Final_Backtest_Forecast_MWH,days8plus_final_low_confidence+long_horizon_peak_month_correction+long_horizon_hot_month_correction,raw_bias,none,none,recent_mean+last24_mean+same_hour+hourgroup+global+temp_hourgroup+cloud_hourgroup+solar_hourgroup+solar_loss_hourgroup+temp_cloud_hourgroup,3.0,10,232.6802873,248.66103660000002,70,213.90568264285713,239.40674,30.45118770000002,Peak,3,0,0,1,4.0,1.35,0.22,3.3,0.0,249.58217950987844,196.047968910185,1.03958404954534,1.03958404954534,0.3950816030447668,Spring,0.0,0.0,0.0,0.0,Clear/Low,0.0,None,0.4290777788102295,weighted_fallback,global+hour+temp_cloud_hourgroup,262.2059109135779,0.0,262.5209687292649,none,170+,other,0.7,0.0,0.0,0.0,-0.3150578156870201,262.5209687292649,0.0,-3.71,66.04392204026968,12.50971144057624,1.7616912178302147,4.0,Low,,,,,,,,,,,,,,,,,,,,,,,,,,,,,,,,,,,,,,,,,,,,45,2026-04-12 23:00:00-07:00,2026-05-27 23:00:00-07:00,2026-06-04,1.03958404954534,0.0,-1.03958404954534,1,0,150.099333,143.195116,257.5656938571429,,,,,,,,,,,,,,,,,1.03958404954534,0.6105062707351294,0.6105062707351294,0.6105062707351294,0.9255640864221277,4.635564086422107
2026-06-04 19:00:00-07:00,origin_19,2026-05-28 00:00:00-07:00,2026,5,188,8,Days8to16,Summer,6,19,255.920625,91.7,94.5,0.0,0.0,0.0,0.0,254.0448761658454,253.88475036621094,253.4628808617044,255.00519044367684,254.0448761658454,254.57333094062395,254.57333094062395,254.57333094062395,254.25260696319185,250.54260696319184,250.54260696319184,250.54260696319184,0,0.0,none,250.54260696319184,250.54260696319184,1.8757488341545923,2.0358746337890636,2.4577441382955953,0.915434556323163,5.378018036808157,5.378018036808157,5.378018036808157,5.378018036808157,5.378018036808157,0.0,0.5284547747785382,0.0,0.0,-0.32072397743209535,-3.710000000000008,0.0,-3.502269202653565,Final_Backtest_Forecast_MWH,days8plus_final_low_confidence+long_horizon_hot_month_correction,raw_bias,none,none,recent_mean+last24_mean+same_hour+hourgroup+global+temp_hourgroup+cloud_hourgroup+solar_hourgroup+solar_loss_hourgroup+temp_cloud_hourgroup,3.0,10,225.3923922,244.1583244,70,213.90568264285713,239.40674,30.528232800000012,Peak,3,0,0,1,4.0,0.0,0.23,3.3,0.0,242.81608426901136,192.97605785403925,1.8757488341545923,1.8757488341545923,0.732941643196828,Spring,0.0,0.0,0.0,0.0,Clear/Low,0.0,None,0.5284547747785511,weighted_fallback,global+hour+temp_cloud_hourgroup,254.25260696319185,0.0,254.57333094062395,none,170+,other,1.0,0.0,0.0,0.0,-0.3207239774320943,254.57333094062395,0.0,-3.71,61.068818311806154,11.228791896834053,2.101439865117615,4.0,None,,,,,,,,,,,,,,,,,,,,,,,,,,,,,,,,,,,,,,,,,,,,45,2026-04-12 23:00:00-07:00,2026-05-27 23:00:00-07:00,2026-06-04,1.8757488341545923,0.0,-1.8757488341545923,1,0,160.326075,154.249975,244.16014514285715,,,,,,,,,,,,,,,,,1.8757488341545923,1.347294059376054,1.347294059376054,1.347294059376054,1.6680180368081494,5.378018036808157
2026-06-04 20:00:00-07:00,origin_19,2026-05-28 00:00:00-07:00,2026,5,189,8,Days8to16,Summer,6,20,243.503625,89.8,94.5,0.0,0.0,0.0,0.0,239.76408447449177,238.17733764648438,239.09441364243665,241.26978059000908,239.76408447449177,240.65915129049063,240.65915129049063,240.65915129049063,240.40836575175726,236.69836575175725,236.69836575175725,236.69836575175725,0,0.0,none,236.69836575175725,236.69836575175725,3.7395405255082323,5.3262873535156245,4.4092113575633505,2.2338444099909225,6.8052592482427485,6.8052592482427485,6.8052592482427485,6.8052592482427485,6.8052592482427485,0.0,0.8950668159988595,0.0,0.0,-0.25078553873336773,-3.710000000000008,0.0,-3.065718722734516,Final_Backtest_Forecast_MWH,days8plus_final_low_confidence+long_horizon_hot_month_correction,raw_bias,none,none,recent_mean+last24_mean+same_hour+hourgroup+global+temp_hourgroup+cloud_hourgroup+solar_hourgroup+solar_loss_hourgroup+temp_cloud_hourgroup,3.0,10,211.1628387,230.4176605,70,213.90568264285713,239.40674,32.34078629999999,Peak,3,0,0,1,4.0,0.0,0.25,5.0,0.0,231.5076179246483,186.45911550212574,3.7395405255082323,3.7395405255082323,1.535722733289179,Spring,0.0,0.0,0.0,0.0,Clear/Low,0.0,None,0.8950668159988645,weighted_fallback,global+hour+temp_cloud_hourgroup,240.40836575175726,0.0,240.65915129049063,none,170+,other,1.0,0.0,0.0,0.0,-0.2507855387333811,240.65915129049063,0.0,-3.71,53.30496897236603,8.25646654984348,2.794726053151262,4.0,None,,,,,,,,,,,,,,,,,,,,,,,,,,,,,,,,,,,,,,,,,,,,45,2026-04-12 23:00:00-07:00,2026-05-27 23:00:00-07:00,2026-06-04,3.7395405255082323,0.0,-3.7395405255082323,1,0,173.421408,166.870333,236.22301757142856,,,,,,,,,,,,,,,,,3.7395405255082323,2.844473709509373,2.844473709509373,2.844473709509373,3.0952592482427406,6.8052592482427485
2026-06-05 14:00:00-07:00,origin_19,2026-05-28 00:00:00-07:00,2026,5,207,9,Days8to16,Summer,6,14,229.425308,94.3,96.8,0.17,20.65149755223024,0.0,0.0,237.60609991468283,238.00381469726562,239.01969908023526,235.27109700236247,237.46595014335108,237.6870451232439,237.6870451232439,237.6870451232439,237.46880178971168,235.34880178971167,235.34880178971167,235.34880178971167,0,0.0,none,235.34880178971167,235.34880178971167,-8.180791914682828,-8.578506697265624,-9.594391080235255,-5.845789002362466,-5.923493789711671,-5.923493789711671,-5.923493789711671,-5.923493789711671,5.923493789711671,-0.14014977133174966,0.22109497989282545,0.0,0.0,-0.2182433335322287,-2.1200000000000045,0.0,-2.2572981249711574,Final_Backtest_Forecast_MWH,days8plus_final_low_confidence+long_horizon_peak_month_correction,raw_bias,none,none,recent_mean+last24_mean+same_hour+hourgroup+global+cloud_hourgroup+solar_hourgroup+solar_loss_hourgroup,3.0,8,199.47841950000003,228.9191698,56,236.32982358928572,269.356791,29.94688849999997,Midday,4,0,0,0,5.0,1.1507333471328791,0.22,2.9,0.0,213.89416173087668,167.88376230566504,-8.180791914682828,8.180791914682828,3.5657757141085886,Spring,-0.14014977133175818,0.0,-0.14014977133175818,0.0,Clear/Low,5.0,None,0.22109497989281285,weighted_fallback,global+hour,237.46880178971168,0.0,237.6870451232439,none,170+,other,0.7,0.0,0.0,0.0,-0.21824333353223965,237.6870451232439,-2.12,0.0,69.72233760901779,23.711938183806154,2.58188333333813,5.0,High,,,,,,,,,,,,,,,,,,,,,,,,,,,,,,,,,,,,,,,,,,,,45,2026-04-12 23:00:00-07:00,2026-05-27 23:00:00-07:00,2026-06-05,0.0,8.180791914682828,8.180791914682828,0,1,124.624375,113.497358,201.4974104285714,,,,,,,,,,,,,,,,,-8.040642143351079,-8.261737123243904,-8.261737123243904,-8.261737123243904,-8.043493789711675,-5.923493789711671
2026-06-05 15:00:00-07:00,origin_19,2026-05-28 00:00:00-07:00,2026,5,208,9,Days8to16,Summer,6,15,249.014525,95.9,96.8,0.27,15.669623203069325,0.0,0.0,255.29577723107758,256.25946044921875,254.53337904308466,256.2184934641689,255.12186178316108,255.21076920963938,255.21076920963938,255.21076920963938,255.10858048359725,252.98858048359725,252.98858048359725,252.98858048359725,0,0.0,none,252.98858048359725,252.98858048359725,-6.281252231077588,-7.244935449218758,-5.518854043084673,-7.203968464168895,-3.9740554835972546,-3.9740554835972546,-3.9740554835972546,-3.9740554835972546,3.9740554835972546,-0.1739154479164995,0.08890742647830052,0.0,0.0,-0.10218872604212947,-2.1200000000000045,0.0,-2.307196747480333,Final_Backtest_Forecast_MWH,days8plus_final_low_confidence+long_horizon_peak_month_correction,raw_bias,none,none,recent_mean+last24_mean+same_hour+hourgroup+global+solar_hourgroup+solar_loss_hourgroup,3.0,8,220.880339,250.3929885,56,236.32982358928572,269.356791,28.134186,Midday,4,0,0,0,5.0,1.3097034182030802,0.2,2.3,0.0,235.64205147360772,182.76130669625442,-6.281252231077588,6.281252231077588,2.5224441148875103,Spring,-0.17391544791649674,0.0,-0.17391544791649674,1.0,Some Clouds,4.0,None,0.08890742647829679,weighted_fallback,global+hour,255.10858048359725,0.0,255.21076920963938,none,170+,other,0.7,0.0,0.0,0.0,-0.10218872604212029,255.21076920963938,-2.12,0.0,72.53447053482316,19.653725757469857,1.5959131233799533,5.0,Medium-High,,,,,,,,,,,,,,,,,,,,,,,,,,,,,,,,,,,,,,,,,,,,45,2026-04-12 23:00:00-07:00,2026-05-27 23:00:00-07:00,2026-06-05,0.0,6.281252231077588,6.281252231077588,0,1,132.480216,120.454241,227.14469257142855,,,,,,,,,,,,,,,,,-6.107336783161088,-6.196244209639389,-6.196244209639389,-6.196244209639389,-6.094055483597259,-3.9740554835972546
2026-06-05 16:00:00-07:00,origin_19,2026-05-28 00:00:00-07:00,2026,5,209,9,Days8to16,Summer,6,16,268.59595,96.8,96.8,0.27,9.6469103883133,0.0,0.0,267.8311088457305,266.2421875,266.8876132591905,269.76772229478775,267.8311088457305,267.9478366991702,267.9478366991702,267.9478366991702,267.83100809469164,264.12100809469166,264.12100809469166,264.12100809469166,0,0.0,none,264.12100809469166,264.12100809469166,0.7648411542695044,2.353762500000016,1.7083367408095,-1.1717722947877292,4.474941905308356,4.474941905308356,4.474941905308356,4.474941905308356,4.474941905308356,0.0,0.11672785343967007,0.0,0.0,-0.11682860447854182,-3.7099999999999795,0.0,-3.7101007510388513,Final_Backtest_Forecast_MWH,days8plus_final_low_confidence+long_horizon_peak_month_correction+long_horizon_hot_month_correction,raw_bias,none,none,recent_mean+last24_mean+same_hour+hourgroup+global+solar_hourgroup+solar_loss_hourgroup,3.0,8,240.86553600000002,267.7118679,56,236.32982358928572,269.356791,27.730413999999996,Peak,4,0,0,1,5.0,1.35,0.18,2.0,0.0,253.18370557838136,197.13785591768328,0.7648411542695044,0.7648411542695044,0.28475528177900833,Spring,-0.0,0.0,0.0,1.0,Some Clouds,2.0,None,0.11672785343968282,weighted_fallback,global+hour,267.83100809469164,0.0,267.9478366991702,none,170+,other,0.7,0.0,0.0,0.0,-0.11682860447852367,267.9478366991702,0.0,-3.71,70.69325292804723,14.647403267349148,1.6660496576021921,5.0,Medium-Low,,,,,,,,,,,,,,,,,,,,,,,,,,,,,,,,,,,,,,,,,,,,45,2026-04-12 23:00:00-07:00,2026-05-27 23:00:00-07:00,2026-06-05,0.7648411542695044,0.0,-0.7648411542695044,1,0,140.481283,124.9937,248.10206757142856,,,,,,,,,,,,,,,,,0.7648411542695044,0.6481133008298343,0.6481133008298343,0.6481133008298343,0.7649419053083761,4.474941905308356
2026-06-05 17:00:00-07:00,origin_19,2026-05-28 00:00:00-07:00,2026,5,210,9,Days8to16,Summer,6,17,273.122358,96.3,96.8,0.4,4.064709852559629,0.0,0.0,275.71758802422784,275.479736328125,276.2255160563349,274.98737302980317,275.71758802422784,276.12137007616974,276.12137007616974,276.12137007616974,275.9780416223765,272.26804162237653,272.26804162237653,272.26804162237653,0,0.0,none,272.26804162237653,272.26804162237653,-2.595230024227817,-2.3573783281249803,-3.1031580563349053,-1.8650150298031463,0.8543163776234906,0.8543163776234906,0.8543163776234906,0.8543163776234906,0.8543163776234906,0.0,0.40378205194190286,0.0,0.0,-0.1433284537932309,-3.7099999999999795,0.0,-3.4495464018513076,Final_Backtest_Forecast_MWH,days8plus_final_low_confidence+long_horizon_peak_month_correction+long_horizon_hot_month_correction,raw_bias,none,none,recent_mean+last24_mean+same_hour+hourgroup+global+solar_hourgroup+solar_loss_hourgroup,3.0,8,253.621961125,277.809623,56,236.32982358928572,269.356791,19.500396875000007,Peak,4,0,0,1,5.0,1.35,0.19,2.6,0.0,262.6398499561835,208.67996863811678,-2.595230024227817,2.595230024227817,0.9502078274484642,Spring,0.0,0.0,0.0,1.0,Some Clouds,1.0,None,0.40378205194192396,weighted_fallback,global+hour,275.9780416223765,0.0,276.12137007616974,none,170+,other,0.7,0.0,0.0,0.0,-0.14332845379323242,276.12137007616974,0.0,-3.71,67.03761938611106,13.077738068044312,0.31279620748715503,5.0,Medium-Low,,,,,,,,,,,,,,,,,,,,,,,,,,,,,,,,,,,,,,,,,,,,45,2026-04-12 23:00:00-07:00,2026-05-27 23:00:00-07:00,2026-06-05,0.0,2.595230024227817,2.595230024227817,0,1,151.044775,130.518141,262.2772331428572,,,,,,,,,,,,,,,,,-2.595230024227817,-2.99901207616972,-2.99901207616972,-2.99901207616972,-2.855683622376489,0.8543163776234906
2026-06-05 18:00:00-07:00,origin_19,2026-05-28 00:00:00-07:00,2026,5,211,9,Days8to16,Summer,6,18,274.913308,96.0,96.8,0.27,1.3805191287480456e-15,0.0,0.0,274.03695103277033,275.1188659667969,272.55039006022423,276.0638568656209,274.03695103277033,274.52029637382833,274.52029637382833,274.52029637382833,274.2998779154212,270.5898779154212,270.5898779154212,270.5898779154212,0,0.0,none,270.5898779154212,270.5898779154212,0.8763569672296398,-0.20555796679690275,2.362917939775741,-1.1505488656209195,4.323430084578774,4.323430084578774,4.323430084578774,4.323430084578774,4.323430084578774,0.0,0.48334534105799776,0.0,0.0,-0.22041845840715268,-3.7099999999999795,0.0,-3.4470731173491345,Final_Backtest_Forecast_MWH,days8plus_final_low_confidence+long_horizon_peak_month_correction+long_horizon_hot_month_correction,raw_bias,none,none,recent_mean+last24_mean+same_hour+hourgroup+global+solar_hourgroup+solar_loss_hourgroup,3.0,8,256.90235175,276.73857730000003,56,236.32982358928572,269.356791,18.010956249999992,Peak,4,0,0,1,5.0,1.35,0.2,4.8,0.0,262.0918909504547,212.54173832995326,0.8763569672296398,0.8763569672296398,0.31877575283828746,Spring,-0.0,0.0,0.0,1.0,Some Clouds,0.0,None,0.48334534105798344,weighted_fallback,global+hour,274.2998779154212,0.0,274.52029637382833,none,170+,other,0.7,0.0,0.0,0.0,-0.22041845840714727,274.52029637382833,0.0,-3.71,61.49521270281707,11.94506008231565,1.5726521629788741,5.0,Low,,,,,,,,,,,,,,,,,,,,,,,,,,,,,,,,,,,,,,,,,,,,45,2026-04-12 23:00:00-07:00,2026-05-27 23:00:00-07:00,2026-06-05,0.8763569672296398,0.0,-0.8763569672296398,1,0,163.731575,137.8902,265.06008442857143,,,,,,,,,,,,,,,,,0.8763569672296398,0.3930116261716421,0.3930116261716421,0.3930116261716421,0.6134300845787948,4.323430084578774
2026-06-05 19:00:00-07:00,origin_19,2026-05-28 00:00:00-07:00,2026,5,212,9,Days8to16,Summer,6,19,265.752475,93.7,96.8,0.23,0.0,0.0,0.0,262.4231377172635,261.47515869140625,261.7047018303155,263.82295954699816,262.4231377172635,263.0323021120929,263.0323021120929,263.0323021120929,262.8050967126944,271.09509671269444,259.09509671269444,271.09509671269444,1,12.0,june_long_95_100_evening_recovery_up,271.09509671269444,271.09509671269444,3.3293372827365033,4.277316308593754,4.04777316968449,1.9295154530018408,-5.342621712694438,6.657378287305562,-5.342621712694438,-5.342621712694438,5.342621712694438,0.0,0.6091643948294063,0.0,0.0,-0.2272053993984855,8.29000000000002,12.0,8.671958995430941,Final_Backtest_Forecast_MWH,days8plus_final_low_confidence+long_horizon_hot_month_correction,raw_bias,none,none,recent_mean+last24_mean+same_hour+hourgroup+global+solar_hourgroup+solar_loss_hourgroup,3.0,8,249.521006,270.0134279,56,236.32982358928572,269.356791,16.231469000000004,Peak,4,0,0,1,5.0,0.0,0.24,9.6,0.0,254.0448761658454,208.2712141893804,3.3293372827365033,3.3293372827365033,1.2527963409321035,Spring,0.0,0.0,0.0,1.0,Some Clouds,0.0,None,0.6091643948294122,weighted_fallback,global+hour,262.8050967126944,0.0,263.0323021120929,none,170+,other,1.0,0.0,0.0,0.0,-0.22720539939849987,263.0323021120929,0.0,-3.71,54.1519235278831,8.378261551418092,2.0103751480374505,5.0,None,,,,,,,,,,,,,,,,,,,,,,,,,,,,,,,,,,,,,,,,,,,,45,2026-04-12 23:00:00-07:00,2026-05-27 23:00:00-07:00,2026-06-05,3.3293372827365033,0.0,-3.3293372827365033,1,0,177.049733,145.590008,257.8711464285714,,,,,,,,,,,,,,,,,3.3293372827365033,2.720172887907097,2.720172887907097,2.720172887907097,2.9473782873055825,-5.342621712694438
2026-06-05 20:00:00-07:00,origin_19,2026-05-28 00:00:00-07:00,2026,5,213,9,Days8to16,Summer,6,20,248.061708,89.4,96.8,0.24,0.0,0.0,0.0,245.04781883166729,244.08895874023438,244.2562854536176,246.5656170232976,245.04781883166729,246.12114276038173,246.12114276038173,246.12114276038173,245.9777097765674,244.2677097765674,242.2677097765674,244.2677097765674,1,2.0,june_long_95_100_low_forecast_hot_extra_up,244.2677097765674,244.2677097765674,3.0138891683327245,3.972749259765635,3.8054225463824025,1.496090976702419,3.7939982234326237,5.793998223432624,3.7939982234326237,3.7939982234326237,3.7939982234326237,0.0,1.0733239287144443,0.0,0.0,-0.14343298381433556,-1.710000000000008,2.0,-0.7801090550998993,Final_Backtest_Forecast_MWH,days8plus_final_low_confidence+long_horizon_hot_month_correction,raw_bias,none,none,recent_mean+last24_mean+same_hour+hourgroup+global+solar_hourgroup+solar_loss_hourgroup,3.0,8,233.03915174999997,253.381823,56,236.32982358928572,269.356791,15.022556250000036,Peak,4,0,0,1,5.0,0.0,0.27,11.1,0.0,239.76408447449177,199.72099342109686,3.0138891683327245,3.0138891683327245,1.2149755770982291,Spring,0.0,0.0,0.0,1.0,Some Clouds,0.0,None,1.0733239287144547,weighted_fallback,global+hour,245.9777097765674,0.0,246.12114276038173,none,170+,other,1.0,0.0,0.0,0.0,-0.14343298381432687,246.12114276038173,0.0,-3.71,45.32682541057042,5.283734357175518,1.5294574297749428,5.0,None,,,,,,,,,,,,,,,,,,,,,,,,,,,,,,,,,,,,,,,,,,,,45,2026-04-12 23:00:00-07:00,2026-05-27 23:00:00-07:00,2026-06-05,3.0138891683327245,0.0,-3.0138891683327245,1,0,192.731983,158.646916,243.30186757142857,,,,,,,,,,,,,,,,,3.0138891683327245,1.9405652396182802,1.9405652396182802,1.9405652396182802,2.0839982234326158,3.7939982234326237
2026-06-10 14:00:00-07:00,origin_19,2026-05-28 00:00:00-07:00,2026,5,327,14,Days8to16,Summer,6,14,195.660733,94.7,98.2,0.63,20.755798044918272,0.0,0.0,209.14277030558418,210.7442169189453,207.33148394740488,211.53152126461987,206.5420656642396,206.76316064413243,206.71160089387982,206.71160089387982,206.50656621945805,204.38656621945805,204.38656621945805,204.38656621945805,0,0.0,none,204.38656621945805,204.38656621945805,-13.482037305584186,-15.08348391894532,-11.670750947404883,-15.870788264619875,-8.725833219458053,-8.725833219458053,-8.725833219458053,-8.725833219458053,8.725833219458053,-2.600704641344578,0.22109497989282545,-0.05155975025260773,0.0,-0.2050346744217677,-2.1200000000000045,0.0,-4.756204086126132,Final_Backtest_Forecast_MWH,days8plus_final_low_confidence+long_horizon_peak_month_correction,raw_bias+solar_cloud_midday,event_class_hour_loss+hour_cloud_loss+hour_base_loss+hour_loss+hour_cloud,none,recent_mean+last24_mean+same_hour+hourgroup+global+cloud_hourgroup+solar_hourgroup+solar_loss_hourgroup,3.0,7,213.0746852857143,236.854926,49,247.39968908163266,281.792576,-17.413952285714316,Midday,2,0,0,0,5.0,1.1525272440424363,0.15,9.1,0.0,175.07907563733656,182.1994092652144,-13.482037305584186,13.482037305584186,6.890517631651817,Spring,-1.0221022237702535,-1.5786024175743194,-2.600704641344573,3.0,Mostly Cloudy,5.0,None,0.22109497989281285,weighted_fallback,global+hour,206.50656621945805,0.0,206.76316064413243,none,170+,solar_loss_general,0.7,-0.05155975025262138,-0.05155975025262138,0.0,-0.20503467442176956,206.71160089387982,-2.12,0.0,26.94336104036978,34.06369466824762,4.459675217233318,5.0,High,,,,,,,,,,,,,,,,,,,,,,,,,,,,,,,,,,,,,,,,,,,,45,2026-04-12 23:00:00-07:00,2026-05-27 23:00:00-07:00,2026-06-10,0.0,13.482037305584186,13.482037305584186,0,1,115.556416,191.484675,168.17363671428572,,,,,,,,,,,,,,,,,-10.881332664239608,-11.102427644132433,-11.050867893879825,-11.050867893879825,-10.845833219458058,-8.725833219458053
2026-06-10 15:00:00-07:00,origin_19,2026-05-28 00:00:00-07:00,2026,5,328,14,Days8to16,Summer,6,15,217.473791,96.8,98.2,0.33,15.976202787477202,0.0,0.0,228.00437706748914,229.52789306640625,227.38715312217195,228.53901012472556,226.8260668454693,226.9149742719476,226.9149742719476,226.9149742719476,226.81278554590548,224.69278554590548,224.69278554590548,224.69278554590548,0,0.0,none,224.69278554590548,224.69278554590548,-10.53058606748914,-12.054102066406244,-9.913362122171947,-11.065219124725559,-7.218994545905474,-7.218994545905474,-7.218994545905474,-7.218994545905474,7.218994545905474,-1.1783102220198316,0.08890742647830052,0.0,0.0,-0.10218872604212947,-2.1200000000000045,0.0,-3.311591521583665,Final_Backtest_Forecast_MWH,days8plus_final_low_confidence+long_horizon_peak_month_correction,raw_bias,none,none,recent_mean+last24_mean+same_hour+hourgroup+global+solar_hourgroup+solar_loss_hourgroup,3.0,7,234.12113871428573,257.1663796,49,247.39968908163266,281.792576,-16.64734771428573,Midday,2,0,0,0,5.0,1.3306890630559727,0.14,9.0,0.0,190.5180535761835,199.0813795010808,-10.53058606748914,10.53058606748914,4.842232261214933,Spring,-1.1783102220198176,0.0,-1.1783102220198176,1.0,Some Clouds,4.0,None,0.08890742647829679,weighted_fallback,global+hour,226.81278554590548,0.0,226.9149742719476,none,170+,other,0.7,0.0,0.0,0.0,-0.10218872604212029,226.9149742719476,-2.12,0.0,28.922997566408355,37.486323491305654,3.319477953049282,5.0,Medium-High,,,,,,,,,,,,,,,,,,,,,,,,,,,,,,,,,,,,,,,,,,,,45,2026-04-12 23:00:00-07:00,2026-05-27 23:00:00-07:00,2026-06-10,0.0,10.53058606748914,10.53058606748914,0,1,110.0683,199.907133,182.10061757142856,,,,,,,,,,,,,,,,,-9.352275845469308,-9.441183271947608,-9.441183271947608,-9.441183271947608,-9.338994545905479,-7.218994545905474
2026-06-10 16:00:00-07:00,origin_19,2026-05-28 00:00:00-07:00,2026,5,329,14,Days8to16,Summer,6,16,236.995258,98.2,98.2,0.03,10.044348644011603,0.0,0.0,245.8838077704855,245.48617553710938,244.98006017152846,247.41759177838253,245.8838077704855,246.00053562392517,246.00053562392517,246.00053562392517,245.84138687813518,244.13138687813517,242.13138687813517,244.13138687813517,1,2.0,june_long_95_100_low_forecast_hot_extra_up,244.13138687813517,244.13138687813517,-8.888549770485497,-8.490917537109368,-7.984802171528457,-10.422333778382523,-7.1361288781351675,-5.1361288781351675,-7.1361288781351675,-7.1361288781351675,7.1361288781351675,0.0,0.11672785343967007,0.0,0.0,-0.1591487457899916,-1.710000000000008,2.0,-1.7524208923503295,Final_Backtest_Forecast_MWH,days8plus_final_low_confidence+long_horizon_peak_month_correction+long_horizon_hot_month_correction,raw_bias,none,none,recent_mean+last24_mean+same_hour+hourgroup+global+cloud_hourgroup+solar_hourgroup+solar_loss_hourgroup,3.0,7,253.26296257142857,277.145126,49,247.39968908163266,281.792576,-16.267704571428567,Peak,2,0,0,1,5.0,1.35,0.13,9.2,0.0,204.41337277655674,213.903747270525,-8.888549770485497,8.888549770485497,3.7505179831427244,Spring,-0.0,0.0,0.0,0.0,Clear/Low,3.0,None,0.11672785343968282,weighted_fallback,global+hour,245.84138687813518,0.0,246.00053562392517,none,170+,other,0.7,0.0,0.0,0.0,-0.1591487457900043,246.00053562392517,0.0,-3.71,31.9800604999605,41.47043499392876,3.0110850902068123,5.0,Medium-Low,,,,,,,,,,,,,,,,,,,,,,,,,,,,,,,,,,,,,,,,,,,,45,2026-04-12 23:00:00-07:00,2026-05-27 23:00:00-07:00,2026-06-10,0.0,8.888549770485497,8.888549770485497,0,1,109.933208,199.907133,184.85655685714283,,,,,,,,,,,,,,,,,-8.888549770485497,-9.005277623925167,-9.005277623925167,-9.005277623925167,-8.846128878135175,-7.1361288781351675
2026-06-10 17:00:00-07:00,origin_19,2026-05-28 00:00:00-07:00,2026,5,330,14,Days8to16,Summer,6,17,252.155283,96.3,98.2,0.0,4.276673249778995,0.0,0.0,254.27107091152084,253.8653564453125,252.98981168475532,256.4003966867833,254.27107091152084,254.67485296346277,254.67485296346277,254.67485296346277,254.4905845688432,250.78058456884318,250.78058456884318,250.78058456884318,0,0.0,none,250.78058456884318,250.78058456884318,-2.1157879115208402,-1.7100734453125028,-0.8345286847553268,-4.245113686783327,1.3746984311568156,1.3746984311568156,1.3746984311568156,1.3746984311568156,1.3746984311568156,0.0,0.4037820519419313,0.0,0.0,-0.1842683946195791,-3.710000000000008,0.0,-3.490486342677656,Final_Backtest_Forecast_MWH,days8plus_final_low_confidence+long_horizon_peak_month_correction+long_horizon_hot_month_correction,raw_bias,none,none,recent_mean+last24_mean+same_hour+hourgroup+global+cloud_hourgroup+solar_hourgroup+solar_loss_hourgroup,3.0,7,265.283983,289.457408,49,247.39968908163266,281.792576,-13.12869999999998,Peak,2,0,0,1,5.0,1.35,0.14,9.9,0.0,213.68443137588164,224.11754579176952,-2.1157879115208402,2.1157879115208402,0.8390813336720137,Spring,-0.0,0.0,0.0,0.0,Clear/Low,1.0,None,0.40378205194192396,weighted_fallback,global+hour,254.4905845688432,0.0,254.67485296346277,none,170+,other,0.7,0.0,0.0,0.0,-0.18426839461957198,254.67485296346277,0.0,-3.71,30.153525119751322,40.58663953563919,0.545179309670389,5.0,Medium-Low,,,,,,,,,,,,,,,,,,,,,,,,,,,,,,,,,,,,,,,,,,,,45,2026-04-12 23:00:00-07:00,2026-05-27 23:00:00-07:00,2026-06-10,0.0,2.1157879115208402,2.1157879115208402,0,1,111.175875,197.5873,193.94912471428572,,,,,,,,,,,,,,,,,-2.1157879115208402,-2.5195699634627715,-2.5195699634627715,-2.5195699634627715,-2.3353015688431924,1.3746984311568156
2026-06-10 18:00:00-07:00,origin_19,2026-05-28 00:00:00-07:00,2026,5,331,14,Days8to16,Summer,6,18,257.298966,95.3,98.2,0.0,1.4867129078825107e-15,0.0,0.0,255.86283647285998,255.35702514648438,255.53805001043645,256.5177327213471,255.86283647285998,256.34618181391795,256.34618181391795,256.34618181391795,256.08883851909144,252.37883851909143,252.37883851909143,252.37883851909143,0,0.0,none,252.37883851909143,252.37883851909143,1.4361295271400252,1.9419408535156322,1.760915989563557,0.7812332786529055,4.920127480908576,4.920127480908576,4.920127480908576,4.920127480908576,4.920127480908576,0.0,0.48334534105796934,0.0,0.0,-0.2573432948265122,-3.710000000000008,0.0,-3.483997953768551,Final_Backtest_Forecast_MWH,days8plus_final_low_confidence+long_horizon_peak_month_correction+long_horizon_hot_month_correction,raw_bias,none,none,recent_mean+last24_mean+same_hour+hourgroup+global+cloud_hourgroup+solar_hourgroup+solar_loss_hourgroup,3.0,7,267.2262448571429,289.572791,49,247.39968908163266,281.792576,-9.92727885714288,Peak,2,0,0,1,5.0,1.35,0.15,10.1,0.0,216.83758918532135,226.18912682164506,1.4361295271400252,1.4361295271400252,0.5581559652050934,Spring,-0.0,0.0,0.0,0.0,Clear/Low,0.0,None,0.48334534105798344,weighted_fallback,global+hour,256.08883851909144,0.0,256.34618181391795,none,170+,other,0.7,0.0,0.0,0.0,-0.2573432948265121,256.34618181391795,0.0,-3.71,29.67370965121492,39.02524728753863,1.9122220183770873,5.0,Low,,,,,,,,,,,,,,,,,,,,,,,,,,,,,,,,,,,,,,,,,,,,45,2026-04-12 23:00:00-07:00,2026-05-27 23:00:00-07:00,2026-06-10,1.4361295271400252,0.0,-1.4361295271400252,1,0,115.221058,193.079966,196.7209922857143,,,,,,,,,,,,,,,,,1.4361295271400252,0.9527841860820558,0.9527841860820558,0.9527841860820558,1.210127480908568,4.920127480908576
2026-06-10 19:00:00-07:00,origin_19,2026-05-28 00:00:00-07:00,2026,5,332,14,Days8to16,Summer,6,19,253.397125,93.7,98.2,0.0,0.0,0.0,0.0,249.74146856692744,248.9510955810547,250.60036085430528,248.6176015398687,249.74146856692744,250.35063296175684,250.35063296175684,250.35063296175684,250.08685621244894,258.37685621244896,246.37685621244893,258.37685621244896,1,12.0,june_long_95_100_evening_recovery_up,258.37685621244896,258.37685621244896,3.6556564330725507,4.446029418945301,2.796764145694709,4.779523460131287,-4.979731212448968,7.0202687875510605,-4.979731212448968,-4.979731212448968,4.979731212448968,0.0,0.6091643948294063,0.0,0.0,-0.2637767493079082,8.29000000000002,12.000000000000028,8.635387645521519,Final_Backtest_Forecast_MWH,days8plus_final_low_confidence+long_horizon_hot_month_correction,raw_bias,none,none,recent_mean+last24_mean+same_hour+hourgroup+global+cloud_hourgroup+solar_hourgroup+solar_loss_hourgroup,3.0,7,258.153507,280.4559464,49,247.39968908163266,281.792576,-4.756382000000002,Peak,2,0,0,1,5.0,0.0,0.17,9.2,0.0,207.86810054535383,218.89010312602497,3.6556564330725507,3.6556564330725507,1.4426590013886507,Spring,0.0,0.0,0.0,0.0,Clear/Low,0.0,None,0.6091643948294122,weighted_fallback,global+hour,250.08685621244894,0.0,250.35063296175684,none,170+,other,1.0,0.0,0.0,0.0,-0.2637767493078984,250.35063296175684,0.0,-3.71,30.85136544090247,41.87336802157361,1.9651885207651698,5.0,None,,,,,,,,,,,,,,,,,,,,,,,,,,,,,,,,,,,,,,,,,,,,45,2026-04-12 23:00:00-07:00,2026-05-27 23:00:00-07:00,2026-06-10,3.6556564330725507,0.0,-3.6556564330725507,1,0,123.525166,193.079966,193.8686507142857,,,,,,,,,,,,,,,,,3.6556564330725507,3.0464920382431444,3.0464920382431444,3.0464920382431444,3.3102687875510526,-4.979731212448968
2026-06-10 20:00:00-07:00,origin_19,2026-05-28 00:00:00-07:00,2026,5,333,14,Days8to16,Summer,6,20,242.21065,90.3,98.2,0.0,0.0,0.0,0.0,234.02133017001137,233.4036865234375,233.57390837789188,234.90089117093453,234.02133017001137,235.0946540987258,235.0946540987258,235.0946540987258,234.91028661835708,233.20028661835707,231.20028661835707,233.20028661835707,1,2.0,june_long_95_100_low_forecast_hot_extra_up,233.20028661835707,233.20028661835707,8.18931982998862,8.806963476562487,8.636741622108104,7.3097588290654585,9.010363381642918,11.010363381642918,9.010363381642918,9.010363381642918,9.010363381642918,0.0,1.0733239287144443,0.0,0.0,-0.18436748036873496,-1.710000000000008,2.0,-0.8210435516542987,Final_Backtest_Forecast_MWH,days8plus_final_low_confidence+long_horizon_hot_month_correction,raw_bias,none,none,recent_mean+last24_mean+same_hour+hourgroup+global+cloud_hourgroup+solar_hourgroup+solar_loss_hourgroup,3.0,7,240.67530214285713,262.3979832,49,247.39968908163266,281.792576,1.5353478571428525,Peak,2,0,0,1,5.0,0.0,0.21,6.6,0.0,198.07051444170648,208.47733463007876,8.18931982998862,8.18931982998862,3.381073387973906,Spring,0.0,0.0,0.0,0.0,Clear/Low,0.0,None,1.0733239287144547,weighted_fallback,global+hour,234.91028661835708,0.0,235.0946540987258,none,170+,other,1.0,0.0,0.0,0.0,-0.18436748036873443,235.0946540987258,0.0,-3.71,25.54399553993261,35.95081572830489,3.7200525169487464,5.0,None,,,,,,,,,,,,,,,,,,,,,,,,,,,,,,,,,,,,,,,,,,,,45,2026-04-12 23:00:00-07:00,2026-05-27 23:00:00-07:00,2026-06-10,8.18931982998862,0.0,-8.18931982998862,1,0,130.8272,183.008183,195.68338300000002,,,,,,,,,,,,,,,,,8.18931982998862,7.115995901274175,7.115995901274175,7.115995901274175,7.30036338164291,9.010363381642918
2026-06-11 14:00:00-07:00,origin_19,2026-05-28 00:00:00-07:00,2026,5,351,15,Days8to16,Summer,6,14,242.198091,96.7,100.1,0.0,20.776658143455876,0.0,0.0,244.35906606577078,243.13504028320312,244.58507310716317,244.35363379574483,244.26701139168276,244.48810637157558,244.48810637157558,244.48810637157558,244.26986303804335,242.14986303804335,242.14986303804335,242.14986303804335,0,0.0,none,242.14986303804335,242.14986303804335,-2.1609750657707707,-0.9369492832031199,-2.3869821071631634,-2.1555427957448217,0.04822796195665546,0.04822796195665546,0.04822796195665546,0.04822796195665546,0.04822796195665546,-0.09205467408801837,0.22109497989282545,0.0,0.0,-0.2182433335322287,-2.1200000000000045,0.0,-2.209203027727426,Final_Backtest_Forecast_MWH,days8plus_final_low_confidence+long_horizon_peak_month_correction,raw_bias,none,none,recent_mean+last24_mean+same_hour+hourgroup+global+cloud_hourgroup+solar_hourgroup+solar_loss_hourgroup,3.0,6,226.02657050000002,247.039808,42,257.9215899285714,286.7712877,16.171520499999986,Midday,3,0,0,0,6.0,1.1530600332870506,0.16,3.9,0.0,209.14277030558418,185.11604479656822,-2.1609750657707707,2.1609750657707707,0.8922345576087842,Spring,-0.09205467408800878,0.0,-0.09205467408800878,0.0,Clear/Low,5.0,None,0.22109497989281285,weighted_fallback,global+hour,244.26986303804335,0.0,244.48810637157558,none,170+,other,0.7,0.0,0.0,0.0,-0.21824333353223965,244.48810637157558,-2.12,0.0,59.24302126920256,35.2162957601866,0.01991261027596434,6.0,High,,,,,,,,,,,,,,,,,,,,,,,,,,,,,,,,,,,,,,,,,,,,45,2026-04-12 23:00:00-07:00,2026-05-27 23:00:00-07:00,2026-06-11,0.0,2.1609750657707707,2.1609750657707707,0,1,130.280758,123.90315,175.93771999999998,,,,,,,,,,,,,,,,,-2.0689203916827523,-2.2900153715755778,-2.2900153715755778,-2.2900153715755778,-2.071772038043349,0.04822796195665546
2026-06-11 15:00:00-07:00,origin_19,2026-05-28 00:00:00-07:00,2026,5,352,15,Days8to16,Summer,6,15,263.335733,98.9,100.1,0.0,16.07839598227983,0.0,0.0,263.473266249086,262.6191101074219,262.1026171092217,265.87118808077685,263.2996723686095,263.38857979508776,263.38857979508776,263.38857979508776,263.2550703781277,261.1350703781277,261.1350703781277,261.1350703781277,0,0.0,none,261.1350703781277,261.1350703781277,-0.13753324908600462,0.7166228925781297,1.233115890778322,-2.535455080776842,2.2006626218723113,2.2006626218723113,2.2006626218723113,2.2006626218723113,2.2006626218723113,-0.17359388047651692,0.0889074264782721,0.0,0.0,-0.13350941696006657,-2.1200000000000045,0.0,-2.338195870958316,Final_Backtest_Forecast_MWH,days8plus_final_low_confidence+long_horizon_peak_month_correction,raw_bias,none,none,recent_mean+last24_mean+same_hour+hourgroup+global+cloud_hourgroup+solar_hourgroup+solar_loss_hourgroup,3.0,6,246.6033065,267.7399375,42,257.9215899285714,286.7712877,16.732426500000003,Midday,3,0,0,0,6.0,1.3384748171617815,0.15,4.0,0.0,228.00437706748914,201.73928297873562,-0.13753324908600462,0.13753324908600462,0.052227340178708156,Spring,-0.17359388047654514,0.0,-0.17359388047654514,0.0,Clear/Low,4.0,None,0.08890742647829679,weighted_fallback,global+hour,263.2550703781277,0.0,263.38857979508776,none,170+,other,0.7,0.0,0.0,0.0,-0.13350941696004728,263.38857979508776,-2.12,0.0,61.73398327035039,35.468889181596865,0.8356870512033061,6.0,Medium-High,,,,,,,,,,,,,,,,,,,,,,,,,,,,,,,,,,,,,,,,,,,,45,2026-04-12 23:00:00-07:00,2026-05-27 23:00:00-07:00,2026-06-11,0.0,0.13753324908600462,0.13753324908600462,0,1,122.384008,133.677975,202.73446385714286,,,,,,,,,,,,,,,,,0.0360606313905123,-0.0528467950877598,-0.0528467950877598,-0.0528467950877598,0.08066262187230677,2.2006626218723113
2026-06-11 16:00:00-07:00,origin_19,2026-05-28 00:00:00-07:00,2026,5,353,15,Days8to16,Summer,6,16,281.60275,100.1,100.1,0.0,10.104566561541647,0.0,0.0,281.0334576474783,277.4974670410156,279.9093088265796,283.81026025359415,281.0334576474783,281.150185500918,281.150185500918,281.150185500918,281.0009992857233,278.79099928572333,277.29099928572333,278.79099928572333,1,1.5,june_long_hot_100_105_peak_finish_up,278.79099928572333,278.79099928572333,0.5692923525216997,4.1052829589843896,1.6934411734204105,-2.207510253594137,2.811750714276684,4.311750714276684,2.811750714276684,2.811750714276684,2.811750714276684,0.0,0.11672785343967007,0.0,0.0,-0.1491862151946748,-2.2099999999999795,1.5,-2.2424583617549843,Final_Backtest_Forecast_MWH,days8plus_final_low_confidence+long_horizon_peak_month_correction+long_horizon_hot_month_correction,raw_bias,none,none,recent_mean+last24_mean+same_hour+hourgroup+global+cloud_hourgroup+solar_loss_hourgroup,3.0,6,264.22042716666664,283.7433285,42,257.9215899285714,286.7712877,17.382322833333376,Peak,3,0,0,1,6.0,1.35,0.14,3.3,0.0,245.8838077704855,216.31632050774832,0.5692923525216997,0.5692923525216997,0.20216150322456003,Spring,0.0,0.0,0.0,0.0,Clear/Low,3.0,None,0.11672785343968282,weighted_fallback,global+hour,281.0009992857233,0.0,281.150185500918,none,170+,other,0.7,0.0,0.0,0.0,-0.1491862151946582,281.150185500918,0.0,-3.71,64.71713713973,35.14964987699281,0.9984812699011938,6.0,Medium-High,,,,,,,,,,,,,,,,,,,,,,,,,,,,,,,,,,,,,,,,,,,,45,2026-04-12 23:00:00-07:00,2026-05-27 23:00:00-07:00,2026-06-11,0.5692923525216997,0.0,-0.5692923525216997,1,0,119.573525,133.512866,216.40819028571428,,,,,,,,,,,,,,,,,0.5692923525216997,0.45256449908202967,0.45256449908202967,0.45256449908202967,0.6017507142767045,2.811750714276684
2026-06-11 17:00:00-07:00,origin_19,2026-05-28 00:00:00-07:00,2026,5,354,15,Days8to16,Summer,6,17,294.642141,99.2,100.1,0.0,4.301610120040098,0.0,0.0,288.92766915131836,289.72381591796875,289.3785235263428,287.9917132000942,288.92766915131836,289.33145120326026,289.33145120326026,289.33145120326026,289.1471828086407,286.9371828086407,285.4371828086407,286.9371828086407,1,1.5,june_long_hot_100_105_peak_finish_up,286.9371828086407,286.9371828086407,5.714471848681626,4.918325082031231,5.2636174736571775,6.650427799905799,7.704958191359253,9.204958191359253,7.704958191359253,7.704958191359253,7.704958191359253,0.0,0.40378205194190286,0.0,0.0,-0.1842683946195507,-2.2099999999999795,1.5,-1.9904863426776274,Final_Backtest_Forecast_MWH,days8plus_final_low_confidence+long_horizon_peak_month_correction+long_horizon_hot_month_correction,raw_bias,none,none,recent_mean+last24_mean+same_hour+hourgroup+global+cloud_hourgroup+solar_hourgroup+solar_loss_hourgroup,3.0,6,275.4988608333333,294.47982049999996,42,257.9215899285714,286.7712877,19.14328016666667,Peak,3,0,0,1,6.0,1.35,0.14,4.0,0.0,254.27107091152084,225.7651540325018,5.714471848681626,5.714471848681626,1.9394618262299508,Spring,0.0,0.0,0.0,0.0,Clear/Low,1.0,None,0.40378205194192396,weighted_fallback,global+hour,289.1471828086407,0.0,289.33145120326026,none,170+,other,0.7,0.0,0.0,0.0,-0.18426839461957198,289.33145120326026,0.0,-3.71,63.16251511881654,34.65659823979752,2.615022469361996,6.0,Medium-Low,,,,,,,,,,,,,,,,,,,,,,,,,,,,,,,,,,,,,,,,,,,,45,2026-04-12 23:00:00-07:00,2026-05-27 23:00:00-07:00,2026-06-11,5.714471848681626,0.0,-5.714471848681626,1,0,120.268916,133.512866,226.82119842857142,,,,,,,,,,,,,,,,,5.714471848681626,5.310689796739723,5.310689796739723,5.310689796739723,5.494958191359274,7.704958191359253
2026-06-11 18:00:00-07:00,origin_19,2026-05-28 00:00:00-07:00,2026,5,355,15,Days8to16,Summer,6,18,296.756358,98.7,100.1,0.0,1.5014620438734084e-15,0.0,0.0,289.9777129919569,289.4830017089844,289.3922599805834,291.0390566621072,289.9777129919569,290.4610583330149,290.4610583330149,290.4610583330149,290.20371503818836,287.9937150381884,286.4937150381884,287.9937150381884,1,1.5,june_long_hot_100_105_peak_finish_up,287.9937150381884,287.9937150381884,6.7786450080430996,7.273356291015602,7.364098019416588,5.7173013378927635,8.762642961811594,10.262642961811594,8.762642961811594,8.762642961811594,8.762642961811594,0.0,0.48334534105799776,0.0,0.0,-0.2573432948265122,-2.2099999999999795,1.5,-1.983997953768494,Final_Backtest_Forecast_MWH,days8plus_final_low_confidence+long_horizon_peak_month_correction+long_horizon_hot_month_correction,raw_bias,none,none,recent_mean+last24_mean+same_hour+hourgroup+global+cloud_hourgroup+solar_hourgroup+solar_loss_hourgroup,3.0,6,276.73095100000006,293.8857995,42,257.9215899285714,286.7712877,20.025406999999916,Peak,3,0,0,1,6.0,1.35,0.14,4.3,0.0,255.86283647285998,227.08636353064244,6.7786450080430996,6.7786450080430996,2.284245922725302,Spring,0.0,0.0,0.0,0.0,Clear/Low,0.0,None,0.48334534105798344,weighted_fallback,global+hour,290.20371503818836,0.0,290.4610583330149,none,170+,other,0.7,0.0,0.0,0.0,-0.2573432948265121,290.4610583330149,0.0,-3.71,62.891349461314434,34.114876519096896,2.9528071515864855,6.0,Low,,,,,,,,,,,,,,,,,,,,,,,,,,,,,,,,,,,,,,,,,,,,45,2026-04-12 23:00:00-07:00,2026-05-27 23:00:00-07:00,2026-06-11,6.7786450080430996,0.0,-6.7786450080430996,1,0,125.104508,137.621025,229.58848628571428,,,,,,,,,,,,,,,,,6.7786450080430996,6.295299666985102,6.295299666985102,6.295299666985102,6.552642961811614,8.762642961811594
2026-06-11 19:00:00-07:00,origin_19,2026-05-28 00:00:00-07:00,2026,5,356,15,Days8to16,Summer,6,19,291.356483,97.1,100.1,0.01,0.0,0.0,0.0,282.48975973215795,283.6415710449219,281.9977004411107,282.9339068144425,282.48975973215795,283.09892412698736,283.09892412698736,283.09892412698736,282.83514737767945,284.12514737767947,279.12514737767947,284.12514737767947,1,5.0,june_long_100_plus_evening_finish_up,284.12514737767947,284.12514737767947,8.866723267842076,7.714911955078151,9.358782558889345,8.422576185557546,7.231335622320557,12.231335622320557,7.231335622320557,7.231335622320557,7.231335622320557,0.0,0.6091643948294063,0.0,0.0,-0.2637767493079082,1.2900000000000205,5.0,1.6353876455215186,Final_Backtest_Forecast_MWH,days8plus_final_low_confidence+long_horizon_hot_month_correction,raw_bias,none,none,recent_mean+last24_mean+same_hour+hourgroup+global+cloud_hourgroup+solar_hourgroup+solar_loss_hourgroup,3.0,6,267.02531500000003,282.0004035,42,257.9215899285714,286.7712877,24.33116799999999,Peak,3,0,0,1,6.0,0.0,0.15,4.4,0.0,249.74146856692744,219.87944374001296,8.866723267842076,8.866723267842076,3.0432558687366074,Spring,0.0,0.0,0.0,0.0,Clear/Low,0.0,None,0.6091643948294122,weighted_fallback,global+hour,282.83514737767945,0.0,283.09892412698736,none,170+,other,1.0,0.0,0.0,0.0,-0.2637767493078984,283.09892412698736,0.0,-3.71,62.61031599214499,32.74829116523051,2.481954596603418,6.0,None,,,,,,,,,,,,,,,,,,,,,,,,,,,,,,,,,,,,,,,,,,,,45,2026-04-12 23:00:00-07:00,2026-05-27 23:00:00-07:00,2026-06-11,8.866723267842076,0.0,-8.866723267842076,1,0,133.555216,150.8826,225.98842814285717,,,,,,,,,,,,,,,,,8.866723267842076,8.25755887301267,8.25755887301267,8.25755887301267,8.521335622320578,7.231335622320557
2026-06-11 20:00:00-07:00,origin_19,2026-05-28 00:00:00-07:00,2026,5,357,15,Days8to16,Summer,6,20,274.337633,93.8,100.1,0.0,0.0,0.0,0.0,264.5916951502758,265.5306701660156,265.08104611994077,263.5544364791624,264.5916951502758,265.66501907899027,265.66501907899027,265.66501907899027,265.48065159862153,266.77065159862155,261.77065159862155,266.77065159862155,1,5.0,june_long_100_plus_evening_finish_up,266.77065159862155,266.77065159862155,9.745937849724157,8.806962833984358,9.256586880059217,10.783196520837578,7.566981401378428,12.566981401378428,7.566981401378428,7.566981401378428,7.566981401378428,0.0,1.0733239287144443,0.0,0.0,-0.18436748036873496,1.2900000000000205,5.0,2.1789564483457298,Final_Backtest_Forecast_MWH,days8plus_final_low_confidence+long_horizon_hot_month_correction,raw_bias,none,none,recent_mean+last24_mean+same_hour+hourgroup+global+cloud_hourgroup+solar_hourgroup+solar_loss_hourgroup,3.0,6,249.3456985,264.07086649999997,42,257.9215899285714,286.7712877,24.991934499999985,Peak,3,0,0,1,6.0,0.0,0.18,5.1,0.0,234.02133017001137,208.8364363794163,9.745937849724157,9.745937849724157,3.5525340592714665,Spring,0.0,0.0,0.0,0.0,Clear/Low,0.0,None,1.0733239287144547,weighted_fallback,global+hour,265.48065159862153,0.0,265.66501907899027,none,170+,other,1.0,0.0,0.0,0.0,-0.18436748036873443,265.66501907899027,0.0,-3.71,55.75525877085951,30.570364980264458,2.758273197384636,6.0,None,,,,,,,,,,,,,,,,,,,,,,,,,,,,,,,,,,,,,,,,,,,,45,2026-04-12 23:00:00-07:00,2026-05-27 23:00:00-07:00,2026-06-11,9.745937849724157,0.0,-9.745937849724157,1,0,141.938,150.8826,202.70205214285716,,,,,,,,,,,,,,,,,9.745937849724157,8.672613921009713,8.672613921009713,8.672613921009713,8.856981401378448,7.566981401378428
2026-06-12 14:00:00-07:00,origin_19,2026-05-28 00:00:00-07:00,2026,5,375,16,Days8to16,Summer,6,14,279.483975,99.4,102.5,0.0,20.58891725661742,0.0,0.0,265.6001110912498,265.4009704589844,264.23897377036207,267.795938490435,265.2398307473686,265.46092572726144,265.46092572726144,265.46092572726144,265.2426823937292,263.1226823937292,263.1226823937292,263.1226823937292,0,0.0,none,263.1226823937292,263.1226823937292,13.883863908750186,14.083004541015612,15.245001229637921,11.688036509564995,16.36129260627081,16.36129260627081,16.36129260627081,16.36129260627081,16.36129260627081,-0.3602803438811861,0.22109497989282545,0.0,0.0,-0.2182433335322571,-2.1200000000000045,0.0,-2.4774286975206223,Final_Backtest_Forecast_MWH,days8plus_final_low_confidence+long_horizon_peak_month_correction,raw_bias,none,none,recent_mean+last24_mean+same_hour+hourgroup+global+cloud_hourgroup+solar_hourgroup+solar_loss_hourgroup,3.0,3,241.70322733333333,247.9083632,21,270.0631841904762,293.555966,37.780747666666656,Midday,4,0,0,0,6.0,1.1420800000121758,0.19,2.2,0.0,244.35906606577078,189.46817398726736,13.883863908750186,13.883863908750186,4.967677988961688,Spring,-0.3602803438811905,0.0,-0.3602803438811905,0.0,Clear/Low,5.0,None,0.22109497989281285,weighted_fallback,global+hour,265.2426823937292,0.0,265.46092572726144,none,170+,other,0.7,0.0,0.0,0.0,-0.21824333353223965,265.46092572726144,-2.12,0.0,76.13193710398244,21.241045025479025,5.854107594637871,6.0,High,,,,,,,,,,,,,,,,,,,,,,,,,,,,,,,,,,,,,,,,,,,,45,2026-04-12 23:00:00-07:00,2026-05-27 23:00:00-07:00,2026-06-12,13.883863908750186,0.0,-13.883863908750186,1,0,144.691683,109.280333,211.78864614285712,,,,,,,,,,,,,,,,,14.244144252631372,14.023049272738547,14.023049272738547,14.023049272738547,14.241292606270804,16.36129260627081
2026-06-12 15:00:00-07:00,origin_19,2026-05-28 00:00:00-07:00,2026,5,376,16,Days8to16,Summer,6,15,298.849225,101.3,102.5,0.0,15.94213838920966,0.0,0.0,285.3182974706442,284.7551574707031,284.42684366799585,286.8800505890747,284.9420019300805,285.03090935655877,285.03090935655877,285.03090935655877,284.8973999395987,290.7773999395987,282.7773999395987,290.7773999395987,1,8.0,june_long_hot_100_105_peak_ramp_up,290.7773999395987,290.7773999395987,13.530927529355779,14.094067529296865,14.422381332004136,11.96917441092529,8.071825060401295,16.071825060401295,8.071825060401295,8.071825060401295,8.071825060401295,-0.37629554056371717,0.0889074264782721,0.0,0.0,-0.13350941696006657,5.8799999999999955,8.0,5.459102468954484,Final_Backtest_Forecast_MWH,days8plus_final_low_confidence+long_horizon_peak_month_correction,raw_bias,none,none,recent_mean+last24_mean+same_hour+hourgroup+global+cloud_hourgroup+solar_hourgroup+solar_loss_hourgroup,3.0,3,262.03539700000005,268.198015,21,270.0631841904762,293.555966,36.813827999999944,Midday,4,0,0,0,6.0,1.3264804446594263,0.17,2.5,0.0,263.473266249086,205.7151708038039,13.530927529355779,13.530927529355779,4.527676967994741,Spring,-0.3762955405637008,0.0,-0.3762955405637008,0.0,Clear/Low,4.0,None,0.08890742647829679,weighted_fallback,global+hour,284.8973999395987,0.0,285.03090935655877,none,170+,other,0.7,0.0,0.0,0.0,-0.13350941696004728,285.03090935655877,-2.12,0.0,79.60312666684032,21.8450312215582,2.7009690456454405,6.0,Medium-High,,,,,,,,,,,,,,,,,,,,,,,,,,,,,,,,,,,,,,,,,,,,45,2026-04-12 23:00:00-07:00,2026-05-27 23:00:00-07:00,2026-06-12,13.530927529355779,0.0,-13.530927529355779,1,0,135.705066,105.005766,214.62544357142858,,,,,,,,,,,,,,,,,13.907223069919496,13.818315643441224,13.818315643441224,13.818315643441224,13.95182506040129,8.071825060401295
2026-06-12 16:00:00-07:00,origin_19,2026-05-28 00:00:00-07:00,2026,5,377,16,Days8to16,Summer,6,16,313.48435,102.5,102.5,0.0,10.032305060505593,0.0,0.0,305.5271582263906,301.1701965332031,306.03789921286807,305.9694114456938,305.5271582263906,305.6438860798303,305.6438860798303,305.6438860798303,305.4847373340403,303.2747373340403,301.7747373340403,303.2747373340403,1,1.5,june_long_hot_100_105_peak_finish_up,303.2747373340403,303.2747373340403,7.957191773609395,12.314153466796881,7.446450787131937,7.514938554306184,10.209612665959696,11.709612665959696,10.209612665959696,10.209612665959696,10.209612665959696,0.0,0.11672785343967007,0.0,0.0,-0.1591487457899916,-2.2099999999999795,1.5,-2.252420892350301,Final_Backtest_Forecast_MWH,days8plus_final_low_confidence+long_horizon_peak_month_correction+long_horizon_hot_month_correction,raw_bias,none,none,recent_mean+last24_mean+same_hour+hourgroup+global+cloud_hourgroup+solar_hourgroup+solar_loss_hourgroup,3.0,3,277.80048000000005,284.50046100000003,21,270.0631841904762,293.555966,35.683869999999956,Peak,4,0,0,1,6.0,1.35,0.16,4.0,0.0,281.0334576474783,220.29485651761934,7.957191773609395,7.957191773609395,2.53830590701239,Spring,-0.0,0.0,0.0,0.0,Clear/Low,3.0,None,0.11672785343968282,weighted_fallback,global+hour,305.4847373340403,0.0,305.6438860798303,none,170+,other,0.7,0.0,0.0,0.0,-0.1591487457900043,305.6438860798303,0.0,-3.71,85.23230170877127,24.493700578912296,3.256817339034531,6.0,Medium-Low,,,,,,,,,,,,,,,,,,,,,,,,,,,,,,,,,,,,,,,,,,,,45,2026-04-12 23:00:00-07:00,2026-05-27 23:00:00-07:00,2026-06-12,7.957191773609395,0.0,-7.957191773609395,1,0,133.3827,105.06665,230.42158314285714,,,,,,,,,,,,,,,,,7.957191773609395,7.840463920169725,7.840463920169725,7.840463920169725,7.999612665959717,10.209612665959696
2026-06-12 17:00:00-07:00,origin_19,2026-05-28 00:00:00-07:00,2026,5,378,16,Days8to16,Summer,6,17,315.708558,101.6,102.5,0.0,4.276673249778995,0.0,0.0,314.2070483914058,312.6409606933594,313.32103683112865,316.04680589985446,314.2070483914058,314.6108304433477,314.6108304433477,314.6108304433477,314.42656204872816,312.2165620487282,310.7165620487282,312.2165620487282,1,1.5,june_long_hot_100_105_peak_finish_up,312.2165620487282,312.2165620487282,1.5015096085941764,3.0675973066406073,2.3875211688713307,-0.3382478998544798,3.4919959512718037,4.991995951271804,3.4919959512718037,3.4919959512718037,3.4919959512718037,0.0,0.40378205194190286,0.0,0.0,-0.1842683946195507,-2.2099999999999795,1.5,-1.9904863426776274,Final_Backtest_Forecast_MWH,days8plus_final_low_confidence+long_horizon_peak_month_correction+long_horizon_hot_month_correction,raw_bias,none,none,recent_mean+last24_mean+same_hour+hourgroup+global+cloud_hourgroup+solar_hourgroup+solar_loss_hourgroup,3.0,3,287.830633,295.066913,21,270.0631841904762,293.555966,27.877925000000005,Peak,4,0,0,1,6.0,1.35,0.16,4.7,0.0,288.92766915131836,229.5205567746639,1.5015096085941764,1.5015096085941764,0.47559990711248834,Spring,-0.0,0.0,0.0,0.0,Clear/Low,1.0,None,0.40378205194192396,weighted_fallback,global+hour,314.42656204872816,0.0,314.6108304433477,none,170+,other,0.7,0.0,0.0,0.0,-0.18426839461957198,314.6108304433477,0.0,-3.71,84.6864916167419,25.27937924008745,1.106082132645832,6.0,Medium-Low,,,,,,,,,,,,,,,,,,,,,,,,,,,,,,,,,,,,,,,,,,,,45,2026-04-12 23:00:00-07:00,2026-05-27 23:00:00-07:00,2026-06-12,1.5015096085941764,0.0,-1.5015096085941764,1,0,132.635358,108.129583,242.3588127142857,,,,,,,,,,,,,,,,,1.5015096085941764,1.0977275566522735,1.0977275566522735,1.0977275566522735,1.2819959512718242,3.4919959512718037
2026-06-12 18:00:00-07:00,origin_19,2026-05-28 00:00:00-07:00,2026,5,379,16,Days8to16,Summer,6,18,315.363391,100.6,102.5,0.0,1.4926125622788698e-15,0.0,0.0,309.2061185182257,310.9324951171875,306.4172742826375,313.0953375744466,309.2061185182257,309.6894638592837,309.6894638592837,309.9126944026233,309.6553511077968,307.4453511077968,305.9453511077968,307.4453511077968,1,1.5,june_long_hot_100_105_peak_finish_up,307.4453511077968,307.4453511077968,6.157272481774271,4.430895882812479,8.946116717362486,2.2680534255533757,7.918039892203183,9.418039892203183,7.918039892203183,7.918039892203183,7.918039892203183,0.0,0.48334534105799776,0.0,0.22323054333958225,-0.2573432948265122,-2.2099999999999795,1.5,-1.7607674104289117,Final_Backtest_Forecast_MWH,days8plus_final_low_confidence+long_horizon_peak_month_correction+long_horizon_hot_month_correction,raw_bias,none,tree_peak_gap,recent_mean+last24_mean+same_hour+hourgroup+global+cloud_hourgroup+solar_hourgroup+solar_loss_hourgroup,3.0,3,286.7159496666667,294.08369960000005,21,270.0631841904762,293.555966,28.64744133333329,Peak,4,0,0,1,6.0,1.35,0.15,3.6,0.0,289.9777129919569,231.07005239371418,6.157272481774271,6.157272481774271,1.952437301695006,Spring,0.0,0.0,0.0,0.0,Clear/Low,0.0,None,0.48334534105798344,weighted_fallback,global+hour,309.6553511077968,0.0,309.6894638592837,none,170+,other,0.7,0.0,0.0,0.22323054333959363,-0.2573432948265121,309.9126944026233,0.0,-3.71,78.13606612451153,19.22840552626883,2.5107669812578797,6.0,Low,,,,,,,,,,,,,,,,,,,,,,,,,,,,,,,,,,,,,,,,,,,,45,2026-04-12 23:00:00-07:00,2026-05-27 23:00:00-07:00,2026-06-12,6.157272481774271,0.0,-6.157272481774271,1,0,137.557708,112.186658,265.1862887142857,,,,,,,,,,,,,,,,,6.157272481774271,5.673927140716273,5.673927140716273,5.450696597376691,5.708039892203203,7.918039892203183
2026-06-12 19:00:00-07:00,origin_19,2026-05-28 00:00:00-07:00,2026,5,380,16,Days8to16,Summer,6,19,309.084325,99.4,102.5,0.01,0.0,0.0,0.0,297.8766962139637,295.4849853515625,297.2213131889408,299.58992978540005,297.8766962139637,298.48586060879313,298.48586060879313,298.48586060879313,298.2220838594852,299.51208385948524,294.51208385948524,299.51208385948524,1,5.0,june_long_100_plus_evening_finish_up,299.51208385948524,299.51208385948524,11.207628786036253,13.599339648437478,11.863011811059152,9.494395214599933,9.572241140514734,14.572241140514734,9.572241140514734,9.572241140514734,9.572241140514734,0.0,0.6091643948294063,0.0,0.0,-0.2637767493079082,1.2900000000000205,5.0,1.6353876455215186,Final_Backtest_Forecast_MWH,days8plus_final_low_confidence+long_horizon_hot_month_correction,raw_bias,none,none,recent_mean+last24_mean+same_hour+hourgroup+global+cloud_hourgroup+solar_hourgroup+solar_loss_hourgroup,3.0,3,276.1403746666667,282.4291728,21,270.0631841904762,293.555966,32.943950333333305,Peak,4,0,0,1,6.0,0.0,0.16,2.9,0.0,282.48975973215795,223.9429985352005,11.207628786036253,11.207628786036253,3.6260747891489657,Spring,0.0,0.0,0.0,0.0,Clear/Low,0.0,None,0.6091643948294122,weighted_fallback,global+hour,298.2220838594852,0.0,298.48586060879313,none,170+,other,1.0,0.0,0.0,0.0,-0.2637767493078984,298.48586060879313,0.0,-3.71,73.93369767876322,15.386936481805776,3.096967515423092,6.0,None,,,,,,,,,,,,,,,,,,,,,,,,,,,,,,,,,,,,,,,,,,,,45,2026-04-12 23:00:00-07:00,2026-05-27 23:00:00-07:00,2026-06-12,11.207628786036253,0.0,-11.207628786036253,1,0,149.097608,117.570033,242.16254128571427,,,,,,,,,,,,,,,,,11.207628786036253,10.598464391206846,10.598464391206846,10.598464391206846,10.862241140514755,9.572241140514734
2026-06-12 20:00:00-07:00,origin_19,2026-05-28 00:00:00-07:00,2026,5,381,16,Days8to16,Summer,6,20,291.196891,96.4,102.5,0.0,0.0,0.0,0.0,280.5261601865833,279.90814208984375,281.0869784367748,279.8214509639222,280.5261601865833,281.59948411529774,281.59948411529774,281.59948411529774,281.415116634929,282.705116634929,277.705116634929,282.705116634929,1,5.0,june_long_100_plus_evening_finish_up,282.705116634929,282.705116634929,10.670730813416696,11.288748910156244,10.10991256322518,11.375440036077805,8.491774365070967,13.491774365070967,8.491774365070967,8.491774365070967,8.491774365070967,0.0,1.0733239287144443,0.0,0.0,-0.18436748036873496,1.2900000000000205,5.0,2.1789564483457298,Final_Backtest_Forecast_MWH,days8plus_final_low_confidence+long_horizon_hot_month_correction,raw_bias,none,none,recent_mean+last24_mean+same_hour+hourgroup+global+cloud_hourgroup+solar_hourgroup+solar_loss_hourgroup,3.0,3,258.2162276666667,263.73342,21,270.0631841904762,293.555966,32.98066333333327,Peak,4,0,0,1,6.0,0.0,0.23,0.8,0.0,264.5916951502758,212.38323790452833,10.670730813416696,10.670730813416696,3.6644384412114817,Spring,0.0,0.0,0.0,0.0,Clear/Low,0.0,None,1.0733239287144547,weighted_fallback,global+hour,281.415116634929,0.0,281.59948411529774,none,170+,other,1.0,0.0,0.0,0.0,-0.18436748036873443,281.59948411529774,0.0,-3.71,68.14292228205497,15.934465036307472,2.916162441126807,6.0,None,,,,,,,,,,,,,,,,,,,,,,,,,,,,,,,,,,,,,,,,,,,,45,2026-04-12 23:00:00-07:00,2026-05-27 23:00:00-07:00,2026-06-12,10.670730813416696,0.0,-10.670730813416696,1,0,163.051466,121.940783,247.41064614285713,,,,,,,,,,,,,,,,,10.670730813416696,9.597406884702252,9.597406884702252,9.597406884702252,9.781774365070987,8.491774365070967
2026-06-01 14:00:00-07:00,origin_20,2026-05-29 00:00:00-07:00,2026,5,87,4,Days2to7,Summer,6,14,190.248075,90.5,92.5,0.0,20.98525912883194,0.0,0.0,188.8634126256639,188.7378692626953,188.6196807596806,189.2822893759144,189.27107469272752,189.61932375050262,189.61932375050262,189.61932375050262,189.61932375050262,189.61932375050262,189.61932375050262,189.61932375050262,0,0.0,none,189.61932375050262,189.61932375050262,1.3846623743361022,1.5102057373046875,1.628394240319409,0.965785624085612,0.6287512494973839,0.6287512494973839,0.6287512494973839,0.6287512494973839,0.6287512494973839,0.40766206706362595,0.3482490577750923,0.0,0.0,0.0,0.0,0.0,0.7559111248387183,Recent_Corrected_Forecast_MWH,days4to7_recent_corrected,raw_bias,none,none,recent_mean+last24_mean+same_hour+hourgroup+global+temp_hourgroup+cloud_hourgroup+solar_hourgroup+solar_loss_hourgroup+temp_cloud_hourgroup,3.0,9,179.8123701111111,193.4245896,63,213.56628803174604,240.531745,10.435704888888893,Midday,0,0,0,0,4.0,1.173665330972151,0.2,2.8,0.0,143.5632256348139,123.6457840685595,1.3846623743361022,1.3846623743361022,0.7278193875738833,Spring,0.40766206706362795,0.0,0.40766206706362795,0.0,Clear/Low,5.0,None,0.3482490577751033,weighted_fallback,global+hour+temp_cloud_hourgroup,189.61932375050262,0.0,189.61932375050262,none,170+,other,0.7,0.0,0.0,0.0,-0.0,189.61932375050262,0.0,0.0,65.2176285571044,45.300186990849994,0.33049020311894556,4.0,High,196.44253839314018,197.15672302246094,196.2755462665549,196.50090184082546,-6.1944633931401825,196.73395520222144,-6.485880202221438,6.485880202221438,3.409169949404974,92.0,94.2,0.0,21.08955962151997,0.0,0.0,4.0,0.0,none,0.0,0.0,0.0,,,0.0,196.73395520222144,196.73395520222144,0.0,0.0,none,71.68004021114618,49.48452603096081,213.31224366547414,214.73395520222144,183.7327286520255,194.78613886193003,195.77169932937514,196.30942237266922,1.0,183.7327286520255,214.73395520222144,31.001226550195952,15.500613275097976,18.0,45,2026-04-13 23:00:00-07:00,2026-05-28 23:00:00-07:00,2026-06-01,1.3846623743361022,0.0,-1.3846623743361022,1,0,113.168525,97.388516,144.93352457142856,1.5,1.7000000000000028,0.0,0.10430049268802932,0.0,0.0,7.114631451718822,-7.114631451718822,5.857128952724054,3.078679746286029,days4to7,0-2F,0-20pp,0-1.25MW,normal,low_weather_error,0.9770003072724762,0.6287512494973839,0.6287512494973839,0.6287512494973839,0.6287512494973839,0.6287512494973839
2026-06-01 15:00:00-07:00,origin_20,2026-05-29 00:00:00-07:00,2026,5,88,4,Days2to7,Summer,6,15,208.996966,91.9,92.5,0.0,16.231685774483765,0.0,0.0,205.67949321563367,204.27984619140625,205.5309004361236,206.31289530464306,206.13028983968633,206.35929100316446,206.35929100316446,206.35929100316446,206.35929100316446,206.35929100316446,206.35929100316446,206.35929100316446,0,0.0,none,206.35929100316446,206.35929100316446,3.3174727843663163,4.717119808593736,3.466065563876384,2.6840706953569224,2.6376749968355284,2.6376749968355284,2.6376749968355284,2.6376749968355284,2.6376749968355284,0.4507966240526571,0.22900116347813082,0.0,0.0,0.0,0.0,0.0,0.6797977875307879,Recent_Corrected_Forecast_MWH,days4to7_recent_corrected,raw_bias,none,none,recent_mean+last24_mean+same_hour+hourgroup+global+temp_hourgroup+cloud_hourgroup+solar_hourgroup+solar_loss_hourgroup+temp_cloud_hourgroup,3.0,9,200.45681433333334,209.563091,63,213.56628803174604,240.531745,8.540151666666645,Midday,0,0,0,0,4.0,1.35,0.18,3.1,0.0,157.92730478387074,133.7592157697552,3.3174727843663163,3.3174727843663163,1.587330595204103,Spring,0.4507966240526566,0.0,0.4507966240526566,0.0,Clear/Low,4.0,None,0.22900116347812105,weighted_fallback,global+hour+temp_cloud_hourgroup,206.35929100316446,0.0,206.35929100316446,none,170+,other,0.7,0.0,0.0,0.0,-0.0,206.35929100316446,0.0,0.0,71.92027744587847,47.75218843176293,1.262063774091117,4.0,Medium-High,215.01790659331795,213.35247802734375,215.18474987063053,215.23156103353364,-6.02094059331796,215.54576224688054,-6.548796246880556,6.548796246880556,3.1334408208014644,93.3,94.2,0.06,16.29981457101885,0.0,0.0,4.0,0.0,none,0.0,0.0,0.0,,,0.0,215.54576224688054,215.54576224688054,0.0,0.0,none,79.97302017186846,53.07980307145658,233.54576224688054,233.54576224688054,201.6425534572119,210.7167949371615,210.35099709348992,215.19629487604158,1.0,201.6425534572119,233.54576224688054,31.90320878966864,15.95160439483432,18.0,45,2026-04-13 23:00:00-07:00,2026-05-28 23:00:00-07:00,2026-06-01,3.3174727843663163,0.0,-3.3174727843663163,1,0,121.463241,99.629608,146.974119,1.3999999999999915,1.7000000000000028,0.06,0.06812879653508475,0.0,0.0,9.186471243716085,-9.186471243716085,3.911121250045028,1.8713770467103472,days4to7,0-2F,0-20pp,0-1.25MW,normal,low_weather_error,2.8666761603136592,2.6376749968355284,2.6376749968355284,2.6376749968355284,2.6376749968355284,2.6376749968355284
2026-06-01 16:00:00-07:00,origin_20,2026-05-29 00:00:00-07:00,2026,5,89,4,Days2to7,Summer,6,16,225.060525,92.5,92.5,0.0,10.152740895565683,0.0,0.0,221.20966606336532,220.21212768554688,223.1492842018863,218.44670566792337,221.20966606336532,221.574066228982,221.574066228982,221.574066228982,221.574066228982,221.574066228982,221.574066228982,221.574066228982,0,0.0,none,221.574066228982,221.574066228982,3.850858936634694,4.848397314453138,1.9112407981137096,6.613819332076645,3.4864587710180217,3.4864587710180217,3.4864587710180217,3.4864587710180217,3.4864587710180217,0.0,0.3644001656166722,0.0,0.0,0.0,0.0,0.0,0.3644001656166722,Recent_Corrected_Forecast_MWH,days4to7_recent_corrected,raw_bias,none,none,recent_mean+last24_mean+same_hour+hourgroup+global+cloud_hourgroup+solar_loss_hourgroup,3.0,9,217.94929611111112,231.14446999999998,63,213.56628803174604,240.531745,7.111228888888888,Peak,0,0,0,1,4.0,1.35,0.16,2.9,0.0,172.9732628758668,143.4264442053191,3.850858936634694,3.850858936634694,1.7110325929590244,Spring,0.0,0.0,0.0,0.0,Clear/Low,3.0,None,0.364400165616675,weighted_fallback,global+hour+temp_cloud_hourgroup,221.574066228982,0.0,221.574066228982,none,170+,other,0.7,0.0,0.0,0.0,-0.0,221.574066228982,0.0,0.0,77.78322185804623,48.236403187498524,1.5491205181441843,4.0,Medium-High,231.97735792740272,232.36349487304688,231.70549907742821,232.29423985003575,-6.916832927402709,233.42293835181016,-8.362413351810147,8.362413351810147,3.7156286522526094,94.2,94.2,0.05,10.237045980107748,0.0,0.0,4.0,1.0811802587907664,weather_uncertainty_peak_hedge,0.6085373615842161,0.47264289720655034,18.024517266351495,2.957788,0.35,1.0,233.42293835181016,233.42293835181016,0.0,0.0,none,87.3138514665118,55.07227783190095,250.3662753593709,254.3417580930194,216.70211990461027,226.44101582980102,221.83650114478363,231.9367082821312,1.0,216.70211990461027,254.3417580930194,37.63963818840912,18.81981909420456,22.0,45,2026-04-13 23:00:00-07:00,2026-05-28 23:00:00-07:00,2026-06-01,3.850858936634694,0.0,-3.850858936634694,1,0,127.706541,104.251466,172.9253747142857,1.7000000000000028,1.7000000000000028,0.05,0.08430508454206453,0.0,0.0,11.848872122828169,-11.848872122828169,4.875954580792126,2.166508134108425,days4to7,0-2F,0-20pp,0-1.25MW,hot_peak,low_weather_error,3.850858936634694,3.4864587710180217,3.4864587710180217,3.4864587710180217,3.4864587710180217,3.4864587710180217
2026-06-01 17:00:00-07:00,origin_20,2026-05-29 00:00:00-07:00,2026,5,90,4,Days2to7,Summer,6,17,237.518291,92.4,92.5,0.0,4.289141684909547,0.0,0.0,235.39623149690908,234.93389892578125,236.6337694515576,233.58362401706927,235.39623149690908,236.00081652723122,236.00081652723122,236.00081652723122,236.00081652723122,236.00081652723122,236.00081652723122,236.00081652723122,0,0.0,none,236.00081652723122,236.00081652723122,2.1220595030909237,2.584392074218755,0.8845215484423932,3.934666982930736,1.5174744727687823,1.5174744727687823,1.5174744727687823,1.5174744727687823,1.5174744727687823,0.0,0.6045850303221414,0.0,0.0,0.0,0.0,0.0,0.6045850303221414,Recent_Corrected_Forecast_MWH,days4to7_recent_corrected,raw_bias,none,none,recent_mean+last24_mean+same_hour+hourgroup+global+cloud_hourgroup+solar_hourgroup+solar_loss_hourgroup,3.0,9,230.0675838888889,245.80907820000002,63,213.56628803174604,240.531745,7.4507071111111145,Peak,0,0,0,1,4.0,1.35,0.15,3.8,0.0,185.63244574342406,149.56569346048883,2.1220595030909237,2.1220595030909237,0.8934299308725339,Spring,0.0,0.0,0.0,0.0,Clear/Low,1.0,None,0.6045850303221348,weighted_fallback,global+hour+temp_cloud_hourgroup,236.00081652723122,0.0,236.00081652723122,none,170+,other,0.7,0.0,0.0,0.0,-0.0,236.00081652723122,0.0,0.0,85.83053803642025,49.763785753485024,0.6388874163669283,4.0,Medium-Low,244.21947976647903,243.97384643554688,244.7899409410418,243.39322172957532,-6.701188766479021,245.87523068253392,-8.35693968253392,8.35693968253392,3.518440473510278,94.2,94.2,0.0,4.33901542543175,0.0,0.0,4.0,1.0511658857327686,weather_uncertainty_peak_hedge,0.6268776877474314,0.4242881979853372,16.18048212655947,2.957788,0.35,1.0,245.87523068253392,245.87523068253392,0.0,0.0,none,92.94759567572834,53.882839862432974,261.00454692336064,266.82406479680117,231.1003381240822,237.6080127907348,230.30919636797512,245.02809301341503,1.0,230.30919636797512,266.82406479680117,36.51486842882605,18.257434214413024,22.0,45,2026-04-13 23:00:00-07:00,2026-05-28 23:00:00-07:00,2026-06-01,2.1220595030909237,0.0,-2.1220595030909237,1,0,134.152408,107.817666,173.1565422857143,1.7999999999999972,1.7000000000000028,0.0,0.04987374052220339,0.0,0.0,9.874414155302702,-9.874414155302702,6.839465209765137,2.879553057143349,days4to7,0-2F,0-20pp,0-1.25MW,hot_peak,low_weather_error,2.1220595030909237,1.5174744727687823,1.5174744727687823,1.5174744727687823,1.5174744727687823,1.5174744727687823
2026-06-01 18:00:00-07:00,origin_20,2026-05-29 00:00:00-07:00,2026,5,91,4,Days2to7,Summer,6,18,241.827958,91.6,92.5,0.0,1.4808132534861512e-15,0.0,0.0,238.73330631613956,237.12014770507812,238.0838034972158,240.21485606332305,238.73330631613956,239.38829420264446,239.38829420264446,239.38829420264446,239.38829420264446,239.38829420264446,239.38829420264446,239.38829420264446,0,0.0,none,239.38829420264446,239.38829420264446,3.094651683860434,4.70781029492187,3.7441545027841983,1.6131019366769408,2.4396637973555357,2.4396637973555357,2.4396637973555357,2.4396637973555357,2.4396637973555357,0.0,0.6549878865048981,0.0,0.0,0.0,0.0,0.0,0.6549878865048981,Recent_Corrected_Forecast_MWH,days4to7_recent_corrected,raw_bias,none,none,recent_mean+last24_mean+same_hour+hourgroup+global+cloud_hourgroup+solar_hourgroup+solar_loss_hourgroup,3.0,9,232.13308311111112,250.67742320000002,63,213.56628803174604,240.531745,9.694874888888876,Peak,0,0,0,1,4.0,1.35,0.15,4.3,0.0,190.82262023319475,151.4718646942274,3.094651683860434,3.094651683860434,1.2796914424015582,Spring,0.0,0.0,0.0,0.0,Clear/Low,0.0,None,0.6549878865048966,weighted_fallback,global+hour+temp_cloud_hourgroup,239.38829420264446,0.0,239.38829420264446,none,170+,other,0.7,0.0,0.0,0.0,-0.0,239.38829420264446,0.0,0.0,87.26144162191216,47.91068608294481,1.0088427399099718,4.0,Low,248.63773257203295,247.27508544921875,248.29910539601084,249.55918874087172,-6.80977457203295,249.78913885154302,-7.96118085154302,7.96118085154302,3.2920845535746617,93.3,94.2,0.06,1.4955623894770495e-15,0.0,0.0,4.0,0.4964183930051818,weather_uncertainty_peak_hedge,0.08680235920886943,0.4096160337963124,15.620950441384792,2.957788,0.35,1.0,249.78913885154302,249.78913885154302,0.0,0.0,none,94.8811428787105,50.58382945393586,264.91367089992264,271.2927204585378,234.0119514808751,240.138179163562,228.85214717938152,249.16985208870443,1.0,228.85214717938152,271.2927204585378,42.4405732791563,21.22028663957815,21.99999999999997,45,2026-04-13 23:00:00-07:00,2026-05-28 23:00:00-07:00,2026-06-01,3.094651683860434,0.0,-3.094651683860434,1,0,140.571816,109.887608,193.70947214285712,1.7000000000000028,1.7000000000000028,0.06,1.474913599089829e-17,0.0,0.0,10.400844648898556,-10.400844648898556,5.521517054187484,2.2832418136646897,days4to7,0-2F,0-20pp,0-1.25MW,hot_peak,low_weather_error,3.094651683860434,2.4396637973555357,2.4396637973555357,2.4396637973555357,2.4396637973555357,2.4396637973555357
2026-06-01 19:00:00-07:00,origin_20,2026-05-29 00:00:00-07:00,2026,5,92,4,Days2to7,Summer,6,19,236.465941,90.0,92.5,0.0,0.0,0.0,0.0,232.44064111848235,230.05807495117188,233.57304834894413,231.3418772327025,232.44064111848235,233.1844236475462,233.1844236475462,233.1844236475462,233.1844236475462,233.1844236475462,233.1844236475462,233.1844236475462,0,0.0,none,233.1844236475462,233.1844236475462,4.02529988151764,6.407866048828112,2.8928926510558597,5.124063767297486,3.2815173524537897,3.2815173524537897,3.2815173524537897,3.2815173524537897,3.2815173524537897,0.0,0.74378252906385,0.0,0.0,0.0,0.0,0.0,0.74378252906385,Recent_Corrected_Forecast_MWH,days4to7_recent_corrected,raw_bias,none,none,recent_mean+last24_mean+same_hour+hourgroup+global+cloud_hourgroup+solar_hourgroup+solar_loss_hourgroup,3.0,9,224.49218300000004,245.3007078,63,213.56628803174604,240.531745,11.973757999999947,Peak,0,0,0,1,4.0,0.0,0.17,3.6,0.0,190.09058770430488,153.04367247332672,4.02529988151764,4.02529988151764,1.702274697360175,Spring,0.0,0.0,0.0,0.0,Clear/Low,0.0,None,0.7437825290638616,weighted_fallback,global+hour+temp_cloud_hourgroup,233.1844236475462,0.0,233.1844236475462,none,170+,other,1.0,0.0,0.0,0.0,-0.0,233.1844236475462,0.0,0.0,79.39696864515562,42.35005341417747,1.3877336154950914,4.0,None,239.27794333224702,240.03506469726562,241.02871367191722,236.31041240847415,-2.812002332247033,240.02172586131087,-3.555784861310883,3.555784861310883,1.5037196673117856,90.6,94.2,0.11,0.0,0.0,0.0,4.0,0.0,none,0.0,0.3563592256674932,13.589970470370503,2.957788,0.35,1.0,240.02172586131087,240.02172586131087,0.0,0.0,none,83.77003423509163,41.72703136886247,253.61169633168137,262.02172586131087,223.16801558193882,232.38192811764372,221.17339502022895,239.05402787194734,1.0,221.17339502022895,262.02172586131087,40.84833084108192,20.42416542054096,22.0,45,2026-04-13 23:00:00-07:00,2026-05-28 23:00:00-07:00,2026-06-01,4.02529988151764,0.0,-4.02529988151764,1,0,148.99605,111.072416,179.90895799999998,0.5999999999999943,1.7000000000000028,0.11,0.0,0.0,0.0,6.837302213764673,-6.837302213764673,0.2742675088570934,0.11598605181669414,days4to7,0-2F,0-20pp,0-1.25MW,hot_peak,low_weather_error,4.02529988151764,3.2815173524537897,3.2815173524537897,3.2815173524537897,3.2815173524537897,3.2815173524537897
2026-06-01 20:00:00-07:00,origin_20,2026-05-29 00:00:00-07:00,2026,5,93,4,Days2to7,Summer,6,20,223.068783,86.0,92.5,0.0,0.0,0.0,0.0,217.83658951884786,218.78945922851562,218.76749027232063,216.10149698919977,217.83658951884786,218.91255984731444,218.91255984731444,218.91255984731444,218.91255984731444,218.91255984731444,218.91255984731444,218.91255984731444,0,0.0,none,218.91255984731444,218.91255984731444,5.232193481152137,4.279323771484371,4.3012927276793675,6.967286010800223,4.1562231526855555,4.1562231526855555,4.1562231526855555,4.1562231526855555,4.1562231526855555,0.0,1.0759703284665818,0.0,0.0,0.0,0.0,0.0,1.0759703284665818,Recent_Corrected_Forecast_MWH,days4to7_recent_corrected,raw_bias,none,none,recent_mean+last24_mean+same_hour+hourgroup+global+cloud_hourgroup+solar_hourgroup+solar_loss_hourgroup,3.0,9,210.05268566666666,230.571863,63,213.56628803174604,240.531745,13.016097333333335,Peak,0,0,0,1,4.0,0.0,0.25,3.0,0.0,184.22599820412483,154.40274501286135,5.232193481152137,5.232193481152137,2.345551632454164,Spring,0.0,0.0,0.0,0.0,Clear/Low,0.0,None,1.075970328466569,weighted_fallback,global+hour+temp_cloud_hourgroup,218.91255984731444,0.0,218.91255984731444,none,170+,other,1.0,0.0,0.0,0.0,-0.0,218.91255984731444,0.0,0.0,63.433844505986514,33.610591314723024,1.8632025049805176,4.0,None,222.84879923482075,223.78729248046875,223.2935111228768,221.88182534054752,0.21998376517925067,223.64431748234202,-0.5755344823420216,0.5755344823420216,0.25800763092073786,84.6,94.2,1.0,0.0,0.0,0.0,4.0,0.0,none,0.0,0.34342766304351885,13.096817658439278,2.957788,0.35,1.0,223.64431748234202,223.64431748234202,0.0,0.0,none,66.23258148005152,31.61784981530056,236.7411351407813,244.1882485262114,208.05576376825806,218.61559801562325,211.39626544151366,220.9333874567163,0.0,208.05576376825806,244.1882485262114,36.132484757953335,18.066242378976668,20.543931043869378,45,2026-04-13 23:00:00-07:00,2026-05-28 23:00:00-07:00,2026-06-01,5.232193481152137,0.0,-5.232193481152137,1,0,160.416141,115.767125,175.98254728571428,-1.4000000000000057,1.7000000000000028,1.0,0.0,0.0,0.0,4.731757635027577,-4.731757635027577,-3.580688670343534,-1.6051948740597801,days4to7,0-2F,60pp+,0-1.25MW,hot_peak,cloud,5.232193481152137,4.1562231526855555,4.1562231526855555,4.1562231526855555,4.1562231526855555,4.1562231526855555
2026-06-02 14:00:00-07:00,origin_20,2026-05-29 00:00:00-07:00,2026,5,111,5,Days2to7,Summer,6,14,204.34855,90.6,93.4,0.85,20.38031627124136,0.0,0.0,198.92886793037462,198.4845428466797,198.56774929852898,199.62329009004486,199.60385351210647,200.14911193174308,199.84803332840107,199.84803332840107,199.4740160057252,199.4740160057252,199.4740160057252,199.4740160057252,0,0.0,none,199.4740160057252,199.4740160057252,5.419682069625367,5.864007153320301,5.7808007014710086,4.725259909955128,4.874533994274799,4.874533994274799,4.874533994274799,4.874533994274799,4.874533994274799,0.6749855817318462,0.5452584196366104,-0.3010786033420061,0.0,-0.3740173226758827,0.0,0.0,0.5451480753505678,Recent_Corrected_Forecast_MWH,days4to7_recent_corrected,raw_bias+solar_cloud_midday,event_class_hour_loss+weekday_hour_cloud_loss+event_class_hour_temp+hour_cloud_loss+hour_base_loss+hour_temp_loss+hour_loss+hour_cloud,none,recent_mean+last24_mean+same_hour+hourgroup+global+temp_hourgroup+cloud_hourgroup+solar_hourgroup+solar_loss_hourgroup,3.0,10,179.72373889999997,191.9870738,70,213.90568264285713,239.40674,24.624811100000016,Midday,1,0,0,0,4.0,1.1386919066973413,0.25,3.0,0.0,188.8634126256639,133.9071025865115,5.419682069625367,5.419682069625367,2.652175447110032,Spring,0.8313124977467939,-0.15632691601494014,0.6749855817318537,4.0,Overcast,5.0,None,0.5452584196366119,weighted_fallback,global+hour+temp_cloud_hourgroup,199.4740160057252,0.0,200.14911193174308,none,170+,solar_loss_general,0.7,-0.30107860334199754,-0.30107860334199754,0.0,-0.3740173226758937,199.84803332840107,0.0,0.0,65.02176534386311,10.065455304710724,2.385401802104688,4.0,High,189.05073949824174,190.09657287597656,189.66023051361867,187.79415836615374,15.29781050175825,189.53180548881343,14.816744511186556,14.816744511186556,7.250721627917867,90.2,92.9,0.58,20.81837834053109,0.0,0.0,5.0,0.0,none,0.0,0.0,0.0,,,0.0,189.53180548881343,189.53180548881343,0.0,0.0,none,52.94419054579913,-7.391798894898443,207.53180548881343,207.53180548881343,173.1051188855285,192.4316843520288,191.6020432574412,188.7678115725534,1.0,173.1051188855285,207.53180548881343,34.426686603284935,17.213343301642468,18.0,45,2026-04-13 23:00:00-07:00,2026-05-28 23:00:00-07:00,2026-06-02,5.419682069625367,0.0,-5.419682069625367,1,0,115.58095,96.422883,174.32468542857143,-0.3999999999999915,-0.5,-0.27,0.4380620692897317,0.0,0.0,-9.942210516911757,9.942210516911757,9.942210516911757,4.865319825813179,days4to7,0-2F,20-35pp,0-1.25MW,cloudy_solar_loss_midday,cloud_moderate,4.7446964878935205,4.19943806825691,4.500516671598916,4.500516671598916,4.874533994274799,4.874533994274799
2026-06-02 15:00:00-07:00,origin_20,2026-05-29 00:00:00-07:00,2026,5,112,5,Days2to7,Summer,6,15,221.277091,92.6,93.4,0.97,15.908073990942118,0.0,0.0,217.21686987818765,216.5945587158203,218.84443368470158,214.83707280005643,219.23037671275188,219.65404274520932,219.70782722610943,219.70782722610943,219.41199578277372,219.41199578277372,219.41199578277372,219.41199578277372,0,0.0,none,219.41199578277372,219.41199578277372,4.060221121812361,4.6825322841797,2.432657315298428,6.44001819994358,1.8650952172262976,1.8650952172262976,1.8650952172262976,1.8650952172262976,1.8650952172262976,2.0135068345642253,0.4236660324574473,0.05378448090010579,0.0,-0.29583144333571454,0.0,0.0,2.195125904586064,Recent_Corrected_Forecast_MWH,days4to7_recent_corrected,raw_bias+solar_cloud_midday,event_class_hour_loss+weekday_hour_cloud_loss+event_class_hour_temp+hour_cloud_loss+hour_base_loss+hour_temp_loss+hour_loss+hour_cloud,none,recent_mean+last24_mean+same_hour+hourgroup+global+temp_hourgroup+cloud_hourgroup+solar_hourgroup+solar_loss_hourgroup,3.0,10,200.233677,207.070216,70,213.90568264285713,239.40674,21.043414000000013,Midday,1,0,0,0,4.0,1.3332272323606775,0.21,2.6,0.0,205.67949321563367,145.24797080056004,4.060221121812361,4.060221121812361,1.8349035155258622,Spring,1.1620015777703019,0.8515052567939103,2.013506834564212,4.0,Overcast,4.0,None,0.4236660324574543,weighted_fallback,global+hour+temp_cloud_hourgroup,219.41199578277372,0.0,219.65404274520932,none,170+,weekday_late_midday_solar_loss,0.5319999999999999,0.05378448090011715,0.1010986483084909,0.0,-0.29583144333572864,219.70782722610943,0.0,0.0,71.96889907762761,11.537376662553982,0.842877682817286,4.0,Medium-High,205.13289146213015,206.11727905273438,205.66410203911775,204.0168783866913,16.144199537869866,207.1028122802325,14.1742787197675,14.1742787197675,6.405669315206018,91.8,92.9,1.0,15.10756063165488,0.0,0.0,5.0,0.0,none,0.0,0.0,0.0,,,0.0,207.1028122802325,207.1028122802325,0.0,0.0,none,57.26519095592093,-9.8850151311878,221.1028122802325,221.1028122802325,193.1028122802325,207.8947840686014,208.0633344614531,206.17334445828018,1.0,193.1028122802325,221.1028122802325,28.0,14.0,14.0,45,2026-04-13 23:00:00-07:00,2026-05-28 23:00:00-07:00,2026-06-02,4.060221121812361,0.0,-4.060221121812361,1,0,121.906483,100.195808,179.10108899999997,-0.7999999999999972,-0.5,0.030000000000000027,-0.8005133592872369,0.0,0.0,-12.309183502541202,12.309183502541202,12.309183502541202,5.562791632388732,days4to7,0-2F,0-20pp,0-1.25MW,cloudy_solar_loss_midday,low_weather_error,2.046714287248136,1.6230482547906888,1.569263773890583,1.569263773890583,1.8650952172262976,1.8650952172262976
2026-06-02 16:00:00-07:00,origin_20,2026-05-29 00:00:00-07:00,2026,5,113,5,Days2to7,Summer,6,16,239.70915,93.4,93.4,0.99,9.598736054289265,0.0,0.0,235.36154247798115,235.95217895507812,236.70184642924954,233.0865972753888,235.36154247798115,235.73760899219266,235.96577319391662,235.96577319391662,235.7056065085244,235.7056065085244,235.7056065085244,235.7056065085244,0,0.0,none,235.7056065085244,235.7056065085244,4.347607522018848,3.756971044921869,3.0073035707504516,6.622552724611182,4.003543491475597,4.003543491475597,4.003543491475597,4.003543491475597,4.003543491475597,0.0,0.3760665142115158,0.22816420172395624,0.0,-0.2601666853922211,0.0,0.0,0.34406403054325096,Recent_Corrected_Forecast_MWH,days4to7_recent_corrected,raw_bias+solar_cloud_midday,event_class_hour_loss+weekday_hour_cloud_loss+event_class_hour_temp+hour_cloud_loss+hour_base_loss+hour_temp_loss+hour_loss+hour_cloud,none,recent_mean+last24_mean+same_hour+hourgroup+global+cloud_hourgroup+solar_hourgroup+solar_loss_hourgroup,3.0,10,217.8996831,228.46922249999997,70,213.90568264285713,239.40674,21.80946689999999,Peak,1,0,0,1,4.0,1.35,0.2,2.4,0.0,221.20966606336532,155.80707750008554,4.347607522018848,4.347607522018848,1.8137011132110927,Spring,0.0,0.0,0.0,4.0,Overcast,2.0,None,0.3760665142115042,weighted_fallback,global+hour+temp_cloud_hourgroup,235.7056065085244,0.0,235.73760899219266,none,170+,warm_cloud_peak_transition,0.644,0.2281642017239458,0.35429223870177917,0.0,-0.2601666853922199,235.96577319391662,0.0,0.0,79.5544649778956,14.151876414615828,1.6701671552694575,4.0,Medium-Low,219.99838747756957,219.3699188232422,221.89837760018926,217.19225118611786,19.71076252243043,220.98178484144614,18.72736515855385,18.72736515855385,7.812536633897309,92.9,92.9,1.0,9.478300219229173,0.0,0.0,5.0,0.6393333333333334,weather_uncertainty_peak_hedge,0.0,0.6393333333333334,14.0,5.151063000000001,0.35,1.0,220.98178484144614,220.98178484144614,0.0,0.0,none,61.41600602704969,-11.978970449833156,234.34245150811282,234.34245150811282,206.34245150811282,217.4595823700766,214.81985406142755,221.3071039992104,1.0,206.34245150811282,234.34245150811282,28.0,14.0,14.0,45,2026-04-13 23:00:00-07:00,2026-05-28 23:00:00-07:00,2026-06-02,4.347607522018848,0.0,-4.347607522018848,1,0,128.748283,104.818333,216.20339157142857,-0.5,-0.5,0.010000000000000009,-0.1204358350600927,0.0,0.0,-14.723821667078255,14.723821667078255,14.723821667078255,6.1423694786278515,days4to7,0-2F,0-20pp,0-1.25MW,hot_peak,low_weather_error,4.347607522018848,3.971541007807332,3.7433768060833756,3.7433768060833756,4.003543491475597,4.003543491475597
2026-06-02 17:00:00-07:00,origin_20,2026-05-29 00:00:00-07:00,2026,5,114,5,Days2to7,Summer,6,17,251.334891,93.3,93.4,0.94,3.983665024211047,0.0,0.0,247.8608300217739,245.7828826904297,247.6903180499774,248.7224766435523,247.8608300217739,248.51647758804592,248.51647758804592,248.51647758804592,248.19362001077684,248.19362001077684,248.19362001077684,248.19362001077684,0,0.0,none,248.19362001077684,248.19362001077684,3.474060978226106,5.552008309570311,3.6445729500225923,2.6124143564476867,3.141270989223159,3.141270989223159,3.141270989223159,3.141270989223159,3.141270989223159,0.0,0.6556475662720231,0.0,0.0,-0.32285757726907605,0.0,0.0,0.3327899890029471,Recent_Corrected_Forecast_MWH,days4to7_recent_corrected,raw_bias,none,none,recent_mean+last24_mean+same_hour+hourgroup+global+cloud_hourgroup+solar_hourgroup+solar_loss_hourgroup,3.0,10,230.24716130000002,243.33112659999998,70,213.90568264285713,239.40674,21.087729699999983,Peak,1,0,0,1,4.0,1.35,0.19,2.9,0.0,235.39623149690908,163.03039324576156,3.474060978226106,3.474060978226106,1.3822438119927034,Spring,0.0,0.0,0.0,4.0,Overcast,1.0,None,0.6556475662720238,weighted_fallback,global+hour+temp_cloud_hourgroup,248.19362001077684,0.0,248.51647758804592,none,170+,warm_cloud_peak_transition,0.644,0.0,0.0,0.0,-0.32285757726908526,248.51647758804592,0.0,0.0,84.83043677601233,12.464598524864812,1.2498348226642193,4.0,Medium-Low,229.95179552131694,231.65760803222656,230.40902904731004,228.74591069163932,21.38309547868306,230.60213733404225,20.732753665957745,20.732753665957745,8.249055108690717,91.5,92.9,1.0,3.7342963216000267,0.0,0.0,5.0,0.31755182372235535,weather_uncertainty_peak_hedge,0.0,0.891585095032331,19.52376120508754,5.151063000000001,0.35,1.0,230.60213733404225,230.60213733404225,0.0,0.0,none,63.95474760678357,-14.267684245162087,249.80834671540742,252.28458551031989,210.0190760324522,223.07269574772164,218.63783278931152,231.42743834097368,1.0,210.0190760324522,252.28458551031989,42.26550947786768,21.13275473893384,22.0,45,2026-04-13 23:00:00-07:00,2026-05-28 23:00:00-07:00,2026-06-02,3.474060978226106,0.0,-3.474060978226106,1,0,136.156775,108.547,229.341641,-1.7999999999999972,-0.5,0.06000000000000005,-0.2493687026110205,0.0,0.0,-17.591482676734586,17.591482676734586,17.591482676734586,6.999220286026498,days4to7,0-2F,0-20pp,0-1.25MW,hot_peak,low_weather_error,3.474060978226106,2.818413411954083,2.818413411954083,2.818413411954083,3.141270989223159,3.141270989223159
2026-06-02 18:00:00-07:00,origin_20,2026-05-29 00:00:00-07:00,2026,5,115,5,Days2to7,Summer,6,18,251.198791,92.6,93.4,1.0,1.3982180919371231e-15,0.0,0.0,247.78621227297828,247.03082275390625,248.84528907875088,246.33777429792755,247.78621227297828,248.50052999557224,248.50052999557224,248.50052999557224,248.0641232919815,248.0641232919815,248.0641232919815,248.0641232919815,0,0.0,none,248.0641232919815,248.0641232919815,3.4125787270217245,4.16796824609375,2.3535019212491193,4.8610167020724475,3.1346677080184975,3.1346677080184975,3.1346677080184975,3.1346677080184975,3.1346677080184975,0.0,0.714317722593961,0.0,0.0,-0.43640670359073397,0.0,0.0,0.277911019003227,Recent_Corrected_Forecast_MWH,days4to7_recent_corrected,raw_bias,none,none,recent_mean+last24_mean+same_hour+hourgroup+global+cloud_hourgroup+solar_hourgroup+solar_loss_hourgroup,3.0,10,232.6802873,248.66103660000002,70,213.90568264285713,239.40674,18.518503699999997,Peak,1,0,0,1,4.0,1.35,0.2,4.4,0.0,238.73330631613956,164.7516691679616,3.4125787270217245,3.4125787270217245,1.3585171781426784,Spring,0.0,0.0,0.0,4.0,Overcast,0.0,None,0.7143177225939564,weighted_fallback,global+hour+temp_cloud_hourgroup,248.0641232919815,0.0,248.50052999557224,none,170+,warm_cloud_peak_transition,0.644,0.0,0.0,0.0,-0.4364067035907417,248.50052999557224,0.0,0.0,83.03454310501667,9.052905956838714,1.2478832782354026,4.0,Low,224.99679470654513,223.65318298339844,225.58469834536672,224.45683519501026,26.20199629345487,225.5624596890497,25.63633131095031,25.63633131095031,10.205595022529511,88.2,92.9,1.0,1.2743253496135806e-15,0.0,0.0,5.0,0.28775396350134386,weather_uncertainty_peak_hedge,0.0,0.8171247417722008,17.89324252055914,5.151063000000001,0.35,1.0,225.5624596890497,225.5624596890497,0.0,0.0,none,56.54548250293229,-23.640937865487814,243.1679482461075,247.27470572554836,206.69742644254404,219.39712921675965,212.5218530777022,229.02608162865414,1.0,206.69742644254404,247.27470572554836,40.577279283004316,20.288639641502158,22.0,45,2026-04-13 23:00:00-07:00,2026-05-28 23:00:00-07:00,2026-06-02,3.4125787270217245,0.0,-3.4125787270217245,1,0,143.195116,113.789708,233.34154599999997,-4.3999999999999915,-0.5,0.0,-1.238927423235425e-16,0.0,0.0,-22.501663602931814,22.501663602931814,22.501663602931814,8.957711744294109,days4to7,0-2F,0-20pp,0-1.25MW,hot_peak,low_weather_error,3.4125787270217245,2.6982610044277635,2.6982610044277635,2.6982610044277635,3.1346677080184975,3.1346677080184975
2026-06-02 19:00:00-07:00,origin_20,2026-05-29 00:00:00-07:00,2026,5,116,5,Days2to7,Summer,6,19,237.969425,90.2,93.4,0.97,0.0,0.0,0.0,238.84224744082206,239.92025756835938,240.12685605228185,236.5155738720889,238.84224744082206,239.65992429728325,239.65992429728325,239.65992429728325,239.221417782606,239.221417782606,239.221417782606,239.221417782606,0,0.0,none,239.221417782606,239.221417782606,-0.8728224408220626,-1.950832568359374,-2.1574310522818507,1.4538511279110935,-1.2519927826060098,-1.2519927826060098,-1.2519927826060098,-1.2519927826060098,1.2519927826060098,0.0,0.8176768564611905,0.0,0.0,-0.43850651467724333,0.0,0.0,0.37917034178394715,Recent_Corrected_Forecast_MWH,days4to7_recent_corrected,raw_bias,none,none,recent_mean+last24_mean+same_hour+hourgroup+global+cloud_hourgroup+solar_hourgroup+solar_loss_hourgroup,3.0,10,225.3923922,244.1583244,70,213.90568264285713,239.40674,12.577032800000012,Peak,1,0,0,1,4.0,0.0,0.23,7.5,0.0,232.44064111848235,165.47262477596703,-0.8728224408220626,0.8728224408220626,0.3667792367956777,Spring,0.0,0.0,0.0,4.0,Overcast,0.0,None,0.8176768564611825,weighted_fallback,global+hour+temp_cloud_hourgroup,239.221417782606,0.0,239.65992429728325,none,170+,warm_cloud_peak_transition,0.92,0.0,0.0,0.0,-0.43850651467723933,239.65992429728325,0.0,0.0,73.36962266485503,6.401606322339717,0.5261149757394294,4.0,None,214.13537772194064,214.9150390625,214.56557670729634,213.23659036193612,23.83404727805936,217.44142784769988,20.527997152300117,20.527997152300117,8.62631707930551,85.0,92.9,0.89,0.0,0.0,0.0,5.0,2.926879783975299,weather_uncertainty_peak_hedge,2.09169225452569,0.8351875294496091,18.288778017144722,5.151063000000001,0.35,1.0,217.44142784769988,217.44142784769988,0.0,0.0,none,45.22175886303566,-25.142565610306377,232.8033260808693,236.5145480637246,198.9285909361102,210.41647721381543,204.90040031722526,218.31251421344683,1.0,198.9285909361102,236.5145480637246,37.58595712761439,18.792978563807196,22.0,45,2026-04-13 23:00:00-07:00,2026-05-28 23:00:00-07:00,2026-06-02,0.0,0.8728224408220626,0.8728224408220626,0,1,154.249975,118.516458,226.92417214285715,-5.200000000000003,-0.5,-0.07999999999999996,0.0,0.0,0.0,-21.779989934906126,21.779989934906126,19.276004369694107,8.10020210356608,days4to7,0-2F,0-20pp,0-1.25MW,hot_peak,low_weather_error,-0.8728224408220626,-1.690499297283253,-1.690499297283253,-1.690499297283253,-1.2519927826060098,-1.2519927826060098
2026-06-02 20:00:00-07:00,origin_20,2026-05-29 00:00:00-07:00,2026,5,117,5,Days2to7,Summer,6,20,225.91785,84.5,93.4,1.0,0.0,0.0,0.0,223.47940931414075,223.4700927734375,224.3799818915707,222.0668857040946,223.47940931414075,224.68376088698162,224.68376088698162,224.68376088698162,224.36536117307705,224.36536117307705,224.36536117307705,224.36536117307705,0,0.0,none,224.36536117307705,224.36536117307705,2.4384406858592342,2.447757226562487,1.5378681084292793,3.850964295905385,1.5524888269229393,1.5524888269229393,1.5524888269229393,1.5524888269229393,1.5524888269229393,0.0,1.2043515728408636,0.0,0.0,-0.31839971390456867,0.0,0.0,0.8859518589362949,Recent_Corrected_Forecast_MWH,days4to7_recent_corrected,raw_bias,none,none,recent_mean+last24_mean+same_hour+hourgroup+global+cloud_hourgroup+solar_hourgroup+solar_loss_hourgroup,3.0,10,211.1628387,230.4176605,70,213.90568264285713,239.40674,14.755011299999978,Peak,1,0,0,1,4.0,0.0,0.31,9.6,0.0,217.83658951884786,164.36035308698249,2.4384406858592342,2.4384406858592342,1.079348394055288,Spring,0.0,0.0,0.0,4.0,Overcast,0.0,None,1.2043515728408718,weighted_fallback,global+hour+temp_cloud_hourgroup,224.36536117307705,0.0,224.68376088698162,none,170+,warm_cloud_peak_transition,0.92,0.0,0.0,0.0,-0.3183997139045756,224.68376088698162,0.0,0.0,59.11905622715827,5.642819795292894,0.6871917499759047,4.0,None,201.1820363520738,199.88392639160156,200.79308664199374,202.1641315994773,24.735813647926193,203.2447170351482,22.67313296485179,22.67313296485179,10.036007763375842,79.6,92.9,0.25,0.0,0.0,0.0,5.0,1.1496170340609975,weather_uncertainty_peak_hedge,0.5721156877553216,0.5775013463056758,12.646014882606039,5.151063000000001,0.35,1.0,203.2447170351482,203.2447170351482,0.0,0.0,none,33.89218056375876,-21.66676288274695,214.74111488369323,223.1538011613752,190.18835554831966,199.30513111566194,196.2557334489444,202.8010733846524,0.0,190.18835554831966,223.1538011613752,32.96544561305555,16.482722806527775,21.058701160288024,45,2026-04-13 23:00:00-07:00,2026-05-28 23:00:00-07:00,2026-06-02,2.4384406858592342,0.0,-2.4384406858592342,1,0,166.870333,125.663666,202.37653885714286,-4.900000000000006,-0.5,-0.75,0.0,0.0,0.0,-21.12064413792885,21.12064413792885,21.12064413792885,9.348816013399937,days4to7,0-2F,60pp+,0-1.25MW,hot_peak,cloud,2.4384406858592342,1.2340891130183707,1.2340891130183707,1.2340891130183707,1.5524888269229393,1.5524888269229393
2026-06-03 14:00:00-07:00,origin_20,2026-05-29 00:00:00-07:00,2026,5,135,6,Days2to7,Summer,6,14,192.374825,89.2,93.3,0.0,20.672357650767847,0.0,0.0,190.85646061458016,190.22311401367188,191.56829490425682,189.9188200453477,191.26801946991156,191.61626852768666,191.61626852768666,191.61626852768666,191.61626852768666,191.61626852768666,191.61626852768666,191.61626852768666,0,0.0,none,191.61626852768666,191.61626852768666,1.5183643854198294,2.151710986328112,0.8065300957431702,2.456004954652286,0.7585564723133302,0.7585564723133302,0.7585564723133302,0.7585564723133302,0.7585564723133302,0.4115588553314069,0.3482490577750923,0.0,0.0,0.0,0.0,0.0,0.7598079131064992,Recent_Corrected_Forecast_MWH,days4to7_recent_corrected,raw_bias,none,none,recent_mean+last24_mean+same_hour+hourgroup+global+temp_hourgroup+cloud_hourgroup+solar_hourgroup+solar_loss_hourgroup+temp_cloud_hourgroup,3.0,10,179.72373889999997,191.9870738,70,213.90568264285713,239.40674,12.651086100000015,Midday,2,0,0,0,4.0,1.1539117923944557,0.25,3.0,0.0,198.92886793037462,145.65306357656502,1.5183643854198294,1.5183643854198294,0.7892739527741375,Spring,0.4115588553313966,0.0,0.4115588553313966,0.0,Clear/Low,5.0,None,0.3482490577751033,weighted_fallback,global+hour+temp_cloud_hourgroup,191.61626852768666,0.0,191.61626852768666,none,170+,other,0.7,0.0,0.0,0.0,-0.0,191.61626852768666,0.0,0.0,45.20339703801514,-8.072407315794464,0.3943117153262285,4.0,High,168.55039032154093,169.2793426513672,168.9714748746881,167.68041392950212,23.824434678459056,188.77525398595122,3.599571014048763,3.599571014048763,1.8711237367201052,85.9,92.2,0.0,20.734937946380665,0.0,0.0,6.0,0.0,none,0.0,0.0,0.0,,,0.0,168.77525398595122,188.77525398595122,1.0,20.0,june_days4to7_mild_hot_early_peak_recovery_up,22.109041583635246,-20.50034917670081,186.77525398595122,186.77525398595122,155.82434020349572,171.427392866635,172.7414318190087,169.33037430194724,1.0,155.82434020349572,186.77525398595122,30.9509137824555,15.47545689122775,18.0,45,2026-04-13 23:00:00-07:00,2026-05-28 23:00:00-07:00,2026-06-03,1.5183643854198294,0.0,-1.5183643854198294,1,0,113.497358,113.168525,196.59495714285714,-3.299999999999997,-1.0999999999999943,0.0,0.0625802956128183,0.0,0.0,-2.841014541735433,2.841014541735433,2.841014541735433,1.476812021393877,days4to7,0-2F,0-20pp,0-1.25MW,normal,low_weather_error,1.1068055300884225,0.7585564723133302,0.7585564723133302,0.7585564723133302,0.7585564723133302,0.7585564723133302
2026-06-03 15:00:00-07:00,origin_20,2026-05-29 00:00:00-07:00,2026,5,136,6,Days2to7,Summer,6,15,216.148291,91.7,93.3,0.0,15.94213838920966,0.0,0.0,211.62950419513822,210.96859741210938,210.38513654201154,213.77376958805982,212.04106305046963,212.27006421394776,212.27006421394776,212.27006421394776,212.27006421394776,212.27006421394776,212.27006421394776,212.27006421394776,0,0.0,none,212.27006421394776,212.27006421394776,4.518786804861776,5.179693587890625,5.763154457988463,2.3745214119401794,3.878226786052238,3.878226786052238,3.878226786052238,3.878226786052238,3.878226786052238,0.4115588553314069,0.22900116347813082,0.0,0.0,0.0,0.0,0.0,0.6405600188095377,Recent_Corrected_Forecast_MWH,days4to7_recent_corrected,raw_bias,none,none,recent_mean+last24_mean+same_hour+hourgroup+global+temp_hourgroup+cloud_hourgroup+solar_hourgroup+solar_loss_hourgroup+temp_cloud_hourgroup,3.0,10,200.233677,207.070216,70,213.90568264285713,239.40674,15.914614,Midday,2,0,0,0,4.0,1.334813023802108,0.24,2.3,0.0,217.21686987818765,157.7475249260154,4.518786804861776,4.518786804861776,2.0905956665009096,Spring,0.4115588553313966,0.0,0.4115588553313966,0.0,Clear/Low,4.0,None,0.22900116347812105,weighted_fallback,global+hour+temp_cloud_hourgroup,212.27006421394776,0.0,212.27006421394776,none,170+,other,0.7,0.0,0.0,0.0,-0.0,212.27006421394776,0.0,0.0,53.88197926912284,-5.587365683049427,1.7942435575640237,4.0,Medium-High,187.35872007266488,186.8782501220703,187.70550430290115,186.951050553892,28.78957092733512,207.99538330320664,8.152907696793363,8.152907696793363,3.771904769209285,89.1,92.2,0.0,15.925106190075887,0.0,0.0,6.0,0.0,none,0.0,0.0,0.0,,,0.0,187.99538330320664,207.99538330320664,1.0,20.0,june_days4to7_mild_hot_early_peak_recovery_up,28.717748071865657,-17.774171389465266,205.99538330320664,205.99538330320664,172.84145728870882,189.49623035152715,189.1530952935867,187.77710863999937,1.0,172.84145728870882,205.99538330320664,33.15392601449781,16.576963007248906,18.0,45,2026-04-13 23:00:00-07:00,2026-05-28 23:00:00-07:00,2026-06-03,4.518786804861776,0.0,-4.518786804861776,1,0,120.454241,121.463241,216.30311242857144,-2.6000000000000085,-1.0999999999999943,0.0,-0.017032199133772963,0.0,0.0,-4.274680910741125,4.274680910741125,4.274680910741125,1.9776612116452614,days4to7,0-2F,0-20pp,0-1.25MW,normal,low_weather_error,4.107227949530369,3.878226786052238,3.878226786052238,3.878226786052238,3.878226786052238,3.878226786052238
2026-06-03 16:00:00-07:00,origin_20,2026-05-29 00:00:00-07:00,2026,5,137,6,Days2to7,Summer,6,16,239.162783,93.3,93.3,0.0,9.996174309987566,0.0,0.0,231.93992749587073,232.21754455566406,232.9654012886232,230.24914951874732,231.93992749587073,232.3043276614874,232.3043276614874,232.3043276614874,232.3043276614874,232.3043276614874,232.3043276614874,232.3043276614874,0,0.0,none,232.3043276614874,232.3043276614874,7.222855504129257,6.945238444335928,6.197381711376778,8.913633481252674,6.858455338512584,6.858455338512584,6.858455338512584,6.858455338512584,6.858455338512584,0.0,0.3644001656166722,0.0,0.0,0.0,0.0,0.0,0.3644001656166722,Recent_Corrected_Forecast_MWH,days4to7_recent_corrected,raw_bias,none,none,recent_mean+last24_mean+same_hour+hourgroup+global+cloud_hourgroup+solar_hourgroup+solar_loss_hourgroup,3.0,10,217.8996831,228.46922249999997,70,213.90568264285713,239.40674,21.263099899999986,Peak,2,0,0,1,4.0,1.35,0.22,1.5,0.0,235.36154247798115,169.93855856836856,7.222855504129257,7.222855504129257,3.020058310715199,Spring,0.0,0.0,0.0,0.0,Clear/Low,2.0,None,0.364400165616675,weighted_fallback,global+hour+temp_cloud_hourgroup,232.3043276614874,0.0,232.3043276614874,none,170+,other,0.7,0.0,0.0,0.0,-0.0,232.3043276614874,0.0,0.0,62.00136892750217,-3.4216149821104125,2.8676933979784742,4.0,Medium-Low,208.21636737190013,206.6767120361328,207.98469676655603,209.02032270480294,30.946415628099857,233.79013087349608,5.372652126503908,5.372652126503908,2.2464415487688605,91.5,92.2,0.0,9.972087142975546,0.0,0.0,6.0,5.209363335979266,weather_uncertainty_peak_hedge,4.062918891534822,1.1464444444444446,22.0,5.8779770000000005,0.35,1.0,213.79013087349608,233.79013087349608,1.0,20.0,june_days4to7_mild_hot_early_peak_recovery_up,37.697241281727486,-11.782020105669432,230.5807675375168,230.5807675375168,190.6125360566924,207.9083739242865,205.55429250335618,208.4421856389222,1.0,190.6125360566924,230.5807675375168,39.968231480824414,19.984115740412207,22.0,45,2026-04-13 23:00:00-07:00,2026-05-28 23:00:00-07:00,2026-06-03,7.222855504129257,0.0,-7.222855504129257,1,0,124.9937,127.706541,235.3677237142857,-1.7999999999999972,-1.0999999999999943,0.0,-0.02408716701201996,0.0,0.0,1.4858032120086762,-1.4858032120086762,-1.4858032120086762,-0.621251849209614,days4to7,0-2F,0-20pp,0-1.25MW,hot_peak,low_weather_error,7.222855504129257,6.858455338512584,6.858455338512584,6.858455338512584,6.858455338512584,6.858455338512584
2026-06-03 17:00:00-07:00,origin_20,2026-05-29 00:00:00-07:00,2026,5,138,6,Days2to7,Summer,6,17,253.292233,93.3,93.3,0.0,4.220565291691516,0.0,0.0,245.78255633791883,245.41140747070312,246.5000356164838,244.76113143366396,245.78255633791883,246.38714136824098,246.38714136824098,246.38714136824098,246.38714136824098,246.38714136824098,246.38714136824098,246.38714136824098,0,0.0,none,246.38714136824098,246.38714136824098,7.509676662081176,7.880825529296885,6.792197383516196,8.531101566336048,6.905091631759035,6.905091631759035,6.905091631759035,6.905091631759035,6.905091631759035,0.0,0.6045850303221414,0.0,0.0,0.0,0.0,0.0,0.6045850303221414,Recent_Corrected_Forecast_MWH,days4to7_recent_corrected,raw_bias,none,none,recent_mean+last24_mean+same_hour+hourgroup+global+cloud_hourgroup+solar_hourgroup+solar_loss_hourgroup,3.0,10,230.24716130000002,243.33112659999998,70,213.90568264285713,239.40674,23.045071699999994,Peak,2,0,0,1,4.0,1.35,0.2,2.6,0.0,247.8608300217739,177.52486424887212,7.509676662081176,7.509676662081176,2.9648270589020296,Spring,0.0,0.0,0.0,0.0,Clear/Low,1.0,None,0.6045850303221348,weighted_fallback,global+hour+temp_cloud_hourgroup,246.38714136824098,0.0,246.38714136824098,none,170+,other,0.7,0.0,0.0,0.0,-0.0,246.38714136824098,0.0,0.0,68.25769208904671,-2.078273683855059,2.7261363485073917,4.0,Medium-Low,222.72484422246475,220.44586181640625,222.93133273527084,223.0515001040719,30.567388777535257,257.0636295119673,-3.771396511967282,3.771396511967282,1.488950714081818,92.2,92.2,0.0,4.2392679443873424,0.0,0.0,6.0,5.734200259180397,weather_uncertainty_peak_hedge,4.587755814735952,1.1464444444444446,22.0,5.8779770000000005,0.35,1.0,229.0636295119673,257.0636295119673,1.0,28.0,june_days4to7_mild_hot_evening_recovery_up,44.791758804886086,-7.226951298852185,245.3294292527869,245.3294292527869,205.88201077393308,221.13434224158587,215.22082655223178,224.50964548673682,1.0,205.88201077393308,245.3294292527869,39.44741847885382,19.72370923942691,22.0,45,2026-04-13 23:00:00-07:00,2026-05-28 23:00:00-07:00,2026-06-03,7.509676662081176,0.0,-7.509676662081176,1,0,130.518141,134.152408,247.94653157142858,-1.0999999999999943,-1.0999999999999943,0.0,0.018702652695826494,0.0,0.0,10.676488143726317,-10.676488143726317,-3.133695119791753,-1.2371856344255738,days4to7,0-2F,0-20pp,0-1.25MW,hot_peak,low_weather_error,7.509676662081176,6.905091631759035,6.905091631759035,6.905091631759035,6.905091631759035,6.905091631759035
2026-06-03 18:00:00-07:00,origin_20,2026-05-29 00:00:00-07:00,2026,5,139,6,Days2to7,Summer,6,18,258.099775,93.3,93.3,0.0,1.4572146359007149e-15,0.0,0.0,250.44789078738117,249.77627563476562,249.41438405363076,252.2638628411648,250.44789078738117,251.10287867388607,251.10287867388607,251.10287867388607,251.10287867388607,251.10287867388607,251.10287867388607,251.10287867388607,0,0.0,none,251.10287867388607,251.10287867388607,7.651884212618853,8.323499365234397,8.685390946369267,5.835912158835214,6.996896326113955,6.996896326113955,6.996896326113955,6.996896326113955,6.996896326113955,0.0,0.6549878865048981,0.0,0.0,0.0,0.0,0.0,0.6549878865048981,Recent_Corrected_Forecast_MWH,days4to7_recent_corrected,raw_bias,none,none,recent_mean+last24_mean+same_hour+hourgroup+global+cloud_hourgroup+solar_hourgroup+solar_loss_hourgroup,3.0,10,232.6802873,248.66103660000002,70,213.90568264285713,239.40674,25.41948770000002,Peak,2,0,0,1,4.0,1.35,0.2,2.5,0.0,247.78621227297828,181.4120472069585,7.651884212618853,7.651884212618853,2.9647000709779205,Spring,0.0,0.0,0.0,0.0,Clear/Low,0.0,None,0.6549878865048966,weighted_fallback,global+hour+temp_cloud_hourgroup,251.10287867388607,0.0,251.10287867388607,none,170+,other,0.7,0.0,0.0,0.0,-0.0,251.10287867388607,0.0,0.0,69.03584358042266,2.661678514402894,2.710926937504674,4.0,Low,226.1123107030401,226.70858764648438,224.76355349673787,228.0614214719595,31.987464296959928,259.73380247167836,-1.634027471678337,1.634027471678337,0.6330991461260812,90.3,92.2,0.0,1.477863426287972e-15,0.0,0.0,6.0,4.966503882133381,weather_uncertainty_peak_hedge,3.8200594376889367,1.1464444444444446,22.0,5.8779770000000005,0.35,1.0,231.73380247167836,259.73380247167836,1.0,28.0,june_days4to7_mild_hot_evening_recovery_up,44.2562515413494,1.1155159964949632,248.767298589545,248.767298589545,208.55806965670644,224.0659915773829,217.37536010601815,228.7725181068962,1.0,208.55806965670644,248.767298589545,40.209228932838556,20.104614466419278,22.0,45,2026-04-13 23:00:00-07:00,2026-05-28 23:00:00-07:00,2026-06-03,7.651884212618853,0.0,-7.651884212618853,1,0,137.8902,140.571816,240.26213285714286,-3.0,-1.0999999999999943,0.0,2.0648790387257016e-17,0.0,0.0,8.630923797792292,-8.630923797792292,-5.362868854435618,-2.077827791378593,days4to7,0-2F,0-20pp,0-1.25MW,hot_peak,low_weather_error,7.651884212618853,6.996896326113955,6.996896326113955,6.996896326113955,6.996896326113955,6.996896326113955
2026-06-03 19:00:00-07:00,origin_20,2026-05-29 00:00:00-07:00,2026,5,140,6,Days2to7,Summer,6,19,252.9156,92.4,93.3,0.0,0.0,0.0,0.0,244.9532202507864,244.62327575683594,242.82028442143869,248.3992464094614,244.9532202507864,245.69700277985024,245.69700277985024,245.69700277985024,245.69700277985024,245.69700277985024,245.69700277985024,245.69700277985024,0,0.0,none,245.69700277985024,245.69700277985024,7.962379749213625,8.292324243164074,10.095315578561326,4.516353590538614,7.218597220149775,7.218597220149775,7.218597220149775,7.218597220149775,7.218597220149775,0.0,0.74378252906385,0.0,0.0,0.0,0.0,0.0,0.74378252906385,Recent_Corrected_Forecast_MWH,days4to7_recent_corrected,raw_bias,none,none,recent_mean+last24_mean+same_hour+hourgroup+global+cloud_hourgroup+solar_hourgroup+solar_loss_hourgroup,3.0,10,225.3923922,244.1583244,70,213.90568264285713,239.40674,27.523207800000023,Peak,2,0,0,1,4.0,0.0,0.21,1.3,0.0,238.84224744082206,179.81166255322734,7.962379749213625,7.962379749213625,3.1482359131716766,Spring,0.0,0.0,0.0,0.0,Clear/Low,0.0,None,0.7437825290638616,weighted_fallback,global+hour+temp_cloud_hourgroup,245.69700277985024,0.0,245.69700277985024,none,170+,other,1.0,0.0,0.0,0.0,-0.0,245.69700277985024,0.0,0.0,65.14155769755905,6.1109728099643235,2.854152618561202,4.0,None,217.51267513149793,216.6455078125,215.77781813940786,220.48664106735305,35.40292486850208,254.25645766056178,-1.3408576605617668,1.3408576605617668,0.5301601247854093,86.6,92.2,0.01,0.0,0.0,0.0,6.0,8.0,weather_uncertainty_peak_hedge,7.678361759254345,1.1464444444444446,22.0,5.8779770000000005,0.35,1.0,226.25645766056178,254.25645766056178,1.0,28.0,june_days4to7_mild_hot_evening_recovery_up,37.7895713123157,3.3772974095572863,240.25645766056178,240.25645766056178,203.87594947082255,215.72245966043369,209.99419906338025,220.02994117278317,1.0,203.87594947082255,240.25645766056178,36.38050818973923,18.190254094869616,22.0,45,2026-04-13 23:00:00-07:00,2026-05-28 23:00:00-07:00,2026-06-03,7.962379749213625,0.0,-7.962379749213625,1,0,145.590008,148.99605,232.12462342857143,-5.800000000000011,-1.0999999999999943,0.01,0.0,0.0,0.0,8.559454880711542,-8.559454880711542,-5.877739559588008,-2.3239924937757923,days4to7,0-2F,0-20pp,0-1.25MW,hot_peak,low_weather_error,7.962379749213625,7.218597220149775,7.218597220149775,7.218597220149775,7.218597220149775,7.218597220149775
2026-06-03 20:00:00-07:00,origin_20,2026-05-29 00:00:00-07:00,2026,5,141,6,Days2to7,Summer,6,20,238.239391,89.0,93.3,0.0,0.0,0.0,0.0,231.74508618607945,231.35301208496094,232.15176961873073,231.21803339223266,231.74508618607945,232.82105651454603,232.82105651454603,232.82105651454603,232.82105651454603,232.82105651454603,232.82105651454603,232.82105651454603,0,0.0,none,232.82105651454603,232.82105651454603,6.494304813920564,6.886378915039074,6.087621381269287,7.0213576077673565,5.4183344854539826,5.4183344854539826,5.4183344854539826,5.4183344854539826,5.4183344854539826,0.0,1.0759703284665818,0.0,0.0,0.0,0.0,0.0,1.0759703284665818,Recent_Corrected_Forecast_MWH,days4to7_recent_corrected,raw_bias,none,none,recent_mean+last24_mean+same_hour+hourgroup+global+cloud_hourgroup+solar_hourgroup+solar_loss_hourgroup,3.0,10,211.1628387,230.4176605,70,213.90568264285713,239.40674,27.076552300000003,Peak,2,0,0,1,4.0,0.0,0.24,5.8,0.0,223.47940931414075,175.59815213185973,6.494304813920564,6.494304813920564,2.725957612072877,Spring,0.0,0.0,0.0,0.0,Clear/Low,0.0,None,1.075970328466569,weighted_fallback,global+hour+temp_cloud_hourgroup,232.82105651454603,0.0,232.82105651454603,none,170+,other,1.0,0.0,0.0,0.0,-0.0,232.82105651454603,0.0,0.0,56.14693405421971,8.265676871938695,2.274323512459777,4.0,None,203.27813828444386,202.5057373046875,202.7131022463378,204.38673805282656,34.96125271555616,240.35410861291044,-2.1147176129104253,2.1147176129104253,0.8876439802981301,82.8,92.2,0.08,0.0,0.0,0.0,6.0,8.0,weather_uncertainty_peak_hedge,8.0,1.085840120730278,20.83701724215885,5.8779770000000005,0.35,1.0,212.35410861291044,240.35410861291044,1.0,28.0,june_days4to7_mild_hot_evening_recovery_up,27.935822445832514,2.096101932370061,225.1911258550693,226.35410861291044,195.76384509692176,204.73241904978843,201.26376742169006,205.33454423731376,1.0,195.76384509692176,226.35410861291044,30.59026351598868,15.29513175799434,22.0,45,2026-04-13 23:00:00-07:00,2026-05-28 23:00:00-07:00,2026-06-03,6.494304813920564,0.0,-6.494304813920564,1,0,158.646916,160.416141,228.62427114285714,-6.200000000000003,-1.0999999999999943,0.08,0.0,0.0,0.0,7.533052098364408,-7.533052098364408,-3.3036168725435573,-1.3866795321616472,days4to7,0-2F,0-20pp,0-1.25MW,hot_peak,low_weather_error,6.494304813920564,5.4183344854539826,5.4183344854539826,5.4183344854539826,5.4183344854539826,5.4183344854539826
2026-06-04 14:00:00-07:00,origin_20,2026-05-29 00:00:00-07:00,2026,5,159,7,Days2to7,Summer,6,14,209.669616,91.0,94.5,0.0,20.755798044918272,0.0,0.0,213.64916914933937,215.01422119140625,214.3685174606211,212.12874979102037,213.59233690064553,213.94058595842063,213.94058595842063,213.94058595842063,213.94058595842063,213.94058595842063,213.94058595842063,213.94058595842063,0,0.0,none,213.94058595842063,213.94058595842063,-3.979553149339381,-5.344605191406259,-4.6989014606211015,-2.4591337910203777,-4.270969958420636,-4.270969958420636,-4.270969958420636,-4.270969958420636,4.270969958420636,-0.05683224869383707,0.3482490577750923,0.0,0.0,0.0,0.0,0.0,0.2914168090812552,Recent_Corrected_Forecast_MWH,days4to7_recent_corrected,raw_bias,none,none,recent_mean+last24_mean+same_hour+hourgroup+global+temp_hourgroup+cloud_hourgroup+solar_hourgroup+solar_loss_hourgroup+temp_cloud_hourgroup,3.0,10,179.72373889999997,191.9870738,70,213.90568264285713,239.40674,29.94587710000002,Midday,3,0,0,0,4.0,1.1575274452260107,0.27,3.0,0.0,190.85646061458016,155.65391037864788,-3.979553149339381,3.979553149339381,1.8980113691529732,Spring,-0.056832248693823036,0.0,-0.056832248693823036,0.0,Clear/Low,5.0,None,0.3482490577751033,weighted_fallback,global+hour+temp_cloud_hourgroup,213.94058595842063,0.0,213.94058595842063,none,170+,other,0.7,0.0,0.0,0.0,-0.0,213.94058595842063,0.0,0.0,57.99525877069149,22.792708534759214,2.036999943005875,4.0,High,201.1356524283949,200.87115478515625,200.63011748425092,202.00563523868936,8.533963571605085,201.42706923747616,8.24254676252383,8.24254676252383,3.931207067467434,91.5,94.6,0.0,20.81837834053109,0.0,0.0,7.0,0.0,none,0.0,0.0,0.0,,,0.0,201.42706923747616,201.42706923747616,0.0,0.0,none,47.880038358840494,32.585262106853975,219.42706923747616,219.42706923747616,183.42706923747616,201.66326380312213,202.78870163063553,202.06770627694388,1.0,183.42706923747616,219.42706923747616,36.0,18.0,18.0,45,2026-04-13 23:00:00-07:00,2026-05-28 23:00:00-07:00,2026-06-04,0.0,3.979553149339381,3.979553149339381,0,1,119.309683,115.58095,199.97710585714282,0.5,0.09999999999999432,0.0,0.0625802956128183,0.0,0.0,-12.513516720944466,12.513516720944466,3.9715768041031936,1.8942071244615593,days4to7,0-2F,0-20pp,0-1.25MW,normal,low_weather_error,-3.922720900645544,-4.270969958420636,-4.270969958420636,-4.270969958420636,-4.270969958420636,-4.270969958420636
2026-06-04 15:00:00-07:00,origin_20,2026-05-29 00:00:00-07:00,2026,5,160,7,Days2to7,Summer,6,15,230.85115,93.3,94.5,0.0,16.044331584012287,0.0,0.0,235.0702933083603,234.24346923828125,235.00648009977556,235.4068066561589,235.01346105966647,235.2424622231446,235.2424622231446,235.2424622231446,235.2424622231446,235.2424622231446,235.2424622231446,235.2424622231446,0,0.0,none,235.2424622231446,235.2424622231446,-4.219143308360316,-3.39231923828126,-4.155330099775568,-4.555656656158902,-4.39131222314461,-4.39131222314461,-4.39131222314461,-4.39131222314461,4.39131222314461,-0.05683224869383707,0.22900116347813082,0.0,0.0,0.0,0.0,0.0,0.17216891478429375,Recent_Corrected_Forecast_MWH,days4to7_recent_corrected,raw_bias,none,none,recent_mean+last24_mean+same_hour+hourgroup+global+temp_hourgroup+cloud_hourgroup+solar_hourgroup+solar_loss_hourgroup+temp_cloud_hourgroup,3.0,10,200.233677,207.070216,70,213.90568264285713,239.40674,30.61747299999999,Midday,3,0,0,0,4.0,1.3421614125804044,0.24,3.2,0.0,211.62950419513822,168.5669362396066,-4.219143308360316,4.219143308360316,1.8276466495230004,Spring,-0.056832248693823036,0.0,-0.056832248693823036,0.0,Clear/Low,4.0,None,0.22900116347812105,weighted_fallback,global+hour+temp_cloud_hourgroup,235.2424622231446,0.0,235.2424622231446,none,170+,other,0.7,0.0,0.0,0.0,-0.0,235.2424622231446,0.0,0.0,66.5033570687537,23.44078911322208,1.9022267045863146,4.0,Medium-High,220.27867982757323,220.60382080078125,220.8636383724052,219.26656183620645,10.572470172426762,220.49398329934655,10.357166700653437,10.357166700653437,4.486512932967168,93.4,94.6,0.0,16.231685774483765,0.0,0.0,7.0,0.0,none,0.0,0.0,0.0,,,0.0,220.49398329934655,220.49398329934655,0.0,0.0,none,54.28555138782187,32.91995975490835,238.49398329934655,238.49398329934655,202.49398329934655,220.65827738042597,216.5982862703842,222.71506215784194,1.0,202.49398329934655,238.49398329934655,36.0,18.0,18.0,45,2026-04-13 23:00:00-07:00,2026-05-28 23:00:00-07:00,2026-06-04,0.0,4.219143308360316,4.219143308360316,0,1,127.038066,121.906483,221.81447928571427,0.10000000000000853,0.09999999999999432,0.0,0.18735419047147772,0.0,0.0,-14.748478923798046,14.748478923798046,5.965854477508827,2.584286228380854,days4to7,0-2F,0-20pp,0-1.25MW,normal,low_weather_error,-4.162311059666479,-4.39131222314461,-4.39131222314461,-4.39131222314461,-4.39131222314461,-4.39131222314461
2026-06-04 16:00:00-07:00,origin_20,2026-05-29 00:00:00-07:00,2026,5,161,7,Days2to7,Summer,6,16,250.210058,94.5,94.5,0.0,10.05639222751761,0.0,0.0,253.7231395912195,251.5094757080078,253.667781737538,254.44260589935095,253.7231395912195,254.08753975683618,254.08753975683618,254.08753975683618,254.08753975683618,254.08753975683618,254.08753975683618,254.08753975683618,0,0.0,none,254.08753975683618,254.08753975683618,-3.5130815912195033,-1.2994177080078089,-3.4577237375380037,-4.232547899350948,-3.8774817568361755,-3.8774817568361755,-3.8774817568361755,-3.8774817568361755,3.8774817568361755,0.0,0.3644001656166722,0.0,0.0,0.0,0.0,0.0,0.3644001656166722,Recent_Corrected_Forecast_MWH,days4to7_recent_corrected,raw_bias,none,none,recent_mean+last24_mean+same_hour+hourgroup+global+cloud_hourgroup+solar_hourgroup+solar_loss_hourgroup,3.0,10,217.8996831,228.46922249999997,70,213.90568264285713,239.40674,32.3103749,Peak,3,0,0,1,4.0,1.35,0.22,3.1,0.0,231.93992749587073,182.48529592492153,-3.5130815912195033,3.5130815912195033,1.4040529063062297,Spring,0.0,0.0,0.0,0.0,Clear/Low,3.0,None,0.364400165616675,weighted_fallback,global+hour+temp_cloud_hourgroup,254.08753975683618,0.0,254.08753975683618,none,170+,other,0.7,0.0,0.0,0.0,-0.0,254.08753975683618,0.0,0.0,71.23784366629798,21.783212095348773,1.5496906030996465,4.0,Medium-Low,239.78240536755132,238.21658325195312,239.95491859798346,239.9586908956145,10.427652632448684,242.3344873230839,7.875570676916112,7.875570676916112,3.147583570327981,94.6,94.6,0.0,10.273176730625774,0.0,0.0,7.0,2.187681789915892,weather_uncertainty_peak_hedge,0.0,2.187681789915892,22.0,7.89579,0.4972004067990663,1.0,242.3344873230839,242.3344873230839,0.0,0.0,none,60.105621938535734,31.566037995651186,262.146805533168,262.146805533168,218.146805533168,238.4905695834839,229.00582044906054,239.48963758859153,1.0,218.146805533168,262.146805533168,44.0,22.0,22.0,45,2026-04-13 23:00:00-07:00,2026-05-28 23:00:00-07:00,2026-06-04,0.0,3.5130815912195033,3.5130815912195033,0,1,134.009758,128.748283,237.382332,0.09999999999999432,0.09999999999999432,0.0,0.21678450310816366,0.0,0.0,-11.753052433752288,11.753052433752288,3.9980889200799368,1.5978929672283346,days4to7,0-2F,0-20pp,0-1.25MW,hot_peak,low_weather_error,-3.5130815912195033,-3.8774817568361755,-3.8774817568361755,-3.8774817568361755,-3.8774817568361755,-3.8774817568361755
2026-06-04 17:00:00-07:00,origin_20,2026-05-29 00:00:00-07:00,2026,5,162,7,Days2to7,Summer,6,17,261.03715,93.7,94.5,0.0,4.264204814648444,0.0,0.0,263.22257534867794,260.98553466796875,262.90625982743256,264.3587970765518,263.22257534867794,263.8271603790001,263.8271603790001,263.8271603790001,263.8271603790001,263.8271603790001,263.8271603790001,263.8271603790001,0,0.0,none,263.8271603790001,263.8271603790001,-2.1854253486779385,0.05161533203124691,-1.8691098274325668,-3.3216470765518125,-2.79001037900008,-2.79001037900008,-2.79001037900008,-2.79001037900008,2.79001037900008,0.0,0.6045850303221414,0.0,0.0,0.0,0.0,0.0,0.6045850303221414,Recent_Corrected_Forecast_MWH,days4to7_recent_corrected,raw_bias,none,none,recent_mean+last24_mean+same_hour+hourgroup+global+cloud_hourgroup+solar_hourgroup+solar_loss_hourgroup,3.0,10,230.24716130000002,243.33112659999998,70,213.90568264285713,239.40674,30.78998869999998,Peak,3,0,0,1,4.0,1.35,0.22,3.7,0.0,245.78255633791883,192.14568786857484,-2.1854253486779385,2.1854253486779385,0.837208553908108,Spring,0.0,0.0,0.0,0.0,Clear/Low,1.0,None,0.6045850303221348,weighted_fallback,global+hour+temp_cloud_hourgroup,263.8271603790001,0.0,263.8271603790001,none,170+,other,0.7,0.0,0.0,0.0,-0.0,263.8271603790001,0.0,0.0,71.0768874801031,17.4400190107591,1.0688173614368988,4.0,Medium-Low,249.9922484736703,249.79745483398438,250.2878551587672,249.5833790084282,11.04490152632971,258.59683350399246,2.44031649600754,2.44031649600754,0.9348540987394094,94.3,94.6,0.0,4.388889165953954,0.0,0.0,7.0,8.0,weather_uncertainty_peak_hedge,7.428912301120706,2.1876817899158945,22.00000000000003,7.89579,0.4972004067990663,1.0,258.59683350399246,258.59683350399246,0.0,0.0,none,60.73229831002524,27.267404251205534,272.59683350399246,272.59683350399246,231.4728000108442,246.26733440248853,235.11448687427085,250.87020791489357,1.0,231.4728000108442,272.59683350399246,41.12403349314826,20.56201674657413,22.00000000000003,45,2026-04-13 23:00:00-07:00,2026-05-28 23:00:00-07:00,2026-06-04,0.0,2.1854253486779385,2.1854253486779385,0,1,141.057125,136.156775,253.55978885714285,0.5999999999999943,0.09999999999999432,0.0,0.12468435130551025,0.0,0.0,-5.23032687500762,5.23032687500762,-0.3496938829925398,-0.13396326269748954,days4to7,0-2F,0-20pp,0-1.25MW,hot_peak,low_weather_error,-2.1854253486779385,-2.79001037900008,-2.79001037900008,-2.79001037900008,-2.79001037900008,-2.79001037900008
2026-06-04 18:00:00-07:00,origin_20,2026-05-29 00:00:00-07:00,2026,5,163,7,Days2to7,Summer,6,18,263.131475,93.0,94.5,0.0,1.474913599089792e-15,0.0,0.0,262.78341026804185,260.7533874511719,261.4828290958554,265.4071872005833,262.78341026804185,263.43839815454675,263.43839815454675,263.43839815454675,263.43839815454675,263.43839815454675,263.43839815454675,263.43839815454675,0,0.0,none,263.43839815454675,263.43839815454675,0.3480647319581749,2.378087548828148,1.6486459041446437,-2.275712200583257,-0.30692315454672325,-0.30692315454672325,-0.30692315454672325,-0.30692315454672325,0.30692315454672325,0.0,0.6549878865048981,0.0,0.0,0.0,0.0,0.0,0.6549878865048981,Recent_Corrected_Forecast_MWH,days4to7_recent_corrected,raw_bias,none,none,recent_mean+last24_mean+same_hour+hourgroup+global+cloud_hourgroup+solar_hourgroup+solar_loss_hourgroup,3.0,10,232.6802873,248.66103660000002,70,213.90568264285713,239.40674,30.45118770000002,Peak,3,0,0,1,4.0,1.35,0.22,3.3,0.0,250.44789078738117,196.4967043194415,0.3480647319581749,0.3480647319581749,0.1322778781816865,Spring,0.0,0.0,0.0,0.0,Clear/Low,0.0,None,0.6549878865048966,weighted_fallback,global+hour+temp_cloud_hourgroup,263.43839815454675,0.0,263.43839815454675,none,170+,other,0.7,0.0,0.0,0.0,-0.0,263.43839815454675,0.0,0.0,66.28670594860034,12.335519480660679,0.11664250905245115,4.0,Low,249.22828705731075,250.330810546875,249.6569260988129,248.23970470936035,13.903187942689271,257.88327494381565,5.248200056184373,5.248200056184373,1.9945162608100655,92.2,94.6,0.0,1.548659279044282e-15,0.0,0.0,7.0,8.0,weather_uncertainty_peak_hedge,8.0,2.187681789915892,22.0,7.89579,0.4972004067990663,1.0,257.88327494381565,257.88327494381565,0.0,0.0,none,55.76408222375716,23.115976354270657,271.88327494381565,271.88327494381565,232.0046975208839,246.02056540984734,236.80554785539567,251.8904720688516,1.0,232.0046975208839,271.88327494381565,39.878577422931755,19.939288711465878,22.0,45,2026-04-13 23:00:00-07:00,2026-05-28 23:00:00-07:00,2026-06-04,0.3480647319581749,0.0,-0.3480647319581749,1,0,150.099333,143.195116,252.81766514285715,-0.7999999999999972,0.09999999999999432,0.0,7.374567995448988e-17,0.0,0.0,-5.555123210731097,5.555123210731097,4.94127690163765,1.8778737517576145,days4to7,0-2F,0-20pp,0-1.25MW,hot_peak,low_weather_error,0.3480647319581749,-0.30692315454672325,-0.30692315454672325,-0.30692315454672325,-0.30692315454672325,-0.30692315454672325
2026-06-04 19:00:00-07:00,origin_20,2026-05-29 00:00:00-07:00,2026,5,164,7,Days2to7,Summer,6,19,255.920625,91.7,94.5,0.0,0.0,0.0,0.0,254.20430608703828,253.51669311523438,253.66858524801194,255.24261396888073,254.20430608703828,254.94808861610213,254.94808861610213,254.94808861610213,254.94808861610213,254.94808861610213,254.94808861610213,254.94808861610213,0,0.0,none,254.94808861610213,254.94808861610213,1.7163189129617251,2.403931884765626,2.2520397519880646,0.6780110311192686,0.9725363838978751,0.9725363838978751,0.9725363838978751,0.9725363838978751,0.9725363838978751,0.0,0.74378252906385,0.0,0.0,0.0,0.0,0.0,0.74378252906385,Recent_Corrected_Forecast_MWH,days4to7_recent_corrected,raw_bias,none,none,recent_mean+last24_mean+same_hour+hourgroup+global+cloud_hourgroup+solar_hourgroup+solar_loss_hourgroup,3.0,10,225.3923922,244.1583244,70,213.90568264285713,239.40674,30.528232800000012,Peak,3,0,0,1,4.0,0.0,0.23,3.3,0.0,244.9532202507864,193.89249644619684,1.7163189129617251,1.7163189129617251,0.6706450146258142,Spring,0.0,0.0,0.0,0.0,Clear/Low,0.0,None,0.7437825290638616,weighted_fallback,global+hour+temp_cloud_hourgroup,254.94808861610213,0.0,254.94808861610213,none,170+,other,1.0,0.0,0.0,0.0,-0.0,254.94808861610213,0.0,0.0,60.31180964084143,9.251085836251889,0.3800148518306702,4.0,None,239.00290837685094,240.03277587890625,240.36596832025862,236.56670917948009,16.91771662314906,247.7466909059148,8.173934094085212,8.173934094085212,3.1939333119732773,88.8,94.6,0.0,0.0,0.0,0.0,7.0,8.0,weather_uncertainty_peak_hedge,7.246982648459733,1.8850648112457697,18.95679071726485,7.89579,0.4972004067990663,1.0,247.7466909059148,247.7466909059148,0.0,0.0,none,49.11904853888328,21.49023324535301,258.70348162317964,261.74669090591476,223.5954359828418,236.3924119011415,227.89857039154774,243.5209944178698,1.0,223.5954359828418,261.74669090591476,38.15125492307297,19.075627461536484,21.99999999999997,45,2026-04-13 23:00:00-07:00,2026-05-28 23:00:00-07:00,2026-06-04,1.7163189129617251,0.0,-1.7163189129617251,1,0,160.326075,154.249975,249.50384285714287,-2.9000000000000057,0.09999999999999432,0.0,0.0,0.0,0.0,-7.2013977101873365,7.2013977101873365,7.2013977101873365,2.8139184601426073,days4to7,0-2F,0-20pp,0-1.25MW,hot_peak,low_weather_error,1.7163189129617251,0.9725363838978751,0.9725363838978751,0.9725363838978751,0.9725363838978751,0.9725363838978751
2026-06-04 20:00:00-07:00,origin_20,2026-05-29 00:00:00-07:00,2026,5,165,7,Days2to7,Summer,6,20,243.503625,89.8,94.5,0.0,0.0,0.0,0.0,240.32254271130756,239.2760772705078,240.0396844096685,241.0660244541118,240.32254271130756,241.39851303977414,241.39851303977414,241.39851303977414,241.39851303977414,241.39851303977414,241.39851303977414,241.39851303977414,0,0.0,none,241.39851303977414,241.39851303977414,3.181082288692437,4.227547729492187,3.4639405903315037,2.4376005458881878,2.1051119602258552,2.1051119602258552,2.1051119602258552,2.1051119602258552,2.1051119602258552,0.0,1.0759703284665818,0.0,0.0,0.0,0.0,0.0,1.0759703284665818,Recent_Corrected_Forecast_MWH,days4to7_recent_corrected,raw_bias,none,none,recent_mean+last24_mean+same_hour+hourgroup+global+cloud_hourgroup+solar_hourgroup+solar_loss_hourgroup,3.0,10,211.1628387,230.4176605,70,213.90568264285713,239.40674,32.34078629999999,Peak,3,0,0,1,4.0,0.0,0.25,5.0,0.0,231.74508618607945,187.31059787272827,3.181082288692437,3.181082288692437,1.3063798490443157,Spring,0.0,0.0,0.0,0.0,Clear/Low,0.0,None,1.075970328466569,weighted_fallback,global+hour+temp_cloud_hourgroup,241.39851303977414,0.0,241.39851303977414,none,170+,other,1.0,0.0,0.0,0.0,-0.0,241.39851303977414,0.0,0.0,53.011944838579296,8.577456525228115,0.8645094955879425,4.0,None,223.9725522910749,223.17164611816406,224.7836476727293,222.9268041693067,19.53107270892511,227.41241959395737,16.091205406042633,16.091205406042633,6.608199531338654,85.2,94.6,0.0,0.0,0.0,0.0,7.0,2.3638969744158995,weather_uncertainty_peak_hedge,0.7827364450634335,1.5811605293524662,15.900635917937421,7.89579,0.4972004067990663,1.0,227.41241959395737,227.41241959395737,0.0,0.0,none,40.9844975546859,20.694414006631035,240.9491585374789,247.04852261954147,209.45090869304082,224.29930074493134,218.3533316162586,228.76183904835887,1.0,209.45090869304082,247.04852261954147,37.59761392650066,18.79880696325033,22.0,45,2026-04-13 23:00:00-07:00,2026-05-28 23:00:00-07:00,2026-06-04,3.181082288692437,0.0,-3.181082288692437,1,0,173.421408,166.870333,230.79150085714286,-4.599999999999994,0.09999999999999432,0.0,0.0,0.0,0.0,-13.986093445816778,13.986093445816778,13.986093445816778,5.743690035750712,days4to7,0-2F,0-20pp,0-1.25MW,hot_peak,low_weather_error,3.181082288692437,2.1051119602258552,2.1051119602258552,2.1051119602258552,2.1051119602258552,2.1051119602258552
2026-06-05 14:00:00-07:00,origin_20,2026-05-29 00:00:00-07:00,2026,5,183,8,Days8to16,Summer,6,14,229.425308,94.3,96.8,0.17,20.65149755223024,0.0,0.0,238.00255340060653,238.56382751464844,238.9979926486945,236.2779276924564,238.09480308455636,238.66080105758937,238.66080105758937,238.66080105758937,238.39370168919044,236.27370168919043,236.27370168919043,236.27370168919043,0,0.0,none,236.27370168919043,236.27370168919043,-8.577245400606529,-9.138519514648436,-9.57268464869449,-6.852619692456386,-6.848393689190431,-6.848393689190431,-6.848393689190431,-6.848393689190431,6.848393689190431,0.0922496839498308,0.5659979730330065,0.0,0.0,-0.2670993683989309,-2.1200000000000045,0.0,-1.7288517114160982,Final_Backtest_Forecast_MWH,days8plus_final_low_confidence+long_horizon_peak_month_correction,raw_bias,none,none,recent_mean+last24_mean+same_hour+hourgroup+global+cloud_hourgroup+solar_hourgroup+solar_loss_hourgroup,3.0,8,199.47841950000003,228.9191698,56,236.32982358928572,269.356791,29.94688849999997,Midday,4,0,0,0,5.0,1.1507333471328791,0.22,2.9,0.0,213.64916914933937,169.30408225712495,-8.577245400606529,8.577245400606529,3.7385785706808465,Spring,0.09224968394982606,0.0,0.09224968394982606,0.0,Clear/Low,5.0,None,0.5659979730330115,weighted_fallback,global+hour,238.39370168919044,0.0,238.66080105758937,none,170+,other,0.7,0.0,0.0,0.0,-0.26709936839893955,238.66080105758937,-2.12,0.0,68.69847114348158,24.35338425126716,2.98502102880055,5.0,High,,,,,,,,,,,,,,,,,0.0,none,0.0,0.0,0.0,,,0.0,,,0.0,0.0,none,,,,,,,,,0.0,,,,,0.0,45,2026-04-13 23:00:00-07:00,2026-05-28 23:00:00-07:00,2026-06-05,0.0,8.577245400606529,8.577245400606529,0,1,124.624375,113.497358,205.07980442857144,,,,,,,,,,,,,,,,,-8.66949508455636,-9.235493057589366,-9.235493057589366,-9.235493057589366,-8.968393689190435,-6.848393689190431
2026-06-05 15:00:00-07:00,origin_20,2026-05-29 00:00:00-07:00,2026,5,184,8,Days8to16,Summer,6,15,249.014525,95.9,96.8,0.27,15.669623203069325,0.0,0.0,255.0215579257491,255.76315307617188,253.9339820004249,256.51872147970914,255.1331735898467,255.54974311108543,255.54974311108543,255.54974311108543,255.36545220073273,253.24545220073273,253.24545220073273,253.24545220073273,0,0.0,none,253.24545220073273,253.24545220073273,-6.007032925749115,-6.748628076171883,-4.919457000424899,-7.504196479709151,-4.2309272007327365,-4.2309272007327365,-4.2309272007327365,-4.2309272007327365,4.2309272007327365,0.11161566409759871,0.4165695212387277,0.0,0.0,-0.18429091035270062,-2.1200000000000045,0.0,-1.7761057250163788,Final_Backtest_Forecast_MWH,days8plus_final_low_confidence+long_horizon_peak_month_correction,raw_bias,none,none,recent_mean+last24_mean+same_hour+hourgroup+global+solar_hourgroup+solar_loss_hourgroup,3.0,8,220.880339,250.3929885,56,236.32982358928572,269.356791,28.134186,Midday,4,0,0,0,5.0,1.3097034182030802,0.2,2.3,0.0,235.0702933083603,184.21246985508665,-6.007032925749115,6.007032925749115,2.4123223035881605,Spring,0.11161566409760453,0.0,0.11161566409760453,1.0,Some Clouds,4.0,None,0.4165695212387319,weighted_fallback,global+hour,255.36545220073273,0.0,255.54974311108543,none,170+,other,0.7,0.0,0.0,0.0,-0.1842909103527122,255.54974311108543,-2.12,0.0,70.80908807066245,19.9512646173888,1.699068438169515,5.0,Medium-High,,,,,,,,,,,,,,,,,0.0,none,0.0,0.0,0.0,,,0.0,,,0.0,0.0,none,,,,,,,,,0.0,,,,,0.0,45,2026-04-13 23:00:00-07:00,2026-05-28 23:00:00-07:00,2026-06-05,0.0,6.007032925749115,6.007032925749115,0,1,132.480216,120.454241,231.83986885714285,,,,,,,,,,,,,,,,,-6.118648589846714,-6.535218111085442,-6.535218111085442,-6.535218111085442,-6.350927200732741,-4.2309272007327365
2026-06-05 16:00:00-07:00,origin_20,2026-05-29 00:00:00-07:00,2026,5,185,8,Days8to16,Summer,6,16,268.59595,96.8,96.8,0.27,9.6469103883133,0.0,0.0,268.5839203940677,266.1576843261719,267.92669675470376,270.30991070389564,268.5839203940677,268.9808824412041,268.9808824412041,268.9808824412041,268.7948396633202,265.0848396633202,265.0848396633202,265.0848396633202,0,0.0,none,265.0848396633202,265.0848396633202,0.012029605932298182,2.438265673828141,0.669253245296261,-1.7139607038956228,3.511110336679792,3.511110336679792,3.511110336679792,3.511110336679792,3.511110336679792,0.0,0.3969620471363555,0.0,0.0,-0.1860427778838698,-3.7099999999999795,0.0,-3.499080730747494,Final_Backtest_Forecast_MWH,days8plus_final_low_confidence+long_horizon_peak_month_correction+long_horizon_hot_month_correction,raw_bias,none,none,recent_mean+last24_mean+same_hour+hourgroup+global+solar_hourgroup+solar_loss_hourgroup,3.0,8,240.86553600000002,267.7118679,56,236.32982358928572,269.356791,27.730413999999996,Peak,4,0,0,1,5.0,1.35,0.18,2.0,0.0,253.7231395912195,199.22100158081003,0.012029605932298182,0.012029605932298182,0.0044786996722393545,Spring,0.0,0.0,0.0,1.0,Some Clouds,2.0,None,0.3969620471363423,weighted_fallback,global+hour,268.7948396633202,0.0,268.9808824412041,none,170+,other,0.7,0.0,0.0,0.0,-0.18604277788387455,268.9808824412041,0.0,-3.71,69.36291881325769,14.860780802848211,1.3072089644984564,5.0,Medium-Low,,,,,,,,,,,,,,,,,0.0,none,0.0,0.0,0.0,,,0.0,,,0.0,0.0,none,,,,,,,,,0.0,,,,,0.0,45,2026-04-13 23:00:00-07:00,2026-05-28 23:00:00-07:00,2026-06-05,0.012029605932298182,0.0,-0.012029605932298182,1,0,140.481283,124.9937,243.97538185714285,,,,,,,,,,,,,,,,,0.012029605932298182,-0.38493244120405734,-0.38493244120405734,-0.38493244120405734,-0.19888966332018754,3.511110336679792
2026-06-05 17:00:00-07:00,origin_20,2026-05-29 00:00:00-07:00,2026,5,186,8,Days8to16,Summer,6,17,273.122358,96.3,96.8,0.4,4.064709852559629,0.0,0.0,276.5465410940544,277.4668884277344,277.1301664105583,275.3664592156398,276.5465410940544,277.24759597588553,277.24759597588553,277.24759597588553,277.0055953037134,273.2955953037134,273.2955953037134,273.2955953037134,0,0.0,none,273.2955953037134,273.2955953037134,-3.424183094054399,-4.344530427734355,-4.007808410558255,-2.2441012156397733,-0.17323730371339252,-0.17323730371339252,-0.17323730371339252,-0.17323730371339252,0.17323730371339252,0.0,0.7010548818311122,0.0,0.0,-0.24200067217213928,-3.7099999999999795,0.0,-3.2509457903410066,Final_Backtest_Forecast_MWH,days8plus_final_low_confidence+long_horizon_peak_month_correction+long_horizon_hot_month_correction,raw_bias,none,none,recent_mean+last24_mean+same_hour+hourgroup+global+solar_hourgroup+solar_loss_hourgroup,3.0,8,253.621961125,277.809623,56,236.32982358928572,269.356791,19.500396875000007,Peak,4,0,0,1,5.0,1.35,0.19,2.6,0.0,263.22257534867794,210.44432720410023,-3.424183094054399,3.424183094054399,1.253717608155096,Spring,0.0,0.0,0.0,1.0,Some Clouds,1.0,None,0.7010548818311322,weighted_fallback,global+hour,277.0055953037134,0.0,277.24759597588553,none,170+,other,0.7,0.0,0.0,0.0,-0.24200067217214247,277.24759597588553,0.0,-3.71,66.10221388995419,13.323965745376483,0.06342845931104349,5.0,Medium-Low,,,,,,,,,,,,,,,,,0.0,none,0.0,0.0,0.0,,,0.0,,,0.0,0.0,none,,,,,,,,,0.0,,,,,0.0,45,2026-04-13 23:00:00-07:00,2026-05-28 23:00:00-07:00,2026-06-05,0.0,3.424183094054399,3.424183094054399,0,1,151.044775,130.518141,259.44435814285714,,,,,,,,,,,,,,,,,-3.424183094054399,-4.125237975885511,-4.125237975885511,-4.125237975885511,-3.883237303713372,-0.17323730371339252
2026-06-05 18:00:00-07:00,origin_20,2026-05-29 00:00:00-07:00,2026,5,187,8,Days8to16,Summer,6,18,274.913308,96.0,96.8,0.27,1.3805191287480456e-15,0.0,0.0,274.744912017919,275.79949951171875,273.4504684681304,276.477726883644,274.744912017919,275.5097808600183,275.5097808600183,275.5097808600183,275.16669450953316,271.4566945095332,271.4566945095332,271.4566945095332,0,0.0,none,271.4566945095332,271.4566945095332,0.1683959820809946,-0.8861915117187777,1.4628395318695766,-1.5644188836440094,3.4566134904667933,3.4566134904667933,3.4566134904667933,3.4566134904667933,3.4566134904667933,0.0,0.764868842099304,0.0,0.0,-0.34308635048512315,-3.7099999999999795,0.0,-3.2882175083857987,Final_Backtest_Forecast_MWH,days8plus_final_low_confidence+long_horizon_peak_month_correction+long_horizon_hot_month_correction,raw_bias,none,none,recent_mean+last24_mean+same_hour+hourgroup+global+solar_hourgroup+solar_loss_hourgroup,3.0,8,256.90235175,276.73857730000003,56,236.32982358928572,269.356791,18.010956249999992,Peak,4,0,0,1,5.0,1.35,0.2,4.8,0.0,262.78341026804185,213.86795707201895,0.1683959820809946,0.1683959820809946,0.061254212575622066,Spring,0.0,0.0,0.0,1.0,Some Clouds,0.0,None,0.7648688420993014,weighted_fallback,global+hour,275.16669450953316,0.0,275.5097808600183,none,170+,other,0.7,0.0,0.0,0.0,-0.34308635048510594,275.5097808600183,0.0,-3.71,60.876954945900025,11.96150174987713,1.257346730725307,5.0,Low,,,,,,,,,,,,,,,,,0.0,none,0.0,0.0,0.0,,,0.0,,,0.0,0.0,none,,,,,,,,,0.0,,,,,0.0,45,2026-04-13 23:00:00-07:00,2026-05-28 23:00:00-07:00,2026-06-05,0.1683959820809946,0.0,-0.1683959820809946,1,0,163.731575,137.8902,262.6581511428572,,,,,,,,,,,,,,,,,0.1683959820809946,-0.5964728600183093,-0.5964728600183093,-0.5964728600183093,-0.2533865095331862,3.4566134904667933
2026-06-05 19:00:00-07:00,origin_20,2026-05-29 00:00:00-07:00,2026,5,188,8,Days8to16,Summer,6,19,265.752475,93.7,96.8,0.23,0.0,0.0,0.0,262.72434229289325,261.8762512207031,261.85251307411573,264.33667137159796,262.72434229289325,263.601632101212,263.601632101212,263.601632101212,263.2527592571949,271.5427592571949,259.5427592571949,271.5427592571949,1,12.0,june_long_95_100_evening_recovery_up,271.5427592571949,271.5427592571949,3.0281327071067494,3.876223779296879,3.89996192588427,1.4158036284020454,-5.790284257194912,6.209715742805088,-5.790284257194912,-5.790284257194912,5.790284257194912,0.0,0.8772898083187215,0.0,0.0,-0.3488728440170803,8.29000000000002,12.0,8.818416964301662,Final_Backtest_Forecast_MWH,days8plus_final_low_confidence+long_horizon_hot_month_correction,raw_bias,none,none,recent_mean+last24_mean+same_hour+hourgroup+global+solar_hourgroup+solar_loss_hourgroup,3.0,8,249.521006,270.0134279,56,236.32982358928572,269.356791,16.231469000000004,Peak,4,0,0,1,5.0,0.0,0.24,9.6,0.0,254.20430608703828,209.62357831577373,3.0281327071067494,3.0281327071067494,1.139456069828418,Spring,0.0,0.0,0.0,1.0,Some Clouds,0.0,None,0.8772898083187123,weighted_fallback,global+hour,263.2527592571949,0.0,263.601632101212,none,170+,other,1.0,0.0,0.0,0.0,-0.3488728440170998,263.601632101212,0.0,-3.71,53.10076397711953,8.520036205854979,2.178826088899045,5.0,None,,,,,,,,,,,,,,,,,0.0,none,0.0,0.0,0.0,,,0.0,,,0.0,0.0,none,,,,,,,,,0.0,,,,,0.0,45,2026-04-13 23:00:00-07:00,2026-05-28 23:00:00-07:00,2026-06-05,3.0281327071067494,0.0,-3.0281327071067494,1,0,177.049733,145.590008,256.0373071428572,,,,,,,,,,,,,,,,,3.0281327071067494,2.150842898788028,2.150842898788028,2.150842898788028,2.499715742805108,-5.790284257194912
2026-06-05 20:00:00-07:00,origin_20,2026-05-29 00:00:00-07:00,2026,5,189,8,Days8to16,Summer,6,20,248.061708,89.4,96.8,0.24,0.0,0.0,0.0,245.2213319477604,244.73626708984375,244.45217790114214,246.568592551851,245.2213319477604,246.51919750590943,246.51919750590943,246.51919750590943,246.27236224220164,244.56236224220163,242.56236224220163,244.56236224220163,1,2.0,june_long_95_100_low_forecast_hot_extra_up,244.56236224220163,244.56236224220163,2.8403760522396055,3.32544091015626,3.6095300988578742,1.4931154481490125,3.4993457577983804,5.49934575779838,3.4993457577983804,3.4993457577983804,3.4993457577983804,0.0,1.2978655581490273,0.0,0.0,-0.24683526370779418,-1.710000000000008,2.0,-0.6589697055587749,Final_Backtest_Forecast_MWH,days8plus_final_low_confidence+long_horizon_hot_month_correction,raw_bias,none,none,recent_mean+last24_mean+same_hour+hourgroup+global+solar_hourgroup+solar_loss_hourgroup,3.0,8,233.03915174999997,253.381823,56,236.32982358928572,269.356791,15.022556250000036,Peak,4,0,0,1,5.0,0.0,0.27,11.1,0.0,240.32254271130756,200.31523383148647,2.8403760522396055,2.8403760522396055,1.1450280154644448,Spring,0.0,0.0,0.0,1.0,Some Clouds,0.0,None,1.2978655581490353,weighted_fallback,global+hour,246.27236224220164,0.0,246.51919750590943,none,170+,other,1.0,0.0,0.0,0.0,-0.24683526370779538,246.51919750590943,0.0,-3.71,44.90609811627394,4.898789236452842,1.4106755073210977,5.0,None,,,,,,,,,,,,,,,,,0.0,none,0.0,0.0,0.0,,,0.0,,,0.0,0.0,none,,,,,,,,,0.0,,,,,0.0,45,2026-04-13 23:00:00-07:00,2026-05-28 23:00:00-07:00,2026-06-05,2.8403760522396055,0.0,-2.8403760522396055,1,0,192.731983,158.646916,241.8986794285714,,,,,,,,,,,,,,,,,2.8403760522396055,1.5425104940905783,1.5425104940905783,1.5425104940905783,1.7893457577983725,3.4993457577983804
2026-06-10 14:00:00-07:00,origin_20,2026-05-29 00:00:00-07:00,2026,5,303,13,Days8to16,Summer,6,14,195.660733,94.7,98.2,0.63,20.755798044918272,0.0,0.0,212.6563067250238,213.63070678710938,210.57251851167942,215.65243104254046,209.86116742204314,210.42716539507614,210.31441615237193,210.31441615237193,210.05304616975087,207.93304616975087,207.93304616975087,207.93304616975087,0,0.0,none,207.93304616975087,207.93304616975087,-16.995573725023803,-17.96997378710938,-14.911785511679426,-19.991698042540463,-12.272313169750873,-12.272313169750873,-12.272313169750873,-12.272313169750873,12.272313169750873,-2.795139302980658,0.5659979730330065,-0.11274924270421138,0.0,-0.26136998262106204,-2.1200000000000045,0.0,-4.72326055527293,Final_Backtest_Forecast_MWH,days8plus_final_low_confidence+long_horizon_peak_month_correction,raw_bias+solar_cloud_midday,event_class_hour_loss+hour_cloud_loss+hour_base_loss+hour_loss+hour_cloud,none,recent_mean+last24_mean+same_hour+hourgroup+global+cloud_hourgroup+solar_hourgroup+solar_loss_hourgroup,3.0,7,213.0746852857143,236.854926,49,247.39968908163266,281.792576,-17.413952285714316,Midday,2,0,0,0,5.0,1.1525272440424363,0.15,9.1,0.0,175.55281204758273,182.68584590209667,-16.995573725023803,16.995573725023803,8.68624657816436,Spring,-1.1209207219535562,-1.6742185810271033,-2.7951393029806595,3.0,Mostly Cloudy,5.0,None,0.5659979730330115,weighted_fallback,global+hour,210.05304616975087,0.0,210.42716539507614,none,170+,solar_loss_general,0.7,-0.11274924270421896,-0.11274924270421896,0.0,-0.26136998262105815,210.31441615237193,-2.12,0.0,29.970460822927123,37.10349467744106,6.2722412318423,5.0,High,,,,,,,,,,,,,,,,,0.0,none,0.0,0.0,0.0,,,0.0,,,0.0,0.0,none,,,,,,,,,0.0,,,,,0.0,45,2026-04-13 23:00:00-07:00,2026-05-28 23:00:00-07:00,2026-06-10,0.0,16.995573725023803,16.995573725023803,0,1,115.556416,191.484675,160.40955342857143,,,,,,,,,,,,,,,,,-14.200434422043145,-14.766432395076151,-14.65368315237194,-14.65368315237194,-14.392313169750878,-12.272313169750873
2026-06-10 15:00:00-07:00,origin_20,2026-05-29 00:00:00-07:00,2026,5,304,13,Days8to16,Summer,6,15,217.473791,96.8,98.2,0.33,15.976202787477202,0.0,0.0,232.9396546549617,232.6202850341797,231.768597457322,234.87113585719032,231.81873393300816,232.2353034542469,232.2353034542469,232.2353034542469,232.0510125438942,229.93101254389418,229.93101254389418,229.93101254389418,0,0.0,none,229.93101254389418,229.93101254389418,-15.465863654961709,-15.146494034179682,-14.294806457321982,-17.39734485719032,-12.457221543894178,-12.457221543894178,-12.457221543894178,-12.457221543894178,12.457221543894178,-1.1209207219535529,0.4165695212387277,0.0,0.0,-0.18429091035270062,-2.1200000000000045,0.0,-3.0086421110675303,Final_Backtest_Forecast_MWH,days8plus_final_low_confidence+long_horizon_peak_month_correction,raw_bias,none,none,recent_mean+last24_mean+same_hour+hourgroup+global+solar_hourgroup+solar_loss_hourgroup,3.0,7,234.12113871428573,257.1663796,49,247.39968908163266,281.792576,-16.64734771428573,Midday,2,0,0,0,5.0,1.3306890630559727,0.14,9.0,0.0,190.75324777575665,199.35575900074886,-15.465863654961709,15.465863654961709,7.111598866164846,Spring,-1.1209207219535562,0.0,-1.1209207219535562,1.0,Some Clouds,4.0,None,0.4165695212387319,weighted_fallback,global+hour,232.0510125438942,0.0,232.2353034542469,none,170+,other,0.7,0.0,0.0,0.0,-0.1842909103527122,232.2353034542469,-2.12,0.0,33.58389565421285,42.186406879205066,5.728148429570614,5.0,Medium-High,,,,,,,,,,,,,,,,,0.0,none,0.0,0.0,0.0,,,0.0,,,0.0,0.0,none,,,,,,,,,0.0,,,,,0.0,45,2026-04-13 23:00:00-07:00,2026-05-28 23:00:00-07:00,2026-06-10,0.0,15.465863654961709,15.465863654961709,0,1,110.0683,199.907133,173.357751,,,,,,,,,,,,,,,,,-14.344942933008156,-14.761512454246883,-14.761512454246883,-14.761512454246883,-14.577221543894183,-12.457221543894178
2026-06-10 16:00:00-07:00,origin_20,2026-05-29 00:00:00-07:00,2026,5,305,13,Days8to16,Summer,6,16,236.995258,98.2,98.2,0.03,10.044348644011603,0.0,0.0,249.1052448389704,250.51815795898438,249.47239548177245,248.12460436599167,249.1052448389704,249.50220688610676,249.50220688610676,249.50220688610676,249.267468611448,245.557468611448,245.557468611448,245.557468611448,0,0.0,none,245.557468611448,245.557468611448,-12.1099868389704,-13.522899958984368,-12.477137481772445,-11.129346365991665,-8.562210611447995,-8.562210611447995,-8.562210611447995,-8.562210611447995,8.562210611447995,0.0,0.3969620471363555,0.0,0.0,-0.23473827465875274,-3.710000000000008,0.0,-3.547776227522405,Final_Backtest_Forecast_MWH,days8plus_final_low_confidence+long_horizon_peak_month_correction+long_horizon_hot_month_correction,raw_bias,none,none,recent_mean+last24_mean+same_hour+hourgroup+global+cloud_hourgroup+solar_hourgroup+solar_loss_hourgroup,3.0,7,253.26296257142857,277.145126,49,247.39968908163266,281.792576,-16.267704571428567,Peak,2,0,0,1,5.0,1.35,0.13,9.2,0.0,205.29751098553743,214.8919542402718,-12.1099868389704,12.1099868389704,5.1098013273203975,Spring,-0.0,0.0,0.0,0.0,Clear/Low,3.0,None,0.3969620471363423,weighted_fallback,global+hour,249.267468611448,0.0,249.50220688610676,none,170+,other,0.7,0.0,0.0,0.0,-0.23473827465875113,249.50220688610676,0.0,-3.71,34.21329059869862,43.80773385343298,3.612819380313506,5.0,Medium-Low,,,,,,,,,,,,,,,,,0.0,none,0.0,0.0,0.0,,,0.0,,,0.0,0.0,none,,,,,,,,,0.0,,,,,0.0,45,2026-04-13 23:00:00-07:00,2026-05-28 23:00:00-07:00,2026-06-10,0.0,12.1099868389704,12.1099868389704,0,1,109.933208,197.5873,193.6256771428571,,,,,,,,,,,,,,,,,-12.1099868389704,-12.506948886106755,-12.506948886106755,-12.506948886106755,-12.272210611448003,-8.562210611447995
2026-06-10 17:00:00-07:00,origin_20,2026-05-29 00:00:00-07:00,2026,5,306,13,Days8to16,Summer,6,17,252.155283,96.3,98.2,0.0,4.276673249778995,0.0,0.0,256.61970105108594,254.97518920898438,256.7262448025752,256.92213568220325,256.61970105108594,257.32075593291705,257.32075593291705,257.32075593291705,257.03297423763087,253.32297423763086,253.32297423763086,253.32297423763086,0,0.0,none,253.32297423763086,253.32297423763086,-4.464418051085943,-2.819906208984378,-4.570961802575198,-4.76685268220325,-1.1676912376308621,-1.1676912376308621,-1.1676912376308621,-1.1676912376308621,1.1676912376308621,0.0,0.7010548818311122,0.0,0.0,-0.2877816952861849,-3.710000000000008,0.0,-3.2967268134550807,Final_Backtest_Forecast_MWH,days8plus_final_low_confidence+long_horizon_peak_month_correction+long_horizon_hot_month_correction,raw_bias,none,none,recent_mean+last24_mean+same_hour+hourgroup+global+cloud_hourgroup+solar_hourgroup+solar_loss_hourgroup,3.0,7,265.283983,289.457408,49,247.39968908163266,281.792576,-13.12869999999998,Peak,2,0,0,1,5.0,1.35,0.14,9.9,0.0,214.16107122901778,225.2124789119213,-4.464418051085943,4.464418051085943,1.7705034762590888,Spring,-0.0,0.0,0.0,0.0,Clear/Low,1.0,None,0.7010548818311322,weighted_fallback,global+hour,257.03297423763087,0.0,257.32075593291705,none,170+,other,0.7,0.0,0.0,0.0,-0.28778169528617176,257.32075593291705,0.0,-3.71,31.407222139164645,42.45862982206816,0.46308418516492555,5.0,Medium-Low,,,,,,,,,,,,,,,,,0.0,none,0.0,0.0,0.0,,,0.0,,,0.0,0.0,none,,,,,,,,,0.0,,,,,0.0,45,2026-04-13 23:00:00-07:00,2026-05-28 23:00:00-07:00,2026-06-10,0.0,4.464418051085943,4.464418051085943,0,1,111.175875,197.5873,202.61635442857144,,,,,,,,,,,,,,,,,-4.464418051085943,-5.165472932917055,-5.165472932917055,-5.165472932917055,-4.87769123763087,-1.1676912376308621
2026-06-10 18:00:00-07:00,origin_20,2026-05-29 00:00:00-07:00,2026,5,307,13,Days8to16,Summer,6,18,257.298966,95.3,98.2,0.0,1.4867129078825107e-15,0.0,0.0,259.0742295338196,259.6594543457031,260.45322253268466,256.7400334464935,259.0742295338196,259.8390983759189,259.8390983759189,259.8390983759189,259.4554958813986,255.74549588139857,255.74549588139857,255.74549588139857,0,0.0,none,255.74549588139857,255.74549588139857,-1.7752635338196114,-2.360488345703118,-3.1542565326846557,0.5589325535065086,1.5534701186014388,1.5534701186014388,1.5534701186014388,1.5534701186014388,1.5534701186014388,0.0,0.764868842099304,0.0,0.0,-0.3836024945203462,-3.710000000000008,0.0,-3.3287336524210502,Final_Backtest_Forecast_MWH,days8plus_final_low_confidence+long_horizon_peak_month_correction+long_horizon_hot_month_correction,raw_bias,none,none,recent_mean+last24_mean+same_hour+hourgroup+global+cloud_hourgroup+solar_hourgroup+solar_loss_hourgroup,3.0,7,267.2262448571429,289.572791,49,247.39968908163266,281.792576,-9.92727885714288,Peak,2,0,0,1,5.0,1.35,0.15,10.1,0.0,216.59450026571812,227.0511575452857,-1.7752635338196114,1.7752635338196114,0.6899613944890908,Spring,-0.0,0.0,0.0,0.0,Clear/Low,0.0,None,0.7648688420993014,weighted_fallback,global+hour,259.4554958813986,0.0,259.8390983759189,none,170+,other,0.7,0.0,0.0,0.0,-0.3836024945203351,259.8390983759189,0.0,-3.71,32.02307198853393,42.479729268101494,0.6037607312426738,5.0,Low,,,,,,,,,,,,,,,,,0.0,none,0.0,0.0,0.0,,,0.0,,,0.0,0.0,none,,,,,,,,,0.0,,,,,0.0,45,2026-04-13 23:00:00-07:00,2026-05-28 23:00:00-07:00,2026-06-10,0.0,1.7752635338196114,1.7752635338196114,0,1,115.221058,193.079966,204.9198255714286,,,,,,,,,,,,,,,,,-1.7752635338196114,-2.5401323759189154,-2.5401323759189154,-2.5401323759189154,-2.156529881398569,1.5534701186014388
2026-06-10 19:00:00-07:00,origin_20,2026-05-29 00:00:00-07:00,2026,5,308,13,Days8to16,Summer,6,19,253.397125,93.7,98.2,0.0,0.0,0.0,0.0,249.58205186873926,251.6295166015625,250.16176180911535,248.08608918162724,249.58205186873926,250.45934167705798,250.45934167705798,250.45934167705798,250.07025406887712,258.3602540688771,246.3602540688771,258.3602540688771,1,12.0,june_long_95_100_evening_recovery_up,258.3602540688771,258.3602540688771,3.815073131260732,1.7676083984374884,3.235363190884641,5.311035818372744,-4.963129068877123,7.036870931122877,-4.963129068877123,-4.963129068877123,4.963129068877123,0.0,0.8772898083187215,0.0,0.0,-0.3890876081808585,8.289999999999992,12.0,8.778202200137855,Final_Backtest_Forecast_MWH,days8plus_final_low_confidence+long_horizon_hot_month_correction,raw_bias,none,none,recent_mean+last24_mean+same_hour+hourgroup+global+cloud_hourgroup+solar_hourgroup+solar_loss_hourgroup,3.0,7,258.153507,280.4559464,49,247.39968908163266,281.792576,-4.756382000000002,Peak,2,0,0,1,5.0,0.0,0.17,9.2,0.0,208.34719388055157,219.96608633257713,3.815073131260732,3.815073131260732,1.5055708036390436,Spring,0.0,0.0,0.0,0.0,Clear/Low,0.0,None,0.8772898083187123,weighted_fallback,global+hour,250.07025406887712,0.0,250.45934167705798,none,170+,other,1.0,0.0,0.0,0.0,-0.38908760818087096,250.45934167705798,0.0,-3.71,29.615965536162122,41.234857988187684,1.9586366928500563,5.0,None,,,,,,,,,,,,,,,,,0.0,none,0.0,0.0,0.0,,,0.0,,,0.0,0.0,none,,,,,,,,,0.0,,,,,0.0,45,2026-04-13 23:00:00-07:00,2026-05-28 23:00:00-07:00,2026-06-10,3.815073131260732,0.0,-3.815073131260732,1,0,123.525166,183.008183,201.84148285714284,,,,,,,,,,,,,,,,,3.815073131260732,2.9377833229420105,2.9377833229420105,2.9377833229420105,3.326870931122869,-4.963129068877123
2026-06-10 20:00:00-07:00,origin_20,2026-05-29 00:00:00-07:00,2026,5,309,13,Days8to16,Summer,6,20,242.21065,90.3,98.2,0.0,0.0,0.0,0.0,234.5581057281658,234.04611206054688,234.2782274988883,235.14419827920722,234.5581057281658,235.85597128631483,235.85597128631483,235.85597128631483,235.56360680113548,233.85360680113547,231.85360680113547,233.85360680113547,1,2.0,june_long_95_100_low_forecast_hot_extra_up,233.85360680113547,233.85360680113547,7.652544271834188,8.164537939453112,7.932422501111688,7.06645172079277,8.357043198864517,10.357043198864517,8.357043198864517,8.357043198864517,8.357043198864517,0.0,1.2978655581490273,0.0,0.0,-0.2923644851793483,-1.710000000000008,2.0,-0.704498927030329,Final_Backtest_Forecast_MWH,days8plus_final_low_confidence+long_horizon_hot_month_correction,raw_bias,none,none,recent_mean+last24_mean+same_hour+hourgroup+global+cloud_hourgroup+solar_hourgroup+solar_loss_hourgroup,3.0,7,240.67530214285713,262.3979832,49,247.39968908163266,281.792576,1.5353478571428525,Peak,2,0,0,1,5.0,0.0,0.21,6.6,0.0,198.32641389548036,209.36838670857085,7.652544271834188,7.652544271834188,3.1594582120291523,Spring,0.0,0.0,0.0,0.0,Clear/Low,0.0,None,1.2978655581490353,weighted_fallback,global+hour,235.56360680113548,0.0,235.85597128631483,none,170+,other,1.0,0.0,0.0,0.0,-0.2923644851793427,235.85597128631483,0.0,-3.71,25.189719019594946,36.23169183268544,3.4503202889156683,5.0,None,,,,,,,,,,,,,,,,,0.0,none,0.0,0.0,0.0,,,0.0,,,0.0,0.0,none,,,,,,,,,0.0,,,,,0.0,45,2026-04-13 23:00:00-07:00,2026-05-28 23:00:00-07:00,2026-06-10,7.652544271834188,0.0,-7.652544271834188,1,0,130.8272,183.008183,188.66471385714289,,,,,,,,,,,,,,,,,7.652544271834188,6.354678713685161,6.354678713685161,6.354678713685161,6.647043198864509,8.357043198864517
2026-06-11 14:00:00-07:00,origin_20,2026-05-29 00:00:00-07:00,2026,5,327,14,Days8to16,Summer,6,14,242.198091,96.7,100.1,0.0,20.776658143455876,0.0,0.0,248.28195643703066,247.71890258789062,247.62401367230783,249.4767390242065,248.0352605219972,248.6012584950302,248.6012584950302,248.6012584950302,248.33415912663128,246.21415912663127,246.21415912663127,246.21415912663127,0,0.0,none,246.21415912663127,246.21415912663127,-6.083865437030653,-5.52081158789062,-5.42592267230782,-7.27864802420649,-4.016068126631268,-4.016068126631268,-4.016068126631268,-4.016068126631268,4.016068126631268,-0.246695915033456,0.5659979730330065,0.0,0.0,-0.2670993683989309,-2.1200000000000045,0.0,-2.067797310399385,Final_Backtest_Forecast_MWH,days8plus_final_low_confidence+long_horizon_peak_month_correction,raw_bias,none,none,recent_mean+last24_mean+same_hour+hourgroup+global+cloud_hourgroup+solar_hourgroup+solar_loss_hourgroup,3.0,6,226.02657050000002,247.039808,42,257.9215899285714,286.7712877,16.171520499999986,Midday,3,0,0,0,6.0,1.1530600332870506,0.16,3.9,0.0,212.6563067250238,185.80010963216003,-6.083865437030653,6.083865437030653,2.511937815823104,Spring,-0.24669591503345278,0.0,-0.24669591503345278,0.0,Clear/Low,5.0,None,0.5659979730330115,weighted_fallback,global+hour,248.33415912663128,0.0,248.6012584950302,none,170+,other,0.7,0.0,0.0,0.0,-0.26709936839893955,248.6012584950302,-2.12,0.0,62.48184680487063,35.62564971200686,1.6581749715902045,6.0,High,,,,,,,,,,,,,,,,,0.0,none,0.0,0.0,0.0,,,0.0,,,0.0,0.0,none,,,,,,,,,0.0,,,,,0.0,45,2026-04-13 23:00:00-07:00,2026-05-28 23:00:00-07:00,2026-06-11,0.0,6.083865437030653,6.083865437030653,0,1,130.280758,123.90315,186.11251042857143,,,,,,,,,,,,,,,,,-5.837169521997197,-6.403167495030203,-6.403167495030203,-6.403167495030203,-6.136068126631272,-4.016068126631268
2026-06-11 15:00:00-07:00,origin_20,2026-05-29 00:00:00-07:00,2026,5,328,14,Days8to16,Summer,6,15,263.335733,98.9,100.1,0.0,16.07839598227983,0.0,0.0,266.1004888528313,265.9677734375,265.8507933059249,266.5307862594931,265.7764699389962,266.1930394602349,266.1930394602349,266.1930394602349,265.9898992707153,263.8698992707153,263.8698992707153,263.8698992707153,0,0.0,none,263.8698992707153,263.8698992707153,-2.7647558528312857,-2.6320404374999953,-2.5150603059249192,-3.195053259493079,-0.534166270715275,-0.534166270715275,-0.534166270715275,-0.534166270715275,0.534166270715275,-0.3240189138351184,0.4165695212387277,0.0,0.0,-0.20314018951961543,-2.1200000000000045,0.0,-2.2305895821160107,Final_Backtest_Forecast_MWH,days8plus_final_low_confidence+long_horizon_peak_month_correction,raw_bias,none,none,recent_mean+last24_mean+same_hour+hourgroup+global+cloud_hourgroup+solar_hourgroup+solar_loss_hourgroup,3.0,6,246.6033065,267.7399375,42,257.9215899285714,286.7712877,16.732426500000003,Midday,3,0,0,0,6.0,1.3384748171617815,0.15,4.0,0.0,232.9396546549617,202.4000662092951,-2.7647558528312857,2.7647558528312857,1.0498977185262153,Spring,-0.3240189138351337,0.0,-0.3240189138351337,0.0,Clear/Low,4.0,None,0.4165695212387319,weighted_fallback,global+hour,265.9898992707153,0.0,266.1930394602349,none,170+,other,0.7,0.0,0.0,0.0,-0.2031401895196408,266.1930394602349,-2.12,0.0,63.7004226435362,33.160834197869576,0.20284610243733048,6.0,Medium-High,,,,,,,,,,,,,,,,,0.0,none,0.0,0.0,0.0,,,0.0,,,0.0,0.0,none,,,,,,,,,0.0,,,,,0.0,45,2026-04-13 23:00:00-07:00,2026-05-28 23:00:00-07:00,2026-06-11,0.0,2.7647558528312857,2.7647558528312857,0,1,122.384008,133.677975,190.84348414285714,,,,,,,,,,,,,,,,,-2.4407369389961673,-2.857306460234895,-2.857306460234895,-2.857306460234895,-2.6541662707152796,-0.534166270715275
2026-06-11 16:00:00-07:00,origin_20,2026-05-29 00:00:00-07:00,2026,5,329,14,Days8to16,Summer,6,16,281.60275,100.1,100.1,0.0,10.104566561541647,0.0,0.0,283.5465144301084,280.38848876953125,283.8118788743525,284.03180620646117,283.5465144301084,283.94347647724476,283.94347647724476,283.94347647724476,283.713832377935,281.503832377935,280.003832377935,281.503832377935,1,1.5,june_long_hot_100_105_peak_finish_up,281.503832377935,281.503832377935,-1.9437644301083878,1.2142612304687646,-2.209128874352473,-2.429056206461155,0.09891762206501653,1.5989176220650165,0.09891762206501653,0.09891762206501653,0.09891762206501653,0.0,0.3969620471363555,0.0,0.0,-0.22964409930978036,-2.2099999999999795,1.5,-2.0426820521734044,Final_Backtest_Forecast_MWH,days8plus_final_low_confidence+long_horizon_peak_month_correction+long_horizon_hot_month_correction,raw_bias,none,none,recent_mean+last24_mean+same_hour+hourgroup+global+cloud_hourgroup+solar_loss_hourgroup,3.0,6,264.22042716666664,283.7433285,42,257.9215899285714,286.7712877,17.382322833333376,Peak,3,0,0,1,6.0,1.35,0.14,3.3,0.0,249.1052448389704,217.34414243214314,-1.9437644301083878,1.9437644301083878,0.6902505142824024,Spring,0.0,0.0,0.0,0.0,Clear/Low,3.0,None,0.3969620471363423,weighted_fallback,global+hour,283.713832377935,0.0,283.94347647724476,none,170+,other,0.7,0.0,0.0,0.0,-0.2296440993097627,283.94347647724476,0.0,-3.71,66.20237199796526,34.441269591137996,0.03512665343822691,6.0,Medium-High,,,,,,,,,,,,,,,,,0.0,none,0.0,0.0,0.0,,,0.0,,,0.0,0.0,none,,,,,,,,,0.0,,,,,0.0,45,2026-04-13 23:00:00-07:00,2026-05-28 23:00:00-07:00,2026-06-11,0.0,1.9437644301083878,1.9437644301083878,0,1,119.573525,133.677975,202.39479742857142,,,,,,,,,,,,,,,,,-1.9437644301083878,-2.3407264772447434,-2.3407264772447434,-2.3407264772447434,-2.111082377934963,0.09891762206501653
2026-06-11 17:00:00-07:00,origin_20,2026-05-29 00:00:00-07:00,2026,5,330,14,Days8to16,Summer,6,17,294.642141,99.2,100.1,0.0,4.301610120040098,0.0,0.0,289.1269027379425,292.3469543457031,289.8348426732882,287.0944109516105,289.1269027379425,289.8279576197736,289.8279576197736,289.8279576197736,289.5401759244874,287.33017592448743,285.83017592448743,287.33017592448743,1,1.5,june_long_hot_100_105_peak_finish_up,287.33017592448743,287.33017592448743,5.515238262057494,2.295186654296856,4.807298326711759,7.5477300483894965,7.311965075512546,8.811965075512546,7.311965075512546,7.311965075512546,7.311965075512546,0.0,0.7010548818311122,0.0,0.0,-0.2877816952861849,-2.2099999999999795,1.5,-1.7967268134550523,Final_Backtest_Forecast_MWH,days8plus_final_low_confidence+long_horizon_peak_month_correction+long_horizon_hot_month_correction,raw_bias,none,none,recent_mean+last24_mean+same_hour+hourgroup+global+cloud_hourgroup+solar_hourgroup+solar_loss_hourgroup,3.0,6,275.4988608333333,294.47982049999996,42,257.9215899285714,286.7712877,19.14328016666667,Peak,3,0,0,1,6.0,1.35,0.14,4.0,0.0,256.61970105108594,226.76064244237372,5.515238262057494,5.515238262057494,1.8718429900553482,Spring,0.0,0.0,0.0,0.0,Clear/Low,1.0,None,0.7010548818311322,weighted_fallback,global+hour,289.5401759244874,0.0,289.8279576197736,none,170+,other,0.7,0.0,0.0,0.0,-0.28778169528617176,289.8279576197736,0.0,-3.71,62.366260295568765,32.50720168685655,2.481642663434402,6.0,Medium-Low,,,,,,,,,,,,,,,,,0.0,none,0.0,0.0,0.0,,,0.0,,,0.0,0.0,none,,,,,,,,,0.0,,,,,0.0,45,2026-04-13 23:00:00-07:00,2026-05-28 23:00:00-07:00,2026-06-11,5.515238262057494,0.0,-5.515238262057494,1,0,120.268916,133.512866,211.2835841428571,,,,,,,,,,,,,,,,,5.515238262057494,4.814183380226382,4.814183380226382,4.814183380226382,5.101965075512567,7.311965075512546
2026-06-11 18:00:00-07:00,origin_20,2026-05-29 00:00:00-07:00,2026,5,331,14,Days8to16,Summer,6,18,296.756358,98.7,100.1,0.0,1.5014620438734084e-15,0.0,0.0,290.07519826310727,290.4937438964844,289.5182651645885,290.83079437981473,290.07519826310727,290.8400671052066,290.8400671052066,290.8400671052066,290.4564646106862,288.24646461068625,286.74646461068625,288.24646461068625,1,1.5,june_long_hot_100_105_peak_finish_up,288.24646461068625,288.24646461068625,6.68115973689271,6.262614103515602,7.238092835411464,5.925563620185244,8.509893389313731,10.009893389313731,8.509893389313731,8.509893389313731,8.509893389313731,0.0,0.764868842099304,0.0,0.0,-0.3836024945203462,-2.2099999999999795,1.5,-1.8287336524210218,Final_Backtest_Forecast_MWH,days8plus_final_low_confidence+long_horizon_peak_month_correction+long_horizon_hot_month_correction,raw_bias,none,none,recent_mean+last24_mean+same_hour+hourgroup+global+cloud_hourgroup+solar_hourgroup+solar_loss_hourgroup,3.0,6,276.73095100000006,293.8857995,42,257.9215899285714,286.7712877,20.025406999999916,Peak,3,0,0,1,6.0,1.35,0.14,4.3,0.0,259.0742295338196,228.28349165191977,6.68115973689271,6.68115973689271,2.251395650600588,Spring,0.0,0.0,0.0,0.0,Clear/Low,0.0,None,0.7648688420993014,weighted_fallback,global+hour,290.4564646106862,0.0,290.8400671052066,none,170+,other,0.7,0.0,0.0,0.0,-0.3836024945203351,290.8400671052066,0.0,-3.71,61.79170661118749,31.00096872928765,2.867636416171994,6.0,Low,,,,,,,,,,,,,,,,,0.0,none,0.0,0.0,0.0,,,0.0,,,0.0,0.0,none,,,,,,,,,0.0,,,,,0.0,45,2026-04-13 23:00:00-07:00,2026-05-28 23:00:00-07:00,2026-06-11,6.68115973689271,0.0,-6.68115973689271,1,0,125.104508,137.621025,213.11865885714286,,,,,,,,,,,,,,,,,6.68115973689271,5.916290894793406,5.916290894793406,5.916290894793406,6.299893389313752,8.509893389313731
2026-06-11 19:00:00-07:00,origin_20,2026-05-29 00:00:00-07:00,2026,5,332,14,Days8to16,Summer,6,19,291.356483,97.1,100.1,0.01,0.0,0.0,0.0,282.00306266495335,283.9210510253906,280.9502169836422,283.10953777546024,282.00306266495335,282.88035247327207,282.88035247327207,282.88035247327207,282.4912648650912,283.7812648650912,278.7812648650912,283.7812648650912,1,5.0,june_long_100_plus_evening_finish_up,283.7812648650912,283.7812648650912,9.353420335046678,7.435431974609401,10.406266016357847,8.246945224539786,7.575218134908823,12.575218134908823,7.575218134908823,7.575218134908823,7.575218134908823,0.0,0.8772898083187215,0.0,0.0,-0.38908760818088695,1.2900000000000205,5.0,1.778202200137855,Final_Backtest_Forecast_MWH,days8plus_final_low_confidence+long_horizon_hot_month_correction,raw_bias,none,none,recent_mean+last24_mean+same_hour+hourgroup+global+cloud_hourgroup+solar_hourgroup+solar_loss_hourgroup,3.0,6,267.02531500000003,282.0004035,42,257.9215899285714,286.7712877,24.33116799999999,Peak,3,0,0,1,6.0,0.0,0.15,4.4,0.0,249.58205186873926,220.62734799228468,9.353420335046678,9.353420335046678,3.210301085027402,Spring,0.0,0.0,0.0,0.0,Clear/Low,0.0,None,0.8772898083187123,weighted_fallback,global+hour,282.4912648650912,0.0,282.88035247327207,none,170+,other,1.0,0.0,0.0,0.0,-0.38908760818087096,282.88035247327207,0.0,-3.71,61.375714672668664,32.42101079621409,2.599982693677979,6.0,None,,,,,,,,,,,,,,,,,0.0,none,0.0,0.0,0.0,,,0.0,,,0.0,0.0,none,,,,,,,,,0.0,,,,,0.0,45,2026-04-13 23:00:00-07:00,2026-05-28 23:00:00-07:00,2026-06-11,9.353420335046678,0.0,-9.353420335046678,1,0,133.555216,137.621025,209.81431500000002,,,,,,,,,,,,,,,,,9.353420335046678,8.476130526727957,8.476130526727957,8.476130526727957,8.865218134908844,7.575218134908823
2026-06-11 20:00:00-07:00,origin_20,2026-05-29 00:00:00-07:00,2026,5,333,14,Days8to16,Summer,6,20,274.337633,93.8,100.1,0.0,0.0,0.0,0.0,264.27466048231133,265.6213073730469,264.9692390358442,262.79842364369233,264.27466048231133,265.5725260404604,265.5725260404604,265.5725260404604,265.28016155528104,266.57016155528106,261.57016155528106,266.57016155528106,1,5.0,june_long_100_plus_evening_finish_up,266.57016155528106,266.57016155528106,10.06297251768865,8.716325626953108,9.368393964155757,11.539209356307651,7.767471444718922,12.767471444718922,7.767471444718922,7.767471444718922,7.767471444718922,0.0,1.2978655581490557,0.0,0.0,-0.2923644851793483,1.2900000000000205,5.0,2.295501072969728,Final_Backtest_Forecast_MWH,days8plus_final_low_confidence+long_horizon_hot_month_correction,raw_bias,none,none,recent_mean+last24_mean+same_hour+hourgroup+global+cloud_hourgroup+solar_hourgroup+solar_loss_hourgroup,3.0,6,249.3456985,264.07086649999997,42,257.9215899285714,286.7712877,24.991934499999985,Peak,3,0,0,1,6.0,0.0,0.18,5.1,0.0,234.5581057281658,209.77024664315462,10.06297251768865,10.06297251768865,3.6680977406000475,Spring,0.0,0.0,0.0,0.0,Clear/Low,0.0,None,1.2978655581490353,weighted_fallback,global+hour,265.28016155528104,0.0,265.5725260404604,none,170+,other,1.0,0.0,0.0,0.0,-0.2923644851793427,265.5725260404604,0.0,-3.71,54.50441383915671,29.716554754145534,2.83135469231045,6.0,None,,,,,,,,,,,,,,,,,0.0,none,0.0,0.0,0.0,,,0.0,,,0.0,0.0,none,,,,,,,,,0.0,,,,,0.0,45,2026-04-13 23:00:00-07:00,2026-05-28 23:00:00-07:00,2026-06-11,10.06297251768865,0.0,-10.06297251768865,1,0,141.938,150.8826,216.802095,,,,,,,,,,,,,,,,,10.06297251768865,8.765106959539594,8.765106959539594,8.765106959539594,9.057471444718942,7.767471444718922
2026-06-12 14:00:00-07:00,origin_20,2026-05-29 00:00:00-07:00,2026,5,351,15,Days8to16,Summer,6,14,279.483975,99.4,102.5,0.0,20.58891725661742,0.0,0.0,267.7070030787222,268.01605224609375,267.84120513888746,267.40781436492773,267.6501708300284,268.2161688030614,268.2161688030614,268.2161688030614,267.9490694346625,273.8290694346625,265.8290694346625,273.8290694346625,1,8.0,june_long_hot_100_105_peak_ramp_up,273.8290694346625,273.8290694346625,11.776971921277777,11.467922753906237,11.642769861112527,12.076160635072256,5.654905565337515,13.654905565337515,5.654905565337515,5.654905565337515,5.654905565337515,-0.05683224869380865,0.5659979730330065,0.0,0.0,-0.2670993683989309,5.8799999999999955,8.0,6.122066355940262,Final_Backtest_Forecast_MWH,days8plus_final_low_confidence+long_horizon_peak_month_correction,raw_bias,none,none,recent_mean+last24_mean+same_hour+hourgroup+global+cloud_hourgroup+solar_hourgroup+solar_loss_hourgroup,3.0,3,241.70322733333333,247.9083632,21,270.0631841904762,293.555966,37.780747666666656,Midday,4,0,0,0,6.0,1.1420800000121758,0.19,2.2,0.0,248.28195643703066,190.7476506732588,11.776971921277777,11.776971921277777,4.213827258352747,Spring,-0.056832248693823036,0.0,-0.056832248693823036,0.0,Clear/Low,5.0,None,0.5659979730330115,weighted_fallback,global+hour,267.9490694346625,0.0,268.2161688030614,none,170+,other,0.7,0.0,0.0,0.0,-0.26709936839893955,268.2161688030614,-2.12,0.0,76.95935240546342,19.42504664169155,2.023338034081387,6.0,High,,,,,,,,,,,,,,,,,0.0,none,0.0,0.0,0.0,,,0.0,,,0.0,0.0,none,,,,,,,,,0.0,,,,,0.0,45,2026-04-13 23:00:00-07:00,2026-05-28 23:00:00-07:00,2026-06-12,11.776971921277777,0.0,-11.776971921277777,1,0,144.691683,109.280333,196.28730085714287,,,,,,,,,,,,,,,,,11.833804169971586,11.26780619693858,11.26780619693858,11.26780619693858,11.53490556533751,5.654905565337515
2026-06-12 15:00:00-07:00,origin_20,2026-05-29 00:00:00-07:00,2026,5,352,15,Days8to16,Summer,6,15,298.849225,101.3,102.5,0.0,15.94213838920966,0.0,0.0,287.4715899961391,286.71990966796875,287.3525242080068,287.87345918553854,287.41475774744526,287.831327268684,287.831327268684,287.831327268684,287.6281870791644,293.5081870791644,285.5081870791644,293.5081870791644,1,8.0,june_long_hot_100_105_peak_ramp_up,293.5081870791644,293.5081870791644,11.377635003860917,12.12931533203124,11.496700791993192,10.975765814461454,5.341037920835618,13.341037920835618,5.341037920835618,5.341037920835618,5.341037920835618,-0.05683224869380865,0.4165695212387277,0.0,0.0,-0.20314018951961543,5.8799999999999955,8.0,6.036597083025299,Final_Backtest_Forecast_MWH,days8plus_final_low_confidence+long_horizon_peak_month_correction,raw_bias,none,none,recent_mean+last24_mean+same_hour+hourgroup+global+cloud_hourgroup+solar_hourgroup+solar_loss_hourgroup,3.0,3,262.03539700000005,268.198015,21,270.0631841904762,293.555966,36.813827999999944,Midday,4,0,0,0,6.0,1.3264804446594263,0.17,2.5,0.0,266.1004888528313,206.83295128707667,11.377635003860917,11.377635003860917,3.8071489072327083,Spring,-0.056832248693823036,0.0,-0.056832248693823036,0.0,Clear/Low,4.0,None,0.4165695212387319,weighted_fallback,global+hour,287.6281870791644,0.0,287.831327268684,none,170+,other,0.7,0.0,0.0,0.0,-0.2031401895196408,287.831327268684,-2.12,0.0,80.6386387090624,21.371101143307783,1.7872015297465194,6.0,Medium-High,,,,,,,,,,,,,,,,,0.0,none,0.0,0.0,0.0,,,0.0,,,0.0,0.0,none,,,,,,,,,0.0,,,,,0.0,45,2026-04-13 23:00:00-07:00,2026-05-28 23:00:00-07:00,2026-06-12,11.377635003860917,0.0,-11.377635003860917,1,0,135.705066,105.005766,231.5897792857143,,,,,,,,,,,,,,,,,11.434467252554725,11.017897731315998,11.017897731315998,11.017897731315998,11.221037920835613,5.341037920835618
2026-06-12 16:00:00-07:00,origin_20,2026-05-29 00:00:00-07:00,2026,5,353,15,Days8to16,Summer,6,16,313.48435,102.5,102.5,0.0,10.032305060505593,0.0,0.0,305.8635238737711,302.5171203613281,306.40118501919545,305.97474307737366,305.8635238737711,306.26048592090746,306.26048592090746,306.26048592090746,306.0257476462487,303.8157476462487,302.3157476462487,303.8157476462487,1,1.5,june_long_hot_100_105_peak_finish_up,303.8157476462487,303.8157476462487,7.620826126228906,10.967229638671881,7.083164980804554,7.509606922626347,9.668602353751282,11.168602353751282,9.668602353751282,9.668602353751282,9.668602353751282,0.0,0.3969620471363555,0.0,0.0,-0.23473827465875274,-2.2099999999999795,1.5,-2.0477762275223768,Final_Backtest_Forecast_MWH,days8plus_final_low_confidence+long_horizon_peak_month_correction+long_horizon_hot_month_correction,raw_bias,none,none,recent_mean+last24_mean+same_hour+hourgroup+global+cloud_hourgroup+solar_hourgroup+solar_loss_hourgroup,3.0,3,277.80048000000005,284.50046100000003,21,270.0631841904762,293.555966,35.683869999999956,Peak,4,0,0,1,6.0,1.35,0.16,4.0,0.0,283.5465144301084,221.60462455198444,7.620826126228906,7.620826126228906,2.4310068831917464,Spring,-0.0,0.0,0.0,0.0,Clear/Low,3.0,None,0.3969620471363423,weighted_fallback,global+hour,306.0257476462487,0.0,306.26048592090746,none,170+,other,0.7,0.0,0.0,0.0,-0.23473827465875113,306.26048592090746,0.0,-3.71,84.25889932178666,22.3170094436627,3.0842376513377086,6.0,Medium-Low,,,,,,,,,,,,,,,,,0.0,none,0.0,0.0,0.0,,,0.0,,,0.0,0.0,none,,,,,,,,,0.0,,,,,0.0,45,2026-04-13 23:00:00-07:00,2026-05-28 23:00:00-07:00,2026-06-12,7.620826126228906,0.0,-7.620826126228906,1,0,133.3827,105.06665,248.98949028571428,,,,,,,,,,,,,,,,,7.620826126228906,7.22386407909255,7.22386407909255,7.22386407909255,7.458602353751303,9.668602353751282
2026-06-12 17:00:00-07:00,origin_20,2026-05-29 00:00:00-07:00,2026,5,354,15,Days8to16,Summer,6,17,315.708558,101.6,102.5,0.0,4.276673249778995,0.0,0.0,313.91349006571306,312.8006286621094,312.85633164256063,315.89269941741065,313.91349006571306,314.6145449475442,314.6145449475442,314.6145449475442,314.326763252258,312.116763252258,310.616763252258,312.116763252258,1,1.5,june_long_hot_100_105_peak_finish_up,312.116763252258,312.116763252258,1.7950679342869194,2.9079293378906073,2.852226357439349,-0.1841414174106717,3.5917947477419716,5.091794747741972,3.5917947477419716,3.5917947477419716,3.5917947477419716,0.0,0.7010548818311122,0.0,0.0,-0.2877816952861849,-2.2099999999999795,1.5,-1.7967268134550523,Final_Backtest_Forecast_MWH,days8plus_final_low_confidence+long_horizon_peak_month_correction+long_horizon_hot_month_correction,raw_bias,none,none,recent_mean+last24_mean+same_hour+hourgroup+global+cloud_hourgroup+solar_hourgroup+solar_loss_hourgroup,3.0,3,287.830633,295.066913,21,270.0631841904762,293.555966,27.877925000000005,Peak,4,0,0,1,6.0,1.35,0.16,4.7,0.0,289.1269027379425,230.4612606408401,1.7950679342869194,1.7950679342869194,0.5685838691413995,Spring,0.0,0.0,0.0,0.0,Clear/Low,1.0,None,0.7010548818311322,weighted_fallback,global+hour,314.326763252258,0.0,314.6145449475442,none,170+,other,0.7,0.0,0.0,0.0,-0.28778169528617176,314.6145449475442,0.0,-3.71,83.45222942487297,24.786587327770576,1.137693184656075,6.0,Medium-Low,,,,,,,,,,,,,,,,,0.0,none,0.0,0.0,0.0,,,0.0,,,0.0,0.0,none,,,,,,,,,0.0,,,,,0.0,45,2026-04-13 23:00:00-07:00,2026-05-28 23:00:00-07:00,2026-06-12,1.7950679342869194,0.0,-1.7950679342869194,1,0,132.635358,108.129583,260.90591514285717,,,,,,,,,,,,,,,,,1.7950679342869194,1.0940130524558072,1.0940130524558072,1.0940130524558072,1.381794747741992,3.5917947477419716
2026-06-12 18:00:00-07:00,origin_20,2026-05-29 00:00:00-07:00,2026,5,355,15,Days8to16,Summer,6,18,315.363391,100.6,102.5,0.0,1.4926125622788698e-15,0.0,0.0,309.1524223777134,311.2191162109375,306.12232649717,313.3235176662174,309.1524223777134,309.9172912198127,309.9172912198127,310.1407157653353,309.75711327081495,307.547113270815,306.047113270815,307.547113270815,1,1.5,june_long_hot_100_105_peak_finish_up,307.547113270815,307.547113270815,6.2109686222866,4.144274789062479,9.24106450283,2.039873333782566,7.816277729185003,9.316277729185003,7.816277729185003,7.816277729185003,7.816277729185003,0.0,0.764868842099304,0.0,0.2234245455226187,-0.3836024945203462,-2.2099999999999795,1.5,-1.6053091068984031,Final_Backtest_Forecast_MWH,days8plus_final_low_confidence+long_horizon_peak_month_correction+long_horizon_hot_month_correction,raw_bias,none,tree_peak_gap,recent_mean+last24_mean+same_hour+hourgroup+global+cloud_hourgroup+solar_hourgroup+solar_loss_hourgroup,3.0,3,286.7159496666667,294.08369960000005,21,270.0631841904762,293.555966,28.64744133333329,Peak,4,0,0,1,6.0,1.35,0.15,3.6,0.0,290.07519826310727,232.18231850835767,6.2109686222866,6.2109686222866,1.9694640530696856,Spring,0.0,0.0,0.0,0.0,Clear/Low,0.0,None,0.7648688420993014,weighted_fallback,global+hour,309.75711327081495,0.0,309.9172912198127,none,170+,other,0.7,0.0,0.0,0.22342454552260166,-0.3836024945203351,310.1407157653353,0.0,-3.71,76.97010386935571,19.07722411460611,2.4784987580200784,6.0,Low,,,,,,,,,,,,,,,,,0.0,none,0.0,0.0,0.0,,,0.0,,,0.0,0.0,none,,,,,,,,,0.0,,,,,0.0,45,2026-04-13 23:00:00-07:00,2026-05-28 23:00:00-07:00,2026-06-12,6.2109686222866,0.0,-6.2109686222866,1,0,137.557708,112.186658,246.0583137142857,,,,,,,,,,,,,,,,,6.2109686222866,5.446099780187296,5.446099780187296,5.222675234664678,5.606277729185024,7.816277729185003
2026-06-12 19:00:00-07:00,origin_20,2026-05-29 00:00:00-07:00,2026,5,356,15,Days8to16,Summer,6,19,309.084325,99.4,102.5,0.01,0.0,0.0,0.0,298.2074511500432,297.0064697265625,298.02252830248165,298.84118174577725,298.2074511500432,299.0847409583619,299.0847409583619,299.0847409583619,298.69565335018103,299.98565335018105,294.98565335018105,299.98565335018105,1,5.0,june_long_100_plus_evening_finish_up,299.98565335018105,299.98565335018105,10.87687384995678,12.077855273437478,11.061796697518332,10.24314325422273,9.098671649818925,14.098671649818925,9.098671649818925,9.098671649818925,9.098671649818925,0.0,0.8772898083187215,0.0,0.0,-0.38908760818088695,1.2900000000000205,5.0,1.778202200137855,Final_Backtest_Forecast_MWH,days8plus_final_low_confidence+long_horizon_hot_month_correction,raw_bias,none,none,recent_mean+last24_mean+same_hour+hourgroup+global+cloud_hourgroup+solar_hourgroup+solar_loss_hourgroup,3.0,3,276.1403746666667,282.4291728,21,270.0631841904762,293.555966,32.943950333333305,Peak,4,0,0,1,6.0,0.0,0.16,2.9,0.0,282.00306266495335,224.5985989319868,10.87687384995678,10.87687384995678,3.519063559744345,Spring,0.0,0.0,0.0,0.0,Clear/Low,0.0,None,0.8772898083187123,weighted_fallback,global+hour,298.69565335018103,0.0,299.0847409583619,none,170+,other,1.0,0.0,0.0,0.0,-0.38908760818087096,299.0847409583619,0.0,-3.71,73.6088522180564,16.20438848508985,2.9437505929227976,6.0,None,,,,,,,,,,,,,,,,,0.0,none,0.0,0.0,0.0,,,0.0,,,0.0,0.0,none,,,,,,,,,0.0,,,,,0.0,45,2026-04-13 23:00:00-07:00,2026-05-28 23:00:00-07:00,2026-06-12,10.87687384995678,0.0,-10.87687384995678,1,0,149.097608,117.570033,260.86920328571426,,,,,,,,,,,,,,,,,10.87687384995678,9.999584041638059,9.999584041638059,9.999584041638059,10.388671649818946,9.098671649818925
2026-06-12 20:00:00-07:00,origin_20,2026-05-29 00:00:00-07:00,2026,5,357,15,Days8to16,Summer,6,20,291.196891,96.4,102.5,0.0,0.0,0.0,0.0,280.3841026426998,280.85723876953125,280.91330462750363,279.4173177731991,280.3841026426998,281.68196820084887,281.68196820084887,281.68196820084887,281.3896037156695,282.67960371566954,277.67960371566954,282.67960371566954,1,5.0,june_long_100_plus_evening_finish_up,282.67960371566954,282.67960371566954,10.812788357300178,10.339652230468744,10.283586372496359,11.779573226800892,8.51728728433045,13.51728728433045,8.51728728433045,8.51728728433045,8.51728728433045,0.0,1.2978655581490557,0.0,0.0,-0.2923644851793483,1.2900000000000205,5.0,2.295501072969728,Final_Backtest_Forecast_MWH,days8plus_final_low_confidence+long_horizon_hot_month_correction,raw_bias,none,none,recent_mean+last24_mean+same_hour+hourgroup+global+cloud_hourgroup+solar_hourgroup+solar_loss_hourgroup,3.0,3,258.2162276666667,263.73342,21,270.0631841904762,293.555966,32.98066333333327,Peak,4,0,0,1,6.0,0.0,0.23,0.8,0.0,264.27466048231133,213.19197775329803,10.812788357300178,10.812788357300178,3.7132224592673206,Spring,0.0,0.0,0.0,0.0,Clear/Low,0.0,None,1.2978655581490353,weighted_fallback,global+hour,281.3896037156695,0.0,281.68196820084887,none,170+,other,1.0,0.0,0.0,0.0,-0.2923644851793427,281.68196820084887,0.0,-3.71,67.19212488940178,16.109442160388483,2.924923839358728,6.0,None,,,,,,,,,,,,,,,,,0.0,none,0.0,0.0,0.0,,,0.0,,,0.0,0.0,none,,,,,,,,,0.0,,,,,0.0,45,2026-04-13 23:00:00-07:00,2026-05-28 23:00:00-07:00,2026-06-12,10.812788357300178,0.0,-10.812788357300178,1,0,163.051466,121.940783,230.90213785714286,,,,,,,,,,,,,,,,,10.812788357300178,9.514922799151122,9.514922799151122,9.514922799151122,9.80728728433047,8.51728728433045
2026-06-13 14:00:00-07:00,origin_20,2026-05-29 00:00:00-07:00,2026,5,375,16,Days8to16,Summer,6,14,257.010408,98.3,101.7,0.0,20.693217749305454,0.0,0.0,259.4235921549274,260.7234802246094,258.37850786632634,260.6944708742484,259.3667599062336,259.9327578792666,259.9327578792666,259.9327578792666,259.6656585108677,257.54565851086767,257.54565851086767,257.54565851086767,0,0.0,none,257.54565851086767,257.54565851086767,-2.4131841549274213,-3.713072224609391,-1.3680998663263608,-3.6840628742484114,-0.5352505108676837,-0.5352505108676837,-0.5352505108676837,-0.5352505108676837,0.5352505108676837,-0.05683224869380865,0.5659979730330065,0.0,0.0,-0.2670993683989309,-2.1200000000000045,0.0,-1.8779336440597376,Final_Backtest_Forecast_MWH,days8plus_final_low_confidence+long_horizon_peak_month_correction,raw_bias,none,none,recent_mean+last24_mean+same_hour+hourgroup+global+cloud_hourgroup+solar_hourgroup+solar_loss_hourgroup,3.0,4,238.2810455,247.6188448,28,269.240641,293.5177229,18.72936249999998,Midday,5,1,0,0,6.0,1.1473613089506787,0.22,2.3,0.0,267.7070030787222,194.9911434844182,-2.4131841549274213,2.4131841549274213,0.9389441360395885,Spring,-0.056832248693823036,0.0,-0.056832248693823036,0.0,Clear/Low,5.0,None,0.5659979730330115,weighted_fallback,global+hour,259.6656585108677,0.0,259.9327578792666,none,170+,other,0.7,0.0,0.0,0.0,-0.26709936839893955,259.9327578792666,-2.12,0.0,64.43244867050922,-8.283410923794804,0.2082602471366388,6.0,High,,,,,,,,,,,,,,,,,0.0,none,0.0,0.0,0.0,,,0.0,,,0.0,0.0,none,,,,,,,,,0.0,,,,,0.0,45,2026-04-13 23:00:00-07:00,2026-05-28 23:00:00-07:00,2026-06-13,0.0,2.4131841549274213,2.4131841549274213,0,1,309.084325,213.746441,228.33500685714287,,,,,,,,,,,,,,,,,-2.3563519062336127,-2.922349879266619,-2.922349879266619,-2.922349879266619,-2.6552505108676883,-0.5352505108676837
2026-06-13 15:00:00-07:00,origin_20,2026-05-29 00:00:00-07:00,2026,5,376,16,Days8to16,Summer,6,15,277.4746,100.3,101.7,0.0,15.993234986610974,0.0,0.0,280.2225622356034,280.17254638671875,280.59586147920066,279.6502393810605,280.1657299869096,280.5822995081483,280.5822995081483,280.5822995081483,280.3791593186287,286.2591593186287,278.2591593186287,286.2591593186287,1,8.0,june_long_hot_100_105_peak_ramp_up,286.2591593186287,286.2591593186287,-2.7479622356033815,-2.6979463867187405,-3.1212614792006548,-2.1756393810604777,-8.78455931862868,-0.7845593186286806,-8.78455931862868,-8.78455931862868,8.78455931862868,-0.05683224869380865,0.4165695212387277,0.0,0.0,-0.20314018951961543,5.8799999999999955,8.0,6.036597083025299,Final_Backtest_Forecast_MWH,days8plus_final_low_confidence+long_horizon_peak_month_correction,raw_bias,none,none,recent_mean+last24_mean+same_hour+hourgroup+global+cloud_hourgroup+solar_hourgroup+solar_loss_hourgroup,3.0,4,259.0997955,268.0453225,28,269.240641,293.5177229,18.374804499999982,Midday,5,1,0,0,6.0,1.3301473398845611,0.21,3.2,0.0,287.4715899961391,211.46867015427526,-2.7479622356033815,2.7479622356033815,0.9903473094846812,Spring,-0.056832248693823036,0.0,-0.056832248693823036,0.0,Clear/Low,4.0,None,0.4165695212387319,weighted_fallback,global+hour,280.3791593186287,0.0,280.5822995081483,none,170+,other,0.7,0.0,0.0,0.0,-0.2031401895196408,280.5822995081483,-2.12,0.0,68.75389208132813,-7.249027760535682,3.1658967410453718,6.0,Medium-High,,,,,,,,,,,,,,,,,0.0,none,0.0,0.0,0.0,,,0.0,,,0.0,0.0,none,,,,,,,,,0.0,,,,,0.0,45,2026-04-13 23:00:00-07:00,2026-05-28 23:00:00-07:00,2026-06-13,0.0,2.7479622356033815,2.7479622356033815,0,1,309.084325,213.746441,248.52108414285718,,,,,,,,,,,,,,,,,-2.691129986909573,-3.1076995081483005,-3.1076995081483005,-3.1076995081483005,-2.904559318628685,-8.78455931862868
2026-06-13 16:00:00-07:00,origin_20,2026-05-29 00:00:00-07:00,2026,5,377,16,Days8to16,Summer,6,16,293.921233,101.7,101.7,0.0,10.032305060505593,0.0,0.0,298.2081488283117,297.24407958984375,299.57507515687143,296.335570094423,298.2081488283117,298.6051108754481,298.6051108754481,298.6051108754481,298.3703726007893,296.16037260078934,294.66037260078934,296.16037260078934,1,1.5,june_long_hot_100_105_peak_finish_up,296.16037260078934,296.16037260078934,-4.2869158283117486,-3.3228465898437776,-5.6538421568714625,-2.414337094423047,-2.239139600789372,-0.7391396007893718,-2.239139600789372,-2.239139600789372,2.239139600789372,0.0,0.3969620471363555,0.0,0.0,-0.23473827465875274,-2.2099999999999795,1.5,-2.0477762275223768,Final_Backtest_Forecast_MWH,days8plus_final_low_confidence+long_horizon_peak_month_correction+long_horizon_hot_month_correction,raw_bias,none,none,recent_mean+last24_mean+same_hour+hourgroup+global+cloud_hourgroup+solar_hourgroup+solar_loss_hourgroup,3.0,4,276.32662650000003,284.2480835,28,269.240641,293.5177229,17.59460649999994,Peak,5,1,0,0,6.0,1.35,0.19,3.6,0.0,305.8635238737711,226.93028219194207,-4.2869158283117486,4.2869158283117486,1.4585253962621165,Spring,0.0,0.0,0.0,0.0,Clear/Low,3.0,None,0.3969620471363423,weighted_fallback,global+hour,298.3703726007893,0.0,298.6051108754481,none,170+,other,0.7,0.0,0.0,0.0,-0.23473827465875113,298.6051108754481,0.0,-3.71,71.27786663636965,-7.65537504545938,0.7618162110763097,6.0,Medium-Low,,,,,,,,,,,,,,,,,0.0,none,0.0,0.0,0.0,,,0.0,,,0.0,0.0,none,,,,,,,,,0.0,,,,,0.0,45,2026-04-13 23:00:00-07:00,2026-05-28 23:00:00-07:00,2026-06-13,0.0,4.2869158283117486,4.2869158283117486,0,1,291.196891,203.790533,265.75539271428573,,,,,,,,,,,,,,,,,-4.2869158283117486,-4.683877875448104,-4.683877875448104,-4.683877875448104,-4.449139600789351,-2.239139600789372
2026-06-13 17:00:00-07:00,origin_20,2026-05-29 00:00:00-07:00,2026,5,378,16,Days8to16,Summer,6,17,305.364483,101.4,101.7,0.01,4.264204814648444,0.0,0.0,305.9025387973227,305.2649841308594,306.2170243574104,305.5905056790315,305.9025387973227,306.6035936791538,306.6035936791538,306.6035936791538,306.3158119838676,304.1058119838676,302.6058119838676,304.1058119838676,1,1.5,june_long_hot_100_105_peak_finish_up,304.1058119838676,304.1058119838676,-0.5380557973226701,0.099498869140632,-0.8525413574104164,-0.22602267903147322,1.2586710161323822,2.758671016132382,1.2586710161323822,1.2586710161323822,1.2586710161323822,0.0,0.7010548818311122,0.0,0.0,-0.2877816952861849,-2.2099999999999795,1.5,-1.7967268134550523,Final_Backtest_Forecast_MWH,days8plus_final_low_confidence+long_horizon_peak_month_correction+long_horizon_hot_month_correction,raw_bias,none,none,recent_mean+last24_mean+same_hour+hourgroup+global+cloud_hourgroup+solar_hourgroup+solar_loss_hourgroup,3.0,4,287.23717675,294.8712155,28,269.240641,293.5177229,18.127306250000004,Peak,5,1,0,0,6.0,1.35,0.18,2.8,0.0,313.91349006571306,235.7993962082199,-0.5380557973226701,0.5380557973226701,0.17620117180512773,Spring,0.0,0.0,0.0,0.0,Clear/Low,1.0,None,0.7010548818311322,weighted_fallback,global+hour,306.3158119838676,0.0,306.6035936791538,none,170+,other,0.7,0.0,0.0,0.0,-0.28778169528617176,306.6035936791538,0.0,-3.71,70.10314258910279,-8.010951268390386,0.41218644806586174,6.0,Medium-Low,,,,,,,,,,,,,,,,,0.0,none,0.0,0.0,0.0,,,0.0,,,0.0,0.0,none,,,,,,,,,0.0,,,,,0.0,45,2026-04-13 23:00:00-07:00,2026-05-28 23:00:00-07:00,2026-06-13,0.0,0.5380557973226701,0.5380557973226701,0,1,291.196891,203.790533,276.21870914285716,,,,,,,,,,,,,,,,,-0.5380557973226701,-1.2391106791537823,-1.2391106791537823,-1.2391106791537823,-0.9513289838675973,1.2586710161323822
2026-06-13 18:00:00-07:00,origin_20,2026-05-29 00:00:00-07:00,2026,5,379,16,Days8to16,Summer,6,18,308.848225,100.9,101.7,0.01,1.4926125622788698e-15,0.0,0.0,306.96368505206283,304.2664794921875,305.7934297723015,309.57328779450927,306.96368505206283,307.72855389416213,307.72855389416213,307.72855389416213,307.3449513996418,305.1349513996418,303.6349513996418,305.1349513996418,1,1.5,june_long_hot_100_105_peak_finish_up,305.1349513996418,305.1349513996418,1.884539947937185,4.5817455078125136,3.0547952276984915,-0.725062794509256,3.7132736003582067,5.213273600358207,3.7132736003582067,3.7132736003582067,3.7132736003582067,0.0,0.764868842099304,0.0,0.0,-0.3836024945203462,-2.2099999999999795,1.5,-1.8287336524210218,Final_Backtest_Forecast_MWH,days8plus_final_low_confidence+long_horizon_peak_month_correction+long_horizon_hot_month_correction,raw_bias,none,none,recent_mean+last24_mean+same_hour+hourgroup+global+cloud_hourgroup+solar_hourgroup+solar_loss_hourgroup,3.0,4,286.7662975,294.0177329,28,269.240641,293.5177229,22.081927500000006,Peak,5,1,0,0,6.0,1.35,0.17,4.1,0.0,309.1524223777134,237.09767713118546,1.884539947937185,1.884539947937185,0.6101831888258982,Spring,0.0,0.0,0.0,0.0,Clear/Low,0.0,None,0.7648688420993014,weighted_fallback,global+hour,307.3449513996418,0.0,307.72855389416213,none,170+,other,0.7,0.0,0.0,0.0,-0.3836024945203351,307.72855389416213,0.0,-3.71,69.86600792087737,-2.18873732565055,1.202297212606032,6.0,Low,,,,,,,,,,,,,,,,,0.0,none,0.0,0.0,0.0,,,0.0,,,0.0,0.0,none,,,,,,,,,0.0,,,,,0.0,45,2026-04-13 23:00:00-07:00,2026-05-28 23:00:00-07:00,2026-06-13,1.884539947937185,0.0,-1.884539947937185,1,0,269.020758,190.593583,279.3217744285714,,,,,,,,,,,,,,,,,1.884539947937185,1.119671105837881,1.119671105837881,1.119671105837881,1.5032736003582272,3.7132736003582067
2026-06-13 19:00:00-07:00,origin_20,2026-05-29 00:00:00-07:00,2026,5,380,16,Days8to16,Summer,6,19,297.313875,96.5,101.7,0.05,0.0,0.0,0.0,293.1133402482787,291.98175048828125,293.7503550498465,292.43562834867134,293.1133402482787,293.9906300565974,293.9906300565974,293.9906300565974,293.6015424484165,294.89154244841654,289.89154244841654,294.89154244841654,1,5.0,june_long_100_plus_evening_finish_up,294.89154244841654,294.89154244841654,4.200534751721307,5.332124511718746,3.563519950153477,4.878246651328652,2.4223325515834517,7.422332551583452,2.4223325515834517,2.4223325515834517,2.4223325515834517,0.0,0.8772898083187215,0.0,0.0,-0.38908760818088695,1.2900000000000205,5.0,1.778202200137855,Final_Backtest_Forecast_MWH,days8plus_final_low_confidence+long_horizon_hot_month_correction,raw_bias,none,none,recent_mean+last24_mean+same_hour+hourgroup+global+cloud_hourgroup+solar_hourgroup+solar_loss_hourgroup,3.0,4,277.35263499999996,282.4047985,28,269.240641,293.5177229,19.961240000000032,Peak,5,1,0,0,6.0,0.0,0.22,10.0,0.0,298.2074511500432,229.66761448300826,4.200534751721307,4.200534751721307,1.4128283625247247,Spring,0.0,0.0,0.0,0.0,Clear/Low,0.0,None,0.8772898083187123,weighted_fallback,global+hour,293.6015424484165,0.0,293.9906300565974,none,170+,other,1.0,0.0,0.0,0.0,-0.38908760818087096,293.9906300565974,0.0,-3.71,63.445725765270424,-5.094110901764509,0.814739154566349,6.0,None,,,,,,,,,,,,,,,,,0.0,none,0.0,0.0,0.0,,,0.0,,,0.0,0.0,none,,,,,,,,,0.0,,,,,0.0,45,2026-04-13 23:00:00-07:00,2026-05-28 23:00:00-07:00,2026-06-13,4.200534751721307,0.0,-4.200534751721307,1,0,269.020758,190.593583,274.488901,,,,,,,,,,,,,,,,,4.200534751721307,3.3232449434025852,3.3232449434025852,3.3232449434025852,3.712332551583472,2.4223325515834517
2026-06-13 20:00:00-07:00,origin_20,2026-05-29 00:00:00-07:00,2026,5,381,16,Days8to16,Summer,6,20,276.441283,89.7,101.7,0.05,0.0,0.0,0.0,271.09394546479314,272.90338134765625,269.91668819392464,272.42693949533987,271.09394546479314,272.3918110229422,272.3918110229422,272.3918110229422,272.09944653776284,273.38944653776286,268.38944653776286,273.38944653776286,1,5.0,june_long_100_plus_evening_finish_up,273.38944653776286,273.38944653776286,5.3473375352068615,3.5379016523437485,6.524594806075356,4.014343504660133,3.0518364622371337,8.051836462237134,3.0518364622371337,3.0518364622371337,3.0518364622371337,0.0,1.2978655581490557,0.0,0.0,-0.2923644851793483,1.2900000000000205,5.0,2.295501072969728,Final_Backtest_Forecast_MWH,days8plus_final_low_confidence+long_horizon_hot_month_correction,raw_bias,none,none,recent_mean+last24_mean+same_hour+hourgroup+global+cloud_hourgroup+solar_hourgroup+solar_loss_hourgroup,3.0,4,259.62091025,264.1652299,28,269.240641,293.5177229,16.82037274999999,Peak,5,1,0,0,6.0,0.0,0.29,9.2,0.0,280.3841026426998,218.21523070971787,5.3473375352068615,5.3473375352068615,1.9343484002014493,Spring,0.0,0.0,0.0,0.0,Clear/Low,0.0,None,1.2978655581490353,weighted_fallback,global+hour,272.09944653776284,0.0,272.3918110229422,none,170+,other,1.0,0.0,0.0,0.0,-0.2923644851793427,272.3918110229422,0.0,-3.71,52.878714755075265,-9.290157177906678,1.1039727601890539,6.0,None,,,,,,,,,,,,,,,,,0.0,none,0.0,0.0,0.0,,,0.0,,,0.0,0.0,none,,,,,,,,,0.0,,,,,0.0,45,2026-04-13 23:00:00-07:00,2026-05-28 23:00:00-07:00,2026-06-13,5.3473375352068615,0.0,-5.3473375352068615,1,0,237.46805,170.733775,259.89726871428576,,,,,,,,,,,,,,,,,5.3473375352068615,4.049471977057806,4.049471977057806,4.049471977057806,4.341836462237154,3.0518364622371337
