DT,Replay_Origin_ID,Replay_Origin_DT,Replay_Origin_Year,Replay_Origin_Month,Forecast_Lead_Hour,Forecast_Day,Replay_Horizon_Bucket,Season,Month,Hour,Actual_MWH,Temperature,Temperature_DailyMax,CloudCover_Norm,BTM_Solar_Proxy_MW,BTM_Solar_Loss_From_ClearSky_MW,Midday_Overcast_Solar_Loss_MW,Raw_Forecast_MWH,XGB_Pred_MWH,LGB_Pred_MWH,CatBoost_Pred_MWH,Targeted_Meta_Adjusted_Forecast_MWH,Residual_Calibrated_Forecast_MWH,Cloud_Solar_Adjusted_Forecast_MWH,Peak_Risk_Adjusted_Forecast_MWH,Recent_Corrected_Forecast_MWH,Stage_Selected_Forecast_MWH,Pre_Focused_Guard_Forecast_MWH,Post_Focused_Guard_Forecast_MWH,Focused_Guard_Applied_Flag,Focused_Scorecard_Guard_MWH,Focused_Scorecard_Guard_Source,Final_Backtest_Forecast_MWH,Final_Forecast_MWH,Raw_Residual_MWH,XGB_Residual_MWH,LGB_Residual_MWH,CatBoost_Residual_MWH,Stage_Selected_Residual_MWH,Pre_Focused_Guard_Residual_MWH,Post_Focused_Guard_Residual_MWH,Final_Residual_MWH,Final_AbsError_MWH,Targeted_Meta_Delta_From_Raw_MWH,Residual_Cal_Delta_From_Targeted_MWH,Cloud_Solar_Delta_From_Residual_Cal_MWH,Peak_Risk_Delta_From_Cloud_Solar_MWH,Recent_Delta_From_Peak_Risk_MWH,Stage_Selected_Delta_From_Recent_MWH,Focused_Guard_Delta_From_Pre_Guard_MWH,Final_Delta_From_Raw_MWH,Stage_Selector_Source,Stage_Selector_Reason,Targeted_Meta_Source,Cloud_Solar_Correction_Source,Peak_Risk_Source,Recent_Correction_Source,Analog_Temp_Window_F,Analog_Count_SameHour_PreOrigin,Analog_Actual_Mean_SameHour_PreOrigin_MWH,Analog_Actual_P90_SameHour_PreOrigin_MWH,Analog_Count_HE14_20_PreOrigin,Analog_Actual_Mean_HE14_20_PreOrigin_MWH,Analog_Actual_P90_HE14_20_PreOrigin_MWH,Actual_Minus_Analog_SameHour_Mean_MWH,HourGroup,DOW,IsWeekend,IsHoliday,IsLikelySystemPeakHour,DailyMaxTempBin,ClearSky_Index,Humidity_Norm,WindSpeed_Mph,PrecipIn,MWH_Lag24,MWH_SameHour7DayMean,Residual_MWH,AbsError_MWH,APE,Replay_Origin_Season,Targeted_Meta_Bias_Cal_MWH,Targeted_Meta_SolarCloud_Cal_MWH,Targeted_Meta_Cal_MWH,CloudCoverBin,CloudCoverBucket,BTMSolarProxyBin,SolarLossBucket,Residual_Cal_MWH,Calibration_Level,Calibration_Matched_Levels,Calibrated_Forecast_MWH,Warm_Ramp_Cal_MWH,Warm_Ramp_Adjusted_Forecast_MWH,Warm_Ramp_Correction_Source,CloudSolarBaseBucket,CloudSolarEventClass,CloudSolarEventMultiplier,Cloud_Solar_Shape_Cal_MWH,Cloud_Solar_Shape_Raw_Cal_MWH,Peak_Risk_Cal_MWH,Recent_Level_Correction_MWH,AR_Residual_Correction_MWH,AR_Residual_Phi,AR_Residual_Latest_MWH,AR_Residual_Source,OriginDay_State_Correction_MWH,OriginDay_State_MWH,OriginDay_Latest_Day_MWH,OriginDay_State_Source,Pre_Recent_Forecast_MWH,Long_Horizon_Peak_Month_Correction_MWH,Long_Horizon_Hot_Month_Correction_MWH,Raw_Minus_SameHour7DayMean_MWH,Raw_Minus_SameHourYesterday_MWH,Final_APE,DailyMaxTempBucket,BTMSolarBucket,WeatherRealism_Raw_Forecast_MWH,WeatherRealism_XGB_Pred_MWH,WeatherRealism_LGB_Pred_MWH,WeatherRealism_CatBoost_Pred_MWH,WeatherRealism_Residual_MWH,WeatherRealism_Final_Backtest_Forecast_MWH,WeatherRealism_Final_Residual_MWH,WeatherRealism_Final_AbsError_MWH,WeatherRealism_Final_APE,WeatherRealism_Temperature,WeatherRealism_Temperature_DailyMax,WeatherRealism_CloudCover_Norm,WeatherRealism_BTM_Solar_Proxy_MW,WeatherRealism_BTM_Solar_Loss_From_ClearSky_MW,WeatherRealism_Midday_Overcast_Solar_Loss_MW,WeatherRealism_Forecast_Weather_Lead_Days,WeatherRealism_Weather_Robustness_Hedge_MWH,WeatherRealism_Weather_Robustness_Hedge_Source,WeatherRealism_Weather_Robustness_Jensen_MWH,WeatherRealism_Weather_Robustness_Upper_MWH,WeatherRealism_Weather_Robustness_Warmer_Delta_MWH,WeatherRealism_Weather_Robustness_Temp_Sigma_F,WeatherRealism_Weather_Robustness_Temp_Bias_Damping,WeatherRealism_Weather_Robustness_Gate,WeatherRealism_Pre_Focused_Guard_Forecast_MWH,WeatherRealism_Post_Focused_Guard_Forecast_MWH,WeatherRealism_Focused_Guard_Applied_Flag,WeatherRealism_Focused_Scorecard_Guard_MWH,WeatherRealism_Focused_Scorecard_Guard_Source,WeatherRealism_Raw_Minus_SameHour7DayMean_MWH,WeatherRealism_Raw_Minus_SameHourYesterday_MWH,WeatherRealism_WeatherScenario_warmer_P50_MWH,WeatherRealism_WeatherScenario_hot_stress_5f_P50_MWH,WeatherRealism_WeatherScenario_cooler_P50_MWH,WeatherRealism_WeatherScenario_cloudier_solar_loss_P50_MWH,WeatherRealism_WeatherScenario_severe_cloud_solar_loss_P50_MWH,WeatherRealism_WeatherScenario_clearer_high_solar_P50_MWH,WeatherRealism_WeatherScenario_Cap_Applied,WeatherRealism_WeatherScenario_Min_P50_MWH,WeatherRealism_WeatherScenario_Max_P50_MWH,WeatherRealism_WeatherScenario_Spread_MWH,WeatherRealism_WeatherScenario_HalfSpread_MWH,WeatherRealism_WeatherScenario_MaxAbsDelta_MWH,Replay_Calibration_Days,Replay_Calibration_Start_DT,Replay_Calibration_End_DT,Date,Underforecast_MWH,Overforecast_MWH,Forecast_Error_MWH,Underforecast_Flag,Overforecast_Flag,Baseline_SameHourYesterday_MWH,Baseline_SameHour7DaysAgo_MWH,Baseline_Rolling7DaySameHourAvg_MWH,Weather_Temp_Error_F,Weather_DailyMaxTemp_Error_F,Weather_CloudCover_Error_Norm,Weather_Solar_Proxy_Error_MW,Weather_Solar_Loss_Error_MW,Weather_Midday_Solar_Loss_Error_MW,Weather_Input_Forecast_Delta_MWH,Weather_Input_Residual_Delta_MWH,Weather_Input_AbsError_Delta_MWH,Weather_Input_PctAbsError_Delta,Weather_Forecast_Lead_Bucket,Weather_DailyMaxTemp_AbsError_Bucket,Weather_CloudCover_AbsError_Bucket,Weather_SolarLoss_AbsError_Bucket,Weather_Input_Event_Slice,Weather_Input_Risk_Class,Targeted_Meta_Residual_MWH,Residual_Calibrated_Residual_MWH,Cloud_Solar_Residual_MWH,Peak_Risk_Residual_MWH,Recent_Corrected_Residual_MWH,Final_Backtest_Residual_MWH
2025-06-01 14:00:00-07:00,origin_05,2025-05-25 00:00:00-07:00,2025,5,183,8,Days8to16,Summer,6,14,190.549558,90.1,91.7,0.0,18.82822761055998,0.0,0.0,205.66610468212747,205.37100219726562,205.41849663101559,206.13951804383524,202.52591744782342,201.21468246504287,201.21468246504287,201.21468246504287,201.34897956181027,196.22897956181026,199.22897956181026,196.22897956181026,1,-3.0,june_recent_85_93_clear_afternoon_backoff,196.22897956181026,196.22897956181026,-15.116546682127478,-14.821444197265635,-14.868938631015595,-15.589960043835248,-5.679421561810273,-8.679421561810273,-5.679421561810273,-5.679421561810273,5.679421561810273,-3.140187234304051,-1.3112349827805474,0.0,0.0,0.13429709676739776,-5.1200000000000045,-3.0,-9.437125120317205,Final_Backtest_Forecast_MWH,days8plus_final_low_confidence+long_horizon_peak_month_correction,raw_bias,none,none,recent_mean+last24_mean+same_hour+hourgroup+global+temp_hourgroup+cloud_hourgroup+solar_hourgroup+solar_loss_hourgroup+temp_cloud_hourgroup,3.0,0,,,0,,,,Midday,6,1,0,0,4.0,1.124665386736733,0.24,8.4,0.0,255.98496553281927,170.43048103606841,-15.116546682127478,15.116546682127478,7.933131328558357,Spring,-3.140187234304053,0.0,-3.140187234304053,0.0,Clear/Low,4.0,None,-1.3112349827805512,weighted_fallback,global+hour+temp_cloud_hourgroup,201.34897956181027,0.0,201.21468246504287,none,170+,other,0.7,0.0,0.0,0.0,0.13429709676739005,0.0,,,ar_disabled_or_empty,0.0,,,origin_day_disabled_or_empty,201.21468246504287,-2.12,0.0,35.235623646059054,-50.318860850691806,2.9805482738565434,4.0,High,,,,,,,,,,,,,,,,,0.0,none,0.0,0.0,0.0,,,0.0,,,0.0,0.0,none,,,,,,,,,0.0,,,,,0.0,45,2025-04-09 23:00:00-07:00,2025-05-24 23:00:00-07:00,2025-06-01,0.0,15.116546682127478,15.116546682127478,0,1,261.891,112.875525,172.21158428571428,,,,,,,,,,,,,,,,,-11.976359447823427,-10.66512446504288,-10.66512446504288,-10.66512446504288,-10.799421561810277,-5.679421561810273
2025-06-01 15:00:00-07:00,origin_05,2025-05-25 00:00:00-07:00,2025,5,184,8,Days8to16,Summer,6,15,202.596175,91.7,91.7,0.0,14.591766466898733,0.0,0.0,222.25383384133676,221.75881958007812,223.36192259724868,220.65398415669188,219.1136466070327,217.79264604079685,217.79264604079685,217.79264604079685,217.93412938007677,212.81412938007676,215.81412938007676,212.81412938007676,1,-3.0,june_recent_85_93_clear_afternoon_backoff,212.81412938007676,212.81412938007676,-19.65765884133677,-19.162644580078137,-20.76574759724869,-18.05780915669189,-10.217954380076776,-13.217954380076776,-10.217954380076776,-10.217954380076776,10.217954380076776,-3.140187234304051,-1.3210005662358526,0.0,0.0,0.1414833392799153,-5.1200000000000045,-3.0,-9.439704461259993,Final_Backtest_Forecast_MWH,days8plus_final_low_confidence+long_horizon_peak_month_correction,raw_bias,none,none,recent_mean+last24_mean+same_hour+hourgroup+global+temp_hourgroup+cloud_hourgroup+solar_hourgroup+solar_loss_hourgroup+temp_cloud_hourgroup,3.0,0,,,0,,,,Midday,6,1,0,0,4.0,1.3074136623031833,0.2,9.4,0.0,273.3400176000181,185.3283644725628,-19.65765884133677,19.65765884133677,9.702877579666433,Spring,-3.140187234304053,0.0,-3.140187234304053,0.0,Clear/Low,3.0,None,-1.321000566235859,weighted_fallback,global+hour+temp_cloud_hourgroup,217.93412938007677,0.0,217.79264604079685,none,170+,other,0.7,0.0,0.0,0.0,0.14148333927991533,0.0,,,ar_disabled_or_empty,0.0,,,origin_day_disabled_or_empty,217.79264604079685,-2.12,0.0,36.925469368773946,-51.08618375868133,5.043508042576212,4.0,Medium-High,,,,,,,,,,,,,,,,,0.0,none,0.0,0.0,0.0,,,0.0,,,0.0,0.0,none,,,,,,,,,0.0,,,,,0.0,45,2025-04-09 23:00:00-07:00,2025-05-24 23:00:00-07:00,2025-06-01,0.0,19.65765884133677,19.65765884133677,0,1,277.855391,122.348483,186.67760914285714,,,,,,,,,,,,,,,,,-16.517471607032718,-15.196471040796865,-15.196471040796865,-15.196471040796865,-15.33795438007678,-10.217954380076776
2025-06-01 16:00:00-07:00,origin_05,2025-05-25 00:00:00-07:00,2025,5,185,8,Days8to16,Summer,6,16,212.71655,91.7,91.7,0.0,9.156464326564441,0.0,0.0,233.854351575076,233.06088256835938,235.19671298410952,231.97163193422807,233.854351575076,232.88143159359214,232.88143159359214,232.88143159359214,233.0339674392862,205.91396743928618,230.91396743928618,205.91396743928618,1,-25.0,june_recent_85_93_clear_afternoon_backoff+june_long_mild_hot_peak_backoff+june_long_90_92_clear_hot_extra_backoff,205.91396743928618,205.91396743928618,-21.137801575075997,-20.344332568359363,-22.480162984109512,-19.25508193422806,6.80258256071383,-18.19741743928617,6.80258256071383,6.80258256071383,6.80258256071383,0.0,-0.9729199814838694,0.0,0.0,0.15253584569404666,-27.120000000000005,-25.0,-27.940384135789827,Final_Backtest_Forecast_MWH,days8plus_final_low_confidence+long_horizon_peak_month_correction,raw_bias,none,none,recent_mean+last24_mean+same_hour+hourgroup+global+temp_hourgroup+cloud_hourgroup+solar_hourgroup+solar_loss_hourgroup+temp_cloud_hourgroup,3.0,0,,,0,,,,Peak,6,1,0,0,4.0,1.35,0.18,9.8,0.0,289.33994371499557,200.2411598038891,-21.137801575075997,21.137801575075997,9.937074277989181,Spring,-0.0,0.0,0.0,0.0,Clear/Low,2.0,None,-0.9729199814838628,weighted_fallback,global+hour+temp_cloud_hourgroup,233.0339674392862,0.0,232.88143159359214,none,170+,other,0.7,0.0,0.0,0.0,0.1525358456940504,0.0,,,ar_disabled_or_empty,0.0,,,origin_day_disabled_or_empty,232.88143159359214,-2.12,0.0,33.613191771186905,-55.48559213991956,3.1979564169848698,4.0,Medium-Low,,,,,,,,,,,,,,,,,0.0,none,0.0,0.0,0.0,,,0.0,,,0.0,0.0,none,,,,,,,,,0.0,,,,,0.0,45,2025-04-09 23:00:00-07:00,2025-05-24 23:00:00-07:00,2025-06-01,0.0,21.137801575075997,21.137801575075997,0,1,292.124233,133.27525,201.522133,,,,,,,,,,,,,,,,,-21.137801575075997,-20.164881593592128,-20.164881593592128,-20.164881593592128,-20.317417439286174,6.80258256071383
2025-06-01 17:00:00-07:00,origin_05,2025-05-25 00:00:00-07:00,2025,5,186,8,Days8to16,Summer,6,17,221.741933,90.1,91.7,0.0,3.86416795080803,0.0,0.0,238.0174102201599,236.5567169189453,237.28556827144052,239.58478851135163,238.0174102201599,237.13600482643935,237.13600482643935,237.13600482643935,237.3095792315325,210.1895792315325,235.1895792315325,210.1895792315325,1,-25.0,june_recent_85_93_clear_afternoon_backoff+june_long_mild_hot_peak_backoff+june_long_90_92_clear_hot_extra_backoff,210.1895792315325,210.1895792315325,-16.2754772201599,-14.814783918945324,-15.543635271440536,-17.842855511351644,11.552353768467498,-13.447646231532502,11.552353768467498,11.552353768467498,11.552353768467498,0.0,-0.8814053937205415,0.0,0.0,0.1735744050931487,-27.120000000000005,-25.0,-27.827830988627397,Final_Backtest_Forecast_MWH,days8plus_final_low_confidence+long_horizon_peak_month_correction,raw_bias,none,none,recent_mean+last24_mean+same_hour+hourgroup+global+temp_hourgroup+cloud_hourgroup+solar_hourgroup+solar_loss_hourgroup+temp_cloud_hourgroup,3.0,0,,,0,,,,Peak,6,1,0,0,4.0,1.35,0.19,9.8,0.0,298.74094988040827,211.36320199915417,-16.2754772201599,16.2754772201599,7.339828331053604,Spring,-0.0,0.0,0.0,0.0,Clear/Low,1.0,None,-0.8814053937205332,weighted_fallback,global+hour+temp_cloud_hourgroup,237.3095792315325,0.0,237.13600482643935,none,170+,other,0.7,0.0,0.0,0.0,0.173574405093158,0.0,,,ar_disabled_or_empty,0.0,,,origin_day_disabled_or_empty,237.13600482643935,-2.12,0.0,26.654208221005717,-60.72353966024838,5.20981918583144,4.0,Medium-Low,,,,,,,,,,,,,,,,,0.0,none,0.0,0.0,0.0,,,0.0,,,0.0,0.0,none,,,,,,,,,0.0,,,,,0.0,45,2025-04-09 23:00:00-07:00,2025-05-24 23:00:00-07:00,2025-06-01,0.0,16.2754772201599,16.2754772201599,0,1,301.294025,145.9778,214.14979257142858,,,,,,,,,,,,,,,,,-16.2754772201599,-15.394071826439358,-15.394071826439358,-15.394071826439358,-15.567646231532507,11.552353768467498
2025-06-01 18:00:00-07:00,origin_05,2025-05-25 00:00:00-07:00,2025,5,187,8,Days8to16,Summer,6,18,218.111091,85.6,91.7,0.0,1.3091546949660468e-15,0.0,0.0,234.35220060733673,233.425048828125,235.20863633495645,233.27127354370913,234.35220060733673,233.4474998272388,233.4474998272388,233.4474998272388,233.64570714292233,209.52570714292233,231.52570714292233,209.52570714292233,1,-22.0,june_long_mild_hot_peak_backoff+june_long_90_92_clear_hot_extra_backoff,209.52570714292233,209.52570714292233,-16.24110960733674,-15.313957828125012,-17.097545334956465,-15.16018254370914,8.585383857077659,-13.414616142922341,8.585383857077659,8.585383857077659,8.585383857077659,0.0,-0.9047007800979259,0.0,0.0,0.19820731568353267,-24.120000000000005,-22.0,-24.826493464414398,Final_Backtest_Forecast_MWH,days8plus_final_low_confidence+long_horizon_peak_month_correction,raw_bias,none,none,recent_mean+last24_mean+same_hour+hourgroup+global+temp_hourgroup+cloud_hourgroup+solar_hourgroup+solar_loss_hourgroup+temp_cloud_hourgroup,3.0,0,,,0,,,,Peak,6,1,0,0,4.0,1.35,0.26,9.4,0.0,297.50113560097327,216.37813373784564,-16.24110960733674,16.24110960733674,7.44625572815861,Spring,-0.0,0.0,0.0,0.0,Clear/Low,0.0,None,-0.9047007800979261,weighted_fallback,global+hour+temp_cloud_hourgroup,233.64570714292233,0.0,233.4474998272388,none,170+,other,0.7,0.0,0.0,0.0,0.19820731568352656,0.0,,,ar_disabled_or_empty,0.0,,,origin_day_disabled_or_empty,233.4474998272388,-2.12,0.0,17.974066869491082,-63.148934993636544,3.936243598487002,4.0,Low,,,,,,,,,,,,,,,,,0.0,none,0.0,0.0,0.0,,,0.0,,,0.0,0.0,none,,,,,,,,,0.0,,,,,0.0,45,2025-04-09 23:00:00-07:00,2025-05-24 23:00:00-07:00,2025-06-01,0.0,16.24110960733674,16.24110960733674,0,1,303.085133,149.35045,218.1637937142857,,,,,,,,,,,,,,,,,-16.24110960733674,-15.336408827238813,-15.336408827238813,-15.336408827238813,-15.534616142922346,8.585383857077659
2025-06-01 19:00:00-07:00,origin_05,2025-05-25 00:00:00-07:00,2025,5,188,8,Days8to16,Summer,6,19,205.380041,81.0,91.7,0.0,0.0,0.0,0.0,219.23324177144278,218.0121307373047,219.64123619200262,218.94099654888817,219.23324177144278,218.4956624638219,218.4956624638219,218.4956624638219,218.7099727400921,196.7099727400921,218.7099727400921,196.7099727400921,1,-22.0,june_long_mild_hot_peak_backoff+june_long_90_92_clear_hot_extra_backoff,196.7099727400921,196.7099727400921,-13.853200771442772,-12.632089737304682,-14.261195192002617,-13.56095554888816,8.670068259907907,-13.329931740092093,8.670068259907907,8.670068259907907,8.670068259907907,0.0,-0.7375793076208765,0.0,0.0,0.21431027627019716,-22.0,-22.0,-22.52326903135068,Final_Backtest_Forecast_MWH,days8plus_final_low_confidence,raw_bias,none,none,recent_mean+last24_mean+same_hour+hourgroup+global+temp_hourgroup+cloud_hourgroup+solar_hourgroup+solar_loss_hourgroup+temp_cloud_hourgroup,3.0,0,,,0,,,,Peak,6,1,0,0,4.0,0.0,0.32,9.2,0.0,286.34354614212623,211.34035227790127,-13.853200771442772,13.853200771442772,6.745154350924865,Spring,-0.0,0.0,0.0,0.0,Clear/Low,0.0,None,-0.7375793076208673,weighted_fallback,global+hour+temp_cloud_hourgroup,218.7099727400921,0.0,218.4956624638219,none,170+,other,1.0,0.0,0.0,0.0,0.21431027627020796,0.0,,,ar_disabled_or_empty,0.0,,,origin_day_disabled_or_empty,218.4956624638219,0.0,0.0,7.892889493541503,-67.11030437068345,4.221475571673445,4.0,None,,,,,,,,,,,,,,,,,0.0,none,0.0,0.0,0.0,,,0.0,,,0.0,0.0,none,,,,,,,,,0.0,,,,,0.0,45,2025-04-09 23:00:00-07:00,2025-05-24 23:00:00-07:00,2025-06-01,0.0,13.853200771442772,13.853200771442772,0,1,294.216516,144.483141,213.28433171428574,,,,,,,,,,,,,,,,,-13.853200771442772,-13.115621463821896,-13.115621463821896,-13.115621463821896,-13.329931740092093,8.670068259907907
2025-06-01 20:00:00-07:00,origin_05,2025-05-25 00:00:00-07:00,2025,5,189,8,Days8to16,Summer,6,20,187.162816,75.1,91.7,0.0,0.0,0.0,0.0,201.78415311846177,202.50636291503906,202.05324427981918,201.1549499230209,201.78415311846177,201.2542505689744,201.2542505689744,201.2542505689744,201.45464423268956,179.45464423268956,201.45464423268956,179.45464423268956,1,-22.0,june_long_mild_hot_peak_backoff+june_long_90_92_clear_hot_extra_backoff,179.45464423268956,179.45464423268956,-14.621337118461781,-15.34354691503907,-14.89042827981919,-13.992133923020901,7.708171767310432,-14.291828232689568,7.708171767310432,7.708171767310432,7.708171767310432,0.0,-0.5299025494873604,0.0,0.0,0.20039366371514689,-22.0,-22.0,-22.329508885772213,Final_Backtest_Forecast_MWH,days8plus_final_low_confidence,raw_bias,none,none,recent_mean+last24_mean+same_hour+hourgroup+global+temp_hourgroup+cloud_hourgroup+solar_hourgroup+solar_loss_hourgroup+temp_cloud_hourgroup,3.0,0,,,0,,,,Peak,6,1,0,0,4.0,0.0,0.4,8.4,0.0,273.7298406158196,203.68487945212976,-14.621337118461781,14.621337118461781,7.812095068318368,Spring,-0.0,0.0,0.0,0.0,Clear/Low,0.0,None,-0.529902549487371,weighted_fallback,global+hour+temp_cloud_hourgroup,201.45464423268956,0.0,201.2542505689744,none,170+,other,1.0,0.0,0.0,0.0,0.20039366371515835,0.0,,,ar_disabled_or_empty,0.0,,,origin_day_disabled_or_empty,201.2542505689744,0.0,0.0,-1.9007263336679898,-71.94568749735785,4.11843117775618,4.0,None,,,,,,,,,,,,,,,,,0.0,none,0.0,0.0,0.0,,,0.0,,,0.0,0.0,none,,,,,,,,,0.0,,,,,0.0,45,2025-04-09 23:00:00-07:00,2025-05-24 23:00:00-07:00,2025-06-01,0.0,14.621337118461781,14.621337118461781,0,1,274.765858,142.93605,203.94336285714286,,,,,,,,,,,,,,,,,-14.621337118461781,-14.091434568974421,-14.091434568974421,-14.091434568974421,-14.291828232689568,7.708171767310432
2025-06-02 14:00:00-07:00,origin_05,2025-05-25 00:00:00-07:00,2025,5,207,9,Days8to16,Summer,6,14,172.391233,88.2,92.8,0.0,18.691508115462554,0.0,0.0,184.85572011853094,184.11904907226562,184.29395853703795,185.94896575981,181.73125969494868,180.42002471216813,180.42002471216813,180.42002471216813,180.55432180893553,175.43432180893552,178.43432180893552,175.43432180893552,1,-3.0,june_recent_85_93_clear_afternoon_backoff,175.43432180893552,175.43432180893552,-12.46448711853094,-11.727816072265625,-11.902725537037952,-13.557732759809994,-3.043088808935522,-6.043088808935522,-3.043088808935522,-3.043088808935522,3.043088808935522,-3.1244604235822635,-1.3112349827805474,0.0,0.0,0.13429709676739776,-5.1200000000000045,-3.0,-9.421398309595418,Final_Backtest_Forecast_MWH,days8plus_final_low_confidence+long_horizon_peak_month_correction,raw_bias,none,none,recent_mean+last24_mean+same_hour+hourgroup+global+temp_hourgroup+cloud_hourgroup+solar_hourgroup+solar_loss_hourgroup+temp_cloud_hourgroup,3.0,0,,,0,,,,Midday,0,0,0,0,4.0,1.1153819393135678,0.24,3.9,0.0,205.66610468212747,183.56329463392032,-12.46448711853094,12.46448711853094,7.230348609741041,Spring,-3.1244604235822693,0.0,-3.1244604235822693,0.0,Clear/Low,4.0,None,-1.3112349827805512,weighted_fallback,global+hour+temp_cloud_hourgroup,180.55432180893553,0.0,180.42002471216813,none,170+,other,0.7,0.0,0.0,0.0,0.13429709676739005,0.0,,,ar_disabled_or_empty,0.0,,,origin_day_disabled_or_empty,180.42002471216813,-2.12,0.0,1.292425484610618,-20.81038456359653,1.765222486073594,4.0,High,,,,,,,,,,,,,,,,,0.0,none,0.0,0.0,0.0,,,0.0,,,0.0,0.0,none,,,,,,,,,0.0,,,,,0.0,45,2025-04-09 23:00:00-07:00,2025-05-24 23:00:00-07:00,2025-06-02,0.0,12.46448711853094,12.46448711853094,0,1,190.549558,120.068808,183.3078747142857,,,,,,,,,,,,,,,,,-9.340026694948676,-8.028791712168129,-8.028791712168129,-8.028791712168129,-8.163088808935527,-3.043088808935522
2025-06-02 15:00:00-07:00,origin_05,2025-05-25 00:00:00-07:00,2025,5,208,9,Days8to16,Summer,6,15,192.298866,90.6,92.8,0.0,14.400399037824652,0.0,0.0,204.51284433236106,203.4861602783203,206.28591532112944,202.01992822259388,201.18763186980155,199.8666313035657,199.8666313035657,199.8666313035657,200.0081146428456,194.8881146428456,197.8881146428456,194.8881146428456,1,-3.0,june_recent_85_93_clear_afternoon_backoff,194.8881146428456,194.8881146428456,-12.213978332361052,-11.187294278320309,-13.987049321129433,-9.721062222593872,-2.589248642845604,-5.589248642845604,-2.589248642845604,-2.589248642845604,2.589248642845604,-3.325212462559506,-1.3210005662358526,0.0,0.0,0.1414833392799153,-5.1200000000000045,-3.0,-9.624729689515448,Final_Backtest_Forecast_MWH,days8plus_final_low_confidence+long_horizon_peak_month_correction,raw_bias,none,none,recent_mean+last24_mean+same_hour+hourgroup+global+temp_hourgroup+cloud_hourgroup+solar_hourgroup+solar_loss_hourgroup+temp_cloud_hourgroup,3.0,0,,,0,,,,Midday,0,0,0,0,4.0,1.2889766497020256,0.21,4.7,0.0,222.25383384133676,199.2667396177298,-12.213978332361052,12.213978332361052,6.3515602491181875,Spring,-3.325212462559493,0.0,-3.325212462559493,0.0,Clear/Low,3.0,None,-1.321000566235859,weighted_fallback,global+hour+temp_cloud_hourgroup,200.0081146428456,0.0,199.8666313035657,none,170+,other,0.7,0.0,0.0,0.0,0.14148333927991533,0.0,,,ar_disabled_or_empty,0.0,,,origin_day_disabled_or_empty,199.8666313035657,-2.12,0.0,5.246104714631258,-17.7409895089757,1.346471092994175,4.0,Medium-High,,,,,,,,,,,,,,,,,0.0,none,0.0,0.0,0.0,,,0.0,,,0.0,0.0,none,,,,,,,,,0.0,,,,,0.0,45,2025-04-09 23:00:00-07:00,2025-05-24 23:00:00-07:00,2025-06-02,0.0,12.213978332361052,12.213978332361052,0,1,202.596175,129.458708,198.14156514285713,,,,,,,,,,,,,,,,,-8.888765869801546,-7.567765303565693,-7.567765303565693,-7.567765303565693,-7.709248642845608,-2.589248642845604
2025-06-02 16:00:00-07:00,origin_05,2025-05-25 00:00:00-07:00,2025,5,209,9,Days8to16,Summer,6,16,212.703725,92.2,92.8,0.01,8.987317818068792,0.0,0.0,220.8294526328607,222.84410095214844,220.76994729685367,220.34734721250376,220.8294526328607,219.85653265137682,219.85653265137682,219.85653265137682,220.00906849707087,214.88906849707087,217.88906849707087,214.88906849707087,1,-3.0,june_recent_85_93_clear_afternoon_backoff,214.88906849707087,214.88906849707087,-8.125727632860702,-10.140375952148446,-8.066222296853681,-7.643622212503772,-2.1853434970708747,-5.185343497070875,-2.1853434970708747,-2.1853434970708747,2.1853434970708747,0.0,-0.9729199814838694,0.0,0.0,0.15253584569404666,-5.1200000000000045,-3.0,-5.940384135789827,Final_Backtest_Forecast_MWH,days8plus_final_low_confidence+long_horizon_peak_month_correction,raw_bias,none,none,recent_mean+last24_mean+same_hour+hourgroup+global+temp_hourgroup+cloud_hourgroup+solar_hourgroup+solar_loss_hourgroup+temp_cloud_hourgroup,3.0,0,,,0,,,,Peak,0,0,0,1,4.0,1.35,0.2,5.9,0.0,233.854351575076,214.2604039636606,-8.125727632860702,8.125727632860702,3.8202093700336945,Spring,-0.0,0.0,0.0,0.0,Clear/Low,2.0,None,-0.9729199814838628,weighted_fallback,global+hour+temp_cloud_hourgroup,220.00906849707087,0.0,219.85653265137682,none,170+,other,0.7,0.0,0.0,0.0,0.1525358456940504,0.0,,,ar_disabled_or_empty,0.0,,,origin_day_disabled_or_empty,219.85653265137682,-2.12,0.0,6.5690486692001,-13.024898942215316,1.0274119539142414,4.0,Medium-Low,,,,,,,,,,,,,,,,,0.0,none,0.0,0.0,0.0,,,0.0,,,0.0,0.0,none,,,,,,,,,0.0,,,,,0.0,45,2025-04-09 23:00:00-07:00,2025-05-24 23:00:00-07:00,2025-06-02,0.0,8.125727632860702,8.125727632860702,0,1,212.71655,140.886916,212.87089014285718,,,,,,,,,,,,,,,,,-8.125727632860702,-7.152807651376833,-7.152807651376833,-7.152807651376833,-7.305343497070879,-2.1853434970708747
2025-06-02 17:00:00-07:00,origin_05,2025-05-25 00:00:00-07:00,2025,5,210,9,Days8to16,Summer,6,17,227.345075,92.8,92.8,0.02,3.7707741634773226,0.0,0.0,233.54884746007565,230.58750915527344,233.89211514211803,233.85552347538106,233.54884746007565,232.6674420663551,232.6674420663551,232.6674420663551,232.84101647144826,227.72101647144825,230.72101647144825,227.72101647144825,1,-3.0,june_recent_85_93_clear_afternoon_backoff,227.72101647144825,227.72101647144825,-6.2037724600756405,-3.242434155273429,-6.547040142118021,-6.510448475381054,-0.3759414714482432,-3.375941471448243,-0.3759414714482432,-0.3759414714482432,0.3759414714482432,0.0,-0.8814053937205415,0.0,0.0,0.1735744050931487,-5.1200000000000045,-3.0,-5.827830988627397,Final_Backtest_Forecast_MWH,days8plus_final_low_confidence+long_horizon_peak_month_correction,raw_bias,none,none,recent_mean+last24_mean+same_hour+hourgroup+global+temp_hourgroup+cloud_hourgroup+solar_hourgroup+solar_loss_hourgroup+temp_cloud_hourgroup,3.0,0,,,0,,,,Peak,0,0,0,1,4.0,1.35,0.2,7.3,0.0,238.0174102201599,224.46717350506444,-6.2037724600756405,6.2037724600756405,2.7287912263222065,Spring,-0.0,0.0,0.0,0.0,Clear/Low,1.0,None,-0.8814053937205332,weighted_fallback,global+hour+temp_cloud_hourgroup,232.84101647144826,0.0,232.6674420663551,none,170+,other,0.7,0.0,0.0,0.0,0.173574405093158,0.0,,,ar_disabled_or_empty,0.0,,,origin_day_disabled_or_empty,232.6674420663551,-2.12,0.0,9.081673955011212,-4.4685627600842395,0.16536160787659165,4.0,Medium-Low,,,,,,,,,,,,,,,,,0.0,none,0.0,0.0,0.0,,,0.0,,,0.0,0.0,none,,,,,,,,,0.0,,,,,0.0,45,2025-04-09 23:00:00-07:00,2025-05-24 23:00:00-07:00,2025-06-02,0.0,6.2037724600756405,6.2037724600756405,0,1,221.741933,155.007775,224.97324014285715,,,,,,,,,,,,,,,,,-6.2037724600756405,-5.322367066355099,-5.322367066355099,-5.322367066355099,-5.495941471448248,-0.3759414714482432
2025-06-02 18:00:00-07:00,origin_05,2025-05-25 00:00:00-07:00,2025,5,211,9,Days8to16,Summer,6,18,230.588625,91.6,92.8,0.0,1.284297327340109e-15,0.0,0.0,234.21731856090602,234.6393280029297,233.71441397913313,234.88702306311376,234.21731856090602,233.3126177808081,233.3126177808081,233.3126177808081,233.51082509649163,231.39082509649162,231.39082509649162,231.39082509649162,0,0.0,none,231.39082509649162,231.39082509649162,-3.628693560906015,-4.05070300292968,-3.1257889791331195,-4.298398063113751,-0.8022000964916174,-0.8022000964916174,-0.8022000964916174,-0.8022000964916174,0.8022000964916174,0.0,-0.9047007800979259,0.0,0.0,0.19820731568353267,-2.1200000000000045,0.0,-2.8264934644143977,Final_Backtest_Forecast_MWH,days8plus_final_low_confidence+long_horizon_peak_month_correction,raw_bias,none,none,recent_mean+last24_mean+same_hour+hourgroup+global+temp_hourgroup+cloud_hourgroup+solar_hourgroup+solar_loss_hourgroup+temp_cloud_hourgroup,3.0,0,,,0,,,,Peak,0,0,0,1,4.0,1.35,0.2,6.7,0.0,234.35220060733673,228.3364111787787,-3.628693560906015,3.628693560906015,1.5736654663281915,Spring,-0.0,0.0,0.0,0.0,Clear/Low,0.0,None,-0.9047007800979261,weighted_fallback,global+hour+temp_cloud_hourgroup,233.51082509649163,0.0,233.3126177808081,none,170+,other,0.7,0.0,0.0,0.0,0.19820731568352656,0.0,,,ar_disabled_or_empty,0.0,,,origin_day_disabled_or_empty,233.3126177808081,-2.12,0.0,5.880907382127333,-0.1348820464307039,0.34789231103295637,4.0,Low,,,,,,,,,,,,,,,,,0.0,none,0.0,0.0,0.0,,,0.0,,,0.0,0.0,none,,,,,,,,,0.0,,,,,0.0,45,2025-04-09 23:00:00-07:00,2025-05-24 23:00:00-07:00,2025-06-02,0.0,3.628693560906015,3.628693560906015,0,1,218.111091,162.988158,227.98674242857143,,,,,,,,,,,,,,,,,-3.628693560906015,-2.7239927808080893,-2.7239927808080893,-2.7239927808080893,-2.922200096491622,-0.8022000964916174
2025-06-02 19:00:00-07:00,origin_05,2025-05-25 00:00:00-07:00,2025,5,212,9,Days8to16,Summer,6,19,218.86175,85.6,92.8,0.0,0.0,0.0,0.0,223.92379267399463,223.70037841796875,224.26266128536486,223.45511750070597,223.92379267399463,223.18621336637375,223.18621336637375,223.18621336637375,223.40052364264395,223.40052364264395,223.40052364264395,223.40052364264395,0,0.0,none,223.40052364264395,223.40052364264395,-5.062042673994625,-4.838628417968749,-5.400911285364856,-4.593367500705966,-4.538773642643946,-4.538773642643946,-4.538773642643946,-4.538773642643946,4.538773642643946,0.0,-0.7375793076208765,0.0,0.0,0.21431027627019716,0.0,0.0,-0.5232690313506794,Final_Backtest_Forecast_MWH,days8plus_final_low_confidence,raw_bias,none,none,recent_mean+last24_mean+same_hour+hourgroup+global+temp_hourgroup+cloud_hourgroup+solar_hourgroup+solar_loss_hourgroup+temp_cloud_hourgroup,3.0,0,,,0,,,,Peak,0,0,0,1,4.0,0.0,0.31,10.4,0.0,219.23324177144278,221.61638149339498,-5.062042673994625,5.062042673994625,2.312895091990549,Spring,-0.0,0.0,0.0,0.0,Clear/Low,0.0,None,-0.7375793076208673,weighted_fallback,global+hour+temp_cloud_hourgroup,223.40052364264395,0.0,223.18621336637375,none,170+,other,1.0,0.0,0.0,0.0,0.21431027627020796,0.0,,,ar_disabled_or_empty,0.0,,,origin_day_disabled_or_empty,223.18621336637375,0.0,0.0,2.307411180599644,4.690550902551848,2.0738085310219563,4.0,None,,,,,,,,,,,,,,,,,0.0,none,0.0,0.0,0.0,,,0.0,,,0.0,0.0,none,,,,,,,,,0.0,,,,,0.0,45,2025-04-09 23:00:00-07:00,2025-05-24 23:00:00-07:00,2025-06-02,0.0,5.062042673994625,5.062042673994625,0,1,205.380041,163.725516,221.98388885714286,,,,,,,,,,,,,,,,,-5.062042673994625,-4.324463366373749,-4.324463366373749,-4.324463366373749,-4.538773642643946,-4.538773642643946
2025-06-02 20:00:00-07:00,origin_05,2025-05-25 00:00:00-07:00,2025,5,213,9,Days8to16,Summer,6,20,200.7944,80.2,92.8,0.0,0.0,0.0,0.0,208.26984797027518,207.89166259765625,208.25364042293296,208.40336993684687,208.26984797027518,207.73994542078782,207.73994542078782,207.73994542078782,207.94033908450297,207.94033908450297,207.94033908450297,207.94033908450297,0,0.0,none,207.94033908450297,207.94033908450297,-7.475447970275184,-7.097262597656254,-7.4592404229329645,-7.608969936846876,-7.14593908450297,-7.14593908450297,-7.14593908450297,-7.14593908450297,7.14593908450297,0.0,-0.5299025494873604,0.0,0.0,0.20039366371514689,0.0,0.0,-0.3295088857722135,Final_Backtest_Forecast_MWH,days8plus_final_low_confidence,raw_bias,none,none,recent_mean+last24_mean+same_hour+hourgroup+global+temp_hourgroup+cloud_hourgroup+solar_hourgroup+solar_loss_hourgroup+temp_cloud_hourgroup,3.0,0,,,0,,,,Peak,0,0,0,1,4.0,0.0,0.35,9.6,0.0,201.78415311846177,211.7434616532589,-7.475447970275184,7.475447970275184,3.7229364814333388,Spring,-0.0,0.0,0.0,0.0,Clear/Low,0.0,None,-0.529902549487371,weighted_fallback,global+hour+temp_cloud_hourgroup,207.94033908450297,0.0,207.73994542078782,none,170+,other,1.0,0.0,0.0,0.0,0.20039366371515835,0.0,,,ar_disabled_or_empty,0.0,,,origin_day_disabled_or_empty,207.73994542078782,0.0,0.0,-3.4736136829837108,6.485694851813406,3.558833854182672,4.0,None,,,,,,,,,,,,,,,,,0.0,none,0.0,0.0,0.0,,,0.0,,,0.0,0.0,none,,,,,,,,,0.0,,,,,0.0,45,2025-04-09 23:00:00-07:00,2025-05-24 23:00:00-07:00,2025-06-02,0.0,7.475447970275184,7.475447970275184,0,1,187.162816,162.266266,210.26147228571426,,,,,,,,,,,,,,,,,-7.475447970275184,-6.945545420787823,-6.945545420787823,-6.945545420787823,-7.14593908450297,-7.14593908450297
2025-06-03 14:00:00-07:00,origin_05,2025-05-25 00:00:00-07:00,2025,5,231,10,Days8to16,Summer,6,14,160.934191,86.2,93.2,0.0,18.671976759020065,0.0,0.0,172.9061175690595,172.68927001953125,172.839673964054,173.07248539107619,170.76619396640908,169.45495898362853,169.45495898362853,169.45495898362853,169.58925608039593,167.46925608039592,167.46925608039592,167.46925608039592,0,0.0,none,167.46925608039592,167.46925608039592,-11.971926569059491,-11.755079019531252,-11.905482964053988,-12.138294391076187,-6.535065080395924,-6.535065080395924,-6.535065080395924,-6.535065080395924,6.535065080395924,-2.1399236026504127,-1.3112349827805474,0.0,0.0,0.13429709676739776,-2.1200000000000045,0.0,-5.436861488663567,Final_Backtest_Forecast_MWH,days8plus_final_low_confidence+long_horizon_peak_month_correction,raw_bias,none,none,recent_mean+last24_mean+same_hour+hourgroup+global+temp_hourgroup+cloud_hourgroup+solar_hourgroup+solar_loss_hourgroup+temp_cloud_hourgroup,3.0,0,,,0,,,,Midday,1,0,0,0,4.0,1.1131580963966698,0.28,3.0,0.0,184.85572011853094,192.21867757979118,-11.971926569059491,11.971926569059491,7.43901994639504,Spring,-2.1399236026504243,0.0,-2.1399236026504243,0.0,Clear/Low,4.0,None,-1.3112349827805512,weighted_fallback,global+hour+temp_cloud_hourgroup,169.58925608039593,0.0,169.45495898362853,none,150-170,other,0.7,0.0,0.0,0.0,0.13429709676739005,0.0,,,ar_disabled_or_empty,0.0,,,origin_day_disabled_or_empty,169.45495898362853,-2.12,0.0,-19.312560010731687,-11.94960254947145,4.060706453854746,4.0,High,,,,,,,,,,,,,,,,,0.0,none,0.0,0.0,0.0,,,0.0,,,0.0,0.0,none,,,,,,,,,0.0,,,,,0.0,45,2025-04-09 23:00:00-07:00,2025-05-24 23:00:00-07:00,2025-06-03,0.0,11.971926569059491,11.971926569059491,0,1,172.391233,155.65535,190.78250685714283,,,,,,,,,,,,,,,,,-9.832002966409078,-8.52076798362853,-8.52076798362853,-8.52076798362853,-8.655065080395929,-6.535065080395924
2025-06-03 15:00:00-07:00,origin_05,2025-05-25 00:00:00-07:00,2025,5,232,10,Days8to16,Summer,6,15,180.616116,89.4,93.2,0.0,14.400399037824652,0.0,0.0,192.43261187811123,194.0746307373047,192.08599191177626,192.5081521511537,189.31043686234324,187.98943629610739,187.98943629610739,187.98943629610739,188.1309196353873,186.0109196353873,186.0109196353873,186.0109196353873,0,0.0,none,186.0109196353873,186.0109196353873,-11.816495878111226,-13.458514737304682,-11.469875911776256,-11.89203615115369,-5.394803635387291,-5.394803635387291,-5.394803635387291,-5.394803635387291,5.394803635387291,-3.1221750157679935,-1.3210005662358526,0.0,0.0,0.1414833392799153,-2.1200000000000045,0.0,-6.421692242723935,Final_Backtest_Forecast_MWH,days8plus_final_low_confidence+long_horizon_peak_month_correction,raw_bias,none,none,recent_mean+last24_mean+same_hour+hourgroup+global+temp_hourgroup+cloud_hourgroup+solar_hourgroup+solar_loss_hourgroup+temp_cloud_hourgroup,3.0,0,,,0,,,,Midday,1,0,0,0,4.0,1.2877523082193414,0.24,2.4,0.0,204.51284433236106,209.22979688559718,-11.816495878111226,11.816495878111226,6.54232642125425,Spring,-3.122175015768,0.0,-3.122175015768,0.0,Clear/Low,3.0,None,-1.321000566235859,weighted_fallback,global+hour+temp_cloud_hourgroup,188.1309196353873,0.0,187.98943629610739,none,170+,other,0.7,0.0,0.0,0.0,0.14148333927991533,0.0,,,ar_disabled_or_empty,0.0,,,origin_day_disabled_or_empty,187.98943629610739,-2.12,0.0,-16.79718500748595,-12.080232454249824,2.9868894065839013,4.0,Medium-High,,,,,,,,,,,,,,,,,0.0,none,0.0,0.0,0.0,,,0.0,,,0.0,0.0,none,,,,,,,,,0.0,,,,,0.0,45,2025-04-09 23:00:00-07:00,2025-05-24 23:00:00-07:00,2025-06-03,0.0,11.816495878111226,11.816495878111226,0,1,192.298866,170.709708,207.11873057142859,,,,,,,,,,,,,,,,,-8.694320862343233,-7.37332029610738,-7.37332029610738,-7.37332029610738,-7.514803635387295,-5.394803635387291
2025-06-03 16:00:00-07:00,origin_05,2025-05-25 00:00:00-07:00,2025,5,233,10,Days8to16,Summer,6,16,201.546958,91.9,93.2,0.0,8.976041384169083,0.0,0.0,211.19829152036516,210.20199584960938,211.20207009049827,211.47700967322908,211.19829152036516,210.2253715388813,210.2253715388813,210.2253715388813,210.37790738457534,208.25790738457533,208.25790738457533,208.25790738457533,0,0.0,none,208.25790738457533,208.25790738457533,-9.65133352036517,-8.655037849609386,-9.655112090498278,-9.930051673229087,-6.710949384575343,-6.710949384575343,-6.710949384575343,-6.710949384575343,6.710949384575343,0.0,-0.9729199814838694,0.0,0.0,0.15253584569404666,-2.1200000000000045,0.0,-2.9403841357898273,Final_Backtest_Forecast_MWH,days8plus_final_low_confidence+long_horizon_peak_month_correction,raw_bias,none,none,recent_mean+last24_mean+same_hour+hourgroup+global+temp_hourgroup+cloud_hourgroup+solar_hourgroup+solar_loss_hourgroup+temp_cloud_hourgroup,3.0,0,,,0,,,,Peak,1,0,0,1,4.0,1.35,0.21,2.8,0.0,220.8294526328607,224.79992440188218,-9.65133352036517,9.65133352036517,4.788627730300534,Spring,-0.0,0.0,0.0,0.0,Clear/Low,2.0,None,-0.9729199814838628,weighted_fallback,global+hour+temp_cloud_hourgroup,210.37790738457534,0.0,210.2253715388813,none,170+,other,0.7,0.0,0.0,0.0,0.1525358456940504,0.0,,,ar_disabled_or_empty,0.0,,,origin_day_disabled_or_empty,210.2253715388813,-2.12,0.0,-13.60163288151702,-9.631161112495533,3.32972000727262,4.0,Medium-Low,,,,,,,,,,,,,,,,,0.0,none,0.0,0.0,0.0,,,0.0,,,0.0,0.0,none,,,,,,,,,0.0,,,,,0.0,45,2025-04-09 23:00:00-07:00,2025-05-24 23:00:00-07:00,2025-06-03,0.0,9.65133352036517,9.65133352036517,0,1,212.703725,187.77395,223.13043428571427,,,,,,,,,,,,,,,,,-9.65133352036517,-8.678413538881301,-8.678413538881301,-8.678413538881301,-8.830949384575348,-6.710949384575343
2025-06-03 17:00:00-07:00,origin_05,2025-05-25 00:00:00-07:00,2025,5,234,10,Days8to16,Summer,6,17,217.835566,93.2,93.2,0.0,3.7707741634773226,0.0,0.0,225.52718637666533,223.03921508789062,224.71703944044205,227.5111233589518,225.52718637666533,224.64578098294479,224.64578098294479,224.64578098294479,224.81935538803793,222.69935538803793,222.69935538803793,222.69935538803793,0,0.0,none,222.69935538803793,222.69935538803793,-7.691620376665327,-5.203649087890625,-6.881473440442051,-9.675557358951806,-4.8637893880379295,-4.8637893880379295,-4.8637893880379295,-4.8637893880379295,4.8637893880379295,0.0,-0.8814053937205415,0.0,0.0,0.1735744050931487,-2.1200000000000045,0.0,-2.8278309886273973,Final_Backtest_Forecast_MWH,days8plus_final_low_confidence+long_horizon_peak_month_correction,raw_bias,none,none,recent_mean+last24_mean+same_hour+hourgroup+global+temp_hourgroup+cloud_hourgroup+solar_hourgroup+solar_loss_hourgroup+temp_cloud_hourgroup,3.0,0,,,0,,,,Peak,1,0,0,1,4.0,1.35,0.2,3.5,0.0,233.54884746007565,235.20280954233348,-7.691620376665327,7.691620376665327,3.530929552920356,Spring,-0.0,0.0,0.0,0.0,Clear/Low,1.0,None,-0.8814053937205332,weighted_fallback,global+hour+temp_cloud_hourgroup,224.81935538803793,0.0,224.64578098294479,none,170+,other,0.7,0.0,0.0,0.0,0.173574405093158,0.0,,,ar_disabled_or_empty,0.0,,,origin_day_disabled_or_empty,224.64578098294479,-2.12,0.0,-9.675623165668156,-8.021661083410322,2.2327802008410003,4.0,Medium-Low,,,,,,,,,,,,,,,,,0.0,none,0.0,0.0,0.0,,,0.0,,,0.0,0.0,none,,,,,,,,,0.0,,,,,0.0,45,2025-04-09 23:00:00-07:00,2025-05-24 23:00:00-07:00,2025-06-03,0.0,7.691620376665327,7.691620376665327,0,1,227.345075,201.64905,235.30714014285715,,,,,,,,,,,,,,,,,-7.691620376665327,-6.810214982944785,-6.810214982944785,-6.810214982944785,-6.983789388037934,-4.8637893880379295
2025-06-03 18:00:00-07:00,origin_05,2025-05-25 00:00:00-07:00,2025,5,235,10,Days8to16,Summer,6,18,225.40495,91.8,93.2,0.0,1.284297327340109e-15,0.0,0.0,228.7396492487631,227.42593383789062,227.58583508512967,230.92813305186488,228.7396492487631,227.83494846866517,227.83494846866517,227.88619998942502,228.08440730510856,225.96440730510855,225.96440730510855,225.96440730510855,0,0.0,none,225.96440730510855,225.96440730510855,-3.334699248763087,-2.0209838378906113,-2.1808850851296597,-5.523183051864862,-0.5594573051085376,-0.5594573051085376,-0.5594573051085376,-0.5594573051085376,0.5594573051085376,0.0,-0.9047007800979259,0.0,0.05125152075984829,0.19820731568353267,-2.1200000000000045,0.0,-2.7752419436545495,Final_Backtest_Forecast_MWH,days8plus_final_low_confidence+long_horizon_peak_month_correction,raw_bias,none,tree_peak_gap,recent_mean+last24_mean+same_hour+hourgroup+global+temp_hourgroup+cloud_hourgroup+solar_hourgroup+solar_loss_hourgroup+temp_cloud_hourgroup,3.0,0,,,0,,,,Peak,1,0,0,1,4.0,1.35,0.21,3.4,0.0,234.21731856090602,238.40895448859547,-3.334699248763087,3.334699248763087,1.479425917116322,Spring,-0.0,0.0,0.0,0.0,Clear/Low,0.0,None,-0.9047007800979261,weighted_fallback,global+hour+temp_cloud_hourgroup,228.08440730510856,0.0,227.83494846866517,none,170+,other,0.7,0.0,0.0,0.0512515207598355,0.19820731568352656,0.0,,,ar_disabled_or_empty,0.0,,,origin_day_disabled_or_empty,227.88619998942502,-2.12,0.0,-9.669305239832369,-5.477669312142922,0.24820098454294706,4.0,Low,,,,,,,,,,,,,,,,,0.0,none,0.0,0.0,0.0,,,0.0,,,0.0,0.0,none,,,,,,,,,0.0,,,,,0.0,45,2025-04-09 23:00:00-07:00,2025-05-24 23:00:00-07:00,2025-06-03,0.0,3.334699248763087,3.334699248763087,0,1,230.588625,208.369383,237.64395199999996,,,,,,,,,,,,,,,,,-3.334699248763087,-2.4299984686651612,-2.4299984686651612,-2.4812499894250095,-2.679457305108542,-0.5594573051085376
2025-06-03 19:00:00-07:00,origin_05,2025-05-25 00:00:00-07:00,2025,5,236,10,Days8to16,Summer,6,19,223.774583,91.4,93.2,0.0,0.0,0.0,0.0,223.78966722205237,220.38583374023438,223.67702485446623,224.9392005087786,223.78966722205237,223.0520879144315,223.0520879144315,223.0520879144315,223.2663981907017,223.2663981907017,223.2663981907017,223.2663981907017,0,0.0,none,223.2663981907017,223.2663981907017,-0.015084222052365703,3.388749259765632,0.09755814553378173,-1.1646175087786048,0.5081848092983137,0.5081848092983137,0.5081848092983137,0.5081848092983137,0.5081848092983137,0.0,-0.7375793076208765,0.0,0.0,0.21431027627019716,0.0,0.0,-0.5232690313506794,Final_Backtest_Forecast_MWH,days8plus_final_low_confidence,raw_bias,none,none,recent_mean+last24_mean+same_hour+hourgroup+global+temp_hourgroup+cloud_hourgroup+solar_hourgroup+solar_loss_hourgroup+temp_cloud_hourgroup,3.0,0,,,0,,,,Peak,1,0,0,1,4.0,0.0,0.21,2.4,0.0,223.92379267399463,230.28487941262662,-0.015084222052365703,0.015084222052365703,0.006740811154752863,Spring,-0.0,0.0,0.0,0.0,Clear/Low,0.0,None,-0.7375793076208673,weighted_fallback,global+hour+temp_cloud_hourgroup,223.2663981907017,0.0,223.0520879144315,none,170+,other,1.0,0.0,0.0,0.0,0.21431027627020796,0.0,,,ar_disabled_or_empty,0.0,,,origin_day_disabled_or_empty,223.0520879144315,0.0,0.0,-6.49521219057425,-0.13412545194225345,0.22709675177824537,4.0,None,,,,,,,,,,,,,,,,,0.0,none,0.0,0.0,0.0,,,0.0,,,0.0,0.0,none,,,,,,,,,0.0,,,,,0.0,45,2025-04-09 23:00:00-07:00,2025-05-24 23:00:00-07:00,2025-06-03,0.0,0.015084222052365703,0.015084222052365703,0,1,218.86175,206.265291,229.8604937142857,,,,,,,,,,,,,,,,,-0.015084222052365703,0.7224950855685108,0.7224950855685108,0.7224950855685108,0.5081848092983137,0.5081848092983137
2025-06-03 20:00:00-07:00,origin_05,2025-05-25 00:00:00-07:00,2025,5,237,10,Days8to16,Summer,6,20,213.767466,88.3,93.2,0.0,0.0,0.0,0.0,215.32039007129305,211.8057861328125,215.45369131291727,216.11508924544935,215.32039007129305,214.7904875218057,214.7904875218057,214.7904875218057,214.99088118552083,214.99088118552083,214.99088118552083,214.99088118552083,0,0.0,none,214.99088118552083,214.99088118552083,-1.5529240712930346,1.961679867187513,-1.6862253129172586,-2.3476232454493413,-1.223415185520821,-1.223415185520821,-1.223415185520821,-1.223415185520821,1.223415185520821,0.0,-0.5299025494873604,0.0,0.0,0.20039366371514689,0.0,0.0,-0.3295088857722135,Final_Backtest_Forecast_MWH,days8plus_final_low_confidence,raw_bias,none,none,recent_mean+last24_mean+same_hour+hourgroup+global+temp_hourgroup+cloud_hourgroup+solar_hourgroup+solar_loss_hourgroup+temp_cloud_hourgroup,3.0,0,,,0,,,,Peak,1,0,0,1,4.0,0.0,0.27,0.5,0.0,208.26984797027518,218.58947748187143,-1.5529240712930346,1.5529240712930346,0.7264548251196626,Spring,-0.0,0.0,0.0,0.0,Clear/Low,0.0,None,-0.529902549487371,weighted_fallback,global+hour+temp_cloud_hourgroup,214.99088118552083,0.0,214.7904875218057,none,170+,other,1.0,0.0,0.0,0.0,0.20039366371515835,0.0,,,ar_disabled_or_empty,0.0,,,origin_day_disabled_or_empty,214.7904875218057,0.0,0.0,-3.269087410578379,7.050542101017868,0.572311216675423,4.0,None,,,,,,,,,,,,,,,,,0.0,none,0.0,0.0,0.0,,,0.0,,,0.0,0.0,none,,,,,,,,,0.0,,,,,0.0,45,2025-04-09 23:00:00-07:00,2025-05-24 23:00:00-07:00,2025-06-03,0.0,1.5529240712930346,1.5529240712930346,0,1,200.7944,199.32325,215.76549142857144,,,,,,,,,,,,,,,,,-1.5529240712930346,-1.0230215218056742,-1.0230215218056742,-1.0230215218056742,-1.223415185520821,-1.223415185520821
2025-06-04 14:00:00-07:00,origin_05,2025-05-25 00:00:00-07:00,2025,5,255,11,Days8to16,Summer,6,14,197.138925,92.3,98.2,0.0,18.80869625411749,0.0,0.0,208.98901918148397,209.580078125,209.63411935659997,207.80641635101134,203.68190285111325,202.1514984769045,202.1514984769045,202.1514984769045,202.30920487441756,200.18920487441756,200.18920487441756,200.18920487441756,0,0.0,none,200.18920487441756,200.18920487441756,-11.850094181483968,-12.441153125,-12.495194356599967,-10.667491351011336,-3.050279874417555,-3.050279874417555,-3.050279874417555,-3.050279874417555,3.050279874417555,-5.307116330370718,-1.5304043742087572,0.0,0.0,0.15770639751306703,-2.1200000000000045,0.0,-8.799814307066413,Final_Backtest_Forecast_MWH,days8plus_final_low_confidence+long_horizon_peak_month_correction,raw_bias,none,none,recent_mean+last24_mean+same_hour+hourgroup+global+cloud_hourgroup+solar_hourgroup+solar_loss_hourgroup,3.0,0,,,0,,,,Midday,2,0,0,0,5.0,1.1203004319122092,0.21,3.4,0.0,172.9061175690595,195.39836869977765,-11.850094181483968,11.850094181483968,6.0110372324917405,Spring,-5.3071163303707225,0.0,-5.3071163303707225,0.0,Clear/Low,4.0,None,-1.5304043742087499,weighted_fallback,global+hour+temp_cloud_hourgroup,202.30920487441756,0.0,202.1514984769045,none,170+,other,0.7,0.0,0.0,0.0,0.15770639751305843,0.0,,,ar_disabled_or_empty,0.0,,,origin_day_disabled_or_empty,202.1514984769045,-2.12,0.0,13.59065048170632,36.08290161242448,1.5472742759541553,5.0,High,,,,,,,,,,,,,,,,,0.0,none,0.0,0.0,0.0,,,0.0,,,0.0,0.0,none,,,,,,,,,0.0,,,,,0.0,45,2025-04-09 23:00:00-07:00,2025-05-24 23:00:00-07:00,2025-06-04,0.0,11.850094181483968,11.850094181483968,0,1,160.934191,161.594758,191.53662699999998,,,,,,,,,,,,,,,,,-6.54297785111325,-5.0125734769044925,-5.0125734769044925,-5.0125734769044925,-5.1702798744175595,-3.050279874417555
2025-06-04 15:00:00-07:00,origin_05,2025-05-25 00:00:00-07:00,2025,5,256,11,Days8to16,Summer,6,15,216.998691,95.4,98.2,0.0,14.496082752361692,0.0,0.0,229.66274677150733,230.0227813720703,230.74444692699873,227.86006521271707,224.3556304411366,222.81484142124742,222.81484142124742,222.81484142124742,222.9807071982799,220.8607071982799,220.8607071982799,220.8607071982799,0,0.0,none,220.8607071982799,220.8607071982799,-12.664055771507321,-13.024090372070305,-13.745755926998726,-10.861374212717067,-3.862016198279889,-3.862016198279889,-3.862016198279889,-3.862016198279889,3.862016198279889,-5.307116330370718,-1.5407890198891891,0.0,0.0,0.1658657770324794,-2.1200000000000045,0.0,-8.802039573227432,Final_Backtest_Forecast_MWH,days8plus_final_low_confidence+long_horizon_peak_month_correction,raw_bias,none,none,recent_mean+last24_mean+same_hour+hourgroup+global+cloud_hourgroup+solar_hourgroup+solar_loss_hourgroup,3.0,0,,,0,,,,Midday,2,0,0,0,5.0,1.2951430191460591,0.18,3.7,0.0,192.43261187811123,213.2157448925803,-12.664055771507321,12.664055771507321,5.836005605908158,Spring,-5.3071163303707225,0.0,-5.3071163303707225,0.0,Clear/Low,3.0,None,-1.540789019889181,weighted_fallback,global+hour+temp_cloud_hourgroup,222.9807071982799,0.0,222.81484142124742,none,170+,other,0.7,0.0,0.0,0.0,0.1658657770324882,0.0,,,ar_disabled_or_empty,0.0,,,origin_day_disabled_or_empty,222.81484142124742,-2.12,0.0,16.44700187892704,37.2301348933961,1.7797417028104974,5.0,Medium-High,,,,,,,,,,,,,,,,,0.0,none,0.0,0.0,0.0,,,0.0,,,0.0,0.0,none,,,,,,,,,0.0,,,,,0.0,45,2025-04-09 23:00:00-07:00,2025-05-24 23:00:00-07:00,2025-06-04,0.0,12.664055771507321,12.664055771507321,0,1,180.616116,178.536733,208.5339317142857,,,,,,,,,,,,,,,,,-7.356939441136603,-5.816150421247414,-5.816150421247414,-5.816150421247414,-5.982016198279894,-3.862016198279889
2025-06-04 16:00:00-07:00,origin_05,2025-05-25 00:00:00-07:00,2025,5,257,11,Days8to16,Summer,6,16,236.047391,97.0,98.2,0.0,9.066252855366763,0.0,0.0,247.9202733104616,248.07733154296875,249.1715509551278,245.90910608812692,247.9202733104616,246.81159386187502,246.81159386187502,246.81159386187502,246.95440819369404,236.83440819369403,244.83440819369403,236.83440819369403,1,-8.0,june_recent_clear_98_100_peak_backoff+june_long_95_100_low_forecast_hot_extra_up+june_long_98_100_clear_high_state_overstack_backoff,236.83440819369403,236.83440819369403,-11.872882310461591,-12.029940542968745,-13.124159955127794,-9.861715088126914,-0.7870171936940267,-8.787017193694027,-0.7870171936940267,-0.7870171936940267,0.7870171936940267,0.0,-1.108679448586571,0.0,0.0,0.14281433181901093,-10.120000000000005,-8.0,-11.085865116767565,Final_Backtest_Forecast_MWH,days8plus_final_low_confidence+long_horizon_peak_month_correction,raw_bias,none,none,recent_mean+last24_mean+same_hour+hourgroup+global+cloud_hourgroup+solar_hourgroup+solar_loss_hourgroup,3.0,0,,,0,,,,Peak,2,0,0,1,5.0,1.35,0.14,4.2,0.0,211.19829152036516,229.22849846542817,-11.872882310461591,11.872882310461591,5.029872289696941,Spring,-0.0,0.0,0.0,0.0,Clear/Low,2.0,None,-1.108679448586568,weighted_fallback,global+hour+temp_cloud_hourgroup,246.95440819369404,0.0,246.81159386187502,none,170+,other,0.7,0.0,0.0,0.0,0.14281433181900624,0.0,,,ar_disabled_or_empty,0.0,,,origin_day_disabled_or_empty,246.81159386187502,-2.12,0.0,18.69177484503342,36.721981790096436,0.33341490891294223,5.0,Medium-Low,,,,,,,,,,,,,,,,,0.0,none,0.0,0.0,0.0,,,0.0,,,0.0,0.0,none,,,,,,,,,0.0,,,,,0.0,45,2025-04-09 23:00:00-07:00,2025-05-24 23:00:00-07:00,2025-06-04,0.0,11.872882310461591,11.872882310461591,0,1,201.546958,191.998741,225.09800685714285,,,,,,,,,,,,,,,,,-11.872882310461591,-10.76420286187502,-10.76420286187502,-10.76420286187502,-10.907017193694031,-0.7870171936940267
2025-06-04 17:00:00-07:00,origin_05,2025-05-25 00:00:00-07:00,2025,5,258,11,Days8to16,Summer,6,17,247.70025,98.2,98.2,0.0,3.834982392267184,0.0,0.0,260.47525168030717,260.0301513671875,261.1624026996656,259.5226144536353,260.47525168030717,259.4650425391478,259.4650425391478,259.4650425391478,259.6317444019512,247.5117444019512,257.5117444019512,247.5117444019512,1,-10.0,june_recent_clear_98_100_peak_backoff+june_long_98_100_clear_high_state_overstack_backoff,247.5117444019512,247.5117444019512,-12.775001680307156,-12.329901367187489,-13.462152699665609,-11.822364453635288,0.18850559804880618,-9.811494401951194,0.18850559804880618,0.18850559804880618,0.18850559804880618,0.0,-1.0102091411593506,0.0,0.0,0.16670186280339294,-12.120000000000005,-10.0,-12.963507278355962,Final_Backtest_Forecast_MWH,days8plus_final_low_confidence+long_horizon_peak_month_correction,raw_bias,none,none,recent_mean+last24_mean+same_hour+hourgroup+global+cloud_hourgroup+solar_hourgroup+solar_loss_hourgroup,3.0,0,,,0,,,,Peak,2,0,0,1,5.0,1.35,0.12,6.2,0.0,225.52718637666533,240.03272251900492,-12.775001680307156,12.775001680307156,5.157443999474023,Spring,-0.0,0.0,0.0,0.0,Clear/Low,1.0,None,-1.0102091411593284,weighted_fallback,global+hour+temp_cloud_hourgroup,259.6317444019512,0.0,259.4650425391478,none,170+,other,0.7,0.0,0.0,0.0,0.16670186280340965,0.0,,,ar_disabled_or_empty,0.0,,,origin_day_disabled_or_empty,259.4650425391478,-2.12,0.0,20.442529161302247,34.94806530364184,0.07610230431693395,5.0,Medium-Low,,,,,,,,,,,,,,,,,0.0,none,0.0,0.0,0.0,,,0.0,,,0.0,0.0,none,,,,,,,,,0.0,,,,,0.0,45,2025-04-09 23:00:00-07:00,2025-05-24 23:00:00-07:00,2025-06-04,0.0,12.775001680307156,12.775001680307156,0,1,217.835566,201.982691,237.61949957142858,,,,,,,,,,,,,,,,,-12.775001680307156,-11.764792539147805,-11.764792539147805,-11.764792539147805,-11.931494401951198,0.18850559804880618
2025-06-04 18:00:00-07:00,origin_05,2025-05-25 00:00:00-07:00,2025,5,259,11,Days8to16,Summer,6,18,250.35325,95.5,98.2,0.0,1.3146785544384773e-15,0.0,0.0,263.12453223760065,264.4474792480469,264.2028336427652,261.052073740786,263.12453223760065,262.08925710516843,262.08925710516843,262.08925710516843,262.28392758520465,250.16392758520465,260.16392758520465,250.16392758520465,1,-10.0,june_recent_clear_98_100_peak_backoff+june_long_98_100_clear_high_state_overstack_backoff,250.16392758520465,250.16392758520465,-12.771282237600644,-14.094229248046872,-13.849583642765197,-10.698823740785997,0.18932241479535605,-9.810677585204644,0.18932241479535605,0.18932241479535605,0.18932241479535605,0.0,-1.0352751324322185,0.0,0.0,0.19467048003622267,-12.120000000000005,-10.0,-12.960604652396,Final_Backtest_Forecast_MWH,days8plus_final_low_confidence+long_horizon_peak_month_correction,raw_bias,none,none,recent_mean+last24_mean+same_hour+hourgroup+global+cloud_hourgroup+solar_hourgroup+solar_loss_hourgroup,3.0,0,,,0,,,,Peak,2,0,0,1,5.0,1.35,0.12,2.0,0.0,228.7396492487631,242.63535928405693,-12.771282237600644,12.771282237600644,5.101304751426492,Spring,-0.0,0.0,0.0,0.0,Clear/Low,0.0,None,-1.0352751324322234,weighted_fallback,global+hour+temp_cloud_hourgroup,262.28392758520465,0.0,262.08925710516843,none,170+,other,0.7,0.0,0.0,0.0,0.19467048003622395,0.0,,,ar_disabled_or_empty,0.0,,,origin_day_disabled_or_empty,262.08925710516843,-2.12,0.0,20.489172953543715,34.384882988837546,0.07562211187406437,5.0,Low,,,,,,,,,,,,,,,,,0.0,none,0.0,0.0,0.0,,,0.0,,,0.0,0.0,none,,,,,,,,,0.0,,,,,0.0,45,2025-04-09 23:00:00-07:00,2025-05-24 23:00:00-07:00,2025-06-04,0.0,12.771282237600644,12.771282237600644,0,1,225.40495,204.00335,240.07760442857142,,,,,,,,,,,,,,,,,-12.771282237600644,-11.736007105168426,-11.736007105168426,-11.736007105168426,-11.930677585204648,0.18932241479535605
2025-06-04 19:00:00-07:00,origin_05,2025-05-25 00:00:00-07:00,2025,5,260,11,Days8to16,Summer,6,19,240.285725,88.1,98.2,0.0,0.0,0.0,0.0,248.81544595261158,248.41383361816406,248.94374178206562,248.72858460188306,248.81544595261158,247.95999464034526,247.95999464034526,247.95999464034526,248.17294869021427,242.17294869021427,248.17294869021427,242.17294869021427,1,-6.0,june_long_98_100_clear_high_state_overstack_backoff,242.17294869021427,242.17294869021427,-8.52972095261157,-8.128108618164049,-8.658016782065602,-8.442859601883043,-1.887223690214256,-7.887223690214256,-1.887223690214256,-1.887223690214256,1.887223690214256,0.0,-0.8554513122663252,0.0,0.0,0.2129540498690119,-6.0,-6.0,-6.642497262397313,Final_Backtest_Forecast_MWH,days8plus_final_low_confidence,raw_bias,none,none,recent_mean+last24_mean+same_hour+hourgroup+global+cloud_hourgroup+solar_hourgroup+solar_loss_hourgroup,3.0,0,,,0,,,,Peak,2,0,0,1,5.0,0.0,0.3,10.2,0.0,223.78966722205237,234.09461664040106,-8.52972095261157,8.52972095261157,3.5498242571886323,Spring,-0.0,0.0,0.0,0.0,Clear/Low,0.0,None,-0.8554513122663284,weighted_fallback,global+hour+temp_cloud_hourgroup,248.17294869021427,0.0,247.95999464034526,none,170+,other,1.0,0.0,0.0,0.0,0.2129540498690185,0.0,,,ar_disabled_or_empty,0.0,,,origin_day_disabled_or_empty,247.95999464034526,0.0,0.0,14.720829312210526,25.02577873055921,0.7854081594794098,5.0,None,,,,,,,,,,,,,,,,,0.0,none,0.0,0.0,0.0,,,0.0,,,0.0,0.0,none,,,,,,,,,0.0,,,,,0.0,45,2025-04-09 23:00:00-07:00,2025-05-24 23:00:00-07:00,2025-06-04,0.0,8.52972095261157,8.52972095261157,0,1,223.774583,194.529375,232.36182114285717,,,,,,,,,,,,,,,,,-8.52972095261157,-7.674269640345244,-7.674269640345244,-7.674269640345244,-7.887223690214256,-1.887223690214256
2025-06-04 20:00:00-07:00,origin_05,2025-05-25 00:00:00-07:00,2025,5,261,11,Days8to16,Summer,6,20,223.981825,84.7,98.2,0.0,0.0,0.0,0.0,233.45290609246038,233.1036376953125,233.52875869761547,233.43350011211606,233.45290609246038,232.8209163584922,232.8209163584922,232.8209163584922,233.0180692545227,229.0180692545227,233.0180692545227,229.0180692545227,1,-4.0,june_long_95_100_low_forecast_hot_extra_up+june_long_98_100_clear_high_state_overstack_backoff,229.0180692545227,229.0180692545227,-9.471081092460395,-9.121812695312514,-9.546933697615486,-9.451675112116078,-5.0362442545227,-9.0362442545227,-5.0362442545227,-5.0362442545227,5.0362442545227,0.0,-0.6319897339681688,0.0,0.0,0.1971528960304738,-4.0,-4.0,-4.434836837937695,Final_Backtest_Forecast_MWH,days8plus_final_low_confidence,raw_bias,none,none,recent_mean+last24_mean+same_hour+hourgroup+global+cloud_hourgroup+solar_hourgroup+solar_loss_hourgroup,3.0,0,,,0,,,,Peak,2,0,0,1,5.0,0.0,0.31,8.5,0.0,215.32039007129305,221.85937546198784,-9.471081092460395,9.471081092460395,4.228504296034018,Spring,-0.0,0.0,0.0,0.0,Clear/Low,0.0,None,-0.6319897339681816,weighted_fallback,global+hour+temp_cloud_hourgroup,233.0180692545227,0.0,232.8209163584922,none,170+,other,1.0,0.0,0.0,0.0,0.19715289603047262,0.0,,,ar_disabled_or_empty,0.0,,,origin_day_disabled_or_empty,232.8209163584922,0.0,0.0,11.593530630472543,18.132516021167334,2.24850576805627,5.0,None,,,,,,,,,,,,,,,,,0.0,none,0.0,0.0,0.0,,,0.0,,,0.0,0.0,none,,,,,,,,,0.0,,,,,0.0,45,2025-04-09 23:00:00-07:00,2025-05-24 23:00:00-07:00,2025-06-04,0.0,9.471081092460395,9.471081092460395,0,1,213.767466,182.528825,217.82895085714284,,,,,,,,,,,,,,,,,-9.471081092460395,-8.839091358492226,-8.839091358492226,-8.839091358492226,-9.0362442545227,-5.0362442545227
2025-06-06 14:00:00-07:00,origin_05,2025-05-25 00:00:00-07:00,2025,5,303,13,Days8to16,Summer,6,14,180.4555,90.3,95.1,0.02,18.45713183815268,0.0,0.0,178.20867098293778,177.688232421875,177.32667489505212,179.74336156706178,174.6829122832373,173.15250790902854,173.15250790902854,173.15250790902854,173.3102143065416,171.1902143065416,171.1902143065416,171.1902143065416,0,0.0,none,171.1902143065416,171.1902143065416,2.2468290170622254,2.7672675781250007,3.128825104947879,0.7121384329382181,9.265285693458395,9.265285693458395,9.265285693458395,9.265285693458395,9.265285693458395,-3.525758699700475,-1.5304043742087572,0.0,0.0,0.15770639751306703,-2.1200000000000045,0.0,-7.01845667639617,Final_Backtest_Forecast_MWH,days8plus_final_low_confidence+long_horizon_peak_month_correction,raw_bias,none,none,recent_mean+last24_mean+same_hour+hourgroup+global+cloud_hourgroup+solar_hourgroup+solar_loss_hourgroup,3.0,0,,,0,,,,Midday,4,0,0,0,5.0,1.0975509306830216,0.26,2.7,0.0,170.97623257519083,204.33493027698495,2.2468290170622254,2.2468290170622254,1.2450875795208376,Spring,-3.5257586997004733,0.0,-3.5257586997004733,0.0,Clear/Low,4.0,None,-1.5304043742087499,weighted_fallback,global+hour+temp_cloud_hourgroup,173.3102143065416,0.0,173.15250790902854,none,170+,other,0.7,0.0,0.0,0.0,0.15770639751305843,0.0,,,ar_disabled_or_empty,0.0,,,origin_day_disabled_or_empty,173.15250790902854,-2.12,0.0,-26.126259294047173,7.23243840774694,5.134388086513515,5.0,High,,,,,,,,,,,,,,,,,0.0,none,0.0,0.0,0.0,,,0.0,,,0.0,0.0,none,,,,,,,,,0.0,,,,,0.0,45,2025-04-09 23:00:00-07:00,2025-05-24 23:00:00-07:00,2025-06-06,2.2468290170622254,0.0,-2.2468290170622254,1,0,164.56965,231.477816,196.99319614285716,,,,,,,,,,,,,,,,,5.7725877167627,7.302992090971458,7.302992090971458,7.302992090971458,7.145285693458391,9.265285693458395
2025-06-06 15:00:00-07:00,origin_05,2025-05-25 00:00:00-07:00,2025,5,304,13,Days8to16,Summer,6,15,202.782825,93.1,95.1,0.2,14.161189751482048,0.0,0.0,200.38426095016047,200.37686157226562,199.840260404473,201.24123305849633,196.01125452170535,194.47046550181616,194.47046550181616,194.47046550181616,194.63633127884864,192.51633127884864,192.51633127884864,192.51633127884864,0,0.0,none,192.51633127884864,192.51633127884864,2.3985640498395355,2.4059634277343775,2.9425645955269886,1.5415919415036683,10.266493721151363,10.266493721151363,10.266493721151363,10.266493721151363,10.266493721151363,-4.373006428455113,-1.5407890198891891,0.0,0.0,0.1658657770324794,-2.1200000000000045,0.0,-7.867929671311828,Final_Backtest_Forecast_MWH,days8plus_final_low_confidence+long_horizon_peak_month_correction,raw_bias,none,none,recent_mean+last24_mean+same_hour+hourgroup+global+cloud_hourgroup+solar_hourgroup+solar_loss_hourgroup,3.0,0,,,0,,,,Midday,4,0,0,0,5.0,1.2631399445706302,0.23,3.8,0.0,188.11814485620275,222.88066080557292,2.3985640498395355,2.3985640498395355,1.1828240630534343,Spring,-4.373006428455103,0.0,-4.373006428455103,0.0,Clear/Low,3.0,None,-1.540789019889181,weighted_fallback,global+hour+temp_cloud_hourgroup,194.63633127884864,0.0,194.47046550181616,none,170+,other,0.7,0.0,0.0,0.0,0.1658657770324882,0.0,,,ar_disabled_or_empty,0.0,,,origin_day_disabled_or_empty,194.47046550181616,-2.12,0.0,-22.49639985541245,12.26611609395772,5.062802395198589,5.0,Medium-High,,,,,,,,,,,,,,,,,0.0,none,0.0,0.0,0.0,,,0.0,,,0.0,0.0,none,,,,,,,,,0.0,,,,,0.0,45,2025-04-09 23:00:00-07:00,2025-05-24 23:00:00-07:00,2025-06-06,2.3985640498395355,0.0,-2.3985640498395355,1,0,182.742916,252.557783,215.095134,,,,,,,,,,,,,,,,,6.771570478294649,8.312359498183838,8.312359498183838,8.312359498183838,8.146493721151359,10.266493721151363
2025-06-06 16:00:00-07:00,origin_05,2025-05-25 00:00:00-07:00,2025,5,305,13,Days8to16,Summer,6,16,223.283575,95.0,95.1,0.34,8.784342007874013,0.0,0.0,218.86230761518385,220.54615783691406,218.83600466711667,218.42254075593786,218.86230761518385,217.91226485724232,217.91226485724232,217.91226485724232,218.0612630299056,217.9412630299056,215.9412630299056,217.9412630299056,1,2.0,june_long_95_100_low_forecast_hot_extra_up,217.9412630299056,217.9412630299056,4.421267384816161,2.7374171630859507,4.447570332883345,4.861034244062154,5.342311970094414,7.342311970094414,5.342311970094414,5.342311970094414,5.342311970094414,0.0,-0.9500427579415316,0.0,0.0,0.1489981726632834,-0.12000000000000455,2.0,-0.9210445852782527,Final_Backtest_Forecast_MWH,days8plus_final_low_confidence+long_horizon_peak_month_correction,raw_bias,none,none,recent_mean+last24_mean+same_hour+hourgroup+global+solar_hourgroup+solar_loss_hourgroup,3.0,0,,,0,,,,Peak,4,0,0,1,5.0,1.35,0.19,4.4,0.0,204.68528855538403,239.08644565175442,4.421267384816161,4.421267384816161,1.9801131296004022,Spring,-0.0,0.0,0.0,1.0,Some Clouds,2.0,None,-0.9500427579415266,weighted_fallback,global+hour,218.0612630299056,0.0,217.91226485724232,none,170+,other,0.7,0.0,0.0,0.0,0.14899817266327625,0.0,,,ar_disabled_or_empty,0.0,,,origin_day_disabled_or_empty,217.91226485724232,-2.12,0.0,-20.224138036570565,14.177019059799818,2.3926130572275253,5.0,Medium-Low,,,,,,,,,,,,,,,,,0.0,none,0.0,0.0,0.0,,,0.0,,,0.0,0.0,none,,,,,,,,,0.0,,,,,0.0,45,2025-04-09 23:00:00-07:00,2025-05-24 23:00:00-07:00,2025-06-06,4.421267384816161,0.0,-4.421267384816161,1,0,200.369225,270.470566,232.282664,,,,,,,,,,,,,,,,,4.421267384816161,5.371310142757693,5.371310142757693,5.371310142757693,5.22231197009441,5.342311970094414
2025-06-06 17:00:00-07:00,origin_05,2025-05-25 00:00:00-07:00,2025,5,306,13,Days8to16,Summer,6,17,235.254941,95.1,95.1,0.35,3.5606381419832305,0.0,0.0,233.12757571136797,231.91323852539062,234.3717301932822,231.51942929292488,233.12757571136797,232.2939269937483,232.2939269937483,232.2939269937483,232.4681251990984,232.3481251990984,230.3481251990984,232.3481251990984,1,2.0,june_long_95_100_low_forecast_hot_extra_up,232.3481251990984,232.3481251990984,2.127365288632035,3.3417024746093773,0.8832108067178126,3.735511707075119,2.9068158009015974,4.906815800901597,2.9068158009015974,2.9068158009015974,2.9068158009015974,0.0,-0.833648717619667,0.0,0.0,0.174198205350109,-0.12000000000000455,2.0,-0.7794505122695625,Final_Backtest_Forecast_MWH,days8plus_final_low_confidence+long_horizon_peak_month_correction,raw_bias,none,none,recent_mean+last24_mean+same_hour+hourgroup+global+solar_hourgroup+solar_loss_hourgroup,3.0,0,,,0,,,,Peak,4,0,0,1,5.0,1.35,0.18,5.4,0.0,214.14669582727356,249.54916593570053,2.127365288632035,2.127365288632035,0.9042808111018739,Spring,-0.0,0.0,0.0,1.0,Some Clouds,1.0,None,-0.8336487176196754,weighted_fallback,global+hour,232.4681251990984,0.0,232.2939269937483,none,170+,other,0.7,0.0,0.0,0.0,0.17419820535011946,0.0,,,ar_disabled_or_empty,0.0,,,origin_day_disabled_or_empty,232.2939269937483,-2.12,0.0,-16.42159022433256,18.980879884094406,1.235602444116826,5.0,Medium-Low,,,,,,,,,,,,,,,,,0.0,none,0.0,0.0,0.0,,,0.0,,,0.0,0.0,none,,,,,,,,,0.0,,,,,0.0,45,2025-04-09 23:00:00-07:00,2025-05-24 23:00:00-07:00,2025-06-06,2.127365288632035,0.0,-2.127365288632035,1,0,211.377175,282.451416,244.24934857142856,,,,,,,,,,,,,,,,,2.127365288632035,2.961014006251702,2.961014006251702,2.961014006251702,2.786815800901593,2.9068158009015974
2025-06-06 18:00:00-07:00,origin_05,2025-05-25 00:00:00-07:00,2025,5,307,13,Days8to16,Summer,6,18,239.246025,93.8,95.1,0.21,1.2594399597141713e-15,0.0,0.0,237.73552435113248,238.3518524169922,236.9894173962444,238.73188440428248,237.73552435113248,236.87224708786133,236.87224708786133,236.87224708786133,237.07595064765485,236.95595064765484,234.95595064765484,236.95595064765484,1,2.0,june_long_95_100_low_forecast_hot_extra_up,236.95595064765484,236.95595064765484,1.5105006488675201,0.8941725830078155,2.2566076037556115,0.5141405957175209,2.290074352345158,4.290074352345158,2.290074352345158,2.290074352345158,2.290074352345158,0.0,-0.8632772632711578,0.0,0.0,0.2037035597935244,-0.12000000000000455,2.0,-0.779573703477638,Final_Backtest_Forecast_MWH,days8plus_final_low_confidence+long_horizon_peak_month_correction,raw_bias,none,none,recent_mean+last24_mean+same_hour+hourgroup+global+solar_hourgroup+solar_loss_hourgroup,3.0,0,,,0,,,,Peak,4,0,0,1,5.0,1.35,0.19,4.5,0.0,219.5717686873458,251.32356258622335,1.5105006488675201,1.5105006488675201,0.6313587232504783,Spring,-0.0,0.0,0.0,1.0,Some Clouds,0.0,None,-0.8632772632711682,weighted_fallback,global+hour,237.07595064765485,0.0,236.87224708786133,none,170+,other,0.7,0.0,0.0,0.0,0.20370355979352792,0.0,,,ar_disabled_or_empty,0.0,,,origin_day_disabled_or_empty,236.87224708786133,-2.12,0.0,-13.588038235090863,18.163755663786674,0.9572047654063044,5.0,Low,,,,,,,,,,,,,,,,,0.0,none,0.0,0.0,0.0,,,0.0,,,0.0,0.0,none,,,,,,,,,0.0,,,,,0.0,45,2025-04-09 23:00:00-07:00,2025-05-24 23:00:00-07:00,2025-06-06,1.5105006488675201,0.0,-1.5105006488675201,1,0,215.127091,282.445791,246.44513299999997,,,,,,,,,,,,,,,,,1.5105006488675201,2.373777912138678,2.373777912138678,2.373777912138678,2.1700743523451536,2.290074352345158
2025-06-06 19:00:00-07:00,origin_05,2025-05-25 00:00:00-07:00,2025,5,308,13,Days8to16,Summer,6,19,234.068958,91.9,95.1,0.09,0.0,0.0,0.0,232.28596081436007,232.39857482910156,232.69574198918573,231.6098435354221,232.28596081436007,231.43050950209374,231.43050950209374,231.43050950209374,231.64346355196275,233.64346355196275,231.64346355196275,233.64346355196275,1,2.0,june_long_95_100_low_forecast_hot_extra_up,233.64346355196275,233.64346355196275,1.7829971856399425,1.6703831708984467,1.373216010814275,2.459114464577908,0.4254944480372558,2.425494448037256,0.4254944480372558,0.4254944480372558,0.4254944480372558,0.0,-0.8554513122663252,0.0,0.0,0.2129540498690119,2.0,2.0,1.3575027376026867,Final_Backtest_Forecast_MWH,days8plus_final_low_confidence,raw_bias,none,none,recent_mean+last24_mean+same_hour+hourgroup+global+cloud_hourgroup+solar_hourgroup+solar_loss_hourgroup,3.0,0,,,0,,,,Peak,4,0,0,1,5.0,0.0,0.21,6.4,0.0,211.36134031385373,241.03291495137046,1.7829971856399425,1.7829971856399425,0.7617401302909814,Spring,-0.0,0.0,0.0,0.0,Clear/Low,0.0,None,-0.8554513122663284,weighted_fallback,global+hour+temp_cloud_hourgroup,231.64346355196275,0.0,231.43050950209374,none,170+,other,1.0,0.0,0.0,0.0,0.2129540498690185,0.0,,,ar_disabled_or_empty,0.0,,,origin_day_disabled_or_empty,231.43050950209374,0.0,0.0,-8.746954137010391,20.924620500506336,0.18178166454573433,5.0,None,,,,,,,,,,,,,,,,,0.0,none,0.0,0.0,0.0,,,0.0,,,0.0,0.0,none,,,,,,,,,0.0,,,,,0.0,45,2025-04-09 23:00:00-07:00,2025-05-24 23:00:00-07:00,2025-06-06,1.7829971856399425,0.0,-1.7829971856399425,1,0,208.016725,273.754833,237.755739,,,,,,,,,,,,,,,,,1.7829971856399425,2.6384484979062677,2.6384484979062677,2.6384484979062677,2.425494448037256,0.4254944480372558
2025-06-06 20:00:00-07:00,origin_05,2025-05-25 00:00:00-07:00,2025,5,309,13,Days8to16,Summer,6,20,222.526383,87.6,95.1,0.01,0.0,0.0,0.0,222.23624716174686,220.37779235839844,221.71277819279638,223.58982834248283,222.23624716174686,221.6042574277787,221.6042574277787,221.6042574277787,221.80141032380916,223.80141032380916,221.80141032380916,223.80141032380916,1,2.0,june_long_95_100_low_forecast_hot_extra_up,223.80141032380916,223.80141032380916,0.2901358382531498,2.1485906416015723,0.8136048072036317,-1.0634453424828223,-1.2750273238091552,0.7249726761908448,-1.2750273238091552,-1.2750273238091552,1.2750273238091552,0.0,-0.6319897339681688,0.0,0.0,0.1971528960304738,2.0,2.0,1.565163162062305,Final_Backtest_Forecast_MWH,days8plus_final_low_confidence,raw_bias,none,none,recent_mean+last24_mean+same_hour+hourgroup+global+cloud_hourgroup+solar_hourgroup+solar_loss_hourgroup,3.0,0,,,0,,,,Peak,4,0,0,1,5.0,0.0,0.29,7.5,0.0,200.11559510280745,227.81942901177564,0.2901358382531498,0.2901358382531498,0.13038266939033014,Spring,-0.0,0.0,0.0,0.0,Clear/Low,0.0,None,-0.6319897339681816,weighted_fallback,global+hour+temp_cloud_hourgroup,221.80141032380916,0.0,221.6042574277787,none,170+,other,1.0,0.0,0.0,0.0,0.19715289603047262,0.0,,,ar_disabled_or_empty,0.0,,,origin_day_disabled_or_empty,221.6042574277787,0.0,0.0,-5.5831818500287795,22.120652058939413,0.5729780471959386,5.0,None,,,,,,,,,,,,,,,,,0.0,none,0.0,0.0,0.0,,,0.0,,,0.0,0.0,none,,,,,,,,,0.0,,,,,0.0,45,2025-04-09 23:00:00-07:00,2025-05-24 23:00:00-07:00,2025-06-06,0.2901358382531498,0.0,-0.2901358382531498,1,0,195.717775,258.487825,222.09685214285716,,,,,,,,,,,,,,,,,0.2901358382531498,0.9221255722213186,0.9221255722213186,0.9221255722213186,0.7249726761908448,-1.2750273238091552
2025-06-07 14:00:00-07:00,origin_05,2025-05-25 00:00:00-07:00,2025,5,327,14,Days8to16,Summer,6,14,205.896316,94.6,98.4,0.03,18.535257263922638,0.0,0.0,200.11775510190103,201.47494506835938,199.6585323481679,200.45162229592205,194.8106387715303,193.28023439732155,193.28023439732155,193.28023439732155,193.43794079483462,191.3179407948346,191.3179407948346,191.3179407948346,0,0.0,none,191.3179407948346,191.3179407948346,5.778560898098988,4.421370931640638,6.237783651832103,5.444693704077963,14.5783752051654,14.5783752051654,14.5783752051654,14.5783752051654,14.5783752051654,-5.307116330370718,-1.5304043742087572,0.0,0.0,0.15770639751306703,-2.1200000000000045,0.0,-8.799814307066413,Final_Backtest_Forecast_MWH,days8plus_final_low_confidence+long_horizon_peak_month_correction,raw_bias,none,none,recent_mean+last24_mean+same_hour+hourgroup+global+cloud_hourgroup+solar_hourgroup+solar_loss_hourgroup,3.0,0,,,0,,,,Midday,5,1,0,0,5.0,1.1013734112687426,0.22,4.0,0.0,178.20867098293778,196.79811866316427,5.778560898098988,5.778560898098988,2.806539237981794,Spring,-5.3071163303707225,0.0,-5.3071163303707225,0.0,Clear/Low,4.0,None,-1.5304043742087499,weighted_fallback,global+hour+temp_cloud_hourgroup,193.43794079483462,0.0,193.28023439732155,none,170+,other,0.7,0.0,0.0,0.0,0.15770639751305843,0.0,,,ar_disabled_or_empty,0.0,,,origin_day_disabled_or_empty,193.28023439732155,-2.12,0.0,3.319636438736751,21.90908411896325,7.08044489983269,5.0,High,,,,,,,,,,,,,,,,,0.0,none,0.0,0.0,0.0,,,0.0,,,0.0,0.0,none,,,,,,,,,0.0,,,,,0.0,45,2025-04-09 23:00:00-07:00,2025-05-24 23:00:00-07:00,2025-06-07,5.778560898098988,0.0,-5.778560898098988,1,0,180.4555,261.891,189.70429385714283,,,,,,,,,,,,,,,,,11.085677228469706,12.616081602678463,12.616081602678463,12.616081602678463,12.458375205165396,14.5783752051654
2025-06-07 15:00:00-07:00,origin_05,2025-05-25 00:00:00-07:00,2025,5,328,14,Days8to16,Summer,6,15,226.221966,97.4,98.4,0.26,14.240926180262916,0.0,0.0,221.82156535005214,219.99578857421875,221.82470033368776,222.33828945457716,216.81103332683213,215.38854674201596,215.38854674201596,215.38854674201596,215.56168509793443,213.44168509793442,213.44168509793442,213.44168509793442,0,0.0,none,213.44168509793442,213.44168509793442,4.400400649947869,6.226177425781259,4.397265666312251,3.883676545422844,12.780280902065584,12.780280902065584,12.780280902065584,12.780280902065584,12.780280902065584,-5.010532023220009,-1.4224865848161699,0.0,0.0,0.17313835591846782,-2.1200000000000045,0.0,-8.379880252117715,Final_Backtest_Forecast_MWH,days8plus_final_low_confidence+long_horizon_peak_month_correction,raw_bias,none,none,recent_mean+last24_mean+same_hour+hourgroup+global+solar_hourgroup+solar_loss_hourgroup,3.0,0,,,0,,,,Midday,5,1,0,0,5.0,1.2693034596270154,0.19,4.4,0.0,200.38426095016047,215.81492288995676,4.400400649947869,4.400400649947869,1.945169484535321,Spring,-5.01053202322001,0.0,-5.01053202322001,1.0,Some Clouds,3.0,None,-1.4224865848161627,weighted_fallback,global+hour,215.56168509793443,0.0,215.38854674201596,none,170+,other,0.7,0.0,0.0,0.0,0.17313835591845844,0.0,,,ar_disabled_or_empty,0.0,,,origin_day_disabled_or_empty,215.38854674201596,-2.12,0.0,6.006642460095378,21.437304399891673,5.6494429466966904,5.0,Medium-High,,,,,,,,,,,,,,,,,0.0,none,0.0,0.0,0.0,,,0.0,,,0.0,0.0,none,,,,,,,,,0.0,,,,,0.0,45,2025-04-09 23:00:00-07:00,2025-05-24 23:00:00-07:00,2025-06-07,4.400400649947869,0.0,-4.400400649947869,1,0,202.782825,277.855391,207.98442571428572,,,,,,,,,,,,,,,,,9.410932673167878,10.833419257984048,10.833419257984048,10.833419257984048,10.66028090206558,12.780280902065584
2025-06-07 16:00:00-07:00,origin_05,2025-05-25 00:00:00-07:00,2025,5,329,14,Days8to16,Summer,6,16,243.968666,98.3,98.4,0.76,8.818171309573144,0.0,0.0,240.52993674683083,240.28814697265625,241.40823966296307,239.21882924267283,240.52993674683083,239.5798939888893,239.4705695191688,239.4705695191688,239.6195676918321,239.49956769183208,237.49956769183208,239.49956769183208,1,2.0,june_long_95_100_low_forecast_hot_extra_up,239.49956769183208,239.49956769183208,3.4387292531691855,3.680519027343763,2.560426337036944,4.749836757327188,4.469098308167929,6.469098308167929,4.469098308167929,4.469098308167929,4.469098308167929,0.0,-0.9500427579415316,-0.10932446972049092,0.0,0.1489981726632834,-0.12000000000000455,2.0,-1.0303690549987436,Final_Backtest_Forecast_MWH,days8plus_final_low_confidence+long_horizon_peak_month_correction,raw_bias+solar_cloud_midday,event_class_hour_loss+weekday_hour_cloud_loss+hour_cloud_loss+hour_loss+hour_cloud,none,recent_mean+last24_mean+same_hour+hourgroup+global+solar_hourgroup+solar_loss_hourgroup,3.0,0,,,0,,,,Peak,5,1,0,0,5.0,1.35,0.18,4.4,0.0,218.86230761518385,232.38427270347526,3.4387292531691855,3.4387292531691855,1.409496272430815,Spring,-0.0,-0.0,-0.0,3.0,Mostly Cloudy,2.0,None,-0.9500427579415266,weighted_fallback,global+hour,239.6195676918321,0.0,239.5798939888893,none,170+,warm_cloud_peak_transition,0.644,-0.10932446972049818,-0.10932446972049818,0.0,0.14899817266327625,0.0,,,ar_disabled_or_empty,0.0,,,origin_day_disabled_or_empty,239.4705695191688,-2.12,0.0,8.145664043355566,21.667629131646976,1.831832907660334,5.0,Medium-Low,,,,,,,,,,,,,,,,,0.0,none,0.0,0.0,0.0,,,0.0,,,0.0,0.0,none,,,,,,,,,0.0,,,,,0.0,45,2025-04-09 23:00:00-07:00,2025-05-24 23:00:00-07:00,2025-06-07,3.4387292531691855,0.0,-3.4387292531691855,1,0,223.283575,292.124233,225.5416652857143,,,,,,,,,,,,,,,,,3.4387292531691855,4.388772011110717,4.498096480831208,4.498096480831208,4.349098308167925,4.469098308167929
2025-06-07 17:00:00-07:00,origin_05,2025-05-25 00:00:00-07:00,2025,5,330,14,Days8to16,Summer,6,17,256.344208,98.4,98.4,0.76,3.3855247907381534,0.0,0.0,253.33373873000238,253.5196075439453,252.66913220830986,254.32501503153554,253.33373873000238,252.5000900123827,252.5000900123827,252.5000900123827,252.67428821773282,250.55428821773282,250.55428821773282,250.55428821773282,0,0.0,none,250.55428821773282,250.55428821773282,3.0104692699976,2.824600456054668,3.6750757916901193,2.019192968464438,5.789919782267162,5.789919782267162,5.789919782267162,5.789919782267162,5.789919782267162,0.0,-0.833648717619667,0.0,0.0,0.174198205350109,-2.1200000000000045,0.0,-2.7794505122695625,Final_Backtest_Forecast_MWH,days8plus_final_low_confidence+long_horizon_peak_month_correction,raw_bias,none,none,recent_mean+last24_mean+same_hour+hourgroup+global+solar_hourgroup+solar_loss_hourgroup,3.0,0,,,0,,,,Peak,5,1,0,0,5.0,1.35,0.18,4.0,0.0,233.12757571136797,243.36913102232256,3.0104692699976,3.0104692699976,1.1743855238568917,Spring,-0.0,0.0,0.0,3.0,Mostly Cloudy,1.0,None,-0.8336487176196754,weighted_fallback,global+hour,252.67428821773282,0.0,252.5000900123827,none,170+,warm_cloud_peak_transition,0.644,0.0,0.0,0.0,0.17419820535011946,0.0,,,ar_disabled_or_empty,0.0,,,origin_day_disabled_or_empty,252.5000900123827,-2.12,0.0,9.964607707679818,20.206163018634413,2.258650518160786,5.0,Medium-Low,,,,,,,,,,,,,,,,,0.0,none,0.0,0.0,0.0,,,0.0,,,0.0,0.0,none,,,,,,,,,0.0,,,,,0.0,45,2025-04-09 23:00:00-07:00,2025-05-24 23:00:00-07:00,2025-06-07,3.0104692699976,0.0,-3.0104692699976,1,0,235.254941,301.294025,237.506995,,,,,,,,,,,,,,,,,3.0104692699976,3.844117987617267,3.844117987617267,3.844117987617267,3.669919782267158,5.789919782267162
2025-06-07 18:00:00-07:00,origin_05,2025-05-25 00:00:00-07:00,2025,5,331,14,Days8to16,Summer,6,18,262.967266,98.4,98.4,0.63,1.1821059271001431e-15,0.0,0.0,258.93870109997334,256.6657409667969,258.3178055659915,260.5638112628523,258.93870109997334,258.07542383670216,258.07542383670216,258.07542383670216,258.2791273964957,256.1591273964957,256.1591273964957,256.1591273964957,0,0.0,none,256.1591273964957,256.1591273964957,4.028564900026652,6.30152503320312,4.6494604340085175,2.4034547371476833,6.80813860350429,6.80813860350429,6.80813860350429,6.80813860350429,6.80813860350429,0.0,-0.8632772632711863,0.0,0.0,0.2037035597935528,-2.1200000000000045,0.0,-2.779573703477638,Final_Backtest_Forecast_MWH,days8plus_final_low_confidence+long_horizon_peak_month_correction,raw_bias,none,none,recent_mean+last24_mean+same_hour+hourgroup+global+solar_hourgroup+solar_loss_hourgroup,3.0,0,,,0,,,,Peak,5,1,0,0,5.0,1.35,0.19,1.9,0.0,237.73552435113248,245.03458989915114,4.028564900026652,4.028564900026652,1.5319644004766173,Spring,-0.0,0.0,0.0,3.0,Mostly Cloudy,0.0,None,-0.8632772632711682,weighted_fallback,global+hour,258.2791273964957,0.0,258.07542383670216,none,170+,warm_cloud_peak_transition,0.644,0.0,0.0,0.0,0.20370355979352792,0.0,,,ar_disabled_or_empty,0.0,,,origin_day_disabled_or_empty,258.07542383670216,-2.12,0.0,13.9041112008222,21.20317674884086,2.588968089855066,5.0,Low,,,,,,,,,,,,,,,,,0.0,none,0.0,0.0,0.0,,,0.0,,,0.0,0.0,none,,,,,,,,,0.0,,,,,0.0,45,2025-04-09 23:00:00-07:00,2025-05-24 23:00:00-07:00,2025-06-07,4.028564900026652,0.0,-4.028564900026652,1,0,239.246025,303.085133,240.27373785714286,,,,,,,,,,,,,,,,,4.028564900026652,4.891842163297838,4.891842163297838,4.891842163297838,4.688138603504285,6.80813860350429
2025-06-07 19:00:00-07:00,origin_05,2025-05-25 00:00:00-07:00,2025,5,332,14,Days8to16,Summer,6,19,252.455625,96.4,98.4,0.25,0.0,0.0,0.0,254.51818903032506,253.43141174316406,253.39795682039292,256.58906172797873,254.51818903032506,253.8674674249174,253.8674674249174,253.8674674249174,254.09045914629277,254.09045914629277,254.09045914629277,254.09045914629277,0,0.0,none,254.09045914629277,254.09045914629277,-2.0625640303250634,-0.9757867431640648,-0.9423318203929227,-4.133436727978733,-1.634834146292775,-1.634834146292775,-1.634834146292775,-1.634834146292775,1.634834146292775,0.0,-0.6507216054076537,0.0,0.0,0.22299172137536516,0.0,0.0,-0.4277298840322885,Final_Backtest_Forecast_MWH,days8plus_final_low_confidence,raw_bias,none,none,recent_mean+last24_mean+same_hour+hourgroup+global+solar_hourgroup+solar_loss_hourgroup,3.0,0,,,0,,,,Peak,5,1,0,0,5.0,0.0,0.2,4.2,0.0,232.28596081436007,235.10757069863453,-2.0625640303250634,2.0625640303250634,0.8170006235056413,Spring,-0.0,0.0,0.0,1.0,Some Clouds,0.0,None,-0.6507216054076643,weighted_fallback,global+hour,254.09045914629277,0.0,253.8674674249174,none,170+,other,1.0,0.0,0.0,0.0,0.22299172137537707,0.0,,,ar_disabled_or_empty,0.0,,,origin_day_disabled_or_empty,253.8674674249174,0.0,0.0,19.41061833169053,22.232228215964994,0.6475728739626122,5.0,None,,,,,,,,,,,,,,,,,0.0,none,0.0,0.0,0.0,,,0.0,,,0.0,0.0,none,,,,,,,,,0.0,,,,,0.0,45,2025-04-09 23:00:00-07:00,2025-05-24 23:00:00-07:00,2025-06-07,0.0,2.0625640303250634,2.0625640303250634,0,1,234.068958,294.216516,232.08632828571427,,,,,,,,,,,,,,,,,-2.0625640303250634,-1.4118424249174097,-1.4118424249174097,-1.4118424249174097,-1.634834146292775,-1.634834146292775
2025-06-07 20:00:00-07:00,origin_05,2025-05-25 00:00:00-07:00,2025,5,333,14,Days8to16,Summer,6,20,233.608725,87.5,98.4,0.01,0.0,0.0,0.0,238.28362556351718,238.85580444335938,237.96972682150403,238.61341533529722,238.28362556351718,237.651635829549,237.651635829549,237.651635829549,237.84878872557948,233.84878872557948,237.84878872557948,233.84878872557948,1,-4.0,june_long_95_100_low_forecast_hot_extra_up+june_long_98_100_clear_high_state_overstack_backoff,233.84878872557948,233.84878872557948,-4.674900563517184,-5.247079443359382,-4.361001821504033,-5.0046903352972265,-0.24006372557948907,-4.240063725579489,-0.24006372557948907,-0.24006372557948907,0.24006372557948907,0.0,-0.6319897339681688,0.0,0.0,0.1971528960304738,-4.0,-4.0,-4.434836837937695,Final_Backtest_Forecast_MWH,days8plus_final_low_confidence,raw_bias,none,none,recent_mean+last24_mean+same_hour+hourgroup+global+cloud_hourgroup+solar_hourgroup+solar_loss_hourgroup,3.0,0,,,0,,,,Peak,5,1,0,0,5.0,0.0,0.31,9.1,0.0,222.23624716174686,222.12985430469487,-4.674900563517184,4.674900563517184,2.0011669356601236,Spring,-0.0,0.0,0.0,0.0,Clear/Low,0.0,None,-0.6319897339681816,weighted_fallback,global+hour+temp_cloud_hourgroup,237.84878872557948,0.0,237.651635829549,none,170+,other,1.0,0.0,0.0,0.0,0.19715289603047262,0.0,,,ar_disabled_or_empty,0.0,,,origin_day_disabled_or_empty,237.651635829549,0.0,0.0,16.153771258822303,16.047378401770317,0.10276316759123148,5.0,None,,,,,,,,,,,,,,,,,0.0,none,0.0,0.0,0.0,,,0.0,,,0.0,0.0,none,,,,,,,,,0.0,,,,,0.0,45,2025-04-09 23:00:00-07:00,2025-05-24 23:00:00-07:00,2025-06-07,0.0,4.674900563517184,4.674900563517184,0,1,222.526383,274.765858,216.9595032857143,,,,,,,,,,,,,,,,,-4.674900563517184,-4.042910829549015,-4.042910829549015,-4.042910829549015,-4.240063725579489,-0.24006372557948907
2025-06-08 14:00:00-07:00,origin_05,2025-05-25 00:00:00-07:00,2025,5,351,15,Days8to16,Summer,6,14,178.715283,87.9,91.8,0.36,16.640715689001144,0.20022516799000556,0.0,165.66880058435783,165.8883056640625,164.97628458026378,166.69432428230428,164.25707060698682,162.95666168569534,162.95666168569534,162.95666168569534,163.12539381014923,161.00539381014923,161.00539381014923,161.00539381014923,0,0.0,none,161.00539381014923,161.00539381014923,13.046482415642174,12.8269773359375,13.73899841973622,12.02095871769572,17.70988918985077,17.70988918985077,17.70988918985077,17.70988918985077,17.70988918985077,-1.4117299773710101,-1.3004089212914778,0.0,0.0,0.1687321244538964,-2.1200000000000045,0.0,-4.663406774208596,Final_Backtest_Forecast_MWH,days8plus_final_low_confidence+long_horizon_peak_month_correction,raw_bias,none,none,recent_mean+last24_mean+same_hour+hourgroup+global+temp_hourgroup+solar_hourgroup,3.0,0,,,0,,,,Midday,6,1,0,0,4.0,0.9881108086721364,0.29,5.9,0.0,200.11775510190103,188.81708860160452,13.046482415642174,13.046482415642174,7.30014926347523,Spring,-1.4117299773709984,0.0,-1.4117299773709984,1.0,Some Clouds,4.0,Low,-1.3004089212914833,weighted_fallback,global+hour+temp_cloud_hourgroup,163.12539381014923,0.0,162.95666168569534,none,150-170,other,0.7,0.0,0.0,0.0,0.16873212445388955,0.0,,,ar_disabled_or_empty,0.0,,,origin_day_disabled_or_empty,162.95666168569534,-2.12,0.0,-23.1482880172467,-34.4489545175432,9.909554959466321,4.0,Medium-High,,,,,,,,,,,,,,,,,0.0,none,0.0,0.0,0.0,,,0.0,,,0.0,0.0,none,,,,,,,,,0.0,,,,,0.0,45,2025-04-09 23:00:00-07:00,2025-05-24 23:00:00-07:00,2025-06-08,13.046482415642174,0.0,-13.046482415642174,1,0,205.896316,190.549558,181.70505328571429,,,,,,,,,,,,,,,,,14.458212393013184,15.758621314304662,15.758621314304662,15.758621314304662,15.589889189850766,17.70988918985077
2025-06-08 15:00:00-07:00,origin_05,2025-05-25 00:00:00-07:00,2025,5,352,15,Days8to16,Summer,6,15,203.398458,90.5,91.8,0.63,13.3478781779172,0.0,0.0,185.29711582435502,186.9569549560547,184.2912612408388,186.40350470368057,181.19496132897584,179.90142059218724,179.9519668638363,179.9519668638363,180.10799734568764,180.98799734568763,177.98799734568763,180.98799734568763,1,3.0,june_long_90_95_cloudy_peak_extra_up,180.98799734568763,180.98799734568763,18.101342175644987,16.441503043945318,19.107196759161212,16.994953296319437,22.410460654312374,25.410460654312374,22.410460654312374,22.410460654312374,22.410460654312374,-4.102154495379182,-1.2935407367886,0.05054627164906833,0.0,0.15603048185133161,0.8799999999999955,3.0,-4.309118478667386,Final_Backtest_Forecast_MWH,days8plus_final_low_confidence+long_horizon_peak_month_correction,raw_bias+solar_cloud_midday,weekday_hour_cloud_loss+hour_cloud_loss+hour_loss+hour_cloud,none,recent_mean+last24_mean+same_hour+hourgroup+global+temp_hourgroup+solar_hourgroup+solar_loss_hourgroup,3.0,0,,,0,,,,Midday,6,1,0,0,4.0,1.1888775951946997,0.27,6.4,0.0,221.82156535005214,208.4551439971045,18.101342175644987,18.101342175644987,8.89944906841181,Spring,-2.446338358208398,-1.6558161371707716,-4.102154495379169,3.0,Mostly Cloudy,3.0,None,-1.2935407367885923,weighted_fallback,global+hour+temp_cloud_hourgroup,180.10799734568764,0.0,179.90142059218724,none,170+,weekend_highload_solar_loss,0.40599999999999997,0.05054627164907161,0.1244982060321961,0.0,0.15603048185133767,0.0,,,ar_disabled_or_empty,0.0,,,origin_day_disabled_or_empty,179.9519668638363,-2.12,0.0,-23.158028172749482,-36.52444952569712,11.018009120950353,4.0,Medium-High,,,,,,,,,,,,,,,,,0.0,none,0.0,0.0,0.0,,,0.0,,,0.0,0.0,none,,,,,,,,,0.0,,,,,0.0,45,2025-04-09 23:00:00-07:00,2025-05-24 23:00:00-07:00,2025-06-08,18.101342175644987,0.0,-18.101342175644987,1,0,226.221966,202.596175,200.60822214285716,,,,,,,,,,,,,,,,,22.20349667102417,23.49703740781277,23.4464911361637,23.4464911361637,23.29046065431237,22.410460654312374
2025-06-08 16:00:00-07:00,origin_05,2025-05-25 00:00:00-07:00,2025,5,353,15,Days8to16,Summer,6,16,201.754116,91.8,91.8,0.71,7.555210712805636,0.0,0.0,203.55351074830466,204.8504638671875,203.35844481236944,203.4894848993792,203.55351074830466,202.60346799036313,202.49414352064264,202.49414352064264,202.64922874897897,193.52922874897897,200.52922874897897,193.52922874897897,1,-7.0,june_long_mild_hot_peak_backoff+june_long_90_95_cloudy_peak_extra_up,193.52922874897897,193.52922874897897,-1.7993947483046497,-3.0963478671874896,-1.604328812369431,-1.735368899379182,8.224887251021045,1.2248872510210447,8.224887251021045,8.224887251021045,8.224887251021045,0.0,-0.9500427579415316,-0.10932446972049092,0.0,0.15508522833633265,-9.120000000000005,-7.0,-10.024281999325694,Final_Backtest_Forecast_MWH,days8plus_final_low_confidence+long_horizon_peak_month_correction,raw_bias+solar_cloud_midday,event_class_hour_loss+weekday_hour_cloud_loss+hour_cloud_loss+hour_loss+hour_cloud,none,recent_mean+last24_mean+same_hour+hourgroup+global+temp_hourgroup+solar_hourgroup+solar_loss_hourgroup,3.0,0,,,0,,,,Peak,6,1,0,0,4.0,1.3458649567674108,0.26,7.2,0.0,240.52993674683083,225.411414565166,-1.7993947483046497,1.7993947483046497,0.8918751121313677,Spring,-0.0,-0.0,-0.0,3.0,Mostly Cloudy,2.0,None,-0.9500427579415266,weighted_fallback,global+hour,202.64922874897897,0.0,202.60346799036313,none,170+,warm_cloud_peak_transition,0.644,-0.10932446972049818,-0.10932446972049818,0.0,0.15508522833634109,0.0,,,ar_disabled_or_empty,0.0,,,origin_day_disabled_or_empty,202.49414352064264,-2.12,0.0,-21.857903816861352,-36.97642599852617,4.076688701122234,4.0,Medium-Low,,,,,,,,,,,,,,,,,0.0,none,0.0,0.0,0.0,,,0.0,,,0.0,0.0,none,,,,,,,,,0.0,,,,,0.0,45,2025-04-09 23:00:00-07:00,2025-05-24 23:00:00-07:00,2025-06-08,0.0,1.7993947483046497,1.7993947483046497,0,1,243.968666,212.71655,218.66229857142858,,,,,,,,,,,,,,,,,-1.7993947483046497,-0.8493519903631181,-0.7400275206426272,-0.7400275206426272,-0.8951127489789599,8.224887251021045
2025-06-08 17:00:00-07:00,origin_05,2025-05-25 00:00:00-07:00,2025,5,354,15,Days8to16,Summer,6,17,201.485991,90.6,91.8,0.42,3.3680134556136454,0.0,0.0,217.52210654226252,218.20741271972656,217.10087750036743,217.9882361288222,217.52210654226252,216.68845782464285,216.68845782464285,216.68845782464285,216.8667067193883,204.7467067193883,214.7467067193883,204.7467067193883,1,-10.0,june_long_mild_hot_peak_backoff,204.7467067193883,204.7467067193883,-16.036115542262507,-16.72142171972655,-15.614886500367419,-16.50224512882218,-3.260715719388287,-13.260715719388287,-3.260715719388287,-3.260715719388287,3.260715719388287,0.0,-0.833648717619667,0.0,0.0,0.17824889474545103,-12.120000000000005,-10.0,-12.77539982287422,Final_Backtest_Forecast_MWH,days8plus_final_low_confidence+long_horizon_peak_month_correction,raw_bias,none,none,recent_mean+last24_mean+same_hour+hourgroup+global+temp_hourgroup+solar_hourgroup+solar_loss_hourgroup,3.0,0,,,0,,,,Peak,6,1,0,0,4.0,1.35,0.27,7.8,0.0,253.33373873000238,236.88238657226455,-16.036115542262507,16.036115542262507,7.958923328948714,Spring,-0.0,0.0,0.0,2.0,Partly Cloudy,1.0,None,-0.8336487176196754,weighted_fallback,global+hour,216.8667067193883,0.0,216.68845782464285,none,170+,other,0.7,0.0,0.0,0.0,0.1782488947454596,0.0,,,ar_disabled_or_empty,0.0,,,origin_day_disabled_or_empty,216.68845782464285,-2.12,0.0,-19.36028003000203,-35.81163218773986,1.6183337130313378,4.0,Medium-Low,,,,,,,,,,,,,,,,,0.0,none,0.0,0.0,0.0,,,0.0,,,0.0,0.0,none,,,,,,,,,0.0,,,,,0.0,45,2025-04-09 23:00:00-07:00,2025-05-24 23:00:00-07:00,2025-06-08,0.0,16.036115542262507,16.036115542262507,0,1,256.344208,221.741933,231.08559257142855,,,,,,,,,,,,,,,,,-16.036115542262507,-15.20246682464284,-15.20246682464284,-15.20246682464284,-15.380715719388292,-3.260715719388287
2025-06-08 18:00:00-07:00,origin_05,2025-05-25 00:00:00-07:00,2025,5,355,15,Days8to16,Summer,6,18,195.091725,89.4,91.8,1.0,9.445799697856285e-16,0.0,0.0,217.91576175017832,217.4967803955078,217.83902405876103,218.1560585094542,217.91576175017832,217.05248448690716,217.05248448690716,217.05248448690716,217.2578544650299,208.1378544650299,215.1378544650299,208.1378544650299,1,-7.0,june_long_mild_hot_peak_backoff+june_long_90_95_cloudy_peak_extra_up,208.1378544650299,208.1378544650299,-22.824036750178323,-22.405055395507816,-22.74729905876103,-23.0643335094542,-13.046129465029907,-20.046129465029907,-13.046129465029907,-13.046129465029907,13.046129465029907,0.0,-0.8632772632711578,0.0,0.0,0.2053699781227465,-9.120000000000005,-7.0,-9.777907285148416,Final_Backtest_Forecast_MWH,days8plus_final_low_confidence+long_horizon_peak_month_correction,raw_bias,none,none,recent_mean+last24_mean+same_hour+hourgroup+global+temp_hourgroup+solar_hourgroup+solar_loss_hourgroup,3.0,0,,,0,,,,Peak,6,1,0,0,4.0,1.35,0.29,7.5,0.0,258.93870109997334,239.5256706847226,-22.824036750178323,22.824036750178323,11.699131139559263,Spring,-0.0,0.0,0.0,4.0,Overcast,0.0,None,-0.8632772632711682,weighted_fallback,global+hour,217.2578544650299,0.0,217.05248448690716,none,170+,warm_cloud_peak_transition,0.644,0.0,0.0,0.0,0.20536997812273405,0.0,,,ar_disabled_or_empty,0.0,,,origin_day_disabled_or_empty,217.05248448690716,-2.12,0.0,-21.60990893454428,-41.022939349795024,6.687177257277266,4.0,Low,,,,,,,,,,,,,,,,,0.0,none,0.0,0.0,0.0,,,0.0,,,0.0,0.0,none,,,,,,,,,0.0,,,,,0.0,45,2025-04-09 23:00:00-07:00,2025-05-24 23:00:00-07:00,2025-06-08,0.0,22.824036750178323,22.824036750178323,0,1,262.967266,218.111091,234.542614,,,,,,,,,,,,,,,,,-22.824036750178323,-21.960759486907165,-21.960759486907165,-21.960759486907165,-22.16612946502991,-13.046129465029907
2025-06-08 19:00:00-07:00,origin_05,2025-05-25 00:00:00-07:00,2025,5,356,15,Days8to16,Summer,6,19,187.348533,85.9,91.8,0.99,0.0,0.0,0.0,210.72490622770783,210.267578125,210.8661182369412,210.6336668139719,210.72490622770783,210.07418462230018,210.07418462230018,210.07418462230018,210.29728412268503,200.29728412268503,210.29728412268503,200.29728412268503,1,-10.0,june_long_mild_hot_peak_backoff,200.29728412268503,200.29728412268503,-23.37637322770783,-22.919045124999997,-23.517585236941187,-23.285133813971896,-12.948751122685024,-22.948751122685024,-12.948751122685024,-12.948751122685024,12.948751122685024,0.0,-0.6507216054076537,0.0,0.0,0.22309950038484772,-10.0,-10.0,-10.427622105022806,Final_Backtest_Forecast_MWH,days8plus_final_low_confidence,raw_bias,none,none,recent_mean+last24_mean+same_hour+hourgroup+global+temp_hourgroup+solar_hourgroup+solar_loss_hourgroup,3.0,0,,,0,,,,Peak,6,1,0,0,4.0,0.0,0.33,6.4,0.0,254.51818903032506,230.56109111123436,-23.37637322770783,23.37637322770783,12.477478661499756,Spring,-0.0,0.0,0.0,4.0,Overcast,0.0,None,-0.6507216054076643,weighted_fallback,global+hour,210.29728412268503,0.0,210.07418462230018,none,170+,warm_cloud_peak_transition,0.92,0.0,0.0,0.0,0.2230995003848378,0.0,,,ar_disabled_or_empty,0.0,,,origin_day_disabled_or_empty,210.07418462230018,0.0,0.0,-19.836184883526528,-43.79328280261723,6.911583942151831,4.0,None,,,,,,,,,,,,,,,,,0.0,none,0.0,0.0,0.0,,,0.0,,,0.0,0.0,none,,,,,,,,,0.0,,,,,0.0,45,2025-04-09 23:00:00-07:00,2025-05-24 23:00:00-07:00,2025-06-08,0.0,23.37637322770783,23.37637322770783,0,1,252.455625,205.380041,226.12048671428573,,,,,,,,,,,,,,,,,-23.37637322770783,-22.725651622300177,-22.725651622300177,-22.725651622300177,-22.948751122685024,-12.948751122685024
2025-06-08 20:00:00-07:00,origin_05,2025-05-25 00:00:00-07:00,2025,5,357,15,Days8to16,Summer,6,20,183.619958,81.8,91.8,0.02,0.0,0.0,0.0,200.66370852879606,199.61941528320312,200.20394455286197,201.6845642754334,200.66370852879606,200.1338059793087,200.1338059793087,200.1338059793087,200.33419964302385,178.33419964302385,200.33419964302385,178.33419964302385,1,-22.0,june_long_mild_hot_peak_backoff+june_long_90_92_clear_hot_extra_backoff,178.33419964302385,178.33419964302385,-17.043750528796068,-15.999457283203128,-16.583986552861973,-18.06460627543339,5.285758356976146,-16.714241643023854,5.285758356976146,5.285758356976146,5.285758356976146,0.0,-0.5299025494873604,0.0,0.0,0.20039366371514689,-22.0,-22.0,-22.329508885772213,Final_Backtest_Forecast_MWH,days8plus_final_low_confidence,raw_bias,none,none,recent_mean+last24_mean+same_hour+hourgroup+global+temp_hourgroup+cloud_hourgroup+solar_hourgroup+solar_loss_hourgroup+temp_cloud_hourgroup,3.0,0,,,0,,,,Peak,6,1,0,0,4.0,0.0,0.37,7.3,0.0,238.28362556351718,217.0661092972231,-17.043750528796068,17.043750528796068,9.282079526886761,Spring,-0.0,0.0,0.0,0.0,Clear/Low,0.0,None,-0.529902549487371,weighted_fallback,global+hour+temp_cloud_hourgroup,200.33419964302385,0.0,200.1338059793087,none,170+,other,1.0,0.0,0.0,0.0,0.20039366371515835,0.0,,,ar_disabled_or_empty,0.0,,,origin_day_disabled_or_empty,200.1338059793087,0.0,0.0,-16.402400768427043,-37.61991703472111,2.8786404345959746,4.0,None,,,,,,,,,,,,,,,,,0.0,none,0.0,0.0,0.0,,,0.0,,,0.0,0.0,none,,,,,,,,,0.0,,,,,0.0,45,2025-04-09 23:00:00-07:00,2025-05-24 23:00:00-07:00,2025-06-08,0.0,17.043750528796068,17.043750528796068,0,1,233.608725,187.162816,211.07991285714283,,,,,,,,,,,,,,,,,-17.043750528796068,-16.513847979308707,-16.513847979308707,-16.513847979308707,-16.714241643023854,5.285758356976146
2025-06-09 14:00:00-07:00,origin_05,2025-05-25 00:00:00-07:00,2025,5,375,16,Days8to16,Summer,6,14,204.924716,92.6,95.5,0.0,18.37900641238272,0.0,0.0,197.38888119567417,197.73301696777344,196.23473011516217,199.10422267302187,193.35779822935461,191.82739385514586,191.82739385514586,191.82739385514586,191.98510025265892,189.86510025265892,189.86510025265892,189.86510025265892,0,0.0,none,189.86510025265892,189.86510025265892,7.535834804325816,7.191699032226552,8.689985884837824,5.820493326978124,15.05961574734107,15.05961574734107,15.05961574734107,15.05961574734107,15.05961574734107,-4.031082966319559,-1.5304043742087572,0.0,0.0,0.15770639751306703,-2.1200000000000045,0.0,-7.523780943015254,Final_Backtest_Forecast_MWH,days8plus_final_low_confidence+long_horizon_peak_month_correction,raw_bias,none,none,recent_mean+last24_mean+same_hour+hourgroup+global+cloud_hourgroup+solar_hourgroup+solar_loss_hourgroup,3.0,0,,,0,,,,Midday,0,0,0,0,5.0,1.0906253298968283,0.28,6.2,0.0,165.66880058435783,183.10318801620886,7.535834804325816,7.535834804325816,3.677367450554777,Spring,-4.031082966319561,0.0,-4.031082966319561,0.0,Clear/Low,4.0,None,-1.5304043742087499,weighted_fallback,global+hour+temp_cloud_hourgroup,191.98510025265892,0.0,191.82739385514586,none,170+,other,0.7,0.0,0.0,0.0,0.15770639751305843,0.0,,,ar_disabled_or_empty,0.0,,,origin_day_disabled_or_empty,191.82739385514586,-2.12,0.0,14.285693179465312,31.720080611316348,7.348852808629033,5.0,High,,,,,,,,,,,,,,,,,0.0,none,0.0,0.0,0.0,,,0.0,,,0.0,0.0,none,,,,,,,,,0.0,,,,,0.0,45,2025-04-09 23:00:00-07:00,2025-05-24 23:00:00-07:00,2025-06-09,7.535834804325816,0.0,-7.535834804325816,1,0,178.715283,172.391233,180.0144425714286,,,,,,,,,,,,,,,,,11.566917770645375,13.097322144854132,13.097322144854132,13.097322144854132,12.939615747341065,15.05961574734107
2025-06-09 15:00:00-07:00,origin_05,2025-05-25 00:00:00-07:00,2025,5,376,16,Days8to16,Summer,6,15,229.506091,94.6,95.5,0.0,14.193084322994395,0.0,0.0,219.43688500261715,217.87274169921875,218.8553645043195,220.79760101519864,215.4058020362976,213.8650130164084,213.8650130164084,213.8650130164084,214.03087879344088,211.91087879344087,211.91087879344087,211.91087879344087,0,0.0,none,211.91087879344087,211.91087879344087,10.069205997382852,11.633349300781248,10.650726495680487,8.70848998480136,17.595212206559125,17.595212206559125,17.595212206559125,17.595212206559125,17.595212206559125,-4.031082966319559,-1.5407890198891891,0.0,0.0,0.1658657770324794,-2.1200000000000045,0.0,-7.526006209176273,Final_Backtest_Forecast_MWH,days8plus_final_low_confidence+long_horizon_peak_month_correction,raw_bias,none,none,recent_mean+last24_mean+same_hour+hourgroup+global+cloud_hourgroup+solar_hourgroup+solar_loss_hourgroup,3.0,0,,,0,,,,Midday,0,0,0,0,5.0,1.2633439146299694,0.26,7.0,0.0,185.29711582435502,203.17561285182143,10.069205997382852,10.069205997382852,4.387337152364663,Spring,-4.031082966319561,0.0,-4.031082966319561,0.0,Clear/Low,3.0,None,-1.540789019889181,weighted_fallback,global+hour+temp_cloud_hourgroup,214.03087879344088,0.0,213.8650130164084,none,170+,other,0.7,0.0,0.0,0.0,0.1658657770324882,0.0,,,ar_disabled_or_empty,0.0,,,origin_day_disabled_or_empty,213.8650130164084,-2.12,0.0,16.26127215079572,34.13976917826213,7.666555658672748,5.0,Medium-High,,,,,,,,,,,,,,,,,0.0,none,0.0,0.0,0.0,,,0.0,,,0.0,0.0,none,,,,,,,,,0.0,,,,,0.0,45,2025-04-09 23:00:00-07:00,2025-05-24 23:00:00-07:00,2025-06-09,10.069205997382852,0.0,-10.069205997382852,1,0,203.398458,192.298866,200.722834,,,,,,,,,,,,,,,,,14.100288963702411,15.6410779835916,15.6410779835916,15.6410779835916,15.47521220655912,17.595212206559125
2025-06-09 16:00:00-07:00,origin_05,2025-05-25 00:00:00-07:00,2025,5,377,16,Days8to16,Summer,6,16,252.54645,95.5,95.5,0.01,8.908382780770824,0.0,0.0,240.25169185578346,239.27745056152344,240.00372713146152,240.9197053637922,240.25169185578346,239.1430124071969,239.1430124071969,239.1430124071969,239.2858267390159,239.1658267390159,237.1658267390159,239.1658267390159,1,2.0,june_long_95_100_low_forecast_hot_extra_up,239.1658267390159,239.1658267390159,12.29475814421653,13.268999438476555,12.542722868538476,11.626744636207803,13.380623260984095,15.380623260984095,13.380623260984095,13.380623260984095,13.380623260984095,0.0,-1.108679448586571,0.0,0.0,0.14281433181901093,-0.12000000000000455,2.0,-1.0858651167675646,Final_Backtest_Forecast_MWH,days8plus_final_low_confidence+long_horizon_peak_month_correction,raw_bias,none,none,recent_mean+last24_mean+same_hour+hourgroup+global+cloud_hourgroup+solar_hourgroup+solar_loss_hourgroup,3.0,0,,,0,,,,Peak,0,0,0,1,5.0,1.35,0.25,6.7,0.0,203.55351074830466,221.0827230184844,12.29475814421653,12.29475814421653,4.868315568964256,Spring,-0.0,0.0,0.0,0.0,Clear/Low,2.0,None,-1.108679448586568,weighted_fallback,global+hour+temp_cloud_hourgroup,239.2858267390159,0.0,239.1430124071969,none,170+,other,0.7,0.0,0.0,0.0,0.14281433181900624,0.0,,,ar_disabled_or_empty,0.0,,,origin_day_disabled_or_empty,239.1430124071969,-2.12,0.0,19.168968837299076,36.6981811074788,5.2982820629567735,5.0,Medium-Low,,,,,,,,,,,,,,,,,0.0,none,0.0,0.0,0.0,,,0.0,,,0.0,0.0,none,,,,,,,,,0.0,,,,,0.0,45,2025-04-09 23:00:00-07:00,2025-05-24 23:00:00-07:00,2025-06-09,12.29475814421653,0.0,-12.29475814421653,1,0,201.754116,212.703725,217.09623657142856,,,,,,,,,,,,,,,,,12.29475814421653,13.403437592803101,13.403437592803101,13.403437592803101,13.26062326098409,13.380623260984095
2025-06-09 17:00:00-07:00,origin_05,2025-05-25 00:00:00-07:00,2025,5,378,16,Days8to16,Summer,6,17,265.632691,95.2,95.5,0.44,3.735751493228307,0.0,0.0,253.91381026176958,255.05860900878906,253.79006402941164,253.78118327061225,253.91381026176958,253.08016154414992,253.08016154414992,253.08016154414992,253.25435974950003,251.13435974950002,251.13435974950002,251.13435974950002,0,0.0,none,251.13435974950002,251.13435974950002,11.718880738230439,10.57408199121096,11.842626970588384,11.851507729387777,14.498331250500001,14.498331250500001,14.498331250500001,14.498331250500001,14.498331250500001,0.0,-0.833648717619667,0.0,0.0,0.174198205350109,-2.1200000000000045,0.0,-2.7794505122695625,Final_Backtest_Forecast_MWH,days8plus_final_low_confidence+long_horizon_peak_month_correction,raw_bias,none,none,recent_mean+last24_mean+same_hour+hourgroup+global+solar_hourgroup+solar_loss_hourgroup,3.0,0,,,0,,,,Peak,0,0,0,1,5.0,1.35,0.26,8.1,0.0,217.52210654226252,233.95448604685063,11.718880738230439,11.718880738230439,4.4116861874619335,Spring,-0.0,0.0,0.0,2.0,Partly Cloudy,1.0,None,-0.8336487176196754,weighted_fallback,global+hour,253.25435974950003,0.0,253.08016154414992,none,170+,other,0.7,0.0,0.0,0.0,0.17419820535011946,0.0,,,ar_disabled_or_empty,0.0,,,origin_day_disabled_or_empty,253.08016154414992,-2.12,0.0,19.95932421491895,36.39170371950706,5.4580372603686795,5.0,Medium-Low,,,,,,,,,,,,,,,,,0.0,none,0.0,0.0,0.0,,,0.0,,,0.0,0.0,none,,,,,,,,,0.0,,,,,0.0,45,2025-04-09 23:00:00-07:00,2025-05-24 23:00:00-07:00,2025-06-09,11.718880738230439,0.0,-11.718880738230439,1,0,201.485991,227.345075,228.19188657142857,,,,,,,,,,,,,,,,,11.718880738230439,12.552529455850106,12.552529455850106,12.552529455850106,12.378331250499997,14.498331250500001
2025-06-09 18:00:00-07:00,origin_05,2025-05-25 00:00:00-07:00,2025,5,379,16,Days8to16,Summer,6,18,266.808516,93.0,95.5,0.34,1.2732496083952479e-15,0.0,0.0,256.62525665671404,256.2247009277344,257.0815412766459,256.0226824622438,256.62525665671404,255.76197939344289,255.76197939344289,255.76197939344289,255.9656829532364,253.8456829532364,253.8456829532364,253.8456829532364,0,0.0,none,253.8456829532364,253.8456829532364,10.183259343285954,10.583815072265622,9.72697472335409,10.785833537756218,12.962833046763592,12.962833046763592,12.962833046763592,12.962833046763592,12.962833046763592,0.0,-0.8632772632711578,0.0,0.0,0.2037035597935244,-2.1200000000000045,0.0,-2.779573703477638,Final_Backtest_Forecast_MWH,days8plus_final_low_confidence+long_horizon_peak_month_correction,raw_bias,none,none,recent_mean+last24_mean+same_hour+hourgroup+global+solar_hourgroup+solar_loss_hourgroup,3.0,0,,,0,,,,Peak,0,0,0,1,5.0,1.35,0.28,7.3,0.0,217.91576175017832,237.17760799084286,10.183259343285954,10.183259343285954,3.8166920216616904,Spring,-0.0,0.0,0.0,1.0,Some Clouds,0.0,None,-0.8632772632711682,weighted_fallback,global+hour,255.9656829532364,0.0,255.76197939344289,none,170+,other,0.7,0.0,0.0,0.0,0.20370355979352792,0.0,,,ar_disabled_or_empty,0.0,,,origin_day_disabled_or_empty,255.76197939344289,-2.12,0.0,19.447648665871185,38.709494906535724,4.858477998042458,5.0,Low,,,,,,,,,,,,,,,,,0.0,none,0.0,0.0,0.0,,,0.0,,,0.0,0.0,none,,,,,,,,,0.0,,,,,0.0,45,2025-04-09 23:00:00-07:00,2025-05-24 23:00:00-07:00,2025-06-09,10.183259343285954,0.0,-10.183259343285954,1,0,195.091725,230.588625,231.25413314285714,,,,,,,,,,,,,,,,,10.183259343285954,11.046536606557112,11.046536606557112,11.046536606557112,10.842833046763587,12.962833046763592
2025-06-09 19:00:00-07:00,origin_05,2025-05-25 00:00:00-07:00,2025,5,380,16,Days8to16,Summer,6,19,254.439775,88.4,95.5,0.1,0.0,0.0,0.0,245.51447986225418,245.84793090820312,245.22112535195527,245.8801937938813,245.51447986225418,244.65902854998785,244.65902854998785,244.65902854998785,244.87198259985686,246.87198259985686,244.87198259985686,246.87198259985686,1,2.0,june_long_95_100_low_forecast_hot_extra_up,246.87198259985686,246.87198259985686,8.92529513774582,8.591844091796872,9.218649648044732,8.559581206118708,7.567792400143134,9.567792400143134,7.567792400143134,7.567792400143134,7.567792400143134,0.0,-0.8554513122663252,0.0,0.0,0.2129540498690119,2.0,2.0,1.3575027376026867,Final_Backtest_Forecast_MWH,days8plus_final_low_confidence,raw_bias,none,none,recent_mean+last24_mean+same_hour+hourgroup+global+cloud_hourgroup+solar_hourgroup+solar_loss_hourgroup,3.0,0,,,0,,,,Peak,0,0,0,1,5.0,0.0,0.33,8.6,0.0,210.72490622770783,229.34561460498648,8.92529513774582,8.92529513774582,3.5078222882982115,Spring,-0.0,0.0,0.0,0.0,Clear/Low,0.0,None,-0.8554513122663284,weighted_fallback,global+hour+temp_cloud_hourgroup,244.87198259985686,0.0,244.65902854998785,none,170+,other,1.0,0.0,0.0,0.0,0.2129540498690185,0.0,,,ar_disabled_or_empty,0.0,,,origin_day_disabled_or_empty,244.65902854998785,0.0,0.0,16.168865257267697,34.78957363454634,2.974296137521397,5.0,None,,,,,,,,,,,,,,,,,0.0,none,0.0,0.0,0.0,,,0.0,,,0.0,0.0,none,,,,,,,,,0.0,,,,,0.0,45,2025-04-09 23:00:00-07:00,2025-05-24 23:00:00-07:00,2025-06-09,8.92529513774582,0.0,-8.92529513774582,1,0,187.348533,218.86175,223.544557,,,,,,,,,,,,,,,,,8.92529513774582,9.780746450012145,9.780746450012145,9.780746450012145,9.567792400143134,7.567792400143134
2025-06-09 20:00:00-07:00,origin_05,2025-05-25 00:00:00-07:00,2025,5,381,16,Days8to16,Summer,6,20,231.805483,82.2,95.5,0.01,0.0,0.0,0.0,227.12311522312916,227.24432373046875,227.9540817549203,225.7826796710746,227.12311522312916,226.491125489161,226.491125489161,226.491125489161,226.68827838519147,228.68827838519147,226.68827838519147,228.68827838519147,1,2.0,june_long_95_100_low_forecast_hot_extra_up,228.68827838519147,228.68827838519147,4.682367776870848,4.5611592695312595,3.8514012450796997,6.02280332892542,3.117204614808543,5.117204614808543,3.117204614808543,3.117204614808543,3.117204614808543,0.0,-0.6319897339681688,0.0,0.0,0.1971528960304738,2.0,2.0,1.565163162062305,Final_Backtest_Forecast_MWH,days8plus_final_low_confidence,raw_bias,none,none,recent_mean+last24_mean+same_hour+hourgroup+global+cloud_hourgroup+solar_hourgroup+solar_loss_hourgroup,3.0,0,,,0,,,,Peak,0,0,0,1,5.0,0.0,0.39,10.0,0.0,200.66370852879606,216.90604578441372,4.682367776870848,4.682367776870848,2.019955574938168,Spring,-0.0,0.0,0.0,0.0,Clear/Low,0.0,None,-0.6319897339681816,weighted_fallback,global+hour+temp_cloud_hourgroup,226.68827838519147,0.0,226.491125489161,none,170+,other,1.0,0.0,0.0,0.0,0.19715289603047262,0.0,,,ar_disabled_or_empty,0.0,,,origin_day_disabled_or_empty,226.491125489161,0.0,0.0,10.217069438715441,26.459406694333097,1.3447501648649711,5.0,None,,,,,,,,,,,,,,,,,0.0,none,0.0,0.0,0.0,,,0.0,,,0.0,0.0,none,,,,,,,,,0.0,,,,,0.0,45,2025-04-09 23:00:00-07:00,2025-05-24 23:00:00-07:00,2025-06-09,4.682367776870848,0.0,-4.682367776870848,1,0,183.619958,200.7944,210.5737902857143,,,,,,,,,,,,,,,,,4.682367776870848,5.314357510839017,5.314357510839017,5.314357510839017,5.117204614808543,3.117204614808543
2025-06-23 14:00:00-07:00,origin_06,2025-06-22 00:00:00-07:00,2025,6,39,2,Days2to7,Summer,6,14,178.926058,92.3,96.1,0.01,18.88682167988745,0.0,0.0,181.5292967077774,179.98391723632812,181.38897034353636,182.19134655771313,179.73700321574458,179.3802019626024,179.3802019626024,179.3802019626024,179.3802019626024,179.3802019626024,179.3802019626024,179.3802019626024,0,0.0,none,179.3802019626024,179.3802019626024,-2.6032387077773933,-1.0578592363281132,-2.4629123435363454,-3.26528855771312,-0.4541439626023873,-0.4541439626023873,-0.4541439626023873,-0.4541439626023873,0.4541439626023873,-1.792293492032826,-0.35680125314218003,0.0,0.0,0.0,0.0,0.0,-2.149094745175006,Peak_Risk_Adjusted_Forecast_MWH,days2to3_peak_risk,raw_bias,none,none,recent_mean+last24_mean+same_hour+hourgroup+global+temp_hourgroup+cloud_hourgroup+solar_hourgroup+solar_loss_hourgroup+temp_cloud_hourgroup,3.0,5,189.86992960000003,205.507676,35,227.46087394285715,255.5824348,-10.943871600000023,Midday,0,0,0,0,5.0,1.1167110705266086,0.13,2.2,0.0,126.58498995369672,163.50914470767097,-2.6032387077773933,2.6032387077773933,1.4549243060937458,Summer,-1.7922934920328122,0.0,-1.7922934920328122,0.0,Clear/Low,4.0,None,-0.35680125314219324,weighted_fallback,global+hour+season_hour+season_hourgroup_maxtemp+season_hour_maxtemp+season_month_hour_maxtemp+season_cloud_hourgroup+season_solar_hourgroup+temp_cloud_hourgroup,179.3802019626024,0.0,179.3802019626024,none,170+,other,0.7,0.0,0.0,0.0,0.0,0.0,,,ar_disabled_or_empty,0.0,,,origin_day_disabled_or_empty,179.3802019626024,0.0,0.0,18.020152000106435,54.944306754080685,0.253816558459242,5.0,High,177.93180161696847,177.61883544921875,177.62188755348726,178.50822833608174,0.9942563830315407,175.33902408210372,3.5870339178962922,3.5870339178962922,2.0047576959954556,92.0,96.5,0.0,19.648544581144545,0.0,0.0,2.0,0.0,none,0.0,0.0,0.0,,,0.0,175.33902408210372,175.33902408210372,0.0,0.0,none,14.875905882663261,54.519554476832,193.33902408210372,193.33902408210372,159.4310902187555,172.41036451306684,177.09214398314052,174.90925703806874,1.0,159.4310902187555,193.33902408210372,33.907933863348234,16.953966931674117,18.0,45,2025-05-07 23:00:00-07:00,2025-06-21 23:00:00-07:00,2025-06-23,0.0,2.6032387077773933,2.6032387077773933,0,1,125.471216,197.138925,179.5959437142857,-0.29999999999999716,0.4000000000000057,-0.01,0.7617229012570945,0.0,0.0,-4.0411778804986795,4.0411778804986795,3.132889955293905,1.7509411375362132,days2to3,0-2F,0-20pp,0-1.25MW,normal,low_weather_error,-0.8109452157445673,-0.4541439626023873,-0.4541439626023873,-0.4541439626023873,-0.4541439626023873,-0.4541439626023873
2025-06-23 15:00:00-07:00,origin_06,2025-06-22 00:00:00-07:00,2025,6,40,2,Days2to7,Summer,6,15,198.225441,95.2,96.1,0.02,14.655555609923427,0.0,0.0,201.46984268245612,200.27931213378906,202.4945188224099,200.19978890500505,199.8565360195373,199.47026788455693,199.47026788455693,199.47026788455693,199.47026788455693,199.47026788455693,199.47026788455693,199.47026788455693,0,0.0,none,199.47026788455693,199.47026788455693,-3.244401682456129,-2.053871133789073,-4.269077822409912,-1.974347905005061,-1.244826884556943,-1.244826884556943,-1.244826884556943,-1.244826884556943,1.244826884556943,-1.6133066629188306,-0.38626813498035517,0.0,0.0,0.0,0.0,0.0,-1.9995747978991858,Peak_Risk_Adjusted_Forecast_MWH,days2to3_peak_risk,raw_bias,none,none,recent_mean+last24_mean+same_hour+hourgroup+global+temp_hourgroup+cloud_hourgroup+solar_hourgroup+solar_loss_hourgroup+temp_cloud_hourgroup,3.0,5,211.2251378,228.192441,35,227.46087394285715,255.5824348,-12.99969680000001,Midday,0,0,0,0,5.0,1.2997968746441855,0.11,1.4,0.0,137.5097706923283,179.22541352747547,-3.244401682456129,3.244401682456129,1.6367231502116466,Summer,-1.6133066629188348,0.0,-1.6133066629188348,0.0,Clear/Low,3.0,None,-0.38626813498036305,weighted_fallback,global+hour+season_hour+season_hourgroup_maxtemp+season_hour_maxtemp+season_month_hour_maxtemp+season_cloud_hourgroup+season_solar_hourgroup+temp_cloud_hourgroup,199.47026788455693,0.0,199.47026788455693,none,170+,other,0.7,0.0,0.0,0.0,0.0,0.0,,,ar_disabled_or_empty,0.0,,,origin_day_disabled_or_empty,199.47026788455693,0.0,0.0,22.24442915498065,63.96007199012783,0.6279854282462881,5.0,Medium-High,195.8519456873431,195.16905212402344,197.05630306477877,194.15449654089258,2.3734953126568996,193.43072436385748,4.79471663614251,4.79471663614251,2.418820012181237,94.9,96.5,0.0,15.27749975441419,0.0,0.0,2.0,0.0,none,0.0,0.0,0.0,,,0.0,193.43072436385748,193.43072436385748,0.0,0.0,none,17.07533630234289,61.48380399234162,211.43072436385748,211.43072436385748,175.43072436385748,187.7210148855677,192.4202447257712,193.38398612295643,1.0,175.43072436385748,211.43072436385748,36.0,18.0,18.0,45,2025-05-07 23:00:00-07:00,2025-06-21 23:00:00-07:00,2025-06-23,0.0,3.244401682456129,3.244401682456129,0,1,137.771908,216.998691,199.9175507142857,-0.29999999999999716,0.4000000000000057,-0.02,0.6219441444907634,0.0,0.0,-6.039543520699453,6.039543520699453,3.5498897515855674,1.7908345839349489,days2to3,0-2F,0-20pp,0-1.25MW,normal,low_weather_error,-1.6310950195372982,-1.244826884556943,-1.244826884556943,-1.244826884556943,-1.244826884556943,-1.244826884556943
2025-06-23 16:00:00-07:00,origin_06,2025-06-22 00:00:00-07:00,2025,6,41,2,Days2to7,Summer,6,16,217.453166,96.1,96.1,0.0,9.246675797762121,0.0,0.0,220.3993121051237,218.99217224121094,221.3283887402862,219.34137449670052,220.3993121051237,219.89066477039228,219.89066477039228,219.89066477039228,219.89066477039228,219.89066477039228,219.89066477039228,219.89066477039228,0,0.0,none,219.89066477039228,219.89066477039228,-2.946146105123688,-1.5390062412109273,-3.8752227402861763,-1.8882084967005142,-2.437498770392267,-2.437498770392267,-2.437498770392267,-2.437498770392267,2.437498770392267,0.0,-0.5086473347314211,0.0,0.0,0.0,0.0,0.0,-0.5086473347314211,Peak_Risk_Adjusted_Forecast_MWH,days2to3_peak_risk,raw_bias,none,none,recent_mean+last24_mean+same_hour+hourgroup+global+cloud_hourgroup+solar_hourgroup+solar_loss_hourgroup,3.0,5,231.47860799999998,249.1153364,35,227.46087394285715,255.5824348,-14.02544199999997,Peak,0,0,0,1,5.0,1.35,0.1,2.4,0.0,149.88773941874305,195.06419477410614,-2.946146105123688,2.946146105123688,1.354841669733927,Summer,-0.0,0.0,0.0,0.0,Clear/Low,2.0,None,-0.5086473347314301,weighted_fallback,global+hour+season_hour+season_hourgroup_maxtemp+season_hour_maxtemp+season_month_hour_maxtemp+season_cloud_hourgroup+season_solar_hourgroup+temp_cloud_hourgroup,219.89066477039228,0.0,219.89066477039228,none,170+,other,0.7,0.0,0.0,0.0,0.0,0.0,,,ar_disabled_or_empty,0.0,,,origin_day_disabled_or_empty,219.89066477039228,0.0,0.0,25.335117331017557,70.51157268638065,1.1209304583738584,5.0,Medium-Low,216.21728355861077,213.6772918701172,215.6976545699506,217.75955530893205,1.2358824413892364,215.79694139150894,1.6562246084910726,1.6562246084910726,0.7616465830123037,96.5,96.5,0.0,9.652627418151676,0.0,0.0,2.0,0.08830516762957445,weather_uncertainty_peak_hedge,0.0,0.20877395716906053,18.789656145215446,1.2533,0.35,1.0,215.79694139150894,215.79694139150894,0.0,0.0,none,21.508670702456243,68.81861756552894,234.4982923690948,237.70863622387935,194.2894528700404,205.80836019135626,208.66824202620353,215.07732046508383,1.0,194.2894528700404,237.70863622387935,43.419183353838946,21.709591676919473,22.0,45,2025-05-07 23:00:00-07:00,2025-06-21 23:00:00-07:00,2025-06-23,0.0,2.946146105123688,2.946146105123688,0,1,152.790058,236.047391,215.82278300000002,0.4000000000000057,0.4000000000000057,0.0,0.4059516203895548,0.0,0.0,-4.09372337888334,4.09372337888334,-0.7812741619011945,-0.3592838753615546,days2to3,0-2F,0-20pp,0-1.25MW,hot_peak,low_weather_error,-2.946146105123688,-2.437498770392267,-2.437498770392267,-2.437498770392267,-2.437498770392267,-2.437498770392267
2025-06-23 17:00:00-07:00,origin_06,2025-06-22 00:00:00-07:00,2025,6,42,2,Days2to7,Summer,6,17,231.863358,95.6,96.1,0.01,3.9283761795978918,0.0,0.0,235.79685688703051,234.97021484375,236.52595116327112,234.8873207510182,235.79685688703051,235.31403833543314,235.31403833543314,235.31403833543314,235.31403833543314,235.31403833543314,235.31403833543314,235.31403833543314,0,0.0,none,235.31403833543314,235.31403833543314,-3.9334988870305096,-3.106856843749995,-4.6625931632711115,-3.023962751018189,-3.450680335433134,-3.450680335433134,-3.450680335433134,-3.450680335433134,3.450680335433134,0.0,-0.48281855159737574,0.0,0.0,0.0,0.0,0.0,-0.48281855159737574,Peak_Risk_Adjusted_Forecast_MWH,days2to3_peak_risk,raw_bias,none,none,recent_mean+last24_mean+same_hour+hourgroup+global+cloud_hourgroup+solar_hourgroup+solar_loss_hourgroup,3.0,5,244.5535312,261.91729780000003,35,227.46087394285715,255.5824348,-12.690173200000004,Peak,0,0,0,1,5.0,1.35,0.1,4.9,0.0,164.2550835849954,206.7559127978565,-3.9334988870305096,3.9334988870305096,1.6964728368294009,Summer,-0.0,0.0,0.0,0.0,Clear/Low,1.0,None,-0.4828185515973674,weighted_fallback,global+hour+season_hour+season_hourgroup_maxtemp+season_hour_maxtemp+season_month_hour_maxtemp+season_cloud_hourgroup+season_solar_hourgroup+temp_cloud_hourgroup,235.31403833543314,0.0,235.31403833543314,none,170+,other,0.7,0.0,0.0,0.0,0.0,0.0,,,ar_disabled_or_empty,0.0,,,origin_day_disabled_or_empty,235.31403833543314,0.0,0.0,29.04094408917402,71.54177330203512,1.488238747682216,5.0,Medium-Low,231.08230970119126,227.9141387939453,234.5941808083918,226.46884679194645,0.7810482988087415,231.14657046193273,0.7167875380672797,0.7167875380672797,0.3091422224926457,94.7,96.5,0.0,4.150186424508323,0.0,0.0,2.0,0.0,none,0.0,0.16376325332912278,14.738692799621049,1.2533,0.35,1.0,231.14657046193273,231.14657046193273,0.0,0.0,none,24.922086388296805,70.99705251092993,245.88526326155377,253.14657046193273,209.14657046193273,217.07516848858393,219.3336667096289,227.7528499080274,1.0,209.14657046193273,253.14657046193273,44.0,22.0,22.0,45,2025-05-07 23:00:00-07:00,2025-06-21 23:00:00-07:00,2025-06-23,0.0,3.9334988870305096,3.9334988870305096,0,1,168.48825,247.70025,226.61192942857141,-0.8999999999999915,0.4000000000000057,-0.01,0.22181024491043155,0.0,0.0,-4.167467873500414,4.167467873500414,-2.733892797365854,-1.1790965251895706,days2to3,0-2F,0-20pp,0-1.25MW,hot_peak,low_weather_error,-3.9334988870305096,-3.450680335433134,-3.450680335433134,-3.450680335433134,-3.450680335433134,-3.450680335433134
2025-06-23 18:00:00-07:00,origin_06,2025-06-22 00:00:00-07:00,2025,6,43,2,Days2to7,Summer,6,18,237.605125,93.4,96.1,0.0,1.3561075004817064e-15,0.0,0.0,238.25258231361653,235.42361450195312,239.61555094497413,236.9190509819584,238.25258231361653,237.72767418035667,237.72767418035667,237.72767418035667,237.72767418035667,237.72767418035667,237.72767418035667,237.72767418035667,0,0.0,none,237.72767418035667,237.72767418035667,-0.6474573136165418,2.181510498046862,-2.010425944974145,0.6860740180415803,-0.12254918035668538,-0.12254918035668538,-0.12254918035668538,-0.12254918035668538,0.12254918035668538,0.0,-0.5249081332598564,0.0,0.0,0.0,0.0,0.0,-0.5249081332598564,Peak_Risk_Adjusted_Forecast_MWH,days2to3_peak_risk,raw_bias,none,none,recent_mean+last24_mean+same_hour+hourgroup+global+cloud_hourgroup+solar_hourgroup+solar_loss_hourgroup,3.0,5,248.95600140000002,265.272016,35,227.46087394285715,255.5824348,-11.350876400000033,Peak,0,0,0,1,5.0,1.35,0.1,5.2,0.0,170.369043851713,209.90541440738755,-0.6474573136165418,0.6474573136165418,0.27249299173009917,Summer,-0.0,0.0,0.0,0.0,Clear/Low,0.0,None,-0.5249081332598677,weighted_fallback,global+hour+season_hour+season_hourgroup_maxtemp+season_hour_maxtemp+season_month_hour_maxtemp+season_cloud_hourgroup+season_solar_hourgroup+temp_cloud_hourgroup,237.72767418035667,0.0,237.72767418035667,none,170+,other,0.7,0.0,0.0,0.0,0.0,0.0,,,ar_disabled_or_empty,0.0,,,origin_day_disabled_or_empty,237.72767418035667,0.0,0.0,28.347167906228975,67.88353846190353,0.05157682535538128,5.0,Low,232.6802115229703,230.9768524169922,232.31173825853506,233.74591496879083,4.9249134770296905,232.15530338971044,5.449821610289547,5.449821610289547,2.29364649028069,92.9,96.5,0.0,1.458298900721672e-15,0.0,0.0,2.0,0.0,none,0.0,0.1469464548075229,13.225180932677063,1.2533,0.35,1.0,232.15530338971044,232.15530338971044,0.0,0.0,none,23.240107371684473,65.56833946396944,245.3804843223875,254.15530338971044,210.15530338971044,219.13181250585006,217.98734760289506,227.6054790150451,1.0,210.15530338971044,254.15530338971044,44.0,22.0,22.0,45,2025-05-07 23:00:00-07:00,2025-06-21 23:00:00-07:00,2025-06-23,0.0,0.6474573136165418,0.6474573136165418,0,1,175.897925,250.35325,229.35597114285716,-0.5,0.4000000000000057,0.0,1.021914002399657e-16,0.0,0.0,-5.572370790646232,5.572370790646232,5.3272724299328615,2.2420696649253093,days2to3,0-2F,0-20pp,0-1.25MW,hot_peak,low_weather_error,-0.6474573136165418,-0.12254918035668538,-0.12254918035668538,-0.12254918035668538,-0.12254918035668538,-0.12254918035668538
2025-06-23 19:00:00-07:00,origin_06,2025-06-22 00:00:00-07:00,2025,6,44,2,Days2to7,Summer,6,19,233.494275,93.0,96.1,0.11,0.0,0.0,0.0,231.76442070102723,231.93057250976562,232.29932330908795,230.87638751443518,231.76442070102723,231.31520985760739,231.31520985760739,231.31520985760739,231.31520985760739,231.31520985760739,231.31520985760739,231.31520985760739,0,0.0,none,231.31520985760739,231.31520985760739,1.7298542989727537,1.5637024902343626,1.1949516909120348,2.6178874855648075,2.179065142392602,2.179065142392602,2.179065142392602,2.179065142392602,2.179065142392602,0.0,-0.4492108434198485,0.0,0.0,0.0,0.0,0.0,-0.4492108434198485,Peak_Risk_Adjusted_Forecast_MWH,days2to3_peak_risk,raw_bias,none,none,recent_mean+last24_mean+same_hour+hourgroup+global+cloud_hourgroup+solar_hourgroup+solar_loss_hourgroup,3.0,5,241.0049332,253.646115,35,227.46087394285715,255.5824348,-7.510658200000023,Peak,0,0,0,1,5.0,0.0,0.1,4.3,0.0,171.48561772122233,205.88709153160318,1.7298542989727537,1.7298542989727537,0.7408551233098772,Summer,-0.0,0.0,0.0,0.0,Clear/Low,0.0,None,-0.44921084341985723,weighted_fallback,global+hour+season_hour+season_hourgroup_maxtemp+season_hour_maxtemp+season_month_hour_maxtemp+season_cloud_hourgroup+season_solar_hourgroup+temp_cloud_hourgroup,231.31520985760739,0.0,231.31520985760739,none,170+,other,1.0,0.0,0.0,0.0,0.0,0.0,,,ar_disabled_or_empty,0.0,,,origin_day_disabled_or_empty,231.31520985760739,0.0,0.0,25.87732916942406,60.27880297980491,0.9332413577988592,5.0,None,221.24808642613115,220.87612915039062,220.89361885221456,221.91138040678305,12.246188573868835,220.7988755827113,12.695399417288684,12.695399417288684,5.437135200547716,87.7,96.5,0.05,0.0,0.0,0.0,2.0,0.0,none,0.0,0.14704825240039965,13.234342716035968,1.2533,0.35,1.0,220.7988755827113,220.7988755827113,0.0,0.0,none,15.889149197390509,53.45954882494658,234.03321829874727,242.22739408034522,200.92680400424106,208.24816818463003,207.1499828059703,216.52385661558975,0.0,200.92680400424106,242.22739408034522,41.30059007610416,20.65029503805208,21.428518497633917,45,2025-05-07 23:00:00-07:00,2025-06-21 23:00:00-07:00,2025-06-23,1.7298542989727537,0.0,-1.7298542989727537,1,0,175.710408,240.285725,221.76082128571426,-5.299999999999997,0.4000000000000057,-0.06,0.0,0.0,0.0,-10.516334274896082,10.516334274896082,10.516334274896082,4.503893842748856,days2to3,0-2F,0-20pp,0-1.25MW,hot_peak,low_weather_error,1.7298542989727537,2.179065142392602,2.179065142392602,2.179065142392602,2.179065142392602,2.179065142392602
2025-06-23 20:00:00-07:00,origin_06,2025-06-22 00:00:00-07:00,2025,6,45,2,Days2to7,Summer,6,20,221.154216,88.3,96.1,0.53,0.0,0.0,0.0,217.8957265924955,218.067138671875,217.1059027860355,219.08790340853844,217.8957265924955,217.57338880313188,217.57338880313188,217.57338880313188,217.515017632701,217.57338880313188,217.57338880313188,217.57338880313188,0,0.0,none,217.57338880313188,217.57338880313188,3.2584894075044986,3.087077328124991,4.048313213964491,2.0663125914615534,3.580827196868114,3.580827196868114,3.580827196868114,3.580827196868114,3.580827196868114,0.0,-0.32233778936361546,0.0,0.0,-0.05837117043088824,0.05837117043088824,0.0,-0.32233778936361546,Peak_Risk_Adjusted_Forecast_MWH,days2to3_peak_risk,raw_bias,none,none,recent_mean+last24_mean+same_hour+hourgroup+global+solar_hourgroup+solar_loss_hourgroup,3.0,5,225.1379764,232.8874282,35,227.46087394285715,255.5824348,-3.9837604000000226,Peak,0,0,0,1,5.0,0.0,0.2,9.9,0.0,167.28803621058788,195.96743345865542,3.2584894075044986,3.2584894075044986,1.4734014419623358,Summer,-0.0,0.0,0.0,2.0,Partly Cloudy,0.0,None,-0.32233778936360524,weighted_fallback,global+hour+season_hour+season_hourgroup_maxtemp+season_hour_maxtemp+season_month_hour_maxtemp+season_cloud_hourgroup+season_solar_hourgroup+temp_cloud_hourgroup,217.515017632701,0.0,217.57338880313188,none,170+,other,1.0,0.0,0.0,0.0,-0.05837117043090089,0.0,,,ar_disabled_or_empty,0.0,,,origin_day_disabled_or_empty,217.57338880313188,0.0,0.0,21.92829313384007,50.60769038190762,1.6191539377517965,5.0,None,207.11851090613288,205.6704864501953,206.3286961198373,208.77336970057954,14.035705093867108,206.54100352825438,14.613212471745612,14.613212471745612,6.6077024151082036,84.3,96.5,0.11,0.0,0.0,0.0,2.0,0.0,none,0.0,0.12678910420680314,11.41101937861228,1.2533,0.35,1.0,206.54100352825438,206.54100352825438,0.0,0.0,none,11.589594475882365,42.90009389437941,217.95202290686666,226.3667237995557,190.32698970169474,198.273554667503,198.19909251790682,203.03969440305312,0.0,190.32698970169474,226.3667237995557,36.03973409786096,18.01986704893048,19.82572027130132,45,2025-05-07 23:00:00-07:00,2025-06-21 23:00:00-07:00,2025-06-23,3.2584894075044986,0.0,-3.2584894075044986,1,0,171.204691,223.981825,208.9235485714286,-4.0,0.4000000000000057,-0.42000000000000004,0.0,0.0,0.0,-11.032385274877498,11.032385274877498,11.032385274877498,4.988548477356407,days2to3,0-2F,35-60pp,0-1.25MW,hot_peak,cloud,3.2584894075044986,3.580827196868114,3.580827196868114,3.580827196868114,3.6391983672990023,3.580827196868114
2025-06-24 14:00:00-07:00,origin_06,2025-06-22 00:00:00-07:00,2025,6,63,3,Days2to7,Summer,6,14,177.00605,89.1,92.8,0.0,18.88682167988745,0.0,0.0,172.34439792786645,170.7550811767578,172.63403507842293,172.34334433445164,170.49198427122104,169.73805481693395,169.73805481693395,169.73805481693395,169.73805481693395,166.73805481693395,169.73805481693395,166.73805481693395,1,-3.0,june_recent_85_93_clear_afternoon_backoff,166.73805481693395,166.73805481693395,4.661652072133535,6.250968823242175,4.372014921577062,4.662705665548344,10.267995183066034,7.267995183066034,10.267995183066034,10.267995183066034,10.267995183066034,-1.8524136566454104,-0.7539294542870891,0.0,0.0,0.0,-3.0,-3.0,-5.6063431109324995,Peak_Risk_Adjusted_Forecast_MWH,days2to3_peak_risk,raw_bias,none,none,recent_mean+last24_mean+same_hour+hourgroup+global+temp_hourgroup+cloud_hourgroup+solar_hourgroup+solar_loss_hourgroup+temp_cloud_hourgroup,3.0,6,181.3284135,197.737137,42,212.1861347857143,238.8469166,-4.322363500000023,Midday,1,0,0,0,4.0,1.1168556345170217,0.21,5.0,0.0,181.5292967077774,165.41816452306776,4.661652072133535,4.661652072133535,2.633611716737103,Summer,-1.852413656645411,0.0,-1.852413656645411,0.0,Clear/Low,4.0,None,-0.7539294542870779,weighted_fallback,global+hour+season_hour+season_hourgroup_maxtemp+season_hour_maxtemp+season_month_hour_maxtemp+season_cloud_hourgroup+season_solar_hourgroup+temp_cloud_hourgroup,169.73805481693395,0.0,169.73805481693395,none,150-170,other,0.7,0.0,0.0,0.0,0.0,0.0,,,ar_disabled_or_empty,0.0,,,origin_day_disabled_or_empty,169.73805481693395,0.0,0.0,6.926233404798694,-9.184898779910952,5.800928941731672,4.0,High,185.68360550756708,182.6890106201172,186.4306808995102,185.36522843092783,-8.677555507567092,184.09314377884536,-7.087093778845372,7.087093778845372,4.003870929183139,91.1,95.2,0.0,19.629013224702053,0.0,0.0,3.0,0.0,none,0.0,0.0,0.0,,,0.0,184.09314377884536,184.09314377884536,0.0,0.0,none,21.232617827980647,7.751803890598609,202.09314377884536,202.09314377884536,166.09314377884536,178.93652098639,183.66655930762906,184.08703634514512,1.0,166.09314377884536,202.09314377884536,36.0,18.0,18.0,45,2025-05-07 23:00:00-07:00,2025-06-21 23:00:00-07:00,2025-06-24,4.661652072133535,0.0,-4.661652072133535,1,0,178.926058,164.56965,176.9941055714286,2.0,2.4000000000000057,0.0,0.7421915448146024,0.0,0.0,17.355088961911406,-17.355088961911406,-3.1809014042206627,-1.7970580125485331,days2to3,2-5F,0-20pp,0-1.25MW,normal,temp_moderate,6.514065728778945,7.267995183066034,7.267995183066034,7.267995183066034,7.267995183066034,10.267995183066034
2025-06-24 15:00:00-07:00,origin_06,2025-06-22 00:00:00-07:00,2025,6,64,3,Days2to7,Summer,6,15,195.947066,91.9,92.8,0.0,14.607713752654908,0.0,0.0,189.41589295877856,189.45501708984375,188.47919596202084,190.8766670590934,187.93842442459123,187.16209571366727,187.16209571366727,187.16209571366727,187.16209571366727,184.16209571366727,187.16209571366727,184.16209571366727,1,-3.0,june_recent_85_93_clear_afternoon_backoff,184.16209571366727,184.16209571366727,6.53117304122145,6.492048910156257,7.467870037979168,5.070398940906614,11.784970286332737,8.784970286332737,11.784970286332737,11.784970286332737,11.784970286332737,-1.4774685341873237,-0.7763287109239627,0.0,0.0,0.0,-3.0,-3.0,-5.253797245111286,Peak_Risk_Adjusted_Forecast_MWH,days2to3_peak_risk,raw_bias,none,none,recent_mean+last24_mean+same_hour+hourgroup+global+temp_hourgroup+cloud_hourgroup+solar_hourgroup+solar_loss_hourgroup+temp_cloud_hourgroup,3.0,6,201.86642183333333,216.4522745,42,212.1861347857143,238.8469166,-5.919355833333327,Midday,1,0,0,0,4.0,1.2957215106317699,0.16,5.9,0.0,201.46984268245612,181.25335062496922,6.53117304122145,6.53117304122145,3.3331313270194363,Summer,-1.4774685341873197,0.0,-1.4774685341873197,0.0,Clear/Low,3.0,None,-0.7763287109239614,weighted_fallback,global+hour+season_hour+season_hourgroup_maxtemp+season_hour_maxtemp+season_month_hour_maxtemp+season_cloud_hourgroup+season_solar_hourgroup+temp_cloud_hourgroup,187.16209571366727,0.0,187.16209571366727,none,170+,other,0.7,0.0,0.0,0.0,0.0,0.0,,,ar_disabled_or_empty,0.0,,,origin_day_disabled_or_empty,187.16209571366727,0.0,0.0,8.162542333809341,-12.053949723677562,6.014364249951432,4.0,Medium-High,202.7398271203088,203.13198852539062,202.97180990038152,202.26323663588548,-6.792761120308796,201.13957356817951,-5.192507568179508,5.192507568179508,2.6499542321187435,93.3,95.2,0.0,15.261552468658017,0.0,0.0,3.0,0.0,none,0.0,0.0,0.0,,,0.0,201.13957356817951,201.13957356817951,0.0,0.0,none,22.73783735140242,6.887881432965713,219.13957356817951,219.13957356817951,183.13957356817951,195.0490852031516,197.22104154459203,201.0087686091403,1.0,183.13957356817951,219.13957356817951,36.0,18.0,18.0,45,2025-05-07 23:00:00-07:00,2025-06-21 23:00:00-07:00,2025-06-24,6.53117304122145,0.0,-6.53117304122145,1,0,198.225441,182.742916,197.23565785714285,1.3999999999999915,2.4000000000000057,0.0,0.6538387160031096,0.0,0.0,16.977477854512244,-16.977477854512244,-6.592462718153229,-3.3644100178326877,days2to3,2-5F,0-20pp,0-1.25MW,normal,temp_moderate,8.008641575408774,8.784970286332737,8.784970286332737,8.784970286332737,8.784970286332737,11.784970286332737
2025-06-24 16:00:00-07:00,origin_06,2025-06-22 00:00:00-07:00,2025,6,65,3,Days2to7,Summer,6,16,215.393125,92.8,92.8,0.0,9.201570062163281,0.0,0.0,207.39130842684688,207.9378662109375,207.16975609005803,207.58330273206053,207.39130842684688,206.49036071193098,206.49036071193098,206.49036071193098,206.49036071193098,203.49036071193098,206.49036071193098,203.49036071193098,1,-3.0,june_recent_85_93_clear_afternoon_backoff,203.49036071193098,203.49036071193098,8.001816573153121,7.455258789062498,8.223368909941968,7.809822267939467,11.902764288069022,8.902764288069022,11.902764288069022,11.902764288069022,11.902764288069022,0.0,-0.9009477149159011,0.0,0.0,0.0,-3.0,-3.0,-3.900947714915901,Peak_Risk_Adjusted_Forecast_MWH,days2to3_peak_risk,raw_bias,none,none,recent_mean+last24_mean+same_hour+hourgroup+global+temp_hourgroup+cloud_hourgroup+solar_hourgroup+solar_loss_hourgroup+temp_cloud_hourgroup,3.0,6,217.42522900000003,237.9150125,42,212.1861347857143,238.8469166,-2.0321040000000323,Peak,1,0,0,1,4.0,1.35,0.14,6.7,0.0,220.3993121051237,197.12630364626668,8.001816573153121,8.001816573153121,3.7149823482774216,Summer,-0.0,0.0,0.0,0.0,Clear/Low,2.0,None,-0.900947714915913,weighted_fallback,global+hour+season_hour+season_hourgroup_maxtemp+season_hour_maxtemp+season_month_hour_maxtemp+season_cloud_hourgroup+season_solar_hourgroup+temp_cloud_hourgroup,206.49036071193098,0.0,206.49036071193098,none,170+,other,0.7,0.0,0.0,0.0,0.0,0.0,,,ar_disabled_or_empty,0.0,,,origin_day_disabled_or_empty,206.49036071193098,0.0,0.0,10.265004780580199,-13.008003678276822,5.526065090549674,4.0,Medium-Low,219.85424605065464,219.6219482421875,220.30200178279887,219.21700070256153,-4.46112105065464,219.81493204925656,-4.421807049256557,4.421807049256557,2.052900736389129,94.3,95.2,0.0,9.641350984251968,0.0,0.0,3.0,0.4693333333333334,weather_uncertainty_peak_hedge,0.0,0.4693333333333334,22.0,2.406336,0.35,1.0,219.81493204925656,219.81493204925656,0.0,0.0,none,23.680956971841397,3.636962492043864,241.34559871592322,241.34559871592322,197.34559871592322,211.74730526289642,211.32715111399435,219.04205271913307,1.0,197.34559871592322,241.34559871592322,44.0,22.0,22.0,45,2025-05-07 23:00:00-07:00,2025-06-21 23:00:00-07:00,2025-06-24,8.001816573153121,0.0,-8.001816573153121,1,0,217.453166,200.369225,213.16646514285716,1.5,2.4000000000000057,0.0,0.439780922088687,0.0,0.0,16.32457133732558,-16.32457133732558,-7.480957238812465,-3.4731643541605446,days2to3,2-5F,0-20pp,0-1.25MW,hot_peak,temp_moderate,8.001816573153121,8.902764288069022,8.902764288069022,8.902764288069022,8.902764288069022,11.902764288069022
2025-06-24 17:00:00-07:00,origin_06,2025-06-22 00:00:00-07:00,2025,6,66,3,Days2to7,Summer,6,17,228.267708,92.3,92.8,0.0,3.9167019561815537,0.0,0.0,220.92511020682167,220.05926513671875,222.09416324270205,219.33541117046764,220.92511020682167,220.04682553371498,220.04682553371498,220.04682553371498,220.04682553371498,217.04682553371498,220.04682553371498,217.04682553371498,1,-3.0,june_recent_85_93_clear_afternoon_backoff,217.04682553371498,217.04682553371498,7.342597793178328,8.208442863281249,6.173544757297947,8.932296829532362,11.220882466285019,8.220882466285019,11.220882466285019,11.220882466285019,11.220882466285019,0.0,-0.8782846731066911,0.0,0.0,0.0,-3.0,-3.0,-3.878284673106691,Peak_Risk_Adjusted_Forecast_MWH,days2to3_peak_risk,raw_bias,none,none,recent_mean+last24_mean+same_hour+hourgroup+global+temp_hourgroup+cloud_hourgroup+solar_hourgroup+solar_loss_hourgroup+temp_cloud_hourgroup,3.0,6,228.21603283333332,250.44381600000003,42,212.1861347857143,238.8469166,0.05167516666668348,Peak,1,0,0,1,4.0,1.35,0.14,8.3,0.0,235.79685688703051,208.97705078171796,7.342597793178328,7.342597793178328,3.216660760959815,Summer,-0.0,0.0,0.0,0.0,Clear/Low,1.0,None,-0.8782846731066772,weighted_fallback,global+hour+season_hour+season_hourgroup_maxtemp+season_hour_maxtemp+season_month_hour_maxtemp+season_cloud_hourgroup+season_solar_hourgroup+temp_cloud_hourgroup,220.04682553371498,0.0,220.04682553371498,none,170+,other,0.7,0.0,0.0,0.0,0.0,0.0,,,ar_disabled_or_empty,0.0,,,origin_day_disabled_or_empty,220.04682553371498,0.0,0.0,11.948059425103708,-14.871746680208844,4.915667907913203,4.0,Medium-Low,234.9852108892638,233.5349578857422,234.57458357671766,236.04484038141396,-6.7175028892638124,234.50239233766644,-6.234684337666437,6.234684337666437,2.7313036926214886,95.2,95.2,0.0,4.1151637542593065,0.0,0.0,3.0,0.0,none,0.0,0.3981074692000505,18.661287618752368,2.406336,0.35,1.0,234.50239233766644,234.50239233766644,0.0,0.0,none,27.277356333342027,3.9029011880725477,253.1636799564188,256.50239233766644,212.50239233766644,221.1256006148936,221.7021198836113,232.81106145232823,1.0,212.50239233766644,256.50239233766644,44.0,22.0,22.0,45,2025-05-07 23:00:00-07:00,2025-06-21 23:00:00-07:00,2025-06-24,7.342597793178328,0.0,-7.342597793178328,1,0,231.863358,211.377175,224.3495162857143,2.9000000000000057,2.4000000000000057,0.0,0.19846179807775277,0.0,0.0,17.455566803951456,-17.455566803951456,-4.986198128618582,-2.184364215291714,days2to3,2-5F,0-20pp,0-1.25MW,hot_peak,temp_moderate,7.342597793178328,8.220882466285019,8.220882466285019,8.220882466285019,8.220882466285019,11.220882466285019
2025-06-24 18:00:00-07:00,origin_06,2025-06-22 00:00:00-07:00,2025,6,67,3,Days2to7,Summer,6,18,228.357125,89.5,92.8,0.0,1.3561075004817064e-15,0.0,0.0,224.51399903060286,224.26324462890625,225.55348384615183,222.9521670066535,224.51399903060286,223.56776544772896,223.56776544772896,223.56776544772896,223.56776544772896,223.56776544772896,223.56776544772896,223.56776544772896,0,0.0,none,223.56776544772896,223.56776544772896,3.8431259693971356,4.093880371093746,2.8036411538481616,5.4049579933465,4.789359552271037,4.789359552271037,4.789359552271037,4.789359552271037,4.789359552271037,0.0,-0.9462335828739015,0.0,0.0,0.0,0.0,0.0,-0.9462335828739015,Peak_Risk_Adjusted_Forecast_MWH,days2to3_peak_risk,raw_bias,none,none,recent_mean+last24_mean+same_hour+hourgroup+global+temp_hourgroup+cloud_hourgroup+solar_hourgroup+solar_loss_hourgroup+temp_cloud_hourgroup,3.0,6,229.20848866666665,253.0272705,42,212.1861347857143,238.8469166,-0.8513636666666571,Peak,1,0,0,1,4.0,1.35,0.18,7.8,0.0,238.25258231361653,211.73950002361852,3.8431259693971356,3.8431259693971356,1.6829455045018347,Summer,-0.0,0.0,0.0,0.0,Clear/Low,0.0,None,-0.9462335828738976,weighted_fallback,global+hour+season_hour+season_hourgroup_maxtemp+season_hour_maxtemp+season_month_hour_maxtemp+season_cloud_hourgroup+season_solar_hourgroup+temp_cloud_hourgroup,223.56776544772896,0.0,223.56776544772896,none,170+,other,0.7,0.0,0.0,0.0,0.0,0.0,,,ar_disabled_or_empty,0.0,,,origin_day_disabled_or_empty,223.56776544772896,0.0,0.0,12.774499006984342,-13.738583283013668,2.097311197218408,4.0,Low,239.91372635195552,236.1175079345703,240.3949291649426,240.2421843365144,-11.556601351955521,239.38881821869566,-11.031693218695665,11.031693218695665,4.83089512477251,93.8,95.2,0.0,1.447251181776811e-15,0.0,0.0,3.0,0.0,none,0.0,0.3269390143503491,15.325266297672613,2.406336,0.35,1.0,239.38881821869566,239.38881821869566,0.0,0.0,none,29.435589554531077,7.233514828985221,254.71408451636827,261.38881821869563,217.38881821869566,222.51548329122966,221.50376986092255,234.85559103853257,1.0,217.38881821869566,261.38881821869563,43.99999999999997,21.999999999999986,22.0,45,2025-05-07 23:00:00-07:00,2025-06-21 23:00:00-07:00,2025-06-24,3.8431259693971356,0.0,-3.8431259693971356,1,0,237.605125,215.127091,227.53481042857143,4.299999999999997,2.4000000000000057,0.0,9.114368129510457e-17,0.0,0.0,15.821052770966702,-15.821052770966702,6.242333666424628,2.733583927554101,days2to3,2-5F,0-20pp,0-1.25MW,hot_peak,temp_moderate,3.8431259693971356,4.789359552271037,4.789359552271037,4.789359552271037,4.789359552271037,4.789359552271037
2025-06-24 19:00:00-07:00,origin_06,2025-06-22 00:00:00-07:00,2025,6,68,3,Days2to7,Summer,6,19,218.415225,85.3,92.8,0.0,0.0,0.0,0.0,214.74183572025674,215.22222900390625,215.06688256050202,214.09379260454295,214.74183572025674,213.86505360851794,213.86505360851794,213.86505360851794,213.86505360851794,213.86505360851794,213.86505360851794,213.86505360851794,0,0.0,none,213.86505360851794,213.86505360851794,3.6733892797432475,3.1929959960937424,3.3483424394979693,4.3214323954570375,4.550171391482053,4.550171391482053,4.550171391482053,4.550171391482053,4.550171391482053,0.0,-0.8767821117388053,0.0,0.0,0.0,0.0,0.0,-0.8767821117388053,Peak_Risk_Adjusted_Forecast_MWH,days2to3_peak_risk,raw_bias,none,none,recent_mean+last24_mean+same_hour+hourgroup+global+temp_hourgroup+cloud_hourgroup+solar_hourgroup+solar_loss_hourgroup+temp_cloud_hourgroup,3.0,6,220.6456066666667,244.2543665,42,212.1861347857143,238.8469166,-2.230381666666716,Peak,1,0,0,1,4.0,0.0,0.25,8.9,0.0,231.76442070102723,207.72254334603562,3.6733892797432475,3.6733892797432475,1.6818375549338411,Summer,-0.0,0.0,0.0,0.0,Clear/Low,0.0,None,-0.8767821117388057,weighted_fallback,global+hour+season_hour+season_hourgroup_maxtemp+season_hour_maxtemp+season_month_hour_maxtemp+season_cloud_hourgroup+season_solar_hourgroup+temp_cloud_hourgroup,213.86505360851794,0.0,213.86505360851794,none,170+,other,1.0,0.0,0.0,0.0,0.0,0.0,,,ar_disabled_or_empty,0.0,,,origin_day_disabled_or_empty,213.86505360851794,0.0,0.0,7.0192923742211235,-17.02258498077049,2.0832665815682274,4.0,None,230.35611029444271,227.65513610839844,230.32354778295132,231.17898686565616,-11.940885294442722,229.90689945102287,-11.491674451022874,11.491674451022874,5.261388921501637,89.8,95.2,0.0,0.0,0.0,0.0,3.0,0.0,none,0.0,0.26951550752942666,12.633539415441874,2.406336,0.35,1.0,229.90689945102287,229.90689945102287,0.0,0.0,none,24.664054719111903,9.108023868311562,242.54043886646474,251.90689945102287,207.90689945102287,213.20692967077338,212.09598252884436,226.00151772406778,1.0,207.90689945102287,251.90689945102287,44.0,22.0,22.0,45,2025-05-07 23:00:00-07:00,2025-06-21 23:00:00-07:00,2025-06-24,3.6733892797432475,0.0,-3.6733892797432475,1,0,233.494275,208.016725,220.79061414285712,4.5,2.4000000000000057,0.0,0.0,0.0,0.0,16.041845842504927,-16.041845842504927,6.941503059540821,3.17812233993341,days2to3,2-5F,0-20pp,0-1.25MW,hot_peak,temp_moderate,3.6733892797432475,4.550171391482053,4.550171391482053,4.550171391482053,4.550171391482053,4.550171391482053
2025-06-24 20:00:00-07:00,origin_06,2025-06-22 00:00:00-07:00,2025,6,69,3,Days2to7,Summer,6,20,202.034491,79.4,92.8,0.0,0.0,0.0,0.0,200.60800172114915,201.1708984375,201.29039562735102,199.37484080673158,200.60800172114915,199.60244098788243,199.60244098788243,199.60244098788243,199.60244098788243,199.60244098788243,199.60244098788243,199.60244098788243,0,0.0,none,199.60244098788243,199.60244098788243,1.4264892788508519,0.8635925625000027,0.7440953726489852,2.659650193268419,2.432050012117571,2.432050012117571,2.432050012117571,2.432050012117571,2.432050012117571,0.0,-1.0055607332667194,0.0,0.0,0.0,0.0,0.0,-1.0055607332667194,Peak_Risk_Adjusted_Forecast_MWH,days2to3_peak_risk,raw_bias,none,none,recent_mean+last24_mean+same_hour+hourgroup+global+temp_hourgroup+cloud_hourgroup+solar_hourgroup+solar_loss_hourgroup+temp_cloud_hourgroup,3.0,6,206.612751,227.165933,42,212.1861347857143,238.8469166,-4.57826,Peak,1,0,0,1,4.0,0.0,0.32,8.3,0.0,217.8957265924955,197.76186468615475,1.4264892788508519,1.4264892788508519,0.7060622529302939,Summer,-0.0,0.0,0.0,0.0,Clear/Low,0.0,None,-1.005560733266724,weighted_fallback,global+hour+season_hour+season_hourgroup_maxtemp+season_hour_maxtemp+season_month_hour_maxtemp+season_cloud_hourgroup+season_solar_hourgroup+temp_cloud_hourgroup,199.60244098788243,0.0,199.60244098788243,none,170+,other,1.0,0.0,0.0,0.0,0.0,0.0,,,ar_disabled_or_empty,0.0,,,origin_day_disabled_or_empty,199.60244098788243,0.0,0.0,2.846137034994399,-17.28772487134634,1.2037796121245314,4.0,None,214.33564829233666,215.17654418945312,212.5655269568236,216.87701156325247,-12.301157292336654,213.82351977129503,-11.789028771295023,11.789028771295023,5.835156518544659,84.3,95.2,0.0,0.0,0.0,0.0,3.0,0.0,none,0.0,0.24762775683426055,11.607551101605964,2.406336,0.35,1.0,213.82351977129503,213.82351977129503,0.0,0.0,none,18.551902875495756,7.217137386203774,225.431070872901,235.82351977129503,195.7924239640624,202.39328154774958,200.79748314531352,210.2510959772621,1.0,195.7924239640624,235.82351977129503,40.03109580723262,20.01554790361631,22.0,45,2025-05-07 23:00:00-07:00,2025-06-21 23:00:00-07:00,2025-06-24,1.4264892788508519,0.0,-1.4264892788508519,1,0,221.154216,195.717775,208.51960442857143,4.8999999999999915,2.4000000000000057,0.0,0.0,0.0,0.0,14.221078783412594,-14.221078783412594,9.356978759177451,4.631376906420128,days2to3,2-5F,0-20pp,0-1.25MW,hot_peak,temp_moderate,1.4264892788508519,2.432050012117571,2.432050012117571,2.432050012117571,2.432050012117571,2.432050012117571
2025-06-25 14:00:00-07:00,origin_06,2025-06-22 00:00:00-07:00,2025,6,87,4,Days2to7,Summer,6,14,169.441275,88.1,94.4,0.0,18.90635303632994,0.0,0.0,164.48870325155798,162.8574981689453,163.7155748300308,166.16967793756146,163.03223765432202,162.27830820003493,162.27830820003493,162.27830820003493,162.27830820003493,162.27830820003493,162.27830820003493,162.27830820003493,0,0.0,none,162.27830820003493,162.27830820003493,4.952571748442011,6.583776831054678,5.725700169969201,3.2715970624385307,7.162966799965062,7.162966799965062,7.162966799965062,7.162966799965062,7.162966799965062,-1.4564655972359617,-0.7539294542870891,0.0,0.0,0.0,0.0,0.0,-2.210395051523051,Recent_Corrected_Forecast_MWH,days4to7_recent_corrected,raw_bias,none,none,recent_mean+last24_mean+same_hour+hourgroup+global+temp_hourgroup+cloud_hourgroup+solar_hourgroup+solar_loss_hourgroup+temp_cloud_hourgroup,3.0,6,181.3284135,197.737137,42,212.1861347857143,238.8469166,-11.88713850000002,Midday,2,0,0,0,4.0,1.1182132060043664,0.24,3.7,0.0,172.34439792786645,163.22567022704862,4.952571748442011,4.952571748442011,2.9228839008925136,Summer,-1.4564655972359615,0.0,-1.4564655972359615,0.0,Clear/Low,4.0,None,-0.7539294542870779,weighted_fallback,global+hour+season_hour+season_hourgroup_maxtemp+season_hour_maxtemp+season_month_hour_maxtemp+season_cloud_hourgroup+season_solar_hourgroup+temp_cloud_hourgroup,162.27830820003493,0.0,162.27830820003493,none,150-170,other,0.7,0.0,0.0,0.0,0.0,0.0,,,ar_disabled_or_empty,0.0,,,origin_day_disabled_or_empty,162.27830820003493,0.0,0.0,1.2630330245093546,-7.855694676308474,4.227403742072327,4.0,High,187.91640181087823,188.23570251464844,188.5112365095139,186.89043279765926,-18.475126810878237,186.06352000136107,-16.62224500136108,16.62224500136108,9.810033004863238,90.6,95.4,0.0,20.000108997109358,0.0,0.0,4.0,0.0,none,0.0,0.0,0.0,,,0.0,186.06352000136107,186.06352000136107,0.0,0.0,none,23.7523073444965,2.2327963033111473,204.06352000136107,204.06352000136107,168.06352000136107,180.639215811369,183.8800661739756,185.98671144486647,1.0,168.06352000136107,204.06352000136107,36.0,18.0,18.0,45,2025-05-07 23:00:00-07:00,2025-06-21 23:00:00-07:00,2025-06-25,4.952571748442011,0.0,-4.952571748442011,1,0,177.00605,180.4555,178.77073414285718,2.5,1.0,0.0,1.0937559607794185,0.0,0.0,23.78521180132614,-23.78521180132614,9.459278201396017,5.58262926279091,days4to7,0-2F,0-20pp,0-1.25MW,normal,low_weather_error,6.409037345677973,7.162966799965062,7.162966799965062,7.162966799965062,7.162966799965062,7.162966799965062
2025-06-25 15:00:00-07:00,origin_06,2025-06-22 00:00:00-07:00,2025,6,88,4,Days2to7,Summer,6,15,192.388391,91.6,94.4,0.0,14.6715028956796,0.0,0.0,184.1358437798164,184.697021484375,182.885747130004,185.939944885362,182.86251601443743,182.08618730351347,182.08618730351347,182.08618730351347,182.08618730351347,182.08618730351347,182.08618730351347,182.08618730351347,0,0.0,none,182.08618730351347,182.08618730351347,8.252547220183601,7.691369515625013,9.502643869996007,6.448446114638017,10.302203696486544,10.302203696486544,10.302203696486544,10.302203696486544,10.302203696486544,-1.2733277653789798,-0.7763287109239627,0.0,0.0,0.0,0.0,0.0,-2.0496564763029426,Recent_Corrected_Forecast_MWH,days4to7_recent_corrected,raw_bias,none,none,recent_mean+last24_mean+same_hour+hourgroup+global+temp_hourgroup+cloud_hourgroup+solar_hourgroup+solar_loss_hourgroup+temp_cloud_hourgroup,3.0,6,201.86642183333333,216.4522745,42,212.1861347857143,238.8469166,-9.478030833333321,Midday,2,0,0,0,4.0,1.3016155145063002,0.2,4.1,0.0,189.41589295877856,178.64843776193757,8.252547220183601,8.252547220183601,4.28952452759148,Summer,-1.2733277653789838,0.0,-1.2733277653789838,0.0,Clear/Low,3.0,None,-0.7763287109239614,weighted_fallback,global+hour+season_hour+season_hourgroup_maxtemp+season_hour_maxtemp+season_month_hour_maxtemp+season_cloud_hourgroup+season_solar_hourgroup+temp_cloud_hourgroup,182.08618730351347,0.0,182.08618730351347,none,170+,other,0.7,0.0,0.0,0.0,0.0,0.0,,,ar_disabled_or_empty,0.0,,,origin_day_disabled_or_empty,182.08618730351347,0.0,0.0,5.48740601787884,-5.280049178962145,5.354898828841779,4.0,Medium-High,206.4673252530209,206.54925537109375,206.54749656419713,206.31793315886603,-14.07893425302089,204.5554539551022,-12.167062955102182,12.167062955102182,6.324218884445154,93.1,95.4,0.0,15.580498183781488,0.0,0.0,4.0,0.0,none,0.0,0.0,0.0,,,0.0,204.5554539551022,204.5554539551022,0.0,0.0,none,27.166829181213274,3.7274981327120997,222.5554539551022,222.5554539551022,186.5554539551022,197.56689533914317,199.48138784575923,204.48960204504777,1.0,186.5554539551022,222.5554539551022,36.0,18.0,18.0,45,2025-05-07 23:00:00-07:00,2025-06-21 23:00:00-07:00,2025-06-25,8.252547220183601,0.0,-8.252547220183601,1,0,195.947066,202.782825,199.121965,1.5,1.0,0.0,0.9089952881018881,0.0,0.0,22.469266651588725,-22.469266651588725,1.8648592586156383,0.9693200556033748,days4to7,0-2F,0-20pp,0-1.25MW,normal,low_weather_error,9.52587498556258,10.302203696486544,10.302203696486544,10.302203696486544,10.302203696486544,10.302203696486544
2025-06-25 16:00:00-07:00,origin_06,2025-06-22 00:00:00-07:00,2025,6,89,4,Days2to7,Summer,6,16,215.805191,93.6,94.4,0.0,9.224122929962702,0.0,0.0,205.4405629417071,204.79525756835938,203.98853641784277,207.90669187159324,205.4405629417071,204.5396152267912,204.5396152267912,204.7415073814323,204.7415073814323,204.7415073814323,204.7415073814323,204.7415073814323,0,0.0,none,204.7415073814323,204.7415073814323,10.364628058292908,11.009933431640633,11.816654582157241,7.898499128406769,11.063683618567694,11.063683618567694,11.063683618567694,11.063683618567694,11.063683618567694,0.0,-0.9009477149159011,0.0,0.20189215464111498,0.0,0.0,0.0,-0.6990555602747861,Recent_Corrected_Forecast_MWH,days4to7_recent_corrected,raw_bias,none,tree_peak_gap,recent_mean+last24_mean+same_hour+hourgroup+global+temp_hourgroup+cloud_hourgroup+solar_hourgroup+solar_loss_hourgroup+temp_cloud_hourgroup,3.0,6,217.42522900000003,237.9150125,42,212.1861347857143,238.8469166,-1.6200380000000223,Peak,2,0,0,1,4.0,1.35,0.17,5.0,0.0,207.39130842684688,194.17804770724482,10.364628058292908,10.364628058292908,4.802770503464353,Summer,-0.0,0.0,0.0,0.0,Clear/Low,2.0,None,-0.900947714915913,weighted_fallback,global+hour+season_hour+season_hourgroup_maxtemp+season_hour_maxtemp+season_month_hour_maxtemp+season_cloud_hourgroup+season_solar_hourgroup+temp_cloud_hourgroup,204.7415073814323,0.0,204.5396152267912,none,170+,other,0.7,0.0,0.0,0.20189215464112212,0.0,0.0,,,ar_disabled_or_empty,0.0,,,origin_day_disabled_or_empty,204.7415073814323,0.0,0.0,11.262515234462285,-1.9507454851397767,5.126699486375049,4.0,Medium-Low,223.7004997792036,225.79510498046875,224.36033150104248,222.06516273023811,-7.895308779203589,223.76350708934936,-7.958316089349353,7.958316089349353,3.687731538093239,94.0,95.4,0.05,9.866879662246165,0.0,0.0,4.0,0.5716546448771932,weather_uncertainty_peak_hedge,0.0,0.576401114171828,21.981398421807,2.957788,0.35,1.0,223.76350708934936,223.76350708934936,0.0,0.0,none,28.69504697886825,3.846253728548959,245.17325086627918,245.19185244447218,201.19185244447218,212.47146219641263,213.26635766678814,223.0641454797734,1.0,201.19185244447218,245.19185244447218,44.0,22.0,22.0,45,2025-05-07 23:00:00-07:00,2025-06-21 23:00:00-07:00,2025-06-25,10.364628058292908,0.0,-10.364628058292908,1,0,215.393125,223.283575,215.31273657142856,0.4000000000000057,1.0,0.05,0.6427567322834626,0.0,0.0,19.021999707917047,-19.021999707917047,-3.1053675292183414,-1.43896794828181,days4to7,0-2F,0-20pp,0-1.25MW,hot_peak,low_weather_error,10.364628058292908,11.265575773208809,11.265575773208809,11.063683618567694,11.063683618567694,11.063683618567694
2025-06-25 17:00:00-07:00,origin_06,2025-06-22 00:00:00-07:00,2025,6,90,4,Days2to7,Summer,6,17,232.191175,94.4,94.4,0.0,3.9283761795978918,0.0,0.0,220.3603696862026,219.65431213378906,219.12708402954686,222.50012073306542,220.3603696862026,219.4820850130959,219.4820850130959,219.49200465907913,219.49200465907913,219.49200465907913,219.49200465907913,219.49200465907913,0,0.0,none,219.49200465907913,219.49200465907913,11.830805313797384,12.536862866210924,13.064090970453123,9.691054266934572,12.699170340920858,12.699170340920858,12.699170340920858,12.699170340920858,12.699170340920858,0.0,-0.8782846731066911,0.0,0.009919645983217151,0.0,0.0,0.0,-0.868365027123474,Recent_Corrected_Forecast_MWH,days4to7_recent_corrected,raw_bias,none,tree_peak_gap,recent_mean+last24_mean+same_hour+hourgroup+global+temp_hourgroup+cloud_hourgroup+solar_hourgroup+solar_loss_hourgroup+temp_cloud_hourgroup,3.0,6,228.21603283333332,250.44381600000003,42,212.1861347857143,238.8469166,3.9751421666666715,Peak,2,0,0,1,4.0,1.35,0.14,6.0,0.0,220.92511020682167,205.89804152554964,11.830805313797384,11.830805313797384,5.095286379336934,Summer,-0.0,0.0,0.0,0.0,Clear/Low,1.0,None,-0.8782846731066772,weighted_fallback,global+hour+season_hour+season_hourgroup_maxtemp+season_hour_maxtemp+season_month_hour_maxtemp+season_cloud_hourgroup+season_solar_hourgroup+temp_cloud_hourgroup,219.49200465907913,0.0,219.4820850130959,none,170+,other,0.7,0.0,0.0,0.0099196459832271,0.0,0.0,,,ar_disabled_or_empty,0.0,,,origin_day_disabled_or_empty,219.49200465907913,0.0,0.0,14.462328160652959,-0.5647405206190683,5.469273472999505,4.0,Medium-Low,236.98466895898045,234.4431915283203,237.85155413685462,236.34855723108106,-4.793493958980463,236.50185040738307,-4.310675407383087,4.310675407383087,1.856519916135093,95.4,95.4,0.0,4.202720429881845,0.0,0.0,4.0,0.0,none,0.0,0.5225716308319746,19.92857914189733,2.957788,0.35,1.0,236.50185040738307,236.50185040738307,0.0,0.0,none,30.34723784744952,1.9994580697166384,256.4304295492804,258.5018504073831,214.50185040738307,222.52201407570848,221.88332277929587,236.50829756684212,1.0,214.50185040738307,258.5018504073831,44.0,22.0,22.0,45,2025-05-07 23:00:00-07:00,2025-06-21 23:00:00-07:00,2025-06-25,11.830805313797384,0.0,-11.830805313797384,1,0,228.267708,235.254941,226.76244957142856,1.0,1.0,0.0,0.27434425028395326,0.0,0.0,17.009845748303945,-17.009845748303945,-8.388494933537771,-3.612753556864412,days4to7,0-2F,0-20pp,0-1.25MW,hot_peak,low_weather_error,11.830805313797384,12.709089986904075,12.709089986904075,12.699170340920858,12.699170340920858,12.699170340920858
2025-06-25 18:00:00-07:00,origin_06,2025-06-22 00:00:00-07:00,2025,6,91,4,Days2to7,Summer,6,18,238.945041,92.9,94.4,0.0,1.3616313599541372e-15,0.0,0.0,226.89207073244597,224.08609008789062,224.05456710907285,232.15271375333379,226.89207073244597,225.94583714957207,225.94583714957207,227.709619281641,227.709619281641,227.709619281641,227.709619281641,227.709619281641,0,0.0,none,227.709619281641,227.709619281641,12.05297026755403,14.858950912109378,14.890473890927154,6.792327246666218,11.235421718358992,11.235421718358992,11.235421718358992,11.235421718358992,11.235421718358992,0.0,-0.9462335828739015,0.0,1.7637821320689397,0.0,0.0,0.0,0.8175485491950383,Recent_Corrected_Forecast_MWH,days4to7_recent_corrected,raw_bias,none,tree_peak_gap,recent_mean+last24_mean+same_hour+hourgroup+global+temp_hourgroup+cloud_hourgroup+solar_hourgroup+solar_loss_hourgroup+temp_cloud_hourgroup,3.0,6,229.20848866666665,253.0272705,42,212.1861347857143,238.8469166,9.73655233333335,Peak,2,0,0,1,4.0,1.35,0.16,5.8,0.0,224.51399903060286,208.73482488513324,12.05297026755403,12.05297026755403,5.044243737853522,Summer,-0.0,0.0,0.0,0.0,Clear/Low,0.0,None,-0.9462335828738976,weighted_fallback,global+hour+season_hour+season_hourgroup_maxtemp+season_hour_maxtemp+season_month_hour_maxtemp+season_cloud_hourgroup+season_solar_hourgroup+temp_cloud_hourgroup,227.709619281641,0.0,225.94583714957207,none,170+,other,0.7,0.0,0.0,1.7637821320689426,0.0,0.0,,,ar_disabled_or_empty,0.0,,,origin_day_disabled_or_empty,227.709619281641,0.0,0.0,18.157245847312737,2.378071701843112,4.70209453660894,4.0,Low,240.19059076532216,241.57949829101562,240.14579118939915,239.8641593772887,-1.2455497653221528,239.74224065176702,-0.7971996517670163,0.7971996517670163,0.3336330598997517,94.0,95.4,0.0,1.494203987292471e-15,0.0,0.0,4.0,0.0765580197047332,weather_uncertainty_peak_hedge,0.0,0.5302634836521807,20.221912512159435,2.957788,0.35,1.0,239.74224065176702,239.74224065176702,0.0,0.0,none,30.517168060475484,0.2768644133666385,259.88759514422173,261.66568263206227,217.6656826320623,221.8936783471652,221.14763110483636,239.07736087633347,1.0,217.6656826320623,261.66568263206227,43.99999999999997,21.999999999999986,22.0,45,2025-05-07 23:00:00-07:00,2025-06-21 23:00:00-07:00,2025-06-25,12.05297026755403,0.0,-12.05297026755403,1,0,228.357125,239.246025,229.4248152857143,1.0999999999999943,1.0,0.0,1.3257262733833383e-16,0.0,0.0,12.032621370126009,-12.032621370126009,-10.438222066591976,-4.3684614767091885,days4to7,0-2F,0-20pp,0-1.25MW,hot_peak,low_weather_error,12.05297026755403,12.999203850427932,12.999203850427932,11.235421718358992,11.235421718358992,11.235421718358992
2025-06-25 19:00:00-07:00,origin_06,2025-06-22 00:00:00-07:00,2025,6,92,4,Days2to7,Summer,6,19,235.124841,91.3,94.4,0.0,0.0,0.0,0.0,222.98105339349218,219.20123291015625,222.6488180989461,224.58308613730344,222.98105339349218,222.10427128175337,222.10427128175337,222.10427128175337,222.10427128175337,222.10427128175337,222.10427128175337,222.10427128175337,0,0.0,none,222.10427128175337,222.10427128175337,12.143787606507829,15.923608089843754,12.47602290105391,10.541754862696564,13.020569718246634,13.020569718246634,13.020569718246634,13.020569718246634,13.020569718246634,0.0,-0.8767821117388053,0.0,0.0,0.0,0.0,0.0,-0.8767821117388053,Recent_Corrected_Forecast_MWH,days4to7_recent_corrected,raw_bias,none,none,recent_mean+last24_mean+same_hour+hourgroup+global+temp_hourgroup+cloud_hourgroup+solar_hourgroup+solar_loss_hourgroup+temp_cloud_hourgroup,3.0,6,220.6456066666667,244.2543665,42,212.1861347857143,238.8469166,14.479234333333295,Peak,2,0,0,1,4.0,0.0,0.16,6.8,0.0,214.74183572025674,204.05221630607232,12.143787606507829,12.143787606507829,5.164825441182469,Summer,-0.0,0.0,0.0,0.0,Clear/Low,0.0,None,-0.8767821117388057,weighted_fallback,global+hour+season_hour+season_hourgroup_maxtemp+season_hour_maxtemp+season_month_hour_maxtemp+season_cloud_hourgroup+season_solar_hourgroup+temp_cloud_hourgroup,222.10427128175337,0.0,222.10427128175337,none,170+,other,1.0,0.0,0.0,0.0,0.0,0.0,,,ar_disabled_or_empty,0.0,,,origin_day_disabled_or_empty,222.10427128175337,0.0,0.0,18.92883708741985,8.23921767323543,5.537726113016971,4.0,None,234.3435373448392,233.95530700683594,234.82600694934845,233.6962937771827,0.7813036551607979,245.89432650141936,-10.769485501419354,10.769485501419354,4.58032654296164,90.4,95.4,0.0,0.0,0.0,0.0,4.0,0.0,none,0.0,0.35028799889841555,13.358440635956526,2.957788,0.35,1.0,233.89432650141936,245.89432650141936,1.0,12.0,june_days4to7_hot_evening_finish_recovery_up,30.09119815601659,3.987427050396491,247.25276713737588,255.89432650141936,211.89432650141936,214.34280828887157,213.26729984957893,233.343113272909,1.0,211.89432650141936,255.89432650141936,44.0,22.0,22.0,45,2025-05-07 23:00:00-07:00,2025-06-21 23:00:00-07:00,2025-06-25,12.143787606507829,0.0,-12.143787606507829,1,0,218.415225,234.068958,222.27611414285712,-0.8999999999999915,1.0,0.0,0.0,0.0,0.0,23.790055219665987,-23.790055219665987,-2.25108421682728,-0.9573995700553308,days4to7,0-2F,0-20pp,0-1.25MW,hot_peak,low_weather_error,12.143787606507829,13.020569718246634,13.020569718246634,13.020569718246634,13.020569718246634,13.020569718246634
2025-06-25 20:00:00-07:00,origin_06,2025-06-22 00:00:00-07:00,2025,6,93,4,Days2to7,Summer,6,20,218.499716,86.6,94.4,0.0,0.0,0.0,0.0,211.87609174768292,210.63858032226562,210.74427790139728,214.00823105625096,211.87609174768292,210.8705310144162,210.8705310144162,210.94626603742532,210.94626603742532,210.94626603742532,210.94626603742532,210.94626603742532,0,0.0,none,210.94626603742532,210.94626603742532,6.623624252317086,7.8611356777343815,7.755438098602724,4.491484943749043,7.553449962574689,7.553449962574689,7.553449962574689,7.553449962574689,7.553449962574689,0.0,-1.0055607332667194,0.0,0.07573502300911628,0.0,0.0,0.0,-0.9298257102576031,Recent_Corrected_Forecast_MWH,days4to7_recent_corrected,raw_bias,none,tree_peak_gap,recent_mean+last24_mean+same_hour+hourgroup+global+temp_hourgroup+cloud_hourgroup+solar_hourgroup+solar_loss_hourgroup+temp_cloud_hourgroup,3.0,6,206.612751,227.165933,42,212.1861347857143,238.8469166,11.886965000000004,Peak,2,0,0,1,4.0,0.0,0.24,7.8,0.0,200.60800172114915,193.92078764631893,6.623624252317086,6.623624252317086,3.0314109206059956,Summer,-0.0,0.0,0.0,0.0,Clear/Low,0.0,None,-1.005560733266724,weighted_fallback,global+hour+season_hour+season_hourgroup_maxtemp+season_hour_maxtemp+season_month_hour_maxtemp+season_cloud_hourgroup+season_solar_hourgroup+temp_cloud_hourgroup,210.94626603742532,0.0,210.8705310144162,none,170+,other,1.0,0.0,0.0,0.07573502300911912,0.0,0.0,,,ar_disabled_or_empty,0.0,,,origin_day_disabled_or_empty,210.94626603742532,0.0,0.0,17.955304101363993,11.26809002653377,3.456960997869072,4.0,None,219.0945702648216,219.3796844482422,219.1755045784362,218.88592657673559,-0.5948542648216062,230.5170628869431,-12.017346886943102,12.017346886943102,5.4999370740340465,85.3,95.4,0.06,0.0,0.0,0.0,4.0,0.0,none,0.0,0.3502755571162148,13.357966161211579,2.957788,0.35,1.0,218.5170628869431,230.5170628869431,1.0,12.0,june_days4to7_hot_evening_finish_recovery_up,25.19080952050402,4.758921972484956,231.8750290481547,240.5170628869431,197.5348061751662,203.61241892604033,203.68533610688473,217.2325819971846,1.0,197.5348061751662,240.5170628869431,42.9822567117769,21.49112835588845,22.0,45,2025-05-07 23:00:00-07:00,2025-06-21 23:00:00-07:00,2025-06-25,6.623624252317086,0.0,-6.623624252317086,1,0,202.034491,222.526383,209.42199242857143,-1.2999999999999972,1.0,0.06,0.0,0.0,0.0,19.57079684951779,-19.57079684951779,4.463896924368413,2.0429760761649747,days4to7,0-2F,0-20pp,0-1.25MW,hot_peak,low_weather_error,6.623624252317086,7.629184985583805,7.629184985583805,7.553449962574689,7.553449962574689,7.553449962574689
2025-06-26 14:00:00-07:00,origin_06,2025-06-22 00:00:00-07:00,2025,6,111,5,Days2to7,Summer,6,14,183.893525,89.1,93.6,0.75,18.789164897675,0.0,0.0,183.95488052665587,184.81024169921875,183.2981042157498,184.7425686802046,182.02368284616395,181.5089653340766,181.40563561591307,181.40563561591307,181.15074732745296,181.15074732745296,181.15074732745296,181.15074732745296,0,0.0,none,181.15074732745296,181.15074732745296,-0.061355526655859194,-0.916716699218739,0.5954207842502228,-0.849043680204602,2.7427776725470494,2.7427776725470494,2.7427776725470494,2.7427776725470494,2.7427776725470494,-1.9311976804919198,-0.5147175120873442,-0.1033297181635362,0.0,-0.25488828846010847,0.0,0.0,-2.8041331992029086,Recent_Corrected_Forecast_MWH,days4to7_recent_corrected,raw_bias+solar_cloud_midday,event_class_hour_loss+weekday_hour_cloud_loss+event_class_hour_temp+hour_cloud_loss+hour_temp_loss+hour_loss+hour_cloud,none,recent_mean+last24_mean+same_hour+hourgroup+global+temp_hourgroup+solar_hourgroup+solar_loss_hourgroup,3.0,6,181.3284135,197.737137,42,212.1861347857143,238.8469166,2.5651115000000004,Midday,3,0,0,0,4.0,1.1115410109486796,0.24,4.0,0.0,164.48870325155798,153.8117099772712,-0.061355526655859194,0.061355526655859194,0.03336470202300989,Summer,-1.0153386697952815,-0.9158590106966426,-1.9311976804919242,3.0,Mostly Cloudy,4.0,None,-0.514717512087347,weighted_fallback,global+hour+season_hour+season_hourgroup_maxtemp+season_hour_maxtemp+season_month_hour_maxtemp+season_cloud_hourgroup+season_solar_hourgroup+temp_cloud_hourgroup,181.15074732745296,0.0,181.5089653340766,none,170+,solar_loss_general,0.7,-0.10332971816353094,-0.10332971816353094,0.0,-0.25488828846012,0.0,,,ar_disabled_or_empty,0.0,,,origin_day_disabled_or_empty,181.40563561591307,0.0,0.0,30.143170549384678,19.46617727509789,1.4915031252715663,4.0,High,189.06912870465743,189.34393310546875,190.87105476738796,186.15901506299193,-5.175603704657419,187.22025918263395,-3.326734182633942,3.326734182633942,1.80905455079723,87.0,93.3,0.06,19.218854739409775,0.0,0.0,5.0,0.0,none,0.0,0.0,0.0,,,0.0,187.22025918263395,187.22025918263395,0.0,0.0,none,30.97218040815025,1.152726893779203,205.22025918263395,205.22025918263395,169.22025918263395,180.70139513441754,182.66991873222486,186.77428039037417,1.0,169.22025918263395,205.22025918263395,36.0,18.0,18.0,45,2025-05-07 23:00:00-07:00,2025-06-21 23:00:00-07:00,2025-06-26,0.0,0.061355526655859194,0.061355526655859194,0,1,169.441275,205.896316,177.19727342857144,-2.0999999999999943,-0.29999999999999716,-0.69,0.4296898417347741,0.0,0.0,6.069511855180991,-6.069511855180991,0.5839565100868924,0.31755142552566346,days4to7,0-2F,60pp+,0-1.25MW,cloudy_solar_loss_midday,cloud,1.8698421538360606,2.3845596659234047,2.487889384086941,2.487889384086941,2.7427776725470494,2.7427776725470494
2025-06-26 15:00:00-07:00,origin_06,2025-06-22 00:00:00-07:00,2025,6,112,5,Days2to7,Summer,6,15,204.577341,91.7,93.6,0.72,14.52797732387404,0.0,0.0,203.8760768876841,204.164794921875,204.8404360181497,202.27816453004073,202.6954813036807,202.15591028662118,202.43085206773318,202.43085206773318,202.23315076020194,202.23315076020194,202.23315076020194,202.23315076020194,0,0.0,none,202.23315076020194,202.23315076020194,0.7012641123158971,0.4125460781249899,-0.2630950181496985,2.2991764699592636,2.3441902397980527,2.3441902397980527,2.3441902397980527,2.3441902397980527,2.3441902397980527,-1.1805955840033846,-0.5395710170595294,0.2749417811120054,0.0,-0.19770130753124704,0.0,0.0,-1.6429261274821556,Recent_Corrected_Forecast_MWH,days4to7_recent_corrected,raw_bias+solar_cloud_midday,event_class_hour_loss+weekday_hour_cloud_loss+hour_cloud_loss+season_hour_cloud_loss+hour_base_loss+hour_temp_loss+hour_loss+hour_cloud,none,recent_mean+last24_mean+same_hour+hourgroup+global+temp_hourgroup+solar_hourgroup+solar_loss_hourgroup,3.0,6,201.86642183333333,216.4522745,42,212.1861347857143,238.8469166,2.710919166666656,Midday,3,0,0,0,4.0,1.289182570611481,0.21,3.7,0.0,184.1358437798164,168.3320678733399,0.7012641123158971,0.7012641123158971,0.34278679588268635,Summer,-0.21975082392274795,-0.9608447600806421,-1.1805955840033902,3.0,Mostly Cloudy,3.0,None,-0.5395710170595194,weighted_fallback,global+hour+season_hour+season_hourgroup_maxtemp+season_hour_maxtemp+season_month_hour_maxtemp+season_cloud_hourgroup+season_solar_hourgroup+temp_cloud_hourgroup,202.23315076020194,0.0,202.15591028662118,none,170+,weekday_late_midday_solar_loss,0.5319999999999999,0.2749417811119939,0.5168078592330714,0.0,-0.19770130753124154,0.0,,,ar_disabled_or_empty,0.0,,,origin_day_disabled_or_empty,202.43085206773318,0.0,0.0,35.5440090143442,19.74023310786768,1.1458699327791404,4.0,Medium-High,206.71779186811,206.3909149169922,207.9949037941047,204.8042951132948,-2.1404508681100083,205.55226284343175,-0.9749218434317584,0.9749218434317584,0.4765541670774568,89.4,93.3,0.06,15.03829046807159,0.0,0.0,5.0,0.0,none,0.0,0.0,0.0,,,0.0,205.55226284343175,205.55226284343175,0.0,0.0,none,34.543454045870845,0.2504666150890955,223.55226284343175,223.55226284343175,187.55226284343175,197.23846329909176,198.22867898503398,205.16901708570558,1.0,187.55226284343175,223.55226284343175,36.0,18.0,18.0,45,2025-05-07 23:00:00-07:00,2025-06-21 23:00:00-07:00,2025-06-26,0.7012641123158971,0.0,-0.7012641123158971,1,0,192.388391,226.221966,197.63704585714285,-2.299999999999997,-0.29999999999999716,-0.6599999999999999,0.5103131441975499,0.0,0.0,3.319112083229811,-3.319112083229811,-1.3692683963662944,-0.6693157657016837,days4to7,0-2F,60pp+,0-1.25MW,cloudy_solar_loss_midday,cloud,1.8818596963192817,2.421430713378811,2.1464889322668057,2.1464889322668057,2.3441902397980527,2.3441902397980527
2025-06-26 16:00:00-07:00,origin_06,2025-06-22 00:00:00-07:00,2025,6,113,5,Days2to7,Summer,6,16,225.793975,93.3,93.6,0.79,9.111358590965601,0.0,0.0,223.31435760553586,223.28192138671875,224.88457334123828,220.856143226237,223.31435760553586,222.66960985668607,223.40059555222692,223.40059555222692,223.34257801902322,223.34257801902322,223.34257801902322,223.34257801902322,0,0.0,none,223.34257801902322,223.34257801902322,2.479617394464128,2.512053613281239,0.9094016587617091,4.93783177376298,2.4513969809767673,2.4513969809767673,2.4513969809767673,2.4513969809767673,2.4513969809767673,0.0,-0.6447477488497952,0.730985695540852,0.0,-0.05801753320369585,0.0,0.0,0.02822041348736093,Recent_Corrected_Forecast_MWH,days4to7_recent_corrected,raw_bias+solar_cloud_midday,event_class_hour_loss+event_class_hour_temp+hour_cloud_loss+season_hour_cloud_loss+hour_base_loss+hour_temp_loss+hour_loss+hour_cloud,none,recent_mean+last24_mean+same_hour+hourgroup+global+temp_hourgroup+solar_hourgroup+solar_loss_hourgroup,3.0,6,217.42522900000003,237.9150125,42,212.1861347857143,238.8469166,8.368745999999959,Peak,3,0,0,1,4.0,1.35,0.19,3.7,0.0,205.4405629417071,183.94874727034582,2.479617394464128,2.479617394464128,1.0981769528899645,Summer,-0.0,-0.0,-0.0,3.0,Mostly Cloudy,2.0,None,-0.6447477488497959,weighted_fallback,global+hour+season_hour+season_hourgroup_maxtemp+season_hour_maxtemp+season_month_hour_maxtemp+season_cloud_hourgroup+season_solar_hourgroup+temp_cloud_hourgroup,223.34257801902322,0.0,222.66960985668607,none,170+,warm_cloud_peak_transition,0.644,0.7309856955408432,1.1350709558087628,0.0,-0.05801753320370615,0.0,,,ar_disabled_or_empty,0.0,,,origin_day_disabled_or_empty,223.40059555222692,0.0,0.0,39.36561033519004,17.87379466382876,1.0856786506268679,4.0,Medium-Low,223.15378849256166,223.840087890625,225.06345934836742,219.9567916054202,2.6401865074383295,223.25750744431244,2.536467555687551,2.536467555687551,1.123354844028744,91.2,93.3,0.06,9.596245248653128,0.0,0.0,5.0,1.0046666666666668,weather_uncertainty_peak_hedge,0.0,1.0046666666666668,22.0,5.151063000000001,0.35,1.0,223.25750744431244,223.25750744431244,0.0,0.0,none,35.769073723768685,-0.546711286641937,244.25284077764576,244.25284077764576,200.25284077764576,213.3000613523328,211.47053096847566,222.21961790616362,1.0,200.25284077764576,244.25284077764576,44.0,22.0,22.0,45,2025-05-07 23:00:00-07:00,2025-06-21 23:00:00-07:00,2025-06-26,2.479617394464128,0.0,-2.479617394464128,1,0,215.805191,243.968666,214.24439600000002,-2.0999999999999943,-0.29999999999999716,-0.73,0.48488665768752703,0.0,0.0,-0.08507057471078383,0.08507057471078383,0.08507057471078383,0.037676193401876126,days4to7,0-2F,60pp+,0-1.25MW,hot_peak,cloud,2.479617394464128,3.1243651433139235,2.3933794477730714,2.3933794477730714,2.4513969809767673,2.4513969809767673
2025-06-26 17:00:00-07:00,origin_06,2025-06-22 00:00:00-07:00,2025,6,114,5,Days2to7,Summer,6,17,240.853175,93.6,93.6,0.82,3.86416795080803,0.0,0.0,237.75195710860154,235.445068359375,239.21627105312805,236.1100034098389,237.75195710860154,237.09281531726253,237.09281531726253,237.09281531726253,237.08555465680732,237.08555465680732,237.08555465680732,237.08555465680732,0,0.0,none,237.08555465680732,237.08555465680732,3.1012178913984485,5.408106640624993,1.6369039468719393,4.743171590161097,3.767620343192675,3.767620343192675,3.767620343192675,3.767620343192675,3.767620343192675,0.0,-0.6591417913390103,0.0,0.0,-0.007260660455216339,0.0,0.0,-0.6664024517942266,Recent_Corrected_Forecast_MWH,days4to7_recent_corrected,raw_bias,none,none,recent_mean+last24_mean+same_hour+hourgroup+global+temp_hourgroup+solar_hourgroup+solar_loss_hourgroup,3.0,6,228.21603283333332,250.44381600000003,42,212.1861347857143,238.8469166,12.637142166666678,Peak,3,0,0,1,4.0,1.35,0.18,3.8,0.0,220.3603696862026,196.08025276643573,3.1012178913984485,3.1012178913984485,1.287596848743409,Summer,-0.0,0.0,0.0,4.0,Overcast,1.0,None,-0.6591417913390171,weighted_fallback,global+hour+season_hour+season_hourgroup_maxtemp+season_hour_maxtemp+season_month_hour_maxtemp+season_cloud_hourgroup+season_solar_hourgroup+temp_cloud_hourgroup,237.08555465680732,0.0,237.09281531726253,none,170+,warm_cloud_peak_transition,0.644,0.0,0.0,0.0,-0.007260660455208004,0.0,,,ar_disabled_or_empty,0.0,,,origin_day_disabled_or_empty,237.09281531726253,0.0,0.0,41.67170434216581,17.391587422398942,1.5642809538187217,4.0,Medium-Low,236.62522825844567,234.1271514892578,238.13957159719212,234.9592820887549,4.2279467415543195,237.05033631641203,3.8028386835879644,3.8028386835879644,1.5789032814651351,93.3,93.3,0.16,4.039281302053107,0.0,0.0,5.0,1.3033927310730553,weather_uncertainty_peak_hedge,0.2987260644063898,1.0046666666666655,21.99999999999997,5.151063000000001,0.35,1.0,237.05033631641203,237.05033631641203,0.0,0.0,none,37.430686009917565,-0.35944070053477617,257.74694358533895,257.74694358533895,214.1329482881713,222.13649671554487,218.84414892923309,236.09819345336854,1.0,214.1329482881713,257.74694358533895,43.61399529716766,21.80699764858383,21.99999999999997,45,2025-05-07 23:00:00-07:00,2025-06-21 23:00:00-07:00,2025-06-26,3.1012178913984485,0.0,-3.1012178913984485,1,0,232.191175,256.344208,226.3247687142857,-0.29999999999999716,-0.29999999999999716,-0.6599999999999999,0.17511335124507665,0.0,0.0,-0.03521834039528926,0.03521834039528926,0.03521834039528926,0.014622327646413323,days4to7,0-2F,60pp+,0-1.25MW,hot_peak,cloud,3.1012178913984485,3.760359682737459,3.760359682737459,3.760359682737459,3.767620343192675,3.767620343192675
2025-06-26 18:00:00-07:00,origin_06,2025-06-22 00:00:00-07:00,2025,6,115,5,Days2to7,Summer,6,18,246.64465,92.5,93.6,0.0,1.34229785180063e-15,0.0,0.0,241.22857276893356,241.83419799804688,242.0438473766904,239.77439117699763,241.22857276893356,240.28233918605966,240.28233918605966,240.28233918605966,240.28233918605966,240.28233918605966,240.28233918605966,240.28233918605966,0,0.0,none,240.28233918605966,240.28233918605966,5.416077231066453,4.810452001953138,4.600802623309619,6.870258823002388,6.362310813940354,6.362310813940354,6.362310813940354,6.362310813940354,6.362310813940354,0.0,-0.9462335828739015,0.0,0.0,0.0,0.0,0.0,-0.9462335828739015,Recent_Corrected_Forecast_MWH,days4to7_recent_corrected,raw_bias,none,none,recent_mean+last24_mean+same_hour+hourgroup+global+temp_hourgroup+cloud_hourgroup+solar_hourgroup+solar_loss_hourgroup+temp_cloud_hourgroup,3.0,6,229.20848866666665,253.0272705,42,212.1861347857143,238.8469166,17.43616133333336,Peak,3,0,0,1,4.0,1.35,0.19,3.4,0.0,226.89207073244597,199.51644341833978,5.416077231066453,5.416077231066453,2.1959029847460516,Summer,-0.0,0.0,0.0,0.0,Clear/Low,0.0,None,-0.9462335828738976,weighted_fallback,global+hour+season_hour+season_hourgroup_maxtemp+season_hour_maxtemp+season_month_hour_maxtemp+season_cloud_hourgroup+season_solar_hourgroup+temp_cloud_hourgroup,240.28233918605966,0.0,240.28233918605966,none,170+,other,0.7,0.0,0.0,0.0,0.0,0.0,,,ar_disabled_or_empty,0.0,,,origin_day_disabled_or_empty,240.28233918605966,0.0,0.0,41.712129350593784,14.336502036487587,2.5795454367002706,4.0,Low,238.79082375630549,240.20028686523438,240.61085948909306,235.5280638593739,7.853826243694527,237.84459017343158,8.800059826568429,8.800059826568429,3.5679102816819372,91.1,93.3,0.14,1.4610608304578874e-15,0.0,0.0,5.0,0.0,none,0.0,0.8798582073537281,19.26696804424222,5.151063000000001,0.35,1.0,237.84459017343158,237.84459017343158,0.0,0.0,none,36.435993942127084,-1.3997670090166707,257.1115582176738,259.8445901734316,216.48679336188144,220.78908623292233,216.36009224149035,237.4367821549065,1.0,216.36009224149035,259.8445901734316,43.484497931941235,21.742248965970617,22.0,45,2025-05-07 23:00:00-07:00,2025-06-21 23:00:00-07:00,2025-06-26,5.416077231066453,0.0,-5.416077231066453,1,0,238.945041,262.967266,229.38181757142857,-1.4000000000000057,-0.29999999999999716,0.14,1.187629786572574e-16,0.0,0.0,-2.4377490126280748,2.4377490126280748,2.4377490126280748,0.9883648449816669,days4to7,0-2F,0-20pp,0-1.25MW,hot_peak,low_weather_error,5.416077231066453,6.362310813940354,6.362310813940354,6.362310813940354,6.362310813940354,6.362310813940354
2025-06-26 19:00:00-07:00,origin_06,2025-06-22 00:00:00-07:00,2025,6,116,5,Days2to7,Summer,6,19,243.015941,91.9,93.6,0.09,0.0,0.0,0.0,237.35973045555326,238.3768768310547,237.52892129959392,236.80324587906034,237.35973045555326,236.48294834381446,236.48294834381446,236.48294834381446,236.48294834381446,236.48294834381446,236.48294834381446,236.48294834381446,0,0.0,none,236.48294834381446,236.48294834381446,5.656210544446736,4.6390641689453105,5.48701970040608,6.212695120939657,6.532992656185542,6.532992656185542,6.532992656185542,6.532992656185542,6.532992656185542,0.0,-0.8767821117388053,0.0,0.0,0.0,0.0,0.0,-0.8767821117388053,Recent_Corrected_Forecast_MWH,days4to7_recent_corrected,raw_bias,none,none,recent_mean+last24_mean+same_hour+hourgroup+global+temp_hourgroup+cloud_hourgroup+solar_hourgroup+solar_loss_hourgroup+temp_cloud_hourgroup,3.0,6,220.6456066666667,244.2543665,42,212.1861347857143,238.8469166,22.37033433333329,Peak,3,0,0,1,4.0,0.0,0.19,3.5,0.0,222.98105339349218,194.8105763622855,5.656210544446736,5.656210544446736,2.3275059739586124,Summer,-0.0,0.0,0.0,0.0,Clear/Low,0.0,None,-0.8767821117388057,weighted_fallback,global+hour+season_hour+season_hourgroup_maxtemp+season_hour_maxtemp+season_month_hour_maxtemp+season_cloud_hourgroup+season_solar_hourgroup+temp_cloud_hourgroup,236.48294834381446,0.0,236.48294834381446,none,170+,other,1.0,0.0,0.0,0.0,0.0,0.0,,,ar_disabled_or_empty,0.0,,,origin_day_disabled_or_empty,236.48294834381446,0.0,0.0,42.54915409326776,14.378677062061087,2.688297989548571,4.0,None,230.55841566233698,228.57275390625,231.62466519124843,229.4502126186439,12.457525337663014,229.68163355059818,13.33430744940182,13.33430744940182,5.487009368410865,87.4,93.3,0.11,0.0,0.0,0.0,5.0,0.0,none,0.0,0.7530350491395783,16.489818594297333,5.151063000000001,0.35,1.0,229.68163355059818,229.68163355059818,0.0,0.0,none,33.92450442425161,-3.785121682502222,246.1714521448955,251.68163355059818,208.42061252466152,212.0326609486479,208.11634960617155,228.07748072088663,1.0,208.11634960617155,251.68163355059818,43.565283944426625,21.782641972213312,22.0,45,2025-05-07 23:00:00-07:00,2025-06-21 23:00:00-07:00,2025-06-26,5.656210544446736,0.0,-5.656210544446736,1,0,235.124841,252.455625,222.42695457142855,-4.5,-0.29999999999999716,0.020000000000000004,0.0,0.0,0.0,-6.801314793216278,6.801314793216278,6.801314793216278,2.798711378862294,days4to7,0-2F,0-20pp,0-1.25MW,hot_peak,low_weather_error,5.656210544446736,6.532992656185542,6.532992656185542,6.532992656185542,6.532992656185542,6.532992656185542
2025-06-26 20:00:00-07:00,origin_06,2025-06-22 00:00:00-07:00,2025,6,117,5,Days2to7,Summer,6,20,230.263458,90.1,93.6,0.06,0.0,0.0,0.0,225.87459299880544,225.06280517578125,225.5008855424178,226.69378695113576,225.87459299880544,224.86903226553872,224.86903226553872,224.86903226553872,224.86903226553872,224.86903226553872,224.86903226553872,224.86903226553872,0,0.0,none,224.86903226553872,224.86903226553872,4.388865001194574,5.200652824218764,4.762572457582223,3.569671048864251,5.394425734461294,5.394425734461294,5.394425734461294,5.394425734461294,5.394425734461294,0.0,-1.0055607332667194,0.0,0.0,0.0,0.0,0.0,-1.0055607332667194,Recent_Corrected_Forecast_MWH,days4to7_recent_corrected,raw_bias,none,none,recent_mean+last24_mean+same_hour+hourgroup+global+temp_hourgroup+cloud_hourgroup+solar_hourgroup+solar_loss_hourgroup+temp_cloud_hourgroup,3.0,6,206.612751,227.165933,42,212.1861347857143,238.8469166,23.65070700000001,Peak,3,0,0,1,4.0,0.0,0.21,3.6,0.0,211.87609174768292,185.42105203884506,4.388865001194574,4.388865001194574,1.9060188878057125,Summer,-0.0,0.0,0.0,0.0,Clear/Low,0.0,None,-1.005560733266724,weighted_fallback,global+hour+season_hour+season_hourgroup_maxtemp+season_hour_maxtemp+season_month_hour_maxtemp+season_cloud_hourgroup+season_solar_hourgroup+temp_cloud_hourgroup,224.86903226553872,0.0,224.86903226553872,none,170+,other,1.0,0.0,0.0,0.0,0.0,0.0,,,ar_disabled_or_empty,0.0,,,origin_day_disabled_or_empty,224.86903226553872,0.0,0.0,40.45354095996038,13.99850125112252,2.3427189799526476,4.0,None,214.59391163922007,216.0994873046875,213.47226548645153,215.92633397486557,15.669546360779947,213.58835090595335,16.675107094046666,16.675107094046666,7.241751356850841,83.5,93.3,0.09,0.0,0.0,0.0,5.0,0.0,none,0.0,0.6631392885268227,14.521298288908525,5.151063000000001,0.35,1.0,213.58835090595335,213.58835090595335,0.0,0.0,none,28.15867528564229,-4.500658625601545,228.10964919486187,235.58835090595335,196.34298443118232,200.6223003147459,198.41294797396998,212.5103721470741,1.0,196.34298443118232,235.58835090595335,39.24536647477103,19.622683237385516,22.0,45,2025-05-07 23:00:00-07:00,2025-06-21 23:00:00-07:00,2025-06-26,4.388865001194574,0.0,-4.388865001194574,1,0,218.499716,233.608725,208.8467542857143,-6.599999999999994,-0.29999999999999716,0.03,0.0,0.0,0.0,-11.280681359585373,11.280681359585373,11.280681359585373,4.899032376898193,days4to7,0-2F,0-20pp,0-1.25MW,hot_peak,low_weather_error,4.388865001194574,5.394425734461294,5.394425734461294,5.394425734461294,5.394425734461294,5.394425734461294
2025-06-27 14:00:00-07:00,origin_06,2025-06-22 00:00:00-07:00,2025,6,135,6,Days2to7,Summer,6,14,231.030066,97.0,99.8,0.0,18.691508115462554,0.0,0.0,232.49521849872139,233.02841186523438,233.17189860097153,231.27952309046736,230.74793437017453,230.39113311703235,230.39113311703235,230.39113311703235,230.39113311703235,230.39113311703235,230.39113311703235,230.39113311703235,0,0.0,none,230.39113311703235,230.39113311703235,-1.4651524987213804,-1.99834586523437,-2.141832600971526,-0.24945709046735942,0.6389328829676515,0.6389328829676515,0.6389328829676515,0.6389328829676515,0.6389328829676515,-1.747284128546852,-0.35680125314218003,0.0,0.0,0.0,0.0,0.0,-2.104085381689032,Recent_Corrected_Forecast_MWH,days4to7_recent_corrected,raw_bias,none,none,recent_mean+last24_mean+same_hour+hourgroup+global+temp_hourgroup+cloud_hourgroup+solar_hourgroup+solar_loss_hourgroup+temp_cloud_hourgroup,3.0,2,201.51762050000002,205.0205769,14,235.2834877857143,255.17763309999998,29.512445499999984,Midday,4,0,0,0,5.0,1.106078540923622,0.17,3.3,0.0,183.95488052665587,153.83039776679348,-1.4651524987213804,1.4651524987213804,0.6341826083888927,Summer,-1.7472841285468457,0.0,-1.7472841285468457,0.0,Clear/Low,4.0,None,-0.35680125314219324,weighted_fallback,global+hour+season_hour+season_hourgroup_maxtemp+season_hour_maxtemp+season_month_hour_maxtemp+season_cloud_hourgroup+season_solar_hourgroup+temp_cloud_hourgroup,230.39113311703235,0.0,230.39113311703235,none,170+,other,0.7,0.0,0.0,0.0,0.0,0.0,,,ar_disabled_or_empty,0.0,,,origin_day_disabled_or_empty,230.39113311703235,0.0,0.0,78.6648207319279,48.540337972065515,0.27655832594864577,5.0,High,182.1625058756639,181.27450561523438,183.3387853965027,180.56778098875424,48.86756012433611,179.6364321860046,51.39363381399539,51.39363381399539,22.24543095356056,88.9,93.0,0.0,19.37510559094969,0.0,0.0,6.0,0.0,none,0.0,0.0,0.0,,,0.0,179.6364321860046,179.6364321860046,0.0,0.0,none,23.31626290706282,-6.906622828993534,197.6364321860046,197.6364321860046,162.24269072361596,171.77719231577868,179.60751689283936,179.59990835076684,1.0,162.24269072361596,197.6364321860046,35.39374146238865,17.696870731194323,18.0,45,2025-05-07 23:00:00-07:00,2025-06-21 23:00:00-07:00,2025-06-27,0.0,1.4651524987213804,1.4651524987213804,0,1,183.893525,178.715283,174.05401757142857,-8.099999999999994,-6.799999999999997,0.0,0.6835974754871366,0.0,0.0,-50.75470093102774,50.75470093102774,50.75470093102774,21.968872627611916,days4to7,5-8F,0-20pp,0-1.25MW,normal,temp,0.28213162982547146,0.6389328829676515,0.6389328829676515,0.6389328829676515,0.6389328829676515,0.6389328829676515
2025-06-27 15:00:00-07:00,origin_06,2025-06-22 00:00:00-07:00,2025,6,136,6,Days2to7,Summer,6,15,250.626316,98.7,99.8,0.0,14.496082752361692,0.0,0.0,252.10013776043638,253.38522338867188,253.32503904628794,249.80812556031657,250.8118236545044,250.42555551952404,250.42555551952404,250.42555551952404,250.42555551952404,250.42555551952404,250.42555551952404,250.42555551952404,0,0.0,none,250.42555551952404,250.42555551952404,-1.4738217604363797,-2.7589073886718722,-2.698723046287938,0.8181904396834341,0.20076048047596373,0.20076048047596373,0.20076048047596373,0.20076048047596373,0.20076048047596373,-1.2883141059319883,-0.38626813498035517,0.0,0.0,0.0,0.0,0.0,-1.6745822409123434,Recent_Corrected_Forecast_MWH,days4to7_recent_corrected,raw_bias,none,none,recent_mean+last24_mean+same_hour+hourgroup+global+temp_hourgroup+cloud_hourgroup+solar_hourgroup+solar_loss_hourgroup+temp_cloud_hourgroup,3.0,2,221.6103285,225.29963850000001,14,235.2834877857143,255.17763309999998,29.015987499999994,Midday,4,0,0,0,5.0,1.2867184895511188,0.15,3.5,0.0,203.8760768876841,169.20937885729475,-1.4738217604363797,1.4738217604363797,0.5880554699756189,Summer,-1.2883141059320018,0.0,-1.2883141059320018,0.0,Clear/Low,3.0,None,-0.38626813498036305,weighted_fallback,global+hour+season_hour+season_hourgroup_maxtemp+season_hour_maxtemp+season_month_hour_maxtemp+season_cloud_hourgroup+season_solar_hourgroup+temp_cloud_hourgroup,250.42555551952404,0.0,250.42555551952404,none,170+,other,0.7,0.0,0.0,0.0,0.0,0.0,,,ar_disabled_or_empty,0.0,,,origin_day_disabled_or_empty,250.42555551952404,0.0,0.0,82.89075890314163,48.22406087275229,0.08010351174613432,5.0,Medium-High,199.67772073384768,200.41151428222656,201.24090764375924,197.01162886159264,50.948595266152324,197.52014678372583,53.10616921627417,53.10616921627417,21.189382688877,91.4,93.0,0.0,15.181816039877154,0.0,0.0,6.0,0.0,none,0.0,0.0,0.0,,,0.0,197.52014678372583,197.52014678372583,0.0,0.0,none,26.22011264473565,-7.04007113426232,215.52014678372583,215.52014678372583,179.52014678372583,186.84853885465407,194.5200666371117,197.37513405524558,1.0,179.52014678372583,215.52014678372583,36.0,18.0,18.0,45,2025-05-07 23:00:00-07:00,2025-06-21 23:00:00-07:00,2025-06-27,0.0,1.4738217604363797,1.4738217604363797,0,1,204.577341,203.398458,194.5449565714286,-7.299999999999997,-6.799999999999997,0.0,0.6857332875154611,0.0,0.0,-52.905408735798204,52.905408735798204,52.905408735798204,21.109279177130865,days4to7,5-8F,0-20pp,0-1.25MW,normal,temp,-0.18550765450439144,0.20076048047596373,0.20076048047596373,0.20076048047596373,0.20076048047596373,0.20076048047596373
2025-06-27 16:00:00-07:00,origin_06,2025-06-22 00:00:00-07:00,2025,6,137,6,Days2to7,Summer,6,16,265.914783,99.6,99.8,0.0,9.122635024865312,0.0,0.0,268.30480122539217,268.40924072265625,269.9193188291987,265.73786227733495,268.30480122539217,267.7961538906607,267.7961538906607,267.7961538906607,267.7961538906607,263.7961538906607,267.7961538906607,263.7961538906607,1,-4.0,june_recent_clear_98_100_peak_backoff,263.7961538906607,263.7961538906607,-2.3900182253921685,-2.49445772265625,-4.004535829198687,0.1769207226650451,2.118629109339281,-1.881370890660719,2.118629109339281,2.118629109339281,2.118629109339281,0.0,-0.5086473347314495,0.0,0.0,0.0,-4.0,-4.0,-4.5086473347314495,Recent_Corrected_Forecast_MWH,days4to7_recent_corrected,raw_bias,none,none,recent_mean+last24_mean+same_hour+hourgroup+global+cloud_hourgroup+solar_hourgroup+solar_loss_hourgroup,3.0,2,240.00802850000002,243.17653850000002,14,235.2834877857143,255.17763309999998,25.906754499999977,Peak,4,0,0,1,5.0,1.35,0.14,3.5,0.0,223.31435760553586,185.63800549970807,-2.3900182253921685,2.3900182253921685,0.8987910331379239,Summer,-0.0,0.0,0.0,0.0,Clear/Low,2.0,None,-0.5086473347314301,weighted_fallback,global+hour+season_hour+season_hourgroup_maxtemp+season_hour_maxtemp+season_month_hour_maxtemp+season_cloud_hourgroup+season_solar_hourgroup+temp_cloud_hourgroup,267.7961538906607,0.0,267.7961538906607,none,170+,other,0.7,0.0,0.0,0.0,0.0,0.0,,,ar_disabled_or_empty,0.0,,,origin_day_disabled_or_empty,267.7961538906607,0.0,0.0,82.6667957256841,44.99044361985631,0.7967323536650766,5.0,Medium-Low,217.49707150849812,219.80169677734375,218.47576268064043,215.30066387546145,48.417711491501876,220.01476366778758,45.90001933221242,45.90001933221242,17.261176236378112,93.0,93.0,0.0,9.675180285951097,0.0,0.0,6.0,3.3055747331365226,weather_uncertainty_peak_hedge,2.159130288692078,1.1464444444444446,22.0,5.8779770000000005,0.35,1.0,220.01476366778758,220.01476366778758,0.0,0.0,none,28.4460369550535,-5.656716984063536,238.70918893465105,238.70918893465105,196.8517651856524,203.19243862076334,208.2539462498817,216.35802005140147,1.0,196.8517651856524,238.70918893465105,41.857423748998656,20.928711874499328,22.0,45,2025-05-07 23:00:00-07:00,2025-06-21 23:00:00-07:00,2025-06-27,0.0,2.3900182253921685,2.3900182253921685,0,1,225.793975,201.754116,211.64801157142855,-6.599999999999994,-6.799999999999997,0.0,0.5525452610857844,0.0,0.0,-43.78139022287314,43.78139022287314,43.78139022287314,16.464443882713034,days4to7,5-8F,0-20pp,0-1.25MW,hot_peak,temp,-2.3900182253921685,-1.881370890660719,-1.881370890660719,-1.881370890660719,-1.881370890660719,2.118629109339281
2025-06-27 17:00:00-07:00,origin_06,2025-06-22 00:00:00-07:00,2025,6,138,6,Days2to7,Summer,6,17,274.532258,99.8,99.8,0.0,3.8700050625161992,0.0,0.0,278.7221700364714,280.1813659667969,279.6511799086005,276.8453842573185,278.7221700364714,278.2393514848741,278.2393514848741,278.2393514848741,278.2393514848741,274.2393514848741,278.2393514848741,274.2393514848741,1,-4.0,june_recent_clear_98_100_peak_backoff,274.2393514848741,274.2393514848741,-4.189912036471412,-5.649107966796862,-5.118921908600498,-2.3131262573185154,0.29290651512593513,-3.707093484874065,0.29290651512593513,0.29290651512593513,0.29290651512593513,0.0,-0.4828185515973473,0.0,0.0,0.0,-4.0,-4.0,-4.482818551597347,Recent_Corrected_Forecast_MWH,days4to7_recent_corrected,raw_bias,none,none,recent_mean+last24_mean+same_hour+hourgroup+global+cloud_hourgroup+solar_hourgroup+solar_loss_hourgroup,3.0,2,252.02222899999998,255.4798122,14,235.2834877857143,255.17763309999998,22.51002900000003,Peak,4,0,0,1,5.0,1.35,0.13,3.3,0.0,237.75195710860154,199.20084192480743,-4.189912036471412,4.189912036471412,1.5262002603976004,Summer,-0.0,0.0,0.0,0.0,Clear/Low,1.0,None,-0.4828185515973674,weighted_fallback,global+hour+season_hour+season_hourgroup_maxtemp+season_hour_maxtemp+season_month_hour_maxtemp+season_cloud_hourgroup+season_solar_hourgroup+temp_cloud_hourgroup,278.2393514848741,0.0,278.2393514848741,none,170+,other,0.7,0.0,0.0,0.0,0.0,0.0,,,ar_disabled_or_empty,0.0,,,origin_day_disabled_or_empty,278.2393514848741,0.0,0.0,79.52132811166399,40.97021292786988,0.10669293191983839,5.0,Medium-Low,222.7159295051278,221.49107360839844,223.25004978927655,222.2265564576739,51.81632849487221,229.8376448320211,44.6946131679789,44.6946131679789,16.280277404770008,89.3,93.0,0.13,4.156023536216492,0.0,0.0,6.0,8.0,weather_uncertainty_peak_hedge,7.0536407899505384,1.1464444444444446,22.0,5.8779770000000005,0.35,1.0,229.8376448320211,229.8376448320211,0.0,0.0,none,20.56175936253601,-13.90929875331787,243.8376448320211,243.8376448320211,206.83720540453166,211.7408160704693,210.84789662597493,222.09964143819195,1.0,206.83720540453166,243.8376448320211,37.000439427489454,18.500219713744727,22.0,45,2025-05-07 23:00:00-07:00,2025-06-21 23:00:00-07:00,2025-06-27,0.0,4.189912036471412,4.189912036471412,0,1,240.853175,201.485991,224.111764,-10.5,-6.799999999999997,0.13,0.28601847370029265,0.0,0.0,-44.401706652852965,44.401706652852965,44.401706652852965,16.17358447285017,days4to7,5-8F,0-20pp,0-1.25MW,hot_peak,temp,-4.189912036471412,-3.707093484874065,-3.707093484874065,-3.707093484874065,-3.707093484874065,0.29290651512593513
2025-06-27 18:00:00-07:00,origin_06,2025-06-22 00:00:00-07:00,2025,6,139,6,Days2to7,Summer,6,18,272.37625,97.9,99.8,0.0,1.3395359220644149e-15,0.0,0.0,276.01956477287104,277.57635498046875,275.5860925966255,276.2559381333718,276.01956477287104,275.49465663961115,275.49465663961115,275.49465663961115,275.49465663961115,271.49465663961115,275.49465663961115,271.49465663961115,1,-4.0,june_recent_clear_98_100_peak_backoff,271.49465663961115,271.49465663961115,-3.6433147728710082,-5.200104980468723,-3.209842596625492,-3.879688133371758,0.8815933603888766,-3.1184066396111234,0.8815933603888766,0.8815933603888766,0.8815933603888766,0.0,-0.5249081332598848,0.0,0.0,0.0,-4.0,-4.0,-4.524908133259885,Recent_Corrected_Forecast_MWH,days4to7_recent_corrected,raw_bias,none,none,recent_mean+last24_mean+same_hour+hourgroup+global+cloud_hourgroup+solar_hourgroup+solar_loss_hourgroup,3.0,2,256.660258,261.7058644,14,235.2834877857143,255.17763309999998,15.715992000000028,Peak,4,0,0,1,5.0,1.35,0.15,3.5,0.0,241.22857276893356,203.9632002424731,-3.6433147728710082,3.6433147728710082,1.337603690803074,Summer,-0.0,0.0,0.0,0.0,Clear/Low,0.0,None,-0.5249081332598677,weighted_fallback,global+hour+season_hour+season_hourgroup_maxtemp+season_hour_maxtemp+season_month_hour_maxtemp+season_cloud_hourgroup+season_solar_hourgroup+temp_cloud_hourgroup,275.49465663961115,0.0,275.49465663961115,none,170+,other,0.7,0.0,0.0,0.0,0.0,0.0,,,ar_disabled_or_empty,0.0,,,origin_day_disabled_or_empty,275.49465663961115,0.0,0.0,72.05636453039793,34.790992003937475,0.3236674858358159,5.0,Low,220.48868381173338,221.66262817382812,221.56946790108225,218.454896139301,51.887566188266646,225.97586471806852,46.400385281931506,46.400385281931506,17.035400583542618,86.9,93.0,0.11,1.4997278467649016e-15,0.0,0.0,6.0,6.433414489209052,weather_uncertainty_peak_hedge,5.286970044764607,1.1464444444444446,22.0,5.8779770000000005,0.35,1.0,225.97586471806852,225.97586471806852,0.0,0.0,none,14.035347032368492,-18.302139944572104,241.54245022885948,241.54245022885948,202.7888851091418,208.25159847815678,206.9586807453605,219.27725136461981,1.0,202.7888851091418,241.54245022885948,38.75356511971768,19.37678255985884,22.0,45,2025-05-07 23:00:00-07:00,2025-06-21 23:00:00-07:00,2025-06-27,0.0,3.6433147728710082,3.6433147728710082,0,1,246.64465,195.091725,227.0500152857143,-11.0,-6.799999999999997,0.11,1.6019192470048667e-16,0.0,0.0,-45.51879192154263,45.51879192154263,45.51879192154263,16.7117330977068,days4to7,5-8F,0-20pp,0-1.25MW,hot_peak,temp,-3.6433147728710082,-3.1184066396111234,-3.1184066396111234,-3.1184066396111234,-3.1184066396111234,0.8815933603888766
2025-06-27 19:00:00-07:00,origin_06,2025-06-22 00:00:00-07:00,2025,6,140,6,Days2to7,Summer,6,19,265.309433,96.9,99.8,0.0,0.0,0.0,0.0,266.6685308540969,267.83087158203125,266.8726414079717,266.01568834716954,266.6685308540969,266.21932001067705,266.21932001067705,266.21932001067705,266.21932001067705,264.21932001067705,266.21932001067705,264.21932001067705,1,-2.0,june_days4to7_hot_evening_finish_recovery_up+june_days4to7_clear_98_100_hot_recovery_trim_down,264.21932001067705,264.21932001067705,-1.3590978540968877,-2.5214385820312373,-1.563208407971672,-0.706255347169531,1.0901129893229609,-0.9098870106770391,1.0901129893229609,1.0901129893229609,1.0901129893229609,0.0,-0.4492108434198485,0.0,0.0,0.0,-2.0,-2.0,-2.4492108434198485,Recent_Corrected_Forecast_MWH,days4to7_recent_corrected,raw_bias,none,none,recent_mean+last24_mean+same_hour+hourgroup+global+cloud_hourgroup+solar_hourgroup+solar_loss_hourgroup,3.0,2,246.370675,251.238635,14,235.2834877857143,255.17763309999998,18.938758000000007,Peak,4,0,0,1,5.0,0.0,0.16,2.8,0.0,237.35973045555326,200.51509385593596,-1.3590978540968877,1.3590978540968877,0.5122689527955411,Summer,-0.0,0.0,0.0,0.0,Clear/Low,0.0,None,-0.44921084341985723,weighted_fallback,global+hour+season_hour+season_hourgroup_maxtemp+season_hour_maxtemp+season_month_hour_maxtemp+season_cloud_hourgroup+season_solar_hourgroup+temp_cloud_hourgroup,266.21932001067705,0.0,266.21932001067705,none,170+,other,1.0,0.0,0.0,0.0,0.0,0.0,,,ar_disabled_or_empty,0.0,,,origin_day_disabled_or_empty,266.21932001067705,0.0,0.0,66.15343699816094,29.30880039854364,0.41088361502885606,5.0,None,209.2386848420523,209.5804443359375,208.67780700356045,210.02241873285797,56.07074815794772,216.02750535366783,49.28192764633218,49.28192764633218,18.575264018724948,83.0,93.0,0.09,0.0,0.0,0.0,6.0,7.66560262335434,weather_uncertainty_peak_hedge,6.549559059814788,1.1160435635395525,21.4166142257057,5.8779770000000005,0.35,1.0,216.02750535366783,216.02750535366783,0.0,0.0,none,7.871872509347327,-21.31973082028469,229.7785169560192,230.3619027303135,193.4446321382847,198.14260170948236,197.7339548649137,208.39841615655587,1.0,193.4446321382847,230.3619027303135,36.917270592028785,18.458635296014393,22.0,45,2025-05-07 23:00:00-07:00,2025-06-21 23:00:00-07:00,2025-06-27,0.0,1.3590978540968877,1.3590978540968877,0,1,243.015941,187.348533,221.0784282857143,-13.900000000000006,-6.799999999999997,0.09,0.0,0.0,0.0,-48.19181465700922,48.19181465700922,48.19181465700922,18.164380403696093,days4to7,5-8F,0-20pp,0-1.25MW,hot_peak,temp,-1.3590978540968877,-0.9098870106770391,-0.9098870106770391,-0.9098870106770391,-0.9098870106770391,1.0901129893229609
2025-06-27 20:00:00-07:00,origin_06,2025-06-22 00:00:00-07:00,2025,6,141,6,Days2to7,Summer,6,20,248.901908,94.7,99.8,0.0,0.0,0.0,0.0,251.222160528854,249.33328247070312,252.14526942660825,250.31124027756903,251.222160528854,250.6446531509755,250.6446531509755,250.6446531509755,250.6446531509755,248.6446531509755,250.6446531509755,248.6446531509755,1,-2.0,june_days4to7_hot_evening_finish_recovery_up+june_days4to7_clear_98_100_hot_recovery_trim_down,248.6446531509755,248.6446531509755,-2.320252528854013,-0.4313744707031333,-3.24336142660826,-1.4093322775690353,0.25725484902449125,-1.7427451509755087,0.25725484902449125,0.25725484902449125,0.25725484902449125,0.0,-0.5775073778785043,0.0,0.0,0.0,-2.0,-2.0,-2.5775073778785043,Recent_Corrected_Forecast_MWH,days4to7_recent_corrected,raw_bias,none,none,recent_mean+last24_mean+same_hour+hourgroup+global+cloud_hourgroup+solar_hourgroup+solar_loss_hourgroup,3.0,2,228.795275,232.64603499999998,14,235.2834877857143,255.17763309999998,20.106632999999988,Peak,4,0,0,1,5.0,0.0,0.17,2.5,0.0,225.87459299880544,191.74693318153155,-2.320252528854013,2.320252528854013,0.9321955574780139,Summer,-0.0,0.0,0.0,0.0,Clear/Low,0.0,None,-0.5775073778785135,weighted_fallback,global+hour+season_hour+season_hourgroup_maxtemp+season_hour_maxtemp+season_month_hour_maxtemp+season_cloud_hourgroup+season_solar_hourgroup+temp_cloud_hourgroup,250.6446531509755,0.0,250.6446531509755,none,170+,other,1.0,0.0,0.0,0.0,0.0,0.0,,,ar_disabled_or_empty,0.0,,,origin_day_disabled_or_empty,250.6446531509755,0.0,0.0,59.47522734732246,25.347567530048565,0.10335591683149783,5.0,None,195.28136474226932,196.71092224121094,195.9867525500807,193.76445318743947,53.620543257730674,202.2758040090026,46.62610399099739,46.62610399099739,18.732722607734047,79.2,93.0,0.07,0.0,0.0,0.0,6.0,8.0,weather_uncertainty_peak_hedge,7.426802103120031,0.8796650134813293,16.88056529068649,5.8779770000000005,0.35,1.0,202.2758040090026,202.2758040090026,0.0,0.0,none,4.131773154517219,-19.31254689695075,211.1563692996891,216.2758040090026,184.7650995786679,187.4890115414887,188.13222029883147,194.33249192276574,1.0,184.7650995786679,216.2758040090026,31.510704430334698,15.755352215167349,22.0,45,2025-05-07 23:00:00-07:00,2025-06-21 23:00:00-07:00,2025-06-27,0.0,2.320252528854013,2.320252528854013,0,1,230.263458,183.619958,208.368859,-15.5,-6.799999999999997,0.07,0.0,0.0,0.0,-46.3688491419729,46.3688491419729,46.3688491419729,18.629366690902547,days4to7,5-8F,0-20pp,0-1.25MW,hot_peak,temp,-2.320252528854013,-1.7427451509755087,-1.7427451509755087,-1.7427451509755087,-1.7427451509755087,0.25725484902449125
2025-06-28 14:00:00-07:00,origin_06,2025-06-22 00:00:00-07:00,2025,6,159,7,Days2to7,Summer,6,14,248.4874,100.1,102.7,0.0,18.730570828347535,0.0,0.0,248.66438065911615,249.05209350585938,249.52687292989214,247.1982605631129,248.09581083555653,247.24818252580988,247.24818252580988,247.24818252580988,247.24818252580988,247.24818252580988,247.24818252580988,247.24818252580988,0,0.0,none,247.24818252580988,247.24818252580988,-0.1769806591161398,-0.564693505859367,-1.0394729298921277,1.2891394368870976,1.2392174741901272,1.2392174741901272,1.2392174741901272,1.2392174741901272,1.2392174741901272,-0.5685698235596135,-0.8476283097466535,0.0,0.0,0.0,0.0,0.0,-1.416198133306267,Recent_Corrected_Forecast_MWH,days4to7_recent_corrected,raw_bias,none,none,recent_mean+last24_mean+same_hour+hourgroup+global+temp_hourgroup+cloud_hourgroup+solar_hourgroup+solar_loss_hourgroup+temp_cloud_hourgroup,3.0,0,,,0,,,,Midday,5,1,0,0,6.0,1.1087628840216757,0.17,4.2,0.0,232.49521849872139,167.88155998089655,-0.1769806591161398,0.1769806591161398,0.07122319245005573,Summer,-0.5685698235596076,0.0,-0.5685698235596076,0.0,Clear/Low,4.0,None,-0.8476283097466396,weighted_fallback,global+hour+season_hour+season_hourgroup_maxtemp+season_hour_maxtemp+season_month_hour_maxtemp+season_cloud_hourgroup+season_solar_hourgroup+temp_cloud_hourgroup,247.24818252580988,0.0,247.24818252580988,none,170+,other,0.7,0.0,0.0,0.0,0.0,0.0,,,ar_disabled_or_empty,0.0,,,origin_day_disabled_or_empty,247.24818252580988,0.0,0.0,80.7828206782196,16.169162160394762,0.49870435047818407,6.0,High,187.20963002073384,187.91421508789062,188.09963450714366,185.60974152290214,61.27776997926617,186.46845772481714,62.018942275182866,62.018942275182866,24.958586340869946,90.9,95.3,0.0,19.27744880873724,0.0,0.0,7.0,0.0,none,0.0,0.0,0.0,,,0.0,186.46845772481714,186.46845772481714,0.0,0.0,none,21.5026123556093,5.047124145069944,204.46845772481714,204.46845772481714,168.46845772481714,180.65838502138376,185.4518543145187,186.33883916623705,1.0,168.46845772481714,204.46845772481714,36.0,18.0,18.0,45,2025-05-07 23:00:00-07:00,2025-06-21 23:00:00-07:00,2025-06-28,0.0,0.1769806591161398,0.1769806591161398,0,1,231.030066,204.924716,181.527558,-9.199999999999989,-7.400000000000006,0.0,0.5468779803897057,0.0,0.0,-60.77972480099274,60.77972480099274,60.77972480099274,24.45988199039176,days4to7,5-8F,0-20pp,0-1.25MW,weekend,temp,0.3915891644434737,1.2392174741901272,1.2392174741901272,1.2392174741901272,1.2392174741901272,1.2392174741901272
2025-06-28 15:00:00-07:00,origin_06,2025-06-22 00:00:00-07:00,2025,6,160,7,Days2to7,Summer,6,15,268.5034,101.8,102.7,0.0,14.543924609630212,0.0,0.0,265.286743618585,266.8509521484375,266.00209769940307,263.7156990544844,265.15861171486324,264.3044504948923,264.3044504948923,264.3044504948923,264.3044504948923,264.3044504948923,264.3044504948923,264.3044504948923,0,0.0,none,264.3044504948923,264.3044504948923,3.216656381415021,1.6524478515624992,2.501302300596933,4.78770094551561,4.1989495051076915,4.1989495051076915,4.1989495051076915,4.1989495051076915,4.1989495051076915,-0.12813190372173722,-0.8541612199709334,0.0,0.0,0.0,0.0,0.0,-0.9822931236926706,Recent_Corrected_Forecast_MWH,days4to7_recent_corrected,raw_bias,none,none,recent_mean+last24_mean+same_hour+hourgroup+global+temp_hourgroup+cloud_hourgroup+solar_hourgroup+solar_loss_hourgroup+temp_cloud_hourgroup,3.0,0,,,0,,,,Midday,5,1,0,0,6.0,1.2913992805890968,0.14,4.7,0.0,252.10013776043638,184.5487806802143,3.216656381415021,3.216656381415021,1.197994655343292,Summer,-0.12813190372174882,0.0,-0.12813190372174882,0.0,Clear/Low,3.0,None,-0.8541612199709064,weighted_fallback,global+hour+season_hour+season_hourgroup_maxtemp+season_hour_maxtemp+season_month_hour_maxtemp+season_cloud_hourgroup+season_solar_hourgroup+temp_cloud_hourgroup,264.3044504948923,0.0,264.3044504948923,none,170+,other,0.7,0.0,0.0,0.0,0.0,0.0,,,ar_disabled_or_empty,0.0,,,origin_day_disabled_or_empty,264.3044504948923,0.0,0.0,80.73796293837069,13.186605858148596,1.5638347615366106,6.0,Medium-High,206.83452395803897,206.93780517578125,207.4189083932025,205.8866966405699,61.66887604196103,206.47304202598872,62.03035797401128,62.03035797401128,23.102261637659442,93.4,95.3,0.0,15.11802689685246,0.0,0.0,7.0,0.0,none,0.0,0.0,0.0,,,0.0,206.47304202598872,206.47304202598872,0.0,0.0,none,25.526430764091543,7.156803224191293,224.47304202598872,224.47304202598872,188.47304202598872,198.85864138259132,201.61903816540502,206.17167938830457,1.0,188.47304202598872,224.47304202598872,36.0,18.0,18.0,45,2025-05-07 23:00:00-07:00,2025-06-21 23:00:00-07:00,2025-06-28,3.216656381415021,0.0,-3.216656381415021,1,0,250.626316,229.506091,201.29179342857145,-8.399999999999991,-7.400000000000006,0.0,0.5741022872222477,0.0,0.0,-57.83140846890359,57.83140846890359,57.83140846890359,21.53842687612283,days4to7,5-8F,0-20pp,0-1.25MW,weekend,temp,3.344788285136758,4.1989495051076915,4.1989495051076915,4.1989495051076915,4.1989495051076915,4.1989495051076915
2025-06-28 16:00:00-07:00,origin_06,2025-06-22 00:00:00-07:00,2025,6,161,7,Days2to7,Summer,6,16,282.481441,102.7,102.7,0.0,9.145187892664731,0.0,0.0,279.2464181326199,281.0594177246094,280.48851766651995,276.7765475530657,279.2464181326199,278.7709571501316,278.7709571501316,278.7709571501316,278.7709571501316,281.7709571501316,278.7709571501316,281.7709571501316,1,3.0,june_recent_100_105_hot_evening_lift,281.7709571501316,281.7709571501316,3.23502286738011,1.422023275390643,1.9929233334800642,5.704893446934307,0.7104838498684103,3.7104838498684103,0.7104838498684103,0.7104838498684103,0.7104838498684103,0.0,-0.4754609824883005,0.0,0.0,0.0,3.0,3.0,2.5245390175116995,Recent_Corrected_Forecast_MWH,days4to7_recent_corrected,raw_bias,none,none,recent_mean+last24_mean+same_hour+hourgroup+global+cloud_hourgroup+solar_hourgroup+solar_loss_hourgroup,3.0,0,,,0,,,,Peak,5,1,0,0,6.0,1.35,0.13,4.8,0.0,268.30480122539217,201.38093310333554,3.23502286738011,3.23502286738011,1.1452160736393686,Summer,-0.0,0.0,0.0,0.0,Clear/Low,2.0,None,-0.4754609824882778,weighted_fallback,global+hour+season_hour+season_hourgroup_maxtemp+season_hour_maxtemp+season_month_hour_maxtemp+season_cloud_hourgroup+season_solar_hourgroup+temp_cloud_hourgroup,278.7709571501316,0.0,278.7709571501316,none,170+,other,0.7,0.0,0.0,0.0,0.0,0.0,,,ar_disabled_or_empty,0.0,,,origin_day_disabled_or_empty,278.7709571501316,0.0,0.0,77.86548502928437,10.94161690722774,0.25151523135582216,6.0,Medium-Low,225.38656265628612,224.37803649902344,226.79157215800612,223.46684091280108,57.0948783437139,227.0655971114706,55.41584388852942,55.41584388852942,19.61751670918778,95.3,95.3,0.0,9.630074550352257,0.0,0.0,7.0,2.187681789915892,weather_uncertainty_peak_hedge,0.0,2.187681789915892,22.0,7.89579,0.4972004067990663,1.0,227.0655971114706,227.0655971114706,0.0,0.0,none,27.850847601627464,7.889491147787993,246.8779153215547,246.8779153215547,202.8779153215547,213.13729228357164,213.69779973147462,223.49816624974392,1.0,202.8779153215547,246.8779153215547,44.0,22.0,22.0,45,2025-05-07 23:00:00-07:00,2025-06-21 23:00:00-07:00,2025-06-28,3.23502286738011,0.0,-3.23502286738011,1,0,265.914783,252.54645,220.8138211428571,-7.400000000000006,-7.400000000000006,0.0,0.48488665768752526,0.0,0.0,-54.70536003866101,54.70536003866101,54.70536003866101,19.366001477831958,days4to7,5-8F,0-20pp,0-1.25MW,hot_peak,temp,3.23502286738011,3.7104838498684103,3.7104838498684103,3.7104838498684103,3.7104838498684103,0.7104838498684103
2025-06-28 17:00:00-07:00,origin_06,2025-06-22 00:00:00-07:00,2025,6,162,7,Days2to7,Summer,6,17,293.501333,102.4,102.7,0.0,3.8816792859325373,0.0,0.0,290.342043103274,289.78094482421875,291.034905810625,289.41357264288104,290.342043103274,289.9192205400196,289.9192205400196,289.9192205400196,289.9192205400196,292.9192205400196,289.9192205400196,292.9192205400196,1,3.0,june_recent_100_105_hot_evening_lift,292.9192205400196,292.9192205400196,3.1592898967259657,3.7203881757812383,2.466427189374997,4.0877603571189525,0.582112459980408,3.582112459980408,0.582112459980408,0.582112459980408,0.582112459980408,0.0,-0.42282256325444223,0.0,0.0,0.0,3.0,3.0,2.5771774367455578,Recent_Corrected_Forecast_MWH,days4to7_recent_corrected,raw_bias,none,none,recent_mean+last24_mean+same_hour+hourgroup+global+cloud_hourgroup+solar_hourgroup+solar_loss_hourgroup,3.0,0,,,0,,,,Peak,5,1,0,0,6.0,1.35,0.14,5.7,0.0,278.7221700364714,214.86988535858904,3.1592898967259657,3.1592898967259657,1.07641415609038,Summer,-0.0,0.0,0.0,0.0,Clear/Low,1.0,None,-0.42282256325441947,weighted_fallback,global+hour+season_hour+season_hourgroup_maxtemp+season_hour_maxtemp+season_month_hour_maxtemp+season_cloud_hourgroup+season_solar_hourgroup+temp_cloud_hourgroup,289.9192205400196,0.0,289.9192205400196,none,170+,other,0.7,0.0,0.0,0.0,0.0,0.0,,,ar_disabled_or_empty,0.0,,,origin_day_disabled_or_empty,289.9192205400196,0.0,0.0,75.47215774468498,11.619873066802597,0.19833383856570352,6.0,Medium-Low,236.3756685853616,234.6155548095703,237.81666792596846,234.61413070034826,57.12566441463838,238.0805318236802,55.4208011763198,55.4208011763198,18.882640364812175,93.4,95.3,0.0,4.16769775963283,0.0,0.0,7.0,2.1876817899159677,weather_uncertainty_peak_hedge,7.341614942433238e-14,2.1876817899158945,22.00000000000003,7.89579,0.4972004067990663,1.0,238.0805318236802,238.0805318236802,0.0,0.0,none,26.55334651346584,13.659739080233805,257.89285003376426,257.89285003376426,213.89285003376423,222.24008208007064,220.31758962832438,235.48417953294782,1.0,213.89285003376423,257.89285003376426,44.00000000000003,22.000000000000014,22.00000000000003,45,2025-05-07 23:00:00-07:00,2025-06-21 23:00:00-07:00,2025-06-28,3.1592898967259657,0.0,-3.1592898967259657,1,0,274.532258,265.632691,234.54694500000002,-9.0,-7.400000000000006,0.0,0.28601847370029265,0.0,0.0,-54.83868871633939,54.83868871633939,54.83868871633939,18.684306526246473,days4to7,5-8F,0-20pp,0-1.25MW,hot_peak,temp,3.1592898967259657,3.582112459980408,3.582112459980408,3.582112459980408,3.582112459980408,0.582112459980408
2025-06-28 18:00:00-07:00,origin_06,2025-06-22 00:00:00-07:00,2025,6,163,7,Days2to7,Summer,6,18,294.215633,101.0,102.7,0.0,1.3450597815368455e-15,0.0,0.0,292.3430674106737,292.713623046875,292.69632898550327,291.682069039884,292.3430674106737,291.8663322142423,291.8663322142423,291.8663322142423,291.8663322142423,294.8663322142423,291.8663322142423,294.8663322142423,1,3.0,june_recent_100_105_hot_evening_lift,294.8663322142423,294.8663322142423,1.8725655893263138,1.5020099531250253,1.519304014496754,2.5335639601159983,-0.6506992142422519,2.349300785757748,-0.6506992142422519,-0.6506992142422519,0.6506992142422519,0.0,-0.47673519643143436,0.0,0.0,0.0,3.0,3.0,2.5232648035685656,Recent_Corrected_Forecast_MWH,days4to7_recent_corrected,raw_bias,none,none,recent_mean+last24_mean+same_hour+hourgroup+global+cloud_hourgroup+solar_hourgroup+solar_loss_hourgroup,3.0,0,,,0,,,,Peak,5,1,0,0,6.0,1.35,0.14,3.8,0.0,276.01956477287104,218.7674797814547,1.8725655893263138,1.8725655893263138,0.6364602622343707,Summer,-0.0,0.0,0.0,0.0,Clear/Low,0.0,None,-0.4767351964314064,weighted_fallback,global+hour+season_hour+season_hourgroup_maxtemp+season_hour_maxtemp+season_month_hour_maxtemp+season_cloud_hourgroup+season_solar_hourgroup+temp_cloud_hourgroup,291.8663322142423,0.0,291.8663322142423,none,170+,other,0.7,0.0,0.0,0.0,0.0,0.0,,,ar_disabled_or_empty,0.0,,,origin_day_disabled_or_empty,291.8663322142423,0.0,0.0,73.575587629219,16.323502637802676,0.22116405155203014,6.0,Low,238.46628442186324,237.3978271484375,239.03551752416976,237.87704876778892,55.74934857813679,238.59262762442106,55.62300537557897,55.62300537557897,18.90552341098033,92.5,95.3,0.0,1.5080136359735474e-15,0.0,0.0,7.0,0.6512513358176755,weather_uncertainty_peak_hedge,0.0,2.033796923294753,20.452486517339793,7.89579,0.4972004067990663,1.0,238.59262762442106,238.59262762442106,0.0,0.0,none,25.141651097964996,17.977600610129855,258.3938628059432,259.94137628860335,216.95366272285975,222.02879884260972,220.52947155544098,237.464433451019,1.0,216.95366272285975,259.94137628860335,42.987713565743604,21.493856782871802,21.99999999999997,45,2025-05-07 23:00:00-07:00,2025-06-21 23:00:00-07:00,2025-06-28,1.8725655893263138,0.0,-1.8725655893263138,1,0,272.37625,266.808516,238.09066171428572,-8.5,-7.400000000000006,0.0,1.6295385443670195e-16,0.0,0.0,-56.27370458982122,56.27370458982122,54.97230616133672,18.6843593594283,days4to7,5-8F,0-20pp,0-1.25MW,hot_peak,temp,1.8725655893263138,2.349300785757748,2.349300785757748,2.349300785757748,2.349300785757748,-0.6506992142422519
2025-06-28 19:00:00-07:00,origin_06,2025-06-22 00:00:00-07:00,2025,6,164,7,Days2to7,Summer,6,19,283.011391,99.9,102.7,0.0,0.0,0.0,0.0,281.6241505521665,285.3000183105469,281.13700932773685,281.3394102595901,281.6241505521665,281.25688937496517,281.25688937496517,281.8306102895351,281.8306102895351,284.8306102895351,281.8306102895351,284.8306102895351,1,3.0,june_recent_100_105_hot_evening_lift,284.8306102895351,284.8306102895351,1.3872404478335056,-2.2886273105468717,1.874381672263155,1.6719807404098788,-1.8192192895351127,1.1807807104648873,-1.8192192895351127,-1.8192192895351127,1.8192192895351127,0.0,-0.36726117720132834,0.0,0.5737209145699467,0.0,3.0,3.0,3.2064597373686183,Recent_Corrected_Forecast_MWH,days4to7_recent_corrected,raw_bias,none,tree_peak_gap,recent_mean+last24_mean+same_hour+hourgroup+global+cloud_hourgroup+solar_hourgroup+solar_loss_hourgroup,3.0,0,,,0,,,,Peak,5,1,0,0,6.0,0.0,0.15,4.2,0.0,266.6685308540969,214.5143364065212,1.3872404478335056,1.3872404478335056,0.49017124114043364,Summer,-0.0,0.0,0.0,0.0,Clear/Low,0.0,None,-0.36726117720132734,weighted_fallback,global+hour+season_hour+season_hourgroup_maxtemp+season_hour_maxtemp+season_month_hour_maxtemp+season_cloud_hourgroup+season_solar_hourgroup+temp_cloud_hourgroup,281.8306102895351,0.0,281.25688937496517,none,170+,other,1.0,0.0,0.0,0.5737209145699382,0.0,0.0,,,ar_disabled_or_empty,0.0,,,origin_day_disabled_or_empty,281.8306102895351,0.0,0.0,67.10981414564529,14.955619698069597,0.6428077976321146,6.0,None,230.99884197850167,231.3618621826172,230.19435408095998,232.1593171877485,52.01254902149833,242.54963113508182,40.46175986491818,40.46175986491818,14.29686618688722,90.4,95.3,0.0,0.0,0.0,0.0,7.0,0.0,none,0.0,1.7087048580432604,17.183260860985172,7.89579,0.4972004067990663,1.0,230.54963113508182,242.54963113508182,1.0,12.0,june_days4to7_hot_evening_finish_recovery_up,23.837050811217836,21.76015713644938,247.732891996067,252.54963113508182,209.6845559911691,214.6269426187235,212.8919848432439,229.27929167749437,1.0,209.6845559911691,252.54963113508182,42.86507514391272,21.43253757195636,22.0,45,2025-05-07 23:00:00-07:00,2025-06-21 23:00:00-07:00,2025-06-28,1.3872404478335056,0.0,-1.3872404478335056,1,0,265.309433,254.439775,232.2156997142857,-9.5,-7.400000000000006,0.0,0.0,0.0,0.0,-42.28097915445329,42.28097915445329,38.642540575383066,13.654058389255106,days4to7,5-8F,0-20pp,0-1.25MW,hot_peak,temp,1.3872404478335056,1.754501625034834,1.754501625034834,1.1807807104648873,1.1807807104648873,-1.8192192895351127
2025-06-28 20:00:00-07:00,origin_06,2025-06-22 00:00:00-07:00,2025,6,165,7,Days2to7,Summer,6,20,264.306775,94.3,102.7,0.0,0.0,0.0,0.0,264.2354480198603,265.1732177734375,264.1030551890385,264.1755596815581,264.2354480198603,263.74998116317977,263.74998116317977,263.74998116317977,263.74998116317977,266.74998116317977,263.74998116317977,266.74998116317977,1,3.0,june_recent_100_105_hot_evening_lift,266.74998116317977,266.74998116317977,0.07132698013970185,-0.866442773437484,0.20371981096150193,0.13121531844188894,-2.4432061631797524,0.5567938368202476,-2.4432061631797524,-2.4432061631797524,2.4432061631797524,0.0,-0.4854668566805458,0.0,0.0,0.0,3.0,3.0,2.514533143319454,Recent_Corrected_Forecast_MWH,days4to7_recent_corrected,raw_bias,none,none,recent_mean+last24_mean+same_hour+hourgroup+global+cloud_hourgroup+solar_hourgroup+solar_loss_hourgroup,3.0,0,,,0,,,,Peak,5,1,0,0,6.0,0.0,0.2,9.5,0.0,251.222160528854,204.40758825708215,0.07132698013970185,0.07132698013970185,0.026986436552639194,Summer,-0.0,0.0,0.0,0.0,Clear/Low,0.0,None,-0.4854668566805652,weighted_fallback,global+hour+season_hour+season_hourgroup_maxtemp+season_hour_maxtemp+season_month_hour_maxtemp+season_cloud_hourgroup+season_solar_hourgroup+temp_cloud_hourgroup,263.74998116317977,0.0,263.74998116317977,none,170+,other,1.0,0.0,0.0,0.0,0.0,0.0,,,ar_disabled_or_empty,0.0,,,origin_day_disabled_or_empty,263.74998116317977,0.0,0.0,59.82785976277816,13.01328749100631,0.9243827227583372,6.0,None,218.26371977007798,217.3439483642578,218.85207764849224,217.60194921994707,46.04305522992203,229.68621239219948,34.62056260780054,34.62056260780054,13.098628519000519,87.9,95.3,0.0,0.0,0.0,0.0,7.0,0.0,none,0.0,1.656584418331506,16.659121711066717,7.89579,0.4972004067990663,1.0,217.68621239219948,229.68621239219948,1.0,12.0,june_days4to7_hot_evening_finish_recovery_up,22.445015362001726,22.982355027808666,234.3453341032662,239.68621239219948,200.14210246369842,203.93987172222597,203.94227271537991,215.02163265456775,1.0,200.14210246369842,239.68621239219948,39.54410992850106,19.77205496425053,22.0,45,2025-05-07 23:00:00-07:00,2025-06-21 23:00:00-07:00,2025-06-28,0.07132698013970185,0.0,-0.07132698013970185,1,0,248.901908,231.805483,217.69485185714285,-6.3999999999999915,-7.400000000000006,0.0,0.0,0.0,0.0,-37.06376877098029,37.06376877098029,32.177356444620784,12.174245796242182,days4to7,5-8F,0-20pp,0-1.25MW,hot_peak,temp,0.07132698013970185,0.5567938368202476,0.5567938368202476,0.5567938368202476,0.5567938368202476,-2.4432061631797524
2025-06-29 14:00:00-07:00,origin_06,2025-06-22 00:00:00-07:00,2025,6,183,8,Days8to16,Summer,6,14,245.592216,97.6,100.5,0.0,18.593851333250107,0.0,0.0,240.9657478379537,240.98638916015625,241.12037731275984,240.71686114262894,240.41444211981286,239.5668138100662,239.5668138100662,239.5668138100662,239.20138966458012,237.08138966458012,237.08138966458012,237.08138966458012,0,0.0,none,237.08138966458012,237.08138966458012,4.626468162046308,4.605826839843758,4.471838687240165,4.8753548573710646,8.510826335419893,8.510826335419893,8.510826335419893,8.510826335419893,8.510826335419893,-0.5513057181408385,-0.8476283097466535,0.0,0.0,-0.36542414548608804,-2.1200000000000045,0.0,-3.8843581733735846,Final_Backtest_Forecast_MWH,days8plus_final_low_confidence+long_horizon_peak_month_correction,raw_bias,none,none,recent_mean+last24_mean+same_hour+hourgroup+global+temp_hourgroup+cloud_hourgroup+solar_hourgroup+solar_loss_hourgroup+temp_cloud_hourgroup,3.0,2,201.51762050000002,205.0205769,14,235.2834877857143,255.17763309999998,44.07459549999999,Midday,6,1,0,0,6.0,1.101096740041377,0.21,4.5,0.0,248.66438065911615,187.15169536077028,4.626468162046308,4.626468162046308,1.8838008131521187,Summer,-0.551305718140843,0.0,-0.551305718140843,0.0,Clear/Low,4.0,None,-0.8476283097466396,weighted_fallback,global+hour+season_hour+season_hourgroup_maxtemp+season_hour_maxtemp+season_month_hour_maxtemp+season_cloud_hourgroup+season_solar_hourgroup+temp_cloud_hourgroup,239.20138966458012,0.0,239.5668138100662,none,170+,other,0.7,0.0,0.0,0.0,-0.3654241454860784,0.0,,,ar_disabled_or_empty,0.0,,,origin_day_disabled_or_empty,239.5668138100662,-2.12,0.0,53.814052477183424,-7.698632821162448,3.465430001828679,6.0,High,,,,,,,,,,,,,,,,,0.0,none,0.0,0.0,0.0,,,0.0,,,0.0,0.0,none,,,,,,,,,0.0,,,,,0.0,45,2025-05-07 23:00:00-07:00,2025-06-21 23:00:00-07:00,2025-06-29,4.626468162046308,0.0,-4.626468162046308,1,0,248.4874,125.471216,187.75079857142856,,,,,,,,,,,,,,,,,5.1777738801871465,6.0254021899338,6.0254021899338,6.0254021899338,6.390826335419888,8.510826335419893
2025-06-29 15:00:00-07:00,origin_06,2025-06-22 00:00:00-07:00,2025,6,184,8,Days8to16,Summer,6,15,266.976475,99.8,100.5,0.0,14.416346323580825,0.0,0.0,261.1325721110587,262.57672119140625,261.75647618569974,259.7395373993806,261.004440207337,260.15027898736605,260.15027898736605,260.15027898736605,259.8242154702165,257.70421547021647,257.70421547021647,257.70421547021647,0,0.0,none,257.70421547021647,257.70421547021647,5.8439028889412725,4.3997538085937435,5.219998814300254,7.236937600619399,9.272259529783526,9.272259529783526,9.272259529783526,9.272259529783526,9.272259529783526,-0.12813190372173722,-0.8541612199709334,0.0,0.0,-0.3260635171495778,-2.1200000000000045,0.0,-3.428356640842253,Final_Backtest_Forecast_MWH,days8plus_final_low_confidence+long_horizon_peak_month_correction,raw_bias,none,none,recent_mean+last24_mean+same_hour+hourgroup+global+temp_hourgroup+cloud_hourgroup+solar_hourgroup+solar_loss_hourgroup+temp_cloud_hourgroup,3.0,2,221.6103285,225.29963850000001,14,235.2834877857143,255.17763309999998,45.366146499999985,Midday,6,1,0,0,6.0,1.2805678330731025,0.19,5.1,0.0,265.286743618585,204.82775834001217,5.8439028889412725,5.8439028889412725,2.188920536515913,Summer,-0.12813190372174882,0.0,-0.12813190372174882,0.0,Clear/Low,3.0,None,-0.8541612199709064,weighted_fallback,global+hour+season_hour+season_hourgroup_maxtemp+season_hour_maxtemp+season_month_hour_maxtemp+season_cloud_hourgroup+season_solar_hourgroup+temp_cloud_hourgroup,259.8242154702165,0.0,260.15027898736605,none,170+,other,0.7,0.0,0.0,0.0,-0.3260635171495523,0.0,,,ar_disabled_or_empty,0.0,,,origin_day_disabled_or_empty,260.15027898736605,-2.12,0.0,56.304813771046554,-4.154171507526257,3.473062384909954,6.0,Medium-High,,,,,,,,,,,,,,,,,0.0,none,0.0,0.0,0.0,,,0.0,,,0.0,0.0,none,,,,,,,,,0.0,,,,,0.0,45,2025-05-07 23:00:00-07:00,2025-06-21 23:00:00-07:00,2025-06-29,5.8439028889412725,0.0,-5.8439028889412725,1,0,268.5034,137.771908,206.86283757142857,,,,,,,,,,,,,,,,,5.97203479266301,6.826196012633943,6.826196012633943,6.826196012633943,7.152259529783521,9.272259529783526
2025-06-29 16:00:00-07:00,origin_06,2025-06-22 00:00:00-07:00,2025,6,185,8,Days8to16,Summer,6,16,285.005216,100.5,100.5,0.0,9.054976421467051,0.0,0.0,277.96257818477335,280.51556396484375,278.0674531736324,277.0683501222605,277.96257818477335,277.48711720228505,277.48711720228505,277.50276292169235,277.4243588378615,279.8043588378615,275.3043588378615,279.8043588378615,1,4.5,june_recent_100_105_hot_evening_lift+june_long_hot_100_105_peak_finish_up,279.8043588378615,279.8043588378615,7.042637815226669,4.4896520351562685,6.937762826367646,7.936865877739535,5.2008571621385045,9.700857162138504,5.2008571621385045,5.2008571621385045,5.2008571621385045,0.0,-0.4754609824883005,0.0,0.01564571940730275,-0.07840408383083286,2.3799999999999955,4.5,1.8417806530881649,Final_Backtest_Forecast_MWH,days8plus_final_low_confidence+long_horizon_peak_month_correction,raw_bias,none,tree_peak_gap,recent_mean+last24_mean+same_hour+hourgroup+global+cloud_hourgroup+solar_hourgroup+solar_loss_hourgroup,3.0,2,240.00802850000002,243.17653850000002,14,235.2834877857143,255.17763309999998,44.997187499999995,Peak,6,1,0,0,6.0,1.35,0.17,7.2,0.0,279.2464181326199,221.9977856937098,7.042637815226669,7.042637815226669,2.47105576314318,Summer,-0.0,0.0,0.0,0.0,Clear/Low,2.0,None,-0.4754609824882778,weighted_fallback,global+hour+season_hour+season_hourgroup_maxtemp+season_hour_maxtemp+season_month_hour_maxtemp+season_cloud_hourgroup+season_solar_hourgroup+temp_cloud_hourgroup,277.4243588378615,0.0,277.48711720228505,none,170+,other,0.7,0.0,0.0,0.015645719407285697,-0.0784040838308096,0.0,,,ar_disabled_or_empty,0.0,,,origin_day_disabled_or_empty,277.50276292169235,-2.12,0.0,55.96479249106355,-1.283839947846559,1.8248287645860153,6.0,Medium-Low,,,,,,,,,,,,,,,,,0.0,none,0.0,0.0,0.0,,,0.0,,,0.0,0.0,none,,,,,,,,,0.0,,,,,0.0,45,2025-05-07 23:00:00-07:00,2025-06-21 23:00:00-07:00,2025-06-29,7.042637815226669,0.0,-7.042637815226669,1,0,282.481441,152.790058,225.0902484285714,,,,,,,,,,,,,,,,,7.042637815226669,7.51809879771497,7.51809879771497,7.502453078307667,7.5808571621385,5.2008571621385045
2025-06-29 17:00:00-07:00,origin_06,2025-06-22 00:00:00-07:00,2025,6,186,8,Days8to16,Summer,6,17,295.458308,99.5,100.5,0.0,3.8466566156835227,0.0,0.0,285.2915012963313,288.50274658203125,286.44013500923984,282.56900680870365,285.2915012963313,284.8686787330769,284.8686787330769,285.21741605000176,285.180970926445,287.560970926445,283.060970926445,287.560970926445,1,4.5,june_recent_100_105_hot_evening_lift+june_long_hot_100_105_peak_finish_up,287.560970926445,287.560970926445,10.16680670366867,6.955561417968738,9.01817299076015,12.88930119129634,7.897337073554979,12.39733707355498,7.897337073554979,7.897337073554979,7.897337073554979,0.0,-0.42282256325444223,0.0,0.34873731692488263,-0.036445123556745784,2.3799999999999955,4.5,2.26946963011369,Final_Backtest_Forecast_MWH,days8plus_final_low_confidence+long_horizon_peak_month_correction,raw_bias,none,tree_peak_gap,recent_mean+last24_mean+same_hour+hourgroup+global+cloud_hourgroup+solar_hourgroup+solar_loss_hourgroup,3.0,2,252.02222899999998,255.4798122,14,235.2834877857143,255.17763309999998,43.43607900000001,Peak,6,1,0,0,6.0,1.35,0.16,8.4,0.0,290.342043103274,235.45051294477102,10.16680670366867,10.16680670366867,3.4410292174517796,Summer,-0.0,0.0,0.0,0.0,Clear/Low,1.0,None,-0.42282256325441947,weighted_fallback,global+hour+season_hour+season_hourgroup_maxtemp+season_hour_maxtemp+season_month_hour_maxtemp+season_cloud_hourgroup+season_solar_hourgroup+temp_cloud_hourgroup,285.180970926445,0.0,284.8686787330769,none,170+,other,0.7,0.0,0.0,0.3487373169249054,-0.03644512355673864,0.0,,,ar_disabled_or_empty,0.0,,,origin_day_disabled_or_empty,285.21741605000176,-2.12,0.0,49.8409883515603,-5.050541806942704,2.6729108167623363,6.0,Medium-Low,,,,,,,,,,,,,,,,,0.0,none,0.0,0.0,0.0,,,0.0,,,0.0,0.0,none,,,,,,,,,0.0,,,,,0.0,45,2025-05-07 23:00:00-07:00,2025-06-21 23:00:00-07:00,2025-06-29,10.16680670366867,0.0,-10.16680670366867,1,0,293.501333,168.48825,238.52817957142858,,,,,,,,,,,,,,,,,10.16680670366867,10.589629266923112,10.589629266923112,10.240891949998229,10.277337073554975,7.897337073554979
2025-06-29 18:00:00-07:00,origin_06,2025-06-22 00:00:00-07:00,2025,6,187,8,Days8to16,Summer,6,18,293.555966,98.9,100.5,0.0,1.3284882031195536e-15,0.0,0.0,285.86556802929067,284.9772033691406,285.5025705656176,286.6898110893911,285.86556802929067,285.38883283285924,285.38883283285924,285.38883283285924,285.3339058698026,287.7139058698026,283.2139058698026,287.7139058698026,1,4.5,june_recent_100_105_hot_evening_lift+june_long_hot_100_105_peak_finish_up,287.7139058698026,287.7139058698026,7.690397970709341,8.578762630859387,8.053395434382423,6.866154910608884,5.84206013019741,10.34206013019741,5.84206013019741,5.84206013019741,5.84206013019741,0.0,-0.47673519643143436,0.0,0.0,-0.05492696305663003,2.3799999999999955,4.5,1.848337840511931,Final_Backtest_Forecast_MWH,days8plus_final_low_confidence+long_horizon_peak_month_correction,raw_bias,none,none,recent_mean+last24_mean+same_hour+hourgroup+global+cloud_hourgroup+solar_hourgroup+solar_loss_hourgroup,3.0,2,256.660258,261.7058644,14,235.2834877857143,255.17763309999998,36.89570800000001,Peak,6,1,0,0,6.0,1.35,0.17,6.2,0.0,292.3430674106737,238.51698584012237,7.690397970709341,7.690397970709341,2.6197382650739045,Summer,-0.0,0.0,0.0,0.0,Clear/Low,0.0,None,-0.4767351964314064,weighted_fallback,global+hour+season_hour+season_hourgroup_maxtemp+season_hour_maxtemp+season_month_hour_maxtemp+season_cloud_hourgroup+season_solar_hourgroup+temp_cloud_hourgroup,285.3339058698026,0.0,285.38883283285924,none,170+,other,0.7,0.0,0.0,0.0,-0.05492696305662223,0.0,,,ar_disabled_or_empty,0.0,,,origin_day_disabled_or_empty,285.38883283285924,-2.12,0.0,47.3485821891683,-6.477499381383041,1.9901009711372752,6.0,Low,,,,,,,,,,,,,,,,,0.0,none,0.0,0.0,0.0,,,0.0,,,0.0,0.0,none,,,,,,,,,0.0,,,,,0.0,45,2025-05-07 23:00:00-07:00,2025-06-21 23:00:00-07:00,2025-06-29,7.690397970709341,0.0,-7.690397970709341,1,0,294.215633,175.897925,242.00596414285715,,,,,,,,,,,,,,,,,7.690397970709341,8.167133167140776,8.167133167140776,8.167133167140776,8.222060130197406,5.84206013019741
2025-06-29 19:00:00-07:00,origin_06,2025-06-22 00:00:00-07:00,2025,6,188,8,Days8to16,Summer,6,19,280.1003,97.2,100.5,0.0,0.0,0.0,0.0,279.3402330674071,277.0606689453125,280.0114904679006,278.93670404437285,279.3402330674071,278.97297189020577,278.97297189020577,278.97297189020577,278.9601420232284,281.9601420232284,278.9601420232284,281.9601420232284,1,3.0,june_recent_100_105_hot_evening_lift,281.9601420232284,281.9601420232284,0.7600669325929061,3.0396310546875043,0.0888095320993898,1.1635959556271587,-1.8598420232283956,1.1401579767716044,-1.8598420232283956,-1.8598420232283956,1.8598420232283956,0.0,-0.36726117720132834,0.0,0.0,-0.012829866977369875,3.0,3.0,2.619908955821302,Final_Backtest_Forecast_MWH,days8plus_final_low_confidence,raw_bias,none,none,recent_mean+last24_mean+same_hour+hourgroup+global+cloud_hourgroup+solar_hourgroup+solar_loss_hourgroup,3.0,2,246.370675,251.238635,14,235.2834877857143,255.17763309999998,33.729625,Peak,6,1,0,0,6.0,0.0,0.19,7.7,0.0,281.6241505521665,232.37504848540215,0.7600669325929061,0.7600669325929061,0.2713552725908919,Summer,-0.0,0.0,0.0,0.0,Clear/Low,0.0,None,-0.36726117720132734,weighted_fallback,global+hour+season_hour+season_hourgroup_maxtemp+season_hour_maxtemp+season_month_hour_maxtemp+season_cloud_hourgroup+season_solar_hourgroup+temp_cloud_hourgroup,278.9601420232284,0.0,278.97297189020577,none,170+,other,1.0,0.0,0.0,0.0,-0.012829866977383466,0.0,,,ar_disabled_or_empty,0.0,,,origin_day_disabled_or_empty,278.97297189020577,0.0,0.0,46.96518458200495,-2.2839174847593995,0.663991442789742,6.0,None,,,,,,,,,,,,,,,,,0.0,none,0.0,0.0,0.0,,,0.0,,,0.0,0.0,none,,,,,,,,,0.0,,,,,0.0,45,2025-05-07 23:00:00-07:00,2025-06-21 23:00:00-07:00,2025-06-29,0.7600669325929061,0.0,-0.7600669325929061,1,0,283.011391,175.710408,236.29735914285715,,,,,,,,,,,,,,,,,0.7600669325929061,1.1273281097942345,1.1273281097942345,1.1273281097942345,1.1401579767716044,-1.8598420232283956
2025-06-29 20:00:00-07:00,origin_06,2025-06-22 00:00:00-07:00,2025,6,189,8,Days8to16,Summer,6,20,261.44,92.7,100.5,0.0,0.0,0.0,0.0,263.46055392163686,261.810791015625,263.8731596961608,263.2835342491025,263.46055392163686,262.9750870649563,262.9750870649563,262.9750870649563,262.9120840269707,265.9120840269707,262.9120840269707,265.9120840269707,1,3.0,june_recent_100_105_hot_evening_lift,265.9120840269707,265.9120840269707,-2.0205539216368607,-0.3707910156250023,-2.4331596961608284,-1.843534249102504,-4.47208402697072,-1.4720840269707196,-4.47208402697072,-4.47208402697072,4.47208402697072,0.0,-0.4854668566805458,0.0,0.0,-0.06300303798559526,3.0,3.0,2.451530105333859,Final_Backtest_Forecast_MWH,days8plus_final_low_confidence,raw_bias,none,none,recent_mean+last24_mean+same_hour+hourgroup+global+cloud_hourgroup+solar_hourgroup+solar_loss_hourgroup,3.0,2,228.795275,232.64603499999998,14,235.2834877857143,255.17763309999998,32.644724999999994,Peak,6,1,0,0,6.0,0.0,0.23,9.2,0.0,264.2354480198603,219.8571511170622,-2.0205539216368607,2.0205539216368607,0.7728556921805617,Summer,-0.0,0.0,0.0,0.0,Clear/Low,0.0,None,-0.4854668566805652,weighted_fallback,global+hour+season_hour+season_hourgroup_maxtemp+season_hour_maxtemp+season_month_hour_maxtemp+season_cloud_hourgroup+season_solar_hourgroup+temp_cloud_hourgroup,262.9120840269707,0.0,262.9750870649563,none,170+,other,1.0,0.0,0.0,0.0,-0.06300303798562071,0.0,,,ar_disabled_or_empty,0.0,,,origin_day_disabled_or_empty,262.9750870649563,0.0,0.0,43.60340280457467,-0.7748940982234558,1.7105584558486535,6.0,None,,,,,,,,,,,,,,,,,0.0,none,0.0,0.0,0.0,,,0.0,,,0.0,0.0,none,,,,,,,,,0.0,,,,,0.0,45,2025-05-07 23:00:00-07:00,2025-06-21 23:00:00-07:00,2025-06-29,0.0,2.0205539216368607,2.0205539216368607,0,1,264.306775,171.204691,222.3378935714286,,,,,,,,,,,,,,,,,-2.0205539216368607,-1.5350870649563149,-1.5350870649563149,-1.5350870649563149,-1.4720840269707196,-4.47208402697072
2025-06-30 14:00:00-07:00,origin_06,2025-06-22 00:00:00-07:00,2025,6,207,9,Days8to16,Summer,6,14,228.0145,94.3,98.7,0.0,18.671976759020065,0.0,0.0,229.35675353746467,229.34967041015625,229.15305582609952,229.678873691698,227.30787059251045,226.95106933936827,226.95106933936827,226.95106933936827,226.65404134740493,224.53404134740492,224.53404134740492,224.53404134740492,0,0.0,none,224.53404134740492,224.53404134740492,-1.3422535374646714,-1.3351704101562518,-1.1385558260995197,-1.664373691697989,3.4804586525950754,3.4804586525950754,3.4804586525950754,3.4804586525950754,3.4804586525950754,-2.048882944954215,-0.35680125314218003,0.0,0.0,-0.29702799196334695,-2.1200000000000045,0.0,-4.822712190059747,Final_Backtest_Forecast_MWH,days8plus_final_low_confidence+long_horizon_peak_month_correction,raw_bias,none,none,recent_mean+last24_mean+same_hour+hourgroup+global+temp_hourgroup+cloud_hourgroup+solar_hourgroup+solar_loss_hourgroup+temp_cloud_hourgroup,3.0,2,201.51762050000002,205.0205769,14,235.2834877857143,255.17763309999998,26.496879499999977,Midday,0,0,0,0,5.0,1.1062091996065249,0.19,7.4,0.0,240.9657478379537,203.49180362994986,-1.3422535374646714,1.3422535374646714,0.5886702545077929,Summer,-2.0488829449542214,0.0,-2.0488829449542214,0.0,Clear/Low,4.0,None,-0.35680125314219324,weighted_fallback,global+hour+season_hour+season_hourgroup_maxtemp+season_hour_maxtemp+season_month_hour_maxtemp+season_cloud_hourgroup+season_solar_hourgroup+temp_cloud_hourgroup,226.65404134740493,0.0,226.95106933936827,none,170+,other,0.7,0.0,0.0,0.0,-0.2970279919633546,0.0,,,ar_disabled_or_empty,0.0,,,origin_day_disabled_or_empty,226.95106933936827,-2.12,0.0,25.864949907514813,-11.60899430048903,1.5264198779441989,5.0,High,,,,,,,,,,,,,,,,,0.0,none,0.0,0.0,0.0,,,0.0,,,0.0,0.0,none,,,,,,,,,0.0,,,,,0.0,45,2025-05-07 23:00:00-07:00,2025-06-21 23:00:00-07:00,2025-06-30,0.0,1.3422535374646714,1.3422535374646714,0,1,245.592216,178.926058,204.91094142857142,,,,,,,,,,,,,,,,,0.7066294074895438,1.0634306606317239,1.0634306606317239,1.0634306606317239,1.3604586525950708,3.4804586525950754
2025-06-30 15:00:00-07:00,origin_06,2025-06-22 00:00:00-07:00,2025,6,208,9,Days8to16,Summer,6,15,250.292991,96.3,98.7,0.0,14.52797732387404,0.0,0.0,249.9415388897121,250.2132110595703,250.33375902235994,249.24757234702025,248.2626755726604,247.87640743768006,247.87640743768006,247.87640743768006,247.61874007405322,245.49874007405322,245.49874007405322,245.49874007405322,0,0.0,none,245.49874007405322,245.49874007405322,0.3514521102879087,0.07977994042968817,-0.04076802235994137,1.0454186529797482,4.794250925946784,4.794250925946784,4.794250925946784,4.794250925946784,4.794250925946784,-1.678863317051679,-0.38626813498035517,0.0,0.0,-0.25766736362683673,-2.1200000000000045,0.0,-4.442798815658875,Final_Backtest_Forecast_MWH,days8plus_final_low_confidence+long_horizon_peak_month_correction,raw_bias,none,none,recent_mean+last24_mean+same_hour+hourgroup+global+temp_hourgroup+cloud_hourgroup+solar_hourgroup+solar_loss_hourgroup+temp_cloud_hourgroup,3.0,2,221.6103285,225.29963850000001,14,235.2834877857143,255.17763309999998,28.682662499999992,Midday,0,0,0,0,5.0,1.2910509456033519,0.16,7.0,0.0,261.1325721110587,222.4881585426879,0.3514521102879087,0.3514521102879087,0.14041628128847952,Summer,-1.6788633170516702,0.0,-1.6788633170516702,0.0,Clear/Low,3.0,None,-0.38626813498036305,weighted_fallback,global+hour+season_hour+season_hourgroup_maxtemp+season_hour_maxtemp+season_month_hour_maxtemp+season_cloud_hourgroup+season_solar_hourgroup+temp_cloud_hourgroup,247.61874007405322,0.0,247.87640743768006,none,170+,other,0.7,0.0,0.0,0.0,-0.2576673636268284,0.0,,,ar_disabled_or_empty,0.0,,,origin_day_disabled_or_empty,247.87640743768006,-2.12,0.0,27.453380347024193,-11.191033221346629,1.9154555254592742,5.0,Medium-High,,,,,,,,,,,,,,,,,0.0,none,0.0,0.0,0.0,,,0.0,,,0.0,0.0,none,,,,,,,,,0.0,,,,,0.0,45,2025-05-07 23:00:00-07:00,2025-06-21 23:00:00-07:00,2025-06-30,0.3514521102879087,0.0,-0.3514521102879087,1,0,266.976475,198.225441,225.3206328571429,,,,,,,,,,,,,,,,,2.0303154273395876,2.4165835623199428,2.4165835623199428,2.4165835623199428,2.6742509259467795,4.794250925946784
2025-06-30 16:00:00-07:00,origin_06,2025-06-22 00:00:00-07:00,2025,6,209,9,Days8to16,Summer,6,16,271.905066,98.2,98.7,0.0,9.16774076046415,0.0,0.0,266.7254760694617,267.2469177246094,266.376210706182,267.1253383102876,266.7254760694617,266.21682873473026,266.21682873473026,266.21682873473026,266.1384246508994,260.0184246508994,264.0184246508994,260.0184246508994,1,-4.0,june_recent_clear_98_100_peak_backoff,260.0184246508994,260.0184246508994,5.17958993053827,4.658148275390602,5.528855293817969,4.779727689712388,11.886641349100557,7.886641349100557,11.886641349100557,11.886641349100557,11.886641349100557,0.0,-0.5086473347314495,0.0,0.0,-0.07840408383083286,-6.1200000000000045,-4.0,-6.707051418562287,Final_Backtest_Forecast_MWH,days8plus_final_low_confidence+long_horizon_peak_month_correction,raw_bias,none,none,recent_mean+last24_mean+same_hour+hourgroup+global+cloud_hourgroup+solar_hourgroup+solar_loss_hourgroup,3.0,2,240.00802850000002,243.17653850000002,14,235.2834877857143,255.17763309999998,31.897037499999954,Peak,0,0,0,1,5.0,1.35,0.15,5.7,0.0,277.96257818477335,240.29419123171417,5.17958993053827,5.17958993053827,1.9049258650216803,Summer,-0.0,0.0,0.0,0.0,Clear/Low,2.0,None,-0.5086473347314301,weighted_fallback,global+hour+season_hour+season_hourgroup_maxtemp+season_hour_maxtemp+season_month_hour_maxtemp+season_cloud_hourgroup+season_solar_hourgroup+temp_cloud_hourgroup,266.1384246508994,0.0,266.21682873473026,none,170+,other,0.7,0.0,0.0,0.0,-0.0784040838308096,0.0,,,ar_disabled_or_empty,0.0,,,origin_day_disabled_or_empty,266.21682873473026,-2.12,0.0,26.43128483774754,-11.237102115311643,4.371614521187538,5.0,Medium-Low,,,,,,,,,,,,,,,,,0.0,none,0.0,0.0,0.0,,,0.0,,,0.0,0.0,none,,,,,,,,,0.0,,,,,0.0,45,2025-05-07 23:00:00-07:00,2025-06-21 23:00:00-07:00,2025-06-30,5.17958993053827,0.0,-5.17958993053827,1,0,285.005216,217.453166,243.97812814285712,,,,,,,,,,,,,,,,,5.17958993053827,5.68823726526972,5.68823726526972,5.68823726526972,5.766641349100553,11.886641349100557
2025-06-30 17:00:00-07:00,origin_06,2025-06-22 00:00:00-07:00,2025,6,210,9,Days8to16,Summer,6,17,285.456808,98.7,98.7,0.0,3.9050277327652148,0.0,0.0,279.24371639183175,278.51434326171875,279.6147030309148,278.8691297104478,279.24371639183175,278.7608978402344,278.7608978402344,278.7608978402344,278.72445271667766,272.60445271667766,276.60445271667766,272.60445271667766,1,-4.0,june_recent_clear_98_100_peak_backoff,272.60445271667766,272.60445271667766,6.21309160816827,6.942464738281274,5.842104969085199,6.58767828955223,12.852355283322368,8.852355283322368,12.852355283322368,12.852355283322368,12.852355283322368,0.0,-0.4828185515973473,0.0,0.0,-0.036445123556745784,-6.1200000000000045,-4.0,-6.639263675154098,Final_Backtest_Forecast_MWH,days8plus_final_low_confidence+long_horizon_peak_month_correction,raw_bias,none,none,recent_mean+last24_mean+same_hour+hourgroup+global+cloud_hourgroup+solar_hourgroup+solar_loss_hourgroup,3.0,2,252.02222899999998,255.4798122,14,235.2834877857143,255.17763309999998,33.43457900000004,Peak,0,0,0,1,5.0,1.35,0.14,6.1,0.0,285.2915012963313,252.7414297606762,6.21309160816827,6.21309160816827,2.1765435029205085,Summer,-0.0,0.0,0.0,0.0,Clear/Low,1.0,None,-0.4828185515973674,weighted_fallback,global+hour+season_hour+season_hourgroup_maxtemp+season_hour_maxtemp+season_month_hour_maxtemp+season_cloud_hourgroup+season_solar_hourgroup+temp_cloud_hourgroup,278.72445271667766,0.0,278.7608978402344,none,170+,other,0.7,0.0,0.0,0.0,-0.03644512355673864,0.0,,,ar_disabled_or_empty,0.0,,,origin_day_disabled_or_empty,278.7608978402344,-2.12,0.0,26.502286631155556,-6.047784904499565,4.502381769546854,5.0,Medium-Low,,,,,,,,,,,,,,,,,0.0,none,0.0,0.0,0.0,,,0.0,,,0.0,0.0,none,,,,,,,,,0.0,,,,,0.0,45,2025-05-07 23:00:00-07:00,2025-06-21 23:00:00-07:00,2025-06-30,6.21309160816827,0.0,-6.21309160816827,1,0,295.458308,231.863358,256.66675928571425,,,,,,,,,,,,,,,,,6.21309160816827,6.695910159765617,6.695910159765617,6.695910159765617,6.732355283322363,12.852355283322368
2025-06-30 18:00:00-07:00,origin_06,2025-06-22 00:00:00-07:00,2025,6,211,9,Days8to16,Summer,6,18,286.917341,97.1,98.7,0.0,1.3505836410092758e-15,0.0,0.0,281.3320646511877,277.3428955078125,281.8066161315037,281.72610350879836,281.3320646511877,280.8071565179278,280.8071565179278,280.8071565179278,280.7522295548712,274.6322295548712,278.6322295548712,274.6322295548712,1,-4.0,june_recent_clear_98_100_peak_backoff,274.6322295548712,274.6322295548712,5.585276348812329,9.574445492187522,5.110724868496334,5.191237491201662,12.285111445128848,8.285111445128848,12.285111445128848,12.285111445128848,12.285111445128848,0.0,-0.5249081332598848,0.0,0.0,-0.05492696305663003,-6.1200000000000045,-4.0,-6.699835096316519,Final_Backtest_Forecast_MWH,days8plus_final_low_confidence+long_horizon_peak_month_correction,raw_bias,none,none,recent_mean+last24_mean+same_hour+hourgroup+global+cloud_hourgroup+solar_hourgroup+solar_loss_hourgroup,3.0,2,256.660258,261.7058644,14,235.2834877857143,255.17763309999998,30.257083000000023,Peak,0,0,0,1,5.0,1.35,0.16,4.3,0.0,285.86556802929067,255.01648929406207,5.585276348812329,5.585276348812329,1.9466499756849232,Summer,-0.0,0.0,0.0,0.0,Clear/Low,0.0,None,-0.5249081332598677,weighted_fallback,global+hour+season_hour+season_hourgroup_maxtemp+season_hour_maxtemp+season_month_hour_maxtemp+season_cloud_hourgroup+season_solar_hourgroup+temp_cloud_hourgroup,280.7522295548712,0.0,280.8071565179278,none,170+,other,0.7,0.0,0.0,0.0,-0.05492696305662223,0.0,,,ar_disabled_or_empty,0.0,,,origin_day_disabled_or_empty,280.8071565179278,-2.12,0.0,26.315575357125624,-4.533503378102978,4.281759827520794,5.0,Low,,,,,,,,,,,,,,,,,0.0,none,0.0,0.0,0.0,,,0.0,,,0.0,0.0,none,,,,,,,,,0.0,,,,,0.0,45,2025-05-07 23:00:00-07:00,2025-06-21 23:00:00-07:00,2025-06-30,5.585276348812329,0.0,-5.585276348812329,1,0,293.555966,237.605125,258.8142557142857,,,,,,,,,,,,,,,,,5.585276348812329,6.1101844820722135,6.1101844820722135,6.1101844820722135,6.165111445128844,12.285111445128848
2025-06-30 19:00:00-07:00,origin_06,2025-06-22 00:00:00-07:00,2025,6,212,9,Days8to16,Summer,6,19,280.989416,96.3,98.7,0.0,0.0,0.0,0.0,273.8087213928064,272.915283203125,274.0650834550395,273.66113477777753,273.8087213928064,273.3595105493865,273.3595105493865,273.3595105493865,273.34668068240916,273.34668068240916,273.34668068240916,273.34668068240916,0,0.0,none,273.34668068240916,273.34668068240916,7.1806946071936295,8.074132796875006,6.924332544960521,7.328281222222472,7.642735317590848,7.642735317590848,7.642735317590848,7.642735317590848,7.642735317590848,0.0,-0.4492108434198485,0.0,0.0,-0.012829866977369875,0.0,0.0,-0.4620407103972184,Final_Backtest_Forecast_MWH,days8plus_final_low_confidence,raw_bias,none,none,recent_mean+last24_mean+same_hour+hourgroup+global+cloud_hourgroup+solar_hourgroup+solar_loss_hourgroup,3.0,2,246.370675,251.238635,14,235.2834877857143,255.17763309999998,34.618741,Peak,0,0,0,1,5.0,0.0,0.17,4.5,0.0,279.3402330674071,247.78285067771426,7.1806946071936295,7.1806946071936295,2.5555035877912315,Summer,-0.0,0.0,0.0,0.0,Clear/Low,0.0,None,-0.44921084341985723,weighted_fallback,global+hour+season_hour+season_hourgroup_maxtemp+season_hour_maxtemp+season_month_hour_maxtemp+season_cloud_hourgroup+season_solar_hourgroup+temp_cloud_hourgroup,273.34668068240916,0.0,273.3595105493865,none,170+,other,1.0,0.0,0.0,0.0,-0.012829866977383466,0.0,,,ar_disabled_or_empty,0.0,,,origin_day_disabled_or_empty,273.3595105493865,0.0,0.0,26.02587071509211,-5.531511674600722,2.7199370803314697,5.0,None,,,,,,,,,,,,,,,,,0.0,none,0.0,0.0,0.0,,,0.0,,,0.0,0.0,none,,,,,,,,,0.0,,,,,0.0,45,2025-05-07 23:00:00-07:00,2025-06-21 23:00:00-07:00,2025-06-30,7.1806946071936295,0.0,-7.1806946071936295,1,0,280.1003,233.494275,251.21020085714287,,,,,,,,,,,,,,,,,7.1806946071936295,7.629905450613478,7.629905450613478,7.629905450613478,7.642735317590848,7.642735317590848
2025-06-30 20:00:00-07:00,origin_06,2025-06-22 00:00:00-07:00,2025,6,213,9,Days8to16,Summer,6,20,263.834958,94.2,98.7,0.0,0.0,0.0,0.0,260.2238631190949,256.37274169921875,259.84711684151455,261.9162133895429,260.2238631190949,259.6463557412164,259.6463557412164,259.6463557412164,259.5833527032308,259.5833527032308,259.5833527032308,259.5833527032308,0,0.0,none,259.5833527032308,259.5833527032308,3.611094880905057,7.462216300781222,3.9878411584854234,1.918744610457054,4.251605296769185,4.251605296769185,4.251605296769185,4.251605296769185,4.251605296769185,0.0,-0.5775073778785327,0.0,0.0,-0.06300303798559526,0.0,0.0,-0.6405104158641279,Final_Backtest_Forecast_MWH,days8plus_final_low_confidence,raw_bias,none,none,recent_mean+last24_mean+same_hour+hourgroup+global+cloud_hourgroup+solar_hourgroup+solar_loss_hourgroup,3.0,2,228.795275,232.64603499999998,14,235.2834877857143,255.17763309999998,35.03968299999997,Peak,0,0,0,1,5.0,0.0,0.19,5.8,0.0,263.46055392163686,233.5960822186406,3.611094880905057,3.611094880905057,1.3686946219253695,Summer,-0.0,0.0,0.0,0.0,Clear/Low,0.0,None,-0.5775073778785135,weighted_fallback,global+hour+season_hour+season_hourgroup_maxtemp+season_hour_maxtemp+season_month_hour_maxtemp+season_cloud_hourgroup+season_solar_hourgroup+temp_cloud_hourgroup,259.5833527032308,0.0,259.6463557412164,none,170+,other,1.0,0.0,0.0,0.0,-0.06300303798562071,0.0,,,ar_disabled_or_empty,0.0,,,origin_day_disabled_or_empty,259.6463557412164,0.0,0.0,26.627780900454326,-3.2366908025419434,1.6114639731590024,5.0,None,,,,,,,,,,,,,,,,,0.0,none,0.0,0.0,0.0,,,0.0,,,0.0,0.0,none,,,,,,,,,0.0,,,,,0.0,45,2025-05-07 23:00:00-07:00,2025-06-21 23:00:00-07:00,2025-06-30,3.611094880905057,0.0,-3.611094880905057,1,0,261.44,221.154216,235.228652,,,,,,,,,,,,,,,,,3.611094880905057,4.18860225878359,4.18860225878359,4.18860225878359,4.251605296769185,4.251605296769185
2026-06-01 14:00:00-07:00,origin_18,2026-05-24 00:00:00-07:00,2026,5,207,9,Days8to16,Summer,6,14,190.248075,90.5,92.5,0.0,22.09404382650229,0.0,0.0,189.74643058231024,189.60435485839844,189.3500247829192,190.40994704532807,190.43804708959584,191.1287823687178,191.1287823687178,191.1287823687178,191.19463864348666,186.07463864348665,189.07463864348665,186.07463864348665,1,-3.0,june_recent_85_93_clear_afternoon_backoff,186.07463864348665,186.07463864348665,0.5016444176897608,0.6437201416015625,0.8980502170807938,-0.16187204532806732,4.173436356513349,1.1734363565133492,4.173436356513349,4.173436356513349,4.173436356513349,0.6916165072856018,0.6907352791219523,0.0,0.0,0.06585627476886202,-5.1200000000000045,-3.0,-3.6717919388235885,Final_Backtest_Forecast_MWH,days8plus_final_low_confidence+long_horizon_peak_month_correction,raw_bias,none,none,recent_mean+last24_mean+same_hour+hourgroup+global+temp_hourgroup+cloud_hourgroup+solar_hourgroup+solar_loss_hourgroup+temp_cloud_hourgroup,3.0,9,179.8123701111111,193.4245896,63,213.56628803174604,240.531745,10.435704888888893,Midday,0,0,0,0,4.0,1.173665330972151,0.2,2.8,0.0,141.21385305548904,125.75109202749006,0.5016444176897608,0.5016444176897608,0.2636791030289062,Spring,0.6916165072855994,0.0,0.6916165072855994,0.0,Clear/Low,5.0,None,0.690735279121947,weighted_fallback,global+hour+temp_cloud_hourgroup,191.19463864348666,0.0,191.1287823687178,none,170+,other,0.7,0.0,0.0,0.0,0.06585627476887135,0.0,,,ar_disabled_or_empty,0.0,,,origin_day_disabled_or_empty,191.1287823687178,-2.12,0.0,63.99533855482018,48.5325775268212,2.1936812535492667,4.0,High,,,,,,,,,,,,,,,,,,,,,,,,,,,,,,,,,,,,,,,,,,,,45,2026-04-08 23:00:00-07:00,2026-05-23 23:00:00-07:00,2026-06-01,0.5016444176897608,0.0,-0.5016444176897608,1,0,113.168525,97.388516,154.059127,,,,,,,,,,,,,,,,,-0.189972089595841,-0.8807073687177933,-0.8807073687177933,-0.8807073687177933,-0.9465636434866553,4.173436356513349
2026-06-01 15:00:00-07:00,origin_18,2026-05-24 00:00:00-07:00,2026,5,208,9,Days8to16,Summer,6,15,208.996966,91.9,92.5,0.0,17.85598958907007,0.0,0.0,207.5363439813271,206.8141632080078,207.73284074108014,207.43390072266345,208.4365687823279,209.00229148698273,209.00229148698273,209.00229148698273,209.09396936658135,203.97396936658134,206.97396936658134,203.97396936658134,1,-3.0,june_recent_85_93_clear_afternoon_backoff,203.97396936658134,203.97396936658134,1.4606220186728933,2.1828027919921738,1.2641252589198473,1.563065277336534,5.022996633418643,2.022996633418643,5.022996633418643,5.022996633418643,5.022996633418643,0.9002248010008032,0.5657227046548314,0.0,0.0,0.0916778795986204,-5.1200000000000045,-3.0,-3.5623746147457496,Final_Backtest_Forecast_MWH,days8plus_final_low_confidence+long_horizon_peak_month_correction,raw_bias,none,none,recent_mean+last24_mean+same_hour+hourgroup+global+temp_hourgroup+cloud_hourgroup+solar_hourgroup+solar_loss_hourgroup+temp_cloud_hourgroup,3.0,9,200.45681433333334,209.563091,63,213.56628803174604,240.531745,8.540151666666645,Midday,0,0,0,0,4.0,1.35,0.18,3.1,0.0,154.61728450105636,132.43532491975765,1.4606220186728933,1.4606220186728933,0.6988723552440916,Spring,0.9002248010007967,0.0,0.9002248010007967,0.0,Clear/Low,4.0,None,0.5657227046548232,weighted_fallback,global+hour+temp_cloud_hourgroup,209.09396936658135,0.0,209.00229148698273,none,170+,other,0.7,0.0,0.0,0.0,0.09167787959860756,0.0,,,ar_disabled_or_empty,0.0,,,origin_day_disabled_or_empty,209.00229148698273,-2.12,0.0,75.10101906156945,52.91905948027073,2.4033825607873385,4.0,Medium-High,,,,,,,,,,,,,,,,,,,,,,,,,,,,,,,,,,,,,,,,,,,,45,2026-04-08 23:00:00-07:00,2026-05-23 23:00:00-07:00,2026-06-01,1.4606220186728933,0.0,-1.4606220186728933,1,0,121.463241,99.629608,158.54062728571427,,,,,,,,,,,,,,,,,0.5603972176720902,-0.005325486982741268,-0.005325486982741268,-0.005325486982741268,-0.09700336658136166,5.022996633418643
2026-06-01 16:00:00-07:00,origin_18,2026-05-24 00:00:00-07:00,2026,5,209,9,Days8to16,Summer,6,16,225.060525,92.5,92.5,0.0,12.768784232660986,0.0,0.0,224.54079238775478,223.19219970703125,226.34941817572494,222.0839783440084,224.54079238775478,225.27118010254873,225.27118010254873,225.27118010254873,225.37479979581383,220.25479979581382,223.25479979581382,220.25479979581382,1,-3.0,june_recent_85_93_clear_afternoon_backoff,220.25479979581382,220.25479979581382,0.5197326122452353,1.8683252929687626,-1.2888931757249225,2.9765466559916263,4.805725204186189,1.8057252041861886,4.805725204186189,4.805725204186189,4.805725204186189,0.0,0.7303877147939488,0.0,0.0,0.10361969326510234,-5.1200000000000045,-3.0,-4.285992591940953,Final_Backtest_Forecast_MWH,days8plus_final_low_confidence+long_horizon_peak_month_correction,raw_bias,none,none,recent_mean+last24_mean+same_hour+hourgroup+global+temp_hourgroup+cloud_hourgroup+solar_hourgroup+solar_loss_hourgroup+temp_cloud_hourgroup,3.0,9,217.94929611111112,231.14446999999998,63,213.56628803174604,240.531745,7.111228888888888,Peak,0,0,0,1,4.0,1.35,0.16,2.9,0.0,169.4828507470776,141.21668068055394,0.5197326122452353,0.5197326122452353,0.23093015189813285,Spring,0.0,0.0,0.0,0.0,Clear/Low,3.0,None,0.7303877147939599,weighted_fallback,global+hour+temp_cloud_hourgroup,225.37479979581383,0.0,225.27118010254873,none,170+,other,0.7,0.0,0.0,0.0,0.10361969326509968,0.0,,,ar_disabled_or_empty,0.0,,,origin_day_disabled_or_empty,225.27118010254873,-2.12,0.0,83.32411170720084,55.05794164067717,2.1353034718932555,4.0,Medium-High,,,,,,,,,,,,,,,,,,,,,,,,,,,,,,,,,,,,,,,,,,,,45,2026-04-08 23:00:00-07:00,2026-05-23 23:00:00-07:00,2026-06-01,0.5197326122452353,0.0,-0.5197326122452353,1,0,127.706541,104.251466,160.18964614285713,,,,,,,,,,,,,,,,,0.5197326122452353,-0.21065510254871356,-0.21065510254871356,-0.21065510254871356,-0.3142747958138159,4.805725204186189
2026-06-01 17:00:00-07:00,origin_18,2026-05-24 00:00:00-07:00,2026,5,210,9,Days8to16,Summer,6,17,237.518291,92.4,92.5,0.0,6.348530385386856,0.0,0.0,237.147609686733,238.0699462890625,238.77001021418974,234.33459840006407,237.147609686733,238.13250853099302,238.13250853099302,238.13250853099302,238.26839850851908,233.14839850851908,236.14839850851908,233.14839850851908,1,-3.0,june_recent_85_93_clear_afternoon_backoff,233.14839850851908,233.14839850851908,0.37068131326699927,-0.5516552890624951,-1.251719214189734,3.183692599935938,4.369892491480925,1.3698924914809254,4.369892491480925,4.369892491480925,4.369892491480925,0.0,0.984898844260016,0.0,0.0,0.13588997752606247,-5.1200000000000045,-3.0,-3.999211178213926,Final_Backtest_Forecast_MWH,days8plus_final_low_confidence+long_horizon_peak_month_correction,raw_bias,none,none,recent_mean+last24_mean+same_hour+hourgroup+global+temp_hourgroup+cloud_hourgroup+solar_hourgroup+solar_loss_hourgroup+temp_cloud_hourgroup,3.0,9,230.0675838888889,245.80907820000002,63,213.56628803174604,240.531745,7.4507071111111145,Peak,0,0,0,1,4.0,1.35,0.15,3.8,0.0,183.5891144000568,149.6387451506636,0.37068131326699927,0.37068131326699927,0.15606432317543042,Spring,0.0,0.0,0.0,0.0,Clear/Low,2.0,None,0.9848988442600248,weighted_fallback,global+hour+temp_cloud_hourgroup,238.26839850851908,0.0,238.13250853099302,none,170+,other,0.7,0.0,0.0,0.0,0.13588997752604978,0.0,,,ar_disabled_or_empty,0.0,,,origin_day_disabled_or_empty,238.13250853099302,-2.12,0.0,87.50886453606941,53.55849528667622,1.8398130405379707,4.0,Medium-Low,,,,,,,,,,,,,,,,,,,,,,,,,,,,,,,,,,,,,,,,,,,,45,2026-04-08 23:00:00-07:00,2026-05-23 23:00:00-07:00,2026-06-01,0.37068131326699927,0.0,-0.37068131326699927,1,0,134.152408,107.817666,197.61604457142857,,,,,,,,,,,,,,,,,0.37068131326699927,-0.6142175309930167,-0.6142175309930167,-0.6142175309930167,-0.7501075085190791,4.369892491480925
2026-06-01 18:00:00-07:00,origin_18,2026-05-24 00:00:00-07:00,2026,5,211,9,Days8to16,Summer,6,18,241.827958,91.6,92.5,0.0,2.7252471458802625,0.0,0.0,241.0698705781308,240.79022216796875,241.79588563874503,240.0088893143547,241.0698705781308,242.09948620134634,242.09948620134634,242.09948620134634,242.25803273776873,240.13803273776873,240.13803273776873,240.13803273776873,0,0.0,none,240.13803273776873,240.13803273776873,0.7580874218691918,1.0377358320312453,0.03207236125496138,1.8190686856453055,1.6899252622312702,1.6899252622312702,1.6899252622312702,1.6899252622312702,1.6899252622312702,0.0,1.029615623215534,0.0,0.0,0.15854653642239214,-2.1200000000000045,0.0,-0.9318378403620784,Final_Backtest_Forecast_MWH,days8plus_final_low_confidence+long_horizon_peak_month_correction,raw_bias,none,none,recent_mean+last24_mean+same_hour+hourgroup+global+temp_hourgroup+cloud_hourgroup+solar_hourgroup+solar_loss_hourgroup+temp_cloud_hourgroup,3.0,9,232.13308311111112,250.67742320000002,63,213.56628803174604,240.531745,9.694874888888876,Peak,0,0,0,1,4.0,1.35,0.15,4.3,0.0,189.0689318435864,154.88174782214892,0.7580874218691918,0.7580874218691918,0.31348212511854884,Spring,0.0,0.0,0.0,0.0,Clear/Low,1.0,None,1.0296156232155438,weighted_fallback,global+hour+temp_cloud_hourgroup,242.25803273776873,0.0,242.09948620134634,none,170+,other,0.7,0.0,0.0,0.0,0.15854653642238606,0.0,,,ar_disabled_or_empty,0.0,,,origin_day_disabled_or_empty,242.09948620134634,-2.12,0.0,86.18812275598188,52.000938734544405,0.6988130223682698,4.0,Medium-Low,,,,,,,,,,,,,,,,,,,,,,,,,,,,,,,,,,,,,,,,,,,,45,2026-04-08 23:00:00-07:00,2026-05-23 23:00:00-07:00,2026-06-01,0.7580874218691918,0.0,-0.7580874218691918,1,0,140.571816,109.887608,179.10195785714288,,,,,,,,,,,,,,,,,0.7580874218691918,-0.27152820134634226,-0.27152820134634226,-0.27152820134634226,-0.4300747377687344,1.6899252622312702
2026-06-01 19:00:00-07:00,origin_18,2026-05-24 00:00:00-07:00,2026,5,212,9,Days8to16,Summer,6,19,236.465941,90.0,92.5,0.0,0.6011609401787532,0.0,0.0,235.94277699868297,237.91383361816406,236.59784999498277,234.3502175417887,235.94277699868297,237.0685063114039,237.0685063114039,237.0685063114039,237.2632236005752,237.2632236005752,237.2632236005752,237.2632236005752,0,0.0,none,237.2632236005752,237.2632236005752,0.5231640013170136,-1.4478926181640759,-0.13190899498277986,2.115723458211278,-0.7972826005752154,-0.7972826005752154,-0.7972826005752154,-0.7972826005752154,0.7972826005752154,0.0,1.125729312720921,0.0,0.0,0.19471728917130804,0.0,0.0,1.320446601892229,Final_Backtest_Forecast_MWH,days8plus_final_low_confidence,raw_bias,none,none,recent_mean+last24_mean+same_hour+hourgroup+global+temp_hourgroup+cloud_hourgroup+solar_hourgroup+solar_loss_hourgroup+temp_cloud_hourgroup,3.0,9,224.49218300000004,245.3007078,63,213.56628803174604,240.531745,11.973757999999947,Peak,0,0,0,1,4.0,0.0,0.17,3.6,0.0,187.90346098132665,154.4485727299177,0.5231640013170136,0.5231640013170136,0.22124285599210824,Spring,0.0,0.0,0.0,0.0,Clear/Low,0.0,None,1.1257293127209351,weighted_fallback,global+hour+temp_cloud_hourgroup,237.2632236005752,0.0,237.0685063114039,none,170+,other,1.0,0.0,0.0,0.0,0.19471728917131365,0.0,,,ar_disabled_or_empty,0.0,,,origin_day_disabled_or_empty,237.0685063114039,0.0,0.0,81.49420426876529,48.03931601735633,0.33716593485030283,4.0,Low,,,,,,,,,,,,,,,,,,,,,,,,,,,,,,,,,,,,,,,,,,,,45,2026-04-08 23:00:00-07:00,2026-05-23 23:00:00-07:00,2026-06-01,0.5231640013170136,0.0,-0.5231640013170136,1,0,148.99605,111.072416,193.27135557142856,,,,,,,,,,,,,,,,,0.5231640013170136,-0.6025653114039073,-0.6025653114039073,-0.6025653114039073,-0.7972826005752154,-0.7972826005752154
2026-06-01 20:00:00-07:00,origin_18,2026-05-24 00:00:00-07:00,2026,5,213,9,Days8to16,Summer,6,20,223.068783,86.0,92.5,0.0,0.1006188661789611,0.0,0.0,226.04399429317056,227.0001220703125,227.87135458194172,222.89924876020388,226.04399429317056,227.47279743686184,227.47279743686184,227.47279743686184,227.6904373062808,227.6904373062808,227.6904373062808,227.6904373062808,0,0.0,none,227.6904373062808,227.6904373062808,-2.9752112931705597,-3.9313390703125037,-4.80257158194172,0.16953423979612126,-4.621654306280817,-4.621654306280817,-4.621654306280817,-4.621654306280817,4.621654306280817,0.0,1.4288031436912831,0.0,0.0,0.21763986941897429,0.0,0.0,1.6464430131102574,Final_Backtest_Forecast_MWH,days8plus_final_low_confidence,raw_bias,none,none,recent_mean+last24_mean+same_hour+hourgroup+global+temp_hourgroup+cloud_hourgroup+solar_hourgroup+solar_loss_hourgroup+temp_cloud_hourgroup,3.0,9,210.05268566666666,230.571863,63,213.56628803174604,240.531745,13.016097333333335,Peak,0,0,0,1,4.0,0.0,0.25,3.0,0.0,182.62749419256477,152.22378150710628,-2.9752112931705597,2.9752112931705597,1.3337640763344998,Spring,0.0,0.0,0.0,0.0,Clear/Low,0.0,None,1.4288031436912803,weighted_fallback,global+hour+temp_cloud_hourgroup,227.6904373062808,0.0,227.47279743686184,none,170+,other,1.0,0.0,0.0,0.0,0.21763986941897295,0.0,,,ar_disabled_or_empty,0.0,,,origin_day_disabled_or_empty,227.47279743686184,0.0,0.0,73.82021278606427,43.41650010060579,2.0718516702002256,4.0,Low,,,,,,,,,,,,,,,,,,,,,,,,,,,,,,,,,,,,,,,,,,,,45,2026-04-08 23:00:00-07:00,2026-05-23 23:00:00-07:00,2026-06-01,0.0,2.9752112931705597,2.9752112931705597,0,1,160.416141,115.767125,186.75915085714286,,,,,,,,,,,,,,,,,-2.9752112931705597,-4.404014436861843,-4.404014436861843,-4.404014436861843,-4.621654306280817,-4.621654306280817
2026-06-02 14:00:00-07:00,origin_18,2026-05-24 00:00:00-07:00,2026,5,231,10,Days8to16,Summer,6,14,204.34855,90.6,93.4,0.85,20.7862336302121,0.0,0.0,202.77008819060168,202.4923095703125,203.1978740456556,202.1772185955996,203.94345591724763,204.65440799432236,204.72995626663365,204.72995626663365,204.7982963318241,205.6782963318241,202.6782963318241,205.6782963318241,1,3.0,june_long_90_95_cloudy_peak_extra_up,205.6782963318241,205.6782963318241,1.5784618093983056,1.8562404296874888,1.1506759543443934,2.1713314044003766,-1.3297463318241114,1.6702536681758886,-1.3297463318241114,-1.3297463318241114,1.3297463318241114,1.1733677266459495,0.7109520770747224,0.0755482723112948,0.0,0.06834006519045488,0.8799999999999955,3.0,2.908208141222417,Final_Backtest_Forecast_MWH,days8plus_final_low_confidence+long_horizon_peak_month_correction,raw_bias+solar_cloud_midday,event_class_hour_loss+weekday_hour_cloud_loss+event_class_hour_temp+hour_cloud_loss+hour_base_loss+hour_temp_loss+hour_loss+hour_cloud,none,recent_mean+last24_mean+same_hour+hourgroup+global+temp_hourgroup+solar_hourgroup+solar_loss_hourgroup,3.0,10,179.72373889999997,191.9870738,70,213.90568264285713,239.40674,24.624811100000016,Midday,1,0,0,0,4.0,1.1386919066973413,0.25,3.0,0.0,189.74643058231024,134.9632370619782,1.5784618093983056,1.5784618093983056,0.7724360213949675,Spring,0.8850761135481604,0.2882916130978003,1.1733677266459608,4.0,Overcast,5.0,None,0.7109520770747102,weighted_fallback,global+hour+temp_cloud_hourgroup,204.7982963318241,0.0,204.65440799432236,none,170+,solar_loss_general,0.7,0.07554827231128185,0.10792610330183122,0.0,0.06834006519044672,0.0,,,ar_disabled_or_empty,0.0,,,origin_day_disabled_or_empty,204.72995626663365,-2.12,0.0,67.80685112862349,13.023657608291444,0.6507246231128684,4.0,High,,,,,,,,,,,,,,,,,,,,,,,,,,,,,,,,,,,,,,,,,,,,45,2026-04-08 23:00:00-07:00,2026-05-23 23:00:00-07:00,2026-06-02,1.5784618093983056,0.0,-1.5784618093983056,1,0,115.58095,96.422883,182.3182867142857,,,,,,,,,,,,,,,,,0.40509408275235614,-0.30585799432236627,-0.38140626663366106,-0.38140626663366106,-0.44974633182411594,-1.3297463318241114
2026-06-02 15:00:00-07:00,origin_18,2026-05-24 00:00:00-07:00,2026,5,232,10,Days8to16,Summer,6,15,221.277091,92.6,93.4,0.97,16.901295909342686,0.0,0.0,220.4841491273707,221.24072265625,221.75786609336106,218.26643002970607,223.83694363956252,224.42042531184322,224.5833026855625,224.5833026855625,224.68007259849477,225.56007259849477,222.56007259849477,225.56007259849477,1,3.0,june_long_90_95_cloudy_peak_extra_up,225.56007259849477,225.56007259849477,0.7929418726293136,0.036368343750012855,-0.4807750933610464,3.010660970293941,-4.282981598494757,-1.2829815984947572,-4.282981598494757,-4.282981598494757,4.282981598494757,3.352794512191821,0.5834816722806977,0.16287737371928301,0.0,0.09676991293227388,0.8799999999999955,3.0,5.075923471124071,Final_Backtest_Forecast_MWH,days8plus_final_low_confidence+long_horizon_peak_month_correction,raw_bias+solar_cloud_midday,event_class_hour_loss+weekday_hour_cloud_loss+event_class_hour_temp+hour_cloud_loss+hour_base_loss+hour_temp_loss+hour_loss+hour_cloud,none,recent_mean+last24_mean+same_hour+hourgroup+global+temp_hourgroup+solar_hourgroup+solar_loss_hourgroup,3.0,10,200.233677,207.070216,70,213.90568264285713,239.40674,21.043414000000013,Midday,1,0,0,0,4.0,1.3332272323606775,0.21,2.6,0.0,207.5363439813271,143.18367527663708,0.7929418726293136,0.7929418726293136,0.3583479288550994,Spring,1.239529079333538,2.1132654328582734,3.3527945121918115,4.0,Overcast,4.0,None,0.5834816722806991,weighted_fallback,global+hour+temp_cloud_hourgroup,224.68007259849477,0.0,224.42042531184322,none,170+,weekday_late_midday_solar_loss,0.5319999999999999,0.16287737371927696,0.3061604769159342,0.0,0.09676991293227749,0.0,,,ar_disabled_or_empty,0.0,,,origin_day_disabled_or_empty,224.5833026855625,-2.12,0.0,77.30047385073362,12.947805146043606,1.9355738902472996,4.0,Medium-High,,,,,,,,,,,,,,,,,,,,,,,,,,,,,,,,,,,,,,,,,,,,45,2026-04-08 23:00:00-07:00,2026-05-23 23:00:00-07:00,2026-06-02,0.7929418726293136,0.0,-0.7929418726293136,1,0,121.906483,100.195808,191.13562342857145,,,,,,,,,,,,,,,,,-2.559852639562507,-3.143334311843205,-3.306211685562488,-3.306211685562488,-3.402981598494762,-4.282981598494757
2026-06-02 16:00:00-07:00,origin_18,2026-05-24 00:00:00-07:00,2026,5,233,10,Days8to16,Summer,6,16,239.70915,93.4,93.4,0.99,10.806538723351252,0.0,0.0,238.1267803042183,238.910400390625,239.43058723253426,235.85404939217696,238.1267803042183,238.62591322032873,239.03042292556052,239.03042292556052,239.1195054936953,239.9995054936953,236.9995054936953,239.9995054936953,1,3.0,june_long_90_95_cloudy_peak_extra_up,239.9995054936953,239.9995054936953,1.5823696957816935,0.798749609374994,0.27856276746572917,3.855100607823033,-0.29035549369530145,2.7096445063046986,-0.29035549369530145,-0.29035549369530145,0.29035549369530145,0.0,0.4991329161104261,0.40450970523178853,0.0,0.08908256813478488,0.8799999999999955,3.0,1.872725189476995,Final_Backtest_Forecast_MWH,days8plus_final_low_confidence+long_horizon_peak_month_correction,raw_bias+solar_cloud_midday,event_class_hour_loss+weekday_hour_cloud_loss+event_class_hour_temp+hour_cloud_loss+hour_base_loss+hour_temp_loss+hour_loss+hour_cloud,none,recent_mean+last24_mean+same_hour+hourgroup+global+temp_hourgroup+solar_hourgroup+solar_loss_hourgroup,3.0,10,217.8996831,228.46922249999997,70,213.90568264285713,239.40674,21.80946689999999,Peak,1,0,0,1,4.0,1.35,0.2,2.4,0.0,224.54079238775478,153.282733114497,1.5823696957816935,1.5823696957816935,0.6601206903373081,Spring,0.0,0.0,0.0,4.0,Overcast,3.0,None,0.49913291611041855,weighted_fallback,global+hour+temp_cloud_hourgroup,239.1195054936953,0.0,238.62591322032873,none,170+,warm_cloud_peak_transition,0.644,0.40450970523179985,0.6281206602978259,0.0,0.08908256813479472,0.0,,,ar_disabled_or_empty,0.0,,,origin_day_disabled_or_empty,239.03042292556052,-2.12,0.0,84.8440471897213,13.585987916463523,0.12112824800192294,4.0,Medium-High,,,,,,,,,,,,,,,,,,,,,,,,,,,,,,,,,,,,,,,,,,,,45,2026-04-08 23:00:00-07:00,2026-05-23 23:00:00-07:00,2026-06-02,1.5823696957816935,0.0,-1.5823696957816935,1,0,128.748283,104.818333,194.63968671428572,,,,,,,,,,,,,,,,,1.5823696957816935,1.0832367796712674,0.6787270744394789,0.6787270744394789,0.589644506304694,-0.29035549369530145
2026-06-02 17:00:00-07:00,origin_18,2026-05-24 00:00:00-07:00,2026,5,234,10,Days8to16,Summer,6,17,251.334891,93.3,93.4,0.94,6.348757352276078,0.0,0.0,248.35804630436596,248.5223388671875,247.5299093545893,249.61246363606597,248.35804630436596,249.15343639481787,249.15343639481787,249.15343639481787,249.27804887188645,250.15804887188645,247.15804887188645,250.15804887188645,1,3.0,june_long_90_95_cloudy_peak_extra_up,250.15804887188645,250.15804887188645,2.9768446956340426,2.812552132812499,3.8049816454106917,1.722427363934031,1.1768421281135488,4.176842128113549,1.1768421281135488,1.1768421281135488,1.1768421281135488,0.0,0.7953900904519173,0.0,0.0,0.12461247706858103,0.8799999999999955,3.0,1.8000025675204938,Final_Backtest_Forecast_MWH,days8plus_final_low_confidence+long_horizon_peak_month_correction,raw_bias,none,none,recent_mean+last24_mean+same_hour+hourgroup+global+temp_hourgroup+solar_hourgroup+solar_loss_hourgroup,3.0,10,230.24716130000002,243.33112659999998,70,213.90568264285713,239.40674,21.087729699999983,Peak,1,0,0,1,4.0,1.35,0.19,2.9,0.0,237.147609686733,162.5654973429069,2.9768446956340426,2.9768446956340426,1.184413625895675,Spring,0.0,0.0,0.0,4.0,Overcast,2.0,None,0.7953900904519123,weighted_fallback,global+hour+temp_cloud_hourgroup,249.27804887188645,0.0,249.15343639481787,none,170+,warm_cloud_peak_transition,0.644,0.0,0.0,0.0,0.1246124770685681,0.0,,,ar_disabled_or_empty,0.0,,,origin_day_disabled_or_empty,249.15343639481787,-2.12,0.0,85.79254896145906,11.21043661763295,0.46823667157042226,4.0,Medium-Low,,,,,,,,,,,,,,,,,,,,,,,,,,,,,,,,,,,,,,,,,,,,45,2026-04-08 23:00:00-07:00,2026-05-23 23:00:00-07:00,2026-06-02,2.9768446956340426,0.0,-2.9768446956340426,1,0,136.156775,108.547,221.30571600000002,,,,,,,,,,,,,,,,,2.9768446956340426,2.1814546051821253,2.1814546051821253,2.1814546051821253,2.0568421281135443,1.1768421281135488
2026-06-02 18:00:00-07:00,origin_18,2026-05-24 00:00:00-07:00,2026,5,235,10,Days8to16,Summer,6,18,251.198791,92.6,93.4,1.0,2.158047316061634,0.0,0.0,249.1759047509442,248.24569702148438,249.6606547107471,248.6799284510996,249.1759047509442,250.0233462648714,250.0233462648714,250.0233462648714,250.17758104842628,251.05758104842627,248.05758104842627,251.05758104842627,1,3.0,june_long_90_95_cloudy_peak_extra_up,251.05758104842627,251.05758104842627,2.0228862490558015,2.953093978515625,1.5381362892528898,2.518862548900387,0.14120995157372818,3.141209951573728,0.14120995157372818,0.14120995157372818,0.14120995157372818,0.0,0.8474415139272082,0.0,0.0,0.15423478355486964,0.8799999999999955,3.0,1.8816762974820733,Final_Backtest_Forecast_MWH,days8plus_final_low_confidence+long_horizon_peak_month_correction,raw_bias,none,none,recent_mean+last24_mean+same_hour+hourgroup+global+temp_hourgroup+solar_hourgroup+solar_loss_hourgroup,3.0,10,232.6802873,248.66103660000002,70,213.90568264285713,239.40674,18.518503699999997,Peak,1,0,0,1,4.0,1.35,0.2,4.4,0.0,241.0698705781308,167.94693757346568,2.0228862490558015,2.0228862490558015,0.805292987678353,Spring,0.0,0.0,0.0,4.0,Overcast,1.0,None,0.847441513927213,weighted_fallback,global+hour+temp_cloud_hourgroup,250.17758104842628,0.0,250.0233462648714,none,170+,warm_cloud_peak_transition,0.644,0.0,0.0,0.0,0.1542347835548764,0.0,,,ar_disabled_or_empty,0.0,,,origin_day_disabled_or_empty,250.0233462648714,-2.12,0.0,81.22896717747852,8.106034172813395,0.05621442325083809,4.0,Low,,,,,,,,,,,,,,,,,,,,,,,,,,,,,,,,,,,,,,,,,,,,45,2026-04-08 23:00:00-07:00,2026-05-23 23:00:00-07:00,2026-06-02,2.0228862490558015,0.0,-2.0228862490558015,1,0,143.195116,113.789708,214.62466985714286,,,,,,,,,,,,,,,,,2.0228862490558015,1.1754447351285933,1.1754447351285933,1.1754447351285933,1.0212099515737236,0.14120995157372818
2026-06-02 19:00:00-07:00,origin_18,2026-05-24 00:00:00-07:00,2026,5,236,10,Days8to16,Summer,6,19,237.969425,90.2,93.4,0.97,0.3863582155123595,0.0,0.0,243.985150329171,243.03663635253906,246.2922433110923,240.63072249376097,243.985150329171,244.9444705264711,244.9444705264711,244.9444705264711,245.13385246787635,245.13385246787635,245.13385246787635,245.13385246787635,0,0.0,none,245.13385246787635,245.13385246787635,-6.015725329171005,-5.067211352539061,-8.322818311092306,-2.6612974937609692,-7.164427467876351,-7.164427467876351,-7.164427467876351,-7.164427467876351,7.164427467876351,0.0,0.9593201973000873,0.0,0.0,0.18938194140525866,0.0,0.0,1.148702138705346,Final_Backtest_Forecast_MWH,days8plus_final_low_confidence,raw_bias,none,none,recent_mean+last24_mean+same_hour+hourgroup+global+temp_hourgroup+solar_hourgroup+solar_loss_hourgroup,3.0,10,225.3923922,244.1583244,70,213.90568264285713,239.40674,12.577032800000012,Peak,1,0,0,1,4.0,0.0,0.23,7.5,0.0,235.94277699868297,166.99712012905505,-6.015725329171005,6.015725329171005,2.5279404398993717,Spring,0.0,0.0,0.0,4.0,Overcast,0.0,None,0.9593201973000731,weighted_fallback,global+hour+temp_cloud_hourgroup,245.13385246787635,0.0,244.9444705264711,none,170+,warm_cloud_peak_transition,0.92,0.0,0.0,0.0,0.18938194140527273,0.0,,,ar_disabled_or_empty,0.0,,,origin_day_disabled_or_empty,244.9444705264711,0.0,0.0,76.98803020011596,8.042373330488033,3.010650409344121,4.0,Low,,,,,,,,,,,,,,,,,,,,,,,,,,,,,,,,,,,,,,,,,,,,45,2026-04-08 23:00:00-07:00,2026-05-23 23:00:00-07:00,2026-06-02,0.0,6.015725329171005,6.015725329171005,0,1,154.249975,118.516458,221.72372085714284,,,,,,,,,,,,,,,,,-6.015725329171005,-6.975045526471092,-6.975045526471092,-6.975045526471092,-7.164427467876351,-7.164427467876351
2026-06-02 20:00:00-07:00,origin_18,2026-05-24 00:00:00-07:00,2026,5,237,10,Days8to16,Summer,6,20,225.91785,84.5,93.4,1.0,0.1080318085349435,0.0,0.0,229.23179805168854,228.6877899169922,231.4235759507681,225.94300653447667,229.23179805168854,230.5439035946373,230.5439035946373,230.5439035946373,230.75852352843646,230.75852352843646,230.75852352843646,230.75852352843646,0,0.0,none,230.75852352843646,230.75852352843646,-3.3139480516885556,-2.7699399169922003,-5.505725950768124,-0.02515653447667887,-4.840673528436469,-4.840673528436469,-4.840673528436469,-4.840673528436469,4.840673528436469,0.0,1.312105542948757,0.0,0.0,0.21461993379915612,0.0,0.0,1.526725476747913,Final_Backtest_Forecast_MWH,days8plus_final_low_confidence,raw_bias,none,none,recent_mean+last24_mean+same_hour+hourgroup+global+temp_hourgroup+solar_hourgroup+solar_loss_hourgroup,3.0,10,211.1628387,230.4176605,70,213.90568264285713,239.40674,14.755011299999978,Peak,1,0,0,1,4.0,0.0,0.31,9.6,0.0,226.04399429317056,163.76502626326416,-3.3139480516885556,3.3139480516885556,1.4668819005176243,Spring,0.0,0.0,0.0,4.0,Overcast,0.0,None,1.31210554294877,weighted_fallback,global+hour+temp_cloud_hourgroup,230.75852352843646,0.0,230.5439035946373,none,170+,warm_cloud_peak_transition,0.92,0.0,0.0,0.0,0.21461993379916025,0.0,,,ar_disabled_or_empty,0.0,,,origin_day_disabled_or_empty,230.5439035946373,0.0,0.0,65.46677178842438,3.187803758517987,2.142669792774882,4.0,Low,,,,,,,,,,,,,,,,,,,,,,,,,,,,,,,,,,,,,,,,,,,,45,2026-04-08 23:00:00-07:00,2026-05-23 23:00:00-07:00,2026-06-02,0.0,3.3139480516885556,3.3139480516885556,0,1,166.870333,125.663666,215.29376871428573,,,,,,,,,,,,,,,,,-3.3139480516885556,-4.6260535946373125,-4.6260535946373125,-4.6260535946373125,-4.840673528436469,-4.840673528436469
2026-06-03 14:00:00-07:00,origin_18,2026-05-24 00:00:00-07:00,2026,5,255,11,Days8to16,Summer,6,14,192.374825,89.2,93.3,0.0,21.761858010514217,0.0,0.0,194.5947700046401,193.27896118164062,194.77125963346816,194.69337453733877,195.2863865119257,195.97712179104767,195.97712179104767,195.97712179104767,196.04297806581653,193.92297806581652,193.92297806581652,193.92297806581652,0,0.0,none,193.92297806581652,193.92297806581652,-2.219945004640124,-0.9041361816406379,-2.396434633468175,-2.3185495373387823,-1.5481530658165354,-1.5481530658165354,-1.5481530658165354,-1.5481530658165354,1.5481530658165354,0.6916165072856018,0.6907352791219523,0.0,0.0,0.06585627476886202,-2.1200000000000045,0.0,-0.6717919388235885,Final_Backtest_Forecast_MWH,days8plus_final_low_confidence+long_horizon_peak_month_correction,raw_bias,none,none,recent_mean+last24_mean+same_hour+hourgroup+global+temp_hourgroup+cloud_hourgroup+solar_hourgroup+solar_loss_hourgroup+temp_cloud_hourgroup,3.0,10,179.72373889999997,191.9870738,70,213.90568264285713,239.40674,12.651086100000015,Midday,2,0,0,0,4.0,1.1539117923944557,0.25,3.0,0.0,202.77008819060168,146.41060737875355,-2.219945004640124,2.219945004640124,1.1539685635270227,Spring,0.6916165072855994,0.0,0.6916165072855994,0.0,Clear/Low,5.0,None,0.690735279121947,weighted_fallback,global+hour+temp_cloud_hourgroup,196.04297806581653,0.0,195.97712179104767,none,170+,other,0.7,0.0,0.0,0.0,0.06585627476887135,0.0,,,ar_disabled_or_empty,0.0,,,origin_day_disabled_or_empty,195.97712179104767,-2.12,0.0,48.18416262588656,-8.175318185961572,0.8047586610236218,4.0,High,,,,,,,,,,,,,,,,,,,,,,,,,,,,,,,,,,,,,,,,,,,,45,2026-04-08 23:00:00-07:00,2026-05-23 23:00:00-07:00,2026-06-03,0.0,2.219945004640124,2.219945004640124,0,1,113.497358,113.168525,196.89877857142855,,,,,,,,,,,,,,,,,-2.9115615119257257,-3.602296791047678,-3.602296791047678,-3.602296791047678,-3.66815306581654,-1.5481530658165354
2026-06-03 15:00:00-07:00,origin_18,2026-05-24 00:00:00-07:00,2026,5,256,11,Days8to16,Summer,6,15,216.148291,91.7,93.3,0.0,17.450449805038325,0.0,0.0,214.57686540683218,214.51502990722656,214.57482063201192,214.59774591000848,215.477090207833,216.04281291248782,216.04281291248782,216.04281291248782,216.13449079208644,214.01449079208643,214.01449079208643,214.01449079208643,0,0.0,none,214.01449079208643,214.01449079208643,1.5714255931678167,1.633261092773438,1.5734703679880795,1.550545089991516,2.1338002079135663,2.1338002079135663,2.1338002079135663,2.1338002079135663,2.1338002079135663,0.9002248010008032,0.5657227046548314,0.0,0.0,0.0916778795986204,-2.1200000000000045,0.0,-0.5623746147457496,Final_Backtest_Forecast_MWH,days8plus_final_low_confidence+long_horizon_peak_month_correction,raw_bias,none,none,recent_mean+last24_mean+same_hour+hourgroup+global+temp_hourgroup+cloud_hourgroup+solar_hourgroup+solar_loss_hourgroup+temp_cloud_hourgroup,3.0,10,200.233677,207.070216,70,213.90568264285713,239.40674,15.914614,Midday,2,0,0,0,4.0,1.334813023802108,0.24,2.3,0.0,220.4841491273707,156.48931770910937,1.5714255931678167,1.5714255931678167,0.7270127308884514,Spring,0.9002248010007967,0.0,0.9002248010007967,0.0,Clear/Low,4.0,None,0.5657227046548232,weighted_fallback,global+hour+temp_cloud_hourgroup,216.13449079208644,0.0,216.04281291248782,none,170+,other,0.7,0.0,0.0,0.0,0.09167787959860756,0.0,,,ar_disabled_or_empty,0.0,,,origin_day_disabled_or_empty,216.04281291248782,-2.12,0.0,58.08754769772281,-5.907283720538516,0.9871927268273273,4.0,Medium-High,,,,,,,,,,,,,,,,,,,,,,,,,,,,,,,,,,,,,,,,,,,,45,2026-04-08 23:00:00-07:00,2026-05-23 23:00:00-07:00,2026-06-03,1.5714255931678167,0.0,-1.5714255931678167,1,0,120.454241,121.463241,207.72132800000003,,,,,,,,,,,,,,,,,0.6712007921670136,0.10547808751218213,0.10547808751218213,0.10547808751218213,0.013800207913561735,2.1338002079135663
2026-06-03 16:00:00-07:00,origin_18,2026-05-24 00:00:00-07:00,2026,5,257,11,Days8to16,Summer,6,16,239.162783,93.3,93.3,0.0,11.948781590263016,0.0,0.0,234.7496400830544,234.30178833007812,234.96857793999314,234.53355252300096,234.7496400830544,235.48002779784835,235.48002779784835,235.48002779784835,235.58364749111345,233.46364749111345,233.46364749111345,233.46364749111345,0,0.0,none,233.46364749111345,233.46364749111345,4.4131429169455885,4.860994669921865,4.194205060006851,4.629230476999027,5.699135508886542,5.699135508886542,5.699135508886542,5.699135508886542,5.699135508886542,0.0,0.7303877147939488,0.0,0.0,0.10361969326510234,-2.1200000000000045,0.0,-1.2859925919409534,Final_Backtest_Forecast_MWH,days8plus_final_low_confidence+long_horizon_peak_month_correction,raw_bias,none,none,recent_mean+last24_mean+same_hour+hourgroup+global+temp_hourgroup+cloud_hourgroup+solar_hourgroup+solar_loss_hourgroup+temp_cloud_hourgroup,3.0,10,217.8996831,228.46922249999997,70,213.90568264285713,239.40674,21.263099899999986,Peak,2,0,0,1,4.0,1.35,0.22,1.5,0.0,238.1267803042183,168.1535383174071,4.4131429169455885,4.4131429169455885,1.8452465143565373,Spring,0.0,0.0,0.0,0.0,Clear/Low,3.0,None,0.7303877147939599,weighted_fallback,global+hour+temp_cloud_hourgroup,235.58364749111345,0.0,235.48002779784835,none,170+,other,0.7,0.0,0.0,0.0,0.10361969326509968,0.0,,,ar_disabled_or_empty,0.0,,,origin_day_disabled_or_empty,235.48002779784835,-2.12,0.0,66.59610176564729,-3.3771402211638986,2.3829524967881572,4.0,Medium-High,,,,,,,,,,,,,,,,,,,,,,,,,,,,,,,,,,,,,,,,,,,,45,2026-04-08 23:00:00-07:00,2026-05-23 23:00:00-07:00,2026-06-03,4.4131429169455885,0.0,-4.4131429169455885,1,0,124.9937,127.706541,224.81727971428572,,,,,,,,,,,,,,,,,4.4131429169455885,3.6827552021516397,3.6827552021516397,3.6827552021516397,3.5791355088865373,5.699135508886542
2026-06-03 17:00:00-07:00,origin_18,2026-05-24 00:00:00-07:00,2026,5,258,11,Days8to16,Summer,6,17,253.292233,93.3,93.3,0.0,6.303907497804443,0.0,0.0,247.85576671827022,248.01107788085938,247.32215460376815,248.64992542317646,247.85576671827022,248.84066556253023,248.84066556253023,248.84066556253023,248.9765555400563,246.8565555400563,246.8565555400563,246.8565555400563,0,0.0,none,246.8565555400563,246.8565555400563,5.436466281729793,5.281155119140635,5.970078396231855,4.642307576823555,6.435677459943719,6.435677459943719,6.435677459943719,6.435677459943719,6.435677459943719,0.0,0.984898844260016,0.0,0.0,0.13588997752606247,-2.1200000000000045,0.0,-0.9992111782139261,Final_Backtest_Forecast_MWH,days8plus_final_low_confidence+long_horizon_peak_month_correction,raw_bias,none,none,recent_mean+last24_mean+same_hour+hourgroup+global+temp_hourgroup+cloud_hourgroup+solar_hourgroup+solar_loss_hourgroup+temp_cloud_hourgroup,3.0,10,230.24716130000002,243.33112659999998,70,213.90568264285713,239.40674,23.045071699999994,Peak,2,0,0,1,4.0,1.35,0.2,2.6,0.0,248.35804630436596,177.96565343690662,5.436466281729793,5.436466281729793,2.146321747548332,Spring,0.0,0.0,0.0,0.0,Clear/Low,2.0,None,0.9848988442600248,weighted_fallback,global+hour+temp_cloud_hourgroup,248.9765555400563,0.0,248.84066556253023,none,170+,other,0.7,0.0,0.0,0.0,0.13588997752604978,0.0,,,ar_disabled_or_empty,0.0,,,origin_day_disabled_or_empty,248.84066556253023,-2.12,0.0,69.8901132813636,-0.5022795860957388,2.5408112138771024,4.0,Medium-Low,,,,,,,,,,,,,,,,,,,,,,,,,,,,,,,,,,,,,,,,,,,,45,2026-04-08 23:00:00-07:00,2026-05-23 23:00:00-07:00,2026-06-03,5.436466281729793,0.0,-5.436466281729793,1,0,130.518141,134.152408,237.37756600000003,,,,,,,,,,,,,,,,,5.436466281729793,4.451567437469777,4.451567437469777,4.451567437469777,4.315677459943714,6.435677459943719
2026-06-03 18:00:00-07:00,origin_18,2026-05-24 00:00:00-07:00,2026,5,259,11,Days8to16,Summer,6,18,258.099775,93.3,93.3,0.0,2.5135684153491384,0.0,0.0,254.35830822407925,253.51226806640625,254.11524192910454,254.9819953040889,254.35830822407925,255.3879238472948,255.3879238472948,255.3879238472948,255.54647038371718,253.42647038371717,253.42647038371717,253.42647038371717,0,0.0,none,253.42647038371717,253.42647038371717,3.7414667759207703,4.587506933593772,3.9845330708954805,3.1177796959111106,4.673304616282849,4.673304616282849,4.673304616282849,4.673304616282849,4.673304616282849,0.0,1.029615623215534,0.0,0.0,0.15854653642239214,-2.1200000000000045,0.0,-0.9318378403620784,Final_Backtest_Forecast_MWH,days8plus_final_low_confidence+long_horizon_peak_month_correction,raw_bias,none,none,recent_mean+last24_mean+same_hour+hourgroup+global+temp_hourgroup+cloud_hourgroup+solar_hourgroup+solar_loss_hourgroup+temp_cloud_hourgroup,3.0,10,232.6802873,248.66103660000002,70,213.90568264285713,239.40674,25.41948770000002,Peak,2,0,0,1,4.0,1.35,0.2,2.5,0.0,249.1759047509442,182.7536497784388,3.7414667759207703,3.7414667759207703,1.449620316763457,Spring,0.0,0.0,0.0,0.0,Clear/Low,1.0,None,1.0296156232155438,weighted_fallback,global+hour+temp_cloud_hourgroup,255.54647038371718,0.0,255.3879238472948,none,170+,other,0.7,0.0,0.0,0.0,0.15854653642238606,0.0,,,ar_disabled_or_empty,0.0,,,origin_day_disabled_or_empty,255.3879238472948,-2.12,0.0,71.60465844564044,5.182403473135054,1.8106581519812825,4.0,Medium-Low,,,,,,,,,,,,,,,,,,,,,,,,,,,,,,,,,,,,,,,,,,,,45,2026-04-08 23:00:00-07:00,2026-05-23 23:00:00-07:00,2026-06-03,3.7414667759207703,0.0,-3.7414667759207703,1,0,137.8902,140.571816,248.16857457142856,,,,,,,,,,,,,,,,,3.7414667759207703,2.7118511527052362,2.7118511527052362,2.7118511527052362,2.553304616282844,4.673304616282849
2026-06-03 19:00:00-07:00,origin_18,2026-05-24 00:00:00-07:00,2026,5,260,11,Days8to16,Summer,6,19,252.9156,92.4,93.3,0.0,0.5457846422450984,0.0,0.0,251.04354635429542,252.46136474609375,252.7192409155388,248.00522107468475,251.04354635429542,252.16927566701634,252.16927566701634,252.16927566701634,252.36399295618764,252.36399295618764,252.36399295618764,252.36399295618764,0,0.0,none,252.36399295618764,252.36399295618764,1.8720536457045966,0.45423525390626196,0.1963590844612213,4.910378925315257,0.5516070438123677,0.5516070438123677,0.5516070438123677,0.5516070438123677,0.5516070438123677,0.0,1.125729312720921,0.0,0.0,0.19471728917130804,0.0,0.0,1.320446601892229,Final_Backtest_Forecast_MWH,days8plus_final_low_confidence,raw_bias,none,none,recent_mean+last24_mean+same_hour+hourgroup+global+temp_hourgroup+cloud_hourgroup+solar_hourgroup+solar_loss_hourgroup+temp_cloud_hourgroup,3.0,10,225.3923922,244.1583244,70,213.90568264285713,239.40674,27.523207800000023,Peak,2,0,0,1,4.0,0.0,0.21,1.3,0.0,243.985150329171,181.11193113844334,1.8720536457045966,1.8720536457045966,0.7401890771880408,Spring,0.0,0.0,0.0,0.0,Clear/Low,0.0,None,1.1257293127209351,weighted_fallback,global+hour+temp_cloud_hourgroup,252.36399295618764,0.0,252.16927566701634,none,170+,other,1.0,0.0,0.0,0.0,0.19471728917131365,0.0,,,ar_disabled_or_empty,0.0,,,origin_day_disabled_or_empty,252.16927566701634,0.0,0.0,69.93161521585208,7.058396025124409,0.218099256752991,4.0,Low,,,,,,,,,,,,,,,,,,,,,,,,,,,,,,,,,,,,,,,,,,,,45,2026-04-08 23:00:00-07:00,2026-05-23 23:00:00-07:00,2026-06-03,1.8720536457045966,0.0,-1.8720536457045966,1,0,145.590008,148.99605,239.46024257142858,,,,,,,,,,,,,,,,,1.8720536457045966,0.7463243329836757,0.7463243329836757,0.7463243329836757,0.5516070438123677,0.5516070438123677
2026-06-03 20:00:00-07:00,origin_18,2026-05-24 00:00:00-07:00,2026,5,261,11,Days8to16,Summer,6,20,238.239391,89.0,93.3,0.0,0.0771403485505173,0.0,0.0,242.23730691810078,241.1313934326172,245.0479240620025,238.13659811639337,242.23730691810078,243.66611006179207,243.66611006179207,243.66611006179207,243.88374993121104,243.88374993121104,243.88374993121104,243.88374993121104,0,0.0,none,243.88374993121104,243.88374993121104,-3.997915918100773,-2.8920024326171756,-6.808533062002482,0.1027928836066394,-5.6443589312110305,-5.6443589312110305,-5.6443589312110305,-5.6443589312110305,5.6443589312110305,0.0,1.4288031436912831,0.0,0.0,0.21763986941897429,0.0,0.0,1.6464430131102574,Final_Backtest_Forecast_MWH,days8plus_final_low_confidence,raw_bias,none,none,recent_mean+last24_mean+same_hour+hourgroup+global+temp_hourgroup+cloud_hourgroup+solar_hourgroup+solar_loss_hourgroup+temp_cloud_hourgroup,3.0,10,211.1628387,230.4176605,70,213.90568264285713,239.40674,27.076552300000003,Peak,2,0,0,1,4.0,0.0,0.24,5.8,0.0,229.23179805168854,176.0968263912084,-3.997915918100773,3.997915918100773,1.678108687786552,Spring,0.0,0.0,0.0,0.0,Clear/Low,0.0,None,1.4288031436912803,weighted_fallback,global+hour+temp_cloud_hourgroup,243.88374993121104,0.0,243.66611006179207,none,170+,other,1.0,0.0,0.0,0.0,0.21763986941897295,0.0,,,ar_disabled_or_empty,0.0,,,origin_day_disabled_or_empty,243.66611006179207,0.0,0.0,66.14048052689239,13.005508866412242,2.3691963396645144,4.0,Low,,,,,,,,,,,,,,,,,,,,,,,,,,,,,,,,,,,,,,,,,,,,45,2026-04-08 23:00:00-07:00,2026-05-23 23:00:00-07:00,2026-06-03,0.0,3.997915918100773,3.997915918100773,0,1,158.646916,160.416141,219.995295,,,,,,,,,,,,,,,,,-3.997915918100773,-5.426719061792056,-5.426719061792056,-5.426719061792056,-5.6443589312110305,-5.6443589312110305
2026-06-04 14:00:00-07:00,origin_18,2026-05-24 00:00:00-07:00,2026,5,279,12,Days8to16,Summer,6,14,209.669616,91.0,94.5,0.0,20.19584626674185,0.0,0.0,218.7179791536558,218.4416046142578,218.51023644568187,219.12339613458556,219.37398493048477,220.06472020960672,220.06472020960672,220.06472020960672,220.13057648437558,218.01057648437558,218.01057648437558,218.01057648437558,0,0.0,none,218.01057648437558,218.01057648437558,-9.0483631536558,-8.771988614257822,-8.840620445681878,-9.453780134585571,-8.340960484375586,-8.340960484375586,-8.340960484375586,-8.340960484375586,8.340960484375586,0.6560057768289766,0.6907352791219523,0.0,0.0,0.06585627476886202,-2.1200000000000045,0.0,-0.7074026692802136,Final_Backtest_Forecast_MWH,days8plus_final_low_confidence+long_horizon_peak_month_correction,raw_bias,none,none,recent_mean+last24_mean+same_hour+hourgroup+global+temp_hourgroup+cloud_hourgroup+solar_hourgroup+solar_loss_hourgroup+temp_cloud_hourgroup,3.0,10,179.72373889999997,191.9870738,70,213.90568264285713,239.40674,29.94587710000002,Midday,3,0,0,0,4.0,1.1575274452260107,0.27,3.0,0.0,194.5947700046401,157.04170610548607,-9.0483631536558,9.0483631536558,4.315533803264942,Spring,0.656005776828963,0.0,0.656005776828963,0.0,Clear/Low,5.0,None,0.690735279121947,weighted_fallback,global+hour+temp_cloud_hourgroup,220.13057648437558,0.0,220.06472020960672,none,170+,other,0.7,0.0,0.0,0.0,0.06585627476887135,0.0,,,ar_disabled_or_empty,0.0,,,origin_day_disabled_or_empty,220.06472020960672,-2.12,0.0,61.67627304816972,24.12320914901568,3.9781445893312393,4.0,High,,,,,,,,,,,,,,,,,,,,,,,,,,,,,,,,,,,,,,,,,,,,45,2026-04-08 23:00:00-07:00,2026-05-23 23:00:00-07:00,2026-06-04,0.0,9.0483631536558,9.0483631536558,0,1,119.309683,115.58095,200.73725814285714,,,,,,,,,,,,,,,,,-9.704368930484776,-10.395104209606728,-10.395104209606728,-10.395104209606728,-10.46096048437559,-8.340960484375586
2026-06-04 15:00:00-07:00,origin_18,2026-05-24 00:00:00-07:00,2026,5,280,12,Days8to16,Summer,6,15,230.85115,93.3,94.5,0.0,16.26524390761898,0.0,0.0,238.6915222826853,239.26910400390625,239.7897694253601,236.80068199527608,239.55613635322945,240.12185905788428,240.12185905788428,240.12185905788428,240.2135369374829,238.0935369374829,238.0935369374829,238.0935369374829,0,0.0,none,238.0935369374829,238.0935369374829,-7.840372282685308,-8.41795400390626,-8.938619425360116,-5.9495319952760894,-7.242386937482905,-7.242386937482905,-7.242386937482905,-7.242386937482905,7.242386937482905,0.8646140705441496,0.5657227046548314,0.0,0.0,0.0916778795986204,-2.1200000000000045,0.0,-0.5979853452024031,Final_Backtest_Forecast_MWH,days8plus_final_low_confidence+long_horizon_peak_month_correction,raw_bias,none,none,recent_mean+last24_mean+same_hour+hourgroup+global+temp_hourgroup+cloud_hourgroup+solar_hourgroup+solar_loss_hourgroup+temp_cloud_hourgroup,3.0,10,200.233677,207.070216,70,213.90568264285713,239.40674,30.61747299999999,Midday,3,0,0,0,4.0,1.3421614125804044,0.24,3.2,0.0,214.57686540683218,169.17885568501802,-7.840372282685308,7.840372282685308,3.396289029829528,Spring,0.8646140705441603,0.0,0.8646140705441603,0.0,Clear/Low,4.0,None,0.5657227046548232,weighted_fallback,global+hour+temp_cloud_hourgroup,240.2135369374829,0.0,240.12185905788428,none,170+,other,0.7,0.0,0.0,0.0,0.09167787959860756,0.0,,,ar_disabled_or_empty,0.0,,,origin_day_disabled_or_empty,240.12185905788428,-2.12,0.0,69.51266659766728,24.114656875853115,3.1372540000268163,4.0,Medium-High,,,,,,,,,,,,,,,,,,,,,,,,,,,,,,,,,,,,,,,,,,,,45,2026-04-08 23:00:00-07:00,2026-05-23 23:00:00-07:00,2026-06-04,0.0,7.840372282685308,7.840372282685308,0,1,127.038066,121.906483,220.44675657142858,,,,,,,,,,,,,,,,,-8.704986353229458,-9.27070905788429,-9.27070905788429,-9.27070905788429,-9.36238693748291,-7.242386937482905
2026-06-04 16:00:00-07:00,origin_18,2026-05-24 00:00:00-07:00,2026,5,281,12,Days8to16,Summer,6,16,250.210058,94.5,94.5,0.0,11.344937437455537,0.0,0.0,256.33578369453585,256.5682678222656,256.701432811171,255.69476818904343,256.33578369453585,257.0661714093298,257.0661714093298,257.0661714093298,257.1697911025949,255.0497911025949,255.0497911025949,255.0497911025949,0,0.0,none,255.0497911025949,255.0497911025949,-6.125725694535845,-6.358209822265621,-6.491374811170999,-5.484710189043426,-4.8397331025948915,-4.8397331025948915,-4.8397331025948915,-4.8397331025948915,4.8397331025948915,0.0,0.7303877147939488,0.0,0.0,0.10361969326510234,-2.1200000000000045,0.0,-1.2859925919409534,Final_Backtest_Forecast_MWH,days8plus_final_low_confidence+long_horizon_peak_month_correction,raw_bias,none,none,recent_mean+last24_mean+same_hour+hourgroup+global+temp_hourgroup+cloud_hourgroup+solar_hourgroup+solar_loss_hourgroup+temp_cloud_hourgroup,3.0,10,217.8996831,228.46922249999997,70,213.90568264285713,239.40674,32.3103749,Peak,3,0,0,1,4.0,1.35,0.22,3.1,0.0,234.7496400830544,182.4645866191715,-6.125725694535845,6.125725694535845,2.448233193941326,Spring,0.0,0.0,0.0,0.0,Clear/Low,3.0,None,0.7303877147939599,weighted_fallback,global+hour+temp_cloud_hourgroup,257.1697911025949,0.0,257.0661714093298,none,170+,other,0.7,0.0,0.0,0.0,0.10361969326509968,0.0,,,ar_disabled_or_empty,0.0,,,origin_day_disabled_or_empty,257.0661714093298,-2.12,0.0,73.87119707536434,21.586143611481447,1.934268007161763,4.0,Medium-High,,,,,,,,,,,,,,,,,,,,,,,,,,,,,,,,,,,,,,,,,,,,45,2026-04-08 23:00:00-07:00,2026-05-23 23:00:00-07:00,2026-06-04,0.0,6.125725694535845,6.125725694535845,0,1,134.009758,128.748283,242.47525214285716,,,,,,,,,,,,,,,,,-6.125725694535845,-6.856113409329794,-6.856113409329794,-6.856113409329794,-6.959733102594896,-4.8397331025948915
2026-06-04 17:00:00-07:00,origin_18,2026-05-24 00:00:00-07:00,2026,5,282,12,Days8to16,Summer,6,17,261.03715,93.7,94.5,0.0,5.679774723144782,0.0,0.0,265.50253900049347,262.6208801269531,266.15074012901323,265.3072683338312,265.50253900049347,266.4874378447535,266.4874378447535,266.4874378447535,266.6233278222796,264.5033278222796,264.5033278222796,264.5033278222796,0,0.0,none,264.5033278222796,264.5033278222796,-4.465389000493474,-1.583730126953128,-5.113590129013232,-4.270118333831192,-3.466177822279576,-3.466177822279576,-3.466177822279576,-3.466177822279576,3.466177822279576,0.0,0.9848988442600444,0.0,0.0,0.13588997752606247,-2.1200000000000045,0.0,-0.9992111782138977,Final_Backtest_Forecast_MWH,days8plus_final_low_confidence+long_horizon_peak_month_correction,raw_bias,none,none,recent_mean+last24_mean+same_hour+hourgroup+global+temp_hourgroup+cloud_hourgroup+solar_hourgroup+solar_loss_hourgroup+temp_cloud_hourgroup,3.0,10,230.24716130000002,243.33112659999998,70,213.90568264285713,239.40674,30.78998869999998,Peak,3,0,0,1,4.0,1.35,0.22,3.7,0.0,247.85576671827022,192.9388610875356,-4.465389000493474,4.465389000493474,1.7106335249574527,Spring,0.0,0.0,0.0,0.0,Clear/Low,2.0,None,0.9848988442600248,weighted_fallback,global+hour+temp_cloud_hourgroup,266.6233278222796,0.0,266.4874378447535,none,170+,other,0.7,0.0,0.0,0.0,0.13588997752604978,0.0,,,ar_disabled_or_empty,0.0,,,origin_day_disabled_or_empty,266.4874378447535,-2.12,0.0,72.56367791295787,17.646772282223253,1.3278484776130817,4.0,Medium-Low,,,,,,,,,,,,,,,,,,,,,,,,,,,,,,,,,,,,,,,,,,,,45,2026-04-08 23:00:00-07:00,2026-05-23 23:00:00-07:00,2026-06-04,0.0,4.465389000493474,4.465389000493474,0,1,141.057125,136.156775,254.94582585714286,,,,,,,,,,,,,,,,,-4.465389000493474,-5.450287844753518,-5.450287844753518,-5.450287844753518,-5.586177822279581,-3.466177822279576
2026-06-04 18:00:00-07:00,origin_18,2026-05-24 00:00:00-07:00,2026,5,283,12,Days8to16,Summer,6,18,263.131475,93.0,94.5,0.0,2.545419713647152,0.0,0.0,266.2914105007691,265.4537048339844,264.16222464103976,269.8766184708536,266.2914105007691,267.3210261239846,267.3210261239846,267.3210261239846,267.479572660407,265.35957266040697,265.35957266040697,265.35957266040697,0,0.0,none,265.35957266040697,265.35957266040697,-3.159935500769052,-2.322229833984352,-1.0307496410397334,-6.745143470853577,-2.228097660406945,-2.228097660406945,-2.228097660406945,-2.228097660406945,2.228097660406945,0.0,1.029615623215534,0.0,0.0,0.15854653642236372,-2.1200000000000045,0.0,-0.9318378403621068,Final_Backtest_Forecast_MWH,days8plus_final_low_confidence+long_horizon_peak_month_correction,raw_bias,none,none,recent_mean+last24_mean+same_hour+hourgroup+global+temp_hourgroup+cloud_hourgroup+solar_hourgroup+solar_loss_hourgroup+temp_cloud_hourgroup,3.0,10,232.6802873,248.66103660000002,70,213.90568264285713,239.40674,30.45118770000002,Peak,3,0,0,1,4.0,1.35,0.22,3.3,0.0,254.35830822407925,198.03662820536331,-3.159935500769052,3.159935500769052,1.2008960542516063,Spring,0.0,0.0,0.0,0.0,Clear/Low,1.0,None,1.0296156232155438,weighted_fallback,global+hour+temp_cloud_hourgroup,267.479572660407,0.0,267.3210261239846,none,170+,other,0.7,0.0,0.0,0.0,0.15854653642238606,0.0,,,ar_disabled_or_empty,0.0,,,origin_day_disabled_or_empty,267.3210261239846,-2.12,0.0,68.25478229540576,11.933102276689823,0.8467621216378409,4.0,Medium-Low,,,,,,,,,,,,,,,,,,,,,,,,,,,,,,,,,,,,,,,,,,,,45,2026-04-08 23:00:00-07:00,2026-05-23 23:00:00-07:00,2026-06-04,0.0,3.159935500769052,3.159935500769052,0,1,150.099333,143.195116,255.86102471428572,,,,,,,,,,,,,,,,,-3.159935500769052,-4.189551123984586,-4.189551123984586,-4.189551123984586,-4.34809766040695,-2.228097660406945
2026-06-04 19:00:00-07:00,origin_18,2026-05-24 00:00:00-07:00,2026,5,284,12,Days8to16,Summer,6,19,255.920625,91.7,94.5,0.0,0.4792915785346224,0.0,0.0,261.91972081143274,261.9222717285156,263.4511190769601,259.5125089892946,261.91972081143274,263.04545012415366,263.04545012415366,263.04545012415366,263.24016741332497,263.24016741332497,263.24016741332497,263.24016741332497,0,0.0,none,263.24016741332497,263.24016741332497,-5.999095811432738,-6.001646728515624,-7.530494076960082,-3.591883989294587,-7.319542413324967,-7.319542413324967,-7.319542413324967,-7.319542413324967,7.319542413324967,0.0,1.125729312720921,0.0,0.0,0.19471728917130804,0.0,0.0,1.320446601892229,Final_Backtest_Forecast_MWH,days8plus_final_low_confidence,raw_bias,none,none,recent_mean+last24_mean+same_hour+hourgroup+global+temp_hourgroup+cloud_hourgroup+solar_hourgroup+solar_loss_hourgroup+temp_cloud_hourgroup,3.0,10,225.3923922,244.1583244,70,213.90568264285713,239.40674,30.528232800000012,Peak,3,0,0,1,4.0,0.0,0.23,3.3,0.0,251.04354635429542,196.01475684224806,-5.999095811432738,5.999095811432738,2.3441236170131807,Spring,0.0,0.0,0.0,0.0,Clear/Low,0.0,None,1.1257293127209351,weighted_fallback,global+hour+temp_cloud_hourgroup,263.24016741332497,0.0,263.04545012415366,none,170+,other,1.0,0.0,0.0,0.0,0.19471728917131365,0.0,,,ar_disabled_or_empty,0.0,,,origin_day_disabled_or_empty,263.04545012415366,0.0,0.0,65.90496396918468,10.876174457137324,2.860083048533102,4.0,Low,,,,,,,,,,,,,,,,,,,,,,,,,,,,,,,,,,,,,,,,,,,,45,2026-04-08 23:00:00-07:00,2026-05-23 23:00:00-07:00,2026-06-04,0.0,5.999095811432738,5.999095811432738,0,1,160.326075,154.249975,246.93938571428572,,,,,,,,,,,,,,,,,-5.999095811432738,-7.124825124153659,-7.124825124153659,-7.124825124153659,-7.319542413324967,-7.319542413324967
2026-06-04 20:00:00-07:00,origin_18,2026-05-24 00:00:00-07:00,2026,5,285,12,Days8to16,Summer,6,20,243.503625,89.8,94.5,0.0,0.0644294171567301,0.0,0.0,250.48241710827088,251.79217529296875,251.68214536810854,248.22291321861235,250.48241710827088,251.91122025196216,251.91122025196216,251.91122025196216,252.12886012138114,252.12886012138114,252.12886012138114,252.12886012138114,0,0.0,none,252.12886012138114,252.12886012138114,-6.978792108270881,-8.28855029296875,-8.178520368108536,-4.719288218612348,-8.625235121381138,-8.625235121381138,-8.625235121381138,-8.625235121381138,8.625235121381138,0.0,1.4288031436912831,0.0,0.0,0.21763986941897429,0.0,0.0,1.6464430131102574,Final_Backtest_Forecast_MWH,days8plus_final_low_confidence,raw_bias,none,none,recent_mean+last24_mean+same_hour+hourgroup+global+temp_hourgroup+cloud_hourgroup+solar_hourgroup+solar_loss_hourgroup+temp_cloud_hourgroup,3.0,10,211.1628387,230.4176605,70,213.90568264285713,239.40674,32.34078629999999,Peak,3,0,0,1,4.0,0.0,0.25,5.0,0.0,242.23730691810078,189.89944131835463,-6.978792108270881,6.978792108270881,2.8659910538378557,Spring,0.0,0.0,0.0,0.0,Clear/Low,0.0,None,1.4288031436912803,weighted_fallback,global+hour+temp_cloud_hourgroup,252.12886012138114,0.0,251.91122025196216,none,170+,other,1.0,0.0,0.0,0.0,0.21763986941897295,0.0,,,ar_disabled_or_empty,0.0,,,origin_day_disabled_or_empty,251.91122025196216,0.0,0.0,60.58297578991625,8.245110190170095,3.5421382829028265,4.0,Low,,,,,,,,,,,,,,,,,,,,,,,,,,,,,,,,,,,,,,,,,,,,45,2026-04-08 23:00:00-07:00,2026-05-23 23:00:00-07:00,2026-06-04,0.0,6.978792108270881,6.978792108270881,0,1,173.421408,166.870333,233.710764,,,,,,,,,,,,,,,,,-6.978792108270881,-8.407595251962164,-8.407595251962164,-8.407595251962164,-8.625235121381138,-8.625235121381138
2026-06-05 14:00:00-07:00,origin_18,2026-05-24 00:00:00-07:00,2026,5,303,13,Days8to16,Summer,6,14,229.425308,94.3,96.8,0.17,17.999401905007012,0.0,0.0,236.15215618495506,237.24215698242188,236.34370032889592,235.5397294452004,236.85849073268687,237.63103719833748,237.63103719833748,237.63103719833748,237.69806754213798,235.57806754213797,235.57806754213797,235.57806754213797,0,0.0,none,235.57806754213797,235.57806754213797,-6.72684818495506,-7.816848982421874,-6.918392328895919,-6.114421445200406,-6.1527595421379715,-6.1527595421379715,-6.1527595421379715,-6.1527595421379715,6.1527595421379715,0.7063345477318137,0.7725464656506063,0.0,0.0,0.06703034380049644,-2.1200000000000045,0.0,-0.5740886428170882,Final_Backtest_Forecast_MWH,days8plus_final_low_confidence+long_horizon_peak_month_correction,raw_bias,none,none,recent_mean+last24_mean+same_hour+hourgroup+global+cloud_hourgroup+solar_hourgroup+solar_loss_hourgroup,3.0,8,199.47841950000003,228.9191698,56,236.32982358928572,269.356791,29.94688849999997,Midday,4,0,0,0,5.0,1.1507333471328791,0.22,2.9,0.0,218.7179791536558,170.9328891806718,-6.72684818495506,6.72684818495506,2.932042782723456,Spring,0.7063345477318214,0.0,0.7063345477318214,0.0,Clear/Low,4.0,None,0.7725464656506102,weighted_fallback,global+hour,237.69806754213798,0.0,237.63103719833748,none,170+,other,0.7,0.0,0.0,0.0,0.0670303438004851,0.0,,,ar_disabled_or_empty,0.0,,,origin_day_disabled_or_empty,237.63103719833748,-2.12,0.0,65.21926700428327,17.43417703129927,2.681813787578296,5.0,Medium-High,,,,,,,,,,,,,,,,,,,,,,,,,,,,,,,,,,,,,,,,,,,,45,2026-04-08 23:00:00-07:00,2026-05-23 23:00:00-07:00,2026-06-05,0.0,6.72684818495506,6.72684818495506,0,1,124.624375,113.497358,210.37273057142855,,,,,,,,,,,,,,,,,-7.433182732686873,-8.20572919833748,-8.20572919833748,-8.20572919833748,-8.272759542137976,-6.1527595421379715
2026-06-05 15:00:00-07:00,origin_18,2026-05-24 00:00:00-07:00,2026,5,304,13,Days8to16,Summer,6,15,249.014525,95.9,96.8,0.27,15.093167989242133,0.0,0.0,254.98538775871594,254.84298706054688,254.7444533098425,255.40468494927967,256.01800945437213,256.63390379993655,256.63390379993655,256.63390379993655,256.7322719791985,254.6122719791985,254.6122719791985,254.6122719791985,0,0.0,none,254.6122719791985,254.6122719791985,-5.970862758715953,-5.828462060546883,-5.7299283098425065,-6.390159949279678,-5.597746979198519,-5.597746979198519,-5.597746979198519,-5.597746979198519,5.597746979198519,1.0326216956561893,0.6158943455644135,0.0,0.0,0.09836817926196773,-2.1200000000000045,0.0,-0.373115779517434,Final_Backtest_Forecast_MWH,days8plus_final_low_confidence+long_horizon_peak_month_correction,raw_bias,none,none,recent_mean+last24_mean+same_hour+hourgroup+global+solar_hourgroup+solar_loss_hourgroup,3.0,8,220.880339,250.3929885,56,236.32982358928572,269.356791,28.134186,Midday,4,0,0,0,5.0,1.3097034182030802,0.2,2.3,0.0,238.6915222826853,185.21558301934346,-5.970862758715953,5.970862758715953,2.3977969793994762,Spring,1.032621695656194,0.0,1.032621695656194,1.0,Some Clouds,4.0,None,0.6158943455643932,weighted_fallback,global+hour,256.7322719791985,0.0,256.63390379993655,none,170+,other,0.7,0.0,0.0,0.0,0.09836817926194981,0.0,,,ar_disabled_or_empty,0.0,,,origin_day_disabled_or_empty,256.63390379993655,-2.12,0.0,69.76980473937249,16.293865476030646,2.24796002530315,5.0,Medium-High,,,,,,,,,,,,,,,,,,,,,,,,,,,,,,,,,,,,,,,,,,,,45,2026-04-08 23:00:00-07:00,2026-05-23 23:00:00-07:00,2026-06-05,0.0,5.970862758715953,5.970862758715953,0,1,132.480216,120.454241,223.182202,,,,,,,,,,,,,,,,,-7.003484454372142,-7.619378799936555,-7.619378799936555,-7.619378799936555,-7.717746979198523,-5.597746979198519
2026-06-05 16:00:00-07:00,origin_18,2026-05-24 00:00:00-07:00,2026,5,305,13,Days8to16,Summer,6,16,268.59595,96.8,96.8,0.27,10.902754088434738,0.0,0.0,268.4436583672807,270.46514892578125,268.1062159266485,268.39635632870267,268.4436583672807,268.96716656133276,268.96716656133276,268.96716656133276,269.0258939956756,266.90589399567557,266.90589399567557,266.90589399567557,0,0.0,none,266.90589399567557,266.90589399567557,0.15229163271931156,-1.8691989257812338,0.48973407335154207,0.19959367129735028,1.6900560043244468,1.6900560043244468,1.6900560043244468,1.6900560043244468,1.6900560043244468,0.0,0.5235081940520558,0.0,0.0,0.05872743434281347,-2.1200000000000045,0.0,-1.5377643716051352,Final_Backtest_Forecast_MWH,days8plus_final_low_confidence+long_horizon_peak_month_correction,raw_bias,none,none,recent_mean+last24_mean+same_hour+hourgroup+global+solar_hourgroup+solar_loss_hourgroup,3.0,8,240.86553600000002,267.7118679,56,236.32982358928572,269.356791,27.730413999999996,Peak,4,0,0,1,5.0,1.35,0.18,2.0,0.0,256.33578369453585,200.03114119745194,0.15229163271931156,0.15229163271931156,0.056699154517896325,Spring,0.0,0.0,0.0,1.0,Some Clouds,3.0,None,0.5235081940520275,weighted_fallback,global+hour,269.0258939956756,0.0,268.96716656133276,none,170+,other,0.7,0.0,0.0,0.0,0.05872743434282199,0.0,,,ar_disabled_or_empty,0.0,,,origin_day_disabled_or_empty,268.96716656133276,-2.12,0.0,68.41251716982876,12.107874672744856,0.6292187221454556,5.0,Medium-High,,,,,,,,,,,,,,,,,,,,,,,,,,,,,,,,,,,,,,,,,,,,45,2026-04-08 23:00:00-07:00,2026-05-23 23:00:00-07:00,2026-06-05,0.15229163271931156,0.0,-0.15229163271931156,1,0,140.481283,124.9937,252.30680571428573,,,,,,,,,,,,,,,,,0.15229163271931156,-0.3712165613327443,-0.3712165613327443,-0.3712165613327443,-0.42994399567555774,1.6900560043244468
2026-06-05 17:00:00-07:00,origin_18,2026-05-24 00:00:00-07:00,2026,5,306,13,Days8to16,Summer,6,17,273.122358,96.3,96.8,0.4,5.7921731317674094,0.0,0.0,277.796956554441,277.7821960449219,278.13186228793296,277.27489340453053,277.796956554441,278.64269575549514,278.64269575549514,278.64269575549514,278.7400766072494,276.6200766072494,276.6200766072494,276.6200766072494,0,0.0,none,276.6200766072494,276.6200766072494,-4.6745985544409905,-4.659838044921855,-5.009504287932941,-4.152535404530511,-3.4977186072493964,-3.4977186072493964,-3.4977186072493964,-3.4977186072493964,3.4977186072493964,0.0,0.8457392010541298,0.0,0.0,0.09738085175428068,-2.1200000000000045,0.0,-1.176879947191594,Final_Backtest_Forecast_MWH,days8plus_final_low_confidence+long_horizon_peak_month_correction,raw_bias,none,none,recent_mean+last24_mean+same_hour+hourgroup+global+solar_hourgroup+solar_loss_hourgroup,3.0,8,253.621961125,277.809623,56,236.32982358928572,269.356791,19.500396875000007,Peak,4,0,0,1,5.0,1.35,0.19,2.6,0.0,265.50253900049347,210.8727960325394,-4.6745985544409905,4.6745985544409905,1.711540054308183,Spring,0.0,0.0,0.0,1.0,Some Clouds,2.0,None,0.8457392010541479,weighted_fallback,global+hour,278.7400766072494,0.0,278.64269575549514,none,170+,other,0.7,0.0,0.0,0.0,0.09738085175428968,0.0,,,ar_disabled_or_empty,0.0,,,origin_day_disabled_or_empty,278.64269575549514,-2.12,0.0,66.9241605219016,12.29441755394754,1.2806416262887552,5.0,Medium-Low,,,,,,,,,,,,,,,,,,,,,,,,,,,,,,,,,,,,,,,,,,,,45,2026-04-08 23:00:00-07:00,2026-05-23 23:00:00-07:00,2026-06-05,0.0,4.6745985544409905,4.6745985544409905,0,1,151.044775,130.518141,256.3318628571429,,,,,,,,,,,,,,,,,-4.6745985544409905,-5.52033775549512,-5.52033775549512,-5.52033775549512,-5.617718607249401,-3.4977186072493964
2026-06-05 18:00:00-07:00,origin_18,2026-05-24 00:00:00-07:00,2026,5,307,13,Days8to16,Summer,6,18,274.913308,96.0,96.8,0.27,2.266932836487644,0.0,0.0,278.0667204396319,278.3284606933594,276.32520520470894,280.7286043077316,278.0667204396319,278.96907458221324,278.96907458221324,278.96907458221324,279.09868189926584,276.97868189926584,276.97868189926584,276.97868189926584,0,0.0,none,276.97868189926584,276.97868189926584,-3.15341243963195,-3.4151526933594027,-1.4118972047089642,-5.815296307731614,-2.0653738992658646,-2.0653738992658646,-2.0653738992658646,-2.0653738992658646,2.0653738992658646,0.0,0.9023541425813164,0.0,0.0,0.12960731705260287,-2.1200000000000045,0.0,-1.0880385403660853,Final_Backtest_Forecast_MWH,days8plus_final_low_confidence+long_horizon_peak_month_correction,raw_bias,none,none,recent_mean+last24_mean+same_hour+hourgroup+global+solar_hourgroup+solar_loss_hourgroup,3.0,8,256.90235175,276.73857730000003,56,236.32982358928572,269.356791,18.010956249999992,Peak,4,0,0,1,5.0,1.35,0.2,4.8,0.0,266.2914105007691,215.20970380162527,-3.15341243963195,3.15341243963195,1.1470570350242741,Spring,0.0,0.0,0.0,1.0,Some Clouds,1.0,None,0.9023541425812897,weighted_fallback,global+hour,279.09868189926584,0.0,278.96907458221324,none,170+,other,0.7,0.0,0.0,0.0,0.12960731705258122,0.0,,,ar_disabled_or_empty,0.0,,,origin_day_disabled_or_empty,278.96907458221324,-2.12,0.0,62.857016638006655,11.775309938862847,0.7512818911137851,5.0,Low,,,,,,,,,,,,,,,,,,,,,,,,,,,,,,,,,,,,,,,,,,,,45,2026-04-08 23:00:00-07:00,2026-05-23 23:00:00-07:00,2026-06-05,0.0,3.15341243963195,3.15341243963195,0,1,163.731575,137.8902,259.27036300000003,,,,,,,,,,,,,,,,,-3.15341243963195,-4.055766582213266,-4.055766582213266,-4.055766582213266,-4.185373899265869,-2.0653738992658646
2026-06-05 19:00:00-07:00,origin_18,2026-05-24 00:00:00-07:00,2026,5,308,13,Days8to16,Summer,6,19,265.752475,93.7,96.8,0.23,0.3943506418980094,0.0,0.0,266.99605637816296,269.1812744140625,267.3996395521172,265.7375062374064,266.99605637816296,268.02009797315935,268.02009797315935,268.02009797315935,268.1879423080931,268.1879423080931,268.1879423080931,268.1879423080931,0,0.0,none,268.1879423080931,268.1879423080931,-1.2435813781629577,-3.428799414062496,-1.6471645521172036,0.014968762593582596,-2.4354673080931093,-2.4354673080931093,-2.4354673080931093,-2.4354673080931093,2.4354673080931093,0.0,1.0240415949963904,0.0,0.0,0.16784433493376127,0.0,0.0,1.1918859299301516,Final_Backtest_Forecast_MWH,days8plus_final_low_confidence,raw_bias,none,none,recent_mean+last24_mean+same_hour+hourgroup+global+solar_hourgroup+solar_loss_hourgroup,3.0,8,249.521006,270.0134279,56,236.32982358928572,269.356791,16.231469000000004,Peak,4,0,0,1,5.0,0.0,0.24,9.6,0.0,261.91972081143274,212.58388395566058,-1.2435813781629577,1.2435813781629577,0.4679472423212456,Spring,0.0,0.0,0.0,1.0,Some Clouds,0.0,None,1.0240415949963748,weighted_fallback,global+hour,268.1879423080931,0.0,268.02009797315935,none,170+,other,1.0,0.0,0.0,0.0,0.16784433493378156,0.0,,,ar_disabled_or_empty,0.0,,,origin_day_disabled_or_empty,268.02009797315935,0.0,0.0,54.41217242250238,5.076335566730222,0.9164420041969916,5.0,Low,,,,,,,,,,,,,,,,,,,,,,,,,,,,,,,,,,,,,,,,,,,,45,2026-04-08 23:00:00-07:00,2026-05-23 23:00:00-07:00,2026-06-05,0.0,1.2435813781629577,1.2435813781629577,0,1,177.049733,145.590008,252.0683,,,,,,,,,,,,,,,,,-1.2435813781629577,-2.267622973159348,-2.267622973159348,-2.267622973159348,-2.4354673080931093,-2.4354673080931093
2026-06-05 20:00:00-07:00,origin_18,2026-05-24 00:00:00-07:00,2026,5,309,13,Days8to16,Summer,6,20,248.061708,89.4,96.8,0.24,0.0695295955523374,0.0,0.0,253.45388447259307,255.79031372070312,255.49533635140332,249.5783374492883,253.45388447259307,254.8616412550331,254.8616412550331,254.8616412550331,255.05694230696682,255.05694230696682,255.05694230696682,255.05694230696682,0,0.0,none,255.05694230696682,255.05694230696682,-5.392176472593064,-7.728605720703115,-7.433628351403314,-1.5166294492883026,-6.9952343069668075,-6.9952343069668075,-6.9952343069668075,-6.9952343069668075,6.9952343069668075,0.0,1.4077567824400319,0.0,0.0,0.19530105193371128,0.0,0.0,1.6030578343737432,Final_Backtest_Forecast_MWH,days8plus_final_low_confidence,raw_bias,none,none,recent_mean+last24_mean+same_hour+hourgroup+global+solar_hourgroup+solar_loss_hourgroup,3.0,8,233.03915174999997,253.381823,56,236.32982358928572,269.356791,15.022556250000036,Peak,4,0,0,1,5.0,0.0,0.27,11.1,0.0,250.48241710827088,204.89989365933843,-5.392176472593064,5.392176472593064,2.1737238351164883,Spring,0.0,0.0,0.0,1.0,Some Clouds,0.0,None,1.4077567824400186,weighted_fallback,global+hour,255.05694230696682,0.0,254.8616412550331,none,170+,other,1.0,0.0,0.0,0.0,0.1953010519337251,0.0,,,ar_disabled_or_empty,0.0,,,origin_day_disabled_or_empty,254.8616412550331,0.0,0.0,48.55399081325464,2.9714673643221943,2.819957325685594,5.0,Low,,,,,,,,,,,,,,,,,,,,,,,,,,,,,,,,,,,,,,,,,,,,45,2026-04-08 23:00:00-07:00,2026-05-23 23:00:00-07:00,2026-06-05,0.0,5.392176472593064,5.392176472593064,0,1,192.731983,158.646916,238.73527114285713,,,,,,,,,,,,,,,,,-5.392176472593064,-6.799933255033096,-6.799933255033096,-6.799933255033096,-6.9952343069668075,-6.9952343069668075
2026-06-01 14:00:00-07:00,origin_19,2026-05-28 00:00:00-07:00,2026,5,111,5,Days2to7,Summer,6,14,190.248075,90.5,92.5,0.0,22.09404382650229,0.0,0.0,194.02110224049648,194.31300354003906,194.85930671287386,192.6205234126055,194.88417059735,195.56412409441756,195.56412409441756,195.56412409441756,195.56412409441756,192.56412409441756,195.56412409441756,192.56412409441756,1,-3.0,june_recent_85_93_clear_afternoon_backoff,192.56412409441756,192.56412409441756,-3.773027240496475,-4.0649285400390625,-4.61123171287386,-2.3724484126055074,-2.316049094417565,-5.316049094417565,-2.316049094417565,-2.316049094417565,2.316049094417565,0.8630683568535176,0.6799534970675722,0.0,0.0,0.0,-3.0,-3.0,-1.4569781460789102,Recent_Corrected_Forecast_MWH,days4to7_recent_corrected,raw_bias,none,none,recent_mean+last24_mean+same_hour+hourgroup+global+temp_hourgroup+cloud_hourgroup+solar_hourgroup+solar_loss_hourgroup+temp_cloud_hourgroup,3.0,9,179.8123701111111,193.4245896,63,213.56628803174604,240.531745,10.435704888888893,Midday,0,0,0,0,4.0,1.173665330972151,0.2,2.8,0.0,141.71579254320432,124.1680556694265,-3.773027240496475,3.773027240496475,1.983214411234634,Spring,0.8630683568535232,0.0,0.8630683568535232,0.0,Clear/Low,5.0,None,0.6799534970675605,weighted_fallback,global+hour+temp_cloud_hourgroup,195.56412409441756,0.0,195.56412409441756,none,170+,other,0.7,0.0,0.0,0.0,0.0,0.0,,,ar_disabled_or_empty,0.0,,,origin_day_disabled_or_empty,195.56412409441756,0.0,0.0,69.85304657106998,52.30530969729216,1.217383720922046,4.0,High,,,,,,,,,,,,,,,,,,,,,,,,,,,,,,,,,,,,,,,,,,,,45,2026-04-12 23:00:00-07:00,2026-05-27 23:00:00-07:00,2026-06-01,0.0,3.773027240496475,3.773027240496475,0,1,113.168525,97.388516,136.6350067142857,,,,,,,,,,,,,,,,,-4.636095597349993,-5.316049094417565,-5.316049094417565,-5.316049094417565,-5.316049094417565,-2.316049094417565
2026-06-01 15:00:00-07:00,origin_19,2026-05-28 00:00:00-07:00,2026,5,112,5,Days2to7,Summer,6,15,208.996966,91.9,92.5,0.0,17.85598958907007,0.0,0.0,211.03644051628885,211.11412048339844,212.28781030006542,209.0478080083229,212.18219140331095,212.72533769920202,212.72533769920202,212.72533769920202,212.72533769920202,209.72533769920202,212.72533769920202,209.72533769920202,1,-3.0,june_recent_85_93_clear_afternoon_backoff,209.72533769920202,209.72533769920202,-2.0394745162888626,-2.1171544833984512,-3.29084430006543,-0.050842008322916854,-0.7283716992020288,-3.728371699202029,-0.7283716992020288,-0.7283716992020288,0.7283716992020288,1.1457508870221034,0.5431462958910629,0.0,0.0,0.0,-3.0,-3.0,-1.3111028170868337,Recent_Corrected_Forecast_MWH,days4to7_recent_corrected,raw_bias,none,none,recent_mean+last24_mean+same_hour+hourgroup+global+temp_hourgroup+cloud_hourgroup+solar_hourgroup+solar_loss_hourgroup+temp_cloud_hourgroup,3.0,9,200.45681433333334,209.563091,63,213.56628803174604,240.531745,8.540151666666645,Midday,0,0,0,0,4.0,1.35,0.18,3.1,0.0,155.76455352529524,134.03882483028926,-2.0394745162888626,2.0394745162888626,0.9758392934225001,Spring,1.1457508870220894,0.0,1.1457508870220894,0.0,Clear/Low,4.0,None,0.5431462958910759,weighted_fallback,global+hour+temp_cloud_hourgroup,212.72533769920202,0.0,212.72533769920202,none,170+,other,0.7,0.0,0.0,0.0,0.0,0.0,,,ar_disabled_or_empty,0.0,,,origin_day_disabled_or_empty,212.72533769920202,0.0,0.0,76.99761568599959,55.27188699099361,0.34850826456592143,4.0,Medium-High,,,,,,,,,,,,,,,,,,,,,,,,,,,,,,,,,,,,,,,,,,,,45,2026-04-12 23:00:00-07:00,2026-05-27 23:00:00-07:00,2026-06-01,0.0,2.0394745162888626,2.0394745162888626,0,1,121.463241,99.629608,168.82085814285713,,,,,,,,,,,,,,,,,-3.185225403310966,-3.728371699202029,-3.728371699202029,-3.728371699202029,-3.728371699202029,-0.7283716992020288
2026-06-01 16:00:00-07:00,origin_19,2026-05-28 00:00:00-07:00,2026,5,113,5,Days2to7,Summer,6,16,225.060525,92.5,92.5,0.0,12.768784232660986,0.0,0.0,227.37956805466771,228.3048095703125,228.9722617503761,224.6124089569417,227.37956805466771,228.06880285767954,228.06880285767954,228.06880285767954,228.06880285767954,225.06880285767954,228.06880285767954,225.06880285767954,1,-3.0,june_recent_85_93_clear_afternoon_backoff,225.06880285767954,225.06880285767954,-2.319043054667702,-3.2442845703124874,-3.911736750376093,0.4481160430583202,-0.008277857679530598,-3.0082778576795306,-0.008277857679530598,-0.008277857679530598,0.008277857679530598,0.0,0.6892348030118285,0.0,0.0,0.0,-3.0,-3.0,-2.3107651969881715,Recent_Corrected_Forecast_MWH,days4to7_recent_corrected,raw_bias,none,none,recent_mean+last24_mean+same_hour+hourgroup+global+temp_hourgroup+cloud_hourgroup+solar_loss_hourgroup+temp_cloud_hourgroup,3.0,9,217.94929611111112,231.14446999999998,63,213.56628803174604,240.531745,7.111228888888888,Peak,0,0,0,1,4.0,1.35,0.16,2.9,0.0,170.69137357014756,143.2098516365991,-2.319043054667702,2.319043054667702,1.0304086221551745,Spring,0.0,0.0,0.0,0.0,Clear/Low,3.0,None,0.6892348030118329,weighted_fallback,global+hour+temp_cloud_hourgroup,228.06880285767954,0.0,228.06880285767954,none,170+,other,0.7,0.0,0.0,0.0,0.0,0.0,,,ar_disabled_or_empty,0.0,,,origin_day_disabled_or_empty,228.06880285767954,0.0,0.0,84.16971641806862,56.68819448452015,0.0036780584598434564,4.0,Medium-High,,,,,,,,,,,,,,,,,,,,,,,,,,,,,,,,,,,,,,,,,,,,45,2026-04-12 23:00:00-07:00,2026-05-27 23:00:00-07:00,2026-06-01,0.0,2.319043054667702,2.319043054667702,0,1,127.706541,104.251466,183.7825307142857,,,,,,,,,,,,,,,,,-2.319043054667702,-3.0082778576795306,-3.0082778576795306,-3.0082778576795306,-3.0082778576795306,-0.008277857679530598
2026-06-01 17:00:00-07:00,origin_19,2026-05-28 00:00:00-07:00,2026,5,114,5,Days2to7,Summer,6,17,237.518291,92.4,92.5,0.0,6.348530385386856,0.0,0.0,238.49020598608325,239.24154663085938,240.17121848990857,235.63394615299313,238.49020598608325,239.4220048844245,239.4220048844245,239.4220048844245,239.4220048844245,236.4220048844245,239.4220048844245,236.4220048844245,1,-3.0,june_recent_85_93_clear_afternoon_backoff,236.4220048844245,236.4220048844245,-0.9719149860832488,-1.72325563085937,-2.6529274899085635,1.8843448470068722,1.0962861155755093,-1.9037138844244907,1.0962861155755093,1.0962861155755093,1.0962861155755093,0.0,0.931798898341242,0.0,0.0,0.0,-3.0,-3.0,-2.068201101658758,Recent_Corrected_Forecast_MWH,days4to7_recent_corrected,raw_bias,none,none,recent_mean+last24_mean+same_hour+hourgroup+global+temp_hourgroup+cloud_hourgroup+solar_hourgroup+solar_loss_hourgroup+temp_cloud_hourgroup,3.0,9,230.0675838888889,245.80907820000002,63,213.56628803174604,240.531745,7.4507071111111145,Peak,0,0,0,1,4.0,1.35,0.15,3.8,0.0,184.08233191313468,150.58447645742604,-0.9719149860832488,0.9719149860832488,0.4091958484507826,Spring,0.0,0.0,0.0,0.0,Clear/Low,2.0,None,0.9317988983412516,weighted_fallback,global+hour+temp_cloud_hourgroup,239.4220048844245,0.0,239.4220048844245,none,170+,other,0.7,0.0,0.0,0.0,0.0,0.0,,,ar_disabled_or_empty,0.0,,,origin_day_disabled_or_empty,239.4220048844245,0.0,0.0,87.90572952865722,54.40787407294857,0.46155860711186625,4.0,Medium-Low,,,,,,,,,,,,,,,,,,,,,,,,,,,,,,,,,,,,,,,,,,,,45,2026-04-12 23:00:00-07:00,2026-05-27 23:00:00-07:00,2026-06-01,0.0,0.9719149860832488,0.9719149860832488,0,1,134.152408,107.817666,186.75810885714284,,,,,,,,,,,,,,,,,-0.9719149860832488,-1.9037138844244907,-1.9037138844244907,-1.9037138844244907,-1.9037138844244907,1.0962861155755093
2026-06-01 18:00:00-07:00,origin_19,2026-05-28 00:00:00-07:00,2026,5,115,5,Days2to7,Summer,6,18,241.827958,91.6,92.5,0.0,2.7252471458802625,0.0,0.0,241.90256930601726,243.68028259277344,241.80907526435092,241.54157043241977,241.90256930601726,242.81413369348806,242.81413369348806,242.81413369348806,242.81413369348806,242.81413369348806,242.81413369348806,242.81413369348806,0,0.0,none,242.81413369348806,242.81413369348806,-0.0746113060172604,-1.8523245927734422,0.018882735649071947,0.28638756758022055,-0.9861756934880646,-0.9861756934880646,-0.9861756934880646,-0.9861756934880646,0.9861756934880646,0.0,0.9115643874708041,0.0,0.0,0.0,0.0,0.0,0.9115643874708041,Recent_Corrected_Forecast_MWH,days4to7_recent_corrected,raw_bias,none,none,recent_mean+last24_mean+same_hour+hourgroup+global+temp_hourgroup+cloud_hourgroup+solar_hourgroup+solar_loss_hourgroup+temp_cloud_hourgroup,3.0,9,232.13308311111112,250.67742320000002,63,213.56628803174604,240.531745,9.694874888888876,Peak,0,0,0,1,4.0,1.35,0.15,4.3,0.0,188.69429870406162,152.25715043837616,-0.0746113060172604,0.0746113060172604,0.03085305215919675,Spring,0.0,0.0,0.0,0.0,Clear/Low,1.0,None,0.9115643874708014,weighted_fallback,global+hour+temp_cloud_hourgroup,242.81413369348806,0.0,242.81413369348806,none,170+,other,0.7,0.0,0.0,0.0,0.0,0.0,,,ar_disabled_or_empty,0.0,,,origin_day_disabled_or_empty,242.81413369348806,0.0,0.0,89.6454188676411,53.20827060195563,0.40780052961786356,4.0,Medium-Low,,,,,,,,,,,,,,,,,,,,,,,,,,,,,,,,,,,,,,,,,,,,45,2026-04-12 23:00:00-07:00,2026-05-27 23:00:00-07:00,2026-06-01,0.0,0.0746113060172604,0.0746113060172604,0,1,140.571816,109.887608,204.167071,,,,,,,,,,,,,,,,,-0.0746113060172604,-0.9861756934880646,-0.9861756934880646,-0.9861756934880646,-0.9861756934880646,-0.9861756934880646
2026-06-01 19:00:00-07:00,origin_19,2026-05-28 00:00:00-07:00,2026,5,116,5,Days2to7,Summer,6,19,236.465941,90.0,92.5,0.0,0.6011609401787532,0.0,0.0,236.54002878549713,237.10311889648438,236.84630667964802,235.8978520629779,236.54002878549713,237.61897114514622,237.61897114514622,237.61897114514622,237.61897114514622,237.61897114514622,237.61897114514622,237.61897114514622,0,0.0,none,237.61897114514622,237.61897114514622,-0.07408778549714157,-0.6371778964843884,-0.3803656796480368,0.5680889370220825,-1.1530301451462321,-1.1530301451462321,-1.1530301451462321,-1.1530301451462321,1.1530301451462321,0.0,1.0789423596490906,0.0,0.0,0.0,0.0,0.0,1.0789423596490906,Recent_Corrected_Forecast_MWH,days4to7_recent_corrected,raw_bias,none,none,recent_mean+last24_mean+same_hour+hourgroup+global+temp_hourgroup+cloud_hourgroup+solar_hourgroup+solar_loss_hourgroup+temp_cloud_hourgroup,3.0,9,224.49218300000004,245.3007078,63,213.56628803174604,240.531745,11.973757999999947,Peak,0,0,0,1,4.0,0.0,0.17,3.6,0.0,187.18310745506324,153.22808723878785,-0.07408778549714157,0.07408778549714157,0.03133127129591216,Spring,0.0,0.0,0.0,0.0,Clear/Low,0.0,None,1.0789423596490884,weighted_fallback,global+hour+temp_cloud_hourgroup,237.61897114514622,0.0,237.61897114514622,none,170+,other,1.0,0.0,0.0,0.0,0.0,0.0,,,ar_disabled_or_empty,0.0,,,origin_day_disabled_or_empty,237.61897114514622,0.0,0.0,83.31194154670928,49.35692133043389,0.4876093953616061,4.0,Low,,,,,,,,,,,,,,,,,,,,,,,,,,,,,,,,,,,,,,,,,,,,45,2026-04-12 23:00:00-07:00,2026-05-27 23:00:00-07:00,2026-06-01,0.0,0.07408778549714157,0.07408778549714157,0,1,148.99605,111.072416,202.68388285714286,,,,,,,,,,,,,,,,,-0.07408778549714157,-1.1530301451462321,-1.1530301451462321,-1.1530301451462321,-1.1530301451462321,-1.1530301451462321
2026-06-01 20:00:00-07:00,origin_19,2026-05-28 00:00:00-07:00,2026,5,117,5,Days2to7,Summer,6,20,223.068783,86.0,92.5,0.0,0.1006188661789611,0.0,0.0,225.35384098681817,225.97122192382812,226.76441529392034,222.96082966508334,225.35384098681817,226.76166536877494,226.76166536877494,226.76166536877494,226.76166536877494,226.76166536877494,226.76166536877494,226.76166536877494,0,0.0,none,226.76166536877494,226.76166536877494,-2.285057986818174,-2.9024389238281287,-3.6956322939203403,0.10795333491665815,-3.6928823687749457,-3.6928823687749457,-3.6928823687749457,-3.6928823687749457,3.6928823687749457,0.0,1.4078243819567717,0.0,0.0,0.0,0.0,0.0,1.4078243819567717,Recent_Corrected_Forecast_MWH,days4to7_recent_corrected,raw_bias,none,none,recent_mean+last24_mean+same_hour+hourgroup+global+temp_hourgroup+cloud_hourgroup+solar_hourgroup+solar_loss_hourgroup+temp_cloud_hourgroup,3.0,9,210.05268566666666,230.571863,63,213.56628803174604,240.531745,13.016097333333335,Peak,0,0,0,1,4.0,0.0,0.25,3.0,0.0,182.4078676294043,153.7542566610409,-2.285057986818174,2.285057986818174,1.0243737183154733,Spring,0.0,0.0,0.0,0.0,Clear/Low,0.0,None,1.4078243819567813,weighted_fallback,global+hour+temp_cloud_hourgroup,226.76166536877494,0.0,226.76166536877494,none,170+,other,1.0,0.0,0.0,0.0,0.0,0.0,,,ar_disabled_or_empty,0.0,,,origin_day_disabled_or_empty,226.76166536877494,0.0,0.0,71.59958432577727,42.94597335741386,1.6554904362278904,4.0,Low,,,,,,,,,,,,,,,,,,,,,,,,,,,,,,,,,,,,,,,,,,,,45,2026-04-12 23:00:00-07:00,2026-05-27 23:00:00-07:00,2026-06-01,0.0,2.285057986818174,2.285057986818174,0,1,160.416141,115.767125,194.56784485714283,,,,,,,,,,,,,,,,,-2.285057986818174,-3.6928823687749457,-3.6928823687749457,-3.6928823687749457,-3.6928823687749457,-3.6928823687749457
2026-06-02 14:00:00-07:00,origin_19,2026-05-28 00:00:00-07:00,2026,5,135,6,Days2to7,Summer,6,14,204.34855,90.6,93.4,0.85,20.7862336302121,0.0,0.0,205.068863553366,205.07217407226562,205.50419283588084,204.38382881829983,206.36407329110045,207.0070030835411,206.70862852430298,206.70862852430298,206.64225209211202,206.64225209211202,206.64225209211202,206.64225209211202,0,0.0,none,206.64225209211202,206.64225209211202,-0.7203135533659974,-0.7236240722656362,-1.1556428358808546,-0.035278818299843806,-2.293702092112028,-2.293702092112028,-2.293702092112028,-2.293702092112028,2.293702092112028,1.2952097377344671,0.6429297924406399,-0.2983745592381126,0.0,-0.0663764321909639,0.0,0.0,1.5733885387460305,Recent_Corrected_Forecast_MWH,days4to7_recent_corrected,raw_bias+solar_cloud_midday,event_class_hour_loss+weekday_hour_cloud_loss+event_class_hour_temp+hour_cloud_loss+hour_base_loss+hour_temp_loss+hour_loss+hour_cloud,none,recent_mean+last24_mean+same_hour+hourgroup+global+temp_hourgroup+cloud_hourgroup+solar_hourgroup+solar_loss_hourgroup,3.0,10,179.72373889999997,191.9870738,70,213.90568264285713,239.40674,24.624811100000016,Midday,1,0,0,0,4.0,1.1386919066973413,0.25,3.0,0.0,194.02110224049648,135.16618698949742,-0.7203135533659974,0.7203135533659974,0.35249261781695906,Spring,1.035073504157904,0.2601362335765737,1.2952097377344778,4.0,Overcast,5.0,None,0.6429297924406306,weighted_fallback,global+hour+temp_cloud_hourgroup,206.64225209211202,0.0,207.0070030835411,none,170+,solar_loss_general,0.7,-0.29837455923811057,-0.29837455923811057,0.0,-0.06637643219095872,0.0,,,ar_disabled_or_empty,0.0,,,origin_day_disabled_or_empty,206.70862852430298,0.0,0.0,69.90267656386857,11.047761312869511,1.1224459836451142,4.0,High,,,,,,,,,,,,,,,,,,,,,,,,,,,,,,,,,,,,,,,,,,,,45,2026-04-12 23:00:00-07:00,2026-05-27 23:00:00-07:00,2026-06-02,0.0,0.7203135533659974,0.7203135533659974,0,1,115.58095,96.422883,163.18472942857144,,,,,,,,,,,,,,,,,-2.0155232911004646,-2.6584530835411044,-2.360078524302992,-2.360078524302992,-2.293702092112028,-2.293702092112028
2026-06-02 15:00:00-07:00,origin_19,2026-05-28 00:00:00-07:00,2026,5,136,6,Days2to7,Summer,6,15,221.277091,92.6,93.4,0.97,16.901295909342686,0.0,0.0,223.24028048836536,223.9818878173828,224.01619897687797,221.80909219812628,226.71399022672938,227.21742309746404,227.3097179857426,227.3097179857426,227.30631208244344,227.30631208244344,227.30631208244344,227.30631208244344,0,0.0,none,227.30631208244344,227.30631208244344,-1.9631894883653445,-2.7047968173827996,-2.7391079768779605,-0.5320011981262667,-6.029221082443428,-6.029221082443428,-6.029221082443428,-6.029221082443428,6.029221082443428,3.473709738364022,0.503432870734656,0.09229488827855903,0.0,-0.0034059032991535787,0.0,0.0,4.066031594078083,Recent_Corrected_Forecast_MWH,days4to7_recent_corrected,raw_bias+solar_cloud_midday,event_class_hour_loss+weekday_hour_cloud_loss+event_class_hour_temp+hour_cloud_loss+hour_base_loss+hour_temp_loss+hour_loss+hour_cloud,none,recent_mean+last24_mean+same_hour+hourgroup+global+temp_hourgroup+cloud_hourgroup+solar_hourgroup+solar_loss_hourgroup,3.0,10,200.233677,207.070216,70,213.90568264285713,239.40674,21.043414000000013,Midday,1,0,0,0,4.0,1.3332272323606775,0.21,2.6,0.0,211.03644051628885,146.29285804690196,-1.9631894883653445,1.9631894883653445,0.887208648438597,Spring,1.2026904661003899,2.271019272263638,3.473709738364028,4.0,Overcast,4.0,None,0.5034328707346599,weighted_fallback,global+hour+temp_cloud_hourgroup,227.30631208244344,0.0,227.21742309746404,none,170+,weekday_late_midday_solar_loss,0.5319999999999999,0.09229488827855736,0.17348663210255147,0.0,-0.003405903299165012,0.0,,,ar_disabled_or_empty,0.0,,,origin_day_disabled_or_empty,227.3097179857426,0.0,0.0,76.9474224414634,12.203839972076509,2.724738044591985,4.0,Medium-High,,,,,,,,,,,,,,,,,,,,,,,,,,,,,,,,,,,,,,,,,,,,45,2026-04-12 23:00:00-07:00,2026-05-27 23:00:00-07:00,2026-06-02,0.0,1.9631894883653445,1.9631894883653445,0,1,121.906483,100.195808,199.4284757142857,,,,,,,,,,,,,,,,,-5.436899226729366,-5.940332097464022,-6.032626985742581,-6.032626985742581,-6.029221082443428,-6.029221082443428
2026-06-02 16:00:00-07:00,origin_19,2026-05-28 00:00:00-07:00,2026,5,137,6,Days2to7,Summer,6,16,239.70915,93.4,93.4,0.99,10.806538723351252,0.0,0.0,240.41747999298974,239.1893310546875,241.49163675644874,239.08041906135475,240.41747999298974,240.84011571353366,241.17133862115114,241.17133862115114,241.17868787259525,241.17868787259525,241.17868787259525,241.17868787259525,0,0.0,none,241.17868787259525,241.17868787259525,-0.7083299929897464,0.519818945312494,-1.7824867564487477,0.6287309386452478,-1.4695378725952537,-1.4695378725952537,-1.4695378725952537,-1.4695378725952537,1.4695378725952537,0.0,0.42263572054392284,0.3312229076174731,0.0,0.00734925144411136,0.0,0.0,0.7612078796055073,Recent_Corrected_Forecast_MWH,days4to7_recent_corrected,raw_bias+solar_cloud_midday,event_class_hour_loss+weekday_hour_cloud_loss+event_class_hour_temp+hour_cloud_loss+hour_base_loss+hour_temp_loss+hour_loss+hour_cloud,none,recent_mean+last24_mean+same_hour+hourgroup+global+temp_hourgroup+cloud_hourgroup+solar_loss_hourgroup,3.0,10,217.8996831,228.46922249999997,70,213.90568264285713,239.40674,21.80946689999999,Peak,1,0,0,1,4.0,1.35,0.2,2.4,0.0,227.37956805466771,156.47189950155163,-0.7083299929897464,0.7083299929897464,0.29549560081029297,Spring,0.0,0.0,0.0,4.0,Overcast,3.0,None,0.42263572054393617,weighted_fallback,global+hour+temp_cloud_hourgroup,241.17868787259525,0.0,240.84011571353366,none,170+,warm_cloud_peak_transition,0.644,0.3312229076174774,0.5143212851203065,0.0,0.00734925144409979,0.0,,,ar_disabled_or_empty,0.0,,,origin_day_disabled_or_empty,241.17133862115114,0.0,0.0,83.94558049143811,13.037911938322026,0.6130503873528623,4.0,Medium-High,,,,,,,,,,,,,,,,,,,,,,,,,,,,,,,,,,,,,,,,,,,,45,2026-04-12 23:00:00-07:00,2026-05-27 23:00:00-07:00,2026-06-02,0.0,0.7083299929897464,0.7083299929897464,0,1,128.748283,104.818333,207.58950342857142,,,,,,,,,,,,,,,,,-0.7083299929897464,-1.1309657135336693,-1.4621886211511423,-1.4621886211511423,-1.4695378725952537,-1.4695378725952537
2026-06-02 17:00:00-07:00,origin_19,2026-05-28 00:00:00-07:00,2026,5,138,6,Days2to7,Summer,6,17,251.334891,93.3,93.4,0.94,6.348757352276078,0.0,0.0,251.12358321251958,250.9483642578125,251.27082643561243,250.94226356328994,251.12358321251958,251.82856946771304,251.82856946771304,251.82856946771304,251.8103576573219,251.8103576573219,251.8103576573219,251.8103576573219,0,0.0,none,251.8103576573219,251.8103576573219,0.2113077874804219,0.38652674218749894,0.06406456438756436,0.3926274367100575,-0.47546665732190263,-0.47546665732190263,-0.47546665732190263,-0.47546665732190263,0.47546665732190263,0.0,0.7049862551934609,0.0,0.0,-0.018211810391136396,0.0,0.0,0.6867744448023245,Recent_Corrected_Forecast_MWH,days4to7_recent_corrected,raw_bias,none,none,recent_mean+last24_mean+same_hour+hourgroup+global+temp_hourgroup+cloud_hourgroup+solar_hourgroup+solar_loss_hourgroup,3.0,10,230.24716130000002,243.33112659999998,70,213.90568264285713,239.40674,21.087729699999983,Peak,1,0,0,1,4.0,1.35,0.19,2.9,0.0,238.49020598608325,164.49117259829504,0.2113077874804219,0.2113077874804219,0.08407419544484251,Spring,0.0,0.0,0.0,4.0,Overcast,2.0,None,0.704986255193447,weighted_fallback,global+hour+temp_cloud_hourgroup,251.8103576573219,0.0,251.82856946771304,none,170+,warm_cloud_peak_transition,0.644,0.0,0.0,0.0,-0.01821181039112471,0.0,,,ar_disabled_or_empty,0.0,,,origin_day_disabled_or_empty,251.82856946771304,0.0,0.0,86.63241061422454,12.633377226436323,0.1891765426718659,4.0,Medium-Low,,,,,,,,,,,,,,,,,,,,,,,,,,,,,,,,,,,,,,,,,,,,45,2026-04-12 23:00:00-07:00,2026-05-27 23:00:00-07:00,2026-06-02,0.2113077874804219,0.0,-0.2113077874804219,1,0,136.156775,108.547,208.47398028571428,,,,,,,,,,,,,,,,,0.2113077874804219,-0.493678467713039,-0.493678467713039,-0.493678467713039,-0.47546665732190263,-0.47546665732190263
2026-06-02 18:00:00-07:00,origin_19,2026-05-28 00:00:00-07:00,2026,5,139,6,Days2to7,Summer,6,18,251.198791,92.6,93.4,1.0,2.158047316061634,0.0,0.0,252.7989695777057,250.20558166503906,253.88159777286268,251.8386646746494,252.7989695777057,253.4804023677629,253.4804023677629,253.4804023677629,253.38948786600128,253.38948786600128,253.38948786600128,253.38948786600128,0,0.0,none,253.38948786600128,253.38948786600128,-1.600178577705691,0.9932093349609374,-2.6828067728626763,-0.639873674649408,-2.190696866001275,-2.190696866001275,-2.190696866001275,-2.190696866001275,2.190696866001275,0.0,0.6814327900572152,0.0,0.0,-0.09091450176163107,0.0,0.0,0.5905182882955842,Recent_Corrected_Forecast_MWH,days4to7_recent_corrected,raw_bias,none,none,recent_mean+last24_mean+same_hour+hourgroup+global+temp_hourgroup+cloud_hourgroup+solar_hourgroup+solar_loss_hourgroup,3.0,10,232.6802873,248.66103660000002,70,213.90568264285713,239.40674,18.518503699999997,Peak,1,0,0,1,4.0,1.35,0.2,4.4,0.0,241.90256930601726,165.98970676780718,-1.600178577705691,1.600178577705691,0.6370168309073155,Spring,0.0,0.0,0.0,4.0,Overcast,1.0,None,0.6814327900572156,weighted_fallback,global+hour+temp_cloud_hourgroup,253.38948786600128,0.0,253.4804023677629,none,170+,warm_cloud_peak_transition,0.644,0.0,0.0,0.0,-0.09091450176162756,0.0,,,ar_disabled_or_empty,0.0,,,origin_day_disabled_or_empty,253.4804023677629,0.0,0.0,86.80926280989851,10.896400271688435,0.8720968987471261,4.0,Medium-Low,,,,,,,,,,,,,,,,,,,,,,,,,,,,,,,,,,,,,,,,,,,,45,2026-04-12 23:00:00-07:00,2026-05-27 23:00:00-07:00,2026-06-02,0.0,1.600178577705691,1.600178577705691,0,1,143.195116,113.789708,226.42095914285716,,,,,,,,,,,,,,,,,-1.600178577705691,-2.281611367762906,-2.281611367762906,-2.281611367762906,-2.190696866001275,-2.190696866001275
2026-06-02 19:00:00-07:00,origin_19,2026-05-28 00:00:00-07:00,2026,5,140,6,Days2to7,Summer,6,19,237.969425,90.2,93.4,0.97,0.3863582155123595,0.0,0.0,246.98945682585145,247.09881591796875,249.15740168037283,243.55144088528422,246.98945682585145,247.8657216658413,247.8657216658413,247.8657216658413,247.77090205856,247.77090205856,247.77090205856,247.77090205856,0,0.0,none,247.77090205856,247.77090205856,-9.020031825851447,-9.129390917968749,-11.187976680372827,-5.582015885284221,-9.80147705856001,-9.80147705856001,-9.80147705856001,-9.80147705856001,9.80147705856001,0.0,0.876264839989858,0.0,0.0,-0.0948196072812948,0.0,0.0,0.7814452327085633,Recent_Corrected_Forecast_MWH,days4to7_recent_corrected,raw_bias,none,none,recent_mean+last24_mean+same_hour+hourgroup+global+temp_hourgroup+cloud_hourgroup+solar_hourgroup+solar_loss_hourgroup,3.0,10,225.3923922,244.1583244,70,213.90568264285713,239.40674,12.577032800000012,Peak,1,0,0,1,4.0,0.0,0.23,7.5,0.0,236.54002878549713,166.24266635100176,-9.020031825851447,9.020031825851447,3.790416279676033,Spring,0.0,0.0,0.0,4.0,Overcast,0.0,None,0.8762648399898696,weighted_fallback,global+hour+temp_cloud_hourgroup,247.77090205856,0.0,247.8657216658413,none,170+,warm_cloud_peak_transition,0.92,0.0,0.0,0.0,-0.09481960728128756,0.0,,,ar_disabled_or_empty,0.0,,,origin_day_disabled_or_empty,247.8657216658413,0.0,0.0,80.74679047484969,10.44942804035432,4.11879679860554,4.0,Low,,,,,,,,,,,,,,,,,,,,,,,,,,,,,,,,,,,,,,,,,,,,45,2026-04-12 23:00:00-07:00,2026-05-27 23:00:00-07:00,2026-06-02,0.0,9.020031825851447,9.020031825851447,0,1,154.249975,118.516458,212.09641014285714,,,,,,,,,,,,,,,,,-9.020031825851447,-9.896296665841305,-9.896296665841305,-9.896296665841305,-9.80147705856001,-9.80147705856001
2026-06-02 20:00:00-07:00,origin_19,2026-05-28 00:00:00-07:00,2026,5,141,6,Days2to7,Summer,6,20,225.91785,84.5,93.4,1.0,0.1080318085349435,0.0,0.0,232.77083832666858,233.32470703125,234.52881034272846,229.85006267155126,232.77083832666858,234.02992987771427,234.02992987771427,234.02992987771427,234.00357631451558,234.00357631451558,234.00357631451558,234.00357631451558,0,0.0,none,234.00357631451558,234.00357631451558,-6.852988326668594,-7.406857031250013,-8.610960342728475,-3.9322126715512695,-8.085726314515597,-8.085726314515597,-8.085726314515597,-8.085726314515597,8.085726314515597,0.0,1.2590915510456853,0.0,0.0,-0.02635356319868265,0.0,0.0,1.2327379878470026,Recent_Corrected_Forecast_MWH,days4to7_recent_corrected,raw_bias,none,none,recent_mean+last24_mean+same_hour+hourgroup+global+temp_hourgroup+cloud_hourgroup+solar_hourgroup+solar_loss_hourgroup,3.0,10,211.1628387,230.4176605,70,213.90568264285713,239.40674,14.755011299999978,Peak,1,0,0,1,4.0,0.0,0.31,9.6,0.0,225.35384098681817,164.7857578020149,-6.852988326668594,6.852988326668594,3.0333983466417527,Spring,0.0,0.0,0.0,4.0,Overcast,0.0,None,1.2590915510456802,weighted_fallback,global+hour+temp_cloud_hourgroup,234.00357631451558,0.0,234.02992987771427,none,170+,warm_cloud_peak_transition,0.92,0.0,0.0,0.0,-0.02635356319868743,0.0,,,ar_disabled_or_empty,0.0,,,origin_day_disabled_or_empty,234.02992987771427,0.0,0.0,67.98508052465368,7.416997339850411,3.579055977434097,4.0,Low,,,,,,,,,,,,,,,,,,,,,,,,,,,,,,,,,,,,,,,,,,,,45,2026-04-12 23:00:00-07:00,2026-05-27 23:00:00-07:00,2026-06-02,0.0,6.852988326668594,6.852988326668594,0,1,166.870333,125.663666,210.5922424285714,,,,,,,,,,,,,,,,,-6.852988326668594,-8.11207987771428,-8.11207987771428,-8.11207987771428,-8.085726314515597,-8.085726314515597
2026-06-03 14:00:00-07:00,origin_19,2026-05-28 00:00:00-07:00,2026,5,159,7,Days2to7,Summer,6,14,192.374825,89.2,93.3,0.0,21.761858010514217,0.0,0.0,194.55324661531597,193.7007598876953,194.7388166864559,194.50520413998765,195.4167323665843,196.09668586365189,196.09668586365189,196.09668586365189,196.09668586365189,196.09668586365189,196.09668586365189,196.09668586365189,0,0.0,none,196.09668586365189,196.09668586365189,-2.178421615315983,-1.3259348876953254,-2.363991686455904,-2.1303791399876673,-3.721860863651898,-3.721860863651898,-3.721860863651898,-3.721860863651898,3.721860863651898,0.8634857512683425,0.6799534970675722,0.0,0.0,0.0,0.0,0.0,1.5434392483359147,Recent_Corrected_Forecast_MWH,days4to7_recent_corrected,raw_bias,none,none,recent_mean+last24_mean+same_hour+hourgroup+global+temp_hourgroup+cloud_hourgroup+solar_hourgroup+solar_loss_hourgroup+temp_cloud_hourgroup,3.0,10,179.72373889999997,191.9870738,70,213.90568264285713,239.40674,12.651086100000015,Midday,2,0,0,0,4.0,1.1539117923944557,0.25,3.0,0.0,205.068863553366,147.78929021140684,-2.178421615315983,2.178421615315983,1.1323839360560735,Spring,0.8634857512683314,0.0,0.8634857512683314,0.0,Clear/Low,5.0,None,0.6799534970675605,weighted_fallback,global+hour+temp_cloud_hourgroup,196.09668586365189,0.0,196.09668586365189,none,170+,other,0.7,0.0,0.0,0.0,0.0,0.0,,,ar_disabled_or_empty,0.0,,,origin_day_disabled_or_empty,196.09668586365189,0.0,0.0,46.763956403909134,-10.515616938050016,1.934692267375369,4.0,High,,,,,,,,,,,,,,,,,,,,,,,,,,,,,,,,,,,,,,,,,,,,45,2026-04-12 23:00:00-07:00,2026-05-27 23:00:00-07:00,2026-06-03,0.0,2.178421615315983,2.178421615315983,0,1,113.497358,113.168525,190.31188799999998,,,,,,,,,,,,,,,,,-3.0419073665843257,-3.721860863651898,-3.721860863651898,-3.721860863651898,-3.721860863651898,-3.721860863651898
2026-06-03 15:00:00-07:00,origin_19,2026-05-28 00:00:00-07:00,2026,5,160,7,Days2to7,Summer,6,15,216.148291,91.7,93.3,0.0,17.450449805038325,0.0,0.0,215.23912404542608,214.82339477539062,215.41567637912274,215.0804644553414,216.25324513636522,216.79639143225629,216.79639143225629,216.79639143225629,216.79639143225629,216.79639143225629,216.79639143225629,216.79639143225629,0,0.0,none,216.79639143225629,216.79639143225629,0.9091669545739194,1.3248962246093754,0.732614620877257,1.067826544658601,-0.6481004322562853,-0.6481004322562853,-0.6481004322562853,-0.6481004322562853,0.6481004322562853,1.0141210909391418,0.5431462958910629,0.0,0.0,0.0,0.0,0.0,1.5572673868302047,Recent_Corrected_Forecast_MWH,days4to7_recent_corrected,raw_bias,none,none,recent_mean+last24_mean+same_hour+hourgroup+global+temp_hourgroup+cloud_hourgroup+solar_hourgroup+solar_loss_hourgroup+temp_cloud_hourgroup,3.0,10,200.233677,207.070216,70,213.90568264285713,239.40674,15.914614,Midday,2,0,0,0,4.0,1.334813023802108,0.24,2.3,0.0,223.24028048836536,159.6528994023827,0.9091669545739194,0.9091669545739194,0.420621856581748,Spring,1.0141210909391443,0.0,1.0141210909391443,0.0,Clear/Low,4.0,None,0.5431462958910759,weighted_fallback,global+hour+temp_cloud_hourgroup,216.79639143225629,0.0,216.79639143225629,none,170+,other,0.7,0.0,0.0,0.0,0.0,0.0,,,ar_disabled_or_empty,0.0,,,origin_day_disabled_or_empty,216.79639143225629,0.0,0.0,55.58622464304338,-8.001156442939276,0.2998406460943452,4.0,Medium-High,,,,,,,,,,,,,,,,,,,,,,,,,,,,,,,,,,,,,,,,,,,,45,2026-04-12 23:00:00-07:00,2026-05-27 23:00:00-07:00,2026-06-03,0.9091669545739194,0.0,-0.9091669545739194,1,0,120.454241,121.463241,215.28149457142857,,,,,,,,,,,,,,,,,-0.10495413636522244,-0.6481004322562853,-0.6481004322562853,-0.6481004322562853,-0.6481004322562853,-0.6481004322562853
2026-06-03 16:00:00-07:00,origin_19,2026-05-28 00:00:00-07:00,2026,5,161,7,Days2to7,Summer,6,16,239.162783,93.3,93.3,0.0,11.948781590263016,0.0,0.0,235.1568300263771,236.56399536132812,235.32598066441918,234.48897464232493,235.1568300263771,235.84606482938892,235.84606482938892,235.84606482938892,235.84606482938892,235.84606482938892,235.84606482938892,235.84606482938892,0,0.0,none,235.84606482938892,235.84606482938892,4.005952973622897,2.5987876386718654,3.8368023355808134,4.673808357675057,3.316718170611068,3.316718170611068,3.316718170611068,3.316718170611068,3.316718170611068,0.0,0.6892348030118285,0.0,0.0,0.0,0.0,0.0,0.6892348030118285,Recent_Corrected_Forecast_MWH,days4to7_recent_corrected,raw_bias,none,none,recent_mean+last24_mean+same_hour+hourgroup+global+temp_hourgroup+cloud_hourgroup+solar_loss_hourgroup+temp_cloud_hourgroup,3.0,10,217.8996831,228.46922249999997,70,213.90568264285713,239.40674,21.263099899999986,Peak,2,0,0,1,4.0,1.35,0.22,1.5,0.0,240.41747999298974,171.32565735769302,4.005952973622897,4.005952973622897,1.674990114838602,Spring,0.0,0.0,0.0,0.0,Clear/Low,3.0,None,0.6892348030118329,weighted_fallback,global+hour+temp_cloud_hourgroup,235.84606482938892,0.0,235.84606482938892,none,170+,other,0.7,0.0,0.0,0.0,0.0,0.0,,,ar_disabled_or_empty,0.0,,,origin_day_disabled_or_empty,235.84606482938892,0.0,0.0,63.831172668684076,-5.260649966612647,1.3868036360034615,4.0,Medium-High,,,,,,,,,,,,,,,,,,,,,,,,,,,,,,,,,,,,,,,,,,,,45,2026-04-12 23:00:00-07:00,2026-05-27 23:00:00-07:00,2026-06-03,4.005952973622897,0.0,-4.005952973622897,1,0,124.9937,127.706541,233.35311542857144,,,,,,,,,,,,,,,,,4.005952973622897,3.316718170611068,3.316718170611068,3.316718170611068,3.316718170611068,3.316718170611068
2026-06-03 17:00:00-07:00,origin_19,2026-05-28 00:00:00-07:00,2026,5,162,7,Days2to7,Summer,6,17,253.292233,93.3,93.3,0.0,6.303907497804443,0.0,0.0,249.83803970944882,248.38514709472656,250.34107164038,249.46267313647758,249.83803970944882,250.76983860779006,250.76983860779006,250.76983860779006,250.76983860779006,250.76983860779006,250.76983860779006,250.76983860779006,0,0.0,none,250.76983860779006,250.76983860779006,3.4541932905511885,4.907085905273448,2.9511613596200164,3.8295598635224337,2.5223943922099465,2.5223943922099465,2.5223943922099465,2.5223943922099465,2.5223943922099465,0.0,0.931798898341242,0.0,0.0,0.0,0.0,0.0,0.931798898341242,Recent_Corrected_Forecast_MWH,days4to7_recent_corrected,raw_bias,none,none,recent_mean+last24_mean+same_hour+hourgroup+global+temp_hourgroup+cloud_hourgroup+solar_hourgroup+solar_loss_hourgroup+temp_cloud_hourgroup,3.0,10,230.24716130000002,243.33112659999998,70,213.90568264285713,239.40674,23.045071699999994,Peak,2,0,0,1,4.0,1.35,0.2,2.6,0.0,251.12358321251958,179.4517512000836,3.4541932905511885,3.4541932905511885,1.363718598726708,Spring,0.0,0.0,0.0,0.0,Clear/Low,2.0,None,0.9317988983412516,weighted_fallback,global+hour+temp_cloud_hourgroup,250.76983860779006,0.0,250.76983860779006,none,170+,other,0.7,0.0,0.0,0.0,0.0,0.0,,,ar_disabled_or_empty,0.0,,,origin_day_disabled_or_empty,250.76983860779006,0.0,0.0,70.38628850936522,-1.2855435030707554,0.9958435607498262,4.0,Medium-Low,,,,,,,,,,,,,,,,,,,,,,,,,,,,,,,,,,,,,,,,,,,,45,2026-04-12 23:00:00-07:00,2026-05-27 23:00:00-07:00,2026-06-03,3.4541932905511885,0.0,-3.4541932905511885,1,0,130.518141,134.152408,245.69311128571425,,,,,,,,,,,,,,,,,3.4541932905511885,2.5223943922099465,2.5223943922099465,2.5223943922099465,2.5223943922099465,2.5223943922099465
2026-06-03 18:00:00-07:00,origin_19,2026-05-28 00:00:00-07:00,2026,5,163,7,Days2to7,Summer,6,18,258.099775,93.3,93.3,0.0,2.5135684153491384,0.0,0.0,255.29337271415056,254.45187377929688,255.51034744210702,255.1928406944629,255.29337271415056,256.20493710162134,256.20493710162134,256.20493710162134,256.20493710162134,256.20493710162134,256.20493710162134,256.20493710162134,0,0.0,none,256.20493710162134,256.20493710162134,2.806402285849458,3.6479012207031474,2.5894275578930035,2.906934305537135,1.8948378983786824,1.8948378983786824,1.8948378983786824,1.8948378983786824,1.8948378983786824,0.0,0.9115643874707757,0.0,0.0,0.0,0.0,0.0,0.9115643874707757,Recent_Corrected_Forecast_MWH,days4to7_recent_corrected,raw_bias,none,none,recent_mean+last24_mean+same_hour+hourgroup+global+temp_hourgroup+cloud_hourgroup+solar_hourgroup+solar_loss_hourgroup+temp_cloud_hourgroup,3.0,10,232.6802873,248.66103660000002,70,213.90568264285713,239.40674,25.41948770000002,Peak,2,0,0,1,4.0,1.35,0.2,2.5,0.0,252.7989695777057,183.36619299319378,2.806402285849458,2.806402285849458,1.0873323255897678,Spring,0.0,0.0,0.0,0.0,Clear/Low,1.0,None,0.9115643874708014,weighted_fallback,global+hour+temp_cloud_hourgroup,256.20493710162134,0.0,256.20493710162134,none,170+,other,0.7,0.0,0.0,0.0,0.0,0.0,,,ar_disabled_or_empty,0.0,,,origin_day_disabled_or_empty,256.20493710162134,0.0,0.0,71.92717972095679,2.4944031364448733,0.7341493801684571,4.0,Medium-Low,,,,,,,,,,,,,,,,,,,,,,,,,,,,,,,,,,,,,,,,,,,,45,2026-04-12 23:00:00-07:00,2026-05-27 23:00:00-07:00,2026-06-03,2.806402285849458,0.0,-2.806402285849458,1,0,137.8902,140.571816,250.4931198571429,,,,,,,,,,,,,,,,,2.806402285849458,1.8948378983786824,1.8948378983786824,1.8948378983786824,1.8948378983786824,1.8948378983786824
2026-06-03 19:00:00-07:00,origin_19,2026-05-28 00:00:00-07:00,2026,5,164,7,Days2to7,Summer,6,19,252.9156,92.4,93.3,0.0,0.5457846422450984,0.0,0.0,251.7269615372764,252.93919372558594,252.58468292273287,250.03276159204196,251.7269615372764,252.80590389692549,252.80590389692549,252.80590389692549,252.80590389692549,252.80590389692549,252.80590389692549,252.80590389692549,0,0.0,none,252.80590389692549,252.80590389692549,1.1886384627236168,-0.02359372558592554,0.33091707726714503,2.8828384079580474,0.10969610307452626,0.10969610307452626,0.10969610307452626,0.10969610307452626,0.10969610307452626,0.0,1.0789423596490906,0.0,0.0,0.0,0.0,0.0,1.0789423596490906,Recent_Corrected_Forecast_MWH,days4to7_recent_corrected,raw_bias,none,none,recent_mean+last24_mean+same_hour+hourgroup+global+temp_hourgroup+cloud_hourgroup+solar_hourgroup+solar_loss_hourgroup+temp_cloud_hourgroup,3.0,10,225.3923922,244.1583244,70,213.90568264285713,239.40674,27.523207800000023,Peak,2,0,0,1,4.0,0.0,0.21,1.3,0.0,246.98945682585145,181.7455911832662,1.1886384627236168,1.1886384627236168,0.4699743561581875,Spring,0.0,0.0,0.0,0.0,Clear/Low,0.0,None,1.0789423596490884,weighted_fallback,global+hour+temp_cloud_hourgroup,252.80590389692549,0.0,252.80590389692549,none,170+,other,1.0,0.0,0.0,0.0,0.0,0.0,,,ar_disabled_or_empty,0.0,,,origin_day_disabled_or_empty,252.80590389692549,0.0,0.0,69.98137035401018,4.737504711424947,0.043372612474092645,4.0,Low,,,,,,,,,,,,,,,,,,,,,,,,,,,,,,,,,,,,,,,,,,,,45,2026-04-12 23:00:00-07:00,2026-05-27 23:00:00-07:00,2026-06-03,1.1886384627236168,0.0,-1.1886384627236168,1,0,145.590008,148.99605,241.81019385714285,,,,,,,,,,,,,,,,,1.1886384627236168,0.10969610307452626,0.10969610307452626,0.10969610307452626,0.10969610307452626,0.10969610307452626
2026-06-03 20:00:00-07:00,origin_19,2026-05-28 00:00:00-07:00,2026,5,165,7,Days2to7,Summer,6,20,238.239391,89.0,93.3,0.0,0.0771403485505173,0.0,0.0,242.53389785603474,243.10513305664062,244.74957224136605,238.88891376462675,242.53389785603474,243.9417222379915,243.9417222379915,243.9417222379915,243.9417222379915,243.9417222379915,243.9417222379915,243.9417222379915,0,0.0,none,243.9417222379915,243.9417222379915,-4.2945068560347295,-4.865742056640613,-6.510181241366041,-0.6495227646267381,-5.702331237991501,-5.702331237991501,-5.702331237991501,-5.702331237991501,5.702331237991501,0.0,1.4078243819567717,0.0,0.0,0.0,0.0,0.0,1.4078243819567717,Recent_Corrected_Forecast_MWH,days4to7_recent_corrected,raw_bias,none,none,recent_mean+last24_mean+same_hour+hourgroup+global+temp_hourgroup+cloud_hourgroup+solar_hourgroup+solar_loss_hourgroup+temp_cloud_hourgroup,3.0,10,211.1628387,230.4176605,70,213.90568264285713,239.40674,27.076552300000003,Peak,2,0,0,1,4.0,0.0,0.24,5.8,0.0,232.77083832666858,177.35090384868187,-4.2945068560347295,4.2945068560347295,1.8026015085115497,Spring,0.0,0.0,0.0,0.0,Clear/Low,0.0,None,1.4078243819567813,weighted_fallback,global+hour+temp_cloud_hourgroup,243.9417222379915,0.0,243.9417222379915,none,170+,other,1.0,0.0,0.0,0.0,0.0,0.0,,,ar_disabled_or_empty,0.0,,,origin_day_disabled_or_empty,243.9417222379915,0.0,0.0,65.18299400735287,9.76305952936616,2.3935299759020543,4.0,Low,,,,,,,,,,,,,,,,,,,,,,,,,,,,,,,,,,,,,,,,,,,,45,2026-04-12 23:00:00-07:00,2026-05-27 23:00:00-07:00,2026-06-03,0.0,4.2945068560347295,4.2945068560347295,0,1,158.646916,160.416141,226.45704142857144,,,,,,,,,,,,,,,,,-4.2945068560347295,-5.702331237991501,-5.702331237991501,-5.702331237991501,-5.702331237991501,-5.702331237991501
2026-06-04 14:00:00-07:00,origin_19,2026-05-28 00:00:00-07:00,2026,5,183,8,Days8to16,Summer,6,14,209.669616,91.0,94.5,0.0,20.19584626674185,0.0,0.0,219.9211642870022,220.0955810546875,220.9871024612966,218.19628522234376,220.5457959463345,221.22574944340207,221.22574944340207,221.22574944340207,221.1836628739171,219.06366287391708,219.06366287391708,219.06366287391708,0,0.0,none,219.06366287391708,219.06366287391708,-10.251548287002208,-10.42596505468751,-11.317486461296596,-8.52666922234377,-9.394046873917091,-9.394046873917091,-9.394046873917091,-9.394046873917091,9.394046873917091,0.6246316593322945,0.6799534970675722,0.0,0.0,-0.042086569484979464,-2.1200000000000045,0.0,-0.8575014130851173,Final_Backtest_Forecast_MWH,days8plus_final_low_confidence+long_horizon_peak_month_correction,raw_bias,none,none,recent_mean+last24_mean+same_hour+hourgroup+global+temp_hourgroup+cloud_hourgroup+solar_hourgroup+solar_loss_hourgroup+temp_cloud_hourgroup,3.0,10,179.72373889999997,191.9870738,70,213.90568264285713,239.40674,29.94587710000002,Midday,3,0,0,0,4.0,1.1575274452260107,0.27,3.0,0.0,194.55324661531597,158.31824929930914,-10.251548287002208,10.251548287002208,4.88938191549996,Spring,0.6246316593322859,0.0,0.6246316593322859,0.0,Clear/Low,5.0,None,0.6799534970675605,weighted_fallback,global+hour+temp_cloud_hourgroup,221.1836628739171,0.0,221.22574944340207,none,170+,other,0.7,0.0,0.0,0.0,-0.04208656948496985,0.0,,,ar_disabled_or_empty,0.0,,,origin_day_disabled_or_empty,221.22574944340207,-2.12,0.0,61.602914987693055,25.36791767168623,4.480404482601376,4.0,High,,,,,,,,,,,,,,,,,,,,,,,,,,,,,,,,,,,,,,,,,,,,45,2026-04-12 23:00:00-07:00,2026-05-27 23:00:00-07:00,2026-06-04,0.0,10.251548287002208,10.251548287002208,0,1,119.309683,115.58095,197.2026,,,,,,,,,,,,,,,,,-10.876179946334503,-11.556133443402075,-11.556133443402075,-11.556133443402075,-11.514046873917096,-9.394046873917091
2026-06-04 15:00:00-07:00,origin_19,2026-05-28 00:00:00-07:00,2026,5,184,8,Days8to16,Summer,6,15,230.85115,93.3,94.5,0.0,16.26524390761898,0.0,0.0,240.25245160008438,240.35671997070312,241.01050037089513,239.03144114006213,240.93953614298226,241.48268243887333,241.48268243887333,241.48268243887333,241.50067784190895,239.38067784190895,239.38067784190895,239.38067784190895,0,0.0,none,239.38067784190895,239.38067784190895,-9.401301600084395,-9.505569970703135,-10.15935037089514,-8.180291140062138,-8.529527841908958,-8.529527841908958,-8.529527841908958,-8.529527841908958,8.529527841908958,0.6870845428978782,0.5431462958910629,0.0,0.0,0.017995403035627078,-2.1200000000000045,0.0,-0.8717737581754363,Final_Backtest_Forecast_MWH,days8plus_final_low_confidence+long_horizon_peak_month_correction,raw_bias,none,none,recent_mean+last24_mean+same_hour+hourgroup+global+temp_hourgroup+cloud_hourgroup+solar_hourgroup+solar_loss_hourgroup+temp_cloud_hourgroup,3.0,10,200.233677,207.070216,70,213.90568264285713,239.40674,30.61747299999999,Midday,3,0,0,0,4.0,1.3421614125804044,0.24,3.2,0.0,215.23912404542608,170.98797069458644,-9.401301600084395,9.401301600084395,4.072451707554584,Spring,0.6870845428978911,0.0,0.6870845428978911,0.0,Clear/Low,4.0,None,0.5431462958910759,weighted_fallback,global+hour+temp_cloud_hourgroup,241.50067784190895,0.0,241.48268243887333,none,170+,other,0.7,0.0,0.0,0.0,0.01799540303564067,0.0,,,ar_disabled_or_empty,0.0,,,origin_day_disabled_or_empty,241.48268243887333,-2.12,0.0,69.26448090549795,25.013327554658304,3.6948171329919557,4.0,Medium-High,,,,,,,,,,,,,,,,,,,,,,,,,,,,,,,,,,,,,,,,,,,,45,2026-04-12 23:00:00-07:00,2026-05-27 23:00:00-07:00,2026-06-04,0.0,9.401301600084395,9.401301600084395,0,1,127.038066,121.906483,217.3247302857143,,,,,,,,,,,,,,,,,-10.088386142982273,-10.631532438873336,-10.631532438873336,-10.631532438873336,-10.649527841908963,-8.529527841908958
2026-06-04 16:00:00-07:00,origin_19,2026-05-28 00:00:00-07:00,2026,5,185,8,Days8to16,Summer,6,16,250.210058,94.5,94.5,0.0,11.344937437455537,0.0,0.0,257.038561619431,256.8569641113281,257.4103089180815,256.50627229529516,257.038561619431,257.72779642244285,257.72779642244285,257.72779642244285,257.7650562812475,255.6450562812475,255.6450562812475,255.6450562812475,0,0.0,none,255.6450562812475,255.6450562812475,-6.82850361943099,-6.646906111328121,-7.200250918081508,-6.296214295295158,-5.434998281247488,-5.434998281247488,-5.434998281247488,-5.434998281247488,5.434998281247488,0.0,0.6892348030118569,0.0,0.0,0.037259858804645773,-2.1200000000000045,0.0,-1.3935053381835019,Final_Backtest_Forecast_MWH,days8plus_final_low_confidence+long_horizon_peak_month_correction,raw_bias,none,none,recent_mean+last24_mean+same_hour+hourgroup+global+temp_hourgroup+cloud_hourgroup+solar_loss_hourgroup+temp_cloud_hourgroup,3.0,10,217.8996831,228.46922249999997,70,213.90568264285713,239.40674,32.3103749,Peak,3,0,0,1,4.0,1.35,0.22,3.1,0.0,235.1568300263771,184.33195221860407,-6.82850361943099,6.82850361943099,2.7291083635938365,Spring,0.0,0.0,0.0,0.0,Clear/Low,3.0,None,0.6892348030118329,weighted_fallback,global+hour+temp_cloud_hourgroup,257.7650562812475,0.0,257.72779642244285,none,170+,other,0.7,0.0,0.0,0.0,0.03725985880465889,0.0,,,ar_disabled_or_empty,0.0,,,origin_day_disabled_or_empty,257.72779642244285,-2.12,0.0,72.70660940082692,21.8817315930539,2.172174182241502,4.0,Medium-High,,,,,,,,,,,,,,,,,,,,,,,,,,,,,,,,,,,,,,,,,,,,45,2026-04-12 23:00:00-07:00,2026-05-27 23:00:00-07:00,2026-06-04,0.0,6.82850361943099,6.82850361943099,0,1,134.009758,128.748283,240.97512242857144,,,,,,,,,,,,,,,,,-6.82850361943099,-7.5177384224428465,-7.5177384224428465,-7.5177384224428465,-7.554998281247492,-5.434998281247488
2026-06-04 17:00:00-07:00,origin_19,2026-05-28 00:00:00-07:00,2026,5,186,8,Days8to16,Summer,6,17,261.03715,93.7,94.5,0.0,5.679774723144782,0.0,0.0,265.634451836775,262.6446533203125,266.5959134962026,264.97781166237786,265.634451836775,266.5662507351162,266.5662507351162,266.5662507351162,266.5782988301324,264.4582988301324,264.4582988301324,264.4582988301324,0,0.0,none,264.4582988301324,264.4582988301324,-4.597301836774989,-1.607503320312503,-5.55876349620263,-3.940661662377863,-3.421148830132381,-3.421148830132381,-3.421148830132381,-3.421148830132381,3.421148830132381,0.0,0.931798898341242,0.0,0.0,0.012048095016155003,-2.1200000000000045,0.0,-1.1761530066426076,Final_Backtest_Forecast_MWH,days8plus_final_low_confidence+long_horizon_peak_month_correction,raw_bias,none,none,recent_mean+last24_mean+same_hour+hourgroup+global+temp_hourgroup+cloud_hourgroup+solar_hourgroup+solar_loss_hourgroup+temp_cloud_hourgroup,3.0,10,230.24716130000002,243.33112659999998,70,213.90568264285713,239.40674,30.78998869999998,Peak,3,0,0,1,4.0,1.35,0.22,3.7,0.0,249.83803970944882,194.65192958714766,-4.597301836774989,4.597301836774989,1.7611676486565184,Spring,0.0,0.0,0.0,0.0,Clear/Low,2.0,None,0.9317988983412516,weighted_fallback,global+hour+temp_cloud_hourgroup,266.5782988301324,0.0,266.5662507351162,none,170+,other,0.7,0.0,0.0,0.0,0.01204809501617242,0.0,,,ar_disabled_or_empty,0.0,,,origin_day_disabled_or_empty,266.5662507351162,-2.12,0.0,70.98252224962732,15.796412127326164,1.310598445521023,4.0,Medium-Low,,,,,,,,,,,,,,,,,,,,,,,,,,,,,,,,,,,,,,,,,,,,45,2026-04-12 23:00:00-07:00,2026-05-27 23:00:00-07:00,2026-06-04,0.0,4.597301836774989,4.597301836774989,0,1,141.057125,136.156775,250.19995185714285,,,,,,,,,,,,,,,,,-4.597301836774989,-5.529100735116231,-5.529100735116231,-5.529100735116231,-5.541148830132386,-3.421148830132381
2026-06-04 18:00:00-07:00,origin_19,2026-05-28 00:00:00-07:00,2026,5,187,8,Days8to16,Summer,6,18,263.131475,93.0,94.5,0.0,2.545419713647152,0.0,0.0,266.07055160368145,264.13531494140625,263.82845882289104,270.14676501985934,266.07055160368145,266.9821159911522,266.9821159911522,267.0726729569411,267.0153533464295,264.8953533464295,264.8953533464295,264.8953533464295,0,0.0,none,264.8953533464295,264.8953533464295,-2.9390766036814284,-1.003839941406227,-0.6969838228910135,-7.0152900198593215,-1.7638783464294647,-1.7638783464294647,-1.7638783464294647,-1.7638783464294647,1.7638783464294647,0.0,0.9115643874707757,0.0,0.09055696578889183,-0.057319610511626706,-2.1200000000000045,0.0,-1.1751982572519637,Final_Backtest_Forecast_MWH,days8plus_final_low_confidence+long_horizon_peak_month_correction,raw_bias,none,tree_peak_gap,recent_mean+last24_mean+same_hour+hourgroup+global+temp_hourgroup+cloud_hourgroup+solar_hourgroup+solar_loss_hourgroup+temp_cloud_hourgroup,3.0,10,232.6802873,248.66103660000002,70,213.90568264285713,239.40674,30.45118770000002,Peak,3,0,0,1,4.0,1.35,0.22,3.3,0.0,255.29337271415056,199.14306180950098,-2.9390766036814284,2.9390766036814284,1.1169612467233074,Spring,0.0,0.0,0.0,0.0,Clear/Low,1.0,None,0.9115643874708014,weighted_fallback,global+hour+temp_cloud_hourgroup,267.0153533464295,0.0,266.9821159911522,none,170+,other,0.7,0.0,0.0,0.09055696578891458,-0.05731961051164681,0.0,,,ar_disabled_or_empty,0.0,,,origin_day_disabled_or_empty,267.0726729569411,-2.12,0.0,66.92748979418047,10.777178889530887,0.6703410705349729,4.0,Medium-Low,,,,,,,,,,,,,,,,,,,,,,,,,,,,,,,,,,,,,,,,,,,,45,2026-04-12 23:00:00-07:00,2026-05-27 23:00:00-07:00,2026-06-04,0.0,2.9390766036814284,2.9390766036814284,0,1,150.099333,143.195116,257.5656938571429,,,,,,,,,,,,,,,,,-2.9390766036814284,-3.850640991152204,-3.850640991152204,-3.941197956941096,-3.8838783464294693,-1.7638783464294647
2026-06-04 19:00:00-07:00,origin_19,2026-05-28 00:00:00-07:00,2026,5,188,8,Days8to16,Summer,6,19,255.920625,91.7,94.5,0.0,0.4792915785346224,0.0,0.0,261.78455174349443,260.9940185546875,264.05012011377846,258.45023950127853,261.78455174349443,262.8634941031435,262.8634941031435,262.8634941031435,262.80244852039294,262.80244852039294,262.80244852039294,262.80244852039294,0,0.0,none,262.80244852039294,262.80244852039294,-5.8639267434944315,-5.073393554687499,-8.12949511377846,-2.5296145012785303,-6.881823520392942,-6.881823520392942,-6.881823520392942,-6.881823520392942,6.881823520392942,0.0,1.0789423596490906,0.0,0.0,-0.06104558275058025,0.0,0.0,1.0178967768985103,Final_Backtest_Forecast_MWH,days8plus_final_low_confidence,raw_bias,none,none,recent_mean+last24_mean+same_hour+hourgroup+global+temp_hourgroup+cloud_hourgroup+solar_hourgroup+solar_loss_hourgroup+temp_cloud_hourgroup,3.0,10,225.3923922,244.1583244,70,213.90568264285713,239.40674,30.528232800000012,Peak,3,0,0,1,4.0,0.0,0.23,3.3,0.0,251.7269615372764,196.79410240287714,-5.8639267434944315,5.8639267434944315,2.2913068235490717,Spring,0.0,0.0,0.0,0.0,Clear/Low,0.0,None,1.0789423596490884,weighted_fallback,global+hour+temp_cloud_hourgroup,262.80244852039294,0.0,262.8634941031435,none,170+,other,1.0,0.0,0.0,0.0,-0.06104558275058846,0.0,,,ar_disabled_or_empty,0.0,,,origin_day_disabled_or_empty,262.8634941031435,0.0,0.0,64.99044934061729,10.057590206218038,2.6890460744978806,4.0,Low,,,,,,,,,,,,,,,,,,,,,,,,,,,,,,,,,,,,,,,,,,,,45,2026-04-12 23:00:00-07:00,2026-05-27 23:00:00-07:00,2026-06-04,0.0,5.8639267434944315,5.8639267434944315,0,1,160.326075,154.249975,244.16014514285715,,,,,,,,,,,,,,,,,-5.8639267434944315,-6.942869103143522,-6.942869103143522,-6.942869103143522,-6.881823520392942,-6.881823520392942
2026-06-04 20:00:00-07:00,origin_19,2026-05-28 00:00:00-07:00,2026,5,189,8,Days8to16,Summer,6,20,243.503625,89.8,94.5,0.0,0.0644294171567301,0.0,0.0,250.75937159396972,250.719970703125,252.9630629540183,247.30768542556322,250.75937159396972,252.1671959759265,252.1671959759265,252.1671959759265,252.17147579303452,252.17147579303452,252.17147579303452,252.17147579303452,0,0.0,none,252.17147579303452,252.17147579303452,-7.255746593969718,-7.2163457031250005,-9.459437954018313,-3.8040604255632218,-8.667850793034518,-8.667850793034518,-8.667850793034518,-8.667850793034518,8.667850793034518,0.0,1.4078243819567717,0.0,0.0,0.004279817108027828,0.0,0.0,1.4121041990647996,Final_Backtest_Forecast_MWH,days8plus_final_low_confidence,raw_bias,none,none,recent_mean+last24_mean+same_hour+hourgroup+global+temp_hourgroup+cloud_hourgroup+solar_hourgroup+solar_loss_hourgroup+temp_cloud_hourgroup,3.0,10,211.1628387,230.4176605,70,213.90568264285713,239.40674,32.34078629999999,Peak,3,0,0,1,4.0,0.0,0.25,5.0,0.0,242.53389785603474,190.604608399544,-7.255746593969718,7.255746593969718,2.9797283691237526,Spring,0.0,0.0,0.0,0.0,Clear/Low,0.0,None,1.4078243819567813,weighted_fallback,global+hour+temp_cloud_hourgroup,252.17147579303452,0.0,252.1671959759265,none,170+,other,1.0,0.0,0.0,0.0,0.004279817108039177,0.0,,,ar_disabled_or_empty,0.0,,,origin_day_disabled_or_empty,252.1671959759265,0.0,0.0,60.154763194425726,8.225473737934976,3.559639324890756,4.0,Low,,,,,,,,,,,,,,,,,,,,,,,,,,,,,,,,,,,,,,,,,,,,45,2026-04-12 23:00:00-07:00,2026-05-27 23:00:00-07:00,2026-06-04,0.0,7.255746593969718,7.255746593969718,0,1,173.421408,166.870333,236.22301757142856,,,,,,,,,,,,,,,,,-7.255746593969718,-8.66357097592649,-8.66357097592649,-8.66357097592649,-8.667850793034518,-8.667850793034518
2026-06-05 14:00:00-07:00,origin_19,2026-05-28 00:00:00-07:00,2026,5,207,9,Days8to16,Summer,6,14,229.425308,94.3,96.8,0.17,17.999401905007012,0.0,0.0,238.5751562232117,238.7015838623047,239.1933427595157,237.56759805499314,239.24580709569537,239.9439336936588,239.9439336936588,239.9439336936588,239.89945017572245,237.77945017572245,237.77945017572245,237.77945017572245,0,0.0,none,237.77945017572245,237.77945017572245,-9.149848223211706,-9.276275862304686,-9.7680347595157,-8.14229005499314,-8.354142175722444,-8.354142175722444,-8.354142175722444,-8.354142175722444,8.354142175722444,0.6706508724836624,0.6981265979634372,0.0,0.0,-0.04448351793635652,-2.1200000000000045,0.0,-0.7957060474892614,Final_Backtest_Forecast_MWH,days8plus_final_low_confidence+long_horizon_peak_month_correction,raw_bias,none,none,recent_mean+last24_mean+same_hour+hourgroup+global+cloud_hourgroup+solar_hourgroup+solar_loss_hourgroup,3.0,8,199.47841950000003,228.9191698,56,236.32982358928572,269.356791,29.94688849999997,Midday,4,0,0,0,5.0,1.1507333471328791,0.22,2.9,0.0,219.9211642870022,172.16754389226102,-9.149848223211706,9.149848223211706,3.9881599388380056,Spring,0.6706508724836514,0.0,0.6706508724836514,0.0,Clear/Low,4.0,None,0.6981265979634231,weighted_fallback,global+hour,239.89945017572245,0.0,239.9439336936588,none,170+,other,0.7,0.0,0.0,0.0,-0.04448351793635004,0.0,,,ar_disabled_or_empty,0.0,,,origin_day_disabled_or_empty,239.9439336936588,-2.12,0.0,66.40761233095068,18.653991936209508,3.641334187823099,5.0,Medium-High,,,,,,,,,,,,,,,,,,,,,,,,,,,,,,,,,,,,,,,,,,,,45,2026-04-12 23:00:00-07:00,2026-05-27 23:00:00-07:00,2026-06-05,0.0,9.149848223211706,9.149848223211706,0,1,124.624375,113.497358,201.4974104285714,,,,,,,,,,,,,,,,,-9.820499095695368,-10.518625693658805,-10.518625693658805,-10.518625693658805,-10.474142175722449,-8.354142175722444
2026-06-05 15:00:00-07:00,origin_19,2026-05-28 00:00:00-07:00,2026,5,208,9,Days8to16,Summer,6,15,249.014525,95.9,96.8,0.27,15.093167989242133,0.0,0.0,257.0580725066855,256.53570556640625,256.85422841467386,257.52764663421215,257.88718449540977,258.4138792338286,258.4138792338286,258.4138792338286,258.4407801426575,256.3207801426575,256.3207801426575,256.3207801426575,0,0.0,none,256.3207801426575,256.3207801426575,-8.043547506685513,-7.521180566406258,-7.839703414673863,-8.513121634212155,-7.3062551426575055,-7.3062551426575055,-7.3062551426575055,-7.3062551426575055,7.3062551426575055,0.8291119887242644,0.5266947384188256,0.0,0.0,0.026900908828906722,-2.1200000000000045,0.0,-0.7372923640280078,Final_Backtest_Forecast_MWH,days8plus_final_low_confidence+long_horizon_peak_month_correction,raw_bias,none,none,recent_mean+last24_mean+same_hour+hourgroup+global+solar_hourgroup+solar_loss_hourgroup,3.0,8,220.880339,250.3929885,56,236.32982358928572,269.356791,28.134186,Midday,4,0,0,0,5.0,1.3097034182030802,0.2,2.3,0.0,240.25245160008438,186.9462469563184,-8.043547506685513,8.043547506685513,3.2301519386009767,Spring,0.8291119887242773,0.0,0.8291119887242773,1.0,Some Clouds,4.0,None,0.5266947384188142,weighted_fallback,global+hour,258.4407801426575,0.0,258.4138792338286,none,170+,other,0.7,0.0,0.0,0.0,0.02690090882890928,0.0,,,ar_disabled_or_empty,0.0,,,origin_day_disabled_or_empty,258.4138792338286,-2.12,0.0,70.11182555036712,16.80562090660112,2.9340678591570133,5.0,Medium-High,,,,,,,,,,,,,,,,,,,,,,,,,,,,,,,,,,,,,,,,,,,,45,2026-04-12 23:00:00-07:00,2026-05-27 23:00:00-07:00,2026-06-05,0.0,8.043547506685513,8.043547506685513,0,1,132.480216,120.454241,227.14469257142855,,,,,,,,,,,,,,,,,-8.872659495409778,-9.399354233828603,-9.399354233828603,-9.399354233828603,-9.42625514265751,-7.3062551426575055
2026-06-05 16:00:00-07:00,origin_19,2026-05-28 00:00:00-07:00,2026,5,209,9,Days8to16,Summer,6,16,268.59595,96.8,96.8,0.27,10.902754088434738,0.0,0.0,271.2368797887375,271.44451904296875,271.25333190927216,271.1517009552597,271.2368797887375,271.67797937753386,271.67797937753386,271.67797937753386,271.69465675210216,269.57465675210216,269.57465675210216,269.57465675210216,0,0.0,none,269.57465675210216,269.57465675210216,-2.6409297887374805,-2.848569042968734,-2.6573819092721465,-2.5557509552596684,-0.9787067521021413,-0.9787067521021413,-0.9787067521021413,-0.9787067521021413,0.9787067521021413,0.0,0.44109958879636224,0.0,0.0,0.016677374568303094,-2.1200000000000045,0.0,-1.6622230366353392,Final_Backtest_Forecast_MWH,days8plus_final_low_confidence+long_horizon_peak_month_correction,raw_bias,none,none,recent_mean+last24_mean+same_hour+hourgroup+global+solar_loss_hourgroup,3.0,8,240.86553600000002,267.7118679,56,236.32982358928572,269.356791,27.730413999999996,Peak,4,0,0,1,5.0,1.35,0.18,2.0,0.0,257.038561619431,201.55187756281296,-2.6409297887374805,2.6409297887374805,0.9832351488313508,Spring,0.0,0.0,0.0,1.0,Some Clouds,3.0,None,0.44109958879636024,weighted_fallback,global+hour,271.69465675210216,0.0,271.67797937753386,none,170+,other,0.7,0.0,0.0,0.0,0.01667737456828239,0.0,,,ar_disabled_or_empty,0.0,,,origin_day_disabled_or_empty,271.67797937753386,-2.12,0.0,69.68500222592453,14.198318169306503,0.36437881959952906,5.0,Medium-High,,,,,,,,,,,,,,,,,,,,,,,,,,,,,,,,,,,,,,,,,,,,45,2026-04-12 23:00:00-07:00,2026-05-27 23:00:00-07:00,2026-06-05,0.0,2.6409297887374805,2.6409297887374805,0,1,140.481283,124.9937,248.10206757142856,,,,,,,,,,,,,,,,,-2.6409297887374805,-3.0820293775338428,-3.0820293775338428,-3.0820293775338428,-3.098706752102146,-0.9787067521021413
2026-06-05 17:00:00-07:00,origin_19,2026-05-28 00:00:00-07:00,2026,5,210,9,Days8to16,Summer,6,17,273.122358,96.3,96.8,0.4,5.7921731317674094,0.0,0.0,278.27094006238474,279.0494079589844,277.3504645396753,279.49498219904245,278.27094006238474,279.0191447780356,279.0191447780356,279.0191447780356,279.0063019899639,276.8863019899639,276.8863019899639,276.8863019899639,0,0.0,none,276.8863019899639,276.8863019899639,-5.148582062384719,-5.927049958984355,-4.228106539675252,-6.372624199042434,-3.7639439899638774,-3.7639439899638774,-3.7639439899638774,-3.7639439899638774,3.7639439899638774,0.0,0.7482047156508429,0.0,0.0,-0.012842788071679934,-2.1200000000000045,0.0,-1.3846380724208416,Final_Backtest_Forecast_MWH,days8plus_final_low_confidence+long_horizon_peak_month_correction,raw_bias,none,none,recent_mean+last24_mean+same_hour+hourgroup+global+solar_hourgroup+solar_loss_hourgroup,3.0,8,253.621961125,277.809623,56,236.32982358928572,269.356791,19.500396875000007,Peak,4,0,0,1,5.0,1.35,0.19,2.6,0.0,265.634451836775,212.21952806123403,-5.148582062384719,5.148582062384719,1.8850826054982721,Spring,0.0,0.0,0.0,1.0,Some Clouds,2.0,None,0.7482047156508559,weighted_fallback,global+hour,279.0063019899639,0.0,279.0191447780356,none,170+,other,0.7,0.0,0.0,0.0,-0.01284278807167251,0.0,,,ar_disabled_or_empty,0.0,,,origin_day_disabled_or_empty,279.0191447780356,-2.12,0.0,66.05141200115071,12.636488225609753,1.3781163935190825,5.0,Medium-Low,,,,,,,,,,,,,,,,,,,,,,,,,,,,,,,,,,,,,,,,,,,,45,2026-04-12 23:00:00-07:00,2026-05-27 23:00:00-07:00,2026-06-05,0.0,5.148582062384719,5.148582062384719,0,1,151.044775,130.518141,262.2772331428572,,,,,,,,,,,,,,,,,-5.148582062384719,-5.896786778035562,-5.896786778035562,-5.896786778035562,-5.883943989963882,-3.7639439899638774
2026-06-05 18:00:00-07:00,origin_19,2026-05-28 00:00:00-07:00,2026,5,211,9,Days8to16,Summer,6,18,274.913308,96.0,96.8,0.27,2.266932836487644,0.0,0.0,279.74643624048474,278.0251770019531,279.33854778392424,280.879192168946,279.74643624048474,280.46902248189576,280.46902248189576,280.46902248189576,280.3730909036864,278.25309090368637,278.25309090368637,278.25309090368637,0,0.0,none,278.25309090368637,278.25309090368637,-4.833128240484768,-3.1118690019531527,-4.425239783924269,-5.965884168946047,-3.339782903686398,-3.339782903686398,-3.339782903686398,-3.339782903686398,3.339782903686398,0.0,0.7225862414110225,0.0,0.0,-0.09593157820938814,-2.1200000000000045,0.0,-1.4933453367983702,Final_Backtest_Forecast_MWH,days8plus_final_low_confidence+long_horizon_peak_month_correction,raw_bias,none,none,recent_mean+last24_mean+same_hour+hourgroup+global+solar_hourgroup+solar_loss_hourgroup,3.0,8,256.90235175,276.73857730000003,56,236.32982358928572,269.356791,18.010956249999992,Peak,4,0,0,1,5.0,1.35,0.2,4.8,0.0,266.07055160368145,216.09509842470942,-4.833128240484768,4.833128240484768,1.7580553941334731,Spring,0.0,0.0,0.0,1.0,Some Clouds,1.0,None,0.7225862414110098,weighted_fallback,global+hour,280.3730909036864,0.0,280.46902248189576,none,170+,other,0.7,0.0,0.0,0.0,-0.09593157820939005,0.0,,,ar_disabled_or_empty,0.0,,,origin_day_disabled_or_empty,280.46902248189576,-2.12,0.0,63.65133781577532,13.67588463680329,1.2148494840003883,5.0,Medium-Low,,,,,,,,,,,,,,,,,,,,,,,,,,,,,,,,,,,,,,,,,,,,45,2026-04-12 23:00:00-07:00,2026-05-27 23:00:00-07:00,2026-06-05,0.0,4.833128240484768,4.833128240484768,0,1,163.731575,137.8902,265.06008442857143,,,,,,,,,,,,,,,,,-4.833128240484768,-5.555714481895791,-5.555714481895791,-5.555714481895791,-5.459782903686403,-3.339782903686398
2026-06-05 19:00:00-07:00,origin_19,2026-05-28 00:00:00-07:00,2026,5,212,9,Days8to16,Summer,6,19,265.752475,93.7,96.8,0.23,0.3943506418980094,0.0,0.0,269.2629048350366,268.1316833496094,271.2700190832902,266.432074297903,269.2629048350366,270.1974046876053,270.1974046876053,270.1974046876053,270.09701013165915,270.09701013165915,270.09701013165915,270.09701013165915,0,0.0,none,270.09701013165915,270.09701013165915,-3.5104298350365752,-2.379208349609371,-5.517544083290204,-0.6795992979029961,-4.344535131659143,-4.344535131659143,-4.344535131659143,-4.344535131659143,4.344535131659143,0.0,0.934499852568706,0.0,0.0,-0.10039455594613855,0.0,0.0,0.8341052966225675,Final_Backtest_Forecast_MWH,days8plus_final_low_confidence,raw_bias,none,none,recent_mean+last24_mean+same_hour+hourgroup+global+solar_hourgroup+solar_loss_hourgroup,3.0,8,249.521006,270.0134279,56,236.32982358928572,269.356791,16.231469000000004,Peak,4,0,0,1,5.0,0.0,0.24,9.6,0.0,261.78455174349443,213.18294364660838,-3.5104298350365752,3.5104298350365752,1.320939658242722,Spring,0.0,0.0,0.0,1.0,Some Clouds,0.0,None,0.934499852568724,weighted_fallback,global+hour,270.09701013165915,0.0,270.1974046876053,none,170+,other,1.0,0.0,0.0,0.0,-0.10039455594614435,0.0,,,ar_disabled_or_empty,0.0,,,origin_day_disabled_or_empty,270.1974046876053,0.0,0.0,56.0799611884282,7.478353091542147,1.6348051440195026,5.0,Low,,,,,,,,,,,,,,,,,,,,,,,,,,,,,,,,,,,,,,,,,,,,45,2026-04-12 23:00:00-07:00,2026-05-27 23:00:00-07:00,2026-06-05,0.0,3.5104298350365752,3.5104298350365752,0,1,177.049733,145.590008,257.8711464285714,,,,,,,,,,,,,,,,,-3.5104298350365752,-4.444929687605281,-4.444929687605281,-4.444929687605281,-4.344535131659143,-4.344535131659143
2026-06-05 20:00:00-07:00,origin_19,2026-05-28 00:00:00-07:00,2026,5,213,9,Days8to16,Summer,6,20,248.061708,89.4,96.8,0.24,0.0695295955523374,0.0,0.0,254.48960484240655,256.08978271484375,257.27354079893934,249.65765466144433,254.48960484240655,255.84049507230543,255.84049507230543,255.84049507230543,255.81834742388224,255.81834742388224,255.81834742388224,255.81834742388224,0,0.0,none,255.81834742388224,255.81834742388224,-6.42789684240654,-8.02807471484374,-9.211832798939326,-1.5959466614443159,-7.756639423882234,-7.756639423882234,-7.756639423882234,-7.756639423882234,7.756639423882234,0.0,1.35089022989888,0.0,0.0,-0.02214764842318573,0.0,0.0,1.3287425814756944,Final_Backtest_Forecast_MWH,days8plus_final_low_confidence,raw_bias,none,none,recent_mean+last24_mean+same_hour+hourgroup+global+solar_hourgroup+solar_loss_hourgroup,3.0,8,233.03915174999997,253.381823,56,236.32982358928572,269.356791,15.022556250000036,Peak,4,0,0,1,5.0,0.0,0.27,11.1,0.0,250.75937159396972,205.46992133917507,-6.42789684240654,6.42789684240654,2.5912491267723348,Spring,0.0,0.0,0.0,1.0,Some Clouds,0.0,None,1.3508902298988905,weighted_fallback,global+hour,255.81834742388224,0.0,255.84049507230543,none,170+,other,1.0,0.0,0.0,0.0,-0.022147648423172763,0.0,,,ar_disabled_or_empty,0.0,,,origin_day_disabled_or_empty,255.84049507230543,0.0,0.0,49.01968350323148,3.730233248436832,3.126899143934877,5.0,Low,,,,,,,,,,,,,,,,,,,,,,,,,,,,,,,,,,,,,,,,,,,,45,2026-04-12 23:00:00-07:00,2026-05-27 23:00:00-07:00,2026-06-05,0.0,6.42789684240654,6.42789684240654,0,1,192.731983,158.646916,243.30186757142857,,,,,,,,,,,,,,,,,-6.42789684240654,-7.77878707230542,-7.77878707230542,-7.77878707230542,-7.756639423882234,-7.756639423882234
2026-06-10 14:00:00-07:00,origin_19,2026-05-28 00:00:00-07:00,2026,5,327,14,Days8to16,Summer,6,14,195.660733,94.7,98.2,0.63,19.658598544467928,0.0,0.0,216.00747046168416,218.3411102294922,214.44653003157245,217.79362263248598,215.71146543065694,216.40959202862038,216.2866474657178,216.2866474657178,216.22439250336197,198.10439250336196,214.10439250336196,198.10439250336196,1,-16.0,june_recent_98_100_low_loss_midday_backoff+june_98_100_mixed_high_state_morning_midday_backoff,198.10439250336196,198.10439250336196,-20.34673746168417,-22.680377229492194,-18.785797031572457,-22.132889632485984,-2.443659503361971,-18.44365950336197,-2.443659503361971,-2.443659503361971,2.443659503361971,-0.29600503102722087,0.6981265979634372,-0.12294456290257472,0.0,-0.06225496235583705,-18.120000000000005,-16.0,-17.9030779583222,Final_Backtest_Forecast_MWH,days8plus_final_low_confidence+long_horizon_peak_month_correction,raw_bias+solar_cloud_midday,event_class_hour_loss+hour_cloud_loss+hour_base_loss+hour_loss+hour_cloud,none,recent_mean+last24_mean+same_hour+hourgroup+global+cloud_hourgroup+solar_hourgroup+solar_loss_hourgroup,3.0,7,213.0746852857143,236.854926,49,247.39968908163266,281.792576,-17.413952285714316,Midday,2,0,0,0,5.0,1.1525272440424363,0.15,9.1,0.0,178.09573642435564,186.20248871982554,-20.34673746168417,20.34673746168417,10.398988672747214,Spring,0.49121443510919227,-0.7872194661364086,-0.2960050310272163,3.0,Mostly Cloudy,4.0,None,0.6981265979634231,weighted_fallback,global+hour,216.22439250336197,0.0,216.40959202862038,none,170+,solar_loss_general,0.7,-0.12294456290257745,-0.12294456290257745,0.0,-0.06225496235584939,0.0,,,ar_disabled_or_empty,0.0,,,origin_day_disabled_or_empty,216.2866474657178,-2.12,0.0,29.804981741858626,37.91173403732853,1.2489268878298494,5.0,High,,,,,,,,,,,,,,,,,,,,,,,,,,,,,,,,,,,,,,,,,,,,45,2026-04-12 23:00:00-07:00,2026-05-27 23:00:00-07:00,2026-06-10,0.0,20.34673746168417,20.34673746168417,0,1,115.556416,191.484675,168.17363671428572,,,,,,,,,,,,,,,,,-20.05073243065695,-20.748859028620387,-20.625914465717813,-20.625914465717813,-20.563659503361976,-2.443659503361971
2026-06-10 15:00:00-07:00,origin_19,2026-05-28 00:00:00-07:00,2026,5,328,14,Days8to16,Summer,6,15,217.473791,96.8,98.2,0.33,16.725961285067065,0.0,0.0,233.5799649916885,233.6237030029297,233.23737407364024,234.10582557398115,234.13260866626428,234.6593034046831,234.6593034046831,234.6593034046831,234.686204313512,216.566204313512,232.566204313512,216.566204313512,1,-16.0,june_recent_98_100_low_loss_midday_backoff+june_98_100_mixed_high_state_morning_midday_backoff,216.566204313512,216.566204313512,-16.106173991688507,-16.149912002929682,-15.763583073640234,-16.632034573981144,0.9075866864880027,-15.092413313511997,0.9075866864880027,0.9075866864880027,0.9075866864880027,0.5526436745757621,0.5266947384188256,0.0,0.0,0.026900908828906722,-18.120000000000005,-16.0,-17.01376067817651,Final_Backtest_Forecast_MWH,days8plus_final_low_confidence+long_horizon_peak_month_correction,raw_bias,none,none,recent_mean+last24_mean+same_hour+hourgroup+global+solar_hourgroup+solar_loss_hourgroup,3.0,7,234.12113871428573,257.1663796,49,247.39968908163266,281.792576,-16.64734771428573,Midday,2,0,0,0,5.0,1.3306890630559727,0.14,9.0,0.0,191.5111864094217,202.13966946089866,-16.106173991688507,16.106173991688507,7.406029902558927,Spring,0.5526436745757664,0.0,0.5526436745757664,1.0,Some Clouds,4.0,None,0.5266947384188142,weighted_fallback,global+hour,234.686204313512,0.0,234.6593034046831,none,170+,other,0.7,0.0,0.0,0.0,0.02690090882890928,0.0,,,ar_disabled_or_empty,0.0,,,origin_day_disabled_or_empty,234.6593034046831,-2.12,0.0,31.440295530789854,42.068778582266816,0.41733152409524266,5.0,Medium-High,,,,,,,,,,,,,,,,,,,,,,,,,,,,,,,,,,,,,,,,,,,,45,2026-04-12 23:00:00-07:00,2026-05-27 23:00:00-07:00,2026-06-10,0.0,16.106173991688507,16.106173991688507,0,1,110.0683,199.907133,182.10061757142856,,,,,,,,,,,,,,,,,-16.65881766626427,-17.185512404683095,-17.185512404683095,-17.185512404683095,-17.212413313512002,0.9075866864880027
2026-06-10 16:00:00-07:00,origin_19,2026-05-28 00:00:00-07:00,2026,5,329,14,Days8to16,Summer,6,16,236.995258,98.2,98.2,0.03,11.56827523212666,0.0,0.0,250.27224171041894,251.23818969726562,249.07007653644996,251.8853732732712,250.27224171041894,250.7133412992153,250.7133412992153,250.7133412992153,250.71807617641335,244.59807617641334,248.59807617641334,244.59807617641334,1,-4.0,june_recent_clear_98_100_peak_backoff,244.59807617641334,244.59807617641334,-13.276983710418932,-14.242931697265618,-12.074818536449953,-14.890115273271192,-7.6028181764133365,-11.602818176413336,-7.6028181764133365,-7.6028181764133365,7.6028181764133365,0.0,0.44109958879636224,0.0,0.0,0.004734877198046661,-6.1200000000000045,-4.0,-5.674165534005596,Final_Backtest_Forecast_MWH,days8plus_final_low_confidence+long_horizon_peak_month_correction,raw_bias,none,none,recent_mean+last24_mean+same_hour+hourgroup+global+cloud_hourgroup+solar_loss_hourgroup,3.0,7,253.26296257142857,277.145126,49,247.39968908163266,281.792576,-16.267704571428567,Peak,2,0,0,1,5.0,1.35,0.13,9.2,0.0,204.5993814741633,217.14295102709238,-13.276983710418932,13.276983710418932,5.6022149229749285,Spring,0.0,0.0,0.0,0.0,Clear/Low,3.0,None,0.44109958879636024,weighted_fallback,global+hour,250.71807617641335,0.0,250.7133412992153,none,170+,other,0.7,0.0,0.0,0.0,0.004734877198041845,0.0,,,ar_disabled_or_empty,0.0,,,origin_day_disabled_or_empty,250.7133412992153,-2.12,0.0,33.12929068332656,45.672860236255644,3.2080043459828786,5.0,Medium-High,,,,,,,,,,,,,,,,,,,,,,,,,,,,,,,,,,,,,,,,,,,,45,2026-04-12 23:00:00-07:00,2026-05-27 23:00:00-07:00,2026-06-10,0.0,13.276983710418932,13.276983710418932,0,1,109.933208,199.907133,184.85655685714283,,,,,,,,,,,,,,,,,-13.276983710418932,-13.718083299215294,-13.718083299215294,-13.718083299215294,-13.722818176413341,-7.6028181764133365
2026-06-10 17:00:00-07:00,origin_19,2026-05-28 00:00:00-07:00,2026,5,330,14,Days8to16,Summer,6,17,252.155283,96.3,98.2,0.0,6.010192212810291,0.0,0.0,259.9437609629168,257.7561950683594,259.26699841261194,261.6322637975552,259.9437609629168,260.69196567856767,260.69196567856767,260.69196567856767,260.6690911046394,254.5490911046394,258.5490911046394,254.5490911046394,1,-4.0,june_recent_clear_98_100_peak_backoff,254.5490911046394,254.5490911046394,-7.788477962916829,-5.600912068359378,-7.111715412611943,-9.4769807975552,-2.3938081046393904,-6.39380810463939,-2.3938081046393904,-2.3938081046393904,2.3938081046393904,0.0,0.7482047156508429,0.0,0.0,-0.022874573928277186,-6.1200000000000045,-4.0,-5.394669858277439,Final_Backtest_Forecast_MWH,days8plus_final_low_confidence+long_horizon_peak_month_correction,raw_bias,none,none,recent_mean+last24_mean+same_hour+hourgroup+global+cloud_hourgroup+solar_hourgroup+solar_loss_hourgroup,3.0,7,265.283983,289.457408,49,247.39968908163266,281.792576,-13.12869999999998,Peak,2,0,0,1,5.0,1.35,0.14,9.9,0.0,213.70907384843446,227.1049343214248,-7.788477962916829,7.788477962916829,3.0887625554594584,Spring,0.0,0.0,0.0,0.0,Clear/Low,2.0,None,0.7482047156508559,weighted_fallback,global+hour,260.6690911046394,0.0,260.69196567856767,none,170+,other,0.7,0.0,0.0,0.0,-0.022874573928262056,0.0,,,ar_disabled_or_empty,0.0,,,origin_day_disabled_or_empty,260.69196567856767,-2.12,0.0,32.838826641492034,46.23468711448237,0.9493388661777078,5.0,Medium-Low,,,,,,,,,,,,,,,,,,,,,,,,,,,,,,,,,,,,,,,,,,,,45,2026-04-12 23:00:00-07:00,2026-05-27 23:00:00-07:00,2026-06-10,0.0,7.788477962916829,7.788477962916829,0,1,111.175875,197.5873,193.94912471428572,,,,,,,,,,,,,,,,,-7.788477962916829,-8.536682678567672,-8.536682678567672,-8.536682678567672,-8.513808104639395,-2.3938081046393904
2026-06-10 18:00:00-07:00,origin_19,2026-05-28 00:00:00-07:00,2026,5,331,14,Days8to16,Summer,6,18,257.298966,95.3,98.2,0.0,2.5982956510223008,0.0,0.0,263.65724036383835,262.7257080078125,264.10182484209656,263.2247597140114,263.65724036383835,264.3798266052494,264.3798266052494,264.3798266052494,264.2781907823364,258.1581907823364,262.1581907823364,258.1581907823364,1,-4.0,june_recent_clear_98_100_peak_backoff,258.1581907823364,258.1581907823364,-6.358274363838348,-5.426742007812493,-6.802858842096555,-5.925793714011377,-0.8592247823364119,-4.859224782336412,-0.8592247823364119,-0.8592247823364119,0.8592247823364119,0.0,0.7225862414110225,0.0,0.0,-0.1016358229129537,-6.1200000000000045,-4.0,-5.499049581501936,Final_Backtest_Forecast_MWH,days8plus_final_low_confidence+long_horizon_peak_month_correction,raw_bias,none,none,recent_mean+last24_mean+same_hour+hourgroup+global+cloud_hourgroup+solar_hourgroup+solar_loss_hourgroup,3.0,7,267.2262448571429,289.572791,49,247.39968908163266,281.792576,-9.92727885714288,Peak,2,0,0,1,5.0,1.35,0.15,10.1,0.0,216.55281933038663,230.70102494141386,-6.358274363838348,6.358274363838348,2.471162034844068,Spring,0.0,0.0,0.0,0.0,Clear/Low,1.0,None,0.7225862414110098,weighted_fallback,global+hour,264.2781907823364,0.0,264.3798266052494,none,170+,other,0.7,0.0,0.0,0.0,-0.10163582291297348,0.0,,,ar_disabled_or_empty,0.0,,,origin_day_disabled_or_empty,264.3798266052494,-2.12,0.0,32.95621542242449,47.10442103345173,0.3339402391288319,5.0,Medium-Low,,,,,,,,,,,,,,,,,,,,,,,,,,,,,,,,,,,,,,,,,,,,45,2026-04-12 23:00:00-07:00,2026-05-27 23:00:00-07:00,2026-06-10,0.0,6.358274363838348,6.358274363838348,0,1,115.221058,193.079966,196.7209922857143,,,,,,,,,,,,,,,,,-6.358274363838348,-7.08086060524937,-7.08086060524937,-7.08086060524937,-6.979224782336416,-0.8592247823364119
2026-06-10 19:00:00-07:00,origin_19,2026-05-28 00:00:00-07:00,2026,5,332,14,Days8to16,Summer,6,19,253.397125,93.7,98.2,0.0,0.6123774549772046,0.0,0.0,257.85380069008164,257.91326904296875,260.14707072873426,254.23309967137396,257.85380069008164,258.78830054265035,258.78830054265035,258.78830054265035,258.6824341887577,258.6824341887577,258.6824341887577,258.6824341887577,0,0.0,none,258.6824341887577,258.6824341887577,-4.456675690081653,-4.516144042968762,-6.749945728734275,-0.8359746713739753,-5.285309188757736,-5.285309188757736,-5.285309188757736,-5.285309188757736,5.285309188757736,0.0,0.934499852568706,0.0,0.0,-0.10586635389262256,0.0,0.0,0.8286334986760835,Final_Backtest_Forecast_MWH,days8plus_final_low_confidence,raw_bias,none,none,recent_mean+last24_mean+same_hour+hourgroup+global+cloud_hourgroup+solar_hourgroup+solar_loss_hourgroup,3.0,7,258.153507,280.4559464,49,247.39968908163266,281.792576,-4.756382000000002,Peak,2,0,0,1,5.0,0.0,0.17,9.2,0.0,212.18417018046483,225.83133459638753,-4.456675690081653,4.456675690081653,1.7587712133993838,Spring,0.0,0.0,0.0,0.0,Clear/Low,0.0,None,0.934499852568724,weighted_fallback,global+hour,258.6824341887577,0.0,258.78830054265035,none,170+,other,1.0,0.0,0.0,0.0,-0.10586635389260517,0.0,,,ar_disabled_or_empty,0.0,,,origin_day_disabled_or_empty,258.78830054265035,0.0,0.0,32.022466093694106,45.66963050961681,2.0857810398431855,5.0,Low,,,,,,,,,,,,,,,,,,,,,,,,,,,,,,,,,,,,,,,,,,,,45,2026-04-12 23:00:00-07:00,2026-05-27 23:00:00-07:00,2026-06-10,0.0,4.456675690081653,4.456675690081653,0,1,123.525166,193.079966,193.8686507142857,,,,,,,,,,,,,,,,,-4.456675690081653,-5.391175542650359,-5.391175542650359,-5.391175542650359,-5.285309188757736,-5.285309188757736
2026-06-10 20:00:00-07:00,origin_19,2026-05-28 00:00:00-07:00,2026,5,333,14,Days8to16,Summer,6,20,242.21065,90.3,98.2,0.0,0.1141633048345623,0.0,0.0,247.06084457641256,247.251953125,248.3831288798263,244.92836680002313,247.06084457641256,248.41173480631144,248.41173480631144,248.41173480631144,248.380040000175,248.380040000175,248.380040000175,248.380040000175,0,0.0,none,248.380040000175,248.380040000175,-4.8501945764125765,-5.041303125000013,-6.172478879826315,-2.7177168000231404,-6.169390000175014,-6.169390000175014,-6.169390000175014,-6.169390000175014,6.169390000175014,0.0,1.35089022989888,0.0,0.0,-0.03169480613644282,0.0,0.0,1.3191954237624373,Final_Backtest_Forecast_MWH,days8plus_final_low_confidence,raw_bias,none,none,recent_mean+last24_mean+same_hour+hourgroup+global+cloud_hourgroup+solar_hourgroup+solar_loss_hourgroup,3.0,7,240.67530214285713,262.3979832,49,247.39968908163266,281.792576,1.5353478571428525,Peak,2,0,0,1,5.0,0.0,0.21,6.6,0.0,203.20667311711128,217.23027638063527,-4.8501945764125765,4.8501945764125765,2.0024695761365474,Spring,0.0,0.0,0.0,0.0,Clear/Low,0.0,None,1.3508902298988905,weighted_fallback,global+hour,248.380040000175,0.0,248.41173480631144,none,170+,other,1.0,0.0,0.0,0.0,-0.031694806136455006,0.0,,,ar_disabled_or_empty,0.0,,,origin_day_disabled_or_empty,248.41173480631144,0.0,0.0,29.83056819577729,43.854171459301284,2.547117560757553,5.0,Low,,,,,,,,,,,,,,,,,,,,,,,,,,,,,,,,,,,,,,,,,,,,45,2026-04-12 23:00:00-07:00,2026-05-27 23:00:00-07:00,2026-06-10,0.0,4.8501945764125765,4.8501945764125765,0,1,130.8272,183.008183,195.68338300000002,,,,,,,,,,,,,,,,,-4.8501945764125765,-6.2010848063114565,-6.2010848063114565,-6.2010848063114565,-6.169390000175014,-6.169390000175014
2026-06-11 14:00:00-07:00,origin_19,2026-05-28 00:00:00-07:00,2026,5,351,15,Days8to16,Summer,6,14,242.198091,96.7,100.1,0.0,17.379327069200027,0.6393862186306585,0.0,248.19708117523152,249.02569580078125,248.2996402854775,247.79916982325932,249.344905162598,250.04303176056143,250.04303176056143,250.04303176056143,250.0193328474826,247.89933284748258,247.89933284748258,247.89933284748258,0,0.0,none,247.89933284748258,247.89933284748258,-5.998990175231512,-6.827604800781245,-6.101549285477489,-5.601078823259314,-5.701241847482578,-5.701241847482578,-5.701241847482578,-5.701241847482578,5.701241847482578,1.147823987366479,0.6981265979634372,0.0,0.0,-0.023698913078845862,-2.1200000000000045,0.0,-0.2977483277489341,Final_Backtest_Forecast_MWH,days8plus_final_low_confidence+long_horizon_peak_month_correction,raw_bias,none,none,recent_mean+last24_mean+same_hour+hourgroup+global+cloud_hourgroup+solar_hourgroup+solar_loss_hourgroup,3.0,6,226.02657050000002,247.039808,42,257.9215899285714,286.7712877,16.171520499999986,Midday,3,0,0,0,6.0,1.1530600332870506,0.16,3.9,0.0,216.00747046168416,189.26737784073526,-5.998990175231512,5.998990175231512,2.476894078918034,Spring,1.147823987366488,0.0,1.147823987366488,0.0,Clear/Low,4.0,Medium,0.6981265979634231,weighted_fallback,global+hour,250.0193328474826,0.0,250.04303176056143,none,170+,other,0.7,0.0,0.0,0.0,-0.023698913078835215,0.0,,,ar_disabled_or_empty,0.0,,,origin_day_disabled_or_empty,250.04303176056143,-2.12,0.0,58.92970333449625,32.18961071354735,2.3539582099689538,6.0,Medium-High,,,,,,,,,,,,,,,,,,,,,,,,,,,,,,,,,,,,,,,,,,,,45,2026-04-12 23:00:00-07:00,2026-05-27 23:00:00-07:00,2026-06-11,0.0,5.998990175231512,5.998990175231512,0,1,130.280758,123.90315,175.93771999999998,,,,,,,,,,,,,,,,,-7.146814162597991,-7.844940760561428,-7.844940760561428,-7.844940760561428,-7.821241847482582,-5.701241847482578
2026-06-11 15:00:00-07:00,origin_19,2026-05-28 00:00:00-07:00,2026,5,352,15,Days8to16,Summer,6,15,263.335733,98.9,100.1,0.0,14.237978240655575,0.0,0.0,266.496347477024,267.00335693359375,266.5163906290197,266.3199912505822,267.69455316356033,268.22124790197915,268.22124790197915,268.22124790197915,268.2409123804371,274.1209123804371,266.1209123804371,274.1209123804371,1,8.0,june_long_hot_100_105_peak_ramp_up,274.1209123804371,274.1209123804371,-3.160614477024012,-3.6676239335937453,-3.18065762901972,-2.9842582505821724,-10.785179380437114,-2.785179380437114,-10.785179380437114,-10.785179380437114,10.785179380437114,1.198205686536312,0.5266947384188256,0.0,0.0,0.019664478457968926,5.8799999999999955,8.0,7.624564903413102,Final_Backtest_Forecast_MWH,days8plus_final_low_confidence+long_horizon_peak_month_correction,raw_bias,none,none,recent_mean+last24_mean+same_hour+hourgroup+global+cloud_hourgroup+solar_hourgroup+solar_loss_hourgroup,3.0,6,246.6033065,267.7399375,42,257.9215899285714,286.7712877,16.732426500000003,Midday,3,0,0,0,6.0,1.3384748171617815,0.15,4.0,0.0,233.5799649916885,204.759789596079,-3.160614477024012,3.160614477024012,1.200222408488715,Spring,1.1982056865363073,0.0,1.1982056865363073,0.0,Clear/Low,3.0,None,0.5266947384188142,weighted_fallback,global+hour,268.2409123804371,0.0,268.22124790197915,none,170+,other,0.7,0.0,0.0,0.0,0.019664478457949136,0.0,,,ar_disabled_or_empty,0.0,,,origin_day_disabled_or_empty,268.22124790197915,-2.12,0.0,61.736557880945014,32.916382485335504,4.095600417599655,6.0,Medium-High,,,,,,,,,,,,,,,,,,,,,,,,,,,,,,,,,,,,,,,,,,,,45,2026-04-12 23:00:00-07:00,2026-05-27 23:00:00-07:00,2026-06-11,0.0,3.160614477024012,3.160614477024012,0,1,122.384008,133.677975,202.73446385714286,,,,,,,,,,,,,,,,,-4.358820163560324,-4.88551490197915,-4.88551490197915,-4.88551490197915,-4.905179380437119,-10.785179380437114
2026-06-11 16:00:00-07:00,origin_19,2026-05-28 00:00:00-07:00,2026,5,353,15,Days8to16,Summer,6,16,281.60275,100.1,100.1,0.0,9.256953283197172,0.0,0.0,285.31645338980576,281.08892822265625,284.65925278667476,287.5570615281972,285.31645338980576,285.7575529786021,285.7575529786021,285.7575529786021,285.7605277727436,288.1405277727436,283.6405277727436,288.1405277727436,1,4.5,june_recent_100_105_hot_evening_lift+june_long_hot_100_105_peak_finish_up,288.1405277727436,288.1405277727436,-3.713703389805744,0.5138217773437646,-3.0565027866747414,-5.954311528197195,-6.5377777727435955,-2.0377777727435955,-6.5377777727435955,-6.5377777727435955,6.5377777727435955,0.0,0.44109958879636224,0.0,0.0,0.0029747941414939305,2.3799999999999955,4.5,2.8240743829378516,Final_Backtest_Forecast_MWH,days8plus_final_low_confidence+long_horizon_peak_month_correction,raw_bias,none,none,recent_mean+last24_mean+same_hour+hourgroup+global+cloud_hourgroup+solar_hourgroup+solar_loss_hourgroup,3.0,6,264.22042716666664,283.7433285,42,257.9215899285714,286.7712877,17.382322833333376,Peak,3,0,0,1,6.0,1.35,0.14,3.3,0.0,250.27224171041894,219.30229555338408,-3.713703389805744,3.713703389805744,1.3187738364791337,Spring,0.0,0.0,0.0,0.0,Clear/Low,2.0,None,0.44109958879636024,weighted_fallback,global+hour,285.7605277727436,0.0,285.7575529786021,none,170+,other,0.7,0.0,0.0,0.0,0.0029747941414753447,0.0,,,ar_disabled_or_empty,0.0,,,origin_day_disabled_or_empty,285.7575529786021,-2.12,0.0,66.01415783642167,35.04421167938682,2.3216313664350205,6.0,Medium-Low,,,,,,,,,,,,,,,,,,,,,,,,,,,,,,,,,,,,,,,,,,,,45,2026-04-12 23:00:00-07:00,2026-05-27 23:00:00-07:00,2026-06-11,0.0,3.713703389805744,3.713703389805744,0,1,119.573525,133.512866,216.40819028571428,,,,,,,,,,,,,,,,,-3.713703389805744,-4.154802978602106,-4.154802978602106,-4.154802978602106,-4.1577777727436,-6.5377777727435955
2026-06-11 17:00:00-07:00,origin_19,2026-05-28 00:00:00-07:00,2026,5,354,15,Days8to16,Summer,6,17,294.642141,99.2,100.1,0.0,4.8952850452081735,0.0,0.0,294.5202911986589,292.555908203125,294.83481868011194,294.5872860122425,294.5202911986589,295.26849591430977,295.26849591430977,295.26849591430977,295.2456213403815,297.6256213403815,293.1256213403815,297.6256213403815,1,4.5,june_recent_100_105_hot_evening_lift+june_long_hot_100_105_peak_finish_up,297.6256213403815,297.6256213403815,0.12184980134105672,2.086232796874981,-0.19267768011195585,0.0548549877574942,-2.9834803403815044,1.5165196596184956,-2.9834803403815044,-2.9834803403815044,2.9834803403815044,0.0,0.7482047156508429,0.0,0.0,-0.022874573928277186,2.3799999999999955,4.5,3.105330141722561,Final_Backtest_Forecast_MWH,days8plus_final_low_confidence+long_horizon_peak_month_correction,raw_bias,none,none,recent_mean+last24_mean+same_hour+hourgroup+global+cloud_hourgroup+solar_hourgroup+solar_loss_hourgroup,3.0,6,275.4988608333333,294.47982049999996,42,257.9215899285714,286.7712877,19.14328016666667,Peak,3,0,0,1,6.0,1.35,0.14,4.0,0.0,259.9437609629168,228.548608786206,0.12184980134105672,0.12184980134105672,0.04135518460716613,Spring,0.0,0.0,0.0,0.0,Clear/Low,1.0,None,0.7482047156508559,weighted_fallback,global+hour,295.2456213403815,0.0,295.26849591430977,none,170+,other,0.7,0.0,0.0,0.0,-0.022874573928262056,0.0,,,ar_disabled_or_empty,0.0,,,origin_day_disabled_or_empty,295.26849591430977,-2.12,0.0,65.97168241245294,34.5765302357421,1.01257760694235,6.0,Medium-Low,,,,,,,,,,,,,,,,,,,,,,,,,,,,,,,,,,,,,,,,,,,,45,2026-04-12 23:00:00-07:00,2026-05-27 23:00:00-07:00,2026-06-11,0.12184980134105672,0.0,-0.12184980134105672,1,0,120.268916,133.512866,226.82119842857142,,,,,,,,,,,,,,,,,0.12184980134105672,-0.6263549143097862,-0.6263549143097862,-0.6263549143097862,-0.603480340381509,-2.9834803403815044
2026-06-11 18:00:00-07:00,origin_19,2026-05-28 00:00:00-07:00,2026,5,355,15,Days8to16,Summer,6,18,296.756358,98.7,100.1,0.0,2.3058270473486204,0.0,0.0,297.2252824883069,296.21734619140625,297.1006536103937,297.7091096669992,297.2252824883069,297.9478687297179,297.9478687297179,297.9478687297179,297.84623290680497,300.22623290680497,295.72623290680497,300.22623290680497,1,4.5,june_recent_100_105_hot_evening_lift+june_long_hot_100_105_peak_finish_up,300.22623290680497,300.22623290680497,-0.468924488306925,0.5390118085937274,-0.3442956103937149,-0.9527516669992337,-3.4698749068049892,1.0301250931950108,-3.4698749068049892,-3.4698749068049892,3.4698749068049892,0.0,0.7225862414110225,0.0,0.0,-0.1016358229129537,2.3799999999999955,4.5,3.000950418498064,Final_Backtest_Forecast_MWH,days8plus_final_low_confidence+long_horizon_peak_month_correction,raw_bias,none,none,recent_mean+last24_mean+same_hour+hourgroup+global+cloud_hourgroup+solar_hourgroup+solar_loss_hourgroup,3.0,6,276.73095100000006,293.8857995,42,257.9215899285714,286.7712877,20.025406999999916,Peak,3,0,0,1,6.0,1.35,0.14,4.3,0.0,263.65724036383835,231.89586317708356,-0.468924488306925,0.468924488306925,0.1580166610303679,Spring,0.0,0.0,0.0,0.0,Clear/Low,1.0,None,0.7225862414110098,weighted_fallback,global+hour,297.84623290680497,0.0,297.9478687297179,none,170+,other,0.7,0.0,0.0,0.0,-0.10163582291297348,0.0,,,ar_disabled_or_empty,0.0,,,origin_day_disabled_or_empty,297.9478687297179,-2.12,0.0,65.32941931122335,33.56804212446855,1.1692672501409354,6.0,Medium-Low,,,,,,,,,,,,,,,,,,,,,,,,,,,,,,,,,,,,,,,,,,,,45,2026-04-12 23:00:00-07:00,2026-05-27 23:00:00-07:00,2026-06-11,0.0,0.468924488306925,0.468924488306925,0,1,125.104508,137.621025,229.58848628571428,,,,,,,,,,,,,,,,,-0.468924488306925,-1.1915107297179475,-1.1915107297179475,-1.1915107297179475,-1.0898749068049938,-3.4698749068049892
2026-06-11 19:00:00-07:00,origin_19,2026-05-28 00:00:00-07:00,2026,5,356,15,Days8to16,Summer,6,19,291.356483,97.1,100.1,0.01,0.5056966994736776,0.0,0.0,289.3926955537386,289.40667724609375,291.66878385066485,285.81199060361007,289.3926955537386,290.3271954063073,290.3271954063073,290.3271954063073,290.22132905241466,293.22132905241466,290.22132905241466,293.22132905241466,1,3.0,june_recent_100_105_hot_evening_lift,293.22132905241466,293.22132905241466,1.963787446261449,1.9498057539062756,-0.31230085066482616,5.5444923963899555,-1.8648460524146344,1.1351539475853656,-1.8648460524146344,-1.8648460524146344,1.8648460524146344,0.0,0.934499852568706,0.0,0.0,-0.10586635389262256,3.0,3.0,3.8286334986760835,Final_Backtest_Forecast_MWH,days8plus_final_low_confidence,raw_bias,none,none,recent_mean+last24_mean+same_hour+hourgroup+global+cloud_hourgroup+solar_hourgroup+solar_loss_hourgroup,3.0,6,267.02531500000003,282.0004035,42,257.9215899285714,286.7712877,24.33116799999999,Peak,3,0,0,1,6.0,0.0,0.15,4.4,0.0,257.85380069008164,226.70659733250258,1.963787446261449,1.963787446261449,0.674015359480245,Spring,0.0,0.0,0.0,0.0,Clear/Low,0.0,None,0.934499852568724,weighted_fallback,global+hour,290.22132905241466,0.0,290.3271954063073,none,170+,other,1.0,0.0,0.0,0.0,-0.10586635389260517,0.0,,,ar_disabled_or_empty,0.0,,,origin_day_disabled_or_empty,290.3271954063073,0.0,0.0,62.686098221235994,31.538894863656935,0.640056481054734,6.0,Low,,,,,,,,,,,,,,,,,,,,,,,,,,,,,,,,,,,,,,,,,,,,45,2026-04-12 23:00:00-07:00,2026-05-27 23:00:00-07:00,2026-06-11,1.963787446261449,0.0,-1.963787446261449,1,0,133.555216,150.8826,225.98842814285717,,,,,,,,,,,,,,,,,1.963787446261449,1.029287593692743,1.029287593692743,1.029287593692743,1.1351539475853656,-1.8648460524146344
2026-06-11 20:00:00-07:00,origin_19,2026-05-28 00:00:00-07:00,2026,5,357,15,Days8to16,Summer,6,20,274.337633,93.8,100.1,0.0,0.0936288952397297,0.0,0.0,275.0032285314488,275.4897766113281,276.81742061185486,272.01334152513095,275.0032285314488,276.3541187613477,276.3541187613477,276.3541187613477,276.32242395521126,279.32242395521126,276.32242395521126,279.32242395521126,1,3.0,june_recent_100_105_hot_evening_lift,279.32242395521126,279.32242395521126,-0.6655955314488438,-1.1521436113281425,-2.4797876118548743,2.324291474869028,-4.984790955211281,-1.984790955211281,-4.984790955211281,-4.984790955211281,4.984790955211281,0.0,1.35089022989888,0.0,0.0,-0.03169480613644282,3.0,3.0,4.319195423762437,Final_Backtest_Forecast_MWH,days8plus_final_low_confidence,raw_bias,none,none,recent_mean+last24_mean+same_hour+hourgroup+global+cloud_hourgroup+solar_hourgroup+solar_loss_hourgroup,3.0,6,249.3456985,264.07086649999997,42,257.9215899285714,286.7712877,24.991934499999985,Peak,3,0,0,1,6.0,0.0,0.18,5.1,0.0,247.06084457641256,217.87698305497497,-0.6655955314488438,0.6655955314488438,0.24261911286842802,Spring,0.0,0.0,0.0,0.0,Clear/Low,0.0,None,1.3508902298988905,weighted_fallback,global+hour,276.32242395521126,0.0,276.3541187613477,none,170+,other,1.0,0.0,0.0,0.0,-0.031694806136455006,0.0,,,ar_disabled_or_empty,0.0,,,origin_day_disabled_or_empty,276.3541187613477,0.0,0.0,57.126245476473855,27.942383955036263,1.8170277627245115,6.0,Low,,,,,,,,,,,,,,,,,,,,,,,,,,,,,,,,,,,,,,,,,,,,45,2026-04-12 23:00:00-07:00,2026-05-27 23:00:00-07:00,2026-06-11,0.0,0.6655955314488438,0.6655955314488438,0,1,141.938,150.8826,202.70205214285716,,,,,,,,,,,,,,,,,-0.6655955314488438,-2.016485761347724,-2.016485761347724,-2.016485761347724,-1.984790955211281,-4.984790955211281
2026-06-12 14:00:00-07:00,origin_19,2026-05-28 00:00:00-07:00,2026,5,375,16,Days8to16,Summer,6,14,279.483975,99.4,102.5,0.0,16.163564668941632,1.8639966721184713,0.0,268.00117490893143,269.3797912597656,267.58290669157793,268.26456315024853,268.7465850551805,269.44471165314394,269.44471165314394,269.44471165314394,269.4497011176842,275.3297011176842,267.3297011176842,275.3297011176842,1,8.0,june_long_hot_100_105_peak_ramp_up,275.3297011176842,275.3297011176842,11.482800091068555,10.104183740234362,11.901068308422055,11.219411849751452,4.154273882315806,12.154273882315806,4.154273882315806,4.154273882315806,4.154273882315806,0.7454101462490712,0.6981265979634372,0.0,0.0,0.004989464540244626,5.8799999999999955,8.0,7.3285262087527485,Final_Backtest_Forecast_MWH,days8plus_final_low_confidence+long_horizon_peak_month_correction,raw_bias+solar_cloud_midday,none,none,recent_mean+last24_mean+same_hour+hourgroup+global+cloud_hourgroup+solar_hourgroup+solar_loss_hourgroup,3.0,3,241.70322733333333,247.9083632,21,270.0631841904762,293.555966,37.780747666666656,Midday,4,0,0,0,6.0,1.1420800000121758,0.19,2.2,0.0,248.19708117523152,193.30679453905373,11.482800091068555,11.482800091068555,4.108571910453383,Spring,0.6242142649174779,0.12119588133158767,0.7454101462490655,0.0,Clear/Low,4.0,High,0.6981265979634231,weighted_fallback,global+hour,269.4497011176842,0.0,269.44471165314394,none,170+,solar_loss_general,0.7,0.0,0.0,0.0,0.004989464540259559,0.0,,,ar_disabled_or_empty,0.0,,,origin_day_disabled_or_empty,269.44471165314394,-2.12,0.0,74.6943803698777,19.804093733699915,1.4864086151328735,6.0,Medium-High,,,,,,,,,,,,,,,,,,,,,,,,,,,,,,,,,,,,,,,,,,,,45,2026-04-12 23:00:00-07:00,2026-05-27 23:00:00-07:00,2026-06-12,11.482800091068555,0.0,-11.482800091068555,1,0,144.691683,109.280333,211.78864614285712,,,,,,,,,,,,,,,,,10.737389944819483,10.039263346856046,10.039263346856046,10.039263346856046,10.034273882315802,4.154273882315806
2026-06-12 15:00:00-07:00,origin_19,2026-05-28 00:00:00-07:00,2026,5,376,16,Days8to16,Summer,6,15,298.849225,101.3,102.5,0.0,13.418142576326003,0.0,0.0,287.27288318020084,286.12615966796875,287.363500393803,287.4581199908922,288.1340778653708,288.6607726037896,288.6607726037896,288.6607726037896,288.6804370822476,294.5604370822476,286.5604370822476,294.5604370822476,1,8.0,june_long_hot_100_105_peak_ramp_up,294.5604370822476,294.5604370822476,11.576341819799154,12.72306533203124,11.485724606196982,11.391105009107775,4.2887879177524155,12.288787917752416,4.2887879177524155,4.2887879177524155,4.2887879177524155,0.8611946851699486,0.5266947384188256,0.0,0.0,0.019664478457968926,5.8799999999999955,8.0,7.287553902046739,Final_Backtest_Forecast_MWH,days8plus_final_low_confidence+long_horizon_peak_month_correction,raw_bias,none,none,recent_mean+last24_mean+same_hour+hourgroup+global+cloud_hourgroup+solar_hourgroup+solar_loss_hourgroup,3.0,3,262.03539700000005,268.198015,21,270.0631841904762,293.555966,36.813827999999944,Midday,4,0,0,0,6.0,1.3264804446594263,0.17,2.5,0.0,266.496347477024,208.50891757849894,11.576341819799154,11.576341819799154,3.8736395651684066,Spring,0.861194685169969,0.0,0.861194685169969,0.0,Clear/Low,3.0,None,0.5266947384188142,weighted_fallback,global+hour,288.6804370822476,0.0,288.6607726037896,none,170+,other,0.7,0.0,0.0,0.0,0.019664478457949136,0.0,,,ar_disabled_or_empty,0.0,,,origin_day_disabled_or_empty,288.6607726037896,-2.12,0.0,78.7639656017019,20.77653570317682,1.4351009000449695,6.0,Medium-High,,,,,,,,,,,,,,,,,,,,,,,,,,,,,,,,,,,,,,,,,,,,45,2026-04-12 23:00:00-07:00,2026-05-27 23:00:00-07:00,2026-06-12,11.576341819799154,0.0,-11.576341819799154,1,0,135.705066,105.005766,214.62544357142858,,,,,,,,,,,,,,,,,10.715147134629206,10.18845239621038,10.18845239621038,10.18845239621038,10.168787917752411,4.2887879177524155
2026-06-12 16:00:00-07:00,origin_19,2026-05-28 00:00:00-07:00,2026,5,377,16,Days8to16,Summer,6,16,313.48435,102.5,102.5,0.0,8.732604218591174,0.0,0.0,305.37533645949924,302.84344482421875,306.0836074930857,304.98573673108626,305.37533645949924,305.8164360482956,305.8164360482956,305.8164360482956,305.8194108424371,308.1994108424371,303.6994108424371,308.1994108424371,1,4.5,june_recent_100_105_hot_evening_lift+june_long_hot_100_105_peak_finish_up,308.1994108424371,308.1994108424371,8.109013540500769,10.640905175781256,7.400742506914298,8.498613268913743,5.284939157562917,9.784939157562917,5.284939157562917,5.284939157562917,5.284939157562917,0.0,0.44109958879636224,0.0,0.0,0.0029747941414939305,2.3799999999999955,4.5,2.8240743829378516,Final_Backtest_Forecast_MWH,days8plus_final_low_confidence+long_horizon_peak_month_correction,raw_bias,none,none,recent_mean+last24_mean+same_hour+hourgroup+global+cloud_hourgroup+solar_hourgroup+solar_loss_hourgroup,3.0,3,277.80048000000005,284.50046100000003,21,270.0631841904762,293.555966,35.683869999999956,Peak,4,0,0,1,6.0,1.35,0.16,4.0,0.0,285.31645338980576,223.34199437772332,8.109013540500769,8.109013540500769,2.586736320489609,Spring,0.0,0.0,0.0,0.0,Clear/Low,2.0,None,0.44109958879636024,weighted_fallback,global+hour,305.8194108424371,0.0,305.8164360482956,none,170+,other,0.7,0.0,0.0,0.0,0.0029747941414753447,0.0,,,ar_disabled_or_empty,0.0,,,origin_day_disabled_or_empty,305.8164360482956,-2.12,0.0,82.03334208177591,20.05888306969348,1.6858701742408884,6.0,Medium-Low,,,,,,,,,,,,,,,,,,,,,,,,,,,,,,,,,,,,,,,,,,,,45,2026-04-12 23:00:00-07:00,2026-05-27 23:00:00-07:00,2026-06-12,8.109013540500769,0.0,-8.109013540500769,1,0,133.3827,105.06665,230.42158314285714,,,,,,,,,,,,,,,,,8.109013540500769,7.667913951704406,7.667913951704406,7.667913951704406,7.664939157562912,5.284939157562917
2026-06-12 17:00:00-07:00,origin_19,2026-05-28 00:00:00-07:00,2026,5,378,16,Days8to16,Summer,6,17,315.708558,101.6,102.5,0.0,4.664116473001248,0.0,0.0,314.43275572091596,312.88134765625,314.677317017921,314.4917045583841,314.43275572091596,315.1809604365668,315.1809604365668,315.1809604365668,315.15808586263853,317.5380858626385,313.0380858626385,317.5380858626385,1,4.5,june_recent_100_105_hot_evening_lift+june_long_hot_100_105_peak_finish_up,317.5380858626385,317.5380858626385,1.2758022790840187,2.8272103437499823,1.031240982078998,1.2168534416159105,-1.8295278626385425,2.6704721373614575,-1.8295278626385425,-1.8295278626385425,1.8295278626385425,0.0,0.7482047156508429,0.0,0.0,-0.022874573928277186,2.3799999999999955,4.5,3.105330141722561,Final_Backtest_Forecast_MWH,days8plus_final_low_confidence+long_horizon_peak_month_correction,raw_bias,none,none,recent_mean+last24_mean+same_hour+hourgroup+global+cloud_hourgroup+solar_hourgroup+solar_loss_hourgroup,3.0,3,287.830633,295.066913,21,270.0631841904762,293.555966,27.877925000000005,Peak,4,0,0,1,6.0,1.35,0.16,4.7,0.0,294.5202911986589,232.6751572664751,1.2758022790840187,1.2758022790840187,0.4041076007461346,Spring,0.0,0.0,0.0,0.0,Clear/Low,1.0,None,0.7482047156508559,weighted_fallback,global+hour,315.15808586263853,0.0,315.1809604365668,none,170+,other,0.7,0.0,0.0,0.0,-0.022874573928262056,0.0,,,ar_disabled_or_empty,0.0,,,origin_day_disabled_or_empty,315.1809604365668,-2.12,0.0,81.75759845444085,19.91246452225704,0.5794989765968088,6.0,Medium-Low,,,,,,,,,,,,,,,,,,,,,,,,,,,,,,,,,,,,,,,,,,,,45,2026-04-12 23:00:00-07:00,2026-05-27 23:00:00-07:00,2026-06-12,1.2758022790840187,0.0,-1.2758022790840187,1,0,132.635358,108.129583,242.3588127142857,,,,,,,,,,,,,,,,,1.2758022790840187,0.5275975634331758,0.5275975634331758,0.5275975634331758,0.550472137361453,-1.8295278626385425
2026-06-12 18:00:00-07:00,origin_19,2026-05-28 00:00:00-07:00,2026,5,379,16,Days8to16,Summer,6,18,315.363391,100.6,102.5,0.0,1.9870105423086013,0.0,0.0,310.62299115792956,313.126220703125,309.46028396682425,311.7348940167535,310.62299115792956,311.3455773993406,311.3455773993406,311.3455773993406,311.24394157642763,313.6239415764276,309.1239415764276,313.6239415764276,1,4.5,june_recent_100_105_hot_evening_lift+june_long_hot_100_105_peak_finish_up,313.6239415764276,313.6239415764276,4.740399842070417,2.2371702968749787,5.903107033175729,3.628496983246464,1.7394494235723528,6.239449423572353,1.7394494235723528,1.7394494235723528,1.7394494235723528,0.0,0.7225862414110225,0.0,0.0,-0.1016358229129537,2.3799999999999955,4.5,3.000950418498064,Final_Backtest_Forecast_MWH,days8plus_final_low_confidence+long_horizon_peak_month_correction,raw_bias,none,none,recent_mean+last24_mean+same_hour+hourgroup+global+cloud_hourgroup+solar_hourgroup+solar_loss_hourgroup,3.0,3,286.7159496666667,294.08369960000005,21,270.0631841904762,293.555966,28.64744133333329,Peak,4,0,0,1,6.0,1.35,0.15,3.6,0.0,297.2252824883069,236.34653901774436,4.740399842070417,4.740399842070417,1.5031547660110038,Spring,0.0,0.0,0.0,0.0,Clear/Low,1.0,None,0.7225862414110098,weighted_fallback,global+hour,311.24394157642763,0.0,311.3455773993406,none,170+,other,0.7,0.0,0.0,0.0,-0.10163582291297348,0.0,,,ar_disabled_or_empty,0.0,,,origin_day_disabled_or_empty,311.3455773993406,-2.12,0.0,74.2764521401852,13.39770866962266,0.5515698629624238,6.0,Medium-Low,,,,,,,,,,,,,,,,,,,,,,,,,,,,,,,,,,,,,,,,,,,,45,2026-04-12 23:00:00-07:00,2026-05-27 23:00:00-07:00,2026-06-12,4.740399842070417,0.0,-4.740399842070417,1,0,137.557708,112.186658,265.1862887142857,,,,,,,,,,,,,,,,,4.740399842070417,4.0178136006593945,4.0178136006593945,4.0178136006593945,4.119449423572348,1.7394494235723528
2026-06-12 19:00:00-07:00,origin_19,2026-05-28 00:00:00-07:00,2026,5,380,16,Days8to16,Summer,6,19,309.084325,99.4,102.5,0.01,0.4262098843380014,0.0,0.0,299.7367010030786,305.74749755859375,300.77352623427873,296.39003376675976,299.7367010030786,300.6712008556473,300.6712008556473,301.8131640422679,301.70729768837526,304.70729768837526,301.70729768837526,304.70729768837526,1,3.0,june_recent_100_105_hot_evening_lift,304.70729768837526,304.70729768837526,9.347623996921357,3.3368274414062284,8.310798765721245,12.694291233240222,4.377027311624715,7.377027311624715,4.377027311624715,4.377027311624715,4.377027311624715,0.0,0.934499852568706,0.0,1.1419631866205577,-0.10586635389262256,3.0,3.0,4.970596685296641,Final_Backtest_Forecast_MWH,days8plus_final_low_confidence,raw_bias,none,tree_peak_gap,recent_mean+last24_mean+same_hour+hourgroup+global+cloud_hourgroup+solar_hourgroup+solar_loss_hourgroup,3.0,3,276.1403746666667,282.4291728,21,270.0631841904762,293.555966,32.943950333333305,Peak,4,0,0,1,6.0,0.0,0.16,2.9,0.0,289.3926955537386,230.6506178768232,9.347623996921357,9.347623996921357,3.02429571506784,Spring,0.0,0.0,0.0,0.0,Clear/Low,0.0,None,0.934499852568724,weighted_fallback,global+hour,301.70729768837526,0.0,300.6712008556473,none,170+,other,1.0,0.0,0.0,1.1419631866205322,-0.10586635389260517,0.0,,,ar_disabled_or_empty,0.0,,,origin_day_disabled_or_empty,301.8131640422679,0.0,0.0,69.08608312625543,10.344005449340045,1.4161272370006843,6.0,Low,,,,,,,,,,,,,,,,,,,,,,,,,,,,,,,,,,,,,,,,,,,,45,2026-04-12 23:00:00-07:00,2026-05-27 23:00:00-07:00,2026-06-12,9.347623996921357,0.0,-9.347623996921357,1,0,149.097608,117.570033,242.16254128571427,,,,,,,,,,,,,,,,,9.347623996921357,8.41312414435265,8.41312414435265,7.271160957732093,7.377027311624715,4.377027311624715
2026-06-12 20:00:00-07:00,origin_19,2026-05-28 00:00:00-07:00,2026,5,381,16,Days8to16,Summer,6,20,291.196891,96.4,102.5,0.0,0.0666723802842329,0.0,0.0,287.0281010795819,288.9378356933594,288.9915518404449,283.3970399942894,287.0281010795819,288.3789913094808,288.3789913094808,288.3789913094808,288.34729650334435,291.34729650334435,288.34729650334435,291.34729650334435,1,3.0,june_recent_100_105_hot_evening_lift,291.34729650334435,291.34729650334435,4.168789920418078,2.2590553066406187,2.2053391595550806,7.799851005710593,-0.1504055033443592,2.849594496655641,-0.1504055033443592,-0.1504055033443592,0.1504055033443592,0.0,1.35089022989888,0.0,0.0,-0.03169480613644282,3.0,3.0,4.319195423762437,Final_Backtest_Forecast_MWH,days8plus_final_low_confidence,raw_bias,none,none,recent_mean+last24_mean+same_hour+hourgroup+global+cloud_hourgroup+solar_hourgroup+solar_loss_hourgroup,3.0,3,258.2162276666667,263.73342,21,270.0631841904762,293.555966,32.98066333333327,Peak,4,0,0,1,6.0,0.0,0.23,0.8,0.0,275.0032285314488,221.34039118890058,4.168789920418078,4.168789920418078,1.4316052297474833,Spring,0.0,0.0,0.0,0.0,Clear/Low,0.0,None,1.3508902298988905,weighted_fallback,global+hour,288.34729650334435,0.0,288.3789913094808,none,170+,other,1.0,0.0,0.0,0.0,-0.031694806136455006,0.0,,,ar_disabled_or_empty,0.0,,,origin_day_disabled_or_empty,288.3789913094808,0.0,0.0,65.68770989068133,12.02487254813309,0.05165079298334927,6.0,Low,,,,,,,,,,,,,,,,,,,,,,,,,,,,,,,,,,,,,,,,,,,,45,2026-04-12 23:00:00-07:00,2026-05-27 23:00:00-07:00,2026-06-12,4.168789920418078,0.0,-4.168789920418078,1,0,163.051466,121.940783,247.41064614285713,,,,,,,,,,,,,,,,,4.168789920418078,2.817899690519198,2.817899690519198,2.817899690519198,2.849594496655641,-0.1504055033443592
2026-06-01 14:00:00-07:00,origin_20,2026-05-29 00:00:00-07:00,2026,5,87,4,Days2to7,Summer,6,14,190.248075,90.5,92.5,0.0,22.09404382650229,0.0,0.0,193.6858200473776,194.00709533691406,194.2151267409415,192.76225944619526,194.59035322072057,195.15776526555035,195.15776526555035,195.15776526555035,195.15776526555035,192.15776526555035,195.15776526555035,192.15776526555035,1,-3.0,june_recent_85_93_clear_afternoon_backoff,192.15776526555035,192.15776526555035,-3.4377450473776037,-3.7590203369140625,-3.967051740941514,-2.5141844461952587,-1.9096902655503527,-4.909690265550353,-1.9096902655503527,-1.9096902655503527,1.9096902655503527,0.9045331733429691,0.5674120448297799,0.0,0.0,0.0,-3.0,-3.0,-1.528054781827251,Recent_Corrected_Forecast_MWH,days4to7_recent_corrected,raw_bias,none,none,recent_mean+last24_mean+same_hour+hourgroup+global+temp_hourgroup+cloud_hourgroup+solar_hourgroup+solar_loss_hourgroup+temp_cloud_hourgroup,3.0,9,179.8123701111111,193.4245896,63,213.56628803174604,240.531745,10.435704888888893,Midday,0,0,0,0,4.0,1.173665330972151,0.2,2.8,0.0,143.30121879989983,123.64192927955128,-3.4377450473776037,3.4377450473776037,1.8069802006551727,Spring,0.9045331733429629,0.0,0.9045331733429629,0.0,Clear/Low,5.0,None,0.5674120448297798,weighted_fallback,global+hour+temp_cloud_hourgroup,195.15776526555035,0.0,195.15776526555035,none,170+,other,0.7,0.0,0.0,0.0,0.0,0.0,,,ar_disabled_or_empty,0.0,,,origin_day_disabled_or_empty,195.15776526555035,0.0,0.0,70.04389076782633,50.384601247477775,1.0037895340335783,4.0,High,195.11440133983191,196.7464599609375,195.75194369316048,193.64624660714253,-4.8663263398319145,196.65295594726396,-6.404880947263962,6.404880947263962,3.3665943517504506,92.0,94.2,0.0,21.08955962151997,0.0,0.0,4.0,0.0,none,0.0,0.0,0.0,,,0.0,196.65295594726396,196.65295594726396,0.0,0.0,none,70.62176323056076,49.24122701275559,213.93374114569016,214.65295594726396,183.91461031064165,195.27067910739723,195.5826117775082,198.80106540066376,1.0,183.91461031064165,214.65295594726396,30.738345636622313,15.369172818311156,18.0,45,2026-04-13 23:00:00-07:00,2026-05-28 23:00:00-07:00,2026-06-01,0.0,3.4377450473776037,3.4377450473776037,0,1,113.168525,97.388516,144.93352457142856,1.5,1.7000000000000028,0.0,-1.0044842049823188,0.0,0.0,4.495190681713609,-4.495190681713609,4.495190681713609,2.3628048177168726,days4to7,0-2F,0-20pp,0-1.25MW,normal,low_weather_error,-4.342278220720573,-4.909690265550353,-4.909690265550353,-4.909690265550353,-4.909690265550353,-1.9096902655503527
2026-06-01 15:00:00-07:00,origin_20,2026-05-29 00:00:00-07:00,2026,5,88,4,Days2to7,Summer,6,15,208.996966,91.9,92.5,0.0,17.85598958907007,0.0,0.0,210.95788256414778,211.0352783203125,211.93219726413975,209.40470353382764,212.00955278186723,212.46156966952773,212.46156966952773,212.46156966952773,212.46156966952773,209.46156966952773,212.46156966952773,209.46156966952773,1,-3.0,june_recent_85_93_clear_afternoon_backoff,209.46156966952773,209.46156966952773,-1.9609165641477944,-2.0383123203125137,-2.935231264139759,-0.40773753382765676,-0.46460366952774734,-3.4646036695277473,-0.46460366952774734,-0.46460366952774734,0.46460366952774734,1.0516702177194475,0.4520168876605055,0.0,0.0,0.0,-3.0,-3.0,-1.496312894620047,Recent_Corrected_Forecast_MWH,days4to7_recent_corrected,raw_bias,none,none,recent_mean+last24_mean+same_hour+hourgroup+global+temp_hourgroup+cloud_hourgroup+solar_hourgroup+solar_loss_hourgroup+temp_cloud_hourgroup,3.0,9,200.45681433333334,209.563091,63,213.56628803174604,240.531745,8.540151666666645,Midday,0,0,0,0,4.0,1.35,0.18,3.1,0.0,157.08471930775147,133.65967150398845,-1.9609165641477944,1.9609165641477944,0.9382512108562353,Spring,1.0516702177194353,0.0,1.0516702177194353,0.0,Clear/Low,4.0,None,0.45201688766051923,weighted_fallback,global+hour+temp_cloud_hourgroup,212.46156966952773,0.0,212.46156966952773,none,170+,other,0.7,0.0,0.0,0.0,0.0,0.0,,,ar_disabled_or_empty,0.0,,,origin_day_disabled_or_empty,212.46156966952773,0.0,0.0,77.29821106015933,53.87316325639631,0.2223016335690478,4.0,Medium-High,210.86560426231458,211.60621643066406,212.15184617535076,208.63276349372924,-1.8686382623145903,212.68764858116654,-3.6906825811665556,3.6906825811665556,1.7659024682523647,93.3,94.2,0.06,16.29981457101885,0.0,0.0,4.0,0.0,none,0.0,0.0,0.0,,,0.0,212.68764858116654,212.68764858116654,0.0,0.0,none,75.95851468826302,50.20198342854914,230.68764858116654,230.68764858116654,201.5997963815341,210.738453313775,208.33770198504055,215.05583768889085,1.0,201.5997963815341,230.68764858116654,29.087852199632437,14.543926099816218,18.0,45,2026-04-13 23:00:00-07:00,2026-05-28 23:00:00-07:00,2026-06-01,0.0,1.9609165641477944,1.9609165641477944,0,1,121.463241,99.629608,146.974119,1.3999999999999915,1.7000000000000028,0.06,-1.5561750180512206,0.0,0.0,3.2260789116388082,-3.2260789116388082,3.2260789116388082,1.543600834683317,days4to7,0-2F,0-20pp,0-1.25MW,normal,low_weather_error,-3.012586781867242,-3.4646036695277473,-3.4646036695277473,-3.4646036695277473,-3.4646036695277473,-0.46460366952774734
2026-06-01 16:00:00-07:00,origin_20,2026-05-29 00:00:00-07:00,2026,5,89,4,Days2to7,Summer,6,16,225.060525,92.5,92.5,0.0,12.768784232660986,0.0,0.0,227.45071589184528,228.3020782470703,228.99211652272567,224.7852685132547,227.45071589184528,228.1671144850892,228.1671144850892,228.1671144850892,228.1671144850892,225.1671144850892,228.1671144850892,225.1671144850892,1,-3.0,june_recent_85_93_clear_afternoon_backoff,225.1671144850892,225.1671144850892,-2.390190891845265,-3.2415532470703,-3.931591522725654,0.2752564867453202,-0.10658948508918797,-3.106589485089188,-0.10658948508918797,-0.10658948508918797,0.10658948508918797,0.0,0.7163985932439232,0.0,0.0,0.0,-3.0,-3.0,-2.283601406756077,Recent_Corrected_Forecast_MWH,days4to7_recent_corrected,raw_bias,none,none,recent_mean+last24_mean+same_hour+hourgroup+global+cloud_hourgroup+solar_loss_hourgroup,3.0,9,217.94929611111112,231.14446999999998,63,213.56628803174604,240.531745,7.111228888888888,Peak,0,0,0,1,4.0,1.35,0.16,2.9,0.0,171.86481269181374,143.18865210063328,-2.390190891845265,2.390190891845265,1.0620213792913105,Spring,0.0,0.0,0.0,0.0,Clear/Low,3.0,None,0.716398593243911,weighted_fallback,global+hour+temp_cloud_hourgroup,228.1671144850892,0.0,228.1671144850892,none,170+,other,0.7,0.0,0.0,0.0,0.0,0.0,,,ar_disabled_or_empty,0.0,,,origin_day_disabled_or_empty,228.1671144850892,0.0,0.0,84.262063791212,55.58590320003154,0.04736036454602066,4.0,Medium-High,228.61018785258358,229.52734375,229.2674153157171,227.31535729696904,-3.549662852583566,231.7269275581722,-6.666402558172194,6.666402558172194,2.9620487902852775,94.2,94.2,0.05,10.237045980107748,0.0,0.0,4.0,2.400341112344703,weather_uncertainty_peak_hedge,1.8724658625716166,0.5278752497730863,20.130835796431256,2.957788,0.35,1.0,231.7269275581722,231.7269275581722,0.0,0.0,none,83.86224424095855,52.29395696374834,249.45742224225876,251.3265864458275,216.5340094675286,223.18203002298065,218.47537652495174,231.05652980565856,1.0,216.5340094675286,251.3265864458275,34.79257697829891,17.396288489149455,22.0,45,2026-04-13 23:00:00-07:00,2026-05-28 23:00:00-07:00,2026-06-01,0.0,2.390190891845265,2.390190891845265,0,1,127.706541,104.251466,172.9253747142857,1.7000000000000028,1.7000000000000028,0.05,-2.5317382525532377,0.0,0.0,6.559813073083006,-6.559813073083006,6.559813073083006,2.9146884257392567,days4to7,0-2F,0-20pp,0-1.25MW,hot_peak,low_weather_error,-2.390190891845265,-3.106589485089188,-3.106589485089188,-3.106589485089188,-3.106589485089188,-0.10658948508918797
2026-06-01 17:00:00-07:00,origin_20,2026-05-29 00:00:00-07:00,2026,5,90,4,Days2to7,Summer,6,17,237.518291,92.4,92.5,0.0,6.348530385386856,0.0,0.0,238.80671046327598,238.874755859375,240.0365585071798,236.85465056682733,238.80671046327598,239.77464095355506,239.77464095355506,239.77464095355506,239.77464095355506,236.77464095355506,239.77464095355506,236.77464095355506,1,-3.0,june_recent_85_93_clear_afternoon_backoff,236.77464095355506,236.77464095355506,-1.2884194632759716,-1.356464859374995,-2.518267507179786,0.6636404331726737,0.7436500464449409,-2.256349953555059,0.7436500464449409,0.7436500464449409,0.7436500464449409,0.0,0.9679304902790875,0.0,0.0,0.0,-3.0,-3.0,-2.0320695097209125,Recent_Corrected_Forecast_MWH,days4to7_recent_corrected,raw_bias,none,none,recent_mean+last24_mean+same_hour+hourgroup+global+cloud_hourgroup+solar_hourgroup+solar_loss_hourgroup,3.0,9,230.0675838888889,245.80907820000002,63,213.56628803174604,240.531745,7.4507071111111145,Peak,0,0,0,1,4.0,1.35,0.15,3.8,0.0,185.53363583469883,149.23148092466525,-1.2884194632759716,1.2884194632759716,0.5424506288974484,Spring,0.0,0.0,0.0,0.0,Clear/Low,2.0,None,0.9679304902790956,weighted_fallback,global+hour+temp_cloud_hourgroup,239.77464095355506,0.0,239.77464095355506,none,170+,other,0.7,0.0,0.0,0.0,0.0,0.0,,,ar_disabled_or_empty,0.0,,,origin_day_disabled_or_empty,239.77464095355506,0.0,0.0,89.57522953861073,53.27307462857715,0.31309169635484657,4.0,Medium-Low,240.47723162028734,240.35833740234375,241.2463297881627,239.3026185616099,-2.9589406202873363,243.40435174515056,-5.886060745150559,5.886060745150559,2.4781505122696252,94.2,94.2,0.0,4.33901542543175,0.0,0.0,4.0,1.959189634584121,weather_uncertainty_peak_hedge,1.4530133560436875,0.5061762785404335,19.30333265620297,2.957788,0.35,1.0,243.40435174515056,243.40435174515056,0.0,0.0,none,89.2085740496577,50.4102455281772,260.7484947667694,263.44516211056646,227.83623931570418,233.18779651176962,226.18852335066694,244.8718727531377,1.0,226.18852335066694,263.44516211056646,37.256638759899516,18.628319379949758,22.00000000000003,45,2026-04-13 23:00:00-07:00,2026-05-28 23:00:00-07:00,2026-06-01,0.0,1.2884194632759716,1.2884194632759716,0,1,134.152408,107.817666,173.1565422857143,1.7999999999999972,1.7000000000000028,0.0,-2.009514959955106,0.0,0.0,6.6297107915955,-6.6297107915955,5.142410698705618,2.1650588159147786,days4to7,0-2F,0-20pp,0-1.25MW,hot_peak,low_weather_error,-1.2884194632759716,-2.256349953555059,-2.256349953555059,-2.256349953555059,-2.256349953555059,0.7436500464449409
2026-06-01 18:00:00-07:00,origin_20,2026-05-29 00:00:00-07:00,2026,5,91,4,Days2to7,Summer,6,18,241.827958,91.6,92.5,0.0,2.7252471458802625,0.0,0.0,244.22987203600883,243.72698974609375,245.43193969477545,242.48458922649417,244.22987203600883,245.2096851413807,245.2096851413807,245.2096851413807,245.2096851413807,245.2096851413807,245.2096851413807,245.2096851413807,0,0.0,none,245.2096851413807,245.2096851413807,-2.401914036008833,-1.8990317460937547,-3.603981694775456,-0.65663122649417,-3.3817271413807077,-3.3817271413807077,-3.3817271413807077,-3.3817271413807077,3.3817271413807077,0.0,0.9798131053718748,0.0,0.0,0.0,0.0,0.0,0.9798131053718748,Recent_Corrected_Forecast_MWH,days4to7_recent_corrected,raw_bias,none,none,recent_mean+last24_mean+same_hour+hourgroup+global+cloud_hourgroup+solar_hourgroup+solar_loss_hourgroup,3.0,9,232.13308311111112,250.67742320000002,63,213.56628803174604,240.531745,9.694874888888876,Peak,0,0,0,1,4.0,1.35,0.15,4.3,0.0,191.10905378936548,151.20348827957338,-2.401914036008833,2.401914036008833,0.9932325674307818,Spring,0.0,0.0,0.0,0.0,Clear/Low,1.0,None,0.9798131053718683,weighted_fallback,global+hour+temp_cloud_hourgroup,245.2096851413807,0.0,245.2096851413807,none,170+,other,0.7,0.0,0.0,0.0,0.0,0.0,,,ar_disabled_or_empty,0.0,,,origin_day_disabled_or_empty,245.2096851413807,0.0,0.0,93.02638375643545,53.12081824664335,1.3984020579542369,4.0,Medium-Low,245.39468071655347,245.9644775390625,245.69420088466578,244.7612070745172,-3.566722716553471,246.86747477066442,-5.03951677066442,5.03951677066442,2.0839264460333493,93.3,94.2,0.06,1.4955623894770495e-15,0.0,0.0,4.0,0.49298094873907833,weather_uncertainty_peak_hedge,0.07289921537915656,0.42008173335992177,16.02006610270888,2.957788,0.35,1.0,246.86747477066442,246.86747477066442,0.0,0.0,none,91.65042115388223,46.90043146229641,262.3945599246342,268.37449382192534,230.64012227887926,234.80580556211288,225.05421359808588,248.80410733977502,1.0,225.05421359808588,268.37449382192534,43.32028022383946,21.66014011191973,22.0,45,2026-04-13 23:00:00-07:00,2026-05-28 23:00:00-07:00,2026-06-01,0.0,2.401914036008833,2.401914036008833,0,1,140.571816,109.887608,193.70947214285712,1.7000000000000028,1.7000000000000028,0.06,-2.725247145880261,0.0,0.0,1.6577896292837124,-1.6577896292837124,1.6577896292837124,0.6855243880791122,days4to7,0-2F,0-20pp,0-1.25MW,hot_peak,low_weather_error,-2.401914036008833,-3.3817271413807077,-3.3817271413807077,-3.3817271413807077,-3.3817271413807077,-3.3817271413807077
2026-06-01 19:00:00-07:00,origin_20,2026-05-29 00:00:00-07:00,2026,5,92,4,Days2to7,Summer,6,19,236.465941,90.0,92.5,0.0,0.6011609401787532,0.0,0.0,239.00058022753817,239.85269165039062,240.3040703654253,236.70877817575771,239.00058022753817,240.09192928454613,240.09192928454613,240.09192928454613,240.09192928454613,240.09192928454613,240.09192928454613,240.09192928454613,0,0.0,none,240.09192928454613,240.09192928454613,-2.534639227538179,-3.3867506503906384,-3.838129365425317,-0.24283717575772812,-3.625988284546139,-3.625988284546139,-3.625988284546139,-3.625988284546139,3.625988284546139,0.0,1.0913490570079603,0.0,0.0,0.0,0.0,0.0,1.0913490570079603,Recent_Corrected_Forecast_MWH,days4to7_recent_corrected,raw_bias,none,none,recent_mean+last24_mean+same_hour+hourgroup+global+cloud_hourgroup+solar_hourgroup+solar_loss_hourgroup,3.0,9,224.49218300000004,245.3007078,63,213.56628803174604,240.531745,11.973757999999947,Peak,0,0,0,1,4.0,0.0,0.17,3.6,0.0,190.24564160455748,152.80803209657498,-2.534639227538179,2.534639227538179,1.0718834250798845,Spring,0.0,0.0,0.0,0.0,Clear/Low,0.0,None,1.0913490570079531,weighted_fallback,global+hour+temp_cloud_hourgroup,240.09192928454613,0.0,240.09192928454613,none,170+,other,1.0,0.0,0.0,0.0,0.0,0.0,,,ar_disabled_or_empty,0.0,,,origin_day_disabled_or_empty,240.09192928454613,0.0,0.0,86.19254813096319,48.75493862298069,1.5334082655675725,4.0,Low,236.8107412112754,236.259033203125,238.32494833285293,234.58890373683937,-0.3448002112754125,237.90209026828336,-1.4361492682833727,1.4361492682833727,0.607338740712504,90.6,94.2,0.11,0.0,0.0,0.0,4.0,0.0,none,0.0,0.3811684010914585,14.536083092470875,2.957788,0.35,1.0,237.90209026828336,237.90209026828336,0.0,0.0,none,81.34970001209294,39.919601183611405,252.43817336075423,259.90209026828336,220.52837301767033,226.1188635997059,218.0172845275603,239.96897171190346,1.0,218.0172845275603,259.90209026828336,41.88480574072307,20.942402870361533,22.0,45,2026-04-13 23:00:00-07:00,2026-05-28 23:00:00-07:00,2026-06-01,0.0,2.534639227538179,2.534639227538179,0,1,148.99605,111.072416,179.90895799999998,0.5999999999999943,1.7000000000000028,0.11,-0.6011609401787532,0.0,0.0,-2.1898390162627663,2.1898390162627663,-2.1898390162627663,-0.9260695248550684,days4to7,0-2F,0-20pp,0-1.25MW,hot_peak,low_weather_error,-2.534639227538179,-3.625988284546139,-3.625988284546139,-3.625988284546139,-3.625988284546139,-3.625988284546139
2026-06-01 20:00:00-07:00,origin_20,2026-05-29 00:00:00-07:00,2026,5,93,4,Days2to7,Summer,6,20,223.068783,86.0,92.5,0.0,0.1006188661789611,0.0,0.0,228.22548700388893,226.96939086914062,228.34312540555712,228.39951126833836,228.22548700388893,229.64528217168208,229.64528217168208,229.64528217168208,229.64528217168208,229.64528217168208,229.64528217168208,229.64528217168208,0,0.0,none,229.64528217168208,229.64528217168208,-5.156704003888933,-3.9006078691406287,-5.274342405557121,-5.330728268338362,-6.576499171682087,-6.576499171682087,-6.576499171682087,-6.576499171682087,6.576499171682087,0.0,1.4197951677931542,0.0,0.0,0.0,0.0,0.0,1.4197951677931542,Recent_Corrected_Forecast_MWH,days4to7_recent_corrected,raw_bias,none,none,recent_mean+last24_mean+same_hour+hourgroup+global+cloud_hourgroup+solar_hourgroup+solar_loss_hourgroup,3.0,9,210.05268566666666,230.571863,63,213.56628803174604,240.531745,13.016097333333335,Peak,0,0,0,1,4.0,0.0,0.25,3.0,0.0,184.3616611320542,154.16783706455797,-5.156704003888933,5.156704003888933,2.311710287086173,Spring,0.0,0.0,0.0,0.0,Clear/Low,0.0,None,1.4197951677931488,weighted_fallback,global+hour+temp_cloud_hourgroup,229.64528217168208,0.0,229.64528217168208,none,170+,other,1.0,0.0,0.0,0.0,0.0,0.0,,,ar_disabled_or_empty,0.0,,,origin_day_disabled_or_empty,229.64528217168208,0.0,0.0,74.05764993933096,43.863825871834734,2.9481934151593445,4.0,Low,220.09991811165906,221.7750701904297,220.8779468719923,218.39868660862953,2.9688648883409314,221.0528809441618,2.0159020558381826,2.0159020558381826,0.9037132084224365,84.6,94.2,1.0,0.0,0.0,0.0,4.0,0.030776567709546954,weather_uncertainty_peak_hedge,0.0,0.39042632307056746,14.88913943913181,2.957788,0.35,1.0,221.0528809441618,221.0528809441618,0.0,0.0,none,63.59080041455587,30.21539475488035,235.91124381558407,242.8991260682514,204.7234850416002,213.45725789147713,207.2154123674633,222.03910227995286,0.0,204.7234850416002,242.8991260682514,38.17564102665119,19.087820513325596,21.877021691799143,45,2026-04-13 23:00:00-07:00,2026-05-28 23:00:00-07:00,2026-06-01,0.0,5.156704003888933,5.156704003888933,0,1,160.416141,115.767125,175.98254728571428,-1.4000000000000057,1.7000000000000028,1.0,-0.1006188661789611,0.0,0.0,-8.59240122752027,8.59240122752027,-4.560597115843905,-2.044480206736908,days4to7,0-2F,60pp+,0-1.25MW,hot_peak,cloud,-5.156704003888933,-6.576499171682087,-6.576499171682087,-6.576499171682087,-6.576499171682087,-6.576499171682087
2026-06-02 14:00:00-07:00,origin_20,2026-05-29 00:00:00-07:00,2026,5,111,5,Days2to7,Summer,6,14,204.34855,90.6,93.4,0.85,20.7862336302121,0.0,0.0,204.39568490935943,203.7711639404297,205.2944723040376,203.16173928027362,205.91607567899302,206.56025048697128,206.44198973979994,206.44198973979994,206.22974730865454,206.22974730865454,206.22974730865454,206.22974730865454,0,0.0,none,206.22974730865454,206.22974730865454,-0.047134909359442645,0.5773860595703013,-0.945922304037623,1.1868107197263669,-1.8811973086545493,-1.8811973086545493,-1.8811973086545493,-1.8811973086545493,1.8811973086545493,1.5203907696335932,0.6441748079782599,-0.11826074717134816,0.0,-0.2122424311453983,0.0,0.0,1.8340623992951066,Recent_Corrected_Forecast_MWH,days4to7_recent_corrected,raw_bias+solar_cloud_midday,event_class_hour_loss+weekday_hour_cloud_loss+event_class_hour_temp+hour_cloud_loss+hour_base_loss+hour_temp_loss+hour_loss+hour_cloud,none,recent_mean+last24_mean+same_hour+hourgroup+global+temp_hourgroup+cloud_hourgroup+solar_hourgroup+solar_loss_hourgroup,3.0,10,179.72373889999997,191.9870738,70,213.90568264285713,239.40674,24.624811100000016,Midday,1,0,0,0,4.0,1.1386919066973413,0.25,3.0,0.0,193.6858200473776,134.5921631434624,-0.047134909359442645,0.047134909359442645,0.023065937761458377,Spring,1.0952440650008617,0.4251467046327238,1.5203907696335854,4.0,Overcast,5.0,None,0.6441748079782603,weighted_fallback,global+hour+temp_cloud_hourgroup,206.22974730865454,0.0,206.56025048697128,none,170+,solar_loss_general,0.7,-0.11826074717135344,-0.11826074717135344,0.0,-0.21224243114540883,0.0,,,ar_disabled_or_empty,0.0,,,origin_day_disabled_or_empty,206.44198973979994,0.0,0.0,69.80352176589705,10.709864861981828,0.9205826557881371,4.0,High,185.3384496421326,184.65611267089844,184.94950799579172,186.1445970781637,19.0101003578674,186.79855659042897,17.549993409571016,17.549993409571016,8.588264222854049,90.2,92.9,0.58,20.81837834053109,0.0,0.0,5.0,0.0,none,0.0,0.0,0.0,,,0.0,186.79855659042897,186.79855659042897,0.0,0.0,none,49.69149462717118,-9.775951697699327,204.79855659042897,204.79855659042897,169.92388782853095,187.54406838311448,188.38294188554133,190.24659640077613,1.0,169.92388782853095,204.79855659042897,34.87466876189802,17.43733438094901,18.0,45,2026-04-13 23:00:00-07:00,2026-05-28 23:00:00-07:00,2026-06-02,0.0,0.047134909359442645,0.047134909359442645,0,1,115.58095,96.422883,174.32468542857143,-0.3999999999999915,-0.5,-0.27,0.0321447103189918,0.0,0.0,-19.431190718225565,19.431190718225565,15.668796100916467,7.667681567065912,days4to7,0-2F,20-35pp,0-1.25MW,cloudy_solar_loss_midday,cloud_moderate,-1.5675256789930359,-2.2117004869712957,-2.0934397397999476,-2.0934397397999476,-1.8811973086545493,-1.8811973086545493
2026-06-02 15:00:00-07:00,origin_20,2026-05-29 00:00:00-07:00,2026,5,112,5,Days2to7,Summer,6,15,221.277091,92.6,93.4,0.97,16.901295909342686,0.0,0.0,223.16899425884571,223.65933227539062,224.1587892089103,221.4735056183027,226.88759475897777,227.41410566427797,227.52269555914702,227.52269555914702,227.3596572628066,227.3596572628066,227.3596572628066,227.3596572628066,0,0.0,none,227.3596572628066,227.3596572628066,-1.8919032588457014,-2.382241275390612,-2.8816982089102794,-0.1964146183026969,-6.08256626280658,-6.08256626280658,-6.08256626280658,-6.08256626280658,6.08256626280658,3.7186005001320552,0.5265109053001993,0.10858989486905557,0.0,-0.16303829634043154,0.0,0.0,4.1906630039608785,Recent_Corrected_Forecast_MWH,days4to7_recent_corrected,raw_bias+solar_cloud_midday,event_class_hour_loss+weekday_hour_cloud_loss+event_class_hour_temp+hour_cloud_loss+hour_base_loss+hour_temp_loss+hour_loss+hour_cloud,none,recent_mean+last24_mean+same_hour+hourgroup+global+temp_hourgroup+cloud_hourgroup+solar_hourgroup+solar_loss_hourgroup,3.0,10,200.233677,207.070216,70,213.90568264285713,239.40674,21.043414000000013,Midday,1,0,0,0,4.0,1.3332272323606775,0.21,2.6,0.0,210.95788256414778,145.9024821560096,-1.8919032588457014,1.8919032588457014,0.8549928283564163,Spring,1.3426398029843751,2.37596069714768,3.7186005001320552,4.0,Overcast,4.0,None,0.5265109053001938,weighted_fallback,global+hour+temp_cloud_hourgroup,227.3596572628066,0.0,227.41410566427797,none,170+,weekday_late_midday_solar_loss,0.5319999999999999,0.10858989486905633,0.20411634373882773,0.0,-0.16303829634042613,0.0,,,ar_disabled_or_empty,0.0,,,origin_day_disabled_or_empty,227.52269555914702,0.0,0.0,77.26651210283612,12.211111694697934,2.748845908683145,4.0,Medium-High,202.3516751424183,202.503662109375,203.1056249657711,201.12347200087623,18.925415857581726,207.03305720254266,14.244033797457348,14.244033797457348,6.437193173990771,91.8,92.9,1.0,15.10756063165488,0.0,0.0,5.0,0.0,none,0.0,0.0,0.0,,,0.0,207.03305720254266,207.03305720254266,0.0,0.0,none,55.21495753089323,-8.51392911989629,221.03305720254266,221.03305720254266,193.03305720254266,203.62354603681803,203.83940077471212,208.00795353084658,1.0,193.03305720254266,221.03305720254266,28.0,14.0,14.0,45,2026-04-13 23:00:00-07:00,2026-05-28 23:00:00-07:00,2026-06-02,0.0,1.8919032588457014,1.8919032588457014,0,1,121.906483,100.195808,179.10108899999997,-0.7999999999999972,-0.5,0.030000000000000027,-1.793735277687805,0.0,0.0,-20.326600060263928,20.326600060263928,8.161467534650768,3.688347265307626,days4to7,0-2F,0-20pp,0-1.25MW,cloudy_solar_loss_midday,low_weather_error,-5.610503758977757,-6.137014664277956,-6.2456045591470115,-6.2456045591470115,-6.08256626280658,-6.08256626280658
2026-06-02 16:00:00-07:00,origin_20,2026-05-29 00:00:00-07:00,2026,5,113,5,Days2to7,Summer,6,16,239.70915,93.4,93.4,0.99,10.806538723351252,0.0,0.0,240.13678378908355,239.1424560546875,241.45349345013,238.35176224583796,240.13678378908355,240.62592614520912,240.86658559419527,240.86658559419527,240.63575839749933,240.63575839749933,240.63575839749933,240.63575839749933,0,0.0,none,240.63575839749933,240.63575839749933,-0.42763378908355776,0.566693945312494,-1.7443434501300032,1.3573877541620334,-0.9266083974993364,-0.9266083974993364,-0.9266083974993364,-0.9266083974993364,0.9266083974993364,0.0,0.4891423561255692,0.24065944898615044,0.0,-0.23082719669594098,0.0,0.0,0.4989746084157787,Recent_Corrected_Forecast_MWH,days4to7_recent_corrected,raw_bias+solar_cloud_midday,event_class_hour_loss+weekday_hour_cloud_loss+event_class_hour_temp+hour_cloud_loss+hour_base_loss+hour_temp_loss+hour_loss+hour_cloud,none,recent_mean+last24_mean+same_hour+hourgroup+global+cloud_hourgroup+solar_loss_hourgroup,3.0,10,217.8996831,228.46922249999997,70,213.90568264285713,239.40674,21.80946689999999,Peak,1,0,0,1,4.0,1.35,0.2,2.4,0.0,227.45071589184528,156.46086394232543,-0.42763378908355776,0.42763378908355776,0.1783969402434399,Spring,0.0,0.0,0.0,4.0,Overcast,3.0,None,0.48914235612556867,weighted_fallback,global+hour+temp_cloud_hourgroup,240.63575839749933,0.0,240.62592614520912,none,170+,warm_cloud_peak_transition,0.644,0.24065944898614916,0.3736947965623434,0.0,-0.2308271966959323,0.0,,,ar_disabled_or_empty,0.0,,,origin_day_disabled_or_empty,240.86658559419527,0.0,0.0,83.67591984675812,12.686067897238274,0.3865552889822255,4.0,Medium-High,217.10576299069828,214.51513671875,218.0757833277582,216.32162425301794,22.603387009301713,219.40111354583428,20.308036454165716,20.308036454165716,8.471948798852992,92.9,92.9,1.0,9.478300219229173,0.0,0.0,5.0,1.802930252994452,weather_uncertainty_peak_hedge,1.1635969196611187,0.6393333333333334,14.0,5.151063000000001,0.35,1.0,219.40111354583428,219.40111354583428,0.0,0.0,none,58.91996868584704,-11.504424861885298,231.59818329283982,231.59818329283982,205.10174771760094,211.88529508982074,209.38212525919863,221.60209094656176,1.0,205.10174771760094,231.59818329283982,26.496435575238877,13.248217787619438,14.0,45,2026-04-13 23:00:00-07:00,2026-05-28 23:00:00-07:00,2026-06-02,0.0,0.42763378908355776,0.42763378908355776,0,1,128.748283,104.818333,216.20339157142857,-0.5,-0.5,0.010000000000000009,-1.3282385041220799,0.0,0.0,-21.234644851665053,21.234644851665053,19.38142805666638,8.085393509870768,days4to7,0-2F,0-20pp,0-1.25MW,hot_peak,low_weather_error,-0.42763378908355776,-0.916776145209127,-1.1574355941952774,-1.1574355941952774,-0.9266083974993364,-0.9266083974993364
2026-06-02 17:00:00-07:00,origin_20,2026-05-29 00:00:00-07:00,2026,5,114,5,Days2to7,Summer,6,17,251.334891,93.3,93.4,0.94,6.348757352276078,0.0,0.0,251.6255705099529,250.84385681152344,252.1824219835155,250.97386496533431,251.6255705099529,252.4075021410651,252.4075021410651,252.4075021410651,252.08944989398233,252.08944989398233,252.08944989398233,252.08944989398233,0,0.0,none,252.08944989398233,252.08944989398233,-0.29067950995289493,0.49103418847656144,-0.8475309835154974,0.3610260346656844,-0.7545588939823347,-0.7545588939823347,-0.7545588939823347,-0.7545588939823347,0.7545588939823347,0.0,0.7819316311122009,0.0,0.0,-0.31805224708276114,0.0,0.0,0.46387938402943973,Recent_Corrected_Forecast_MWH,days4to7_recent_corrected,raw_bias,none,none,recent_mean+last24_mean+same_hour+hourgroup+global+cloud_hourgroup+solar_hourgroup+solar_loss_hourgroup,3.0,10,230.24716130000002,243.33112659999998,70,213.90568264285713,239.40674,21.087729699999983,Peak,1,0,0,1,4.0,1.35,0.19,2.9,0.0,238.80671046327598,163.1833919908475,-0.29067950995289493,0.29067950995289493,0.11565426065452049,Spring,0.0,0.0,0.0,4.0,Overcast,2.0,None,0.781931631112206,weighted_fallback,global+hour+temp_cloud_hourgroup,252.08944989398233,0.0,252.4075021410651,none,170+,warm_cloud_peak_transition,0.644,0.0,0.0,0.0,-0.31805224708275637,0.0,,,ar_disabled_or_empty,0.0,,,origin_day_disabled_or_empty,252.4075021410651,0.0,0.0,88.4421785191054,12.818860046676917,0.3002205109605473,4.0,Medium-Low,226.3314378834288,228.83517456054688,227.73805747098154,223.4056823380979,25.003453116571194,229.65901423292925,21.675876767070747,21.675876767070747,8.624300701278576,91.5,92.9,1.0,3.7342963216000267,0.0,0.0,5.0,2.86369696547102,weather_uncertainty_peak_hedge,1.9648129386657458,0.8988840268052743,19.683591827852723,5.151063000000001,0.35,1.0,229.65901423292925,229.65901423292925,0.0,0.0,none,60.87222336704383,-14.145793736858536,246.47890909531097,248.79531726745824,209.65059674973975,216.25496168339532,212.0941308656649,230.5659141864053,1.0,209.65059674973975,248.79531726745824,39.1447205177185,19.57236025885925,22.0,45,2026-04-13 23:00:00-07:00,2026-05-28 23:00:00-07:00,2026-06-02,0.0,0.29067950995289493,0.29067950995289493,0,1,136.156775,108.547,229.341641,-1.7999999999999972,-0.5,0.06000000000000005,-2.614461030676051,0.0,0.0,-22.43043566105308,22.43043566105308,20.921317873088412,8.32408019031803,days4to7,0-2F,0-20pp,0-1.25MW,hot_peak,low_weather_error,-0.29067950995289493,-1.0726111410650958,-1.0726111410650958,-1.0726111410650958,-0.7545588939823347,-0.7545588939823347
2026-06-02 18:00:00-07:00,origin_20,2026-05-29 00:00:00-07:00,2026,5,115,5,Days2to7,Summer,6,18,251.198791,92.6,93.4,1.0,2.158047316061634,0.0,0.0,252.76317877005334,251.38107299804688,254.18292309928987,250.92703933039775,252.76317877005334,253.5589420555162,253.5589420555162,253.5589420555162,253.1424194914132,253.1424194914132,253.1424194914132,253.1424194914132,0,0.0,none,253.1424194914132,253.1424194914132,-1.5643877700533437,-0.18228199804687506,-2.984132099289866,0.27175166960225283,-1.9436284914131932,-1.9436284914131932,-1.9436284914131932,-1.9436284914131932,1.9436284914131932,0.0,0.7957632854628685,0.0,0.0,-0.416522564103019,0.0,0.0,0.37924072135984943,Recent_Corrected_Forecast_MWH,days4to7_recent_corrected,raw_bias,none,none,recent_mean+last24_mean+same_hour+hourgroup+global+cloud_hourgroup+solar_hourgroup+solar_loss_hourgroup,3.0,10,232.6802873,248.66103660000002,70,213.90568264285713,239.40674,18.518503699999997,Peak,1,0,0,1,4.0,1.35,0.2,4.4,0.0,244.22987203600883,165.26851642757467,-1.5643877700533437,1.5643877700533437,0.6227688293505138,Spring,0.0,0.0,0.0,4.0,Overcast,1.0,None,0.795763285462873,weighted_fallback,global+hour+temp_cloud_hourgroup,253.1424194914132,0.0,253.5589420555162,none,170+,warm_cloud_peak_transition,0.644,0.0,0.0,0.0,-0.4165225641030118,0.0,,,ar_disabled_or_empty,0.0,,,origin_day_disabled_or_empty,253.5589420555162,0.0,0.0,87.49466234247868,8.533306734044515,0.7737411807102181,4.0,Medium-Low,224.04361011370096,222.8654022216797,225.69753612740658,221.78121434702683,27.155180886299036,224.39715323365238,26.801637766347625,26.801637766347625,10.669493137149544,88.2,92.9,1.0,1.2743253496135806e-15,0.0,0.0,5.0,0.0,none,0.0,0.7459578536139682,16.334843509794922,5.151063000000001,0.35,1.0,224.39715323365238,224.39715323365238,0.0,0.0,none,56.067921162950654,-21.351070602852502,240.7319967434473,246.39715323365238,206.74266239759416,213.30811832491085,207.1761133313856,227.4855110797157,1.0,206.74266239759416,246.39715323365238,39.654490836058216,19.827245418029108,22.0,45,2026-04-13 23:00:00-07:00,2026-05-28 23:00:00-07:00,2026-06-02,0.0,1.5643877700533437,1.5643877700533437,0,1,143.195116,113.789708,233.34154599999997,-4.3999999999999915,-0.5,0.0,-2.1580473160616327,0.0,0.0,-28.745266257760818,28.745266257760818,24.85800927493443,9.895751956439325,days4to7,0-2F,0-20pp,0-1.25MW,hot_peak,low_weather_error,-1.5643877700533437,-2.360151055516212,-2.360151055516212,-2.360151055516212,-1.9436284914131932,-1.9436284914131932
2026-06-02 19:00:00-07:00,origin_20,2026-05-29 00:00:00-07:00,2026,5,116,5,Days2to7,Summer,6,19,237.969425,90.2,93.4,0.97,0.3863582155123595,0.0,0.0,246.73349511383532,247.197998046875,248.7369554078303,243.4524852424032,246.73349511383532,247.65908897267437,247.65908897267437,247.65908897267437,247.25226584858882,247.25226584858882,247.25226584858882,247.25226584858882,0,0.0,none,247.25226584858882,247.25226584858882,-8.764070113835317,-9.228573046874999,-10.767530407830293,-5.483060242403212,-9.282840848588819,-9.282840848588819,-9.282840848588819,-9.282840848588819,9.282840848588819,0.0,0.9255938588390507,0.0,0.0,-0.4068231240855482,0.0,0.0,0.5187707347535024,Recent_Corrected_Forecast_MWH,days4to7_recent_corrected,raw_bias,none,none,recent_mean+last24_mean+same_hour+hourgroup+global+cloud_hourgroup+solar_hourgroup+solar_loss_hourgroup,3.0,10,225.3923922,244.1583244,70,213.90568264285713,239.40674,12.577032800000012,Peak,1,0,0,1,4.0,0.0,0.23,7.5,0.0,239.00058022753817,166.1741185576518,-8.764070113835317,8.764070113835317,3.682855523912501,Spring,0.0,0.0,0.0,4.0,Overcast,0.0,None,0.9255938588390434,weighted_fallback,global+hour+temp_cloud_hourgroup,247.25226584858882,0.0,247.65908897267437,none,170+,warm_cloud_peak_transition,0.92,0.0,0.0,0.0,-0.4068231240855431,0.0,,,ar_disabled_or_empty,0.0,,,origin_day_disabled_or_empty,247.65908897267437,0.0,0.0,80.55937655618351,7.732914886297152,3.9008544263990292,4.0,Low,213.77008218668954,213.32057189941406,214.2995441935126,213.06650197233205,24.199342813310466,215.6044198713392,22.365005128660812,22.365005128660812,9.398268340002423,85.0,92.9,0.89,0.0,0.0,0.0,5.0,1.3063098540756843,weather_uncertainty_peak_hedge,0.5882488862525042,0.7180609678231802,15.72396279904774,5.151063000000001,0.35,1.0,215.6044198713392,215.6044198713392,0.0,0.0,none,45.25578867161059,-23.040659024585864,230.02207281631124,236.2981100172635,199.3342644747415,205.15309380210547,201.14080529546135,217.46461750335553,1.0,199.3342644747415,236.2981100172635,36.963845542521995,18.481922771260997,22.0,45,2026-04-13 23:00:00-07:00,2026-05-28 23:00:00-07:00,2026-06-02,0.0,8.764070113835317,8.764070113835317,0,1,154.249975,118.516458,226.92417214285715,-5.200000000000003,-0.5,-0.07999999999999996,-0.3863582155123595,0.0,0.0,-31.64784597724963,31.64784597724963,13.082164280071993,5.497413913603394,days4to7,0-2F,0-20pp,0-1.25MW,hot_peak,low_weather_error,-8.764070113835317,-9.689663972674367,-9.689663972674367,-9.689663972674367,-9.282840848588819,-9.282840848588819
2026-06-02 20:00:00-07:00,origin_20,2026-05-29 00:00:00-07:00,2026,5,117,5,Days2to7,Summer,6,20,225.91785,84.5,93.4,1.0,0.1080318085349435,0.0,0.0,232.30684972044403,232.84971618652344,234.0890760909701,229.35110357645175,232.30684972044403,233.61476287867407,233.61476287867407,233.61476287867407,233.3051973037845,233.3051973037845,233.3051973037845,233.3051973037845,0,0.0,none,233.3051973037845,233.3051973037845,-6.388999720444048,-6.93186618652345,-8.171226090970123,-3.4332535764517615,-7.387347303784509,-7.387347303784509,-7.387347303784509,-7.387347303784509,7.387347303784509,0.0,1.3079131582300363,0.0,0.0,-0.30956557488957515,0.0,0.0,0.9983475833404611,Recent_Corrected_Forecast_MWH,days4to7_recent_corrected,raw_bias,none,none,recent_mean+last24_mean+same_hour+hourgroup+global+cloud_hourgroup+solar_hourgroup+solar_loss_hourgroup,3.0,10,211.1628387,230.4176605,70,213.90568264285713,239.40674,14.755011299999978,Peak,1,0,0,1,4.0,0.0,0.31,9.6,0.0,228.22548700388893,165.60957335082782,-6.388999720444048,6.388999720444048,2.8280189991379823,Spring,0.0,0.0,0.0,4.0,Overcast,0.0,None,1.3079131582300332,weighted_fallback,global+hour+temp_cloud_hourgroup,233.3051973037845,0.0,233.61476287867407,none,170+,warm_cloud_peak_transition,0.92,0.0,0.0,0.0,-0.30956557488957614,0.0,,,ar_disabled_or_empty,0.0,,,origin_day_disabled_or_empty,233.61476287867407,0.0,0.0,66.69727636961622,4.081362716555105,3.26992634879648,4.0,Low,200.61099138006733,199.6339874267578,200.9440656183195,200.3667329923309,25.306858619932655,201.67642875822378,24.24142124177621,24.24142124177621,10.730192962519876,79.6,92.9,0.25,0.0,0.0,0.0,5.0,0.01694722409803029,weather_uncertainty_peak_hedge,0.0,0.5181944879664081,11.347324554008935,5.151063000000001,0.35,1.0,201.67642875822378,201.67642875822378,0.0,0.0,none,33.820932952727134,-19.488926731591732,213.00680608813468,223.38723072118438,189.66446056460822,197.22404582359601,192.71312202575984,202.62281508622965,0.0,189.66446056460822,223.38723072118438,33.72277015657616,16.86138507828808,21.727749187058635,45,2026-04-13 23:00:00-07:00,2026-05-28 23:00:00-07:00,2026-06-02,0.0,6.388999720444048,6.388999720444048,0,1,166.870333,125.663666,202.37653885714286,-4.900000000000006,-0.5,-0.75,-0.1080318085349435,0.0,0.0,-31.628768545560717,31.628768545560717,16.8540739379917,7.4602666137233955,days4to7,0-2F,60pp+,0-1.25MW,hot_peak,cloud,-6.388999720444048,-7.696912878674084,-7.696912878674084,-7.696912878674084,-7.387347303784509,-7.387347303784509
2026-06-03 14:00:00-07:00,origin_20,2026-05-29 00:00:00-07:00,2026,5,135,6,Days2to7,Summer,6,14,192.374825,89.2,93.3,0.0,21.761858010514217,0.0,0.0,195.33612901793833,196.05938720703125,194.97657042110225,195.69450447322563,196.2406621912813,196.80807423611108,196.80807423611108,196.80807423611108,196.80807423611108,196.80807423611108,196.80807423611108,196.80807423611108,0,0.0,none,196.80807423611108,196.80807423611108,-2.961304017938346,-3.684562207031263,-2.6017454211022653,-3.319679473225648,-4.433249236111095,-4.433249236111095,-4.433249236111095,-4.433249236111095,4.433249236111095,0.9045331733429691,0.5674120448297799,0.0,0.0,0.0,0.0,0.0,1.471945218172749,Recent_Corrected_Forecast_MWH,days4to7_recent_corrected,raw_bias,none,none,recent_mean+last24_mean+same_hour+hourgroup+global+temp_hourgroup+cloud_hourgroup+solar_hourgroup+solar_loss_hourgroup+temp_cloud_hourgroup,3.0,10,179.72373889999997,191.9870738,70,213.90568264285713,239.40674,12.651086100000015,Midday,2,0,0,0,4.0,1.1539117923944557,0.25,3.0,0.0,204.39568490935943,147.1190979876566,-2.961304017938346,2.961304017938346,1.5393407208756895,Spring,0.9045331733429629,0.0,0.9045331733429629,0.0,Clear/Low,5.0,None,0.5674120448297798,weighted_fallback,global+hour+temp_cloud_hourgroup,196.80807423611108,0.0,196.80807423611108,none,170+,other,0.7,0.0,0.0,0.0,0.0,0.0,,,ar_disabled_or_empty,0.0,,,origin_day_disabled_or_empty,196.80807423611108,0.0,0.0,48.21703103028173,-9.059555891421098,2.3044851300637155,4.0,High,168.16712909080135,167.5975799560547,167.88327804600223,168.77590905684187,24.207695909198634,186.08613796275287,6.288687037247115,6.288687037247115,3.268976092504368,85.9,92.2,0.0,20.734937946380665,0.0,0.0,6.0,0.0,none,0.0,0.0,0.0,,,0.0,169.08613796275287,186.08613796275287,1.0,17.0,june_recent_85_93_clear_afternoon_backoff+june_days4to7_mild_hot_early_peak_recovery_up,22.71570141267813,-17.171320551331235,187.08613796275287,187.08613796275287,154.9782938126713,167.8112400062324,168.31580534842072,170.44764635108623,1.0,154.9782938126713,187.08613796275287,32.107844150081576,16.053922075040788,18.0,45,2026-04-13 23:00:00-07:00,2026-05-28 23:00:00-07:00,2026-06-03,0.0,2.961304017938346,2.961304017938346,0,1,113.497358,113.168525,196.59495714285714,-3.299999999999997,-1.0999999999999943,0.0,-1.0269200641335523,0.0,0.0,-10.72193627335821,10.72193627335821,1.85543780113602,0.9644909624406519,days4to7,0-2F,0-20pp,0-1.25MW,normal,low_weather_error,-3.865837191281315,-4.433249236111095,-4.433249236111095,-4.433249236111095,-4.433249236111095,-4.433249236111095
2026-06-03 15:00:00-07:00,origin_20,2026-05-29 00:00:00-07:00,2026,5,136,6,Days2to7,Summer,6,15,216.148291,91.7,93.3,0.0,17.450449805038325,0.0,0.0,215.2941700598633,216.26283264160156,215.47865115230283,214.72751046267584,216.2760311056013,216.7280479932618,216.7280479932618,216.7280479932618,216.7280479932618,216.7280479932618,216.7280479932618,216.7280479932618,0,0.0,none,216.7280479932618,216.7280479932618,0.8541209401367098,-0.1145416416015621,0.6696398476971694,1.4207805373241627,-0.5797569932618103,-0.5797569932618103,-0.5797569932618103,-0.5797569932618103,0.5797569932618103,0.9818610457380146,0.4520168876605055,0.0,0.0,0.0,0.0,0.0,1.43387793339852,Recent_Corrected_Forecast_MWH,days4to7_recent_corrected,raw_bias,none,none,recent_mean+last24_mean+same_hour+hourgroup+global+temp_hourgroup+cloud_hourgroup+solar_hourgroup+solar_loss_hourgroup+temp_cloud_hourgroup,3.0,10,200.233677,207.070216,70,213.90568264285713,239.40674,15.914614,Midday,2,0,0,0,4.0,1.334813023802108,0.24,2.3,0.0,223.16899425884571,159.25233976441612,0.8541209401367098,0.8541209401367098,0.3951550744098688,Spring,0.9818610457380075,0.0,0.9818610457380075,0.0,Clear/Low,4.0,None,0.45201688766051923,weighted_fallback,global+hour+temp_cloud_hourgroup,216.7280479932618,0.0,216.7280479932618,none,170+,other,0.7,0.0,0.0,0.0,0.0,0.0,,,ar_disabled_or_empty,0.0,,,origin_day_disabled_or_empty,216.7280479932618,0.0,0.0,56.04183029544717,-7.874824198982424,0.26822187239121414,4.0,Medium-High,186.63954479770408,187.23777770996094,185.16501883937508,188.7857333287191,29.508746202295924,204.75886270299293,11.389428297007072,11.389428297007072,5.2692659489993705,89.1,92.2,0.0,15.925106190075887,0.0,0.0,6.0,0.0,none,0.0,0.0,0.0,,,0.0,187.75886270299293,204.75886270299293,1.0,17.0,june_recent_85_93_clear_afternoon_backoff+june_days4to7_mild_hot_early_peak_recovery_up,29.12687230869068,-15.712130344714211,205.75886270299293,205.75886270299293,171.41480414429088,184.82180713719498,184.40582299614834,189.0957845864991,1.0,171.41480414429088,205.75886270299293,34.344058558702045,17.172029279351023,18.0,45,2026-04-13 23:00:00-07:00,2026-05-28 23:00:00-07:00,2026-06-03,0.8541209401367098,0.0,-0.8541209401367098,1,0,120.454241,121.463241,216.30311242857144,-2.6000000000000085,-1.0999999999999943,0.0,-1.5253436149624378,0.0,0.0,-11.969185290268882,11.969185290268882,10.809671303745262,5.0010440766081565,days4to7,0-2F,0-20pp,0-1.25MW,normal,low_weather_error,-0.12774010560130478,-0.5797569932618103,-0.5797569932618103,-0.5797569932618103,-0.5797569932618103,-0.5797569932618103
2026-06-03 16:00:00-07:00,origin_20,2026-05-29 00:00:00-07:00,2026,5,137,6,Days2to7,Summer,6,16,239.162783,93.3,93.3,0.0,11.948781590263016,0.0,0.0,235.98871024590323,236.2774658203125,236.31176947197974,235.3985441550946,235.98871024590323,236.70510883914716,236.70510883914716,236.70510883914716,236.70510883914716,236.70510883914716,236.70510883914716,236.70510883914716,0,0.0,none,236.70510883914716,236.70510883914716,3.1740727540967555,2.8853171796874904,2.851013528020246,3.7642388449053783,2.4576741608528323,2.4576741608528323,2.4576741608528323,2.4576741608528323,2.4576741608528323,0.0,0.7163985932439232,0.0,0.0,0.0,0.0,0.0,0.7163985932439232,Recent_Corrected_Forecast_MWH,days4to7_recent_corrected,raw_bias,none,none,recent_mean+last24_mean+same_hour+hourgroup+global+cloud_hourgroup+solar_loss_hourgroup,3.0,10,217.8996831,228.46922249999997,70,213.90568264285713,239.40674,21.263099899999986,Peak,2,0,0,1,4.0,1.35,0.22,1.5,0.0,240.13678378908355,171.27452234076594,3.1740727540967555,3.1740727540967555,1.3271599846271882,Spring,0.0,0.0,0.0,0.0,Clear/Low,3.0,None,0.716398593243911,weighted_fallback,global+hour+temp_cloud_hourgroup,236.70510883914716,0.0,236.70510883914716,none,170+,other,0.7,0.0,0.0,0.0,0.0,0.0,,,ar_disabled_or_empty,0.0,,,origin_day_disabled_or_empty,236.70510883914716,0.0,0.0,64.7141879051373,-4.148073543180317,1.0276156390322788,4.0,Medium-High,206.7511762382838,205.64047241210938,205.24695579980278,209.43229516337522,32.4116067617162,229.92296796657922,9.239815033420768,9.239815033420768,3.8634000313588794,91.5,92.2,0.0,9.972087142975546,0.0,0.0,6.0,5.45539313505152,weather_uncertainty_peak_hedge,4.3089486906070755,1.1464444444444446,22.0,5.8779770000000005,0.35,1.0,212.92296796657922,229.92296796657922,1.0,17.0,june_recent_85_93_clear_afternoon_backoff+june_days4to7_mild_hot_early_peak_recovery_up,37.04186936333278,-10.354586752414491,229.4675748315277,229.4675748315277,189.74348684092786,202.29002217750119,198.53112336986436,208.61893296948998,1.0,189.74348684092786,229.4675748315277,39.724087990599855,19.862043995299928,22.0,45,2026-04-13 23:00:00-07:00,2026-05-28 23:00:00-07:00,2026-06-03,3.1740727540967555,0.0,-3.1740727540967555,1,0,124.9937,127.706541,235.3677237142857,-1.7999999999999972,-1.0999999999999943,0.0,-1.9766944472874695,0.0,0.0,-6.782140872567936,6.782140872567936,6.782140872567936,2.8357843923266004,days4to7,0-2F,0-20pp,0-1.25MW,hot_peak,low_weather_error,3.1740727540967555,2.4576741608528323,2.4576741608528323,2.4576741608528323,2.4576741608528323,2.4576741608528323
2026-06-03 17:00:00-07:00,origin_20,2026-05-29 00:00:00-07:00,2026,5,138,6,Days2to7,Summer,6,17,253.292233,93.3,93.3,0.0,6.303907497804443,0.0,0.0,250.08015944634772,247.98370361328125,250.8697740107354,249.4383239403289,250.08015944634772,251.0480899366268,251.0480899366268,251.0480899366268,251.0480899366268,251.0480899366268,251.0480899366268,251.0480899366268,0,0.0,none,251.0480899366268,251.0480899366268,3.2120735536522886,5.30852938671876,2.4224589892646122,3.8539090596711105,2.244143063373201,2.244143063373201,2.244143063373201,2.244143063373201,2.244143063373201,0.0,0.9679304902790875,0.0,0.0,0.0,0.0,0.0,0.9679304902790875,Recent_Corrected_Forecast_MWH,days4to7_recent_corrected,raw_bias,none,none,recent_mean+last24_mean+same_hour+hourgroup+global+cloud_hourgroup+solar_hourgroup+solar_loss_hourgroup,3.0,10,230.24716130000002,243.33112659999998,70,213.90568264285713,239.40674,23.045071699999994,Peak,2,0,0,1,4.0,1.35,0.2,2.6,0.0,251.6255705099529,178.21568306369795,3.2120735536522886,3.2120735536522886,1.2681295101742376,Spring,0.0,0.0,0.0,0.0,Clear/Low,2.0,None,0.9679304902790956,weighted_fallback,global+hour+temp_cloud_hourgroup,251.0480899366268,0.0,251.0480899366268,none,170+,other,0.7,0.0,0.0,0.0,0.0,0.0,,,ar_disabled_or_empty,0.0,,,origin_day_disabled_or_empty,251.0480899366268,0.0,0.0,71.86447638264977,-1.5454110636051723,0.8859896874031669,4.0,Medium-Low,221.70889653327737,220.35960388183594,221.48068021545012,222.45303436170346,31.583336466722642,254.27029548685147,-0.9780624868514565,0.9780624868514565,0.38613994407458063,92.2,92.2,0.0,4.2392679443873424,0.0,0.0,6.0,6.593468463295001,weather_uncertainty_peak_hedge,5.4470240188505565,1.1464444444444446,22.0,5.8779770000000005,0.35,1.0,229.27029548685147,254.27029548685147,1.0,25.0,june_recent_85_93_clear_afternoon_backoff+june_days4to7_mild_hot_evening_recovery_up,44.830838462116844,-4.622541350151437,244.67682702355646,244.67682702355646,206.08208874516046,216.16907728068426,208.932775693891,224.9563466702347,1.0,206.08208874516046,244.67682702355646,38.594738278395994,19.297369139197997,22.0,45,2026-04-13 23:00:00-07:00,2026-05-28 23:00:00-07:00,2026-06-03,3.2120735536522886,0.0,-3.2120735536522886,1,0,130.518141,134.152408,247.94653157142858,-1.0999999999999943,-1.0999999999999943,0.0,-2.0646395534171003,0.0,0.0,3.2222055502246576,-3.2222055502246576,-1.2660805765217447,-0.4998497433285862,days4to7,0-2F,0-20pp,0-1.25MW,hot_peak,low_weather_error,3.2120735536522886,2.244143063373201,2.244143063373201,2.244143063373201,2.244143063373201,2.244143063373201
2026-06-03 18:00:00-07:00,origin_20,2026-05-29 00:00:00-07:00,2026,5,139,6,Days2to7,Summer,6,18,258.099775,93.3,93.3,0.0,2.5135684153491384,0.0,0.0,256.2469408094574,255.55111694335938,255.38632291313832,257.798147179701,256.2469408094574,257.22675391482926,257.22675391482926,257.22675391482926,257.22675391482926,257.22675391482926,257.22675391482926,257.22675391482926,0,0.0,none,257.22675391482926,257.22675391482926,1.8528341905426373,2.5486580566406474,2.7134520868617074,0.3016278202990179,0.8730210851707625,0.8730210851707625,0.8730210851707625,0.8730210851707625,0.8730210851707625,0.0,0.9798131053718748,0.0,0.0,0.0,0.0,0.0,0.9798131053718748,Recent_Corrected_Forecast_MWH,days4to7_recent_corrected,raw_bias,none,none,recent_mean+last24_mean+same_hour+hourgroup+global+cloud_hourgroup+solar_hourgroup+solar_loss_hourgroup,3.0,10,232.6802873,248.66103660000002,70,213.90568264285713,239.40674,25.41948770000002,Peak,2,0,0,1,4.0,1.35,0.2,2.5,0.0,252.76317877005334,182.63988968043944,1.8528341905426373,1.8528341905426373,0.7178751668972347,Spring,0.0,0.0,0.0,0.0,Clear/Low,1.0,None,0.9798131053718683,weighted_fallback,global+hour+temp_cloud_hourgroup,257.22675391482926,0.0,257.22675391482926,none,170+,other,0.7,0.0,0.0,0.0,0.0,0.0,,,ar_disabled_or_empty,0.0,,,origin_day_disabled_or_empty,257.22675391482926,0.0,0.0,73.60705112901795,3.4837620394040414,0.3382494561146992,4.0,Medium-Low,225.7252451891033,225.2215576171875,224.60536977621103,227.62896014419564,32.37452981089672,261.22312430928054,-3.1233493092805134,3.1233493092805134,1.2101325192090977,90.3,92.2,0.0,1.477863426287972e-15,0.0,0.0,6.0,6.518066014805354,weather_uncertainty_peak_hedge,5.37162157036091,1.1464444444444446,22.0,5.8779770000000005,0.35,1.0,233.22312430928054,261.22312430928054,1.0,28.0,june_days4to7_mild_hot_evening_recovery_up,44.48097850782429,1.6816350754023404,248.70505829447518,248.70505829447518,210.03549567766507,218.49613801128655,213.03372366758518,229.61190561722765,1.0,210.03549567766507,248.70505829447518,38.66956261681011,19.334781308405056,22.0,45,2026-04-13 23:00:00-07:00,2026-05-28 23:00:00-07:00,2026-06-03,1.8528341905426373,0.0,-1.8528341905426373,1,0,137.8902,140.571816,240.26213285714286,-3.0,-1.0999999999999943,0.0,-2.513568415349137,0.0,0.0,3.996370394451276,-3.996370394451276,2.250328224109751,0.8718830630943984,days4to7,0-2F,0-20pp,0-1.25MW,hot_peak,low_weather_error,1.8528341905426373,0.8730210851707625,0.8730210851707625,0.8730210851707625,0.8730210851707625,0.8730210851707625
2026-06-03 19:00:00-07:00,origin_20,2026-05-29 00:00:00-07:00,2026,5,140,6,Days2to7,Summer,6,19,252.9156,92.4,93.3,0.0,0.5457846422450984,0.0,0.0,254.6792116955064,255.25344848632812,256.7715073436815,251.22725087956786,254.6792116955064,255.77056075251437,255.77056075251437,255.77056075251437,255.77056075251437,255.77056075251437,255.77056075251437,255.77056075251437,0,0.0,none,255.77056075251437,255.77056075251437,-1.7636116955063983,-2.337848486328113,-3.85590734368148,1.6883491204321501,-2.8549607525143585,-2.8549607525143585,-2.8549607525143585,-2.8549607525143585,2.8549607525143585,0.0,1.0913490570079603,0.0,0.0,0.0,0.0,0.0,1.0913490570079603,Recent_Corrected_Forecast_MWH,days4to7_recent_corrected,raw_bias,none,none,recent_mean+last24_mean+same_hour+hourgroup+global+cloud_hourgroup+solar_hourgroup+solar_loss_hourgroup,3.0,10,225.3923922,244.1583244,70,213.90568264285713,239.40674,27.523207800000023,Peak,2,0,0,1,4.0,0.0,0.21,1.3,0.0,246.73349511383532,181.6404774310569,-1.7636116955063983,1.7636116955063983,0.6973123427366277,Spring,0.0,0.0,0.0,0.0,Clear/Low,0.0,None,1.0913490570079531,weighted_fallback,global+hour+temp_cloud_hourgroup,255.77056075251437,0.0,255.77056075251437,none,170+,other,1.0,0.0,0.0,0.0,0.0,0.0,,,ar_disabled_or_empty,0.0,,,origin_day_disabled_or_empty,255.77056075251437,0.0,0.0,73.03873426444952,7.945716581671093,1.1288195558179719,4.0,Low,216.94333300066754,216.693603515625,215.91415807981394,218.6319591577353,35.972266999332476,254.0346820576755,-1.1190820576754845,1.1190820576754845,0.44247253141976395,86.6,92.2,0.01,0.0,0.0,0.0,6.0,8.0,weather_uncertainty_peak_hedge,7.727351133030534,1.1464444444444446,22.0,5.8779770000000005,0.35,1.0,226.0346820576755,254.0346820576755,1.0,28.0,june_days4to7_mild_hot_evening_recovery_up,37.67173960177578,3.173250813978001,240.0346820576755,240.0346820576755,203.70278764050664,211.13329413434897,206.63099916364047,219.88899485251625,1.0,203.70278764050664,240.0346820576755,36.331894417168854,18.165947208584427,22.0,45,2026-04-13 23:00:00-07:00,2026-05-28 23:00:00-07:00,2026-06-03,0.0,1.7636116955063983,1.7636116955063983,0,1,145.590008,148.99605,232.12462342857143,-5.800000000000011,-1.0999999999999943,0.01,-0.5457846422450984,0.0,0.0,-1.735878694838874,1.735878694838874,-1.735878694838874,-0.6863470243982079,days4to7,0-2F,0-20pp,0-1.25MW,hot_peak,low_weather_error,-1.7636116955063983,-2.8549607525143585,-2.8549607525143585,-2.8549607525143585,-2.8549607525143585,-2.8549607525143585
2026-06-03 20:00:00-07:00,origin_20,2026-05-29 00:00:00-07:00,2026,5,141,6,Days2to7,Summer,6,20,238.239391,89.0,93.3,0.0,0.0771403485505173,0.0,0.0,243.48888262837553,244.5894317626953,245.63475661753148,239.8023523213248,243.48888262837553,244.9086777961687,244.9086777961687,244.9086777961687,244.9086777961687,244.9086777961687,244.9086777961687,244.9086777961687,0,0.0,none,244.9086777961687,244.9086777961687,-5.249491628375523,-6.350040762695301,-7.395365617531468,-1.5629613213247922,-6.669286796168677,-6.669286796168677,-6.669286796168677,-6.669286796168677,6.669286796168677,0.0,1.4197951677931542,0.0,0.0,0.0,0.0,0.0,1.4197951677931542,Recent_Corrected_Forecast_MWH,days4to7_recent_corrected,raw_bias,none,none,recent_mean+last24_mean+same_hour+hourgroup+global+cloud_hourgroup+solar_hourgroup+solar_loss_hourgroup,3.0,10,211.1628387,230.4176605,70,213.90568264285713,239.40674,27.076552300000003,Peak,2,0,0,1,4.0,0.0,0.24,5.8,0.0,232.30684972044403,178.10843531089125,-5.249491628375523,5.249491628375523,2.203452420836453,Spring,0.0,0.0,0.0,0.0,Clear/Low,0.0,None,1.4197951677931488,weighted_fallback,global+hour+temp_cloud_hourgroup,244.9086777961687,0.0,244.9086777961687,none,170+,other,1.0,0.0,0.0,0.0,0.0,0.0,,,ar_disabled_or_empty,0.0,,,origin_day_disabled_or_empty,244.9086777961687,0.0,0.0,65.38044731748428,11.1820329079315,2.799405576120146,4.0,Low,203.22906055828182,202.40310668945312,202.14755053789986,205.1645631242617,35.010330441718196,240.64885572607497,-2.409464726074958,2.409464726074958,1.0113628631945915,82.8,92.2,0.08,0.0,0.0,0.0,6.0,8.0,weather_uncertainty_peak_hedge,8.0,1.0034900199532946,19.25673812277111,5.8779770000000005,0.35,1.0,212.64885572607497,240.64885572607497,1.0,28.0,june_days4to7_mild_hot_evening_recovery_up,28.468119933789183,2.6180691782144834,223.90559384884608,226.64885572607497,193.82204140705068,202.30088244136576,198.52529098194492,205.08064245118402,1.0,193.82204140705068,226.64885572607497,32.826814319024294,16.413407159512147,22.0,45,2026-04-13 23:00:00-07:00,2026-05-28 23:00:00-07:00,2026-06-03,0.0,5.249491628375523,5.249491628375523,0,1,158.646916,160.416141,228.62427114285714,-6.200000000000003,-1.0999999999999943,0.08,-0.0771403485505173,0.0,0.0,-4.259822070093719,4.259822070093719,-4.259822070093719,-1.7880427129255545,days4to7,0-2F,0-20pp,0-1.25MW,hot_peak,low_weather_error,-5.249491628375523,-6.669286796168677,-6.669286796168677,-6.669286796168677,-6.669286796168677,-6.669286796168677
2026-06-04 14:00:00-07:00,origin_20,2026-05-29 00:00:00-07:00,2026,5,159,7,Days2to7,Summer,6,14,209.669616,91.0,94.5,0.0,20.19584626674185,0.0,0.0,217.90311149431983,218.2849578857422,218.57897912608806,216.7319348182776,218.76063088577285,219.32804293060263,219.32804293060263,219.32804293060263,219.32804293060263,219.32804293060263,219.32804293060263,219.32804293060263,0,0.0,none,219.32804293060263,219.32804293060263,-8.23349549431984,-8.615341885742197,-8.909363126088067,-7.0623188182776175,-9.658426930602644,-9.658426930602644,-9.658426930602644,-9.658426930602644,9.658426930602644,0.8575193914530246,0.5674120448297799,0.0,0.0,0.0,0.0,0.0,1.4249314362828045,Recent_Corrected_Forecast_MWH,days4to7_recent_corrected,raw_bias,none,none,recent_mean+last24_mean+same_hour+hourgroup+global+temp_hourgroup+cloud_hourgroup+solar_hourgroup+solar_loss_hourgroup+temp_cloud_hourgroup,3.0,10,179.72373889999997,191.9870738,70,213.90568264285713,239.40674,29.94587710000002,Midday,3,0,0,0,4.0,1.1575274452260107,0.27,3.0,0.0,195.33612901793833,157.75989741879062,-8.23349549431984,8.23349549431984,3.926890148127061,Spring,0.8575193914530208,0.0,0.8575193914530208,0.0,Clear/Low,5.0,None,0.5674120448297798,weighted_fallback,global+hour+temp_cloud_hourgroup,219.32804293060263,0.0,219.32804293060263,none,170+,other,0.7,0.0,0.0,0.0,0.0,0.0,,,ar_disabled_or_empty,0.0,,,origin_day_disabled_or_empty,219.32804293060263,0.0,0.0,60.143214075529215,22.566982476381497,4.6064981254139585,4.0,High,199.7327070934274,200.08351135253906,200.59979802128544,198.2699058470471,9.936908906572597,201.1408815930966,8.528734406903396,8.528734406903396,4.0677016391842855,91.5,94.6,0.0,20.81837834053109,0.0,0.0,7.0,0.0,none,0.0,0.0,0.0,,,0.0,201.1408815930966,201.1408815930966,0.0,0.0,none,47.521765688046855,31.56557800262604,219.1408815930966,219.1408815930966,183.1408815930966,195.54266369226875,198.89921928858806,201.01676071343752,1.0,183.1408815930966,219.1408815930966,36.0,18.0,18.0,45,2026-04-13 23:00:00-07:00,2026-05-28 23:00:00-07:00,2026-06-04,0.0,8.23349549431984,8.23349549431984,0,1,119.309683,115.58095,199.97710585714282,0.5,0.09999999999999432,0.0,0.622532073789241,0.0,0.0,-18.18716133750604,18.18716133750604,-1.1296925236992479,-0.5387964862296728,days4to7,0-2F,0-20pp,0-1.25MW,normal,low_weather_error,-9.091014885772864,-9.658426930602644,-9.658426930602644,-9.658426930602644,-9.658426930602644,-9.658426930602644
2026-06-04 15:00:00-07:00,origin_20,2026-05-29 00:00:00-07:00,2026,5,160,7,Days2to7,Summer,6,15,230.85115,93.3,94.5,0.0,16.26524390761898,0.0,0.0,238.7518599238981,239.33409118652344,239.54439463028956,237.34009645310428,239.66995025113255,240.12196713879305,240.12196713879305,240.12196713879305,240.12196713879305,240.12196713879305,240.12196713879305,240.12196713879305,0,0.0,none,240.12196713879305,240.12196713879305,-7.90070992389812,-8.482941186523448,-8.69324463028957,-6.48894645310429,-9.270817138793063,-9.270817138793063,-9.270817138793063,-9.270817138793063,9.270817138793063,0.9180903272344381,0.4520168876605055,0.0,0.0,0.0,0.0,0.0,1.3701072148949436,Recent_Corrected_Forecast_MWH,days4to7_recent_corrected,raw_bias,none,none,recent_mean+last24_mean+same_hour+hourgroup+global+temp_hourgroup+cloud_hourgroup+solar_hourgroup+solar_loss_hourgroup+temp_cloud_hourgroup,3.0,10,200.233677,207.070216,70,213.90568264285713,239.40674,30.61747299999999,Midday,3,0,0,0,4.0,1.3421614125804044,0.24,3.2,0.0,215.2941700598633,170.59527477296803,-7.90070992389812,7.90070992389812,3.422426062810655,Spring,0.9180903272344514,0.0,0.9180903272344514,0.0,Clear/Low,4.0,None,0.45201688766051923,weighted_fallback,global+hour+temp_cloud_hourgroup,240.12196713879305,0.0,240.12196713879305,none,170+,other,0.7,0.0,0.0,0.0,0.0,0.0,,,ar_disabled_or_empty,0.0,,,origin_day_disabled_or_empty,240.12196713879305,0.0,0.0,68.15658515093008,23.45768986403482,4.015928505789581,4.0,Medium-High,219.7475928291385,220.49853515625,220.76999028437302,217.9264133060238,11.103557170861478,221.1875092160149,9.663640783985102,9.663640783985102,4.186091680281905,93.4,94.6,0.0,16.231685774483765,0.0,0.0,7.0,0.0,none,0.0,0.0,0.0,,,0.0,221.1875092160149,221.1875092160149,0.0,0.0,none,54.98550322616734,33.108048031434436,239.1875092160149,239.1875092160149,203.1875092160149,213.4250711645412,212.81273310413928,220.74765203226707,1.0,203.1875092160149,239.1875092160149,36.0,18.0,18.0,45,2026-04-13 23:00:00-07:00,2026-05-28 23:00:00-07:00,2026-06-04,0.0,7.90070992389812,7.90070992389812,0,1,127.038066,121.906483,221.81447928571427,0.10000000000000853,0.09999999999999432,0.0,-0.03355813313521594,0.0,0.0,-18.934457922778165,18.934457922778165,0.3928236451920384,0.17016317449232476,days4to7,0-2F,0-20pp,0-1.25MW,normal,low_weather_error,-8.818800251132558,-9.270817138793063,-9.270817138793063,-9.270817138793063,-9.270817138793063,-9.270817138793063
2026-06-04 16:00:00-07:00,origin_20,2026-05-29 00:00:00-07:00,2026,5,161,7,Days2to7,Summer,6,16,250.210058,94.5,94.5,0.0,11.344937437455537,0.0,0.0,256.5355380572032,255.53231811523438,257.3070459524621,255.60980277664473,256.5355380572032,257.25193665044713,257.25193665044713,257.25193665044713,257.25193665044713,257.25193665044713,257.25193665044713,257.25193665044713,0,0.0,none,257.25193665044713,257.25193665044713,-6.325480057203208,-5.322260115234371,-7.0969879524620865,-5.399744776644724,-7.041878650447131,-7.041878650447131,-7.041878650447131,-7.041878650447131,7.041878650447131,0.0,0.7163985932439232,0.0,0.0,0.0,0.0,0.0,0.7163985932439232,Recent_Corrected_Forecast_MWH,days4to7_recent_corrected,raw_bias,none,none,recent_mean+last24_mean+same_hour+hourgroup+global+cloud_hourgroup+solar_loss_hourgroup,3.0,10,217.8996831,228.46922249999997,70,213.90568264285713,239.40674,32.3103749,Peak,3,0,0,1,4.0,1.35,0.22,3.1,0.0,235.98871024590323,184.39965723303786,-6.325480057203208,6.325480057203208,2.528067859367671,Spring,0.0,0.0,0.0,0.0,Clear/Low,3.0,None,0.716398593243911,weighted_fallback,global+hour+temp_cloud_hourgroup,257.25193665044713,0.0,257.25193665044713,none,170+,other,0.7,0.0,0.0,0.0,0.0,0.0,,,ar_disabled_or_empty,0.0,,,origin_day_disabled_or_empty,257.25193665044713,0.0,0.0,72.13588082416535,20.546827811299977,2.814386722394322,4.0,Medium-High,238.51295015709962,238.7388916015625,238.9261984130767,237.79900534214624,11.69710784290038,239.22934875034355,10.980709249656456,10.980709249656456,4.388596260849137,94.6,94.6,0.0,10.273176730625774,0.0,0.0,7.0,0.0,none,0.0,1.8597469398444435,18.702186426368144,7.89579,0.4972004067990663,1.0,239.22934875034355,239.22934875034355,0.0,0.0,none,59.85529896239379,31.761773918815834,257.9315351767117,261.22934875034355,217.22934875034355,229.12658473006405,223.4467594712164,237.47731886306693,1.0,217.22934875034355,261.22934875034355,44.0,22.0,22.0,45,2026-04-13 23:00:00-07:00,2026-05-28 23:00:00-07:00,2026-06-04,0.0,6.325480057203208,6.325480057203208,0,1,134.009758,128.748283,237.382332,0.09999999999999432,0.09999999999999432,0.0,-1.071760706829762,0.0,0.0,-18.022587900103588,18.022587900103588,3.938830599209325,1.5742095384548151,days4to7,0-2F,0-20pp,0-1.25MW,hot_peak,low_weather_error,-6.325480057203208,-7.041878650447131,-7.041878650447131,-7.041878650447131,-7.041878650447131,-7.041878650447131
2026-06-04 17:00:00-07:00,origin_20,2026-05-29 00:00:00-07:00,2026,5,162,7,Days2to7,Summer,6,17,261.03715,93.7,94.5,0.0,5.679774723144782,0.0,0.0,265.4685455315177,264.5551452636719,266.08996286526485,264.75300408358527,265.4685455315177,266.4364760217968,266.4364760217968,266.4364760217968,266.4364760217968,266.4364760217968,266.4364760217968,266.4364760217968,0,0.0,none,266.4364760217968,266.4364760217968,-4.431395531517694,-3.517995263671878,-5.052812865264855,-3.7158540835852705,-5.39932602179681,-5.39932602179681,-5.39932602179681,-5.39932602179681,5.39932602179681,0.0,0.9679304902791159,0.0,0.0,0.0,0.0,0.0,0.9679304902791159,Recent_Corrected_Forecast_MWH,days4to7_recent_corrected,raw_bias,none,none,recent_mean+last24_mean+same_hour+hourgroup+global+cloud_hourgroup+solar_hourgroup+solar_loss_hourgroup,3.0,10,230.24716130000002,243.33112659999998,70,213.90568264285713,239.40674,30.78998869999998,Peak,3,0,0,1,4.0,1.35,0.22,3.7,0.0,250.08015944634772,193.45044998460477,-4.431395531517694,4.431395531517694,1.6976110609228205,Spring,0.0,0.0,0.0,0.0,Clear/Low,2.0,None,0.9679304902790956,weighted_fallback,global+hour+temp_cloud_hourgroup,266.4364760217968,0.0,266.4364760217968,none,170+,other,0.7,0.0,0.0,0.0,0.0,0.0,,,ar_disabled_or_empty,0.0,,,origin_day_disabled_or_empty,266.4364760217968,0.0,0.0,72.01809554691292,15.38838608516997,2.0684128760204477,4.0,Medium-Low,248.73271653415142,249.36672973632812,247.60076853208784,250.3303453367722,12.304433465848575,249.7006470244305,11.336502975569488,11.336502975569488,4.342869578360585,94.3,94.6,0.0,4.388889165953954,0.0,0.0,7.0,0.0,none,0.0,1.8124547266846238,18.226601405588667,7.89579,0.4972004067990663,1.0,249.7006470244305,249.7006470244305,0.0,0.0,none,60.6729291010941,27.023820000874053,267.9272484300192,271.7006470244305,228.903440899556,236.8118905011271,231.52451809664936,249.10296863789236,1.0,228.903440899556,271.7006470244305,42.79720612487452,21.39860306243726,22.0,45,2026-04-13 23:00:00-07:00,2026-05-28 23:00:00-07:00,2026-06-04,0.0,4.431395531517694,4.431395531517694,0,1,141.057125,136.156775,253.55978885714285,0.5999999999999943,0.09999999999999432,0.0,-1.290885557190828,0.0,0.0,-16.735828997366298,16.735828997366298,5.937176953772678,2.2744567023401374,days4to7,0-2F,0-20pp,0-1.25MW,hot_peak,low_weather_error,-4.431395531517694,-5.39932602179681,-5.39932602179681,-5.39932602179681,-5.39932602179681,-5.39932602179681
2026-06-04 18:00:00-07:00,origin_20,2026-05-29 00:00:00-07:00,2026,5,163,7,Days2to7,Summer,6,18,263.131475,93.0,94.5,0.0,2.545419713647152,0.0,0.0,265.8070914630975,264.79718017578125,263.04227170131355,270.4403543137054,265.8070914630975,266.78690456846937,266.78690456846937,267.1463019283492,267.1463019283492,267.1463019283492,267.1463019283492,267.1463019283492,0,0.0,none,267.1463019283492,267.1463019283492,-2.6756164630974695,-1.665705175781227,0.08920329868647059,-7.308879313705404,-4.01482692834918,-4.01482692834918,-4.01482692834918,-4.01482692834918,4.01482692834918,0.0,0.9798131053718748,0.0,0.3593973598798357,0.0,0.0,0.0,1.3392104652517105,Recent_Corrected_Forecast_MWH,days4to7_recent_corrected,raw_bias,none,tree_peak_gap,recent_mean+last24_mean+same_hour+hourgroup+global+cloud_hourgroup+solar_hourgroup+solar_loss_hourgroup,3.0,10,232.6802873,248.66103660000002,70,213.90568264285713,239.40674,30.45118770000002,Peak,3,0,0,1,4.0,1.35,0.22,3.3,0.0,256.2469408094574,198.55298251036191,-2.6756164630974695,2.6756164630974695,1.0168363412615193,Spring,0.0,0.0,0.0,0.0,Clear/Low,1.0,None,0.9798131053718683,weighted_fallback,global+hour+temp_cloud_hourgroup,267.1463019283492,0.0,266.78690456846937,none,170+,other,0.7,0.0,0.0,0.35939735987983285,0.0,0.0,,,ar_disabled_or_empty,0.0,,,origin_day_disabled_or_empty,267.1463019283492,0.0,0.0,67.25410895273558,9.560150653640108,1.5257874142001369,4.0,Medium-Low,249.93972713191482,249.7519989013672,249.87693194977743,250.09204191257282,13.191747868085201,250.9195402372867,12.211934762713327,12.211934762713327,4.641001143140829,92.2,94.6,0.0,1.548659279044282e-15,0.0,0.0,7.0,0.0,none,0.0,1.6667617972983457,16.761468559818923,7.89579,0.4972004067990663,1.0,250.9195402372867,250.9195402372867,0.0,0.0,none,57.142609852192464,24.214481942811517,267.6810087971056,272.9195402372867,230.14079032331188,238.60867385592346,230.67823001882994,250.5675191872347,1.0,230.14079032331188,272.9195402372867,42.77874991397482,21.38937495698741,22.0,45,2026-04-13 23:00:00-07:00,2026-05-28 23:00:00-07:00,2026-06-04,0.0,2.6756164630974695,2.6756164630974695,0,1,150.099333,143.195116,252.81766514285715,-0.7999999999999972,0.09999999999999432,0.0,-2.5454197136471506,0.0,0.0,-16.226761691062507,16.226761691062507,8.197107834364147,3.1152137289406925,days4to7,0-2F,0-20pp,0-1.25MW,hot_peak,low_weather_error,-2.6756164630974695,-3.6554295684693443,-3.6554295684693443,-4.01482692834918,-4.01482692834918,-4.01482692834918
2026-06-04 19:00:00-07:00,origin_20,2026-05-29 00:00:00-07:00,2026,5,164,7,Days2to7,Summer,6,19,255.920625,91.7,94.5,0.0,0.4792915785346224,0.0,0.0,259.3898793571261,260.94561767578125,258.81244544139616,259.85277884794317,259.3898793571261,260.4812284141341,260.4812284141341,260.4812284141341,260.4812284141341,260.4812284141341,260.4812284141341,260.4812284141341,0,0.0,none,260.4812284141341,260.4812284141341,-3.4692543571261183,-5.024992675781249,-2.8918204413961632,-3.9321538479431695,-4.5606034141340785,-4.5606034141340785,-4.5606034141340785,-4.5606034141340785,4.5606034141340785,0.0,1.0913490570079603,0.0,0.0,0.0,0.0,0.0,1.0913490570079603,Recent_Corrected_Forecast_MWH,days4to7_recent_corrected,raw_bias,none,none,recent_mean+last24_mean+same_hour+hourgroup+global+cloud_hourgroup+solar_hourgroup+solar_loss_hourgroup,3.0,10,225.3923922,244.1583244,70,213.90568264285713,239.40674,30.528232800000012,Peak,3,0,0,1,4.0,0.0,0.23,3.3,0.0,254.6792116955064,197.1107386732721,-3.4692543571261183,3.4692543571261183,1.3555977979993283,Spring,0.0,0.0,0.0,0.0,Clear/Low,0.0,None,1.0913490570079531,weighted_fallback,global+hour+temp_cloud_hourgroup,260.4812284141341,0.0,260.4812284141341,none,170+,other,1.0,0.0,0.0,0.0,0.0,0.0,,,ar_disabled_or_empty,0.0,,,origin_day_disabled_or_empty,260.4812284141341,0.0,0.0,62.279140683854024,4.710667661619709,1.7820382449183527,4.0,Low,239.86044984802822,240.87606811523438,240.63312731655236,238.35606574971717,16.060175151971777,240.95179890503618,14.968826094963816,14.968826094963816,5.849011229541901,88.8,94.6,0.0,0.0,0.0,0.0,7.0,0.0,none,0.0,1.5075932479510803,15.160820740844088,7.89579,0.4972004067990663,1.0,240.95179890503618,240.95179890503618,0.0,0.0,none,50.50943502046965,22.91711684736069,256.1126196458803,262.9517989050362,221.279758279262,230.8257628553818,222.1910677469938,240.67026065512692,1.0,221.279758279262,262.9517989050362,41.67204062577417,20.836020312887086,22.0,45,2026-04-13 23:00:00-07:00,2026-05-28 23:00:00-07:00,2026-06-04,0.0,3.4692543571261183,3.4692543571261183,0,1,160.326075,154.249975,249.50384285714287,-2.9000000000000057,0.09999999999999432,0.0,-0.4792915785346224,0.0,0.0,-19.529429509097895,19.529429509097895,10.408222680829738,4.066972984623548,days4to7,0-2F,0-20pp,0-1.25MW,hot_peak,low_weather_error,-3.4692543571261183,-4.5606034141340785,-4.5606034141340785,-4.5606034141340785,-4.5606034141340785,-4.5606034141340785
2026-06-04 20:00:00-07:00,origin_20,2026-05-29 00:00:00-07:00,2026,5,165,7,Days2to7,Summer,6,20,243.503625,89.8,94.5,0.0,0.0644294171567301,0.0,0.0,248.5050943041233,249.96807861328125,249.4994340866467,246.5245648432557,248.5050943041233,249.92488947191646,249.92488947191646,249.92488947191646,249.92488947191646,249.92488947191646,249.92488947191646,249.92488947191646,0,0.0,none,249.92488947191646,249.92488947191646,-5.0014693041233045,-6.4644536132812505,-5.9958090866466875,-3.0209398432556895,-6.421264471916459,-6.421264471916459,-6.421264471916459,-6.421264471916459,6.421264471916459,0.0,1.4197951677931542,0.0,0.0,0.0,0.0,0.0,1.4197951677931542,Recent_Corrected_Forecast_MWH,days4to7_recent_corrected,raw_bias,none,none,recent_mean+last24_mean+same_hour+hourgroup+global+cloud_hourgroup+solar_hourgroup+solar_loss_hourgroup,3.0,10,211.1628387,230.4176605,70,213.90568264285713,239.40674,32.34078629999999,Peak,3,0,0,1,4.0,0.0,0.25,5.0,0.0,243.48888262837553,191.4985662578021,-5.0014693041233045,5.0014693041233045,2.053960923219646,Spring,0.0,0.0,0.0,0.0,Clear/Low,0.0,None,1.4197951677931488,weighted_fallback,global+hour+temp_cloud_hourgroup,249.92488947191646,0.0,249.92488947191646,none,170+,other,1.0,0.0,0.0,0.0,0.0,0.0,,,ar_disabled_or_empty,0.0,,,origin_day_disabled_or_empty,249.92488947191646,0.0,0.0,57.00652804632119,5.016211675747769,2.637030340684439,4.0,Low,224.39419372263276,223.01473999023438,224.3834845783492,224.80515201576364,19.109431277367236,225.81398889042592,17.68963610957408,17.68963610957408,7.264629473000281,85.2,94.6,0.0,0.0,0.0,0.0,7.0,0.0,none,0.0,1.3590546170675848,13.667070646794741,7.89579,0.4972004067990663,1.0,225.81398889042592,225.81398889042592,0.0,0.0,none,41.994525304099824,21.165133164350948,239.48105953722066,247.81398889042592,208.65435712891167,219.15636662522056,213.49355636873156,225.81632092940436,1.0,208.65435712891167,247.81398889042592,39.15963176151425,19.579815880757124,22.0,45,2026-04-13 23:00:00-07:00,2026-05-28 23:00:00-07:00,2026-06-04,0.0,5.0014693041233045,5.0014693041233045,0,1,173.421408,166.870333,230.79150085714286,-4.599999999999994,0.09999999999999432,0.0,-0.0644294171567301,0.0,0.0,-24.11090058149054,24.11090058149054,11.268371637657623,4.627599132315843,days4to7,0-2F,0-20pp,0-1.25MW,hot_peak,low_weather_error,-5.0014693041233045,-6.421264471916459,-6.421264471916459,-6.421264471916459,-6.421264471916459,-6.421264471916459
2026-06-05 14:00:00-07:00,origin_20,2026-05-29 00:00:00-07:00,2026,5,183,8,Days8to16,Summer,6,14,229.425308,94.3,96.8,0.17,17.999401905007012,0.0,0.0,238.90586178385718,239.22604370117188,239.86835531518253,237.30189140111312,239.87394316338543,240.55969898860627,240.55969898860627,240.55969898860627,240.3870418004251,238.2670418004251,238.2670418004251,238.2670418004251,0,0.0,none,238.2670418004251,238.2670418004251,-9.480553783857175,-9.800735701171874,-10.443047315182525,-7.876583401113123,-8.84173380042509,-8.84173380042509,-8.84173380042509,-8.84173380042509,8.84173380042509,0.9680813795282575,0.6857558252208378,0.0,0.0,-0.17265718818117648,-2.1200000000000045,0.0,-0.6388199834320858,Final_Backtest_Forecast_MWH,days8plus_final_low_confidence+long_horizon_peak_month_correction,raw_bias,none,none,recent_mean+last24_mean+same_hour+hourgroup+global+cloud_hourgroup+solar_hourgroup+solar_loss_hourgroup,3.0,8,199.47841950000003,228.9191698,56,236.32982358928572,269.356791,29.94688849999997,Midday,4,0,0,0,5.0,1.1507333471328791,0.22,2.9,0.0,217.90311149431983,172.01777534655062,-9.480553783857175,9.480553783857175,4.132305135167204,Spring,0.9680813795282442,0.0,0.9680813795282442,0.0,Clear/Low,4.0,None,0.685755825220847,weighted_fallback,global+hour,240.3870418004251,0.0,240.55969898860627,none,170+,other,0.7,0.0,0.0,0.0,-0.1726571881811767,0.0,,,ar_disabled_or_empty,0.0,,,origin_day_disabled_or_empty,240.55969898860627,-2.12,0.0,66.88808643730655,21.002750289537346,3.8538615802686813,5.0,Medium-High,,,,,,,,,,,,,,,,,0.0,none,0.0,0.0,0.0,,,0.0,,,0.0,0.0,none,,,,,,,,,0.0,,,,,0.0,45,2026-04-13 23:00:00-07:00,2026-05-28 23:00:00-07:00,2026-06-05,0.0,9.480553783857175,9.480553783857175,0,1,124.624375,113.497358,205.07980442857144,,,,,,,,,,,,,,,,,-10.448635163385433,-11.13439098860627,-11.13439098860627,-11.13439098860627,-10.961733800425094,-8.84173380042509
2026-06-05 15:00:00-07:00,origin_20,2026-05-29 00:00:00-07:00,2026,5,184,8,Days8to16,Summer,6,15,249.014525,95.9,96.8,0.27,15.093167989242133,0.0,0.0,257.6120903588111,257.201904296875,257.6389772805348,257.6870354995128,258.64074267412076,259.18189787740175,259.18189787740175,259.18189787740175,259.04395934348906,256.92395934348906,256.92395934348906,256.92395934348906,0,0.0,none,256.92395934348906,256.92395934348906,-8.597565358811096,-8.187379296875008,-8.624452280534797,-8.672510499512782,-7.9094343434890675,-7.9094343434890675,-7.9094343434890675,-7.9094343434890675,7.9094343434890675,1.028652315309671,0.5411552032809936,0.0,0.0,-0.1379385339126884,-2.1200000000000045,0.0,-0.6881310153220284,Final_Backtest_Forecast_MWH,days8plus_final_low_confidence+long_horizon_peak_month_correction,raw_bias,none,none,recent_mean+last24_mean+same_hour+hourgroup+global+solar_hourgroup+solar_loss_hourgroup,3.0,8,220.880339,250.3929885,56,236.32982358928572,269.356791,28.134186,Midday,4,0,0,0,5.0,1.3097034182030802,0.2,2.3,0.0,238.7518599238981,186.76674647638202,-8.597565358811096,8.597565358811096,3.4526360897265316,Spring,1.028652315309675,0.0,1.028652315309675,1.0,Some Clouds,4.0,None,0.541155203281005,weighted_fallback,global+hour,259.04395934348906,0.0,259.18189787740175,none,170+,other,0.7,0.0,0.0,0.0,-0.1379385339126811,0.0,,,ar_disabled_or_empty,0.0,,,origin_day_disabled_or_empty,259.18189787740175,-2.12,0.0,70.84534388242906,18.860230434912978,3.1762943721813284,5.0,Medium-High,,,,,,,,,,,,,,,,,0.0,none,0.0,0.0,0.0,,,0.0,,,0.0,0.0,none,,,,,,,,,0.0,,,,,0.0,45,2026-04-13 23:00:00-07:00,2026-05-28 23:00:00-07:00,2026-06-05,0.0,8.597565358811096,8.597565358811096,0,1,132.480216,120.454241,231.83986885714285,,,,,,,,,,,,,,,,,-9.626217674120767,-10.16737287740176,-10.16737287740176,-10.16737287740176,-10.029434343489072,-7.9094343434890675
2026-06-05 16:00:00-07:00,origin_20,2026-05-29 00:00:00-07:00,2026,5,185,8,Days8to16,Summer,6,16,268.59595,96.8,96.8,0.27,10.902754088434738,0.0,0.0,271.68906534885946,270.97320556640625,271.95685974686756,271.4727769469761,271.68906534885946,272.203705553503,272.203705553503,272.203705553503,272.0380819602115,269.9180819602115,269.9180819602115,269.9180819602115,0,0.0,none,269.9180819602115,269.9180819602115,-3.093115348859442,-2.377255566406234,-3.3609097468675486,-2.8768269469761094,-1.3221319602114932,-1.3221319602114932,-1.3221319602114932,-1.3221319602114932,1.3221319602114932,0.0,0.5146402046435696,0.0,0.0,-0.16562359329151377,-2.1200000000000045,0.0,-1.7709833886479487,Final_Backtest_Forecast_MWH,days8plus_final_low_confidence+long_horizon_peak_month_correction,raw_bias,none,none,recent_mean+last24_mean+same_hour+hourgroup+global+solar_loss_hourgroup,3.0,8,240.86553600000002,267.7118679,56,236.32982358928572,269.356791,27.730413999999996,Peak,4,0,0,1,5.0,1.35,0.18,2.0,0.0,256.5355380572032,201.5371340983526,-3.093115348859442,3.093115348859442,1.1515867416688306,Spring,0.0,0.0,0.0,1.0,Some Clouds,3.0,None,0.5146402046435675,weighted_fallback,global+hour,272.0380819602115,0.0,272.203705553503,none,170+,other,0.7,0.0,0.0,0.0,-0.16562359329152404,0.0,,,ar_disabled_or_empty,0.0,,,origin_day_disabled_or_empty,272.203705553503,-2.12,0.0,70.15193125050686,15.153527291656246,0.4922382337527774,5.0,Medium-High,,,,,,,,,,,,,,,,,0.0,none,0.0,0.0,0.0,,,0.0,,,0.0,0.0,none,,,,,,,,,0.0,,,,,0.0,45,2026-04-13 23:00:00-07:00,2026-05-28 23:00:00-07:00,2026-06-05,0.0,3.093115348859442,3.093115348859442,0,1,140.481283,124.9937,243.97538185714285,,,,,,,,,,,,,,,,,-3.093115348859442,-3.6077555535030115,-3.6077555535030115,-3.6077555535030115,-3.4421319602114977,-1.3221319602114932
2026-06-05 17:00:00-07:00,origin_20,2026-05-29 00:00:00-07:00,2026,5,186,8,Days8to16,Summer,6,17,273.122358,96.3,96.8,0.4,5.7921731317674094,0.0,0.0,278.7511914569113,279.3052978515625,277.6079462222582,280.38940357003725,278.7511914569113,279.58429072715575,279.58429072715575,279.58429072715575,279.3413241035409,277.2213241035409,277.2213241035409,277.2213241035409,0,0.0,none,277.2213241035409,277.2213241035409,-5.628833456911252,-6.18293985156248,-4.485588222258173,-7.267045570037226,-4.098966103540874,-4.098966103540874,-4.098966103540874,-4.098966103540874,4.098966103540874,0.0,0.8330992702444746,0.0,0.0,-0.24296662361484778,-2.1200000000000045,0.0,-1.5298673533703777,Final_Backtest_Forecast_MWH,days8plus_final_low_confidence+long_horizon_peak_month_correction,raw_bias,none,none,recent_mean+last24_mean+same_hour+hourgroup+global+solar_hourgroup+solar_loss_hourgroup,3.0,8,253.621961125,277.809623,56,236.32982358928572,269.356791,19.500396875000007,Peak,4,0,0,1,5.0,1.35,0.19,2.6,0.0,265.4685455315177,212.06994220339303,-5.628833456911252,5.628833456911252,2.0609200572701747,Spring,0.0,0.0,0.0,1.0,Some Clouds,2.0,None,0.8330992702445006,weighted_fallback,global+hour,279.3413241035409,0.0,279.58429072715575,none,170+,other,0.7,0.0,0.0,0.0,-0.24296662361483362,0.0,,,ar_disabled_or_empty,0.0,,,origin_day_disabled_or_empty,279.58429072715575,-2.12,0.0,66.68124925351825,13.282645925393581,1.5007801388200062,5.0,Medium-Low,,,,,,,,,,,,,,,,,0.0,none,0.0,0.0,0.0,,,0.0,,,0.0,0.0,none,,,,,,,,,0.0,,,,,0.0,45,2026-04-13 23:00:00-07:00,2026-05-28 23:00:00-07:00,2026-06-05,0.0,5.628833456911252,5.628833456911252,0,1,151.044775,130.518141,259.44435814285714,,,,,,,,,,,,,,,,,-5.628833456911252,-6.461932727155727,-6.461932727155727,-6.461932727155727,-6.218966103540879,-4.098966103540874
2026-06-05 18:00:00-07:00,origin_20,2026-05-29 00:00:00-07:00,2026,5,187,8,Days8to16,Summer,6,18,274.913308,96.0,96.8,0.27,2.266932836487644,0.0,0.0,280.59869291425144,278.2087707519531,280.02339342195876,282.18556987708234,280.59869291425144,281.44683650509285,281.44683650509285,281.44683650509285,281.11586678412755,278.99586678412754,278.99586678412754,278.99586678412754,0,0.0,none,278.99586678412754,278.99586678412754,-5.685384914251472,-3.2954627519531527,-5.110085421958786,-7.2722618770823715,-4.082558784127571,-4.082558784127571,-4.082558784127571,-4.082558784127571,4.082558784127571,0.0,0.8481435908414028,0.0,0.0,-0.33096972096529953,-2.1200000000000045,0.0,-1.6028261301239013,Final_Backtest_Forecast_MWH,days8plus_final_low_confidence+long_horizon_peak_month_correction,raw_bias,none,none,recent_mean+last24_mean+same_hour+hourgroup+global+solar_hourgroup+solar_loss_hourgroup,3.0,8,256.90235175,276.73857730000003,56,236.32982358928572,269.356791,18.010956249999992,Peak,4,0,0,1,5.0,1.35,0.2,4.8,0.0,265.8070914630975,216.35618971937586,-5.685384914251472,5.685384914251472,2.0680646403088905,Spring,0.0,0.0,0.0,1.0,Some Clouds,1.0,None,0.8481435908413855,weighted_fallback,global+hour,281.11586678412755,0.0,281.44683650509285,none,170+,other,0.7,0.0,0.0,0.0,-0.33096972096528376,0.0,,,ar_disabled_or_empty,0.0,,,origin_day_disabled_or_empty,281.44683650509285,-2.12,0.0,64.24250319487558,14.791601451153952,1.485034978418568,5.0,Medium-Low,,,,,,,,,,,,,,,,,0.0,none,0.0,0.0,0.0,,,0.0,,,0.0,0.0,none,,,,,,,,,0.0,,,,,0.0,45,2026-04-13 23:00:00-07:00,2026-05-28 23:00:00-07:00,2026-06-05,0.0,5.685384914251472,5.685384914251472,0,1,163.731575,137.8902,262.6581511428572,,,,,,,,,,,,,,,,,-5.685384914251472,-6.533528505092875,-6.533528505092875,-6.533528505092875,-6.202558784127575,-4.082558784127571
2026-06-05 19:00:00-07:00,origin_20,2026-05-29 00:00:00-07:00,2026,5,188,8,Days8to16,Summer,6,19,265.752475,93.7,96.8,0.23,0.3943506418980094,0.0,0.0,269.9483409149069,271.8017272949219,271.1622405880983,267.51124531988745,269.9483409149069,270.93769774890995,270.93769774890995,270.93769774890995,270.61143192250853,270.61143192250853,270.61143192250853,270.61143192250853,0,0.0,none,270.61143192250853,270.61143192250853,-4.1958659149069035,-6.049252294921871,-5.40976558809831,-1.7587703198874465,-4.858956922508526,-4.858956922508526,-4.858956922508526,-4.858956922508526,4.858956922508526,0.0,0.989356834003047,0.0,0.0,-0.3262658264014249,0.0,0.0,0.6630910076016221,Final_Backtest_Forecast_MWH,days8plus_final_low_confidence,raw_bias,none,none,recent_mean+last24_mean+same_hour+hourgroup+global+solar_hourgroup+solar_loss_hourgroup,3.0,8,249.521006,270.0134279,56,236.32982358928572,269.356791,16.231469000000004,Peak,4,0,0,1,5.0,0.0,0.24,9.6,0.0,259.3898793571261,213.5826167242901,-4.1958659149069035,4.1958659149069035,1.5788624037864196,Spring,0.0,0.0,0.0,1.0,Some Clouds,0.0,None,0.9893568340030267,weighted_fallback,global+hour,270.61143192250853,0.0,270.93769774890995,none,170+,other,1.0,0.0,0.0,0.0,-0.3262658264014059,0.0,,,ar_disabled_or_empty,0.0,,,origin_day_disabled_or_empty,270.93769774890995,0.0,0.0,56.36572419061682,10.558461557780788,1.8283769219867192,5.0,Low,,,,,,,,,,,,,,,,,0.0,none,0.0,0.0,0.0,,,0.0,,,0.0,0.0,none,,,,,,,,,0.0,,,,,0.0,45,2026-04-13 23:00:00-07:00,2026-05-28 23:00:00-07:00,2026-06-05,0.0,4.1958659149069035,4.1958659149069035,0,1,177.049733,145.590008,256.0373071428572,,,,,,,,,,,,,,,,,-4.1958659149069035,-5.1852227489099505,-5.1852227489099505,-5.1852227489099505,-4.858956922508526,-4.858956922508526
2026-06-05 20:00:00-07:00,origin_20,2026-05-29 00:00:00-07:00,2026,5,189,8,Days8to16,Summer,6,20,248.061708,89.4,96.8,0.24,0.0695295955523374,0.0,0.0,255.03833598012866,259.31744384765625,256.8184839716798,251.01835831696894,255.03833598012866,256.44353129336156,256.44353129336156,256.44353129336156,256.19941790720384,256.19941790720384,256.19941790720384,256.19941790720384,0,0.0,none,256.19941790720384,256.19941790720384,-6.976627980128654,-11.25573584765624,-8.756775971679815,-2.9566503169689327,-8.137709907203828,-8.137709907203828,-8.137709907203828,-8.137709907203828,8.137709907203828,0.0,1.4051953132328947,0.0,0.0,-0.24411338615772138,0.0,0.0,1.1610819270751733,Final_Backtest_Forecast_MWH,days8plus_final_low_confidence,raw_bias,none,none,recent_mean+last24_mean+same_hour+hourgroup+global+solar_hourgroup+solar_loss_hourgroup,3.0,8,233.03915174999997,253.381823,56,236.32982358928572,269.356791,15.022556250000036,Peak,4,0,0,1,5.0,0.0,0.27,11.1,0.0,248.5050943041233,205.67213815839108,-6.976627980128654,6.976627980128654,2.812456640880927,Spring,0.0,0.0,0.0,1.0,Some Clouds,0.0,None,1.4051953132328912,weighted_fallback,global+hour,256.19941790720384,0.0,256.44353129336156,none,170+,other,1.0,0.0,0.0,0.0,-0.24411338615770048,0.0,,,ar_disabled_or_empty,0.0,,,origin_day_disabled_or_empty,256.44353129336156,0.0,0.0,49.366197821737586,6.53324167600536,3.280518372954131,5.0,Low,,,,,,,,,,,,,,,,,0.0,none,0.0,0.0,0.0,,,0.0,,,0.0,0.0,none,,,,,,,,,0.0,,,,,0.0,45,2026-04-13 23:00:00-07:00,2026-05-28 23:00:00-07:00,2026-06-05,0.0,6.976627980128654,6.976627980128654,0,1,192.731983,158.646916,241.8986794285714,,,,,,,,,,,,,,,,,-6.976627980128654,-8.381823293361549,-8.381823293361549,-8.381823293361549,-8.137709907203828,-8.137709907203828
2026-06-10 14:00:00-07:00,origin_20,2026-05-29 00:00:00-07:00,2026,5,303,13,Days8to16,Summer,6,14,195.660733,94.7,98.2,0.63,19.658598544467928,0.0,0.0,215.1686720011852,216.76119995117188,214.1639929040042,216.29244545390196,215.6045757904636,216.29033161568444,216.3015996890087,216.3015996890087,216.11504624132593,197.99504624132592,213.99504624132592,197.99504624132592,1,-16.0,june_recent_98_100_low_loss_midday_backoff+june_98_100_mixed_high_state_morning_midday_backoff,197.99504624132592,197.99504624132592,-19.507939001185207,-21.10046695117188,-18.50325990400421,-20.63171245390197,-2.3343132413259298,-18.33431324132593,-2.3343132413259298,-2.3343132413259298,2.3343132413259298,0.4359037892783988,0.6857558252208378,0.01126807332425983,0.0,-0.18655344768276905,-18.120000000000005,-16.0,-17.173625759859277,Final_Backtest_Forecast_MWH,days8plus_final_low_confidence+long_horizon_peak_month_correction,raw_bias+solar_cloud_midday,event_class_hour_loss+hour_cloud_loss+hour_base_loss+hour_loss+hour_cloud,none,recent_mean+last24_mean+same_hour+hourgroup+global+cloud_hourgroup+solar_hourgroup+solar_loss_hourgroup,3.0,7,213.0746852857143,236.854926,49,247.39968908163266,281.792576,-17.413952285714316,Midday,2,0,0,0,5.0,1.1525272440424363,0.15,9.1,0.0,178.5060077205367,186.1200865738176,-19.507939001185207,19.507939001185207,9.970288213724114,Spring,0.8279892951037239,-0.3920855058253145,0.4359037892784094,3.0,Mostly Cloudy,4.0,None,0.685755825220847,weighted_fallback,global+hour,216.11504624132593,0.0,216.29033161568444,none,170+,solar_loss_general,0.7,0.011268073324249821,0.016097247606071174,0.0,-0.18655344768276755,0.0,,,ar_disabled_or_empty,0.0,,,origin_day_disabled_or_empty,216.3015996890087,-2.12,0.0,29.048585427367613,36.6626642806485,1.1930412431430122,5.0,High,,,,,,,,,,,,,,,,,0.0,none,0.0,0.0,0.0,,,0.0,,,0.0,0.0,none,,,,,,,,,0.0,,,,,0.0,45,2026-04-13 23:00:00-07:00,2026-05-28 23:00:00-07:00,2026-06-10,0.0,19.507939001185207,19.507939001185207,0,1,115.556416,191.484675,160.40955342857143,,,,,,,,,,,,,,,,,-19.943842790463606,-20.629598615684444,-20.640866689008703,-20.640866689008703,-20.454313241325934,-2.3343132413259298
2026-06-10 15:00:00-07:00,origin_20,2026-05-29 00:00:00-07:00,2026,5,304,13,Days8to16,Summer,6,15,217.473791,96.8,98.2,0.33,16.725961285067065,0.0,0.0,233.14100788215862,232.87521362304688,232.93819688477342,233.53565209493868,233.96899717726234,234.51015238054333,234.51015238054333,234.51015238054333,234.37221384663064,216.25221384663064,232.25221384663064,216.25221384663064,1,-16.0,june_recent_98_100_low_loss_midday_backoff+june_98_100_mixed_high_state_morning_midday_backoff,216.25221384663064,216.25221384663064,-15.667216882158613,-15.40142262304687,-15.464405884773413,-16.061861094938678,1.221577153369367,-14.778422846630633,1.221577153369367,1.221577153369367,1.221577153369367,0.8279892951037198,0.5411552032809936,0.0,0.0,-0.1379385339126884,-18.120000000000005,-16.0,-16.88879403552798,Final_Backtest_Forecast_MWH,days8plus_final_low_confidence+long_horizon_peak_month_correction,raw_bias,none,none,recent_mean+last24_mean+same_hour+hourgroup+global+solar_hourgroup+solar_loss_hourgroup,3.0,7,234.12113871428573,257.1663796,49,247.39968908163266,281.792576,-16.64734771428573,Midday,2,0,0,0,5.0,1.3306890630559727,0.14,9.0,0.0,192.4524406976737,202.3108173697632,-15.667216882158613,15.667216882158613,7.20418621945971,Spring,0.8279892951037239,0.0,0.8279892951037239,1.0,Some Clouds,4.0,None,0.541155203281005,weighted_fallback,global+hour,234.37221384663064,0.0,234.51015238054333,none,170+,other,0.7,0.0,0.0,0.0,-0.1379385339126811,0.0,,,ar_disabled_or_empty,0.0,,,origin_day_disabled_or_empty,234.51015238054333,-2.12,0.0,30.830190512395404,40.688567184484924,0.5617123552002489,5.0,Medium-High,,,,,,,,,,,,,,,,,0.0,none,0.0,0.0,0.0,,,0.0,,,0.0,0.0,none,,,,,,,,,0.0,,,,,0.0,45,2026-04-13 23:00:00-07:00,2026-05-28 23:00:00-07:00,2026-06-10,0.0,15.667216882158613,15.667216882158613,0,1,110.0683,199.907133,173.357751,,,,,,,,,,,,,,,,,-16.495206177262332,-17.036361380543326,-17.036361380543326,-17.036361380543326,-16.898422846630638,1.221577153369367
2026-06-10 16:00:00-07:00,origin_20,2026-05-29 00:00:00-07:00,2026,5,305,13,Days8to16,Summer,6,16,236.995258,98.2,98.2,0.03,11.56827523212666,0.0,0.0,249.66256161145222,249.77987670898438,248.73926420863674,251.07993893086734,249.66256161145222,250.1772018160958,250.1772018160958,250.1772018160958,249.98792203099316,243.86792203099316,247.86792203099316,243.86792203099316,1,-4.0,june_recent_clear_98_100_peak_backoff,243.86792203099316,243.86792203099316,-12.667303611452212,-12.784618708984368,-11.744006208636733,-14.084680930867336,-6.87266403099315,-10.87266403099315,-6.87266403099315,-6.87266403099315,6.87266403099315,0.0,0.5146402046435696,0.0,0.0,-0.18927978510262733,-6.1200000000000045,-4.0,-5.794639580459062,Final_Backtest_Forecast_MWH,days8plus_final_low_confidence+long_horizon_peak_month_correction,raw_bias,none,none,recent_mean+last24_mean+same_hour+hourgroup+global+cloud_hourgroup+solar_loss_hourgroup,3.0,7,253.26296257142857,277.145126,49,247.39968908163266,281.792576,-16.267704571428567,Peak,2,0,0,1,5.0,1.35,0.13,9.2,0.0,204.66109590885534,217.67878742311663,-12.667303611452212,12.667303611452212,5.344960788815534,Spring,0.0,0.0,0.0,0.0,Clear/Low,3.0,None,0.5146402046435675,weighted_fallback,global+hour,249.98792203099316,0.0,250.1772018160958,none,170+,other,0.7,0.0,0.0,0.0,-0.18927978510263643,0.0,,,ar_disabled_or_empty,0.0,,,origin_day_disabled_or_empty,250.1772018160958,-2.12,0.0,31.983774188335587,45.001465702596875,2.8999162637225213,5.0,Medium-High,,,,,,,,,,,,,,,,,0.0,none,0.0,0.0,0.0,,,0.0,,,0.0,0.0,none,,,,,,,,,0.0,,,,,0.0,45,2026-04-13 23:00:00-07:00,2026-05-28 23:00:00-07:00,2026-06-10,0.0,12.667303611452212,12.667303611452212,0,1,109.933208,197.5873,193.6256771428571,,,,,,,,,,,,,,,,,-12.667303611452212,-13.181943816095782,-13.181943816095782,-13.181943816095782,-12.992664030993154,-6.87266403099315
2026-06-10 17:00:00-07:00,origin_20,2026-05-29 00:00:00-07:00,2026,5,306,13,Days8to16,Summer,6,17,252.155283,96.3,98.2,0.0,6.010192212810291,0.0,0.0,258.6287201047669,255.91940307617188,258.6827082928792,259.3179721030461,258.6287201047669,259.4618193750114,259.4618193750114,259.4618193750114,259.1999640984089,253.07996409840888,257.0799640984089,253.07996409840888,1,-4.0,june_recent_clear_98_100_peak_backoff,253.07996409840888,253.07996409840888,-6.4734371047669015,-3.764120076171878,-6.527425292879229,-7.162689103046091,-0.9246810984088825,-4.9246810984088825,-0.9246810984088825,-0.9246810984088825,0.9246810984088825,0.0,0.8330992702444746,0.0,0.0,-0.2618552766024891,-6.1200000000000045,-4.0,-5.548756006358019,Final_Backtest_Forecast_MWH,days8plus_final_low_confidence+long_horizon_peak_month_correction,raw_bias,none,none,recent_mean+last24_mean+same_hour+hourgroup+global+cloud_hourgroup+solar_hourgroup+solar_loss_hourgroup,3.0,7,265.283983,289.457408,49,247.39968908163266,281.792576,-13.12869999999998,Peak,2,0,0,1,5.0,1.35,0.14,9.9,0.0,213.77541739297598,227.74868743631046,-6.4734371047669015,6.4734371047669015,2.5672423071012562,Spring,0.0,0.0,0.0,0.0,Clear/Low,2.0,None,0.8330992702445006,weighted_fallback,global+hour,259.1999640984089,0.0,259.4618193750114,none,170+,other,0.7,0.0,0.0,0.0,-0.2618552766025097,0.0,,,ar_disabled_or_empty,0.0,,,origin_day_disabled_or_empty,259.4618193750114,-2.12,0.0,30.880032668456437,44.85330271179092,0.3667109756367399,5.0,Medium-Low,,,,,,,,,,,,,,,,,0.0,none,0.0,0.0,0.0,,,0.0,,,0.0,0.0,none,,,,,,,,,0.0,,,,,0.0,45,2026-04-13 23:00:00-07:00,2026-05-28 23:00:00-07:00,2026-06-10,0.0,6.4734371047669015,6.4734371047669015,0,1,111.175875,197.5873,202.61635442857144,,,,,,,,,,,,,,,,,-6.4734371047669015,-7.306536375011376,-7.306536375011376,-7.306536375011376,-7.044681098408887,-0.9246810984088825
2026-06-10 18:00:00-07:00,origin_20,2026-05-29 00:00:00-07:00,2026,5,307,13,Days8to16,Summer,6,18,257.298966,95.3,98.2,0.0,2.5982956510223008,0.0,0.0,263.3299186269144,262.2010498046875,263.7301646740513,263.0234945020498,263.3299186269144,264.1780622177558,264.1780622177558,264.1780622177558,263.8327873384565,257.7127873384565,261.7127873384565,257.7127873384565,1,-4.0,june_recent_clear_98_100_peak_backoff,257.7127873384565,257.7127873384565,-6.03095262691437,-4.902083804687493,-6.431198674051302,-5.724528502049793,-0.4138213384565006,-4.413821338456501,-0.4138213384565006,-0.4138213384565006,0.4138213384565006,0.0,0.8481435908414028,0.0,0.0,-0.3452748792992679,-6.1200000000000045,-4.0,-5.61713128845787,Final_Backtest_Forecast_MWH,days8plus_final_low_confidence+long_horizon_peak_month_correction,raw_bias,none,none,recent_mean+last24_mean+same_hour+hourgroup+global+cloud_hourgroup+solar_hourgroup+solar_loss_hourgroup,3.0,7,267.2262448571429,289.572791,49,247.39968908163266,281.792576,-9.92727885714288,Peak,2,0,0,1,5.0,1.35,0.15,10.1,0.0,216.5287240862898,231.106801380993,-6.03095262691437,6.03095262691437,2.343947478947261,Spring,0.0,0.0,0.0,0.0,Clear/Low,1.0,None,0.8481435908413855,weighted_fallback,global+hour,263.8327873384565,0.0,264.1780622177558,none,170+,other,0.7,0.0,0.0,0.0,-0.34527487929929057,0.0,,,ar_disabled_or_empty,0.0,,,origin_day_disabled_or_empty,264.1780622177558,-2.12,0.0,32.22311724592137,46.80119454062458,0.16083288047745228,5.0,Medium-Low,,,,,,,,,,,,,,,,,0.0,none,0.0,0.0,0.0,,,0.0,,,0.0,0.0,none,,,,,,,,,0.0,,,,,0.0,45,2026-04-13 23:00:00-07:00,2026-05-28 23:00:00-07:00,2026-06-10,0.0,6.03095262691437,6.03095262691437,0,1,115.221058,193.079966,204.9198255714286,,,,,,,,,,,,,,,,,-6.03095262691437,-6.879096217755773,-6.879096217755773,-6.879096217755773,-6.533821338456505,-0.4138213384565006
2026-06-10 19:00:00-07:00,origin_20,2026-05-29 00:00:00-07:00,2026,5,308,13,Days8to16,Summer,6,19,253.397125,93.7,98.2,0.0,0.6123774549772046,0.0,0.0,257.3877690705568,257.9505920410156,259.26634912904495,254.27490812994435,257.3877690705568,258.3771259045599,258.3771259045599,258.3771259045599,258.03630992531595,258.03630992531595,258.03630992531595,258.03630992531595,0,0.0,none,258.03630992531595,258.03630992531595,-3.99064407055684,-4.553467041015637,-5.869224129044966,-0.8777831299443619,-4.639184925315959,-4.639184925315959,-4.639184925315959,-4.639184925315959,4.639184925315959,0.0,0.989356834003047,0.0,0.0,-0.3408159792439278,0.0,0.0,0.6485408547591192,Final_Backtest_Forecast_MWH,days8plus_final_low_confidence,raw_bias,none,none,recent_mean+last24_mean+same_hour+hourgroup+global+cloud_hourgroup+solar_hourgroup+solar_loss_hourgroup,3.0,7,258.153507,280.4559464,49,247.39968908163266,281.792576,-4.756382000000002,Peak,2,0,0,1,5.0,0.0,0.17,9.2,0.0,212.1900189440529,225.94314772632492,-3.99064407055684,3.99064407055684,1.57485767470994,Spring,0.0,0.0,0.0,0.0,Clear/Low,0.0,None,0.9893568340030267,weighted_fallback,global+hour,258.03630992531595,0.0,258.3771259045599,none,170+,other,1.0,0.0,0.0,0.0,-0.3408159792439481,0.0,,,ar_disabled_or_empty,0.0,,,origin_day_disabled_or_empty,258.3771259045599,0.0,0.0,31.444621344231905,45.197750126503934,1.830796196016809,5.0,Low,,,,,,,,,,,,,,,,,0.0,none,0.0,0.0,0.0,,,0.0,,,0.0,0.0,none,,,,,,,,,0.0,,,,,0.0,45,2026-04-13 23:00:00-07:00,2026-05-28 23:00:00-07:00,2026-06-10,0.0,3.99064407055684,3.99064407055684,0,1,123.525166,183.008183,201.84148285714284,,,,,,,,,,,,,,,,,-3.99064407055684,-4.980000904559887,-4.980000904559887,-4.980000904559887,-4.639184925315959,-4.639184925315959
2026-06-10 20:00:00-07:00,origin_20,2026-05-29 00:00:00-07:00,2026,5,309,13,Days8to16,Summer,6,20,242.21065,90.3,98.2,0.0,0.1141633048345623,0.0,0.0,247.7117509863787,247.6632537841797,248.77417525433094,246.05608348022486,247.7117509863787,249.11694629961158,249.11694629961158,249.11694629961158,248.85400398768198,248.85400398768198,248.85400398768198,248.85400398768198,0,0.0,none,248.85400398768198,248.85400398768198,-5.501100986378702,-5.452603784179701,-6.563525254330955,-3.8454334802248695,-6.643353987681991,-6.643353987681991,-6.643353987681991,-6.643353987681991,6.643353987681991,0.0,1.4051953132328947,0.0,0.0,-0.2629423119296064,0.0,0.0,1.1422530013032883,Final_Backtest_Forecast_MWH,days8plus_final_low_confidence,raw_bias,none,none,recent_mean+last24_mean+same_hour+hourgroup+global+cloud_hourgroup+solar_hourgroup+solar_loss_hourgroup,3.0,7,240.67530214285713,262.3979832,49,247.39968908163266,281.792576,1.5353478571428525,Peak,2,0,0,1,5.0,0.0,0.21,6.6,0.0,202.95662192272408,216.9321730633357,-5.501100986378702,5.501100986378702,2.271205244847286,Spring,0.0,0.0,0.0,0.0,Clear/Low,0.0,None,1.4051953132328912,weighted_fallback,global+hour,248.85400398768198,0.0,249.11694629961158,none,170+,other,1.0,0.0,0.0,0.0,-0.26294231192960227,0.0,,,ar_disabled_or_empty,0.0,,,origin_day_disabled_or_empty,249.11694629961158,0.0,0.0,30.77957792304298,44.75512906365461,2.742800115387986,5.0,Low,,,,,,,,,,,,,,,,,0.0,none,0.0,0.0,0.0,,,0.0,,,0.0,0.0,none,,,,,,,,,0.0,,,,,0.0,45,2026-04-13 23:00:00-07:00,2026-05-28 23:00:00-07:00,2026-06-10,0.0,5.501100986378702,5.501100986378702,0,1,130.8272,183.008183,188.66471385714289,,,,,,,,,,,,,,,,,-5.501100986378702,-6.906296299611597,-6.906296299611597,-6.906296299611597,-6.643353987681991,-6.643353987681991
2026-06-11 14:00:00-07:00,origin_20,2026-05-29 00:00:00-07:00,2026,5,327,14,Days8to16,Summer,6,14,242.198091,96.7,100.1,0.0,17.379327069200027,0.6393862186306585,0.0,247.8135162979561,248.14273071289062,247.74679080175338,247.824309387722,249.0970923548419,249.78284818006273,249.78284818006273,249.78284818006273,249.63941954956184,247.51941954956183,247.51941954956183,247.51941954956183,0,0.0,none,247.51941954956183,247.51941954956183,-5.615425297956108,-5.94463971289062,-5.548699801753372,-5.626218387721991,-5.3213285495618265,-5.3213285495618265,-5.3213285495618265,-5.3213285495618265,5.3213285495618265,1.283576056885778,0.6857558252208378,0.0,0.0,-0.1434286305008925,-2.1200000000000045,0.0,-0.29409674839428135,Final_Backtest_Forecast_MWH,days8plus_final_low_confidence+long_horizon_peak_month_correction,raw_bias,none,none,recent_mean+last24_mean+same_hour+hourgroup+global+cloud_hourgroup+solar_hourgroup+solar_loss_hourgroup,3.0,6,226.02657050000002,247.039808,42,257.9215899285714,286.7712877,16.171520499999986,Midday,3,0,0,0,6.0,1.1530600332870506,0.16,3.9,0.0,215.1686720011852,188.9533069999957,-5.615425297956108,5.615425297956108,2.3185258293204747,Spring,1.2835760568857728,0.0,1.2835760568857728,0.0,Clear/Low,4.0,Medium,0.685755825220847,weighted_fallback,global+hour,249.63941954956184,0.0,249.78284818006273,none,170+,other,0.7,0.0,0.0,0.0,-0.1434286305008848,0.0,,,ar_disabled_or_empty,0.0,,,origin_day_disabled_or_empty,249.78284818006273,-2.12,0.0,58.86020929796041,32.64484429677091,2.1970976433343674,6.0,Medium-High,,,,,,,,,,,,,,,,,0.0,none,0.0,0.0,0.0,,,0.0,,,0.0,0.0,none,,,,,,,,,0.0,,,,,0.0,45,2026-04-13 23:00:00-07:00,2026-05-28 23:00:00-07:00,2026-06-11,0.0,5.615425297956108,5.615425297956108,0,1,130.280758,123.90315,186.11251042857143,,,,,,,,,,,,,,,,,-6.899001354841886,-7.584757180062724,-7.584757180062724,-7.584757180062724,-7.441328549561831,-5.3213285495618265
2026-06-11 15:00:00-07:00,origin_20,2026-05-29 00:00:00-07:00,2026,5,328,14,Days8to16,Summer,6,15,263.335733,98.9,100.1,0.0,14.237978240655575,0.0,0.0,265.7805213826715,265.8971862792969,265.7855903117408,265.73922309509817,267.06409743955726,267.60525264283825,267.60525264283825,267.60525264283825,267.4738148003004,273.35381480030037,265.35381480030037,273.35381480030037,1,8.0,june_long_hot_100_105_peak_ramp_up,273.35381480030037,273.35381480030037,-2.4447883826715042,-2.5614532792968703,-2.4498573117408,-2.4034900950981637,-10.018081800300365,-2.018081800300365,-10.018081800300365,-10.018081800300365,10.018081800300365,1.2835760568857495,0.5411552032809936,0.0,0.0,-0.1314378425378777,5.8799999999999955,8.0,7.573293417628861,Final_Backtest_Forecast_MWH,days8plus_final_low_confidence+long_horizon_peak_month_correction,raw_bias,none,none,recent_mean+last24_mean+same_hour+hourgroup+global+cloud_hourgroup+solar_hourgroup+solar_loss_hourgroup,3.0,6,246.6033065,267.7399375,42,257.9215899285714,286.7712877,16.732426500000003,Midday,3,0,0,0,6.0,1.3384748171617815,0.15,4.0,0.0,233.14100788215862,204.86036563009108,-2.4447883826715042,2.4447883826715042,0.9283921915266639,Spring,1.2835760568857728,0.0,1.2835760568857728,0.0,Clear/Low,3.0,None,0.541155203281005,weighted_fallback,global+hour,267.4738148003004,0.0,267.60525264283825,none,170+,other,0.7,0.0,0.0,0.0,-0.13143784253789845,0.0,,,ar_disabled_or_empty,0.0,,,origin_day_disabled_or_empty,267.60525264283825,-2.12,0.0,60.92015575258043,32.63951350051289,3.8043001935860956,6.0,Medium-High,,,,,,,,,,,,,,,,,0.0,none,0.0,0.0,0.0,,,0.0,,,0.0,0.0,none,,,,,,,,,0.0,,,,,0.0,45,2026-04-13 23:00:00-07:00,2026-05-28 23:00:00-07:00,2026-06-11,0.0,2.4447883826715042,2.4447883826715042,0,1,122.384008,133.677975,190.84348414285714,,,,,,,,,,,,,,,,,-3.7283644395572537,-4.269519642838247,-4.269519642838247,-4.269519642838247,-4.13808180030037,-10.018081800300365
2026-06-11 16:00:00-07:00,origin_20,2026-05-29 00:00:00-07:00,2026,5,329,14,Days8to16,Summer,6,16,281.60275,100.1,100.1,0.0,9.256953283197172,0.0,0.0,283.21564371084156,280.0013427734375,281.0295605686991,287.5692889163238,283.21564371084156,283.73028391548513,283.73028391548513,284.1917366659464,283.99731895695066,286.37731895695066,281.87731895695066,286.37731895695066,1,4.5,june_recent_100_105_hot_evening_lift+june_long_hot_100_105_peak_finish_up,286.37731895695066,286.37731895695066,-1.612893710841547,1.6014072265625146,0.573189431300932,-5.9665389163237705,-4.774568956950645,-0.2745689569506453,-4.774568956950645,-4.774568956950645,4.774568956950645,0.0,0.5146402046435696,0.0,0.46145275046126244,-0.1944177089957293,2.3799999999999955,4.5,3.1616752461090982,Final_Backtest_Forecast_MWH,days8plus_final_low_confidence+long_horizon_peak_month_correction,raw_bias,none,tree_peak_gap,recent_mean+last24_mean+same_hour+hourgroup+global+cloud_hourgroup+solar_hourgroup+solar_loss_hourgroup,3.0,6,264.22042716666664,283.7433285,42,257.9215899285714,286.7712877,17.382322833333376,Peak,3,0,0,1,6.0,1.35,0.14,3.3,0.0,249.66256161145222,219.63219476105223,-1.612893710841547,1.612893710841547,0.5727549574148502,Spring,0.0,0.0,0.0,0.0,Clear/Low,2.0,None,0.5146402046435675,weighted_fallback,global+hour,283.99731895695066,0.0,283.73028391548513,none,170+,other,0.7,0.0,0.0,0.4614527504612596,-0.19441770899571967,0.0,,,ar_disabled_or_empty,0.0,,,origin_day_disabled_or_empty,284.1917366659464,-2.12,0.0,63.58344894978933,33.55308209938934,1.6954979867741509,6.0,Medium-Low,,,,,,,,,,,,,,,,,0.0,none,0.0,0.0,0.0,,,0.0,,,0.0,0.0,none,,,,,,,,,0.0,,,,,0.0,45,2026-04-13 23:00:00-07:00,2026-05-28 23:00:00-07:00,2026-06-11,0.0,1.612893710841547,1.612893710841547,0,1,119.573525,133.677975,202.39479742857142,,,,,,,,,,,,,,,,,-1.612893710841547,-2.1275339154851167,-2.1275339154851167,-2.588986665946379,-2.39456895695065,-4.774568956950645
2026-06-11 17:00:00-07:00,origin_20,2026-05-29 00:00:00-07:00,2026,5,330,14,Days8to16,Summer,6,17,294.642141,99.2,100.1,0.0,4.8952850452081735,0.0,0.0,290.67391016264344,292.39398193359375,289.9208869508119,291.3657832752499,290.67391016264344,291.5070094328879,291.5070094328879,291.5070094328879,291.2451541562854,293.6251541562854,289.1251541562854,293.6251541562854,1,4.5,june_recent_100_105_hot_evening_lift+june_long_hot_100_105_peak_finish_up,293.6251541562854,293.6251541562854,3.9682308373565434,2.248159066406231,4.721254049188076,3.276357724750085,1.0169868437145624,5.516986843714562,1.0169868437145624,1.0169868437145624,1.0169868437145624,0.0,0.8330992702444746,0.0,0.0,-0.2618552766024891,2.3799999999999955,4.5,2.951243993641981,Final_Backtest_Forecast_MWH,days8plus_final_low_confidence+long_horizon_peak_month_correction,raw_bias,none,none,recent_mean+last24_mean+same_hour+hourgroup+global+cloud_hourgroup+solar_hourgroup+solar_loss_hourgroup,3.0,6,275.4988608333333,294.47982049999996,42,257.9215899285714,286.7712877,19.14328016666667,Peak,3,0,0,1,6.0,1.35,0.14,4.0,0.0,258.6287201047669,228.96991038751318,3.9682308373565434,3.9682308373565434,1.346796769765715,Spring,0.0,0.0,0.0,0.0,Clear/Low,1.0,None,0.8330992702445006,weighted_fallback,global+hour,291.2451541562854,0.0,291.5070094328879,none,170+,other,0.7,0.0,0.0,0.0,-0.2618552766025097,0.0,,,ar_disabled_or_empty,0.0,,,origin_day_disabled_or_empty,291.5070094328879,-2.12,0.0,61.70399977513026,32.04519005787654,0.3451600101271876,6.0,Medium-Low,,,,,,,,,,,,,,,,,0.0,none,0.0,0.0,0.0,,,0.0,,,0.0,0.0,none,,,,,,,,,0.0,,,,,0.0,45,2026-04-13 23:00:00-07:00,2026-05-28 23:00:00-07:00,2026-06-11,3.9682308373565434,0.0,-3.9682308373565434,1,0,120.268916,133.512866,211.2835841428571,,,,,,,,,,,,,,,,,3.9682308373565434,3.1351315671120688,3.1351315671120688,3.1351315671120688,3.396986843714558,1.0169868437145624
2026-06-11 18:00:00-07:00,origin_20,2026-05-29 00:00:00-07:00,2026,5,331,14,Days8to16,Summer,6,18,296.756358,98.7,100.1,0.0,2.3058270473486204,0.0,0.0,291.94791851591475,293.5376281738281,290.9126895144518,293.12050418738113,291.94791851591475,292.79606210675615,292.79606210675615,292.79606210675615,292.4507872274569,294.8307872274569,290.3307872274569,294.8307872274569,1,4.5,june_recent_100_105_hot_evening_lift+june_long_hot_100_105_peak_finish_up,294.8307872274569,294.8307872274569,4.808439484085227,3.2187298261718524,5.843668485548164,3.6358538126188478,1.9255707725430966,6.425570772543097,1.9255707725430966,1.9255707725430966,1.9255707725430966,0.0,0.8481435908414028,0.0,0.0,-0.3452748792992679,2.3799999999999955,4.5,2.8828687115421303,Final_Backtest_Forecast_MWH,days8plus_final_low_confidence+long_horizon_peak_month_correction,raw_bias,none,none,recent_mean+last24_mean+same_hour+hourgroup+global+cloud_hourgroup+solar_hourgroup+solar_loss_hourgroup,3.0,6,276.73095100000006,293.8857995,42,257.9215899285714,286.7712877,20.025406999999916,Peak,3,0,0,1,6.0,1.35,0.14,4.3,0.0,263.3299186269144,232.11865535491546,4.808439484085227,4.808439484085227,1.6203324223588251,Spring,0.0,0.0,0.0,0.0,Clear/Low,1.0,None,0.8481435908413855,weighted_fallback,global+hour,292.4507872274569,0.0,292.79606210675615,none,170+,other,0.7,0.0,0.0,0.0,-0.34527487929929057,0.0,,,ar_disabled_or_empty,0.0,,,origin_day_disabled_or_empty,292.79606210675615,-2.12,0.0,59.82926316099929,28.617999889000373,0.6488726258539326,6.0,Medium-Low,,,,,,,,,,,,,,,,,0.0,none,0.0,0.0,0.0,,,0.0,,,0.0,0.0,none,,,,,,,,,0.0,,,,,0.0,45,2026-04-13 23:00:00-07:00,2026-05-28 23:00:00-07:00,2026-06-11,4.808439484085227,0.0,-4.808439484085227,1,0,125.104508,137.621025,213.11865885714286,,,,,,,,,,,,,,,,,4.808439484085227,3.960295893243824,3.960295893243824,3.960295893243824,4.305570772543092,1.9255707725430966
2026-06-11 19:00:00-07:00,origin_20,2026-05-29 00:00:00-07:00,2026,5,332,14,Days8to16,Summer,6,19,291.356483,97.1,100.1,0.01,0.5056966994736776,0.0,0.0,284.4957429288309,287.2503662109375,285.4036858219549,282.2819403018912,284.4957429288309,285.48509976283395,285.48509976283395,285.48509976283395,285.14428378359,288.14428378359,285.14428378359,288.14428378359,1,3.0,june_recent_100_105_hot_evening_lift,288.14428378359,288.14428378359,6.860740071169118,4.106116789062526,5.9527971780451026,9.074542698108814,3.2121992164099993,6.212199216409999,3.2121992164099993,3.2121992164099993,3.2121992164099993,0.0,0.989356834003047,0.0,0.0,-0.3408159792439278,3.0,3.0,3.648540854759119,Final_Backtest_Forecast_MWH,days8plus_final_low_confidence,raw_bias,none,none,recent_mean+last24_mean+same_hour+hourgroup+global+cloud_hourgroup+solar_hourgroup+solar_loss_hourgroup,3.0,6,267.02531500000003,282.0004035,42,257.9215899285714,286.7712877,24.33116799999999,Peak,3,0,0,1,6.0,0.0,0.15,4.4,0.0,257.3877690705568,226.33008449418926,6.860740071169118,6.860740071169118,2.3547579928637172,Spring,0.0,0.0,0.0,0.0,Clear/Low,0.0,None,0.9893568340030267,weighted_fallback,global+hour,285.14428378359,0.0,285.48509976283395,none,170+,other,1.0,0.0,0.0,0.0,-0.3408159792439481,0.0,,,ar_disabled_or_empty,0.0,,,origin_day_disabled_or_empty,285.48509976283395,0.0,0.0,58.16565843464164,27.10797385827408,1.102497937693049,6.0,Low,,,,,,,,,,,,,,,,,0.0,none,0.0,0.0,0.0,,,0.0,,,0.0,0.0,none,,,,,,,,,0.0,,,,,0.0,45,2026-04-13 23:00:00-07:00,2026-05-28 23:00:00-07:00,2026-06-11,6.860740071169118,0.0,-6.860740071169118,1,0,133.555216,137.621025,209.81431500000002,,,,,,,,,,,,,,,,,6.860740071169118,5.8713832371660715,5.8713832371660715,5.8713832371660715,6.212199216409999,3.2121992164099993
2026-06-11 20:00:00-07:00,origin_20,2026-05-29 00:00:00-07:00,2026,5,333,14,Days8to16,Summer,6,20,274.337633,93.8,100.1,0.0,0.0936288952397297,0.0,0.0,272.2236284768285,273.8597717285156,272.04028952684064,272.0442630406129,272.2236284768285,273.62882379006135,273.62882379006135,273.62882379006135,273.36588147813177,276.36588147813177,273.36588147813177,276.36588147813177,1,3.0,june_recent_100_105_hot_evening_lift,276.36588147813177,276.36588147813177,2.114004523171502,0.47786127148435753,2.2973434731593443,2.2933699593870642,-2.028248478131786,0.9717515218682138,-2.028248478131786,-2.028248478131786,2.028248478131786,0.0,1.4051953132328663,0.0,0.0,-0.26294231192957795,3.0,3.0,4.142253001303288,Final_Backtest_Forecast_MWH,days8plus_final_low_confidence,raw_bias,none,none,recent_mean+last24_mean+same_hour+hourgroup+global+cloud_hourgroup+solar_hourgroup+solar_loss_hourgroup,3.0,6,249.3456985,264.07086649999997,42,257.9215899285714,286.7712877,24.991934499999985,Peak,3,0,0,1,6.0,0.0,0.18,5.1,0.0,247.7117509863787,217.53543997162188,2.114004523171502,2.114004523171502,0.7705849540414684,Spring,0.0,0.0,0.0,0.0,Clear/Low,0.0,None,1.4051953132328912,weighted_fallback,global+hour,273.36588147813177,0.0,273.62882379006135,none,170+,other,1.0,0.0,0.0,0.0,-0.26294231192960227,0.0,,,ar_disabled_or_empty,0.0,,,origin_day_disabled_or_empty,273.62882379006135,0.0,0.0,54.6881885052066,24.51187749044979,0.7393256462673448,6.0,Low,,,,,,,,,,,,,,,,,0.0,none,0.0,0.0,0.0,,,0.0,,,0.0,0.0,none,,,,,,,,,0.0,,,,,0.0,45,2026-04-13 23:00:00-07:00,2026-05-28 23:00:00-07:00,2026-06-11,2.114004523171502,0.0,-2.114004523171502,1,0,141.938,150.8826,216.802095,,,,,,,,,,,,,,,,,2.114004523171502,0.7088092099386358,0.7088092099386358,0.7088092099386358,0.9717515218682138,-2.028248478131786
2026-06-12 14:00:00-07:00,origin_20,2026-05-29 00:00:00-07:00,2026,5,351,15,Days8to16,Summer,6,14,279.483975,99.4,102.5,0.0,16.163564668941632,1.8639966721184713,0.0,268.38607895035204,269.3805236816406,267.5210931056197,269.46121535456325,269.6129542197856,270.29871004500643,270.29871004500643,270.29871004500643,270.17380306869904,276.05380306869904,268.05380306869904,276.05380306869904,1,8.0,june_long_hot_100_105_peak_ramp_up,276.05380306869904,276.05380306869904,11.097896049647943,10.103451318359362,11.962881894380303,10.022759645436736,3.430171931300947,11.430171931300947,3.430171931300947,3.430171931300947,3.430171931300947,1.226875269433549,0.6857558252208378,0.0,0.0,-0.12490697630738623,5.8799999999999955,8.0,7.667724118346996,Final_Backtest_Forecast_MWH,days8plus_final_low_confidence+long_horizon_peak_month_correction,raw_bias+solar_cloud_midday,none,none,recent_mean+last24_mean+same_hour+hourgroup+global+cloud_hourgroup+solar_hourgroup+solar_loss_hourgroup,3.0,3,241.70322733333333,247.9083632,21,270.0631841904762,293.555966,37.780747666666656,Midday,4,0,0,0,6.0,1.1420800000121758,0.19,2.2,0.0,247.8135162979561,193.22622197194374,11.097896049647943,11.097896049647943,3.970852371642397,Spring,0.8575193914530208,0.36935587798055136,1.226875269433572,0.0,Clear/Low,4.0,High,0.685755825220847,weighted_fallback,global+hour,270.17380306869904,0.0,270.29871004500643,none,170+,solar_loss_general,0.7,0.0,0.0,0.0,-0.12490697630738157,0.0,,,ar_disabled_or_empty,0.0,,,origin_day_disabled_or_empty,270.29871004500643,-2.12,0.0,75.1598569784083,20.57256265239593,1.2273232951194957,6.0,Medium-High,,,,,,,,,,,,,,,,,0.0,none,0.0,0.0,0.0,,,0.0,,,0.0,0.0,none,,,,,,,,,0.0,,,,,0.0,45,2026-04-13 23:00:00-07:00,2026-05-28 23:00:00-07:00,2026-06-12,11.097896049647943,0.0,-11.097896049647943,1,0,144.691683,109.280333,196.28730085714287,,,,,,,,,,,,,,,,,9.871020780214394,9.185264954993556,9.185264954993556,9.185264954993556,9.310171931300943,3.430171931300947
2026-06-12 15:00:00-07:00,origin_20,2026-05-29 00:00:00-07:00,2026,5,352,15,Days8to16,Summer,6,15,298.849225,101.3,102.5,0.0,13.418142576326003,0.0,0.0,287.4574601220039,285.9226379394531,287.6399807227364,287.60916265872436,288.4453596212198,288.9865148245008,288.9865148245008,288.9865148245008,288.8550769819629,294.7350769819629,286.7350769819629,294.7350769819629,1,8.0,june_long_hot_100_105_peak_ramp_up,294.7350769819629,294.7350769819629,11.391764877996081,12.926587060546865,11.209244277263565,11.240062341275632,4.114148018037099,12.114148018037099,4.114148018037099,4.114148018037099,4.114148018037099,0.987899499215871,0.5411552032809936,0.0,0.0,-0.1314378425378777,5.8799999999999955,8.0,7.277616859958982,Final_Backtest_Forecast_MWH,days8plus_final_low_confidence+long_horizon_peak_month_correction,raw_bias,none,none,recent_mean+last24_mean+same_hour+hourgroup+global+cloud_hourgroup+solar_hourgroup+solar_loss_hourgroup,3.0,3,262.03539700000005,268.198015,21,270.0631841904762,293.555966,36.813827999999944,Midday,4,0,0,0,6.0,1.3264804446594263,0.17,2.5,0.0,265.7805213826715,208.72160298134446,11.391764877996081,11.391764877996081,3.8118770018547252,Spring,0.9878994992158792,0.0,0.9878994992158792,0.0,Clear/Low,3.0,None,0.541155203281005,weighted_fallback,global+hour,288.8550769819629,0.0,288.9865148245008,none,170+,other,0.7,0.0,0.0,0.0,-0.13143784253789845,0.0,,,ar_disabled_or_empty,0.0,,,origin_day_disabled_or_empty,288.9865148245008,-2.12,0.0,78.73585714065945,21.6769387393324,1.3766634389087338,6.0,Medium-High,,,,,,,,,,,,,,,,,0.0,none,0.0,0.0,0.0,,,0.0,,,0.0,0.0,none,,,,,,,,,0.0,,,,,0.0,45,2026-04-13 23:00:00-07:00,2026-05-28 23:00:00-07:00,2026-06-12,11.391764877996081,0.0,-11.391764877996081,1,0,135.705066,105.005766,231.5897792857143,,,,,,,,,,,,,,,,,10.40386537878021,9.862710175499217,9.862710175499217,9.862710175499217,9.994148018037095,4.114148018037099
2026-06-12 16:00:00-07:00,origin_20,2026-05-29 00:00:00-07:00,2026,5,353,15,Days8to16,Summer,6,16,313.48435,102.5,102.5,0.0,8.732604218591174,0.0,0.0,305.22082774549074,302.8209533691406,306.8170806930626,303.39810864969195,305.22082774549074,305.7354679501343,305.7354679501343,305.7354679501343,305.5410502411386,307.9210502411386,303.4210502411386,307.9210502411386,1,4.5,june_recent_100_105_hot_evening_lift+june_long_hot_100_105_peak_finish_up,307.9210502411386,307.9210502411386,8.263522254509269,10.663396630859381,6.667269306937385,10.086241350308057,5.563299758861433,10.063299758861433,5.563299758861433,5.563299758861433,5.563299758861433,0.0,0.5146402046435696,0.0,0.0,-0.1944177089957293,2.3799999999999955,4.5,2.700222495647836,Final_Backtest_Forecast_MWH,days8plus_final_low_confidence+long_horizon_peak_month_correction,raw_bias,none,none,recent_mean+last24_mean+same_hour+hourgroup+global+cloud_hourgroup+solar_hourgroup+solar_loss_hourgroup,3.0,3,277.80048000000005,284.50046100000003,21,270.0631841904762,293.555966,35.683869999999956,Peak,4,0,0,1,6.0,1.35,0.16,4.0,0.0,283.21564371084156,223.4436384258577,8.263522254509269,8.263522254509269,2.636023857174774,Spring,0.0,0.0,0.0,0.0,Clear/Low,2.0,None,0.5146402046435675,weighted_fallback,global+hour,305.5410502411386,0.0,305.7354679501343,none,170+,other,0.7,0.0,0.0,0.0,-0.19441770899571967,0.0,,,ar_disabled_or_empty,0.0,,,origin_day_disabled_or_empty,305.7354679501343,-2.12,0.0,81.77718931963304,22.005184034649176,1.7746658673268485,6.0,Medium-Low,,,,,,,,,,,,,,,,,0.0,none,0.0,0.0,0.0,,,0.0,,,0.0,0.0,none,,,,,,,,,0.0,,,,,0.0,45,2026-04-13 23:00:00-07:00,2026-05-28 23:00:00-07:00,2026-06-12,8.263522254509269,0.0,-8.263522254509269,1,0,133.3827,105.06665,248.98949028571428,,,,,,,,,,,,,,,,,8.263522254509269,7.748882049865699,7.748882049865699,7.748882049865699,7.9432997588614285,5.563299758861433
2026-06-12 17:00:00-07:00,origin_20,2026-05-29 00:00:00-07:00,2026,5,354,15,Days8to16,Summer,6,17,315.708558,101.6,102.5,0.0,4.664116473001248,0.0,0.0,313.756224539374,313.09893798828125,313.9398951978146,313.65539537642246,313.756224539374,314.58932380961846,314.58932380961846,314.58932380961846,314.327468533016,316.70746853301597,312.20746853301597,316.70746853301597,1,4.5,june_recent_100_105_hot_evening_lift+june_long_hot_100_105_peak_finish_up,316.70746853301597,316.70746853301597,1.9523334606259937,2.6096200117187323,1.7686628021853608,2.0531626235775207,-0.9989105330159873,3.5010894669840127,-0.9989105330159873,-0.9989105330159873,0.9989105330159873,0.0,0.8330992702444746,0.0,0.0,-0.2618552766024891,2.3799999999999955,4.5,2.951243993641981,Final_Backtest_Forecast_MWH,days8plus_final_low_confidence+long_horizon_peak_month_correction,raw_bias,none,none,recent_mean+last24_mean+same_hour+hourgroup+global+cloud_hourgroup+solar_hourgroup+solar_loss_hourgroup,3.0,3,287.830633,295.066913,21,270.0631841904762,293.555966,27.877925000000005,Peak,4,0,0,1,6.0,1.35,0.16,4.7,0.0,290.67391016264344,232.5706767633883,1.9523334606259937,1.9523334606259937,0.6183973830148735,Spring,0.0,0.0,0.0,0.0,Clear/Low,1.0,None,0.8330992702445006,weighted_fallback,global+hour,314.327468533016,0.0,314.58932380961846,none,170+,other,0.7,0.0,0.0,0.0,-0.2618552766025097,0.0,,,ar_disabled_or_empty,0.0,,,origin_day_disabled_or_empty,314.58932380961846,-2.12,0.0,81.1855477759857,23.08231437673055,0.3164027416120875,6.0,Medium-Low,,,,,,,,,,,,,,,,,0.0,none,0.0,0.0,0.0,,,0.0,,,0.0,0.0,none,,,,,,,,,0.0,,,,,0.0,45,2026-04-13 23:00:00-07:00,2026-05-28 23:00:00-07:00,2026-06-12,1.9523334606259937,0.0,-1.9523334606259937,1,0,132.635358,108.129583,260.90591514285717,,,,,,,,,,,,,,,,,1.9523334606259937,1.119234190381519,1.119234190381519,1.119234190381519,1.3810894669840081,-0.9989105330159873
2026-06-12 18:00:00-07:00,origin_20,2026-05-29 00:00:00-07:00,2026,5,355,15,Days8to16,Summer,6,18,315.363391,100.6,102.5,0.0,1.9870105423086013,0.0,0.0,310.33517215181917,313.13238525390625,308.3532252629385,312.6504563766068,310.33517215181917,311.18331574266057,311.18331574266057,311.18331574266057,310.8380408633613,313.2180408633613,308.7180408633613,313.2180408633613,1,4.5,june_recent_100_105_hot_evening_lift+june_long_hot_100_105_peak_finish_up,313.2180408633613,313.2180408633613,5.028218848180813,2.2310057460937287,7.01016573706147,2.712934623393153,2.145350136638683,6.645350136638683,2.145350136638683,2.145350136638683,2.145350136638683,0.0,0.8481435908414028,0.0,0.0,-0.3452748792992679,2.3799999999999955,4.5,2.8828687115421303,Final_Backtest_Forecast_MWH,days8plus_final_low_confidence+long_horizon_peak_month_correction,raw_bias,none,none,recent_mean+last24_mean+same_hour+hourgroup+global+cloud_hourgroup+solar_hourgroup+solar_loss_hourgroup,3.0,3,286.7159496666667,294.08369960000005,21,270.0631841904762,293.555966,28.64744133333329,Peak,4,0,0,1,6.0,1.35,0.15,3.6,0.0,291.94791851591475,235.85305921960364,5.028218848180813,5.028218848180813,1.5944205927760378,Spring,0.0,0.0,0.0,0.0,Clear/Low,1.0,None,0.8481435908413855,weighted_fallback,global+hour,310.8380408633613,0.0,311.18331574266057,none,170+,other,0.7,0.0,0.0,0.0,-0.34527487929929057,0.0,,,ar_disabled_or_empty,0.0,,,origin_day_disabled_or_empty,311.18331574266057,-2.12,0.0,74.48211293221553,18.387253635904415,0.6802787507566733,6.0,Medium-Low,,,,,,,,,,,,,,,,,0.0,none,0.0,0.0,0.0,,,0.0,,,0.0,0.0,none,,,,,,,,,0.0,,,,,0.0,45,2026-04-13 23:00:00-07:00,2026-05-28 23:00:00-07:00,2026-06-12,5.028218848180813,0.0,-5.028218848180813,1,0,137.557708,112.186658,246.0583137142857,,,,,,,,,,,,,,,,,5.028218848180813,4.180075257339411,4.180075257339411,4.180075257339411,4.525350136638679,2.145350136638683
2026-06-12 19:00:00-07:00,origin_20,2026-05-29 00:00:00-07:00,2026,5,356,15,Days8to16,Summer,6,19,309.084325,99.4,102.5,0.01,0.4262098843380014,0.0,0.0,300.1158923164919,305.5277404785156,300.7676829268486,297.54540759678173,300.1158923164919,301.10524915049496,301.10524915049496,301.8876193809063,301.5468034016624,304.5468034016624,301.5468034016624,304.5468034016624,1,3.0,june_recent_100_105_hot_evening_lift,304.5468034016624,304.5468034016624,8.96843268350807,3.5565845214843534,8.3166420731514,11.53891740321825,4.537521598337605,7.537521598337605,4.537521598337605,4.537521598337605,4.537521598337605,0.0,0.989356834003047,0.0,0.7823702304113453,-0.3408159792439278,3.0,3.0,4.4309110851704645,Final_Backtest_Forecast_MWH,days8plus_final_low_confidence,raw_bias,none,tree_peak_gap,recent_mean+last24_mean+same_hour+hourgroup+global+cloud_hourgroup+solar_hourgroup+solar_loss_hourgroup,3.0,3,276.1403746666667,282.4291728,21,270.0631841904762,293.555966,32.943950333333305,Peak,4,0,0,1,6.0,0.0,0.16,2.9,0.0,284.4957429288309,229.91663643300424,8.96843268350807,8.96843268350807,2.901613559182618,Spring,0.0,0.0,0.0,0.0,Clear/Low,0.0,None,0.9893568340030267,weighted_fallback,global+hour,301.5468034016624,0.0,301.10524915049496,none,170+,other,1.0,0.0,0.0,0.7823702304113681,-0.3408159792439481,0.0,,,ar_disabled_or_empty,0.0,,,origin_day_disabled_or_empty,301.8876193809063,0.0,0.0,70.19925588348767,15.620149387661002,1.4680529652668752,6.0,Low,,,,,,,,,,,,,,,,,0.0,none,0.0,0.0,0.0,,,0.0,,,0.0,0.0,none,,,,,,,,,0.0,,,,,0.0,45,2026-04-13 23:00:00-07:00,2026-05-28 23:00:00-07:00,2026-06-12,8.96843268350807,0.0,-8.96843268350807,1,0,149.097608,117.570033,260.86920328571426,,,,,,,,,,,,,,,,,8.96843268350807,7.979075849505023,7.979075849505023,7.196705619093677,7.537521598337605,4.537521598337605
2026-06-12 20:00:00-07:00,origin_20,2026-05-29 00:00:00-07:00,2026,5,357,15,Days8to16,Summer,6,20,291.196891,96.4,102.5,0.0,0.0666723802842329,0.0,0.0,288.28374039693574,289.6490478515625,290.4905523370116,284.4258052183518,288.28374039693574,289.6889357101686,289.6889357101686,289.6889357101686,289.42599339823903,292.42599339823903,289.42599339823903,292.42599339823903,1,3.0,june_recent_100_105_hot_evening_lift,292.42599339823903,292.42599339823903,2.9131506030642527,1.5478431484374937,0.7063386629884008,6.771085781648196,-1.2291023982390357,1.7708976017609643,-1.2291023982390357,-1.2291023982390357,1.2291023982390357,0.0,1.4051953132328663,0.0,0.0,-0.26294231192957795,3.0,3.0,4.142253001303288,Final_Backtest_Forecast_MWH,days8plus_final_low_confidence,raw_bias,none,none,recent_mean+last24_mean+same_hour+hourgroup+global+cloud_hourgroup+solar_hourgroup+solar_loss_hourgroup,3.0,3,258.2162276666667,263.73342,21,270.0631841904762,293.555966,32.98066333333327,Peak,4,0,0,1,6.0,0.0,0.23,0.8,0.0,272.2236284768285,220.92380199629406,2.9131506030642527,2.9131506030642527,1.0004058055222345,Spring,0.0,0.0,0.0,0.0,Clear/Low,0.0,None,1.4051953132328912,weighted_fallback,global+hour,289.42599339823903,0.0,289.6889357101686,none,170+,other,1.0,0.0,0.0,0.0,-0.26294231192960227,0.0,,,ar_disabled_or_empty,0.0,,,origin_day_disabled_or_empty,289.6889357101686,0.0,0.0,67.35993840064168,16.06011192010726,0.42208637393695103,6.0,Low,,,,,,,,,,,,,,,,,0.0,none,0.0,0.0,0.0,,,0.0,,,0.0,0.0,none,,,,,,,,,0.0,,,,,0.0,45,2026-04-13 23:00:00-07:00,2026-05-28 23:00:00-07:00,2026-06-12,2.9131506030642527,0.0,-2.9131506030642527,1,0,163.051466,121.940783,230.90213785714286,,,,,,,,,,,,,,,,,2.9131506030642527,1.5079552898313864,1.5079552898313864,1.5079552898313864,1.7708976017609643,-1.2291023982390357
2026-06-13 14:00:00-07:00,origin_20,2026-05-29 00:00:00-07:00,2026,5,375,16,Days8to16,Summer,6,14,257.010408,98.3,101.7,0.0,15.95521063358272,2.080274429296445,0.0,258.6849267553421,259.168212890625,257.99948559209207,259.6239668303683,260.0111584691148,260.6969142943356,260.6969142943356,260.6969142943356,260.5720073180282,258.4520073180282,258.4520073180282,258.4520073180282,0,0.0,none,258.4520073180282,258.4520073180282,-1.674518755342092,-2.157804890625016,-0.9890775920920873,-2.6135588303683335,-1.4415993180282385,-1.4415993180282385,-1.4415993180282385,-1.4415993180282385,1.4415993180282385,1.3262317137726995,0.6857558252208378,0.0,0.0,-0.12490697630738623,-2.1200000000000045,0.0,-0.23291943731385345,Final_Backtest_Forecast_MWH,days8plus_final_low_confidence+long_horizon_peak_month_correction,raw_bias+solar_cloud_midday,none,none,recent_mean+last24_mean+same_hour+hourgroup+global+cloud_hourgroup+solar_hourgroup+solar_loss_hourgroup,3.0,4,238.2810455,247.6188448,28,269.240641,293.5177229,18.72936249999998,Midday,5,1,0,0,6.0,1.1473613089506787,0.22,2.3,0.0,268.38607895035204,197.43768156715734,-1.674518755342092,1.674518755342092,0.6515373320375772,Spring,0.9397127376747535,0.38651897609797087,1.3262317137727244,0.0,Clear/Low,4.0,High,0.685755825220847,weighted_fallback,global+hour,260.5720073180282,0.0,260.6969142943356,none,170+,weekend_core_highload_solar_loss,0.364,0.0,0.0,0.0,-0.12490697630738157,0.0,,,ar_disabled_or_empty,0.0,,,origin_day_disabled_or_empty,260.6969142943356,-2.12,0.0,61.247245188184735,-9.701152195009968,0.5609108709824072,6.0,Medium-High,,,,,,,,,,,,,,,,,0.0,none,0.0,0.0,0.0,,,0.0,,,0.0,0.0,none,,,,,,,,,0.0,,,,,0.0,45,2026-04-13 23:00:00-07:00,2026-05-28 23:00:00-07:00,2026-06-13,0.0,1.674518755342092,1.674518755342092,0,1,309.084325,213.746441,228.33500685714287,,,,,,,,,,,,,,,,,-3.0007504691147915,-3.6865062943356293,-3.6865062943356293,-3.6865062943356293,-3.561599318028243,-1.4415993180282385
2026-06-13 15:00:00-07:00,origin_20,2026-05-29 00:00:00-07:00,2026,5,376,16,Days8to16,Summer,6,15,277.4746,100.3,101.7,0.0,13.2503823233047,0.0,0.0,279.41754268954196,278.5696716308594,278.9737544667497,280.3571730564105,280.41782636299814,280.95898156627914,280.95898156627914,280.95898156627914,280.82754372374126,286.70754372374125,278.70754372374125,286.70754372374125,1,8.0,june_long_hot_100_105_peak_ramp_up,286.70754372374125,286.70754372374125,-1.942942689541951,-1.0950716308593655,-1.499154466749701,-2.882573056410479,-9.232943723741244,-1.2329437237412435,-9.232943723741244,-9.232943723741244,9.232943723741244,1.000283673456181,0.5411552032809936,0.0,0.0,-0.1314378425378777,5.8799999999999955,8.0,7.2900010341992925,Final_Backtest_Forecast_MWH,days8plus_final_low_confidence+long_horizon_peak_month_correction,raw_bias,none,none,recent_mean+last24_mean+same_hour+hourgroup+global+cloud_hourgroup+solar_hourgroup+solar_loss_hourgroup,3.0,4,259.0997955,268.0453225,28,269.240641,293.5177229,18.374804499999982,Midday,5,1,0,0,6.0,1.3301473398845611,0.21,3.2,0.0,287.4574601220039,212.98522723322912,-1.942942689541951,1.942942689541951,0.7002236203032461,Spring,1.0002836734561842,0.0,1.0002836734561842,0.0,Clear/Low,3.0,None,0.541155203281005,weighted_fallback,global+hour,280.82754372374126,0.0,280.95898156627914,none,170+,other,0.7,0.0,0.0,0.0,-0.13143784253789845,0.0,,,ar_disabled_or_empty,0.0,,,origin_day_disabled_or_empty,280.95898156627914,-2.12,0.0,66.43231545631284,-8.039917432461948,3.32749149786728,6.0,Medium-High,,,,,,,,,,,,,,,,,0.0,none,0.0,0.0,0.0,,,0.0,,,0.0,0.0,none,,,,,,,,,0.0,,,,,0.0,45,2026-04-13 23:00:00-07:00,2026-05-28 23:00:00-07:00,2026-06-13,0.0,1.942942689541951,1.942942689541951,0,1,309.084325,213.746441,248.52108414285718,,,,,,,,,,,,,,,,,-2.943226362998132,-3.4843815662791258,-3.4843815662791258,-3.4843815662791258,-3.352943723741248,-9.232943723741244
2026-06-13 16:00:00-07:00,origin_20,2026-05-29 00:00:00-07:00,2026,5,377,16,Days8to16,Summer,6,16,293.921233,101.7,101.7,0.0,8.498810118190328,0.0,0.0,298.95214863970114,297.8921203613281,299.96240219611394,297.667472559159,298.95214863970114,299.4667888443447,299.4667888443447,299.4667888443447,299.272371135349,301.652371135349,297.152371135349,301.652371135349,1,4.5,june_recent_100_105_hot_evening_lift+june_long_hot_100_105_peak_finish_up,301.652371135349,301.652371135349,-5.030915639701163,-3.9708873613281526,-6.0411691961139695,-3.7462395591590507,-7.731138135348999,-3.231138135348999,-7.731138135348999,-7.731138135348999,7.731138135348999,0.0,0.5146402046435696,0.0,0.0,-0.1944177089957293,2.3799999999999955,4.5,2.700222495647836,Final_Backtest_Forecast_MWH,days8plus_final_low_confidence+long_horizon_peak_month_correction,raw_bias,none,none,recent_mean+last24_mean+same_hour+hourgroup+global+cloud_hourgroup+solar_hourgroup+solar_loss_hourgroup,3.0,4,276.32662650000003,284.2480835,28,269.240641,293.5177229,17.59460649999994,Peak,5,1,0,0,6.0,1.35,0.19,3.6,0.0,305.22082774549074,228.23389019680502,-5.030915639701163,5.030915639701163,1.7116543736400167,Spring,0.0,0.0,0.0,0.0,Clear/Low,2.0,None,0.5146402046435675,weighted_fallback,global+hour,299.272371135349,0.0,299.4667888443447,none,170+,other,0.7,0.0,0.0,0.0,-0.19441770899571967,0.0,,,ar_disabled_or_empty,0.0,,,origin_day_disabled_or_empty,299.4667888443447,-2.12,0.0,70.71825844289611,-6.268679105789602,2.6303435299446365,6.0,Medium-Low,,,,,,,,,,,,,,,,,0.0,none,0.0,0.0,0.0,,,0.0,,,0.0,0.0,none,,,,,,,,,0.0,,,,,0.0,45,2026-04-13 23:00:00-07:00,2026-05-28 23:00:00-07:00,2026-06-13,0.0,5.030915639701163,5.030915639701163,0,1,291.196891,203.790533,265.75539271428573,,,,,,,,,,,,,,,,,-5.030915639701163,-5.545555844344733,-5.545555844344733,-5.545555844344733,-5.351138135349004,-7.731138135348999
2026-06-13 17:00:00-07:00,origin_20,2026-05-29 00:00:00-07:00,2026,5,378,16,Days8to16,Summer,6,17,305.364483,101.4,101.7,0.01,4.431878759269412,0.0,0.0,305.8420092297264,306.2304382324219,305.99239827513645,305.4947038718832,305.8420092297264,306.67510849997086,306.67510849997086,306.67510849997086,306.4132532233684,308.79325322336837,304.29325322336837,308.79325322336837,1,4.5,june_recent_100_105_hot_evening_lift+june_long_hot_100_105_peak_finish_up,308.79325322336837,308.79325322336837,-0.47752622972637937,-0.865955232421868,-0.627915275136445,-0.1302208718831821,-3.4287702233683603,1.0712297766316397,-3.4287702233683603,-3.4287702233683603,3.4287702233683603,0.0,0.8330992702444746,0.0,0.0,-0.2618552766024891,2.3799999999999955,4.5,2.951243993641981,Final_Backtest_Forecast_MWH,days8plus_final_low_confidence+long_horizon_peak_month_correction,raw_bias,none,none,recent_mean+last24_mean+same_hour+hourgroup+global+cloud_hourgroup+solar_hourgroup+solar_loss_hourgroup,3.0,4,287.23717675,294.8712155,28,269.240641,293.5177229,18.127306250000004,Peak,5,1,0,0,6.0,1.35,0.18,2.8,0.0,313.756224539374,237.57139577516864,-0.47752622972637937,0.47752622972637937,0.15637909983342083,Spring,0.0,0.0,0.0,0.0,Clear/Low,1.0,None,0.8330992702445006,weighted_fallback,global+hour,306.4132532233684,0.0,306.67510849997086,none,170+,other,0.7,0.0,0.0,0.0,-0.2618552766025097,0.0,,,ar_disabled_or_empty,0.0,,,origin_day_disabled_or_empty,306.67510849997086,-2.12,0.0,68.27061345455775,-7.914215309647602,1.122845129100479,6.0,Medium-Low,,,,,,,,,,,,,,,,,0.0,none,0.0,0.0,0.0,,,0.0,,,0.0,0.0,none,,,,,,,,,0.0,,,,,0.0,45,2026-04-13 23:00:00-07:00,2026-05-28 23:00:00-07:00,2026-06-13,0.0,0.47752622972637937,0.47752622972637937,0,1,291.196891,203.790533,276.21870914285716,,,,,,,,,,,,,,,,,-0.47752622972637937,-1.310625499970854,-1.310625499970854,-1.310625499970854,-1.048770223368365,-3.4287702233683603
2026-06-13 18:00:00-07:00,origin_20,2026-05-29 00:00:00-07:00,2026,5,379,16,Days8to16,Summer,6,18,308.848225,100.9,101.7,0.01,1.958175172256604,0.0,0.0,308.17521530752794,305.91357421875,308.30170877552143,308.6226230260461,308.17521530752794,309.02335889836934,309.02335889836934,309.02335889836934,308.67808401907007,311.05808401907007,306.55808401907007,311.05808401907007,1,4.5,june_recent_100_105_hot_evening_lift+june_long_hot_100_105_peak_finish_up,311.05808401907007,311.05808401907007,0.6730096924720783,2.9346507812500136,0.5465162244785802,0.22560197395392834,-2.209859019070052,2.290140980929948,-2.209859019070052,-2.209859019070052,2.209859019070052,0.0,0.8481435908414028,0.0,0.0,-0.3452748792992679,2.3799999999999955,4.5,2.8828687115421303,Final_Backtest_Forecast_MWH,days8plus_final_low_confidence+long_horizon_peak_month_correction,raw_bias,none,none,recent_mean+last24_mean+same_hour+hourgroup+global+cloud_hourgroup+solar_hourgroup+solar_loss_hourgroup,3.0,4,286.7662975,294.0177329,28,269.240641,293.5177229,22.081927500000006,Peak,5,1,0,0,6.0,1.35,0.17,4.1,0.0,310.33517215181917,240.1011276821133,0.6730096924720783,0.6730096924720783,0.21790952254042523,Spring,0.0,0.0,0.0,0.0,Clear/Low,1.0,None,0.8481435908413855,weighted_fallback,global+hour,308.67808401907007,0.0,309.02335889836934,none,170+,other,0.7,0.0,0.0,0.0,-0.34527487929929057,0.0,,,ar_disabled_or_empty,0.0,,,origin_day_disabled_or_empty,309.02335889836934,-2.12,0.0,68.07408762541465,-2.15995684429123,0.7155161792074576,6.0,Medium-Low,,,,,,,,,,,,,,,,,0.0,none,0.0,0.0,0.0,,,0.0,,,0.0,0.0,none,,,,,,,,,0.0,,,,,0.0,45,2026-04-13 23:00:00-07:00,2026-05-28 23:00:00-07:00,2026-06-13,0.6730096924720783,0.0,-0.6730096924720783,1,0,269.020758,190.593583,279.3217744285714,,,,,,,,,,,,,,,,,0.6730096924720783,-0.17513389836932447,-0.17513389836932447,-0.17513389836932447,0.17014098092994345,-2.209859019070052
2026-06-13 19:00:00-07:00,origin_20,2026-05-29 00:00:00-07:00,2026,5,380,16,Days8to16,Summer,6,19,297.313875,96.5,101.7,0.05,0.4091085801587897,0.0,0.0,293.6126193499972,295.3939514160156,295.4525090973723,290.212412013831,293.6126193499972,294.60197618400025,294.60197618400025,294.60197618400025,294.2611602047563,297.2611602047563,294.2611602047563,297.2611602047563,1,3.0,june_recent_100_105_hot_evening_lift,297.2611602047563,297.2611602047563,3.7012556500027927,1.919923583984371,1.8613659026277105,7.101462986168997,0.05271479524367351,3.0527147952436735,0.05271479524367351,0.05271479524367351,0.05271479524367351,0.0,0.989356834003047,0.0,0.0,-0.3408159792439278,3.0,3.0,3.648540854759119,Final_Backtest_Forecast_MWH,days8plus_final_low_confidence,raw_bias,none,none,recent_mean+last24_mean+same_hour+hourgroup+global+cloud_hourgroup+solar_hourgroup+solar_loss_hourgroup,3.0,4,277.35263499999996,282.4047985,28,269.240641,293.5177229,19.961240000000032,Peak,5,1,0,0,6.0,0.0,0.22,10.0,0.0,300.1158923164919,234.22628663323061,3.7012556500027927,3.7012556500027927,1.2448983923144497,Spring,0.0,0.0,0.0,0.0,Clear/Low,0.0,None,0.9893568340030267,weighted_fallback,global+hour,294.2611602047563,0.0,294.60197618400025,none,170+,other,1.0,0.0,0.0,0.0,-0.3408159792439481,0.0,,,ar_disabled_or_empty,0.0,,,origin_day_disabled_or_empty,294.60197618400025,0.0,0.0,59.38633271676659,-6.5032729664947055,0.01773035154974638,6.0,Low,,,,,,,,,,,,,,,,,0.0,none,0.0,0.0,0.0,,,0.0,,,0.0,0.0,none,,,,,,,,,0.0,,,,,0.0,45,2026-04-13 23:00:00-07:00,2026-05-28 23:00:00-07:00,2026-06-13,3.7012556500027927,0.0,-3.7012556500027927,1,0,269.020758,190.593583,274.488901,,,,,,,,,,,,,,,,,3.7012556500027927,2.7118988159997457,2.7118988159997457,2.7118988159997457,3.0527147952436735,0.05271479524367351
2026-06-13 20:00:00-07:00,origin_20,2026-05-29 00:00:00-07:00,2026,5,381,16,Days8to16,Summer,6,20,276.441283,89.7,101.7,0.05,0.0852115178028599,0.0,0.0,278.0986193694603,277.8940124511719,282.1737951992381,271.75323075646327,278.0986193694603,279.5038146826932,279.5038146826932,279.5038146826932,279.2408723707636,282.2408723707636,279.2408723707636,282.2408723707636,1,3.0,june_recent_100_105_hot_evening_lift,282.2408723707636,282.2408723707636,-1.6573363694603245,-1.4527294511718765,-5.732512199238101,4.688052243536731,-5.799589370763613,-2.799589370763613,-5.799589370763613,-5.799589370763613,5.799589370763613,0.0,1.4051953132328663,0.0,0.0,-0.26294231192957795,3.0,3.0,4.142253001303288,Final_Backtest_Forecast_MWH,days8plus_final_low_confidence,raw_bias,none,none,recent_mean+last24_mean+same_hour+hourgroup+global+cloud_hourgroup+solar_hourgroup+solar_loss_hourgroup,3.0,4,259.62091025,264.1652299,28,269.240641,293.5177229,16.82037274999999,Peak,5,1,0,0,6.0,0.0,0.29,9.2,0.0,288.28374039693574,225.67314548440933,-1.6573363694603245,1.6573363694603245,0.5995256393960248,Spring,0.0,0.0,0.0,0.0,Clear/Low,0.0,None,1.4051953132328912,weighted_fallback,global+hour,279.2408723707636,0.0,279.5038146826932,none,170+,other,1.0,0.0,0.0,0.0,-0.26294231192960227,0.0,,,ar_disabled_or_empty,0.0,,,origin_day_disabled_or_empty,279.5038146826932,0.0,0.0,52.42547388505099,-10.185121027475418,2.097946192343353,6.0,Low,,,,,,,,,,,,,,,,,0.0,none,0.0,0.0,0.0,,,0.0,,,0.0,0.0,none,,,,,,,,,0.0,,,,,0.0,45,2026-04-13 23:00:00-07:00,2026-05-28 23:00:00-07:00,2026-06-13,0.0,1.6573363694603245,1.6573363694603245,0,1,237.46805,170.733775,259.89726871428576,,,,,,,,,,,,,,,,,-1.6573363694603245,-3.0625316826931908,-3.0625316826931908,-3.0625316826931908,-2.799589370763613,-5.799589370763613
