DT,Replay_Origin_ID,Replay_Origin_DT,Replay_Origin_Year,Replay_Origin_Month,Forecast_Lead_Hour,Forecast_Day,Replay_Horizon_Bucket,Season,Month,Hour,Actual_MWH,Temperature,Temperature_DailyMax,CloudCover_Norm,BTM_Solar_Proxy_MW,BTM_Solar_Loss_From_ClearSky_MW,Midday_Overcast_Solar_Loss_MW,Raw_Forecast_MWH,XGB_Pred_MWH,LGB_Pred_MWH,CatBoost_Pred_MWH,Targeted_Meta_Adjusted_Forecast_MWH,Residual_Calibrated_Forecast_MWH,Cloud_Solar_Adjusted_Forecast_MWH,Peak_Risk_Adjusted_Forecast_MWH,Recent_Corrected_Forecast_MWH,Stage_Selected_Forecast_MWH,Pre_Focused_Guard_Forecast_MWH,Post_Focused_Guard_Forecast_MWH,Focused_Guard_Applied_Flag,Focused_Scorecard_Guard_MWH,Focused_Scorecard_Guard_Source,Final_Backtest_Forecast_MWH,Final_Forecast_MWH,Auto_Residual_Model_Version,Auto_Residual_Shadow_Mode,Auto_Residual_Production_Scope,Auto_Residual_Base_Forecast_MWH,Auto_Residual_Correction_MWH,Auto_Residual_Adjusted_Forecast_MWH,Auto_Residual_Correction_Applied_Flag,Auto_Residual_Source,Auto_Residual_Evaluation_Mode,Auto_Residual_Residual_MWH,Auto_Residual_AbsError_MWH,Auto_Residual_Delta_AbsError_MWH,Auto_Residual_Full_Shadow_Correction_MWH,Auto_Residual_Full_Shadow_Adjusted_Forecast_MWH,Auto_Residual_Full_Shadow_Correction_Applied_Flag,Auto_Residual_Full_Shadow_Source,Auto_Residual_Full_Shadow_Residual_MWH,Auto_Residual_Full_Shadow_AbsError_MWH,Auto_Residual_Full_Shadow_Delta_AbsError_MWH,Raw_Residual_MWH,XGB_Residual_MWH,LGB_Residual_MWH,CatBoost_Residual_MWH,Stage_Selected_Residual_MWH,Pre_Focused_Guard_Residual_MWH,Post_Focused_Guard_Residual_MWH,Final_Residual_MWH,Final_AbsError_MWH,Targeted_Meta_Delta_From_Raw_MWH,Residual_Cal_Delta_From_Targeted_MWH,Cloud_Solar_Delta_From_Residual_Cal_MWH,Peak_Risk_Delta_From_Cloud_Solar_MWH,Recent_Delta_From_Peak_Risk_MWH,Stage_Selected_Delta_From_Recent_MWH,Focused_Guard_Delta_From_Pre_Guard_MWH,Final_Delta_From_Raw_MWH,Stage_Selector_Source,Stage_Selector_Reason,Targeted_Meta_Source,Cloud_Solar_Correction_Source,Peak_Risk_Source,Recent_Correction_Source,Analog_Temp_Window_F,Analog_Count_SameHour_PreOrigin,Analog_Actual_Mean_SameHour_PreOrigin_MWH,Analog_Actual_P90_SameHour_PreOrigin_MWH,Analog_Count_HE14_20_PreOrigin,Analog_Actual_Mean_HE14_20_PreOrigin_MWH,Analog_Actual_P90_HE14_20_PreOrigin_MWH,Actual_Minus_Analog_SameHour_Mean_MWH,HourGroup,DOW,IsWeekend,IsHoliday,IsLikelySystemPeakHour,DailyMaxTempBin,ClearSky_Index,Humidity_Norm,WindSpeed_Mph,PrecipIn,MWH_Lag24,MWH_SameHour7DayMean,Residual_MWH,AbsError_MWH,APE,Replay_Origin_Season,Targeted_Meta_Bias_Cal_MWH,Targeted_Meta_SolarCloud_Cal_MWH,Targeted_Meta_Cal_MWH,CloudCoverBin,CloudCoverBucket,BTMSolarProxyBin,SolarLossBucket,Residual_Cal_MWH,Calibration_Level,Calibration_Matched_Levels,Calibrated_Forecast_MWH,Warm_Ramp_Cal_MWH,Warm_Ramp_Adjusted_Forecast_MWH,Warm_Ramp_Correction_Source,CloudSolarBaseBucket,CloudSolarEventClass,CloudSolarEventMultiplier,Cloud_Solar_Shape_Cal_MWH,Cloud_Solar_Shape_Raw_Cal_MWH,Peak_Risk_Cal_MWH,Recent_Level_Correction_MWH,AR_Residual_Correction_MWH,AR_Residual_Phi,AR_Residual_Latest_MWH,AR_Residual_Source,OriginDay_State_Correction_MWH,OriginDay_State_MWH,OriginDay_Latest_Day_MWH,OriginDay_State_Source,Pre_Recent_Forecast_MWH,Long_Horizon_Peak_Month_Correction_MWH,Long_Horizon_Hot_Month_Correction_MWH,Raw_Minus_SameHour7DayMean_MWH,Raw_Minus_SameHourYesterday_MWH,Final_APE,DailyMaxTempBucket,BTMSolarBucket,WeatherRealism_Raw_Forecast_MWH,WeatherRealism_XGB_Pred_MWH,WeatherRealism_LGB_Pred_MWH,WeatherRealism_CatBoost_Pred_MWH,WeatherRealism_Residual_MWH,WeatherRealism_Final_Backtest_Forecast_MWH,WeatherRealism_Final_Residual_MWH,WeatherRealism_Final_AbsError_MWH,WeatherRealism_Final_APE,WeatherRealism_Temperature,WeatherRealism_Temperature_DailyMax,WeatherRealism_CloudCover_Norm,WeatherRealism_BTM_Solar_Proxy_MW,WeatherRealism_BTM_Solar_Loss_From_ClearSky_MW,WeatherRealism_Midday_Overcast_Solar_Loss_MW,WeatherRealism_Forecast_Weather_Lead_Days,WeatherRealism_Weather_Robustness_Hedge_MWH,WeatherRealism_Weather_Robustness_Hedge_Source,WeatherRealism_Weather_Robustness_Jensen_MWH,WeatherRealism_Weather_Robustness_Upper_MWH,WeatherRealism_Weather_Robustness_Warmer_Delta_MWH,WeatherRealism_Weather_Robustness_Temp_Sigma_F,WeatherRealism_Weather_Robustness_Temp_Bias_Damping,WeatherRealism_Weather_Robustness_Gate,WeatherRealism_Pre_Focused_Guard_Forecast_MWH,WeatherRealism_Post_Focused_Guard_Forecast_MWH,WeatherRealism_Focused_Guard_Applied_Flag,WeatherRealism_Focused_Scorecard_Guard_MWH,WeatherRealism_Focused_Scorecard_Guard_Source,WeatherRealism_Raw_Minus_SameHour7DayMean_MWH,WeatherRealism_Raw_Minus_SameHourYesterday_MWH,WeatherRealism_Auto_Residual_Model_Version,WeatherRealism_Auto_Residual_Shadow_Mode,WeatherRealism_Auto_Residual_Production_Scope,WeatherRealism_Auto_Residual_Base_Forecast_MWH,WeatherRealism_Auto_Residual_Correction_MWH,WeatherRealism_Auto_Residual_Adjusted_Forecast_MWH,WeatherRealism_Auto_Residual_Correction_Applied_Flag,WeatherRealism_Auto_Residual_Source,WeatherRealism_Auto_Residual_Evaluation_Mode,WeatherRealism_Auto_Residual_Residual_MWH,WeatherRealism_Auto_Residual_AbsError_MWH,WeatherRealism_Auto_Residual_Delta_AbsError_MWH,WeatherRealism_Auto_Residual_Full_Shadow_Correction_MWH,WeatherRealism_Auto_Residual_Full_Shadow_Adjusted_Forecast_MWH,WeatherRealism_Auto_Residual_Full_Shadow_Correction_Applied_Flag,WeatherRealism_Auto_Residual_Full_Shadow_Source,WeatherRealism_Auto_Residual_Full_Shadow_Residual_MWH,WeatherRealism_Auto_Residual_Full_Shadow_AbsError_MWH,WeatherRealism_Auto_Residual_Full_Shadow_Delta_AbsError_MWH,WeatherRealism_WeatherScenario_warmer_P50_MWH,WeatherRealism_WeatherScenario_hot_stress_5f_P50_MWH,WeatherRealism_WeatherScenario_cooler_P50_MWH,WeatherRealism_WeatherScenario_cloudier_solar_loss_P50_MWH,WeatherRealism_WeatherScenario_severe_cloud_solar_loss_P50_MWH,WeatherRealism_WeatherScenario_clearer_high_solar_P50_MWH,WeatherRealism_WeatherScenario_Cap_Applied,WeatherRealism_WeatherScenario_Min_P50_MWH,WeatherRealism_WeatherScenario_Max_P50_MWH,WeatherRealism_WeatherScenario_Spread_MWH,WeatherRealism_WeatherScenario_HalfSpread_MWH,WeatherRealism_WeatherScenario_MaxAbsDelta_MWH,Replay_Calibration_Days,Replay_Calibration_Start_DT,Replay_Calibration_End_DT,Date,Underforecast_MWH,Overforecast_MWH,Forecast_Error_MWH,Underforecast_Flag,Overforecast_Flag,Baseline_SameHourYesterday_MWH,Baseline_SameHour7DaysAgo_MWH,Baseline_Rolling7DaySameHourAvg_MWH,Weather_Temp_Error_F,Weather_DailyMaxTemp_Error_F,Weather_CloudCover_Error_Norm,Weather_Solar_Proxy_Error_MW,Weather_Solar_Loss_Error_MW,Weather_Midday_Solar_Loss_Error_MW,Weather_Input_Forecast_Delta_MWH,Weather_Input_Residual_Delta_MWH,Weather_Input_AbsError_Delta_MWH,Weather_Input_PctAbsError_Delta,Weather_Forecast_Lead_Bucket,Weather_DailyMaxTemp_AbsError_Bucket,Weather_CloudCover_AbsError_Bucket,Weather_SolarLoss_AbsError_Bucket,Weather_Input_Event_Slice,Weather_Input_Risk_Class,Targeted_Meta_Residual_MWH,Residual_Calibrated_Residual_MWH,Cloud_Solar_Residual_MWH,Peak_Risk_Residual_MWH,Recent_Corrected_Residual_MWH,Final_Backtest_Residual_MWH
2025-06-01 14:00:00-07:00,origin_05,2025-05-25 00:00:00-07:00,2025,5,183,8,Days8to16,Summer,6,14,190.549558,90.1,91.7,0.0,18.82822761055998,0.0,0.0,205.66610468212747,205.37100219726562,205.41849663101559,206.13951804383524,202.52591744782342,201.21468246504287,201.21468246504287,201.21468246504287,201.34897956181027,196.22897956181026,199.22897956181026,196.22897956181026,1,-3.0,june_recent_85_93_clear_afternoon_backoff,196.22897956181026,196.22897956181026,operational_residual_hot_peak_only_v1,0,hot_peak_only,196.22897956181026,0.0,196.22897956181026,0,global_shadow_only,origin_available_shadow,-5.679421561810273,5.679421561810273,0.0,-0.9691791361566352,195.25980042565362,1,global,-4.710242425653632,4.710242425653632,-0.9691791361566402,-15.116546682127478,-14.821444197265635,-14.868938631015595,-15.589960043835248,-5.679421561810273,-8.679421561810273,-5.679421561810273,-5.679421561810273,5.679421561810273,-3.140187234304051,-1.3112349827805474,0.0,0.0,0.13429709676739776,-5.1200000000000045,-3.0,-9.437125120317205,Final_Backtest_Forecast_MWH,days8plus_final_low_confidence+long_horizon_peak_month_correction,raw_bias,none,none,recent_mean+last24_mean+same_hour+hourgroup+global+temp_hourgroup+cloud_hourgroup+solar_hourgroup+solar_loss_hourgroup+temp_cloud_hourgroup,3.0,0,,,0,,,,Midday,6,1,0,0,4.0,1.124665386736733,0.24,8.4,0.0,255.98496553281927,170.43048103606841,-15.116546682127478,15.116546682127478,7.933131328558357,Spring,-3.140187234304053,0.0,-3.140187234304053,0.0,Clear/Low,4.0,None,-1.3112349827805512,weighted_fallback,global+hour+temp_cloud_hourgroup,201.34897956181027,0.0,201.21468246504287,none,170+,other,0.7,0.0,0.0,0.0,0.13429709676739005,0.0,,,ar_disabled_or_empty,0.0,,,origin_day_disabled_or_empty,201.21468246504287,-2.12,0.0,35.235623646059054,-50.318860850691806,2.9805482738565434,4.0,High,,,,,,,,,,,,,,,,,0.0,none,0.0,0.0,0.0,,,0.0,,,0.0,0.0,none,,,operational_residual_hot_peak_only_v1,0.0,hot_peak_only,,0.0,,0.0,invalid_base_forecast,weather_realism_origin_available_shadow,,,,0.0,,0.0,invalid_base_forecast,,,,,,,,,,0.0,,,,,0.0,45,2025-04-09 23:00:00-07:00,2025-05-24 23:00:00-07:00,2025-06-01,0.0,15.116546682127478,15.116546682127478,0,1,261.891,112.875525,172.21158428571428,,,,,,,,,,,,,,,,,-11.976359447823427,-10.66512446504288,-10.66512446504288,-10.66512446504288,-10.799421561810277,-5.679421561810273
2025-06-01 15:00:00-07:00,origin_05,2025-05-25 00:00:00-07:00,2025,5,184,8,Days8to16,Summer,6,15,202.596175,91.7,91.7,0.0,14.591766466898733,0.0,0.0,222.25383384133676,221.75881958007812,223.36192259724868,220.65398415669188,219.1136466070327,217.79264604079685,217.79264604079685,217.79264604079685,217.93412938007677,212.81412938007676,215.81412938007676,212.81412938007676,1,-3.0,june_recent_85_93_clear_afternoon_backoff,212.81412938007676,212.81412938007676,operational_residual_hot_peak_only_v1,0,hot_peak_only,212.81412938007676,0.0,212.81412938007676,0,global_shadow_only,origin_available_shadow,-10.217954380076776,10.217954380076776,0.0,-0.9746004640653528,211.8395289160114,1,global,-9.243353916011415,9.243353916011415,-0.9746004640653609,-19.65765884133677,-19.162644580078137,-20.76574759724869,-18.05780915669189,-10.217954380076776,-13.217954380076776,-10.217954380076776,-10.217954380076776,10.217954380076776,-3.140187234304051,-1.3210005662358526,0.0,0.0,0.1414833392799153,-5.1200000000000045,-3.0,-9.439704461259993,Final_Backtest_Forecast_MWH,days8plus_final_low_confidence+long_horizon_peak_month_correction,raw_bias,none,none,recent_mean+last24_mean+same_hour+hourgroup+global+temp_hourgroup+cloud_hourgroup+solar_hourgroup+solar_loss_hourgroup+temp_cloud_hourgroup,3.0,0,,,0,,,,Midday,6,1,0,0,4.0,1.3074136623031833,0.2,9.4,0.0,273.3400176000181,185.3283644725628,-19.65765884133677,19.65765884133677,9.702877579666433,Spring,-3.140187234304053,0.0,-3.140187234304053,0.0,Clear/Low,3.0,None,-1.321000566235859,weighted_fallback,global+hour+temp_cloud_hourgroup,217.93412938007677,0.0,217.79264604079685,none,170+,other,0.7,0.0,0.0,0.0,0.14148333927991533,0.0,,,ar_disabled_or_empty,0.0,,,origin_day_disabled_or_empty,217.79264604079685,-2.12,0.0,36.925469368773946,-51.08618375868133,5.043508042576212,4.0,Medium-High,,,,,,,,,,,,,,,,,0.0,none,0.0,0.0,0.0,,,0.0,,,0.0,0.0,none,,,operational_residual_hot_peak_only_v1,0.0,hot_peak_only,,0.0,,0.0,invalid_base_forecast,weather_realism_origin_available_shadow,,,,0.0,,0.0,invalid_base_forecast,,,,,,,,,,0.0,,,,,0.0,45,2025-04-09 23:00:00-07:00,2025-05-24 23:00:00-07:00,2025-06-01,0.0,19.65765884133677,19.65765884133677,0,1,277.855391,122.348483,186.67760914285714,,,,,,,,,,,,,,,,,-16.517471607032718,-15.196471040796865,-15.196471040796865,-15.196471040796865,-15.33795438007678,-10.217954380076776
2025-06-01 16:00:00-07:00,origin_05,2025-05-25 00:00:00-07:00,2025,5,185,8,Days8to16,Summer,6,16,212.71655,91.7,91.7,0.0,9.156464326564441,0.0,0.0,233.854351575076,233.06088256835938,235.19671298410952,231.97163193422807,233.854351575076,232.88143159359214,232.88143159359214,232.88143159359214,233.0339674392862,205.91396743928618,230.91396743928618,205.91396743928618,1,-25.0,june_recent_85_93_clear_afternoon_backoff+june_long_mild_hot_peak_backoff+june_long_90_92_clear_hot_extra_backoff,205.91396743928618,205.91396743928618,operational_residual_hot_peak_only_v1,0,hot_peak_only,205.91396743928618,0.0,205.91396743928618,0,hot_peak_low_forecast_gate_blocked,origin_available_shadow,6.80258256071383,6.80258256071383,0.0,0.0,205.91396743928618,0,hot_peak_low_forecast_gate_blocked,6.80258256071383,6.80258256071383,0.0,-21.137801575075997,-20.344332568359363,-22.480162984109512,-19.25508193422806,6.80258256071383,-18.19741743928617,6.80258256071383,6.80258256071383,6.80258256071383,0.0,-0.9729199814838694,0.0,0.0,0.15253584569404666,-27.120000000000005,-25.0,-27.940384135789827,Final_Backtest_Forecast_MWH,days8plus_final_low_confidence+long_horizon_peak_month_correction,raw_bias,none,none,recent_mean+last24_mean+same_hour+hourgroup+global+temp_hourgroup+cloud_hourgroup+solar_hourgroup+solar_loss_hourgroup+temp_cloud_hourgroup,3.0,0,,,0,,,,Peak,6,1,0,0,4.0,1.35,0.18,9.8,0.0,289.33994371499557,200.2411598038891,-21.137801575075997,21.137801575075997,9.937074277989181,Spring,-0.0,0.0,0.0,0.0,Clear/Low,2.0,None,-0.9729199814838628,weighted_fallback,global+hour+temp_cloud_hourgroup,233.0339674392862,0.0,232.88143159359214,none,170+,other,0.7,0.0,0.0,0.0,0.1525358456940504,0.0,,,ar_disabled_or_empty,0.0,,,origin_day_disabled_or_empty,232.88143159359214,-2.12,0.0,33.613191771186905,-55.48559213991956,3.1979564169848698,4.0,Medium-Low,,,,,,,,,,,,,,,,,0.0,none,0.0,0.0,0.0,,,0.0,,,0.0,0.0,none,,,operational_residual_hot_peak_only_v1,0.0,hot_peak_only,,0.0,,0.0,invalid_base_forecast,weather_realism_origin_available_shadow,,,,0.0,,0.0,invalid_base_forecast,,,,,,,,,,0.0,,,,,0.0,45,2025-04-09 23:00:00-07:00,2025-05-24 23:00:00-07:00,2025-06-01,0.0,21.137801575075997,21.137801575075997,0,1,292.124233,133.27525,201.522133,,,,,,,,,,,,,,,,,-21.137801575075997,-20.164881593592128,-20.164881593592128,-20.164881593592128,-20.317417439286174,6.80258256071383
2025-06-01 17:00:00-07:00,origin_05,2025-05-25 00:00:00-07:00,2025,5,186,8,Days8to16,Summer,6,17,221.741933,90.1,91.7,0.0,3.86416795080803,0.0,0.0,238.0174102201599,236.5567169189453,237.28556827144052,239.58478851135163,238.0174102201599,237.13600482643935,237.13600482643935,237.13600482643935,237.3095792315325,210.1895792315325,235.1895792315325,210.1895792315325,1,-25.0,june_recent_85_93_clear_afternoon_backoff+june_long_mild_hot_peak_backoff+june_long_90_92_clear_hot_extra_backoff,210.1895792315325,210.1895792315325,operational_residual_hot_peak_only_v1,0,hot_peak_only,210.1895792315325,0.0,210.1895792315325,0,hot_peak_low_forecast_gate_blocked,origin_available_shadow,11.552353768467498,11.552353768467498,0.0,0.0,210.1895792315325,0,hot_peak_low_forecast_gate_blocked,11.552353768467498,11.552353768467498,0.0,-16.2754772201599,-14.814783918945324,-15.543635271440536,-17.842855511351644,11.552353768467498,-13.447646231532502,11.552353768467498,11.552353768467498,11.552353768467498,0.0,-0.8814053937205415,0.0,0.0,0.1735744050931487,-27.120000000000005,-25.0,-27.827830988627397,Final_Backtest_Forecast_MWH,days8plus_final_low_confidence+long_horizon_peak_month_correction,raw_bias,none,none,recent_mean+last24_mean+same_hour+hourgroup+global+temp_hourgroup+cloud_hourgroup+solar_hourgroup+solar_loss_hourgroup+temp_cloud_hourgroup,3.0,0,,,0,,,,Peak,6,1,0,0,4.0,1.35,0.19,9.8,0.0,298.74094988040827,211.36320199915417,-16.2754772201599,16.2754772201599,7.339828331053604,Spring,-0.0,0.0,0.0,0.0,Clear/Low,1.0,None,-0.8814053937205332,weighted_fallback,global+hour+temp_cloud_hourgroup,237.3095792315325,0.0,237.13600482643935,none,170+,other,0.7,0.0,0.0,0.0,0.173574405093158,0.0,,,ar_disabled_or_empty,0.0,,,origin_day_disabled_or_empty,237.13600482643935,-2.12,0.0,26.654208221005717,-60.72353966024838,5.20981918583144,4.0,Medium-Low,,,,,,,,,,,,,,,,,0.0,none,0.0,0.0,0.0,,,0.0,,,0.0,0.0,none,,,operational_residual_hot_peak_only_v1,0.0,hot_peak_only,,0.0,,0.0,invalid_base_forecast,weather_realism_origin_available_shadow,,,,0.0,,0.0,invalid_base_forecast,,,,,,,,,,0.0,,,,,0.0,45,2025-04-09 23:00:00-07:00,2025-05-24 23:00:00-07:00,2025-06-01,0.0,16.2754772201599,16.2754772201599,0,1,301.294025,145.9778,214.14979257142858,,,,,,,,,,,,,,,,,-16.2754772201599,-15.394071826439358,-15.394071826439358,-15.394071826439358,-15.567646231532507,11.552353768467498
2025-06-01 18:00:00-07:00,origin_05,2025-05-25 00:00:00-07:00,2025,5,187,8,Days8to16,Summer,6,18,218.111091,85.6,91.7,0.0,1.3091546949660468e-15,0.0,0.0,234.35220060733673,233.425048828125,235.20863633495645,233.27127354370913,234.35220060733673,233.4474998272388,233.4474998272388,233.4474998272388,233.64570714292233,209.52570714292233,231.52570714292233,209.52570714292233,1,-22.0,june_long_mild_hot_peak_backoff+june_long_90_92_clear_hot_extra_backoff,209.52570714292233,209.52570714292233,operational_residual_hot_peak_only_v1,0,hot_peak_only,209.52570714292233,0.0,209.52570714292233,0,hot_peak_low_forecast_gate_blocked,origin_available_shadow,8.585383857077659,8.585383857077659,0.0,0.0,209.52570714292233,0,hot_peak_low_forecast_gate_blocked,8.585383857077659,8.585383857077659,0.0,-16.24110960733674,-15.313957828125012,-17.097545334956465,-15.16018254370914,8.585383857077659,-13.414616142922341,8.585383857077659,8.585383857077659,8.585383857077659,0.0,-0.9047007800979259,0.0,0.0,0.19820731568353267,-24.120000000000005,-22.0,-24.826493464414398,Final_Backtest_Forecast_MWH,days8plus_final_low_confidence+long_horizon_peak_month_correction,raw_bias,none,none,recent_mean+last24_mean+same_hour+hourgroup+global+temp_hourgroup+cloud_hourgroup+solar_hourgroup+solar_loss_hourgroup+temp_cloud_hourgroup,3.0,0,,,0,,,,Peak,6,1,0,0,4.0,1.35,0.26,9.4,0.0,297.50113560097327,216.37813373784564,-16.24110960733674,16.24110960733674,7.44625572815861,Spring,-0.0,0.0,0.0,0.0,Clear/Low,0.0,None,-0.9047007800979261,weighted_fallback,global+hour+temp_cloud_hourgroup,233.64570714292233,0.0,233.4474998272388,none,170+,other,0.7,0.0,0.0,0.0,0.19820731568352656,0.0,,,ar_disabled_or_empty,0.0,,,origin_day_disabled_or_empty,233.4474998272388,-2.12,0.0,17.974066869491082,-63.148934993636544,3.936243598487002,4.0,Low,,,,,,,,,,,,,,,,,0.0,none,0.0,0.0,0.0,,,0.0,,,0.0,0.0,none,,,operational_residual_hot_peak_only_v1,0.0,hot_peak_only,,0.0,,0.0,invalid_base_forecast,weather_realism_origin_available_shadow,,,,0.0,,0.0,invalid_base_forecast,,,,,,,,,,0.0,,,,,0.0,45,2025-04-09 23:00:00-07:00,2025-05-24 23:00:00-07:00,2025-06-01,0.0,16.24110960733674,16.24110960733674,0,1,303.085133,149.35045,218.1637937142857,,,,,,,,,,,,,,,,,-16.24110960733674,-15.336408827238813,-15.336408827238813,-15.336408827238813,-15.534616142922346,8.585383857077659
2025-06-01 19:00:00-07:00,origin_05,2025-05-25 00:00:00-07:00,2025,5,188,8,Days8to16,Summer,6,19,205.380041,81.0,91.7,0.0,0.0,0.0,0.0,219.23324177144278,218.0121307373047,219.64123619200262,218.94099654888817,219.23324177144278,218.4956624638219,218.4956624638219,218.4956624638219,218.7099727400921,196.7099727400921,218.7099727400921,196.7099727400921,1,-22.0,june_long_mild_hot_peak_backoff+june_long_90_92_clear_hot_extra_backoff,196.7099727400921,196.7099727400921,operational_residual_hot_peak_only_v1,0,hot_peak_only,196.7099727400921,0.0,196.7099727400921,0,hot_peak_low_forecast_gate_blocked,origin_available_shadow,8.670068259907907,8.670068259907907,0.0,0.0,196.7099727400921,0,hot_peak_low_forecast_gate_blocked,8.670068259907907,8.670068259907907,0.0,-13.853200771442772,-12.632089737304682,-14.261195192002617,-13.56095554888816,8.670068259907907,-13.329931740092093,8.670068259907907,8.670068259907907,8.670068259907907,0.0,-0.7375793076208765,0.0,0.0,0.21431027627019716,-22.0,-22.0,-22.52326903135068,Final_Backtest_Forecast_MWH,days8plus_final_low_confidence,raw_bias,none,none,recent_mean+last24_mean+same_hour+hourgroup+global+temp_hourgroup+cloud_hourgroup+solar_hourgroup+solar_loss_hourgroup+temp_cloud_hourgroup,3.0,0,,,0,,,,Peak,6,1,0,0,4.0,0.0,0.32,9.2,0.0,286.34354614212623,211.34035227790127,-13.853200771442772,13.853200771442772,6.745154350924865,Spring,-0.0,0.0,0.0,0.0,Clear/Low,0.0,None,-0.7375793076208673,weighted_fallback,global+hour+temp_cloud_hourgroup,218.7099727400921,0.0,218.4956624638219,none,170+,other,1.0,0.0,0.0,0.0,0.21431027627020796,0.0,,,ar_disabled_or_empty,0.0,,,origin_day_disabled_or_empty,218.4956624638219,0.0,0.0,7.892889493541503,-67.11030437068345,4.221475571673445,4.0,None,,,,,,,,,,,,,,,,,0.0,none,0.0,0.0,0.0,,,0.0,,,0.0,0.0,none,,,operational_residual_hot_peak_only_v1,0.0,hot_peak_only,,0.0,,0.0,invalid_base_forecast,weather_realism_origin_available_shadow,,,,0.0,,0.0,invalid_base_forecast,,,,,,,,,,0.0,,,,,0.0,45,2025-04-09 23:00:00-07:00,2025-05-24 23:00:00-07:00,2025-06-01,0.0,13.853200771442772,13.853200771442772,0,1,294.216516,144.483141,213.28433171428574,,,,,,,,,,,,,,,,,-13.853200771442772,-13.115621463821896,-13.115621463821896,-13.115621463821896,-13.329931740092093,8.670068259907907
2025-06-01 20:00:00-07:00,origin_05,2025-05-25 00:00:00-07:00,2025,5,189,8,Days8to16,Summer,6,20,187.162816,75.1,91.7,0.0,0.0,0.0,0.0,201.78415311846177,202.50636291503906,202.05324427981918,201.1549499230209,201.78415311846177,201.2542505689744,201.2542505689744,201.2542505689744,201.45464423268956,179.45464423268956,201.45464423268956,179.45464423268956,1,-22.0,june_long_mild_hot_peak_backoff+june_long_90_92_clear_hot_extra_backoff,179.45464423268956,179.45464423268956,operational_residual_hot_peak_only_v1,0,hot_peak_only,179.45464423268956,0.0,179.45464423268956,0,hot_peak_low_forecast_gate_blocked,origin_available_shadow,7.708171767310432,7.708171767310432,0.0,0.0,179.45464423268956,0,hot_peak_low_forecast_gate_blocked,7.708171767310432,7.708171767310432,0.0,-14.621337118461781,-15.34354691503907,-14.89042827981919,-13.992133923020901,7.708171767310432,-14.291828232689568,7.708171767310432,7.708171767310432,7.708171767310432,0.0,-0.5299025494873604,0.0,0.0,0.20039366371514689,-22.0,-22.0,-22.329508885772213,Final_Backtest_Forecast_MWH,days8plus_final_low_confidence,raw_bias,none,none,recent_mean+last24_mean+same_hour+hourgroup+global+temp_hourgroup+cloud_hourgroup+solar_hourgroup+solar_loss_hourgroup+temp_cloud_hourgroup,3.0,0,,,0,,,,Peak,6,1,0,0,4.0,0.0,0.4,8.4,0.0,273.7298406158196,203.68487945212976,-14.621337118461781,14.621337118461781,7.812095068318368,Spring,-0.0,0.0,0.0,0.0,Clear/Low,0.0,None,-0.529902549487371,weighted_fallback,global+hour+temp_cloud_hourgroup,201.45464423268956,0.0,201.2542505689744,none,170+,other,1.0,0.0,0.0,0.0,0.20039366371515835,0.0,,,ar_disabled_or_empty,0.0,,,origin_day_disabled_or_empty,201.2542505689744,0.0,0.0,-1.9007263336679898,-71.94568749735785,4.11843117775618,4.0,None,,,,,,,,,,,,,,,,,0.0,none,0.0,0.0,0.0,,,0.0,,,0.0,0.0,none,,,operational_residual_hot_peak_only_v1,0.0,hot_peak_only,,0.0,,0.0,invalid_base_forecast,weather_realism_origin_available_shadow,,,,0.0,,0.0,invalid_base_forecast,,,,,,,,,,0.0,,,,,0.0,45,2025-04-09 23:00:00-07:00,2025-05-24 23:00:00-07:00,2025-06-01,0.0,14.621337118461781,14.621337118461781,0,1,274.765858,142.93605,203.94336285714286,,,,,,,,,,,,,,,,,-14.621337118461781,-14.091434568974421,-14.091434568974421,-14.091434568974421,-14.291828232689568,7.708171767310432
2025-06-02 14:00:00-07:00,origin_05,2025-05-25 00:00:00-07:00,2025,5,207,9,Days8to16,Summer,6,14,172.391233,88.2,92.8,0.0,18.691508115462554,0.0,0.0,184.85572011853094,184.11904907226562,184.29395853703795,185.94896575981,181.73125969494868,180.42002471216813,180.42002471216813,180.42002471216813,180.55432180893553,175.43432180893552,178.43432180893552,175.43432180893552,1,-3.0,june_recent_85_93_clear_afternoon_backoff,175.43432180893552,175.43432180893552,operational_residual_hot_peak_only_v1,0,hot_peak_only,175.43432180893552,0.0,175.43432180893552,0,global_shadow_only,origin_available_shadow,-3.043088808935522,3.043088808935522,0.0,-0.13102509191099043,175.30329671702452,1,global,-2.912063717024523,2.912063717024523,-0.13102509191099898,-12.46448711853094,-11.727816072265625,-11.902725537037952,-13.557732759809994,-3.043088808935522,-6.043088808935522,-3.043088808935522,-3.043088808935522,3.043088808935522,-3.1244604235822635,-1.3112349827805474,0.0,0.0,0.13429709676739776,-5.1200000000000045,-3.0,-9.421398309595418,Final_Backtest_Forecast_MWH,days8plus_final_low_confidence+long_horizon_peak_month_correction,raw_bias,none,none,recent_mean+last24_mean+same_hour+hourgroup+global+temp_hourgroup+cloud_hourgroup+solar_hourgroup+solar_loss_hourgroup+temp_cloud_hourgroup,3.0,0,,,0,,,,Midday,0,0,0,0,4.0,1.1153819393135678,0.24,3.9,0.0,205.66610468212747,183.56329463392032,-12.46448711853094,12.46448711853094,7.230348609741041,Spring,-3.1244604235822693,0.0,-3.1244604235822693,0.0,Clear/Low,4.0,None,-1.3112349827805512,weighted_fallback,global+hour+temp_cloud_hourgroup,180.55432180893553,0.0,180.42002471216813,none,170+,other,0.7,0.0,0.0,0.0,0.13429709676739005,0.0,,,ar_disabled_or_empty,0.0,,,origin_day_disabled_or_empty,180.42002471216813,-2.12,0.0,1.292425484610618,-20.81038456359653,1.765222486073594,4.0,High,,,,,,,,,,,,,,,,,0.0,none,0.0,0.0,0.0,,,0.0,,,0.0,0.0,none,,,operational_residual_hot_peak_only_v1,0.0,hot_peak_only,,0.0,,0.0,invalid_base_forecast,weather_realism_origin_available_shadow,,,,0.0,,0.0,invalid_base_forecast,,,,,,,,,,0.0,,,,,0.0,45,2025-04-09 23:00:00-07:00,2025-05-24 23:00:00-07:00,2025-06-02,0.0,12.46448711853094,12.46448711853094,0,1,190.549558,120.068808,183.3078747142857,,,,,,,,,,,,,,,,,-9.340026694948676,-8.028791712168129,-8.028791712168129,-8.028791712168129,-8.163088808935527,-3.043088808935522
2025-06-02 15:00:00-07:00,origin_05,2025-05-25 00:00:00-07:00,2025,5,208,9,Days8to16,Summer,6,15,192.298866,90.6,92.8,0.0,14.400399037824652,0.0,0.0,204.51284433236106,203.4861602783203,206.28591532112944,202.01992822259388,201.18763186980155,199.8666313035657,199.8666313035657,199.8666313035657,200.0081146428456,194.8881146428456,197.8881146428456,194.8881146428456,1,-3.0,june_recent_85_93_clear_afternoon_backoff,194.8881146428456,194.8881146428456,operational_residual_hot_peak_only_v1,0,hot_peak_only,194.8881146428456,0.0,194.8881146428456,0,global_shadow_only,origin_available_shadow,-2.589248642845604,2.589248642845604,0.0,-0.35962890078849424,194.52848574205711,1,global,-2.2296197420571104,2.2296197420571104,-0.3596289007884934,-12.213978332361052,-11.187294278320309,-13.987049321129433,-9.721062222593872,-2.589248642845604,-5.589248642845604,-2.589248642845604,-2.589248642845604,2.589248642845604,-3.325212462559506,-1.3210005662358526,0.0,0.0,0.1414833392799153,-5.1200000000000045,-3.0,-9.624729689515448,Final_Backtest_Forecast_MWH,days8plus_final_low_confidence+long_horizon_peak_month_correction,raw_bias,none,none,recent_mean+last24_mean+same_hour+hourgroup+global+temp_hourgroup+cloud_hourgroup+solar_hourgroup+solar_loss_hourgroup+temp_cloud_hourgroup,3.0,0,,,0,,,,Midday,0,0,0,0,4.0,1.2889766497020256,0.21,4.7,0.0,222.25383384133676,199.2667396177298,-12.213978332361052,12.213978332361052,6.3515602491181875,Spring,-3.325212462559493,0.0,-3.325212462559493,0.0,Clear/Low,3.0,None,-1.321000566235859,weighted_fallback,global+hour+temp_cloud_hourgroup,200.0081146428456,0.0,199.8666313035657,none,170+,other,0.7,0.0,0.0,0.0,0.14148333927991533,0.0,,,ar_disabled_or_empty,0.0,,,origin_day_disabled_or_empty,199.8666313035657,-2.12,0.0,5.246104714631258,-17.7409895089757,1.346471092994175,4.0,Medium-High,,,,,,,,,,,,,,,,,0.0,none,0.0,0.0,0.0,,,0.0,,,0.0,0.0,none,,,operational_residual_hot_peak_only_v1,0.0,hot_peak_only,,0.0,,0.0,invalid_base_forecast,weather_realism_origin_available_shadow,,,,0.0,,0.0,invalid_base_forecast,,,,,,,,,,0.0,,,,,0.0,45,2025-04-09 23:00:00-07:00,2025-05-24 23:00:00-07:00,2025-06-02,0.0,12.213978332361052,12.213978332361052,0,1,202.596175,129.458708,198.14156514285713,,,,,,,,,,,,,,,,,-8.888765869801546,-7.567765303565693,-7.567765303565693,-7.567765303565693,-7.709248642845608,-2.589248642845604
2025-06-02 16:00:00-07:00,origin_05,2025-05-25 00:00:00-07:00,2025,5,209,9,Days8to16,Summer,6,16,212.703725,92.2,92.8,0.01,8.987317818068792,0.0,0.0,220.8294526328607,222.84410095214844,220.76994729685367,220.34734721250376,220.8294526328607,219.85653265137682,219.85653265137682,219.85653265137682,220.00906849707087,214.88906849707087,217.88906849707087,214.88906849707087,1,-3.0,june_recent_85_93_clear_afternoon_backoff,214.88906849707087,214.88906849707087,operational_residual_hot_peak_only_v1,0,hot_peak_only,214.88906849707087,0.0,214.88906849707087,0,hot_peak_low_forecast_gate_blocked,origin_available_shadow,-2.1853434970708747,2.1853434970708747,0.0,0.0,214.88906849707087,0,hot_peak_low_forecast_gate_blocked,-2.1853434970708747,2.1853434970708747,0.0,-8.125727632860702,-10.140375952148446,-8.066222296853681,-7.643622212503772,-2.1853434970708747,-5.185343497070875,-2.1853434970708747,-2.1853434970708747,2.1853434970708747,0.0,-0.9729199814838694,0.0,0.0,0.15253584569404666,-5.1200000000000045,-3.0,-5.940384135789827,Final_Backtest_Forecast_MWH,days8plus_final_low_confidence+long_horizon_peak_month_correction,raw_bias,none,none,recent_mean+last24_mean+same_hour+hourgroup+global+temp_hourgroup+cloud_hourgroup+solar_hourgroup+solar_loss_hourgroup+temp_cloud_hourgroup,3.0,0,,,0,,,,Peak,0,0,0,1,4.0,1.35,0.2,5.9,0.0,233.854351575076,214.2604039636606,-8.125727632860702,8.125727632860702,3.8202093700336945,Spring,-0.0,0.0,0.0,0.0,Clear/Low,2.0,None,-0.9729199814838628,weighted_fallback,global+hour+temp_cloud_hourgroup,220.00906849707087,0.0,219.85653265137682,none,170+,other,0.7,0.0,0.0,0.0,0.1525358456940504,0.0,,,ar_disabled_or_empty,0.0,,,origin_day_disabled_or_empty,219.85653265137682,-2.12,0.0,6.5690486692001,-13.024898942215316,1.0274119539142414,4.0,Medium-Low,,,,,,,,,,,,,,,,,0.0,none,0.0,0.0,0.0,,,0.0,,,0.0,0.0,none,,,operational_residual_hot_peak_only_v1,0.0,hot_peak_only,,0.0,,0.0,invalid_base_forecast,weather_realism_origin_available_shadow,,,,0.0,,0.0,invalid_base_forecast,,,,,,,,,,0.0,,,,,0.0,45,2025-04-09 23:00:00-07:00,2025-05-24 23:00:00-07:00,2025-06-02,0.0,8.125727632860702,8.125727632860702,0,1,212.71655,140.886916,212.87089014285718,,,,,,,,,,,,,,,,,-8.125727632860702,-7.152807651376833,-7.152807651376833,-7.152807651376833,-7.305343497070879,-2.1853434970708747
2025-06-02 17:00:00-07:00,origin_05,2025-05-25 00:00:00-07:00,2025,5,210,9,Days8to16,Summer,6,17,227.345075,92.8,92.8,0.02,3.7707741634773226,0.0,0.0,233.54884746007565,230.58750915527344,233.89211514211803,233.85552347538106,233.54884746007565,232.6674420663551,232.6674420663551,232.6674420663551,232.84101647144826,227.72101647144825,230.72101647144825,227.72101647144825,1,-3.0,june_recent_85_93_clear_afternoon_backoff,227.72101647144825,227.72101647144825,operational_residual_hot_peak_only_v1,0,hot_peak_only,227.72101647144825,0.0,227.72101647144825,0,hot_peak_low_forecast_gate_blocked,origin_available_shadow,-0.3759414714482432,0.3759414714482432,0.0,0.0,227.72101647144825,0,hot_peak_low_forecast_gate_blocked,-0.3759414714482432,0.3759414714482432,0.0,-6.2037724600756405,-3.242434155273429,-6.547040142118021,-6.510448475381054,-0.3759414714482432,-3.375941471448243,-0.3759414714482432,-0.3759414714482432,0.3759414714482432,0.0,-0.8814053937205415,0.0,0.0,0.1735744050931487,-5.1200000000000045,-3.0,-5.827830988627397,Final_Backtest_Forecast_MWH,days8plus_final_low_confidence+long_horizon_peak_month_correction,raw_bias,none,none,recent_mean+last24_mean+same_hour+hourgroup+global+temp_hourgroup+cloud_hourgroup+solar_hourgroup+solar_loss_hourgroup+temp_cloud_hourgroup,3.0,0,,,0,,,,Peak,0,0,0,1,4.0,1.35,0.2,7.3,0.0,238.0174102201599,224.46717350506444,-6.2037724600756405,6.2037724600756405,2.7287912263222065,Spring,-0.0,0.0,0.0,0.0,Clear/Low,1.0,None,-0.8814053937205332,weighted_fallback,global+hour+temp_cloud_hourgroup,232.84101647144826,0.0,232.6674420663551,none,170+,other,0.7,0.0,0.0,0.0,0.173574405093158,0.0,,,ar_disabled_or_empty,0.0,,,origin_day_disabled_or_empty,232.6674420663551,-2.12,0.0,9.081673955011212,-4.4685627600842395,0.16536160787659165,4.0,Medium-Low,,,,,,,,,,,,,,,,,0.0,none,0.0,0.0,0.0,,,0.0,,,0.0,0.0,none,,,operational_residual_hot_peak_only_v1,0.0,hot_peak_only,,0.0,,0.0,invalid_base_forecast,weather_realism_origin_available_shadow,,,,0.0,,0.0,invalid_base_forecast,,,,,,,,,,0.0,,,,,0.0,45,2025-04-09 23:00:00-07:00,2025-05-24 23:00:00-07:00,2025-06-02,0.0,6.2037724600756405,6.2037724600756405,0,1,221.741933,155.007775,224.97324014285715,,,,,,,,,,,,,,,,,-6.2037724600756405,-5.322367066355099,-5.322367066355099,-5.322367066355099,-5.495941471448248,-0.3759414714482432
2025-06-02 18:00:00-07:00,origin_05,2025-05-25 00:00:00-07:00,2025,5,211,9,Days8to16,Summer,6,18,230.588625,91.6,92.8,0.0,1.284297327340109e-15,0.0,0.0,234.21731856090602,234.6393280029297,233.71441397913313,234.88702306311376,234.21731856090602,233.3126177808081,233.3126177808081,233.3126177808081,233.51082509649163,231.39082509649162,231.39082509649162,231.39082509649162,0,0.0,none,231.39082509649162,231.39082509649162,operational_residual_hot_peak_only_v1,0,hot_peak_only,231.39082509649162,0.0,231.39082509649162,0,hot_peak_low_forecast_gate_blocked,origin_available_shadow,-0.8022000964916174,0.8022000964916174,0.0,0.0,231.39082509649162,0,hot_peak_low_forecast_gate_blocked,-0.8022000964916174,0.8022000964916174,0.0,-3.628693560906015,-4.05070300292968,-3.1257889791331195,-4.298398063113751,-0.8022000964916174,-0.8022000964916174,-0.8022000964916174,-0.8022000964916174,0.8022000964916174,0.0,-0.9047007800979259,0.0,0.0,0.19820731568353267,-2.1200000000000045,0.0,-2.8264934644143977,Final_Backtest_Forecast_MWH,days8plus_final_low_confidence+long_horizon_peak_month_correction,raw_bias,none,none,recent_mean+last24_mean+same_hour+hourgroup+global+temp_hourgroup+cloud_hourgroup+solar_hourgroup+solar_loss_hourgroup+temp_cloud_hourgroup,3.0,0,,,0,,,,Peak,0,0,0,1,4.0,1.35,0.2,6.7,0.0,234.35220060733673,228.3364111787787,-3.628693560906015,3.628693560906015,1.5736654663281915,Spring,-0.0,0.0,0.0,0.0,Clear/Low,0.0,None,-0.9047007800979261,weighted_fallback,global+hour+temp_cloud_hourgroup,233.51082509649163,0.0,233.3126177808081,none,170+,other,0.7,0.0,0.0,0.0,0.19820731568352656,0.0,,,ar_disabled_or_empty,0.0,,,origin_day_disabled_or_empty,233.3126177808081,-2.12,0.0,5.880907382127333,-0.1348820464307039,0.34789231103295637,4.0,Low,,,,,,,,,,,,,,,,,0.0,none,0.0,0.0,0.0,,,0.0,,,0.0,0.0,none,,,operational_residual_hot_peak_only_v1,0.0,hot_peak_only,,0.0,,0.0,invalid_base_forecast,weather_realism_origin_available_shadow,,,,0.0,,0.0,invalid_base_forecast,,,,,,,,,,0.0,,,,,0.0,45,2025-04-09 23:00:00-07:00,2025-05-24 23:00:00-07:00,2025-06-02,0.0,3.628693560906015,3.628693560906015,0,1,218.111091,162.988158,227.98674242857143,,,,,,,,,,,,,,,,,-3.628693560906015,-2.7239927808080893,-2.7239927808080893,-2.7239927808080893,-2.922200096491622,-0.8022000964916174
2025-06-02 19:00:00-07:00,origin_05,2025-05-25 00:00:00-07:00,2025,5,212,9,Days8to16,Summer,6,19,218.86175,85.6,92.8,0.0,0.0,0.0,0.0,223.92379267399463,223.70037841796875,224.26266128536486,223.45511750070597,223.92379267399463,223.18621336637375,223.18621336637375,223.18621336637375,223.40052364264395,223.40052364264395,223.40052364264395,223.40052364264395,0,0.0,none,223.40052364264395,223.40052364264395,operational_residual_hot_peak_only_v1,0,hot_peak_only,223.40052364264395,0.0,223.40052364264395,0,hot_peak_low_forecast_gate_blocked,origin_available_shadow,-4.538773642643946,4.538773642643946,0.0,0.0,223.40052364264395,0,hot_peak_low_forecast_gate_blocked,-4.538773642643946,4.538773642643946,0.0,-5.062042673994625,-4.838628417968749,-5.400911285364856,-4.593367500705966,-4.538773642643946,-4.538773642643946,-4.538773642643946,-4.538773642643946,4.538773642643946,0.0,-0.7375793076208765,0.0,0.0,0.21431027627019716,0.0,0.0,-0.5232690313506794,Final_Backtest_Forecast_MWH,days8plus_final_low_confidence,raw_bias,none,none,recent_mean+last24_mean+same_hour+hourgroup+global+temp_hourgroup+cloud_hourgroup+solar_hourgroup+solar_loss_hourgroup+temp_cloud_hourgroup,3.0,0,,,0,,,,Peak,0,0,0,1,4.0,0.0,0.31,10.4,0.0,219.23324177144278,221.61638149339498,-5.062042673994625,5.062042673994625,2.312895091990549,Spring,-0.0,0.0,0.0,0.0,Clear/Low,0.0,None,-0.7375793076208673,weighted_fallback,global+hour+temp_cloud_hourgroup,223.40052364264395,0.0,223.18621336637375,none,170+,other,1.0,0.0,0.0,0.0,0.21431027627020796,0.0,,,ar_disabled_or_empty,0.0,,,origin_day_disabled_or_empty,223.18621336637375,0.0,0.0,2.307411180599644,4.690550902551848,2.0738085310219563,4.0,None,,,,,,,,,,,,,,,,,0.0,none,0.0,0.0,0.0,,,0.0,,,0.0,0.0,none,,,operational_residual_hot_peak_only_v1,0.0,hot_peak_only,,0.0,,0.0,invalid_base_forecast,weather_realism_origin_available_shadow,,,,0.0,,0.0,invalid_base_forecast,,,,,,,,,,0.0,,,,,0.0,45,2025-04-09 23:00:00-07:00,2025-05-24 23:00:00-07:00,2025-06-02,0.0,5.062042673994625,5.062042673994625,0,1,205.380041,163.725516,221.98388885714286,,,,,,,,,,,,,,,,,-5.062042673994625,-4.324463366373749,-4.324463366373749,-4.324463366373749,-4.538773642643946,-4.538773642643946
2025-06-02 20:00:00-07:00,origin_05,2025-05-25 00:00:00-07:00,2025,5,213,9,Days8to16,Summer,6,20,200.7944,80.2,92.8,0.0,0.0,0.0,0.0,208.26984797027518,207.89166259765625,208.25364042293296,208.40336993684687,208.26984797027518,207.73994542078782,207.73994542078782,207.73994542078782,207.94033908450297,207.94033908450297,207.94033908450297,207.94033908450297,0,0.0,none,207.94033908450297,207.94033908450297,operational_residual_hot_peak_only_v1,0,hot_peak_only,207.94033908450297,0.0,207.94033908450297,0,hot_peak_low_forecast_gate_blocked,origin_available_shadow,-7.14593908450297,7.14593908450297,0.0,0.0,207.94033908450297,0,hot_peak_low_forecast_gate_blocked,-7.14593908450297,7.14593908450297,0.0,-7.475447970275184,-7.097262597656254,-7.4592404229329645,-7.608969936846876,-7.14593908450297,-7.14593908450297,-7.14593908450297,-7.14593908450297,7.14593908450297,0.0,-0.5299025494873604,0.0,0.0,0.20039366371514689,0.0,0.0,-0.3295088857722135,Final_Backtest_Forecast_MWH,days8plus_final_low_confidence,raw_bias,none,none,recent_mean+last24_mean+same_hour+hourgroup+global+temp_hourgroup+cloud_hourgroup+solar_hourgroup+solar_loss_hourgroup+temp_cloud_hourgroup,3.0,0,,,0,,,,Peak,0,0,0,1,4.0,0.0,0.35,9.6,0.0,201.78415311846177,211.7434616532589,-7.475447970275184,7.475447970275184,3.7229364814333388,Spring,-0.0,0.0,0.0,0.0,Clear/Low,0.0,None,-0.529902549487371,weighted_fallback,global+hour+temp_cloud_hourgroup,207.94033908450297,0.0,207.73994542078782,none,170+,other,1.0,0.0,0.0,0.0,0.20039366371515835,0.0,,,ar_disabled_or_empty,0.0,,,origin_day_disabled_or_empty,207.73994542078782,0.0,0.0,-3.4736136829837108,6.485694851813406,3.558833854182672,4.0,None,,,,,,,,,,,,,,,,,0.0,none,0.0,0.0,0.0,,,0.0,,,0.0,0.0,none,,,operational_residual_hot_peak_only_v1,0.0,hot_peak_only,,0.0,,0.0,invalid_base_forecast,weather_realism_origin_available_shadow,,,,0.0,,0.0,invalid_base_forecast,,,,,,,,,,0.0,,,,,0.0,45,2025-04-09 23:00:00-07:00,2025-05-24 23:00:00-07:00,2025-06-02,0.0,7.475447970275184,7.475447970275184,0,1,187.162816,162.266266,210.26147228571426,,,,,,,,,,,,,,,,,-7.475447970275184,-6.945545420787823,-6.945545420787823,-6.945545420787823,-7.14593908450297,-7.14593908450297
2025-06-03 14:00:00-07:00,origin_05,2025-05-25 00:00:00-07:00,2025,5,231,10,Days8to16,Summer,6,14,160.934191,86.2,93.2,0.0,18.671976759020065,0.0,0.0,172.9061175690595,172.68927001953125,172.839673964054,173.07248539107619,170.76619396640908,169.45495898362853,169.45495898362853,169.45495898362853,169.58925608039593,167.46925608039592,167.46925608039592,167.46925608039592,0,0.0,none,167.46925608039592,167.46925608039592,operational_residual_hot_peak_only_v1,0,hot_peak_only,167.46925608039592,0.0,167.46925608039592,0,global_shadow_only,origin_available_shadow,-6.535065080395924,6.535065080395924,0.0,0.29059496116255484,167.75985104155848,1,global,-6.8256600415584785,6.8256600415584785,0.29059496116255445,-11.971926569059491,-11.755079019531252,-11.905482964053988,-12.138294391076187,-6.535065080395924,-6.535065080395924,-6.535065080395924,-6.535065080395924,6.535065080395924,-2.1399236026504127,-1.3112349827805474,0.0,0.0,0.13429709676739776,-2.1200000000000045,0.0,-5.436861488663567,Final_Backtest_Forecast_MWH,days8plus_final_low_confidence+long_horizon_peak_month_correction,raw_bias,none,none,recent_mean+last24_mean+same_hour+hourgroup+global+temp_hourgroup+cloud_hourgroup+solar_hourgroup+solar_loss_hourgroup+temp_cloud_hourgroup,3.0,0,,,0,,,,Midday,1,0,0,0,4.0,1.1131580963966698,0.28,3.0,0.0,184.85572011853094,192.21867757979118,-11.971926569059491,11.971926569059491,7.43901994639504,Spring,-2.1399236026504243,0.0,-2.1399236026504243,0.0,Clear/Low,4.0,None,-1.3112349827805512,weighted_fallback,global+hour+temp_cloud_hourgroup,169.58925608039593,0.0,169.45495898362853,none,150-170,other,0.7,0.0,0.0,0.0,0.13429709676739005,0.0,,,ar_disabled_or_empty,0.0,,,origin_day_disabled_or_empty,169.45495898362853,-2.12,0.0,-19.312560010731687,-11.94960254947145,4.060706453854746,4.0,High,,,,,,,,,,,,,,,,,0.0,none,0.0,0.0,0.0,,,0.0,,,0.0,0.0,none,,,operational_residual_hot_peak_only_v1,0.0,hot_peak_only,,0.0,,0.0,invalid_base_forecast,weather_realism_origin_available_shadow,,,,0.0,,0.0,invalid_base_forecast,,,,,,,,,,0.0,,,,,0.0,45,2025-04-09 23:00:00-07:00,2025-05-24 23:00:00-07:00,2025-06-03,0.0,11.971926569059491,11.971926569059491,0,1,172.391233,155.65535,190.78250685714283,,,,,,,,,,,,,,,,,-9.832002966409078,-8.52076798362853,-8.52076798362853,-8.52076798362853,-8.655065080395929,-6.535065080395924
2025-06-03 15:00:00-07:00,origin_05,2025-05-25 00:00:00-07:00,2025,5,232,10,Days8to16,Summer,6,15,180.616116,89.4,93.2,0.0,14.400399037824652,0.0,0.0,192.43261187811123,194.0746307373047,192.08599191177626,192.5081521511537,189.31043686234324,187.98943629610739,187.98943629610739,187.98943629610739,188.1309196353873,186.0109196353873,186.0109196353873,186.0109196353873,0,0.0,none,186.0109196353873,186.0109196353873,operational_residual_hot_peak_only_v1,0,hot_peak_only,186.0109196353873,0.0,186.0109196353873,0,global_shadow_only,origin_available_shadow,-5.394803635387291,5.394803635387291,0.0,-0.08860732754972221,185.9223123078376,1,global,-5.306196307837581,5.306196307837581,-0.08860732754970968,-11.816495878111226,-13.458514737304682,-11.469875911776256,-11.89203615115369,-5.394803635387291,-5.394803635387291,-5.394803635387291,-5.394803635387291,5.394803635387291,-3.1221750157679935,-1.3210005662358526,0.0,0.0,0.1414833392799153,-2.1200000000000045,0.0,-6.421692242723935,Final_Backtest_Forecast_MWH,days8plus_final_low_confidence+long_horizon_peak_month_correction,raw_bias,none,none,recent_mean+last24_mean+same_hour+hourgroup+global+temp_hourgroup+cloud_hourgroup+solar_hourgroup+solar_loss_hourgroup+temp_cloud_hourgroup,3.0,0,,,0,,,,Midday,1,0,0,0,4.0,1.2877523082193414,0.24,2.4,0.0,204.51284433236106,209.22979688559718,-11.816495878111226,11.816495878111226,6.54232642125425,Spring,-3.122175015768,0.0,-3.122175015768,0.0,Clear/Low,3.0,None,-1.321000566235859,weighted_fallback,global+hour+temp_cloud_hourgroup,188.1309196353873,0.0,187.98943629610739,none,170+,other,0.7,0.0,0.0,0.0,0.14148333927991533,0.0,,,ar_disabled_or_empty,0.0,,,origin_day_disabled_or_empty,187.98943629610739,-2.12,0.0,-16.79718500748595,-12.080232454249824,2.9868894065839013,4.0,Medium-High,,,,,,,,,,,,,,,,,0.0,none,0.0,0.0,0.0,,,0.0,,,0.0,0.0,none,,,operational_residual_hot_peak_only_v1,0.0,hot_peak_only,,0.0,,0.0,invalid_base_forecast,weather_realism_origin_available_shadow,,,,0.0,,0.0,invalid_base_forecast,,,,,,,,,,0.0,,,,,0.0,45,2025-04-09 23:00:00-07:00,2025-05-24 23:00:00-07:00,2025-06-03,0.0,11.816495878111226,11.816495878111226,0,1,192.298866,170.709708,207.11873057142859,,,,,,,,,,,,,,,,,-8.694320862343233,-7.37332029610738,-7.37332029610738,-7.37332029610738,-7.514803635387295,-5.394803635387291
2025-06-03 16:00:00-07:00,origin_05,2025-05-25 00:00:00-07:00,2025,5,233,10,Days8to16,Summer,6,16,201.546958,91.9,93.2,0.0,8.976041384169083,0.0,0.0,211.19829152036516,210.20199584960938,211.20207009049827,211.47700967322908,211.19829152036516,210.2253715388813,210.2253715388813,210.2253715388813,210.37790738457534,208.25790738457533,208.25790738457533,208.25790738457533,0,0.0,none,208.25790738457533,208.25790738457533,operational_residual_hot_peak_only_v1,0,hot_peak_only,208.25790738457533,0.0,208.25790738457533,0,hot_peak_low_forecast_gate_blocked,origin_available_shadow,-6.710949384575343,6.710949384575343,0.0,0.0,208.25790738457533,0,hot_peak_low_forecast_gate_blocked,-6.710949384575343,6.710949384575343,0.0,-9.65133352036517,-8.655037849609386,-9.655112090498278,-9.930051673229087,-6.710949384575343,-6.710949384575343,-6.710949384575343,-6.710949384575343,6.710949384575343,0.0,-0.9729199814838694,0.0,0.0,0.15253584569404666,-2.1200000000000045,0.0,-2.9403841357898273,Final_Backtest_Forecast_MWH,days8plus_final_low_confidence+long_horizon_peak_month_correction,raw_bias,none,none,recent_mean+last24_mean+same_hour+hourgroup+global+temp_hourgroup+cloud_hourgroup+solar_hourgroup+solar_loss_hourgroup+temp_cloud_hourgroup,3.0,0,,,0,,,,Peak,1,0,0,1,4.0,1.35,0.21,2.8,0.0,220.8294526328607,224.79992440188218,-9.65133352036517,9.65133352036517,4.788627730300534,Spring,-0.0,0.0,0.0,0.0,Clear/Low,2.0,None,-0.9729199814838628,weighted_fallback,global+hour+temp_cloud_hourgroup,210.37790738457534,0.0,210.2253715388813,none,170+,other,0.7,0.0,0.0,0.0,0.1525358456940504,0.0,,,ar_disabled_or_empty,0.0,,,origin_day_disabled_or_empty,210.2253715388813,-2.12,0.0,-13.60163288151702,-9.631161112495533,3.32972000727262,4.0,Medium-Low,,,,,,,,,,,,,,,,,0.0,none,0.0,0.0,0.0,,,0.0,,,0.0,0.0,none,,,operational_residual_hot_peak_only_v1,0.0,hot_peak_only,,0.0,,0.0,invalid_base_forecast,weather_realism_origin_available_shadow,,,,0.0,,0.0,invalid_base_forecast,,,,,,,,,,0.0,,,,,0.0,45,2025-04-09 23:00:00-07:00,2025-05-24 23:00:00-07:00,2025-06-03,0.0,9.65133352036517,9.65133352036517,0,1,212.703725,187.77395,223.13043428571427,,,,,,,,,,,,,,,,,-9.65133352036517,-8.678413538881301,-8.678413538881301,-8.678413538881301,-8.830949384575348,-6.710949384575343
2025-06-03 17:00:00-07:00,origin_05,2025-05-25 00:00:00-07:00,2025,5,234,10,Days8to16,Summer,6,17,217.835566,93.2,93.2,0.0,3.7707741634773226,0.0,0.0,225.52718637666533,223.03921508789062,224.71703944044205,227.5111233589518,225.52718637666533,224.64578098294479,224.64578098294479,224.64578098294479,224.81935538803793,222.69935538803793,222.69935538803793,222.69935538803793,0,0.0,none,222.69935538803793,222.69935538803793,operational_residual_hot_peak_only_v1,0,hot_peak_only,222.69935538803793,0.0,222.69935538803793,0,hot_peak_low_forecast_gate_blocked,origin_available_shadow,-4.8637893880379295,4.8637893880379295,0.0,0.0,222.69935538803793,0,hot_peak_low_forecast_gate_blocked,-4.8637893880379295,4.8637893880379295,0.0,-7.691620376665327,-5.203649087890625,-6.881473440442051,-9.675557358951806,-4.8637893880379295,-4.8637893880379295,-4.8637893880379295,-4.8637893880379295,4.8637893880379295,0.0,-0.8814053937205415,0.0,0.0,0.1735744050931487,-2.1200000000000045,0.0,-2.8278309886273973,Final_Backtest_Forecast_MWH,days8plus_final_low_confidence+long_horizon_peak_month_correction,raw_bias,none,none,recent_mean+last24_mean+same_hour+hourgroup+global+temp_hourgroup+cloud_hourgroup+solar_hourgroup+solar_loss_hourgroup+temp_cloud_hourgroup,3.0,0,,,0,,,,Peak,1,0,0,1,4.0,1.35,0.2,3.5,0.0,233.54884746007565,235.20280954233348,-7.691620376665327,7.691620376665327,3.530929552920356,Spring,-0.0,0.0,0.0,0.0,Clear/Low,1.0,None,-0.8814053937205332,weighted_fallback,global+hour+temp_cloud_hourgroup,224.81935538803793,0.0,224.64578098294479,none,170+,other,0.7,0.0,0.0,0.0,0.173574405093158,0.0,,,ar_disabled_or_empty,0.0,,,origin_day_disabled_or_empty,224.64578098294479,-2.12,0.0,-9.675623165668156,-8.021661083410322,2.2327802008410003,4.0,Medium-Low,,,,,,,,,,,,,,,,,0.0,none,0.0,0.0,0.0,,,0.0,,,0.0,0.0,none,,,operational_residual_hot_peak_only_v1,0.0,hot_peak_only,,0.0,,0.0,invalid_base_forecast,weather_realism_origin_available_shadow,,,,0.0,,0.0,invalid_base_forecast,,,,,,,,,,0.0,,,,,0.0,45,2025-04-09 23:00:00-07:00,2025-05-24 23:00:00-07:00,2025-06-03,0.0,7.691620376665327,7.691620376665327,0,1,227.345075,201.64905,235.30714014285715,,,,,,,,,,,,,,,,,-7.691620376665327,-6.810214982944785,-6.810214982944785,-6.810214982944785,-6.983789388037934,-4.8637893880379295
2025-06-03 18:00:00-07:00,origin_05,2025-05-25 00:00:00-07:00,2025,5,235,10,Days8to16,Summer,6,18,225.40495,91.8,93.2,0.0,1.284297327340109e-15,0.0,0.0,228.7396492487631,227.42593383789062,227.58583508512967,230.92813305186488,228.7396492487631,227.83494846866517,227.83494846866517,227.88619998942502,228.08440730510856,225.96440730510855,225.96440730510855,225.96440730510855,0,0.0,none,225.96440730510855,225.96440730510855,operational_residual_hot_peak_only_v1,0,hot_peak_only,225.96440730510855,0.0,225.96440730510855,0,hot_peak_low_forecast_gate_blocked,origin_available_shadow,-0.5594573051085376,0.5594573051085376,0.0,0.0,225.96440730510855,0,hot_peak_low_forecast_gate_blocked,-0.5594573051085376,0.5594573051085376,0.0,-3.334699248763087,-2.0209838378906113,-2.1808850851296597,-5.523183051864862,-0.5594573051085376,-0.5594573051085376,-0.5594573051085376,-0.5594573051085376,0.5594573051085376,0.0,-0.9047007800979259,0.0,0.05125152075984829,0.19820731568353267,-2.1200000000000045,0.0,-2.7752419436545495,Final_Backtest_Forecast_MWH,days8plus_final_low_confidence+long_horizon_peak_month_correction,raw_bias,none,tree_peak_gap,recent_mean+last24_mean+same_hour+hourgroup+global+temp_hourgroup+cloud_hourgroup+solar_hourgroup+solar_loss_hourgroup+temp_cloud_hourgroup,3.0,0,,,0,,,,Peak,1,0,0,1,4.0,1.35,0.21,3.4,0.0,234.21731856090602,238.40895448859547,-3.334699248763087,3.334699248763087,1.479425917116322,Spring,-0.0,0.0,0.0,0.0,Clear/Low,0.0,None,-0.9047007800979261,weighted_fallback,global+hour+temp_cloud_hourgroup,228.08440730510856,0.0,227.83494846866517,none,170+,other,0.7,0.0,0.0,0.0512515207598355,0.19820731568352656,0.0,,,ar_disabled_or_empty,0.0,,,origin_day_disabled_or_empty,227.88619998942502,-2.12,0.0,-9.669305239832369,-5.477669312142922,0.24820098454294706,4.0,Low,,,,,,,,,,,,,,,,,0.0,none,0.0,0.0,0.0,,,0.0,,,0.0,0.0,none,,,operational_residual_hot_peak_only_v1,0.0,hot_peak_only,,0.0,,0.0,invalid_base_forecast,weather_realism_origin_available_shadow,,,,0.0,,0.0,invalid_base_forecast,,,,,,,,,,0.0,,,,,0.0,45,2025-04-09 23:00:00-07:00,2025-05-24 23:00:00-07:00,2025-06-03,0.0,3.334699248763087,3.334699248763087,0,1,230.588625,208.369383,237.64395199999996,,,,,,,,,,,,,,,,,-3.334699248763087,-2.4299984686651612,-2.4299984686651612,-2.4812499894250095,-2.679457305108542,-0.5594573051085376
2025-06-03 19:00:00-07:00,origin_05,2025-05-25 00:00:00-07:00,2025,5,236,10,Days8to16,Summer,6,19,223.774583,91.4,93.2,0.0,0.0,0.0,0.0,223.78966722205237,220.38583374023438,223.67702485446623,224.9392005087786,223.78966722205237,223.0520879144315,223.0520879144315,223.0520879144315,223.2663981907017,223.2663981907017,223.2663981907017,223.2663981907017,0,0.0,none,223.2663981907017,223.2663981907017,operational_residual_hot_peak_only_v1,0,hot_peak_only,223.2663981907017,0.0,223.2663981907017,0,hot_peak_low_forecast_gate_blocked,origin_available_shadow,0.5081848092983137,0.5081848092983137,0.0,0.0,223.2663981907017,0,hot_peak_low_forecast_gate_blocked,0.5081848092983137,0.5081848092983137,0.0,-0.015084222052365703,3.388749259765632,0.09755814553378173,-1.1646175087786048,0.5081848092983137,0.5081848092983137,0.5081848092983137,0.5081848092983137,0.5081848092983137,0.0,-0.7375793076208765,0.0,0.0,0.21431027627019716,0.0,0.0,-0.5232690313506794,Final_Backtest_Forecast_MWH,days8plus_final_low_confidence,raw_bias,none,none,recent_mean+last24_mean+same_hour+hourgroup+global+temp_hourgroup+cloud_hourgroup+solar_hourgroup+solar_loss_hourgroup+temp_cloud_hourgroup,3.0,0,,,0,,,,Peak,1,0,0,1,4.0,0.0,0.21,2.4,0.0,223.92379267399463,230.28487941262662,-0.015084222052365703,0.015084222052365703,0.006740811154752863,Spring,-0.0,0.0,0.0,0.0,Clear/Low,0.0,None,-0.7375793076208673,weighted_fallback,global+hour+temp_cloud_hourgroup,223.2663981907017,0.0,223.0520879144315,none,170+,other,1.0,0.0,0.0,0.0,0.21431027627020796,0.0,,,ar_disabled_or_empty,0.0,,,origin_day_disabled_or_empty,223.0520879144315,0.0,0.0,-6.49521219057425,-0.13412545194225345,0.22709675177824537,4.0,None,,,,,,,,,,,,,,,,,0.0,none,0.0,0.0,0.0,,,0.0,,,0.0,0.0,none,,,operational_residual_hot_peak_only_v1,0.0,hot_peak_only,,0.0,,0.0,invalid_base_forecast,weather_realism_origin_available_shadow,,,,0.0,,0.0,invalid_base_forecast,,,,,,,,,,0.0,,,,,0.0,45,2025-04-09 23:00:00-07:00,2025-05-24 23:00:00-07:00,2025-06-03,0.0,0.015084222052365703,0.015084222052365703,0,1,218.86175,206.265291,229.8604937142857,,,,,,,,,,,,,,,,,-0.015084222052365703,0.7224950855685108,0.7224950855685108,0.7224950855685108,0.5081848092983137,0.5081848092983137
2025-06-03 20:00:00-07:00,origin_05,2025-05-25 00:00:00-07:00,2025,5,237,10,Days8to16,Summer,6,20,213.767466,88.3,93.2,0.0,0.0,0.0,0.0,215.32039007129305,211.8057861328125,215.45369131291727,216.11508924544935,215.32039007129305,214.7904875218057,214.7904875218057,214.7904875218057,214.99088118552083,214.99088118552083,214.99088118552083,214.99088118552083,0,0.0,none,214.99088118552083,214.99088118552083,operational_residual_hot_peak_only_v1,0,hot_peak_only,214.99088118552083,0.0,214.99088118552083,0,hot_peak_low_forecast_gate_blocked,origin_available_shadow,-1.223415185520821,1.223415185520821,0.0,0.0,214.99088118552083,0,hot_peak_low_forecast_gate_blocked,-1.223415185520821,1.223415185520821,0.0,-1.5529240712930346,1.961679867187513,-1.6862253129172586,-2.3476232454493413,-1.223415185520821,-1.223415185520821,-1.223415185520821,-1.223415185520821,1.223415185520821,0.0,-0.5299025494873604,0.0,0.0,0.20039366371514689,0.0,0.0,-0.3295088857722135,Final_Backtest_Forecast_MWH,days8plus_final_low_confidence,raw_bias,none,none,recent_mean+last24_mean+same_hour+hourgroup+global+temp_hourgroup+cloud_hourgroup+solar_hourgroup+solar_loss_hourgroup+temp_cloud_hourgroup,3.0,0,,,0,,,,Peak,1,0,0,1,4.0,0.0,0.27,0.5,0.0,208.26984797027518,218.58947748187143,-1.5529240712930346,1.5529240712930346,0.7264548251196626,Spring,-0.0,0.0,0.0,0.0,Clear/Low,0.0,None,-0.529902549487371,weighted_fallback,global+hour+temp_cloud_hourgroup,214.99088118552083,0.0,214.7904875218057,none,170+,other,1.0,0.0,0.0,0.0,0.20039366371515835,0.0,,,ar_disabled_or_empty,0.0,,,origin_day_disabled_or_empty,214.7904875218057,0.0,0.0,-3.269087410578379,7.050542101017868,0.572311216675423,4.0,None,,,,,,,,,,,,,,,,,0.0,none,0.0,0.0,0.0,,,0.0,,,0.0,0.0,none,,,operational_residual_hot_peak_only_v1,0.0,hot_peak_only,,0.0,,0.0,invalid_base_forecast,weather_realism_origin_available_shadow,,,,0.0,,0.0,invalid_base_forecast,,,,,,,,,,0.0,,,,,0.0,45,2025-04-09 23:00:00-07:00,2025-05-24 23:00:00-07:00,2025-06-03,0.0,1.5529240712930346,1.5529240712930346,0,1,200.7944,199.32325,215.76549142857144,,,,,,,,,,,,,,,,,-1.5529240712930346,-1.0230215218056742,-1.0230215218056742,-1.0230215218056742,-1.223415185520821,-1.223415185520821
2025-06-04 14:00:00-07:00,origin_05,2025-05-25 00:00:00-07:00,2025,5,255,11,Days8to16,Summer,6,14,197.138925,92.3,98.2,0.0,18.80869625411749,0.0,0.0,208.98901918148397,209.580078125,209.63411935659997,207.80641635101134,203.68190285111325,202.1514984769045,202.1514984769045,202.1514984769045,202.30920487441756,200.18920487441756,200.18920487441756,200.18920487441756,0,0.0,none,200.18920487441756,200.18920487441756,operational_residual_hot_peak_only_v1,0,hot_peak_only,200.18920487441756,0.0,200.18920487441756,0,global_shadow_only,origin_available_shadow,-3.050279874417555,3.050279874417555,0.0,-1.1110127109157404,199.07819216350183,1,global,-1.9392671635018246,1.9392671635018246,-1.1110127109157304,-11.850094181483968,-12.441153125,-12.495194356599967,-10.667491351011336,-3.050279874417555,-3.050279874417555,-3.050279874417555,-3.050279874417555,3.050279874417555,-5.307116330370718,-1.5304043742087572,0.0,0.0,0.15770639751306703,-2.1200000000000045,0.0,-8.799814307066413,Final_Backtest_Forecast_MWH,days8plus_final_low_confidence+long_horizon_peak_month_correction,raw_bias,none,none,recent_mean+last24_mean+same_hour+hourgroup+global+cloud_hourgroup+solar_hourgroup+solar_loss_hourgroup,3.0,0,,,0,,,,Midday,2,0,0,0,5.0,1.1203004319122092,0.21,3.4,0.0,172.9061175690595,195.39836869977765,-11.850094181483968,11.850094181483968,6.0110372324917405,Spring,-5.3071163303707225,0.0,-5.3071163303707225,0.0,Clear/Low,4.0,None,-1.5304043742087499,weighted_fallback,global+hour+temp_cloud_hourgroup,202.30920487441756,0.0,202.1514984769045,none,170+,other,0.7,0.0,0.0,0.0,0.15770639751305843,0.0,,,ar_disabled_or_empty,0.0,,,origin_day_disabled_or_empty,202.1514984769045,-2.12,0.0,13.59065048170632,36.08290161242448,1.5472742759541553,5.0,High,,,,,,,,,,,,,,,,,0.0,none,0.0,0.0,0.0,,,0.0,,,0.0,0.0,none,,,operational_residual_hot_peak_only_v1,0.0,hot_peak_only,,0.0,,0.0,invalid_base_forecast,weather_realism_origin_available_shadow,,,,0.0,,0.0,invalid_base_forecast,,,,,,,,,,0.0,,,,,0.0,45,2025-04-09 23:00:00-07:00,2025-05-24 23:00:00-07:00,2025-06-04,0.0,11.850094181483968,11.850094181483968,0,1,160.934191,161.594758,191.53662699999998,,,,,,,,,,,,,,,,,-6.54297785111325,-5.0125734769044925,-5.0125734769044925,-5.0125734769044925,-5.1702798744175595,-3.050279874417555
2025-06-04 15:00:00-07:00,origin_05,2025-05-25 00:00:00-07:00,2025,5,256,11,Days8to16,Summer,6,15,216.998691,95.4,98.2,0.0,14.496082752361692,0.0,0.0,229.66274677150733,230.0227813720703,230.74444692699873,227.86006521271707,224.3556304411366,222.81484142124742,222.81484142124742,222.81484142124742,222.9807071982799,220.8607071982799,220.8607071982799,220.8607071982799,0,0.0,none,220.8607071982799,220.8607071982799,operational_residual_hot_peak_only_v1,0,hot_peak_only,220.8607071982799,0.0,220.8607071982799,0,global_shadow_only,origin_available_shadow,-3.862016198279889,3.862016198279889,0.0,-1.1862369099275667,219.67447028835232,1,global,-2.6757792883523166,2.6757792883523166,-1.1862369099275725,-12.664055771507321,-13.024090372070305,-13.745755926998726,-10.861374212717067,-3.862016198279889,-3.862016198279889,-3.862016198279889,-3.862016198279889,3.862016198279889,-5.307116330370718,-1.5407890198891891,0.0,0.0,0.1658657770324794,-2.1200000000000045,0.0,-8.802039573227432,Final_Backtest_Forecast_MWH,days8plus_final_low_confidence+long_horizon_peak_month_correction,raw_bias,none,none,recent_mean+last24_mean+same_hour+hourgroup+global+cloud_hourgroup+solar_hourgroup+solar_loss_hourgroup,3.0,0,,,0,,,,Midday,2,0,0,0,5.0,1.2951430191460591,0.18,3.7,0.0,192.43261187811123,213.2157448925803,-12.664055771507321,12.664055771507321,5.836005605908158,Spring,-5.3071163303707225,0.0,-5.3071163303707225,0.0,Clear/Low,3.0,None,-1.540789019889181,weighted_fallback,global+hour+temp_cloud_hourgroup,222.9807071982799,0.0,222.81484142124742,none,170+,other,0.7,0.0,0.0,0.0,0.1658657770324882,0.0,,,ar_disabled_or_empty,0.0,,,origin_day_disabled_or_empty,222.81484142124742,-2.12,0.0,16.44700187892704,37.2301348933961,1.7797417028104974,5.0,Medium-High,,,,,,,,,,,,,,,,,0.0,none,0.0,0.0,0.0,,,0.0,,,0.0,0.0,none,,,operational_residual_hot_peak_only_v1,0.0,hot_peak_only,,0.0,,0.0,invalid_base_forecast,weather_realism_origin_available_shadow,,,,0.0,,0.0,invalid_base_forecast,,,,,,,,,,0.0,,,,,0.0,45,2025-04-09 23:00:00-07:00,2025-05-24 23:00:00-07:00,2025-06-04,0.0,12.664055771507321,12.664055771507321,0,1,180.616116,178.536733,208.5339317142857,,,,,,,,,,,,,,,,,-7.356939441136603,-5.816150421247414,-5.816150421247414,-5.816150421247414,-5.982016198279894,-3.862016198279889
2025-06-04 16:00:00-07:00,origin_05,2025-05-25 00:00:00-07:00,2025,5,257,11,Days8to16,Summer,6,16,236.047391,97.0,98.2,0.0,9.066252855366763,0.0,0.0,247.9202733104616,248.07733154296875,249.1715509551278,245.90910608812692,247.9202733104616,246.81159386187502,246.81159386187502,246.81159386187502,246.95440819369404,236.83440819369403,244.83440819369403,236.83440819369403,1,-8.0,june_recent_clear_98_100_peak_backoff+june_long_95_100_low_forecast_hot_extra_up+june_long_98_100_clear_high_state_overstack_backoff,236.83440819369403,236.83440819369403,operational_residual_hot_peak_only_v1,0,hot_peak_only,236.83440819369403,0.0,236.83440819369403,0,hot_peak_low_forecast_gate_blocked,origin_available_shadow,-0.7870171936940267,0.7870171936940267,0.0,0.0,236.83440819369403,0,hot_peak_low_forecast_gate_blocked,-0.7870171936940267,0.7870171936940267,0.0,-11.872882310461591,-12.029940542968745,-13.124159955127794,-9.861715088126914,-0.7870171936940267,-8.787017193694027,-0.7870171936940267,-0.7870171936940267,0.7870171936940267,0.0,-1.108679448586571,0.0,0.0,0.14281433181901093,-10.120000000000005,-8.0,-11.085865116767565,Final_Backtest_Forecast_MWH,days8plus_final_low_confidence+long_horizon_peak_month_correction,raw_bias,none,none,recent_mean+last24_mean+same_hour+hourgroup+global+cloud_hourgroup+solar_hourgroup+solar_loss_hourgroup,3.0,0,,,0,,,,Peak,2,0,0,1,5.0,1.35,0.14,4.2,0.0,211.19829152036516,229.22849846542817,-11.872882310461591,11.872882310461591,5.029872289696941,Spring,-0.0,0.0,0.0,0.0,Clear/Low,2.0,None,-1.108679448586568,weighted_fallback,global+hour+temp_cloud_hourgroup,246.95440819369404,0.0,246.81159386187502,none,170+,other,0.7,0.0,0.0,0.0,0.14281433181900624,0.0,,,ar_disabled_or_empty,0.0,,,origin_day_disabled_or_empty,246.81159386187502,-2.12,0.0,18.69177484503342,36.721981790096436,0.33341490891294223,5.0,Medium-Low,,,,,,,,,,,,,,,,,0.0,none,0.0,0.0,0.0,,,0.0,,,0.0,0.0,none,,,operational_residual_hot_peak_only_v1,0.0,hot_peak_only,,0.0,,0.0,invalid_base_forecast,weather_realism_origin_available_shadow,,,,0.0,,0.0,invalid_base_forecast,,,,,,,,,,0.0,,,,,0.0,45,2025-04-09 23:00:00-07:00,2025-05-24 23:00:00-07:00,2025-06-04,0.0,11.872882310461591,11.872882310461591,0,1,201.546958,191.998741,225.09800685714285,,,,,,,,,,,,,,,,,-11.872882310461591,-10.76420286187502,-10.76420286187502,-10.76420286187502,-10.907017193694031,-0.7870171936940267
2025-06-04 17:00:00-07:00,origin_05,2025-05-25 00:00:00-07:00,2025,5,258,11,Days8to16,Summer,6,17,247.70025,98.2,98.2,0.0,3.834982392267184,0.0,0.0,260.47525168030717,260.0301513671875,261.1624026996656,259.5226144536353,260.47525168030717,259.4650425391478,259.4650425391478,259.4650425391478,259.6317444019512,247.5117444019512,257.5117444019512,247.5117444019512,1,-10.0,june_recent_clear_98_100_peak_backoff+june_long_98_100_clear_high_state_overstack_backoff,247.5117444019512,247.5117444019512,operational_residual_hot_peak_only_v1,0,hot_peak_only,247.5117444019512,0.0,247.5117444019512,0,hot_peak_low_forecast_gate_blocked,origin_available_shadow,0.18850559804880618,0.18850559804880618,0.0,0.0,247.5117444019512,0,hot_peak_low_forecast_gate_blocked,0.18850559804880618,0.18850559804880618,0.0,-12.775001680307156,-12.329901367187489,-13.462152699665609,-11.822364453635288,0.18850559804880618,-9.811494401951194,0.18850559804880618,0.18850559804880618,0.18850559804880618,0.0,-1.0102091411593506,0.0,0.0,0.16670186280339294,-12.120000000000005,-10.0,-12.963507278355962,Final_Backtest_Forecast_MWH,days8plus_final_low_confidence+long_horizon_peak_month_correction,raw_bias,none,none,recent_mean+last24_mean+same_hour+hourgroup+global+cloud_hourgroup+solar_hourgroup+solar_loss_hourgroup,3.0,0,,,0,,,,Peak,2,0,0,1,5.0,1.35,0.12,6.2,0.0,225.52718637666533,240.03272251900492,-12.775001680307156,12.775001680307156,5.157443999474023,Spring,-0.0,0.0,0.0,0.0,Clear/Low,1.0,None,-1.0102091411593284,weighted_fallback,global+hour+temp_cloud_hourgroup,259.6317444019512,0.0,259.4650425391478,none,170+,other,0.7,0.0,0.0,0.0,0.16670186280340965,0.0,,,ar_disabled_or_empty,0.0,,,origin_day_disabled_or_empty,259.4650425391478,-2.12,0.0,20.442529161302247,34.94806530364184,0.07610230431693395,5.0,Medium-Low,,,,,,,,,,,,,,,,,0.0,none,0.0,0.0,0.0,,,0.0,,,0.0,0.0,none,,,operational_residual_hot_peak_only_v1,0.0,hot_peak_only,,0.0,,0.0,invalid_base_forecast,weather_realism_origin_available_shadow,,,,0.0,,0.0,invalid_base_forecast,,,,,,,,,,0.0,,,,,0.0,45,2025-04-09 23:00:00-07:00,2025-05-24 23:00:00-07:00,2025-06-04,0.0,12.775001680307156,12.775001680307156,0,1,217.835566,201.982691,237.61949957142858,,,,,,,,,,,,,,,,,-12.775001680307156,-11.764792539147805,-11.764792539147805,-11.764792539147805,-11.931494401951198,0.18850559804880618
2025-06-04 18:00:00-07:00,origin_05,2025-05-25 00:00:00-07:00,2025,5,259,11,Days8to16,Summer,6,18,250.35325,95.5,98.2,0.0,1.3146785544384773e-15,0.0,0.0,263.12453223760065,264.4474792480469,264.2028336427652,261.052073740786,263.12453223760065,262.08925710516843,262.08925710516843,262.08925710516843,262.28392758520465,250.16392758520465,260.16392758520465,250.16392758520465,1,-10.0,june_recent_clear_98_100_peak_backoff+june_long_98_100_clear_high_state_overstack_backoff,250.16392758520465,250.16392758520465,operational_residual_hot_peak_only_v1,0,hot_peak_only,250.16392758520465,0.0,250.16392758520465,0,hot_peak_low_forecast_gate_blocked,origin_available_shadow,0.18932241479535605,0.18932241479535605,0.0,0.0,250.16392758520465,0,hot_peak_low_forecast_gate_blocked,0.18932241479535605,0.18932241479535605,0.0,-12.771282237600644,-14.094229248046872,-13.849583642765197,-10.698823740785997,0.18932241479535605,-9.810677585204644,0.18932241479535605,0.18932241479535605,0.18932241479535605,0.0,-1.0352751324322185,0.0,0.0,0.19467048003622267,-12.120000000000005,-10.0,-12.960604652396,Final_Backtest_Forecast_MWH,days8plus_final_low_confidence+long_horizon_peak_month_correction,raw_bias,none,none,recent_mean+last24_mean+same_hour+hourgroup+global+cloud_hourgroup+solar_hourgroup+solar_loss_hourgroup,3.0,0,,,0,,,,Peak,2,0,0,1,5.0,1.35,0.12,2.0,0.0,228.7396492487631,242.63535928405693,-12.771282237600644,12.771282237600644,5.101304751426492,Spring,-0.0,0.0,0.0,0.0,Clear/Low,0.0,None,-1.0352751324322234,weighted_fallback,global+hour+temp_cloud_hourgroup,262.28392758520465,0.0,262.08925710516843,none,170+,other,0.7,0.0,0.0,0.0,0.19467048003622395,0.0,,,ar_disabled_or_empty,0.0,,,origin_day_disabled_or_empty,262.08925710516843,-2.12,0.0,20.489172953543715,34.384882988837546,0.07562211187406437,5.0,Low,,,,,,,,,,,,,,,,,0.0,none,0.0,0.0,0.0,,,0.0,,,0.0,0.0,none,,,operational_residual_hot_peak_only_v1,0.0,hot_peak_only,,0.0,,0.0,invalid_base_forecast,weather_realism_origin_available_shadow,,,,0.0,,0.0,invalid_base_forecast,,,,,,,,,,0.0,,,,,0.0,45,2025-04-09 23:00:00-07:00,2025-05-24 23:00:00-07:00,2025-06-04,0.0,12.771282237600644,12.771282237600644,0,1,225.40495,204.00335,240.07760442857142,,,,,,,,,,,,,,,,,-12.771282237600644,-11.736007105168426,-11.736007105168426,-11.736007105168426,-11.930677585204648,0.18932241479535605
2025-06-04 19:00:00-07:00,origin_05,2025-05-25 00:00:00-07:00,2025,5,260,11,Days8to16,Summer,6,19,240.285725,88.1,98.2,0.0,0.0,0.0,0.0,248.81544595261158,248.41383361816406,248.94374178206562,248.72858460188306,248.81544595261158,247.95999464034526,247.95999464034526,247.95999464034526,248.17294869021427,242.17294869021427,248.17294869021427,242.17294869021427,1,-6.0,june_long_98_100_clear_high_state_overstack_backoff,242.17294869021427,242.17294869021427,operational_residual_hot_peak_only_v1,0,hot_peak_only,242.17294869021427,0.0,242.17294869021427,0,hot_peak_low_forecast_gate_blocked,origin_available_shadow,-1.887223690214256,1.887223690214256,0.0,0.0,242.17294869021427,0,hot_peak_low_forecast_gate_blocked,-1.887223690214256,1.887223690214256,0.0,-8.52972095261157,-8.128108618164049,-8.658016782065602,-8.442859601883043,-1.887223690214256,-7.887223690214256,-1.887223690214256,-1.887223690214256,1.887223690214256,0.0,-0.8554513122663252,0.0,0.0,0.2129540498690119,-6.0,-6.0,-6.642497262397313,Final_Backtest_Forecast_MWH,days8plus_final_low_confidence,raw_bias,none,none,recent_mean+last24_mean+same_hour+hourgroup+global+cloud_hourgroup+solar_hourgroup+solar_loss_hourgroup,3.0,0,,,0,,,,Peak,2,0,0,1,5.0,0.0,0.3,10.2,0.0,223.78966722205237,234.09461664040106,-8.52972095261157,8.52972095261157,3.5498242571886323,Spring,-0.0,0.0,0.0,0.0,Clear/Low,0.0,None,-0.8554513122663284,weighted_fallback,global+hour+temp_cloud_hourgroup,248.17294869021427,0.0,247.95999464034526,none,170+,other,1.0,0.0,0.0,0.0,0.2129540498690185,0.0,,,ar_disabled_or_empty,0.0,,,origin_day_disabled_or_empty,247.95999464034526,0.0,0.0,14.720829312210526,25.02577873055921,0.7854081594794098,5.0,None,,,,,,,,,,,,,,,,,0.0,none,0.0,0.0,0.0,,,0.0,,,0.0,0.0,none,,,operational_residual_hot_peak_only_v1,0.0,hot_peak_only,,0.0,,0.0,invalid_base_forecast,weather_realism_origin_available_shadow,,,,0.0,,0.0,invalid_base_forecast,,,,,,,,,,0.0,,,,,0.0,45,2025-04-09 23:00:00-07:00,2025-05-24 23:00:00-07:00,2025-06-04,0.0,8.52972095261157,8.52972095261157,0,1,223.774583,194.529375,232.36182114285717,,,,,,,,,,,,,,,,,-8.52972095261157,-7.674269640345244,-7.674269640345244,-7.674269640345244,-7.887223690214256,-1.887223690214256
2025-06-04 20:00:00-07:00,origin_05,2025-05-25 00:00:00-07:00,2025,5,261,11,Days8to16,Summer,6,20,223.981825,84.7,98.2,0.0,0.0,0.0,0.0,233.45290609246038,233.1036376953125,233.52875869761547,233.43350011211606,233.45290609246038,232.8209163584922,232.8209163584922,232.8209163584922,233.0180692545227,229.0180692545227,233.0180692545227,229.0180692545227,1,-4.0,june_long_95_100_low_forecast_hot_extra_up+june_long_98_100_clear_high_state_overstack_backoff,229.0180692545227,229.0180692545227,operational_residual_hot_peak_only_v1,0,hot_peak_only,229.0180692545227,0.0,229.0180692545227,0,hot_peak_low_forecast_gate_blocked,origin_available_shadow,-5.0362442545227,5.0362442545227,0.0,0.0,229.0180692545227,0,hot_peak_low_forecast_gate_blocked,-5.0362442545227,5.0362442545227,0.0,-9.471081092460395,-9.121812695312514,-9.546933697615486,-9.451675112116078,-5.0362442545227,-9.0362442545227,-5.0362442545227,-5.0362442545227,5.0362442545227,0.0,-0.6319897339681688,0.0,0.0,0.1971528960304738,-4.0,-4.0,-4.434836837937695,Final_Backtest_Forecast_MWH,days8plus_final_low_confidence,raw_bias,none,none,recent_mean+last24_mean+same_hour+hourgroup+global+cloud_hourgroup+solar_hourgroup+solar_loss_hourgroup,3.0,0,,,0,,,,Peak,2,0,0,1,5.0,0.0,0.31,8.5,0.0,215.32039007129305,221.85937546198784,-9.471081092460395,9.471081092460395,4.228504296034018,Spring,-0.0,0.0,0.0,0.0,Clear/Low,0.0,None,-0.6319897339681816,weighted_fallback,global+hour+temp_cloud_hourgroup,233.0180692545227,0.0,232.8209163584922,none,170+,other,1.0,0.0,0.0,0.0,0.19715289603047262,0.0,,,ar_disabled_or_empty,0.0,,,origin_day_disabled_or_empty,232.8209163584922,0.0,0.0,11.593530630472543,18.132516021167334,2.24850576805627,5.0,None,,,,,,,,,,,,,,,,,0.0,none,0.0,0.0,0.0,,,0.0,,,0.0,0.0,none,,,operational_residual_hot_peak_only_v1,0.0,hot_peak_only,,0.0,,0.0,invalid_base_forecast,weather_realism_origin_available_shadow,,,,0.0,,0.0,invalid_base_forecast,,,,,,,,,,0.0,,,,,0.0,45,2025-04-09 23:00:00-07:00,2025-05-24 23:00:00-07:00,2025-06-04,0.0,9.471081092460395,9.471081092460395,0,1,213.767466,182.528825,217.82895085714284,,,,,,,,,,,,,,,,,-9.471081092460395,-8.839091358492226,-8.839091358492226,-8.839091358492226,-9.0362442545227,-5.0362442545227
2025-06-06 14:00:00-07:00,origin_05,2025-05-25 00:00:00-07:00,2025,5,303,13,Days8to16,Summer,6,14,180.4555,90.3,95.1,0.02,18.45713183815268,0.0,0.0,178.20867098293778,177.688232421875,177.32667489505212,179.74336156706178,174.6829122832373,173.15250790902854,173.15250790902854,173.15250790902854,173.3102143065416,171.1902143065416,171.1902143065416,171.1902143065416,0,0.0,none,171.1902143065416,171.1902143065416,operational_residual_hot_peak_only_v1,0,hot_peak_only,171.1902143065416,0.0,171.1902143065416,0,global_shadow_only,origin_available_shadow,9.265285693458395,9.265285693458395,0.0,-0.4441886033625157,170.7460257031791,1,global,9.7094742968209,9.7094742968209,0.4441886033625053,2.2468290170622254,2.7672675781250007,3.128825104947879,0.7121384329382181,9.265285693458395,9.265285693458395,9.265285693458395,9.265285693458395,9.265285693458395,-3.525758699700475,-1.5304043742087572,0.0,0.0,0.15770639751306703,-2.1200000000000045,0.0,-7.01845667639617,Final_Backtest_Forecast_MWH,days8plus_final_low_confidence+long_horizon_peak_month_correction,raw_bias,none,none,recent_mean+last24_mean+same_hour+hourgroup+global+cloud_hourgroup+solar_hourgroup+solar_loss_hourgroup,3.0,0,,,0,,,,Midday,4,0,0,0,5.0,1.0975509306830216,0.26,2.7,0.0,170.97623257519083,204.33493027698495,2.2468290170622254,2.2468290170622254,1.2450875795208376,Spring,-3.5257586997004733,0.0,-3.5257586997004733,0.0,Clear/Low,4.0,None,-1.5304043742087499,weighted_fallback,global+hour+temp_cloud_hourgroup,173.3102143065416,0.0,173.15250790902854,none,170+,other,0.7,0.0,0.0,0.0,0.15770639751305843,0.0,,,ar_disabled_or_empty,0.0,,,origin_day_disabled_or_empty,173.15250790902854,-2.12,0.0,-26.126259294047173,7.23243840774694,5.134388086513515,5.0,High,,,,,,,,,,,,,,,,,0.0,none,0.0,0.0,0.0,,,0.0,,,0.0,0.0,none,,,operational_residual_hot_peak_only_v1,0.0,hot_peak_only,,0.0,,0.0,invalid_base_forecast,weather_realism_origin_available_shadow,,,,0.0,,0.0,invalid_base_forecast,,,,,,,,,,0.0,,,,,0.0,45,2025-04-09 23:00:00-07:00,2025-05-24 23:00:00-07:00,2025-06-06,2.2468290170622254,0.0,-2.2468290170622254,1,0,164.56965,231.477816,196.99319614285716,,,,,,,,,,,,,,,,,5.7725877167627,7.302992090971458,7.302992090971458,7.302992090971458,7.145285693458391,9.265285693458395
2025-06-06 15:00:00-07:00,origin_05,2025-05-25 00:00:00-07:00,2025,5,304,13,Days8to16,Summer,6,15,202.782825,93.1,95.1,0.2,14.161189751482048,0.0,0.0,200.38426095016047,200.37686157226562,199.840260404473,201.24123305849633,196.01125452170535,194.47046550181616,194.47046550181616,194.47046550181616,194.63633127884864,192.51633127884864,192.51633127884864,192.51633127884864,0,0.0,none,192.51633127884864,192.51633127884864,operational_residual_hot_peak_only_v1,0,hot_peak_only,192.51633127884864,0.0,192.51633127884864,0,global_shadow_only,origin_available_shadow,10.266493721151363,10.266493721151363,0.0,-0.5911256538310246,191.9252056250176,1,global,10.857619374982391,10.857619374982391,0.5911256538310283,2.3985640498395355,2.4059634277343775,2.9425645955269886,1.5415919415036683,10.266493721151363,10.266493721151363,10.266493721151363,10.266493721151363,10.266493721151363,-4.373006428455113,-1.5407890198891891,0.0,0.0,0.1658657770324794,-2.1200000000000045,0.0,-7.867929671311828,Final_Backtest_Forecast_MWH,days8plus_final_low_confidence+long_horizon_peak_month_correction,raw_bias,none,none,recent_mean+last24_mean+same_hour+hourgroup+global+cloud_hourgroup+solar_hourgroup+solar_loss_hourgroup,3.0,0,,,0,,,,Midday,4,0,0,0,5.0,1.2631399445706302,0.23,3.8,0.0,188.11814485620275,222.88066080557292,2.3985640498395355,2.3985640498395355,1.1828240630534343,Spring,-4.373006428455103,0.0,-4.373006428455103,0.0,Clear/Low,3.0,None,-1.540789019889181,weighted_fallback,global+hour+temp_cloud_hourgroup,194.63633127884864,0.0,194.47046550181616,none,170+,other,0.7,0.0,0.0,0.0,0.1658657770324882,0.0,,,ar_disabled_or_empty,0.0,,,origin_day_disabled_or_empty,194.47046550181616,-2.12,0.0,-22.49639985541245,12.26611609395772,5.062802395198589,5.0,Medium-High,,,,,,,,,,,,,,,,,0.0,none,0.0,0.0,0.0,,,0.0,,,0.0,0.0,none,,,operational_residual_hot_peak_only_v1,0.0,hot_peak_only,,0.0,,0.0,invalid_base_forecast,weather_realism_origin_available_shadow,,,,0.0,,0.0,invalid_base_forecast,,,,,,,,,,0.0,,,,,0.0,45,2025-04-09 23:00:00-07:00,2025-05-24 23:00:00-07:00,2025-06-06,2.3985640498395355,0.0,-2.3985640498395355,1,0,182.742916,252.557783,215.095134,,,,,,,,,,,,,,,,,6.771570478294649,8.312359498183838,8.312359498183838,8.312359498183838,8.146493721151359,10.266493721151363
2025-06-06 16:00:00-07:00,origin_05,2025-05-25 00:00:00-07:00,2025,5,305,13,Days8to16,Summer,6,16,223.283575,95.0,95.1,0.34,8.784342007874013,0.0,0.0,218.86230761518385,220.54615783691406,218.83600466711667,218.42254075593786,218.86230761518385,217.91226485724232,217.91226485724232,217.91226485724232,218.0612630299056,217.9412630299056,215.9412630299056,217.9412630299056,1,2.0,june_long_95_100_low_forecast_hot_extra_up,217.9412630299056,217.9412630299056,operational_residual_hot_peak_only_v1,0,hot_peak_only,217.9412630299056,0.0,217.9412630299056,0,hot_peak_low_forecast_gate_blocked,origin_available_shadow,5.342311970094414,5.342311970094414,0.0,0.0,217.9412630299056,0,hot_peak_low_forecast_gate_blocked,5.342311970094414,5.342311970094414,0.0,4.421267384816161,2.7374171630859507,4.447570332883345,4.861034244062154,5.342311970094414,7.342311970094414,5.342311970094414,5.342311970094414,5.342311970094414,0.0,-0.9500427579415316,0.0,0.0,0.1489981726632834,-0.12000000000000455,2.0,-0.9210445852782527,Final_Backtest_Forecast_MWH,days8plus_final_low_confidence+long_horizon_peak_month_correction,raw_bias,none,none,recent_mean+last24_mean+same_hour+hourgroup+global+solar_hourgroup+solar_loss_hourgroup,3.0,0,,,0,,,,Peak,4,0,0,1,5.0,1.35,0.19,4.4,0.0,204.68528855538403,239.08644565175442,4.421267384816161,4.421267384816161,1.9801131296004022,Spring,-0.0,0.0,0.0,1.0,Some Clouds,2.0,None,-0.9500427579415266,weighted_fallback,global+hour,218.0612630299056,0.0,217.91226485724232,none,170+,other,0.7,0.0,0.0,0.0,0.14899817266327625,0.0,,,ar_disabled_or_empty,0.0,,,origin_day_disabled_or_empty,217.91226485724232,-2.12,0.0,-20.224138036570565,14.177019059799818,2.3926130572275253,5.0,Medium-Low,,,,,,,,,,,,,,,,,0.0,none,0.0,0.0,0.0,,,0.0,,,0.0,0.0,none,,,operational_residual_hot_peak_only_v1,0.0,hot_peak_only,,0.0,,0.0,invalid_base_forecast,weather_realism_origin_available_shadow,,,,0.0,,0.0,invalid_base_forecast,,,,,,,,,,0.0,,,,,0.0,45,2025-04-09 23:00:00-07:00,2025-05-24 23:00:00-07:00,2025-06-06,4.421267384816161,0.0,-4.421267384816161,1,0,200.369225,270.470566,232.282664,,,,,,,,,,,,,,,,,4.421267384816161,5.371310142757693,5.371310142757693,5.371310142757693,5.22231197009441,5.342311970094414
2025-06-06 17:00:00-07:00,origin_05,2025-05-25 00:00:00-07:00,2025,5,306,13,Days8to16,Summer,6,17,235.254941,95.1,95.1,0.35,3.5606381419832305,0.0,0.0,233.12757571136797,231.91323852539062,234.3717301932822,231.51942929292488,233.12757571136797,232.2939269937483,232.2939269937483,232.2939269937483,232.4681251990984,232.3481251990984,230.3481251990984,232.3481251990984,1,2.0,june_long_95_100_low_forecast_hot_extra_up,232.3481251990984,232.3481251990984,operational_residual_hot_peak_only_v1,0,hot_peak_only,232.3481251990984,0.0,232.3481251990984,0,hot_peak_low_forecast_gate_blocked,origin_available_shadow,2.9068158009015974,2.9068158009015974,0.0,0.0,232.3481251990984,0,hot_peak_low_forecast_gate_blocked,2.9068158009015974,2.9068158009015974,0.0,2.127365288632035,3.3417024746093773,0.8832108067178126,3.735511707075119,2.9068158009015974,4.906815800901597,2.9068158009015974,2.9068158009015974,2.9068158009015974,0.0,-0.833648717619667,0.0,0.0,0.174198205350109,-0.12000000000000455,2.0,-0.7794505122695625,Final_Backtest_Forecast_MWH,days8plus_final_low_confidence+long_horizon_peak_month_correction,raw_bias,none,none,recent_mean+last24_mean+same_hour+hourgroup+global+solar_hourgroup+solar_loss_hourgroup,3.0,0,,,0,,,,Peak,4,0,0,1,5.0,1.35,0.18,5.4,0.0,214.14669582727356,249.54916593570053,2.127365288632035,2.127365288632035,0.9042808111018739,Spring,-0.0,0.0,0.0,1.0,Some Clouds,1.0,None,-0.8336487176196754,weighted_fallback,global+hour,232.4681251990984,0.0,232.2939269937483,none,170+,other,0.7,0.0,0.0,0.0,0.17419820535011946,0.0,,,ar_disabled_or_empty,0.0,,,origin_day_disabled_or_empty,232.2939269937483,-2.12,0.0,-16.42159022433256,18.980879884094406,1.235602444116826,5.0,Medium-Low,,,,,,,,,,,,,,,,,0.0,none,0.0,0.0,0.0,,,0.0,,,0.0,0.0,none,,,operational_residual_hot_peak_only_v1,0.0,hot_peak_only,,0.0,,0.0,invalid_base_forecast,weather_realism_origin_available_shadow,,,,0.0,,0.0,invalid_base_forecast,,,,,,,,,,0.0,,,,,0.0,45,2025-04-09 23:00:00-07:00,2025-05-24 23:00:00-07:00,2025-06-06,2.127365288632035,0.0,-2.127365288632035,1,0,211.377175,282.451416,244.24934857142856,,,,,,,,,,,,,,,,,2.127365288632035,2.961014006251702,2.961014006251702,2.961014006251702,2.786815800901593,2.9068158009015974
2025-06-06 18:00:00-07:00,origin_05,2025-05-25 00:00:00-07:00,2025,5,307,13,Days8to16,Summer,6,18,239.246025,93.8,95.1,0.21,1.2594399597141713e-15,0.0,0.0,237.73552435113248,238.3518524169922,236.9894173962444,238.73188440428248,237.73552435113248,236.87224708786133,236.87224708786133,236.87224708786133,237.07595064765485,236.95595064765484,234.95595064765484,236.95595064765484,1,2.0,june_long_95_100_low_forecast_hot_extra_up,236.95595064765484,236.95595064765484,operational_residual_hot_peak_only_v1,0,hot_peak_only,236.95595064765484,0.0,236.95595064765484,0,hot_peak_low_forecast_gate_blocked,origin_available_shadow,2.290074352345158,2.290074352345158,0.0,0.0,236.95595064765484,0,hot_peak_low_forecast_gate_blocked,2.290074352345158,2.290074352345158,0.0,1.5105006488675201,0.8941725830078155,2.2566076037556115,0.5141405957175209,2.290074352345158,4.290074352345158,2.290074352345158,2.290074352345158,2.290074352345158,0.0,-0.8632772632711578,0.0,0.0,0.2037035597935244,-0.12000000000000455,2.0,-0.779573703477638,Final_Backtest_Forecast_MWH,days8plus_final_low_confidence+long_horizon_peak_month_correction,raw_bias,none,none,recent_mean+last24_mean+same_hour+hourgroup+global+solar_hourgroup+solar_loss_hourgroup,3.0,0,,,0,,,,Peak,4,0,0,1,5.0,1.35,0.19,4.5,0.0,219.5717686873458,251.32356258622335,1.5105006488675201,1.5105006488675201,0.6313587232504783,Spring,-0.0,0.0,0.0,1.0,Some Clouds,0.0,None,-0.8632772632711682,weighted_fallback,global+hour,237.07595064765485,0.0,236.87224708786133,none,170+,other,0.7,0.0,0.0,0.0,0.20370355979352792,0.0,,,ar_disabled_or_empty,0.0,,,origin_day_disabled_or_empty,236.87224708786133,-2.12,0.0,-13.588038235090863,18.163755663786674,0.9572047654063044,5.0,Low,,,,,,,,,,,,,,,,,0.0,none,0.0,0.0,0.0,,,0.0,,,0.0,0.0,none,,,operational_residual_hot_peak_only_v1,0.0,hot_peak_only,,0.0,,0.0,invalid_base_forecast,weather_realism_origin_available_shadow,,,,0.0,,0.0,invalid_base_forecast,,,,,,,,,,0.0,,,,,0.0,45,2025-04-09 23:00:00-07:00,2025-05-24 23:00:00-07:00,2025-06-06,1.5105006488675201,0.0,-1.5105006488675201,1,0,215.127091,282.445791,246.44513299999997,,,,,,,,,,,,,,,,,1.5105006488675201,2.373777912138678,2.373777912138678,2.373777912138678,2.1700743523451536,2.290074352345158
2025-06-06 19:00:00-07:00,origin_05,2025-05-25 00:00:00-07:00,2025,5,308,13,Days8to16,Summer,6,19,234.068958,91.9,95.1,0.09,0.0,0.0,0.0,232.28596081436007,232.39857482910156,232.69574198918573,231.6098435354221,232.28596081436007,231.43050950209374,231.43050950209374,231.43050950209374,231.64346355196275,233.64346355196275,231.64346355196275,233.64346355196275,1,2.0,june_long_95_100_low_forecast_hot_extra_up,233.64346355196275,233.64346355196275,operational_residual_hot_peak_only_v1,0,hot_peak_only,233.64346355196275,0.0,233.64346355196275,0,hot_peak_low_forecast_gate_blocked,origin_available_shadow,0.4254944480372558,0.4254944480372558,0.0,0.0,233.64346355196275,0,hot_peak_low_forecast_gate_blocked,0.4254944480372558,0.4254944480372558,0.0,1.7829971856399425,1.6703831708984467,1.373216010814275,2.459114464577908,0.4254944480372558,2.425494448037256,0.4254944480372558,0.4254944480372558,0.4254944480372558,0.0,-0.8554513122663252,0.0,0.0,0.2129540498690119,2.0,2.0,1.3575027376026867,Final_Backtest_Forecast_MWH,days8plus_final_low_confidence,raw_bias,none,none,recent_mean+last24_mean+same_hour+hourgroup+global+cloud_hourgroup+solar_hourgroup+solar_loss_hourgroup,3.0,0,,,0,,,,Peak,4,0,0,1,5.0,0.0,0.21,6.4,0.0,211.36134031385373,241.03291495137046,1.7829971856399425,1.7829971856399425,0.7617401302909814,Spring,-0.0,0.0,0.0,0.0,Clear/Low,0.0,None,-0.8554513122663284,weighted_fallback,global+hour+temp_cloud_hourgroup,231.64346355196275,0.0,231.43050950209374,none,170+,other,1.0,0.0,0.0,0.0,0.2129540498690185,0.0,,,ar_disabled_or_empty,0.0,,,origin_day_disabled_or_empty,231.43050950209374,0.0,0.0,-8.746954137010391,20.924620500506336,0.18178166454573433,5.0,None,,,,,,,,,,,,,,,,,0.0,none,0.0,0.0,0.0,,,0.0,,,0.0,0.0,none,,,operational_residual_hot_peak_only_v1,0.0,hot_peak_only,,0.0,,0.0,invalid_base_forecast,weather_realism_origin_available_shadow,,,,0.0,,0.0,invalid_base_forecast,,,,,,,,,,0.0,,,,,0.0,45,2025-04-09 23:00:00-07:00,2025-05-24 23:00:00-07:00,2025-06-06,1.7829971856399425,0.0,-1.7829971856399425,1,0,208.016725,273.754833,237.755739,,,,,,,,,,,,,,,,,1.7829971856399425,2.6384484979062677,2.6384484979062677,2.6384484979062677,2.425494448037256,0.4254944480372558
2025-06-06 20:00:00-07:00,origin_05,2025-05-25 00:00:00-07:00,2025,5,309,13,Days8to16,Summer,6,20,222.526383,87.6,95.1,0.01,0.0,0.0,0.0,222.23624716174686,220.37779235839844,221.71277819279638,223.58982834248283,222.23624716174686,221.6042574277787,221.6042574277787,221.6042574277787,221.80141032380916,223.80141032380916,221.80141032380916,223.80141032380916,1,2.0,june_long_95_100_low_forecast_hot_extra_up,223.80141032380916,223.80141032380916,operational_residual_hot_peak_only_v1,0,hot_peak_only,223.80141032380916,0.0,223.80141032380916,0,hot_peak_low_forecast_gate_blocked,origin_available_shadow,-1.2750273238091552,1.2750273238091552,0.0,0.0,223.80141032380916,0,hot_peak_low_forecast_gate_blocked,-1.2750273238091552,1.2750273238091552,0.0,0.2901358382531498,2.1485906416015723,0.8136048072036317,-1.0634453424828223,-1.2750273238091552,0.7249726761908448,-1.2750273238091552,-1.2750273238091552,1.2750273238091552,0.0,-0.6319897339681688,0.0,0.0,0.1971528960304738,2.0,2.0,1.565163162062305,Final_Backtest_Forecast_MWH,days8plus_final_low_confidence,raw_bias,none,none,recent_mean+last24_mean+same_hour+hourgroup+global+cloud_hourgroup+solar_hourgroup+solar_loss_hourgroup,3.0,0,,,0,,,,Peak,4,0,0,1,5.0,0.0,0.29,7.5,0.0,200.11559510280745,227.81942901177564,0.2901358382531498,0.2901358382531498,0.13038266939033014,Spring,-0.0,0.0,0.0,0.0,Clear/Low,0.0,None,-0.6319897339681816,weighted_fallback,global+hour+temp_cloud_hourgroup,221.80141032380916,0.0,221.6042574277787,none,170+,other,1.0,0.0,0.0,0.0,0.19715289603047262,0.0,,,ar_disabled_or_empty,0.0,,,origin_day_disabled_or_empty,221.6042574277787,0.0,0.0,-5.5831818500287795,22.120652058939413,0.5729780471959386,5.0,None,,,,,,,,,,,,,,,,,0.0,none,0.0,0.0,0.0,,,0.0,,,0.0,0.0,none,,,operational_residual_hot_peak_only_v1,0.0,hot_peak_only,,0.0,,0.0,invalid_base_forecast,weather_realism_origin_available_shadow,,,,0.0,,0.0,invalid_base_forecast,,,,,,,,,,0.0,,,,,0.0,45,2025-04-09 23:00:00-07:00,2025-05-24 23:00:00-07:00,2025-06-06,0.2901358382531498,0.0,-0.2901358382531498,1,0,195.717775,258.487825,222.09685214285716,,,,,,,,,,,,,,,,,0.2901358382531498,0.9221255722213186,0.9221255722213186,0.9221255722213186,0.7249726761908448,-1.2750273238091552
2025-06-07 14:00:00-07:00,origin_05,2025-05-25 00:00:00-07:00,2025,5,327,14,Days8to16,Summer,6,14,205.896316,94.6,98.4,0.03,18.535257263922638,0.0,0.0,200.11775510190103,201.47494506835938,199.6585323481679,200.45162229592205,194.8106387715303,193.28023439732155,193.28023439732155,193.28023439732155,193.43794079483462,191.3179407948346,191.3179407948346,191.3179407948346,0,0.0,none,191.3179407948346,191.3179407948346,operational_residual_hot_peak_only_v1,0,hot_peak_only,191.3179407948346,0.0,191.3179407948346,0,global_shadow_only,origin_available_shadow,14.5783752051654,14.5783752051654,0.0,-1.0904974475762226,190.2274433472584,1,global,15.668872652741612,15.668872652741612,1.0904974475762117,5.778560898098988,4.421370931640638,6.237783651832103,5.444693704077963,14.5783752051654,14.5783752051654,14.5783752051654,14.5783752051654,14.5783752051654,-5.307116330370718,-1.5304043742087572,0.0,0.0,0.15770639751306703,-2.1200000000000045,0.0,-8.799814307066413,Final_Backtest_Forecast_MWH,days8plus_final_low_confidence+long_horizon_peak_month_correction,raw_bias,none,none,recent_mean+last24_mean+same_hour+hourgroup+global+cloud_hourgroup+solar_hourgroup+solar_loss_hourgroup,3.0,0,,,0,,,,Midday,5,1,0,0,5.0,1.1013734112687426,0.22,4.0,0.0,178.20867098293778,196.79811866316427,5.778560898098988,5.778560898098988,2.806539237981794,Spring,-5.3071163303707225,0.0,-5.3071163303707225,0.0,Clear/Low,4.0,None,-1.5304043742087499,weighted_fallback,global+hour+temp_cloud_hourgroup,193.43794079483462,0.0,193.28023439732155,none,170+,other,0.7,0.0,0.0,0.0,0.15770639751305843,0.0,,,ar_disabled_or_empty,0.0,,,origin_day_disabled_or_empty,193.28023439732155,-2.12,0.0,3.319636438736751,21.90908411896325,7.08044489983269,5.0,High,,,,,,,,,,,,,,,,,0.0,none,0.0,0.0,0.0,,,0.0,,,0.0,0.0,none,,,operational_residual_hot_peak_only_v1,0.0,hot_peak_only,,0.0,,0.0,invalid_base_forecast,weather_realism_origin_available_shadow,,,,0.0,,0.0,invalid_base_forecast,,,,,,,,,,0.0,,,,,0.0,45,2025-04-09 23:00:00-07:00,2025-05-24 23:00:00-07:00,2025-06-07,5.778560898098988,0.0,-5.778560898098988,1,0,180.4555,261.891,189.70429385714283,,,,,,,,,,,,,,,,,11.085677228469706,12.616081602678463,12.616081602678463,12.616081602678463,12.458375205165396,14.5783752051654
2025-06-07 15:00:00-07:00,origin_05,2025-05-25 00:00:00-07:00,2025,5,328,14,Days8to16,Summer,6,15,226.221966,97.4,98.4,0.26,14.240926180262916,0.0,0.0,221.82156535005214,219.99578857421875,221.82470033368776,222.33828945457716,216.81103332683213,215.38854674201596,215.38854674201596,215.38854674201596,215.56168509793443,213.44168509793442,213.44168509793442,213.44168509793442,0,0.0,none,213.44168509793442,213.44168509793442,operational_residual_hot_peak_only_v1,0,hot_peak_only,213.44168509793442,0.0,213.44168509793442,0,global_shadow_only,origin_available_shadow,12.780280902065584,12.780280902065584,0.0,-1.0904974475762226,212.3511876503582,1,global,13.870778349641796,13.870778349641796,1.0904974475762117,4.400400649947869,6.226177425781259,4.397265666312251,3.883676545422844,12.780280902065584,12.780280902065584,12.780280902065584,12.780280902065584,12.780280902065584,-5.010532023220009,-1.4224865848161699,0.0,0.0,0.17313835591846782,-2.1200000000000045,0.0,-8.379880252117715,Final_Backtest_Forecast_MWH,days8plus_final_low_confidence+long_horizon_peak_month_correction,raw_bias,none,none,recent_mean+last24_mean+same_hour+hourgroup+global+solar_hourgroup+solar_loss_hourgroup,3.0,0,,,0,,,,Midday,5,1,0,0,5.0,1.2693034596270154,0.19,4.4,0.0,200.38426095016047,215.81492288995676,4.400400649947869,4.400400649947869,1.945169484535321,Spring,-5.01053202322001,0.0,-5.01053202322001,1.0,Some Clouds,3.0,None,-1.4224865848161627,weighted_fallback,global+hour,215.56168509793443,0.0,215.38854674201596,none,170+,other,0.7,0.0,0.0,0.0,0.17313835591845844,0.0,,,ar_disabled_or_empty,0.0,,,origin_day_disabled_or_empty,215.38854674201596,-2.12,0.0,6.006642460095378,21.437304399891673,5.6494429466966904,5.0,Medium-High,,,,,,,,,,,,,,,,,0.0,none,0.0,0.0,0.0,,,0.0,,,0.0,0.0,none,,,operational_residual_hot_peak_only_v1,0.0,hot_peak_only,,0.0,,0.0,invalid_base_forecast,weather_realism_origin_available_shadow,,,,0.0,,0.0,invalid_base_forecast,,,,,,,,,,0.0,,,,,0.0,45,2025-04-09 23:00:00-07:00,2025-05-24 23:00:00-07:00,2025-06-07,4.400400649947869,0.0,-4.400400649947869,1,0,202.782825,277.855391,207.98442571428572,,,,,,,,,,,,,,,,,9.410932673167878,10.833419257984048,10.833419257984048,10.833419257984048,10.66028090206558,12.780280902065584
2025-06-07 16:00:00-07:00,origin_05,2025-05-25 00:00:00-07:00,2025,5,329,14,Days8to16,Summer,6,16,243.968666,98.3,98.4,0.76,8.818171309573144,0.0,0.0,240.52993674683083,240.28814697265625,241.40823966296307,239.21882924267283,240.52993674683083,239.5798939888893,239.4705695191688,239.4705695191688,239.6195676918321,239.49956769183208,237.49956769183208,239.49956769183208,1,2.0,june_long_95_100_low_forecast_hot_extra_up,239.49956769183208,239.49956769183208,operational_residual_hot_peak_only_v1,0,hot_peak_only,239.49956769183208,0.0,239.49956769183208,0,hot_peak_low_forecast_gate_blocked,origin_available_shadow,4.469098308167929,4.469098308167929,0.0,0.0,239.49956769183208,0,hot_peak_low_forecast_gate_blocked,4.469098308167929,4.469098308167929,0.0,3.4387292531691855,3.680519027343763,2.560426337036944,4.749836757327188,4.469098308167929,6.469098308167929,4.469098308167929,4.469098308167929,4.469098308167929,0.0,-0.9500427579415316,-0.10932446972049092,0.0,0.1489981726632834,-0.12000000000000455,2.0,-1.0303690549987436,Final_Backtest_Forecast_MWH,days8plus_final_low_confidence+long_horizon_peak_month_correction,raw_bias+solar_cloud_midday,event_class_hour_loss+weekday_hour_cloud_loss+hour_cloud_loss+hour_loss+hour_cloud,none,recent_mean+last24_mean+same_hour+hourgroup+global+solar_hourgroup+solar_loss_hourgroup,3.0,0,,,0,,,,Peak,5,1,0,0,5.0,1.35,0.18,4.4,0.0,218.86230761518385,232.38427270347526,3.4387292531691855,3.4387292531691855,1.409496272430815,Spring,-0.0,-0.0,-0.0,3.0,Mostly Cloudy,2.0,None,-0.9500427579415266,weighted_fallback,global+hour,239.6195676918321,0.0,239.5798939888893,none,170+,warm_cloud_peak_transition,0.644,-0.10932446972049818,-0.10932446972049818,0.0,0.14899817266327625,0.0,,,ar_disabled_or_empty,0.0,,,origin_day_disabled_or_empty,239.4705695191688,-2.12,0.0,8.145664043355566,21.667629131646976,1.831832907660334,5.0,Medium-Low,,,,,,,,,,,,,,,,,0.0,none,0.0,0.0,0.0,,,0.0,,,0.0,0.0,none,,,operational_residual_hot_peak_only_v1,0.0,hot_peak_only,,0.0,,0.0,invalid_base_forecast,weather_realism_origin_available_shadow,,,,0.0,,0.0,invalid_base_forecast,,,,,,,,,,0.0,,,,,0.0,45,2025-04-09 23:00:00-07:00,2025-05-24 23:00:00-07:00,2025-06-07,3.4387292531691855,0.0,-3.4387292531691855,1,0,223.283575,292.124233,225.5416652857143,,,,,,,,,,,,,,,,,3.4387292531691855,4.388772011110717,4.498096480831208,4.498096480831208,4.349098308167925,4.469098308167929
2025-06-07 17:00:00-07:00,origin_05,2025-05-25 00:00:00-07:00,2025,5,330,14,Days8to16,Summer,6,17,256.344208,98.4,98.4,0.76,3.3855247907381534,0.0,0.0,253.33373873000238,253.5196075439453,252.66913220830986,254.32501503153554,253.33373873000238,252.5000900123827,252.5000900123827,252.5000900123827,252.67428821773282,250.55428821773282,250.55428821773282,250.55428821773282,0,0.0,none,250.55428821773282,250.55428821773282,operational_residual_hot_peak_only_v1,0,hot_peak_only,250.55428821773282,0.0,250.55428821773282,0,hot_peak_low_forecast_gate_blocked,origin_available_shadow,5.789919782267162,5.789919782267162,0.0,0.0,250.55428821773282,0,hot_peak_low_forecast_gate_blocked,5.789919782267162,5.789919782267162,0.0,3.0104692699976,2.824600456054668,3.6750757916901193,2.019192968464438,5.789919782267162,5.789919782267162,5.789919782267162,5.789919782267162,5.789919782267162,0.0,-0.833648717619667,0.0,0.0,0.174198205350109,-2.1200000000000045,0.0,-2.7794505122695625,Final_Backtest_Forecast_MWH,days8plus_final_low_confidence+long_horizon_peak_month_correction,raw_bias,none,none,recent_mean+last24_mean+same_hour+hourgroup+global+solar_hourgroup+solar_loss_hourgroup,3.0,0,,,0,,,,Peak,5,1,0,0,5.0,1.35,0.18,4.0,0.0,233.12757571136797,243.36913102232256,3.0104692699976,3.0104692699976,1.1743855238568917,Spring,-0.0,0.0,0.0,3.0,Mostly Cloudy,1.0,None,-0.8336487176196754,weighted_fallback,global+hour,252.67428821773282,0.0,252.5000900123827,none,170+,warm_cloud_peak_transition,0.644,0.0,0.0,0.0,0.17419820535011946,0.0,,,ar_disabled_or_empty,0.0,,,origin_day_disabled_or_empty,252.5000900123827,-2.12,0.0,9.964607707679818,20.206163018634413,2.258650518160786,5.0,Medium-Low,,,,,,,,,,,,,,,,,0.0,none,0.0,0.0,0.0,,,0.0,,,0.0,0.0,none,,,operational_residual_hot_peak_only_v1,0.0,hot_peak_only,,0.0,,0.0,invalid_base_forecast,weather_realism_origin_available_shadow,,,,0.0,,0.0,invalid_base_forecast,,,,,,,,,,0.0,,,,,0.0,45,2025-04-09 23:00:00-07:00,2025-05-24 23:00:00-07:00,2025-06-07,3.0104692699976,0.0,-3.0104692699976,1,0,235.254941,301.294025,237.506995,,,,,,,,,,,,,,,,,3.0104692699976,3.844117987617267,3.844117987617267,3.844117987617267,3.669919782267158,5.789919782267162
2025-06-07 18:00:00-07:00,origin_05,2025-05-25 00:00:00-07:00,2025,5,331,14,Days8to16,Summer,6,18,262.967266,98.4,98.4,0.63,1.1821059271001431e-15,0.0,0.0,258.93870109997334,256.6657409667969,258.3178055659915,260.5638112628523,258.93870109997334,258.07542383670216,258.07542383670216,258.07542383670216,258.2791273964957,256.1591273964957,256.1591273964957,256.1591273964957,0,0.0,none,256.1591273964957,256.1591273964957,operational_residual_hot_peak_only_v1,0,hot_peak_only,256.1591273964957,0.0,256.1591273964957,0,hot_peak_low_forecast_gate_blocked,origin_available_shadow,6.80813860350429,6.80813860350429,0.0,0.0,256.1591273964957,0,hot_peak_low_forecast_gate_blocked,6.80813860350429,6.80813860350429,0.0,4.028564900026652,6.30152503320312,4.6494604340085175,2.4034547371476833,6.80813860350429,6.80813860350429,6.80813860350429,6.80813860350429,6.80813860350429,0.0,-0.8632772632711863,0.0,0.0,0.2037035597935528,-2.1200000000000045,0.0,-2.779573703477638,Final_Backtest_Forecast_MWH,days8plus_final_low_confidence+long_horizon_peak_month_correction,raw_bias,none,none,recent_mean+last24_mean+same_hour+hourgroup+global+solar_hourgroup+solar_loss_hourgroup,3.0,0,,,0,,,,Peak,5,1,0,0,5.0,1.35,0.19,1.9,0.0,237.73552435113248,245.03458989915114,4.028564900026652,4.028564900026652,1.5319644004766173,Spring,-0.0,0.0,0.0,3.0,Mostly Cloudy,0.0,None,-0.8632772632711682,weighted_fallback,global+hour,258.2791273964957,0.0,258.07542383670216,none,170+,warm_cloud_peak_transition,0.644,0.0,0.0,0.0,0.20370355979352792,0.0,,,ar_disabled_or_empty,0.0,,,origin_day_disabled_or_empty,258.07542383670216,-2.12,0.0,13.9041112008222,21.20317674884086,2.588968089855066,5.0,Low,,,,,,,,,,,,,,,,,0.0,none,0.0,0.0,0.0,,,0.0,,,0.0,0.0,none,,,operational_residual_hot_peak_only_v1,0.0,hot_peak_only,,0.0,,0.0,invalid_base_forecast,weather_realism_origin_available_shadow,,,,0.0,,0.0,invalid_base_forecast,,,,,,,,,,0.0,,,,,0.0,45,2025-04-09 23:00:00-07:00,2025-05-24 23:00:00-07:00,2025-06-07,4.028564900026652,0.0,-4.028564900026652,1,0,239.246025,303.085133,240.27373785714286,,,,,,,,,,,,,,,,,4.028564900026652,4.891842163297838,4.891842163297838,4.891842163297838,4.688138603504285,6.80813860350429
2025-06-07 19:00:00-07:00,origin_05,2025-05-25 00:00:00-07:00,2025,5,332,14,Days8to16,Summer,6,19,252.455625,96.4,98.4,0.25,0.0,0.0,0.0,254.51818903032506,253.43141174316406,253.39795682039292,256.58906172797873,254.51818903032506,253.8674674249174,253.8674674249174,253.8674674249174,254.09045914629277,254.09045914629277,254.09045914629277,254.09045914629277,0,0.0,none,254.09045914629277,254.09045914629277,operational_residual_hot_peak_only_v1,0,hot_peak_only,254.09045914629277,0.0,254.09045914629277,0,hot_peak_low_forecast_gate_blocked,origin_available_shadow,-1.634834146292775,1.634834146292775,0.0,0.0,254.09045914629277,0,hot_peak_low_forecast_gate_blocked,-1.634834146292775,1.634834146292775,0.0,-2.0625640303250634,-0.9757867431640648,-0.9423318203929227,-4.133436727978733,-1.634834146292775,-1.634834146292775,-1.634834146292775,-1.634834146292775,1.634834146292775,0.0,-0.6507216054076537,0.0,0.0,0.22299172137536516,0.0,0.0,-0.4277298840322885,Final_Backtest_Forecast_MWH,days8plus_final_low_confidence,raw_bias,none,none,recent_mean+last24_mean+same_hour+hourgroup+global+solar_hourgroup+solar_loss_hourgroup,3.0,0,,,0,,,,Peak,5,1,0,0,5.0,0.0,0.2,4.2,0.0,232.28596081436007,235.10757069863453,-2.0625640303250634,2.0625640303250634,0.8170006235056413,Spring,-0.0,0.0,0.0,1.0,Some Clouds,0.0,None,-0.6507216054076643,weighted_fallback,global+hour,254.09045914629277,0.0,253.8674674249174,none,170+,other,1.0,0.0,0.0,0.0,0.22299172137537707,0.0,,,ar_disabled_or_empty,0.0,,,origin_day_disabled_or_empty,253.8674674249174,0.0,0.0,19.41061833169053,22.232228215964994,0.6475728739626122,5.0,None,,,,,,,,,,,,,,,,,0.0,none,0.0,0.0,0.0,,,0.0,,,0.0,0.0,none,,,operational_residual_hot_peak_only_v1,0.0,hot_peak_only,,0.0,,0.0,invalid_base_forecast,weather_realism_origin_available_shadow,,,,0.0,,0.0,invalid_base_forecast,,,,,,,,,,0.0,,,,,0.0,45,2025-04-09 23:00:00-07:00,2025-05-24 23:00:00-07:00,2025-06-07,0.0,2.0625640303250634,2.0625640303250634,0,1,234.068958,294.216516,232.08632828571427,,,,,,,,,,,,,,,,,-2.0625640303250634,-1.4118424249174097,-1.4118424249174097,-1.4118424249174097,-1.634834146292775,-1.634834146292775
2025-06-07 20:00:00-07:00,origin_05,2025-05-25 00:00:00-07:00,2025,5,333,14,Days8to16,Summer,6,20,233.608725,87.5,98.4,0.01,0.0,0.0,0.0,238.28362556351718,238.85580444335938,237.96972682150403,238.61341533529722,238.28362556351718,237.651635829549,237.651635829549,237.651635829549,237.84878872557948,233.84878872557948,237.84878872557948,233.84878872557948,1,-4.0,june_long_95_100_low_forecast_hot_extra_up+june_long_98_100_clear_high_state_overstack_backoff,233.84878872557948,233.84878872557948,operational_residual_hot_peak_only_v1,0,hot_peak_only,233.84878872557948,0.0,233.84878872557948,0,hot_peak_low_forecast_gate_blocked,origin_available_shadow,-0.24006372557948907,0.24006372557948907,0.0,0.0,233.84878872557948,0,hot_peak_low_forecast_gate_blocked,-0.24006372557948907,0.24006372557948907,0.0,-4.674900563517184,-5.247079443359382,-4.361001821504033,-5.0046903352972265,-0.24006372557948907,-4.240063725579489,-0.24006372557948907,-0.24006372557948907,0.24006372557948907,0.0,-0.6319897339681688,0.0,0.0,0.1971528960304738,-4.0,-4.0,-4.434836837937695,Final_Backtest_Forecast_MWH,days8plus_final_low_confidence,raw_bias,none,none,recent_mean+last24_mean+same_hour+hourgroup+global+cloud_hourgroup+solar_hourgroup+solar_loss_hourgroup,3.0,0,,,0,,,,Peak,5,1,0,0,5.0,0.0,0.31,9.1,0.0,222.23624716174686,222.12985430469487,-4.674900563517184,4.674900563517184,2.0011669356601236,Spring,-0.0,0.0,0.0,0.0,Clear/Low,0.0,None,-0.6319897339681816,weighted_fallback,global+hour+temp_cloud_hourgroup,237.84878872557948,0.0,237.651635829549,none,170+,other,1.0,0.0,0.0,0.0,0.19715289603047262,0.0,,,ar_disabled_or_empty,0.0,,,origin_day_disabled_or_empty,237.651635829549,0.0,0.0,16.153771258822303,16.047378401770317,0.10276316759123148,5.0,None,,,,,,,,,,,,,,,,,0.0,none,0.0,0.0,0.0,,,0.0,,,0.0,0.0,none,,,operational_residual_hot_peak_only_v1,0.0,hot_peak_only,,0.0,,0.0,invalid_base_forecast,weather_realism_origin_available_shadow,,,,0.0,,0.0,invalid_base_forecast,,,,,,,,,,0.0,,,,,0.0,45,2025-04-09 23:00:00-07:00,2025-05-24 23:00:00-07:00,2025-06-07,0.0,4.674900563517184,4.674900563517184,0,1,222.526383,274.765858,216.9595032857143,,,,,,,,,,,,,,,,,-4.674900563517184,-4.042910829549015,-4.042910829549015,-4.042910829549015,-4.240063725579489,-0.24006372557948907
2025-06-08 14:00:00-07:00,origin_05,2025-05-25 00:00:00-07:00,2025,5,351,15,Days8to16,Summer,6,14,178.715283,87.9,91.8,0.36,16.640715689001144,0.20022516799000556,0.0,165.66880058435783,165.8883056640625,164.97628458026378,166.69432428230428,164.25707060698682,162.95666168569534,162.95666168569534,162.95666168569534,163.12539381014923,161.00539381014923,161.00539381014923,161.00539381014923,0,0.0,none,161.00539381014923,161.00539381014923,operational_residual_hot_peak_only_v1,0,hot_peak_only,161.00539381014923,0.0,161.00539381014923,0,global_shadow_only,origin_available_shadow,17.70988918985077,17.70988918985077,0.0,0.46842345396679336,161.47381726411604,1,global,17.241465735883963,17.241465735883963,-0.46842345396680685,13.046482415642174,12.8269773359375,13.73899841973622,12.02095871769572,17.70988918985077,17.70988918985077,17.70988918985077,17.70988918985077,17.70988918985077,-1.4117299773710101,-1.3004089212914778,0.0,0.0,0.1687321244538964,-2.1200000000000045,0.0,-4.663406774208596,Final_Backtest_Forecast_MWH,days8plus_final_low_confidence+long_horizon_peak_month_correction,raw_bias,none,none,recent_mean+last24_mean+same_hour+hourgroup+global+temp_hourgroup+solar_hourgroup,3.0,0,,,0,,,,Midday,6,1,0,0,4.0,0.9881108086721364,0.29,5.9,0.0,200.11775510190103,188.81708860160452,13.046482415642174,13.046482415642174,7.30014926347523,Spring,-1.4117299773709984,0.0,-1.4117299773709984,1.0,Some Clouds,4.0,Low,-1.3004089212914833,weighted_fallback,global+hour+temp_cloud_hourgroup,163.12539381014923,0.0,162.95666168569534,none,150-170,other,0.7,0.0,0.0,0.0,0.16873212445388955,0.0,,,ar_disabled_or_empty,0.0,,,origin_day_disabled_or_empty,162.95666168569534,-2.12,0.0,-23.1482880172467,-34.4489545175432,9.909554959466321,4.0,Medium-High,,,,,,,,,,,,,,,,,0.0,none,0.0,0.0,0.0,,,0.0,,,0.0,0.0,none,,,operational_residual_hot_peak_only_v1,0.0,hot_peak_only,,0.0,,0.0,invalid_base_forecast,weather_realism_origin_available_shadow,,,,0.0,,0.0,invalid_base_forecast,,,,,,,,,,0.0,,,,,0.0,45,2025-04-09 23:00:00-07:00,2025-05-24 23:00:00-07:00,2025-06-08,13.046482415642174,0.0,-13.046482415642174,1,0,205.896316,190.549558,181.70505328571429,,,,,,,,,,,,,,,,,14.458212393013184,15.758621314304662,15.758621314304662,15.758621314304662,15.589889189850766,17.70988918985077
2025-06-08 15:00:00-07:00,origin_05,2025-05-25 00:00:00-07:00,2025,5,352,15,Days8to16,Summer,6,15,203.398458,90.5,91.8,0.63,13.3478781779172,0.0,0.0,185.29711582435502,186.9569549560547,184.2912612408388,186.40350470368057,181.19496132897584,179.90142059218724,179.9519668638363,179.9519668638363,180.10799734568764,180.98799734568763,177.98799734568763,180.98799734568763,1,3.0,june_long_90_95_cloudy_peak_extra_up,180.98799734568763,180.98799734568763,operational_residual_hot_peak_only_v1,0,hot_peak_only,180.98799734568763,0.0,180.98799734568763,0,global_shadow_only,origin_available_shadow,22.410460654312374,22.410460654312374,0.0,0.3958064918391395,181.38380383752678,1,global,22.01465416247322,22.01465416247322,-0.39580649183915284,18.101342175644987,16.441503043945318,19.107196759161212,16.994953296319437,22.410460654312374,25.410460654312374,22.410460654312374,22.410460654312374,22.410460654312374,-4.102154495379182,-1.2935407367886,0.05054627164906833,0.0,0.15603048185133161,0.8799999999999955,3.0,-4.309118478667386,Final_Backtest_Forecast_MWH,days8plus_final_low_confidence+long_horizon_peak_month_correction,raw_bias+solar_cloud_midday,weekday_hour_cloud_loss+hour_cloud_loss+hour_loss+hour_cloud,none,recent_mean+last24_mean+same_hour+hourgroup+global+temp_hourgroup+solar_hourgroup+solar_loss_hourgroup,3.0,0,,,0,,,,Midday,6,1,0,0,4.0,1.1888775951946997,0.27,6.4,0.0,221.82156535005214,208.4551439971045,18.101342175644987,18.101342175644987,8.89944906841181,Spring,-2.446338358208398,-1.6558161371707716,-4.102154495379169,3.0,Mostly Cloudy,3.0,None,-1.2935407367885923,weighted_fallback,global+hour+temp_cloud_hourgroup,180.10799734568764,0.0,179.90142059218724,none,170+,weekend_highload_solar_loss,0.40599999999999997,0.05054627164907161,0.1244982060321961,0.0,0.15603048185133767,0.0,,,ar_disabled_or_empty,0.0,,,origin_day_disabled_or_empty,179.9519668638363,-2.12,0.0,-23.158028172749482,-36.52444952569712,11.018009120950353,4.0,Medium-High,,,,,,,,,,,,,,,,,0.0,none,0.0,0.0,0.0,,,0.0,,,0.0,0.0,none,,,operational_residual_hot_peak_only_v1,0.0,hot_peak_only,,0.0,,0.0,invalid_base_forecast,weather_realism_origin_available_shadow,,,,0.0,,0.0,invalid_base_forecast,,,,,,,,,,0.0,,,,,0.0,45,2025-04-09 23:00:00-07:00,2025-05-24 23:00:00-07:00,2025-06-08,18.101342175644987,0.0,-18.101342175644987,1,0,226.221966,202.596175,200.60822214285716,,,,,,,,,,,,,,,,,22.20349667102417,23.49703740781277,23.4464911361637,23.4464911361637,23.29046065431237,22.410460654312374
2025-06-08 16:00:00-07:00,origin_05,2025-05-25 00:00:00-07:00,2025,5,353,15,Days8to16,Summer,6,16,201.754116,91.8,91.8,0.71,7.555210712805636,0.0,0.0,203.55351074830466,204.8504638671875,203.35844481236944,203.4894848993792,203.55351074830466,202.60346799036313,202.49414352064264,202.49414352064264,202.64922874897897,193.52922874897897,200.52922874897897,193.52922874897897,1,-7.0,june_long_mild_hot_peak_backoff+june_long_90_95_cloudy_peak_extra_up,193.52922874897897,193.52922874897897,operational_residual_hot_peak_only_v1,0,hot_peak_only,193.52922874897897,0.0,193.52922874897897,0,hot_peak_low_forecast_gate_blocked,origin_available_shadow,8.224887251021045,8.224887251021045,0.0,0.0,193.52922874897897,0,hot_peak_low_forecast_gate_blocked,8.224887251021045,8.224887251021045,0.0,-1.7993947483046497,-3.0963478671874896,-1.604328812369431,-1.735368899379182,8.224887251021045,1.2248872510210447,8.224887251021045,8.224887251021045,8.224887251021045,0.0,-0.9500427579415316,-0.10932446972049092,0.0,0.15508522833633265,-9.120000000000005,-7.0,-10.024281999325694,Final_Backtest_Forecast_MWH,days8plus_final_low_confidence+long_horizon_peak_month_correction,raw_bias+solar_cloud_midday,event_class_hour_loss+weekday_hour_cloud_loss+hour_cloud_loss+hour_loss+hour_cloud,none,recent_mean+last24_mean+same_hour+hourgroup+global+temp_hourgroup+solar_hourgroup+solar_loss_hourgroup,3.0,0,,,0,,,,Peak,6,1,0,0,4.0,1.3458649567674108,0.26,7.2,0.0,240.52993674683083,225.411414565166,-1.7993947483046497,1.7993947483046497,0.8918751121313677,Spring,-0.0,-0.0,-0.0,3.0,Mostly Cloudy,2.0,None,-0.9500427579415266,weighted_fallback,global+hour,202.64922874897897,0.0,202.60346799036313,none,170+,warm_cloud_peak_transition,0.644,-0.10932446972049818,-0.10932446972049818,0.0,0.15508522833634109,0.0,,,ar_disabled_or_empty,0.0,,,origin_day_disabled_or_empty,202.49414352064264,-2.12,0.0,-21.857903816861352,-36.97642599852617,4.076688701122234,4.0,Medium-Low,,,,,,,,,,,,,,,,,0.0,none,0.0,0.0,0.0,,,0.0,,,0.0,0.0,none,,,operational_residual_hot_peak_only_v1,0.0,hot_peak_only,,0.0,,0.0,invalid_base_forecast,weather_realism_origin_available_shadow,,,,0.0,,0.0,invalid_base_forecast,,,,,,,,,,0.0,,,,,0.0,45,2025-04-09 23:00:00-07:00,2025-05-24 23:00:00-07:00,2025-06-08,0.0,1.7993947483046497,1.7993947483046497,0,1,243.968666,212.71655,218.66229857142858,,,,,,,,,,,,,,,,,-1.7993947483046497,-0.8493519903631181,-0.7400275206426272,-0.7400275206426272,-0.8951127489789599,8.224887251021045
2025-06-08 17:00:00-07:00,origin_05,2025-05-25 00:00:00-07:00,2025,5,354,15,Days8to16,Summer,6,17,201.485991,90.6,91.8,0.42,3.3680134556136454,0.0,0.0,217.52210654226252,218.20741271972656,217.10087750036743,217.9882361288222,217.52210654226252,216.68845782464285,216.68845782464285,216.68845782464285,216.8667067193883,204.7467067193883,214.7467067193883,204.7467067193883,1,-10.0,june_long_mild_hot_peak_backoff,204.7467067193883,204.7467067193883,operational_residual_hot_peak_only_v1,0,hot_peak_only,204.7467067193883,0.0,204.7467067193883,0,hot_peak_low_forecast_gate_blocked,origin_available_shadow,-3.260715719388287,3.260715719388287,0.0,0.0,204.7467067193883,0,hot_peak_low_forecast_gate_blocked,-3.260715719388287,3.260715719388287,0.0,-16.036115542262507,-16.72142171972655,-15.614886500367419,-16.50224512882218,-3.260715719388287,-13.260715719388287,-3.260715719388287,-3.260715719388287,3.260715719388287,0.0,-0.833648717619667,0.0,0.0,0.17824889474545103,-12.120000000000005,-10.0,-12.77539982287422,Final_Backtest_Forecast_MWH,days8plus_final_low_confidence+long_horizon_peak_month_correction,raw_bias,none,none,recent_mean+last24_mean+same_hour+hourgroup+global+temp_hourgroup+solar_hourgroup+solar_loss_hourgroup,3.0,0,,,0,,,,Peak,6,1,0,0,4.0,1.35,0.27,7.8,0.0,253.33373873000238,236.88238657226455,-16.036115542262507,16.036115542262507,7.958923328948714,Spring,-0.0,0.0,0.0,2.0,Partly Cloudy,1.0,None,-0.8336487176196754,weighted_fallback,global+hour,216.8667067193883,0.0,216.68845782464285,none,170+,other,0.7,0.0,0.0,0.0,0.1782488947454596,0.0,,,ar_disabled_or_empty,0.0,,,origin_day_disabled_or_empty,216.68845782464285,-2.12,0.0,-19.36028003000203,-35.81163218773986,1.6183337130313378,4.0,Medium-Low,,,,,,,,,,,,,,,,,0.0,none,0.0,0.0,0.0,,,0.0,,,0.0,0.0,none,,,operational_residual_hot_peak_only_v1,0.0,hot_peak_only,,0.0,,0.0,invalid_base_forecast,weather_realism_origin_available_shadow,,,,0.0,,0.0,invalid_base_forecast,,,,,,,,,,0.0,,,,,0.0,45,2025-04-09 23:00:00-07:00,2025-05-24 23:00:00-07:00,2025-06-08,0.0,16.036115542262507,16.036115542262507,0,1,256.344208,221.741933,231.08559257142855,,,,,,,,,,,,,,,,,-16.036115542262507,-15.20246682464284,-15.20246682464284,-15.20246682464284,-15.380715719388292,-3.260715719388287
2025-06-08 18:00:00-07:00,origin_05,2025-05-25 00:00:00-07:00,2025,5,355,15,Days8to16,Summer,6,18,195.091725,89.4,91.8,1.0,9.445799697856285e-16,0.0,0.0,217.91576175017832,217.4967803955078,217.83902405876103,218.1560585094542,217.91576175017832,217.05248448690716,217.05248448690716,217.05248448690716,217.2578544650299,208.1378544650299,215.1378544650299,208.1378544650299,1,-7.0,june_long_mild_hot_peak_backoff+june_long_90_95_cloudy_peak_extra_up,208.1378544650299,208.1378544650299,operational_residual_hot_peak_only_v1,0,hot_peak_only,208.1378544650299,0.0,208.1378544650299,0,hot_peak_low_forecast_gate_blocked,origin_available_shadow,-13.046129465029907,13.046129465029907,0.0,0.0,208.1378544650299,0,hot_peak_low_forecast_gate_blocked,-13.046129465029907,13.046129465029907,0.0,-22.824036750178323,-22.405055395507816,-22.74729905876103,-23.0643335094542,-13.046129465029907,-20.046129465029907,-13.046129465029907,-13.046129465029907,13.046129465029907,0.0,-0.8632772632711578,0.0,0.0,0.2053699781227465,-9.120000000000005,-7.0,-9.777907285148416,Final_Backtest_Forecast_MWH,days8plus_final_low_confidence+long_horizon_peak_month_correction,raw_bias,none,none,recent_mean+last24_mean+same_hour+hourgroup+global+temp_hourgroup+solar_hourgroup+solar_loss_hourgroup,3.0,0,,,0,,,,Peak,6,1,0,0,4.0,1.35,0.29,7.5,0.0,258.93870109997334,239.5256706847226,-22.824036750178323,22.824036750178323,11.699131139559263,Spring,-0.0,0.0,0.0,4.0,Overcast,0.0,None,-0.8632772632711682,weighted_fallback,global+hour,217.2578544650299,0.0,217.05248448690716,none,170+,warm_cloud_peak_transition,0.644,0.0,0.0,0.0,0.20536997812273405,0.0,,,ar_disabled_or_empty,0.0,,,origin_day_disabled_or_empty,217.05248448690716,-2.12,0.0,-21.60990893454428,-41.022939349795024,6.687177257277266,4.0,Low,,,,,,,,,,,,,,,,,0.0,none,0.0,0.0,0.0,,,0.0,,,0.0,0.0,none,,,operational_residual_hot_peak_only_v1,0.0,hot_peak_only,,0.0,,0.0,invalid_base_forecast,weather_realism_origin_available_shadow,,,,0.0,,0.0,invalid_base_forecast,,,,,,,,,,0.0,,,,,0.0,45,2025-04-09 23:00:00-07:00,2025-05-24 23:00:00-07:00,2025-06-08,0.0,22.824036750178323,22.824036750178323,0,1,262.967266,218.111091,234.542614,,,,,,,,,,,,,,,,,-22.824036750178323,-21.960759486907165,-21.960759486907165,-21.960759486907165,-22.16612946502991,-13.046129465029907
2025-06-08 19:00:00-07:00,origin_05,2025-05-25 00:00:00-07:00,2025,5,356,15,Days8to16,Summer,6,19,187.348533,85.9,91.8,0.99,0.0,0.0,0.0,210.72490622770783,210.267578125,210.8661182369412,210.6336668139719,210.72490622770783,210.07418462230018,210.07418462230018,210.07418462230018,210.29728412268503,200.29728412268503,210.29728412268503,200.29728412268503,1,-10.0,june_long_mild_hot_peak_backoff,200.29728412268503,200.29728412268503,operational_residual_hot_peak_only_v1,0,hot_peak_only,200.29728412268503,0.0,200.29728412268503,0,hot_peak_low_forecast_gate_blocked,origin_available_shadow,-12.948751122685024,12.948751122685024,0.0,0.0,200.29728412268503,0,hot_peak_low_forecast_gate_blocked,-12.948751122685024,12.948751122685024,0.0,-23.37637322770783,-22.919045124999997,-23.517585236941187,-23.285133813971896,-12.948751122685024,-22.948751122685024,-12.948751122685024,-12.948751122685024,12.948751122685024,0.0,-0.6507216054076537,0.0,0.0,0.22309950038484772,-10.0,-10.0,-10.427622105022806,Final_Backtest_Forecast_MWH,days8plus_final_low_confidence,raw_bias,none,none,recent_mean+last24_mean+same_hour+hourgroup+global+temp_hourgroup+solar_hourgroup+solar_loss_hourgroup,3.0,0,,,0,,,,Peak,6,1,0,0,4.0,0.0,0.33,6.4,0.0,254.51818903032506,230.56109111123436,-23.37637322770783,23.37637322770783,12.477478661499756,Spring,-0.0,0.0,0.0,4.0,Overcast,0.0,None,-0.6507216054076643,weighted_fallback,global+hour,210.29728412268503,0.0,210.07418462230018,none,170+,warm_cloud_peak_transition,0.92,0.0,0.0,0.0,0.2230995003848378,0.0,,,ar_disabled_or_empty,0.0,,,origin_day_disabled_or_empty,210.07418462230018,0.0,0.0,-19.836184883526528,-43.79328280261723,6.911583942151831,4.0,None,,,,,,,,,,,,,,,,,0.0,none,0.0,0.0,0.0,,,0.0,,,0.0,0.0,none,,,operational_residual_hot_peak_only_v1,0.0,hot_peak_only,,0.0,,0.0,invalid_base_forecast,weather_realism_origin_available_shadow,,,,0.0,,0.0,invalid_base_forecast,,,,,,,,,,0.0,,,,,0.0,45,2025-04-09 23:00:00-07:00,2025-05-24 23:00:00-07:00,2025-06-08,0.0,23.37637322770783,23.37637322770783,0,1,252.455625,205.380041,226.12048671428573,,,,,,,,,,,,,,,,,-23.37637322770783,-22.725651622300177,-22.725651622300177,-22.725651622300177,-22.948751122685024,-12.948751122685024
2025-06-08 20:00:00-07:00,origin_05,2025-05-25 00:00:00-07:00,2025,5,357,15,Days8to16,Summer,6,20,183.619958,81.8,91.8,0.02,0.0,0.0,0.0,200.66370852879606,199.61941528320312,200.20394455286197,201.6845642754334,200.66370852879606,200.1338059793087,200.1338059793087,200.1338059793087,200.33419964302385,178.33419964302385,200.33419964302385,178.33419964302385,1,-22.0,june_long_mild_hot_peak_backoff+june_long_90_92_clear_hot_extra_backoff,178.33419964302385,178.33419964302385,operational_residual_hot_peak_only_v1,0,hot_peak_only,178.33419964302385,0.0,178.33419964302385,0,hot_peak_low_forecast_gate_blocked,origin_available_shadow,5.285758356976146,5.285758356976146,0.0,0.0,178.33419964302385,0,hot_peak_low_forecast_gate_blocked,5.285758356976146,5.285758356976146,0.0,-17.043750528796068,-15.999457283203128,-16.583986552861973,-18.06460627543339,5.285758356976146,-16.714241643023854,5.285758356976146,5.285758356976146,5.285758356976146,0.0,-0.5299025494873604,0.0,0.0,0.20039366371514689,-22.0,-22.0,-22.329508885772213,Final_Backtest_Forecast_MWH,days8plus_final_low_confidence,raw_bias,none,none,recent_mean+last24_mean+same_hour+hourgroup+global+temp_hourgroup+cloud_hourgroup+solar_hourgroup+solar_loss_hourgroup+temp_cloud_hourgroup,3.0,0,,,0,,,,Peak,6,1,0,0,4.0,0.0,0.37,7.3,0.0,238.28362556351718,217.0661092972231,-17.043750528796068,17.043750528796068,9.282079526886761,Spring,-0.0,0.0,0.0,0.0,Clear/Low,0.0,None,-0.529902549487371,weighted_fallback,global+hour+temp_cloud_hourgroup,200.33419964302385,0.0,200.1338059793087,none,170+,other,1.0,0.0,0.0,0.0,0.20039366371515835,0.0,,,ar_disabled_or_empty,0.0,,,origin_day_disabled_or_empty,200.1338059793087,0.0,0.0,-16.402400768427043,-37.61991703472111,2.8786404345959746,4.0,None,,,,,,,,,,,,,,,,,0.0,none,0.0,0.0,0.0,,,0.0,,,0.0,0.0,none,,,operational_residual_hot_peak_only_v1,0.0,hot_peak_only,,0.0,,0.0,invalid_base_forecast,weather_realism_origin_available_shadow,,,,0.0,,0.0,invalid_base_forecast,,,,,,,,,,0.0,,,,,0.0,45,2025-04-09 23:00:00-07:00,2025-05-24 23:00:00-07:00,2025-06-08,0.0,17.043750528796068,17.043750528796068,0,1,233.608725,187.162816,211.07991285714283,,,,,,,,,,,,,,,,,-17.043750528796068,-16.513847979308707,-16.513847979308707,-16.513847979308707,-16.714241643023854,5.285758356976146
2025-06-09 14:00:00-07:00,origin_05,2025-05-25 00:00:00-07:00,2025,5,375,16,Days8to16,Summer,6,14,204.924716,92.6,95.5,0.0,18.37900641238272,0.0,0.0,197.38888119567417,197.73301696777344,196.23473011516217,199.10422267302187,193.35779822935461,191.82739385514586,191.82739385514586,191.82739385514586,191.98510025265892,189.86510025265892,189.86510025265892,189.86510025265892,0,0.0,none,189.86510025265892,189.86510025265892,operational_residual_hot_peak_only_v1,0,hot_peak_only,189.86510025265892,0.0,189.86510025265892,0,global_shadow_only,origin_available_shadow,15.05961574734107,15.05961574734107,0.0,-0.47050106822010146,189.39459918443882,1,global,15.530116815561172,15.530116815561172,0.47050106822010207,7.535834804325816,7.191699032226552,8.689985884837824,5.820493326978124,15.05961574734107,15.05961574734107,15.05961574734107,15.05961574734107,15.05961574734107,-4.031082966319559,-1.5304043742087572,0.0,0.0,0.15770639751306703,-2.1200000000000045,0.0,-7.523780943015254,Final_Backtest_Forecast_MWH,days8plus_final_low_confidence+long_horizon_peak_month_correction,raw_bias,none,none,recent_mean+last24_mean+same_hour+hourgroup+global+cloud_hourgroup+solar_hourgroup+solar_loss_hourgroup,3.0,0,,,0,,,,Midday,0,0,0,0,5.0,1.0906253298968283,0.28,6.2,0.0,165.66880058435783,183.10318801620886,7.535834804325816,7.535834804325816,3.677367450554777,Spring,-4.031082966319561,0.0,-4.031082966319561,0.0,Clear/Low,4.0,None,-1.5304043742087499,weighted_fallback,global+hour+temp_cloud_hourgroup,191.98510025265892,0.0,191.82739385514586,none,170+,other,0.7,0.0,0.0,0.0,0.15770639751305843,0.0,,,ar_disabled_or_empty,0.0,,,origin_day_disabled_or_empty,191.82739385514586,-2.12,0.0,14.285693179465312,31.720080611316348,7.348852808629033,5.0,High,,,,,,,,,,,,,,,,,0.0,none,0.0,0.0,0.0,,,0.0,,,0.0,0.0,none,,,operational_residual_hot_peak_only_v1,0.0,hot_peak_only,,0.0,,0.0,invalid_base_forecast,weather_realism_origin_available_shadow,,,,0.0,,0.0,invalid_base_forecast,,,,,,,,,,0.0,,,,,0.0,45,2025-04-09 23:00:00-07:00,2025-05-24 23:00:00-07:00,2025-06-09,7.535834804325816,0.0,-7.535834804325816,1,0,178.715283,172.391233,180.0144425714286,,,,,,,,,,,,,,,,,11.566917770645375,13.097322144854132,13.097322144854132,13.097322144854132,12.939615747341065,15.05961574734107
2025-06-09 15:00:00-07:00,origin_05,2025-05-25 00:00:00-07:00,2025,5,376,16,Days8to16,Summer,6,15,229.506091,94.6,95.5,0.0,14.193084322994395,0.0,0.0,219.43688500261715,217.87274169921875,218.8553645043195,220.79760101519864,215.4058020362976,213.8650130164084,213.8650130164084,213.8650130164084,214.03087879344088,211.91087879344087,211.91087879344087,211.91087879344087,0,0.0,none,211.91087879344087,211.91087879344087,operational_residual_hot_peak_only_v1,0,hot_peak_only,211.91087879344087,0.0,211.91087879344087,0,global_shadow_only,origin_available_shadow,17.595212206559125,17.595212206559125,0.0,-0.6031301128855346,211.30774868055533,1,global,18.198342319444663,18.198342319444663,0.6031301128855375,10.069205997382852,11.633349300781248,10.650726495680487,8.70848998480136,17.595212206559125,17.595212206559125,17.595212206559125,17.595212206559125,17.595212206559125,-4.031082966319559,-1.5407890198891891,0.0,0.0,0.1658657770324794,-2.1200000000000045,0.0,-7.526006209176273,Final_Backtest_Forecast_MWH,days8plus_final_low_confidence+long_horizon_peak_month_correction,raw_bias,none,none,recent_mean+last24_mean+same_hour+hourgroup+global+cloud_hourgroup+solar_hourgroup+solar_loss_hourgroup,3.0,0,,,0,,,,Midday,0,0,0,0,5.0,1.2633439146299694,0.26,7.0,0.0,185.29711582435502,203.17561285182143,10.069205997382852,10.069205997382852,4.387337152364663,Spring,-4.031082966319561,0.0,-4.031082966319561,0.0,Clear/Low,3.0,None,-1.540789019889181,weighted_fallback,global+hour+temp_cloud_hourgroup,214.03087879344088,0.0,213.8650130164084,none,170+,other,0.7,0.0,0.0,0.0,0.1658657770324882,0.0,,,ar_disabled_or_empty,0.0,,,origin_day_disabled_or_empty,213.8650130164084,-2.12,0.0,16.26127215079572,34.13976917826213,7.666555658672748,5.0,Medium-High,,,,,,,,,,,,,,,,,0.0,none,0.0,0.0,0.0,,,0.0,,,0.0,0.0,none,,,operational_residual_hot_peak_only_v1,0.0,hot_peak_only,,0.0,,0.0,invalid_base_forecast,weather_realism_origin_available_shadow,,,,0.0,,0.0,invalid_base_forecast,,,,,,,,,,0.0,,,,,0.0,45,2025-04-09 23:00:00-07:00,2025-05-24 23:00:00-07:00,2025-06-09,10.069205997382852,0.0,-10.069205997382852,1,0,203.398458,192.298866,200.722834,,,,,,,,,,,,,,,,,14.100288963702411,15.6410779835916,15.6410779835916,15.6410779835916,15.47521220655912,17.595212206559125
2025-06-09 16:00:00-07:00,origin_05,2025-05-25 00:00:00-07:00,2025,5,377,16,Days8to16,Summer,6,16,252.54645,95.5,95.5,0.01,8.908382780770824,0.0,0.0,240.25169185578346,239.27745056152344,240.00372713146152,240.9197053637922,240.25169185578346,239.1430124071969,239.1430124071969,239.1430124071969,239.2858267390159,239.1658267390159,237.1658267390159,239.1658267390159,1,2.0,june_long_95_100_low_forecast_hot_extra_up,239.1658267390159,239.1658267390159,operational_residual_hot_peak_only_v1,0,hot_peak_only,239.1658267390159,0.0,239.1658267390159,0,hot_peak_low_forecast_gate_blocked,origin_available_shadow,13.380623260984095,13.380623260984095,0.0,0.0,239.1658267390159,0,hot_peak_low_forecast_gate_blocked,13.380623260984095,13.380623260984095,0.0,12.29475814421653,13.268999438476555,12.542722868538476,11.626744636207803,13.380623260984095,15.380623260984095,13.380623260984095,13.380623260984095,13.380623260984095,0.0,-1.108679448586571,0.0,0.0,0.14281433181901093,-0.12000000000000455,2.0,-1.0858651167675646,Final_Backtest_Forecast_MWH,days8plus_final_low_confidence+long_horizon_peak_month_correction,raw_bias,none,none,recent_mean+last24_mean+same_hour+hourgroup+global+cloud_hourgroup+solar_hourgroup+solar_loss_hourgroup,3.0,0,,,0,,,,Peak,0,0,0,1,5.0,1.35,0.25,6.7,0.0,203.55351074830466,221.0827230184844,12.29475814421653,12.29475814421653,4.868315568964256,Spring,-0.0,0.0,0.0,0.0,Clear/Low,2.0,None,-1.108679448586568,weighted_fallback,global+hour+temp_cloud_hourgroup,239.2858267390159,0.0,239.1430124071969,none,170+,other,0.7,0.0,0.0,0.0,0.14281433181900624,0.0,,,ar_disabled_or_empty,0.0,,,origin_day_disabled_or_empty,239.1430124071969,-2.12,0.0,19.168968837299076,36.6981811074788,5.2982820629567735,5.0,Medium-Low,,,,,,,,,,,,,,,,,0.0,none,0.0,0.0,0.0,,,0.0,,,0.0,0.0,none,,,operational_residual_hot_peak_only_v1,0.0,hot_peak_only,,0.0,,0.0,invalid_base_forecast,weather_realism_origin_available_shadow,,,,0.0,,0.0,invalid_base_forecast,,,,,,,,,,0.0,,,,,0.0,45,2025-04-09 23:00:00-07:00,2025-05-24 23:00:00-07:00,2025-06-09,12.29475814421653,0.0,-12.29475814421653,1,0,201.754116,212.703725,217.09623657142856,,,,,,,,,,,,,,,,,12.29475814421653,13.403437592803101,13.403437592803101,13.403437592803101,13.26062326098409,13.380623260984095
2025-06-09 17:00:00-07:00,origin_05,2025-05-25 00:00:00-07:00,2025,5,378,16,Days8to16,Summer,6,17,265.632691,95.2,95.5,0.44,3.735751493228307,0.0,0.0,253.91381026176958,255.05860900878906,253.79006402941164,253.78118327061225,253.91381026176958,253.08016154414992,253.08016154414992,253.08016154414992,253.25435974950003,251.13435974950002,251.13435974950002,251.13435974950002,0,0.0,none,251.13435974950002,251.13435974950002,operational_residual_hot_peak_only_v1,0,hot_peak_only,251.13435974950002,0.0,251.13435974950002,0,hot_peak_low_forecast_gate_blocked,origin_available_shadow,14.498331250500001,14.498331250500001,0.0,0.0,251.13435974950002,0,hot_peak_low_forecast_gate_blocked,14.498331250500001,14.498331250500001,0.0,11.718880738230439,10.57408199121096,11.842626970588384,11.851507729387777,14.498331250500001,14.498331250500001,14.498331250500001,14.498331250500001,14.498331250500001,0.0,-0.833648717619667,0.0,0.0,0.174198205350109,-2.1200000000000045,0.0,-2.7794505122695625,Final_Backtest_Forecast_MWH,days8plus_final_low_confidence+long_horizon_peak_month_correction,raw_bias,none,none,recent_mean+last24_mean+same_hour+hourgroup+global+solar_hourgroup+solar_loss_hourgroup,3.0,0,,,0,,,,Peak,0,0,0,1,5.0,1.35,0.26,8.1,0.0,217.52210654226252,233.95448604685063,11.718880738230439,11.718880738230439,4.4116861874619335,Spring,-0.0,0.0,0.0,2.0,Partly Cloudy,1.0,None,-0.8336487176196754,weighted_fallback,global+hour,253.25435974950003,0.0,253.08016154414992,none,170+,other,0.7,0.0,0.0,0.0,0.17419820535011946,0.0,,,ar_disabled_or_empty,0.0,,,origin_day_disabled_or_empty,253.08016154414992,-2.12,0.0,19.95932421491895,36.39170371950706,5.4580372603686795,5.0,Medium-Low,,,,,,,,,,,,,,,,,0.0,none,0.0,0.0,0.0,,,0.0,,,0.0,0.0,none,,,operational_residual_hot_peak_only_v1,0.0,hot_peak_only,,0.0,,0.0,invalid_base_forecast,weather_realism_origin_available_shadow,,,,0.0,,0.0,invalid_base_forecast,,,,,,,,,,0.0,,,,,0.0,45,2025-04-09 23:00:00-07:00,2025-05-24 23:00:00-07:00,2025-06-09,11.718880738230439,0.0,-11.718880738230439,1,0,201.485991,227.345075,228.19188657142857,,,,,,,,,,,,,,,,,11.718880738230439,12.552529455850106,12.552529455850106,12.552529455850106,12.378331250499997,14.498331250500001
2025-06-09 18:00:00-07:00,origin_05,2025-05-25 00:00:00-07:00,2025,5,379,16,Days8to16,Summer,6,18,266.808516,93.0,95.5,0.34,1.2732496083952479e-15,0.0,0.0,256.62525665671404,256.2247009277344,257.0815412766459,256.0226824622438,256.62525665671404,255.76197939344289,255.76197939344289,255.76197939344289,255.9656829532364,253.8456829532364,253.8456829532364,253.8456829532364,0,0.0,none,253.8456829532364,253.8456829532364,operational_residual_hot_peak_only_v1,0,hot_peak_only,253.8456829532364,0.0,253.8456829532364,0,hot_peak_low_forecast_gate_blocked,origin_available_shadow,12.962833046763592,12.962833046763592,0.0,0.0,253.8456829532364,0,hot_peak_low_forecast_gate_blocked,12.962833046763592,12.962833046763592,0.0,10.183259343285954,10.583815072265622,9.72697472335409,10.785833537756218,12.962833046763592,12.962833046763592,12.962833046763592,12.962833046763592,12.962833046763592,0.0,-0.8632772632711578,0.0,0.0,0.2037035597935244,-2.1200000000000045,0.0,-2.779573703477638,Final_Backtest_Forecast_MWH,days8plus_final_low_confidence+long_horizon_peak_month_correction,raw_bias,none,none,recent_mean+last24_mean+same_hour+hourgroup+global+solar_hourgroup+solar_loss_hourgroup,3.0,0,,,0,,,,Peak,0,0,0,1,5.0,1.35,0.28,7.3,0.0,217.91576175017832,237.17760799084286,10.183259343285954,10.183259343285954,3.8166920216616904,Spring,-0.0,0.0,0.0,1.0,Some Clouds,0.0,None,-0.8632772632711682,weighted_fallback,global+hour,255.9656829532364,0.0,255.76197939344289,none,170+,other,0.7,0.0,0.0,0.0,0.20370355979352792,0.0,,,ar_disabled_or_empty,0.0,,,origin_day_disabled_or_empty,255.76197939344289,-2.12,0.0,19.447648665871185,38.709494906535724,4.858477998042458,5.0,Low,,,,,,,,,,,,,,,,,0.0,none,0.0,0.0,0.0,,,0.0,,,0.0,0.0,none,,,operational_residual_hot_peak_only_v1,0.0,hot_peak_only,,0.0,,0.0,invalid_base_forecast,weather_realism_origin_available_shadow,,,,0.0,,0.0,invalid_base_forecast,,,,,,,,,,0.0,,,,,0.0,45,2025-04-09 23:00:00-07:00,2025-05-24 23:00:00-07:00,2025-06-09,10.183259343285954,0.0,-10.183259343285954,1,0,195.091725,230.588625,231.25413314285714,,,,,,,,,,,,,,,,,10.183259343285954,11.046536606557112,11.046536606557112,11.046536606557112,10.842833046763587,12.962833046763592
2025-06-09 19:00:00-07:00,origin_05,2025-05-25 00:00:00-07:00,2025,5,380,16,Days8to16,Summer,6,19,254.439775,88.4,95.5,0.1,0.0,0.0,0.0,245.51447986225418,245.84793090820312,245.22112535195527,245.8801937938813,245.51447986225418,244.65902854998785,244.65902854998785,244.65902854998785,244.87198259985686,246.87198259985686,244.87198259985686,246.87198259985686,1,2.0,june_long_95_100_low_forecast_hot_extra_up,246.87198259985686,246.87198259985686,operational_residual_hot_peak_only_v1,0,hot_peak_only,246.87198259985686,0.0,246.87198259985686,0,hot_peak_low_forecast_gate_blocked,origin_available_shadow,7.567792400143134,7.567792400143134,0.0,0.0,246.87198259985686,0,hot_peak_low_forecast_gate_blocked,7.567792400143134,7.567792400143134,0.0,8.92529513774582,8.591844091796872,9.218649648044732,8.559581206118708,7.567792400143134,9.567792400143134,7.567792400143134,7.567792400143134,7.567792400143134,0.0,-0.8554513122663252,0.0,0.0,0.2129540498690119,2.0,2.0,1.3575027376026867,Final_Backtest_Forecast_MWH,days8plus_final_low_confidence,raw_bias,none,none,recent_mean+last24_mean+same_hour+hourgroup+global+cloud_hourgroup+solar_hourgroup+solar_loss_hourgroup,3.0,0,,,0,,,,Peak,0,0,0,1,5.0,0.0,0.33,8.6,0.0,210.72490622770783,229.34561460498648,8.92529513774582,8.92529513774582,3.5078222882982115,Spring,-0.0,0.0,0.0,0.0,Clear/Low,0.0,None,-0.8554513122663284,weighted_fallback,global+hour+temp_cloud_hourgroup,244.87198259985686,0.0,244.65902854998785,none,170+,other,1.0,0.0,0.0,0.0,0.2129540498690185,0.0,,,ar_disabled_or_empty,0.0,,,origin_day_disabled_or_empty,244.65902854998785,0.0,0.0,16.168865257267697,34.78957363454634,2.974296137521397,5.0,None,,,,,,,,,,,,,,,,,0.0,none,0.0,0.0,0.0,,,0.0,,,0.0,0.0,none,,,operational_residual_hot_peak_only_v1,0.0,hot_peak_only,,0.0,,0.0,invalid_base_forecast,weather_realism_origin_available_shadow,,,,0.0,,0.0,invalid_base_forecast,,,,,,,,,,0.0,,,,,0.0,45,2025-04-09 23:00:00-07:00,2025-05-24 23:00:00-07:00,2025-06-09,8.92529513774582,0.0,-8.92529513774582,1,0,187.348533,218.86175,223.544557,,,,,,,,,,,,,,,,,8.92529513774582,9.780746450012145,9.780746450012145,9.780746450012145,9.567792400143134,7.567792400143134
2025-06-09 20:00:00-07:00,origin_05,2025-05-25 00:00:00-07:00,2025,5,381,16,Days8to16,Summer,6,20,231.805483,82.2,95.5,0.01,0.0,0.0,0.0,227.12311522312916,227.24432373046875,227.9540817549203,225.7826796710746,227.12311522312916,226.491125489161,226.491125489161,226.491125489161,226.68827838519147,228.68827838519147,226.68827838519147,228.68827838519147,1,2.0,june_long_95_100_low_forecast_hot_extra_up,228.68827838519147,228.68827838519147,operational_residual_hot_peak_only_v1,0,hot_peak_only,228.68827838519147,0.0,228.68827838519147,0,hot_peak_low_forecast_gate_blocked,origin_available_shadow,3.117204614808543,3.117204614808543,0.0,0.0,228.68827838519147,0,hot_peak_low_forecast_gate_blocked,3.117204614808543,3.117204614808543,0.0,4.682367776870848,4.5611592695312595,3.8514012450796997,6.02280332892542,3.117204614808543,5.117204614808543,3.117204614808543,3.117204614808543,3.117204614808543,0.0,-0.6319897339681688,0.0,0.0,0.1971528960304738,2.0,2.0,1.565163162062305,Final_Backtest_Forecast_MWH,days8plus_final_low_confidence,raw_bias,none,none,recent_mean+last24_mean+same_hour+hourgroup+global+cloud_hourgroup+solar_hourgroup+solar_loss_hourgroup,3.0,0,,,0,,,,Peak,0,0,0,1,5.0,0.0,0.39,10.0,0.0,200.66370852879606,216.90604578441372,4.682367776870848,4.682367776870848,2.019955574938168,Spring,-0.0,0.0,0.0,0.0,Clear/Low,0.0,None,-0.6319897339681816,weighted_fallback,global+hour+temp_cloud_hourgroup,226.68827838519147,0.0,226.491125489161,none,170+,other,1.0,0.0,0.0,0.0,0.19715289603047262,0.0,,,ar_disabled_or_empty,0.0,,,origin_day_disabled_or_empty,226.491125489161,0.0,0.0,10.217069438715441,26.459406694333097,1.3447501648649711,5.0,None,,,,,,,,,,,,,,,,,0.0,none,0.0,0.0,0.0,,,0.0,,,0.0,0.0,none,,,operational_residual_hot_peak_only_v1,0.0,hot_peak_only,,0.0,,0.0,invalid_base_forecast,weather_realism_origin_available_shadow,,,,0.0,,0.0,invalid_base_forecast,,,,,,,,,,0.0,,,,,0.0,45,2025-04-09 23:00:00-07:00,2025-05-24 23:00:00-07:00,2025-06-09,4.682367776870848,0.0,-4.682367776870848,1,0,183.619958,200.7944,210.5737902857143,,,,,,,,,,,,,,,,,4.682367776870848,5.314357510839017,5.314357510839017,5.314357510839017,5.117204614808543,3.117204614808543
2025-06-23 14:00:00-07:00,origin_06,2025-06-22 00:00:00-07:00,2025,6,39,2,Days2to7,Summer,6,14,178.926058,92.3,96.1,0.01,18.88682167988745,0.0,0.0,181.5292967077774,179.98391723632812,181.38897034353636,182.19134655771313,179.73700321574458,179.3802019626024,179.3802019626024,179.3802019626024,179.3802019626024,179.3802019626024,179.3802019626024,179.3802019626024,0,0.0,none,179.3802019626024,179.3802019626024,operational_residual_hot_peak_only_v1,0,hot_peak_only,179.3802019626024,0.0,179.3802019626024,0,global_shadow_only,origin_available_shadow,-0.4541439626023873,0.4541439626023873,0.0,0.366083370778554,179.74628533338094,1,global,-0.8202273333809273,0.8202273333809273,0.36608337077854003,-2.6032387077773933,-1.0578592363281132,-2.4629123435363454,-3.26528855771312,-0.4541439626023873,-0.4541439626023873,-0.4541439626023873,-0.4541439626023873,0.4541439626023873,-1.792293492032826,-0.35680125314218003,0.0,0.0,0.0,0.0,0.0,-2.149094745175006,Peak_Risk_Adjusted_Forecast_MWH,days2to3_peak_risk,raw_bias,none,none,recent_mean+last24_mean+same_hour+hourgroup+global+temp_hourgroup+cloud_hourgroup+solar_hourgroup+solar_loss_hourgroup+temp_cloud_hourgroup,3.0,5,189.86992960000003,205.507676,35,227.46087394285715,255.5824348,-10.943871600000023,Midday,0,0,0,0,5.0,1.1167110705266086,0.13,2.2,0.0,126.58498995369672,163.50914470767097,-2.6032387077773933,2.6032387077773933,1.4549243060937458,Summer,-1.7922934920328122,0.0,-1.7922934920328122,0.0,Clear/Low,4.0,None,-0.35680125314219324,weighted_fallback,global+hour+season_hour+season_hourgroup_maxtemp+season_hour_maxtemp+season_month_hour_maxtemp+season_cloud_hourgroup+season_solar_hourgroup+temp_cloud_hourgroup,179.3802019626024,0.0,179.3802019626024,none,170+,other,0.7,0.0,0.0,0.0,0.0,0.0,,,ar_disabled_or_empty,0.0,,,origin_day_disabled_or_empty,179.3802019626024,0.0,0.0,18.020152000106435,54.944306754080685,0.253816558459242,5.0,High,177.93180161696847,177.61883544921875,177.62188755348726,178.50822833608174,0.9942563830315407,175.33902408210372,3.5870339178962922,3.5870339178962922,2.0047576959954556,92.0,96.5,0.0,19.648544581144545,0.0,0.0,2.0,0.0,none,0.0,0.0,0.0,,,0.0,175.33902408210372,175.33902408210372,0.0,0.0,none,14.875905882663261,54.519554476832,operational_residual_hot_peak_only_v1,0.0,hot_peak_only,175.33902408210372,0.0,175.33902408210372,0.0,global_shadow_only,weather_realism_origin_available_shadow,3.5870339178962922,3.5870339178962922,0.0,0.32129149016886144,175.6603155722726,1.0,global,3.2657424277274174,3.2657424277274174,-0.3212914901688748,193.33902408210372,193.33902408210372,159.4310902187555,172.41036451306684,177.09214398314052,174.90925703806874,1.0,159.4310902187555,193.33902408210372,33.907933863348234,16.953966931674117,18.0,45,2025-05-07 23:00:00-07:00,2025-06-21 23:00:00-07:00,2025-06-23,0.0,2.6032387077773933,2.6032387077773933,0,1,125.471216,197.138925,179.5959437142857,-0.29999999999999716,0.4000000000000057,-0.01,0.7617229012570945,0.0,0.0,-4.0411778804986795,4.0411778804986795,3.132889955293905,1.7509411375362132,days2to3,0-2F,0-20pp,0-1.25MW,normal,low_weather_error,-0.8109452157445673,-0.4541439626023873,-0.4541439626023873,-0.4541439626023873,-0.4541439626023873,-0.4541439626023873
2025-06-23 15:00:00-07:00,origin_06,2025-06-22 00:00:00-07:00,2025,6,40,2,Days2to7,Summer,6,15,198.225441,95.2,96.1,0.02,14.655555609923427,0.0,0.0,201.46984268245612,200.27931213378906,202.4945188224099,200.19978890500505,199.8565360195373,199.47026788455693,199.47026788455693,199.47026788455693,199.47026788455693,199.47026788455693,199.47026788455693,199.47026788455693,0,0.0,none,199.47026788455693,199.47026788455693,operational_residual_hot_peak_only_v1,0,hot_peak_only,199.47026788455693,0.0,199.47026788455693,0,global_shadow_only,origin_available_shadow,-1.244826884556943,1.244826884556943,0.0,0.08932165141413162,199.55958953597107,1,global,-1.3341485359710816,1.3341485359710816,0.08932165141413861,-3.244401682456129,-2.053871133789073,-4.269077822409912,-1.974347905005061,-1.244826884556943,-1.244826884556943,-1.244826884556943,-1.244826884556943,1.244826884556943,-1.6133066629188306,-0.38626813498035517,0.0,0.0,0.0,0.0,0.0,-1.9995747978991858,Peak_Risk_Adjusted_Forecast_MWH,days2to3_peak_risk,raw_bias,none,none,recent_mean+last24_mean+same_hour+hourgroup+global+temp_hourgroup+cloud_hourgroup+solar_hourgroup+solar_loss_hourgroup+temp_cloud_hourgroup,3.0,5,211.2251378,228.192441,35,227.46087394285715,255.5824348,-12.99969680000001,Midday,0,0,0,0,5.0,1.2997968746441855,0.11,1.4,0.0,137.5097706923283,179.22541352747547,-3.244401682456129,3.244401682456129,1.6367231502116466,Summer,-1.6133066629188348,0.0,-1.6133066629188348,0.0,Clear/Low,3.0,None,-0.38626813498036305,weighted_fallback,global+hour+season_hour+season_hourgroup_maxtemp+season_hour_maxtemp+season_month_hour_maxtemp+season_cloud_hourgroup+season_solar_hourgroup+temp_cloud_hourgroup,199.47026788455693,0.0,199.47026788455693,none,170+,other,0.7,0.0,0.0,0.0,0.0,0.0,,,ar_disabled_or_empty,0.0,,,origin_day_disabled_or_empty,199.47026788455693,0.0,0.0,22.24442915498065,63.96007199012783,0.6279854282462881,5.0,Medium-High,195.8519456873431,195.16905212402344,197.05630306477877,194.15449654089258,2.3734953126568996,193.43072436385748,4.79471663614251,4.79471663614251,2.418820012181237,94.9,96.5,0.0,15.27749975441419,0.0,0.0,2.0,0.0,none,0.0,0.0,0.0,,,0.0,193.43072436385748,193.43072436385748,0.0,0.0,none,17.07533630234289,61.48380399234162,operational_residual_hot_peak_only_v1,0.0,hot_peak_only,193.43072436385748,0.0,193.43072436385748,0.0,global_shadow_only,weather_realism_origin_available_shadow,4.79471663614251,4.79471663614251,0.0,0.5025502792154685,193.93327464307293,1.0,global,4.292166356927055,4.292166356927055,-0.5025502792154555,211.43072436385748,211.43072436385748,175.43072436385748,187.7210148855677,192.4202447257712,193.38398612295643,1.0,175.43072436385748,211.43072436385748,36.0,18.0,18.0,45,2025-05-07 23:00:00-07:00,2025-06-21 23:00:00-07:00,2025-06-23,0.0,3.244401682456129,3.244401682456129,0,1,137.771908,216.998691,199.9175507142857,-0.29999999999999716,0.4000000000000057,-0.02,0.6219441444907634,0.0,0.0,-6.039543520699453,6.039543520699453,3.5498897515855674,1.7908345839349489,days2to3,0-2F,0-20pp,0-1.25MW,normal,low_weather_error,-1.6310950195372982,-1.244826884556943,-1.244826884556943,-1.244826884556943,-1.244826884556943,-1.244826884556943
2025-06-23 16:00:00-07:00,origin_06,2025-06-22 00:00:00-07:00,2025,6,41,2,Days2to7,Summer,6,16,217.453166,96.1,96.1,0.0,9.246675797762121,0.0,0.0,220.3993121051237,218.99217224121094,221.3283887402862,219.34137449670052,220.3993121051237,219.89066477039228,219.89066477039228,219.89066477039228,219.89066477039228,219.89066477039228,219.89066477039228,219.89066477039228,0,0.0,none,219.89066477039228,219.89066477039228,operational_residual_hot_peak_only_v1,0,hot_peak_only,219.89066477039228,0.0,219.89066477039228,0,hot_peak_low_forecast_gate_blocked,origin_available_shadow,-2.437498770392267,2.437498770392267,0.0,0.0,219.89066477039228,0,hot_peak_low_forecast_gate_blocked,-2.437498770392267,2.437498770392267,0.0,-2.946146105123688,-1.5390062412109273,-3.8752227402861763,-1.8882084967005142,-2.437498770392267,-2.437498770392267,-2.437498770392267,-2.437498770392267,2.437498770392267,0.0,-0.5086473347314211,0.0,0.0,0.0,0.0,0.0,-0.5086473347314211,Peak_Risk_Adjusted_Forecast_MWH,days2to3_peak_risk,raw_bias,none,none,recent_mean+last24_mean+same_hour+hourgroup+global+cloud_hourgroup+solar_hourgroup+solar_loss_hourgroup,3.0,5,231.47860799999998,249.1153364,35,227.46087394285715,255.5824348,-14.02544199999997,Peak,0,0,0,1,5.0,1.35,0.1,2.4,0.0,149.88773941874305,195.06419477410614,-2.946146105123688,2.946146105123688,1.354841669733927,Summer,-0.0,0.0,0.0,0.0,Clear/Low,2.0,None,-0.5086473347314301,weighted_fallback,global+hour+season_hour+season_hourgroup_maxtemp+season_hour_maxtemp+season_month_hour_maxtemp+season_cloud_hourgroup+season_solar_hourgroup+temp_cloud_hourgroup,219.89066477039228,0.0,219.89066477039228,none,170+,other,0.7,0.0,0.0,0.0,0.0,0.0,,,ar_disabled_or_empty,0.0,,,origin_day_disabled_or_empty,219.89066477039228,0.0,0.0,25.335117331017557,70.51157268638065,1.1209304583738584,5.0,Medium-Low,216.21728355861077,213.6772918701172,215.6976545699506,217.75955530893205,1.2358824413892364,216.16160960330183,1.2915563966981836,1.2915563966981836,0.5939469268054637,96.5,96.5,0.0,9.652627418151676,0.0,0.0,2.0,0.08830516762957445,weather_uncertainty_peak_hedge,0.0,0.20877395716906053,18.789656145215446,1.2533,0.35,1.0,215.79694139150894,215.79694139150894,0.0,0.0,none,21.508670702456243,68.81861756552894,operational_residual_hot_peak_only_v1,0.0,hot_peak_only,215.79694139150894,0.36466821179289693,216.16160960330183,1.0,global+hot_peak,weather_realism_origin_available_shadow,1.2915563966981836,1.2915563966981836,-0.364668211792889,0.36466821179289693,216.16160960330183,1.0,global+hot_peak,1.2915563966981836,1.2915563966981836,-0.364668211792889,234.4982923690948,237.70863622387935,194.2894528700404,205.80836019135626,208.66824202620353,215.07732046508383,1.0,194.2894528700404,237.70863622387935,43.419183353838946,21.709591676919473,22.0,45,2025-05-07 23:00:00-07:00,2025-06-21 23:00:00-07:00,2025-06-23,0.0,2.946146105123688,2.946146105123688,0,1,152.790058,236.047391,215.82278300000002,0.4000000000000057,0.4000000000000057,0.0,0.4059516203895548,0.0,0.0,-3.7290551670904506,3.7290551670904506,-1.1459423736940835,-0.5269835315683946,days2to3,0-2F,0-20pp,0-1.25MW,hot_peak,low_weather_error,-2.946146105123688,-2.437498770392267,-2.437498770392267,-2.437498770392267,-2.437498770392267,-2.437498770392267
2025-06-23 17:00:00-07:00,origin_06,2025-06-22 00:00:00-07:00,2025,6,42,2,Days2to7,Summer,6,17,231.863358,95.6,96.1,0.01,3.9283761795978918,0.0,0.0,235.79685688703051,234.97021484375,236.52595116327112,234.8873207510182,235.79685688703051,235.31403833543314,235.31403833543314,235.31403833543314,235.31403833543314,235.49535497173386,235.31403833543314,235.31403833543314,0,0.0,none,235.49535497173386,235.49535497173386,operational_residual_hot_peak_only_v1,0,hot_peak_only,235.31403833543314,0.18131663630073402,235.49535497173386,1,global+hot_peak,origin_available_shadow,-3.631996971733855,3.631996971733855,0.18131663630072126,0.18131663630073402,235.49535497173386,1,global+hot_peak,-3.631996971733855,3.631996971733855,0.18131663630072126,-3.9334988870305096,-3.106856843749995,-4.6625931632711115,-3.023962751018189,-3.631996971733855,-3.450680335433134,-3.450680335433134,-3.631996971733855,3.631996971733855,0.0,-0.48281855159737574,0.0,0.0,0.0,0.18131663630072126,0.0,-0.3015019152966545,Peak_Risk_Adjusted_Forecast_MWH,days2to3_peak_risk,raw_bias,none,none,recent_mean+last24_mean+same_hour+hourgroup+global+cloud_hourgroup+solar_hourgroup+solar_loss_hourgroup,3.0,5,244.5535312,261.91729780000003,35,227.46087394285715,255.5824348,-12.690173200000004,Peak,0,0,0,1,5.0,1.35,0.1,4.9,0.0,164.2550835849954,206.7559127978565,-3.9334988870305096,3.9334988870305096,1.6964728368294009,Summer,-0.0,0.0,0.0,0.0,Clear/Low,1.0,None,-0.4828185515973674,weighted_fallback,global+hour+season_hour+season_hourgroup_maxtemp+season_hour_maxtemp+season_month_hour_maxtemp+season_cloud_hourgroup+season_solar_hourgroup+temp_cloud_hourgroup,235.31403833543314,0.0,235.31403833543314,none,170+,other,0.7,0.0,0.0,0.0,0.0,0.0,,,ar_disabled_or_empty,0.0,,,origin_day_disabled_or_empty,235.31403833543314,0.0,0.0,29.04094408917402,71.54177330203512,1.5664385278737554,5.0,Medium-Low,231.08230970119126,227.9141387939453,234.5941808083918,226.46884679194645,0.7810482988087415,231.24360203686888,0.6197559631311265,0.6197559631311265,0.26729362003423,94.7,96.5,0.0,4.150186424508323,0.0,0.0,2.0,0.0,none,0.0,0.16376325332912278,14.738692799621049,1.2533,0.35,1.0,231.14657046193273,231.14657046193273,0.0,0.0,none,24.922086388296805,70.99705251092993,operational_residual_hot_peak_only_v1,0.0,hot_peak_only,231.14657046193273,0.09703157493614656,231.24360203686888,1.0,global+hot_peak,weather_realism_origin_available_shadow,0.6197559631311265,0.6197559631311265,-0.09703157493615322,0.09703157493614656,231.24360203686888,1.0,global+hot_peak,0.6197559631311265,0.6197559631311265,-0.09703157493615322,245.88526326155377,253.14657046193273,209.14657046193273,217.07516848858393,219.3336667096289,227.7528499080274,1.0,209.14657046193273,253.14657046193273,44.0,22.0,22.0,45,2025-05-07 23:00:00-07:00,2025-06-21 23:00:00-07:00,2025-06-23,0.0,3.9334988870305096,3.9334988870305096,0,1,168.48825,247.70025,226.61192942857141,-0.8999999999999915,0.4000000000000057,-0.01,0.22181024491043155,0.0,0.0,-4.251752934864982,4.251752934864982,-3.0122410086027287,-1.2991449078395252,days2to3,0-2F,0-20pp,0-1.25MW,hot_peak,low_weather_error,-3.9334988870305096,-3.450680335433134,-3.450680335433134,-3.450680335433134,-3.450680335433134,-3.631996971733855
2025-06-23 18:00:00-07:00,origin_06,2025-06-22 00:00:00-07:00,2025,6,43,2,Days2to7,Summer,6,18,237.605125,93.4,96.1,0.0,1.3561075004817064e-15,0.0,0.0,238.25258231361653,235.42361450195312,239.61555094497413,236.9190509819584,238.25258231361653,237.72767418035667,237.72767418035667,237.72767418035667,237.72767418035667,237.72767418035667,237.72767418035667,237.72767418035667,0,0.0,none,237.72767418035667,237.72767418035667,operational_residual_hot_peak_only_v1,0,hot_peak_only,237.72767418035667,0.0,237.72767418035667,0,hot_peak_low_forecast_gate_blocked,origin_available_shadow,-0.12254918035668538,0.12254918035668538,0.0,0.0,237.72767418035667,0,hot_peak_low_forecast_gate_blocked,-0.12254918035668538,0.12254918035668538,0.0,-0.6474573136165418,2.181510498046862,-2.010425944974145,0.6860740180415803,-0.12254918035668538,-0.12254918035668538,-0.12254918035668538,-0.12254918035668538,0.12254918035668538,0.0,-0.5249081332598564,0.0,0.0,0.0,0.0,0.0,-0.5249081332598564,Peak_Risk_Adjusted_Forecast_MWH,days2to3_peak_risk,raw_bias,none,none,recent_mean+last24_mean+same_hour+hourgroup+global+cloud_hourgroup+solar_hourgroup+solar_loss_hourgroup,3.0,5,248.95600140000002,265.272016,35,227.46087394285715,255.5824348,-11.350876400000033,Peak,0,0,0,1,5.0,1.35,0.1,5.2,0.0,170.369043851713,209.90541440738755,-0.6474573136165418,0.6474573136165418,0.27249299173009917,Summer,-0.0,0.0,0.0,0.0,Clear/Low,0.0,None,-0.5249081332598677,weighted_fallback,global+hour+season_hour+season_hourgroup_maxtemp+season_hour_maxtemp+season_month_hour_maxtemp+season_cloud_hourgroup+season_solar_hourgroup+temp_cloud_hourgroup,237.72767418035667,0.0,237.72767418035667,none,170+,other,0.7,0.0,0.0,0.0,0.0,0.0,,,ar_disabled_or_empty,0.0,,,origin_day_disabled_or_empty,237.72767418035667,0.0,0.0,28.347167906228975,67.88353846190353,0.05157682535538128,5.0,Low,232.6802115229703,230.9768524169922,232.31173825853506,233.74591496879083,4.9249134770296905,232.38392922531042,5.221195774689562,5.221195774689562,2.1974255709718222,92.9,96.5,0.0,1.458298900721672e-15,0.0,0.0,2.0,0.0,none,0.0,0.1469464548075229,13.225180932677063,1.2533,0.35,1.0,232.15530338971044,232.15530338971044,0.0,0.0,none,23.240107371684473,65.56833946396944,operational_residual_hot_peak_only_v1,0.0,hot_peak_only,232.15530338971044,0.22862583559997385,232.38392922531042,1.0,global+hot_peak,weather_realism_origin_available_shadow,5.221195774689562,5.221195774689562,-0.22862583559998484,0.22862583559997385,232.38392922531042,1.0,global+hot_peak,5.221195774689562,5.221195774689562,-0.22862583559998484,245.3804843223875,254.15530338971044,210.15530338971044,219.13181250585006,217.98734760289506,227.6054790150451,1.0,210.15530338971044,254.15530338971044,44.0,22.0,22.0,45,2025-05-07 23:00:00-07:00,2025-06-21 23:00:00-07:00,2025-06-23,0.0,0.6474573136165418,0.6474573136165418,0,1,175.897925,250.35325,229.35597114285716,-0.5,0.4000000000000057,0.0,1.021914002399657e-16,0.0,0.0,-5.3437449550462475,5.3437449550462475,5.098646594332877,2.145848745616441,days2to3,0-2F,0-20pp,0-1.25MW,hot_peak,low_weather_error,-0.6474573136165418,-0.12254918035668538,-0.12254918035668538,-0.12254918035668538,-0.12254918035668538,-0.12254918035668538
2025-06-23 19:00:00-07:00,origin_06,2025-06-22 00:00:00-07:00,2025,6,44,2,Days2to7,Summer,6,19,233.494275,93.0,96.1,0.11,0.0,0.0,0.0,231.76442070102723,231.93057250976562,232.29932330908795,230.87638751443518,231.76442070102723,231.31520985760739,231.31520985760739,231.31520985760739,231.31520985760739,231.8865118420258,231.31520985760739,231.31520985760739,0,0.0,none,231.8865118420258,231.8865118420258,operational_residual_hot_peak_only_v1,0,hot_peak_only,231.31520985760739,0.5713019844184213,231.8865118420258,1,global+hot_peak,origin_available_shadow,1.6077631579741762,1.6077631579741762,-0.571301984418426,0.5713019844184213,231.8865118420258,1,global+hot_peak,1.6077631579741762,1.6077631579741762,-0.571301984418426,1.7298542989727537,1.5637024902343626,1.1949516909120348,2.6178874855648075,1.6077631579741762,2.179065142392602,2.179065142392602,1.6077631579741762,1.6077631579741762,0.0,-0.4492108434198485,0.0,0.0,0.0,0.571301984418426,0.0,0.12209114099857743,Peak_Risk_Adjusted_Forecast_MWH,days2to3_peak_risk,raw_bias,none,none,recent_mean+last24_mean+same_hour+hourgroup+global+cloud_hourgroup+solar_hourgroup+solar_loss_hourgroup,3.0,5,241.0049332,253.646115,35,227.46087394285715,255.5824348,-7.510658200000023,Peak,0,0,0,1,5.0,0.0,0.1,4.3,0.0,171.48561772122233,205.88709153160318,1.7298542989727537,1.7298542989727537,0.7408551233098772,Summer,-0.0,0.0,0.0,0.0,Clear/Low,0.0,None,-0.44921084341985723,weighted_fallback,global+hour+season_hour+season_hourgroup_maxtemp+season_hour_maxtemp+season_month_hour_maxtemp+season_cloud_hourgroup+season_solar_hourgroup+temp_cloud_hourgroup,231.31520985760739,0.0,231.31520985760739,none,170+,other,1.0,0.0,0.0,0.0,0.0,0.0,,,ar_disabled_or_empty,0.0,,,origin_day_disabled_or_empty,231.31520985760739,0.0,0.0,25.87732916942406,60.27880297980491,0.6885664147329421,5.0,None,221.24808642613115,220.87612915039062,220.89361885221456,221.91138040678305,12.246188573868835,220.7988755827113,12.695399417288684,12.695399417288684,5.437135200547716,87.7,96.5,0.05,0.0,0.0,0.0,2.0,0.0,none,0.0,0.14704825240039965,13.234342716035968,1.2533,0.35,1.0,220.7988755827113,220.7988755827113,0.0,0.0,none,15.889149197390509,53.45954882494658,operational_residual_hot_peak_only_v1,0.0,hot_peak_only,220.7988755827113,0.0,220.7988755827113,0.0,hot_peak_low_forecast_gate_blocked,weather_realism_origin_available_shadow,12.695399417288684,12.695399417288684,0.0,0.0,220.7988755827113,0.0,hot_peak_low_forecast_gate_blocked,12.695399417288684,12.695399417288684,0.0,234.03321829874727,242.22739408034522,200.92680400424106,208.24816818463003,207.1499828059703,216.52385661558975,0.0,200.92680400424106,242.22739408034522,41.30059007610416,20.65029503805208,21.428518497633917,45,2025-05-07 23:00:00-07:00,2025-06-21 23:00:00-07:00,2025-06-23,1.7298542989727537,0.0,-1.7298542989727537,1,0,175.710408,240.285725,221.76082128571426,-5.299999999999997,0.4000000000000057,-0.06,0.0,0.0,0.0,-11.087636259314507,11.087636259314507,11.087636259314507,4.748568785814773,days2to3,0-2F,0-20pp,0-1.25MW,hot_peak,low_weather_error,1.7298542989727537,2.179065142392602,2.179065142392602,2.179065142392602,2.179065142392602,1.6077631579741762
2025-06-23 20:00:00-07:00,origin_06,2025-06-22 00:00:00-07:00,2025,6,45,2,Days2to7,Summer,6,20,221.154216,88.3,96.1,0.53,0.0,0.0,0.0,217.8957265924955,218.067138671875,217.1059027860355,219.08790340853844,217.8957265924955,217.57338880313188,217.57338880313188,217.57338880313188,217.515017632701,217.57338880313188,217.57338880313188,217.57338880313188,0,0.0,none,217.57338880313188,217.57338880313188,operational_residual_hot_peak_only_v1,0,hot_peak_only,217.57338880313188,0.0,217.57338880313188,0,hot_peak_low_forecast_gate_blocked,origin_available_shadow,3.580827196868114,3.580827196868114,0.0,0.0,217.57338880313188,0,hot_peak_low_forecast_gate_blocked,3.580827196868114,3.580827196868114,0.0,3.2584894075044986,3.087077328124991,4.048313213964491,2.0663125914615534,3.580827196868114,3.580827196868114,3.580827196868114,3.580827196868114,3.580827196868114,0.0,-0.32233778936361546,0.0,0.0,-0.05837117043088824,0.05837117043088824,0.0,-0.32233778936361546,Peak_Risk_Adjusted_Forecast_MWH,days2to3_peak_risk,raw_bias,none,none,recent_mean+last24_mean+same_hour+hourgroup+global+solar_hourgroup+solar_loss_hourgroup,3.0,5,225.1379764,232.8874282,35,227.46087394285715,255.5824348,-3.9837604000000226,Peak,0,0,0,1,5.0,0.0,0.2,9.9,0.0,167.28803621058788,195.96743345865542,3.2584894075044986,3.2584894075044986,1.4734014419623358,Summer,-0.0,0.0,0.0,2.0,Partly Cloudy,0.0,None,-0.32233778936360524,weighted_fallback,global+hour+season_hour+season_hourgroup_maxtemp+season_hour_maxtemp+season_month_hour_maxtemp+season_cloud_hourgroup+season_solar_hourgroup+temp_cloud_hourgroup,217.515017632701,0.0,217.57338880313188,none,170+,other,1.0,0.0,0.0,0.0,-0.05837117043090089,0.0,,,ar_disabled_or_empty,0.0,,,origin_day_disabled_or_empty,217.57338880313188,0.0,0.0,21.92829313384007,50.60769038190762,1.6191539377517965,5.0,None,207.11851090613288,205.6704864501953,206.3286961198373,208.77336970057954,14.035705093867108,206.54100352825438,14.613212471745612,14.613212471745612,6.6077024151082036,84.3,96.5,0.11,0.0,0.0,0.0,2.0,0.0,none,0.0,0.12678910420680314,11.41101937861228,1.2533,0.35,1.0,206.54100352825438,206.54100352825438,0.0,0.0,none,11.589594475882365,42.90009389437941,operational_residual_hot_peak_only_v1,0.0,hot_peak_only,206.54100352825438,0.0,206.54100352825438,0.0,hot_peak_low_forecast_gate_blocked,weather_realism_origin_available_shadow,14.613212471745612,14.613212471745612,0.0,0.0,206.54100352825438,0.0,hot_peak_low_forecast_gate_blocked,14.613212471745612,14.613212471745612,0.0,217.95202290686666,226.3667237995557,190.32698970169474,198.273554667503,198.19909251790682,203.03969440305312,0.0,190.32698970169474,226.3667237995557,36.03973409786096,18.01986704893048,19.82572027130132,45,2025-05-07 23:00:00-07:00,2025-06-21 23:00:00-07:00,2025-06-23,3.2584894075044986,0.0,-3.2584894075044986,1,0,171.204691,223.981825,208.9235485714286,-4.0,0.4000000000000057,-0.42000000000000004,0.0,0.0,0.0,-11.032385274877498,11.032385274877498,11.032385274877498,4.988548477356407,days2to3,0-2F,35-60pp,0-1.25MW,hot_peak,cloud,3.2584894075044986,3.580827196868114,3.580827196868114,3.580827196868114,3.6391983672990023,3.580827196868114
2025-06-24 14:00:00-07:00,origin_06,2025-06-22 00:00:00-07:00,2025,6,63,3,Days2to7,Summer,6,14,177.00605,89.1,92.8,0.0,18.88682167988745,0.0,0.0,172.34439792786645,170.7550811767578,172.63403507842293,172.34334433445164,170.49198427122104,169.73805481693395,169.73805481693395,169.73805481693395,169.73805481693395,166.73805481693395,169.73805481693395,166.73805481693395,1,-3.0,june_recent_85_93_clear_afternoon_backoff,166.73805481693395,166.73805481693395,operational_residual_hot_peak_only_v1,0,hot_peak_only,166.73805481693395,0.0,166.73805481693395,0,global_shadow_only,origin_available_shadow,10.267995183066034,10.267995183066034,0.0,0.14901576113261056,166.88707057806656,1,global,10.118979421933432,10.118979421933432,-0.14901576113260262,4.661652072133535,6.250968823242175,4.372014921577062,4.662705665548344,10.267995183066034,7.267995183066034,10.267995183066034,10.267995183066034,10.267995183066034,-1.8524136566454104,-0.7539294542870891,0.0,0.0,0.0,-3.0,-3.0,-5.6063431109324995,Peak_Risk_Adjusted_Forecast_MWH,days2to3_peak_risk,raw_bias,none,none,recent_mean+last24_mean+same_hour+hourgroup+global+temp_hourgroup+cloud_hourgroup+solar_hourgroup+solar_loss_hourgroup+temp_cloud_hourgroup,3.0,6,181.3284135,197.737137,42,212.1861347857143,238.8469166,-4.322363500000023,Midday,1,0,0,0,4.0,1.1168556345170217,0.21,5.0,0.0,181.5292967077774,165.41816452306776,4.661652072133535,4.661652072133535,2.633611716737103,Summer,-1.852413656645411,0.0,-1.852413656645411,0.0,Clear/Low,4.0,None,-0.7539294542870779,weighted_fallback,global+hour+season_hour+season_hourgroup_maxtemp+season_hour_maxtemp+season_month_hour_maxtemp+season_cloud_hourgroup+season_solar_hourgroup+temp_cloud_hourgroup,169.73805481693395,0.0,169.73805481693395,none,150-170,other,0.7,0.0,0.0,0.0,0.0,0.0,,,ar_disabled_or_empty,0.0,,,origin_day_disabled_or_empty,169.73805481693395,0.0,0.0,6.926233404798694,-9.184898779910952,5.800928941731672,4.0,High,185.68360550756708,182.6890106201172,186.4306808995102,185.36522843092783,-8.677555507567092,184.09314377884536,-7.087093778845372,7.087093778845372,4.003870929183139,91.1,95.2,0.0,19.629013224702053,0.0,0.0,3.0,0.0,none,0.0,0.0,0.0,,,0.0,184.09314377884536,184.09314377884536,0.0,0.0,none,21.232617827980647,7.751803890598609,operational_residual_hot_peak_only_v1,0.0,hot_peak_only,184.09314377884536,0.0,184.09314377884536,0.0,global_shadow_only,weather_realism_origin_available_shadow,-7.087093778845372,7.087093778845372,0.0,-0.007028830007308865,184.08611494883806,1.0,global,-7.080064948838071,7.080064948838071,-0.007028830007300257,202.09314377884536,202.09314377884536,166.09314377884536,178.93652098639,183.66655930762906,184.08703634514512,1.0,166.09314377884536,202.09314377884536,36.0,18.0,18.0,45,2025-05-07 23:00:00-07:00,2025-06-21 23:00:00-07:00,2025-06-24,4.661652072133535,0.0,-4.661652072133535,1,0,178.926058,164.56965,176.9941055714286,2.0,2.4000000000000057,0.0,0.7421915448146024,0.0,0.0,17.355088961911406,-17.355088961911406,-3.1809014042206627,-1.7970580125485331,days2to3,2-5F,0-20pp,0-1.25MW,normal,temp_moderate,6.514065728778945,7.267995183066034,7.267995183066034,7.267995183066034,7.267995183066034,10.267995183066034
2025-06-24 15:00:00-07:00,origin_06,2025-06-22 00:00:00-07:00,2025,6,64,3,Days2to7,Summer,6,15,195.947066,91.9,92.8,0.0,14.607713752654908,0.0,0.0,189.41589295877856,189.45501708984375,188.47919596202084,190.8766670590934,187.93842442459123,187.16209571366727,187.16209571366727,187.16209571366727,187.16209571366727,184.16209571366727,187.16209571366727,184.16209571366727,1,-3.0,june_recent_85_93_clear_afternoon_backoff,184.16209571366727,184.16209571366727,operational_residual_hot_peak_only_v1,0,hot_peak_only,184.16209571366727,0.0,184.16209571366727,0,global_shadow_only,origin_available_shadow,11.784970286332737,11.784970286332737,0.0,0.27185576653613736,184.4339514802034,1,global,11.513114519796602,11.513114519796602,-0.2718557665361345,6.53117304122145,6.492048910156257,7.467870037979168,5.070398940906614,11.784970286332737,8.784970286332737,11.784970286332737,11.784970286332737,11.784970286332737,-1.4774685341873237,-0.7763287109239627,0.0,0.0,0.0,-3.0,-3.0,-5.253797245111286,Peak_Risk_Adjusted_Forecast_MWH,days2to3_peak_risk,raw_bias,none,none,recent_mean+last24_mean+same_hour+hourgroup+global+temp_hourgroup+cloud_hourgroup+solar_hourgroup+solar_loss_hourgroup+temp_cloud_hourgroup,3.0,6,201.86642183333333,216.4522745,42,212.1861347857143,238.8469166,-5.919355833333327,Midday,1,0,0,0,4.0,1.2957215106317699,0.16,5.9,0.0,201.46984268245612,181.25335062496922,6.53117304122145,6.53117304122145,3.3331313270194363,Summer,-1.4774685341873197,0.0,-1.4774685341873197,0.0,Clear/Low,3.0,None,-0.7763287109239614,weighted_fallback,global+hour+season_hour+season_hourgroup_maxtemp+season_hour_maxtemp+season_month_hour_maxtemp+season_cloud_hourgroup+season_solar_hourgroup+temp_cloud_hourgroup,187.16209571366727,0.0,187.16209571366727,none,170+,other,0.7,0.0,0.0,0.0,0.0,0.0,,,ar_disabled_or_empty,0.0,,,origin_day_disabled_or_empty,187.16209571366727,0.0,0.0,8.162542333809341,-12.053949723677562,6.014364249951432,4.0,Medium-High,202.7398271203088,203.13198852539062,202.97180990038152,202.26323663588548,-6.792761120308796,201.13957356817951,-5.192507568179508,5.192507568179508,2.6499542321187435,93.3,95.2,0.0,15.261552468658017,0.0,0.0,3.0,0.0,none,0.0,0.0,0.0,,,0.0,201.13957356817951,201.13957356817951,0.0,0.0,none,22.73783735140242,6.887881432965713,operational_residual_hot_peak_only_v1,0.0,hot_peak_only,201.13957356817951,0.0,201.13957356817951,0.0,global_shadow_only,weather_realism_origin_available_shadow,-5.192507568179508,5.192507568179508,0.0,-0.5025137703248909,200.63705979785462,1.0,global,-4.689993797854612,4.689993797854612,-0.5025137703248959,219.13957356817951,219.13957356817951,183.13957356817951,195.0490852031516,197.22104154459203,201.0087686091403,1.0,183.13957356817951,219.13957356817951,36.0,18.0,18.0,45,2025-05-07 23:00:00-07:00,2025-06-21 23:00:00-07:00,2025-06-24,6.53117304122145,0.0,-6.53117304122145,1,0,198.225441,182.742916,197.23565785714285,1.3999999999999915,2.4000000000000057,0.0,0.6538387160031096,0.0,0.0,16.977477854512244,-16.977477854512244,-6.592462718153229,-3.3644100178326877,days2to3,2-5F,0-20pp,0-1.25MW,normal,temp_moderate,8.008641575408774,8.784970286332737,8.784970286332737,8.784970286332737,8.784970286332737,11.784970286332737
2025-06-24 16:00:00-07:00,origin_06,2025-06-22 00:00:00-07:00,2025,6,65,3,Days2to7,Summer,6,16,215.393125,92.8,92.8,0.0,9.201570062163281,0.0,0.0,207.39130842684688,207.9378662109375,207.16975609005803,207.58330273206053,207.39130842684688,206.49036071193098,206.49036071193098,206.49036071193098,206.49036071193098,203.49036071193098,206.49036071193098,203.49036071193098,1,-3.0,june_recent_85_93_clear_afternoon_backoff,203.49036071193098,203.49036071193098,operational_residual_hot_peak_only_v1,0,hot_peak_only,203.49036071193098,0.0,203.49036071193098,0,hot_peak_low_forecast_gate_blocked,origin_available_shadow,11.902764288069022,11.902764288069022,0.0,0.0,203.49036071193098,0,hot_peak_low_forecast_gate_blocked,11.902764288069022,11.902764288069022,0.0,8.001816573153121,7.455258789062498,8.223368909941968,7.809822267939467,11.902764288069022,8.902764288069022,11.902764288069022,11.902764288069022,11.902764288069022,0.0,-0.9009477149159011,0.0,0.0,0.0,-3.0,-3.0,-3.900947714915901,Peak_Risk_Adjusted_Forecast_MWH,days2to3_peak_risk,raw_bias,none,none,recent_mean+last24_mean+same_hour+hourgroup+global+temp_hourgroup+cloud_hourgroup+solar_hourgroup+solar_loss_hourgroup+temp_cloud_hourgroup,3.0,6,217.42522900000003,237.9150125,42,212.1861347857143,238.8469166,-2.0321040000000323,Peak,1,0,0,1,4.0,1.35,0.14,6.7,0.0,220.3993121051237,197.12630364626668,8.001816573153121,8.001816573153121,3.7149823482774216,Summer,-0.0,0.0,0.0,0.0,Clear/Low,2.0,None,-0.900947714915913,weighted_fallback,global+hour+season_hour+season_hourgroup_maxtemp+season_hour_maxtemp+season_month_hour_maxtemp+season_cloud_hourgroup+season_solar_hourgroup+temp_cloud_hourgroup,206.49036071193098,0.0,206.49036071193098,none,170+,other,0.7,0.0,0.0,0.0,0.0,0.0,,,ar_disabled_or_empty,0.0,,,origin_day_disabled_or_empty,206.49036071193098,0.0,0.0,10.265004780580199,-13.008003678276822,5.526065090549674,4.0,Medium-Low,219.85424605065464,219.6219482421875,220.30200178279887,219.21700070256153,-4.46112105065464,219.81493204925656,-4.421807049256557,4.421807049256557,2.052900736389129,94.3,95.2,0.0,9.641350984251968,0.0,0.0,3.0,0.4693333333333334,weather_uncertainty_peak_hedge,0.0,0.4693333333333334,22.0,2.406336,0.35,1.0,219.81493204925656,219.81493204925656,0.0,0.0,none,23.680956971841397,3.636962492043864,operational_residual_hot_peak_only_v1,0.0,hot_peak_only,219.81493204925656,0.0,219.81493204925656,0.0,hot_peak_low_forecast_gate_blocked,weather_realism_origin_available_shadow,-4.421807049256557,4.421807049256557,0.0,0.0,219.81493204925656,0.0,hot_peak_low_forecast_gate_blocked,-4.421807049256557,4.421807049256557,0.0,241.34559871592322,241.34559871592322,197.34559871592322,211.74730526289642,211.32715111399435,219.04205271913307,1.0,197.34559871592322,241.34559871592322,44.0,22.0,22.0,45,2025-05-07 23:00:00-07:00,2025-06-21 23:00:00-07:00,2025-06-24,8.001816573153121,0.0,-8.001816573153121,1,0,217.453166,200.369225,213.16646514285716,1.5,2.4000000000000057,0.0,0.439780922088687,0.0,0.0,16.32457133732558,-16.32457133732558,-7.480957238812465,-3.4731643541605446,days2to3,2-5F,0-20pp,0-1.25MW,hot_peak,temp_moderate,8.001816573153121,8.902764288069022,8.902764288069022,8.902764288069022,8.902764288069022,11.902764288069022
2025-06-24 17:00:00-07:00,origin_06,2025-06-22 00:00:00-07:00,2025,6,66,3,Days2to7,Summer,6,17,228.267708,92.3,92.8,0.0,3.9167019561815537,0.0,0.0,220.92511020682167,220.05926513671875,222.09416324270205,219.33541117046764,220.92511020682167,220.04682553371498,220.04682553371498,220.04682553371498,220.04682553371498,217.04682553371498,220.04682553371498,217.04682553371498,1,-3.0,june_recent_85_93_clear_afternoon_backoff,217.04682553371498,217.04682553371498,operational_residual_hot_peak_only_v1,0,hot_peak_only,217.04682553371498,0.0,217.04682553371498,0,hot_peak_low_forecast_gate_blocked,origin_available_shadow,11.220882466285019,11.220882466285019,0.0,0.0,217.04682553371498,0,hot_peak_low_forecast_gate_blocked,11.220882466285019,11.220882466285019,0.0,7.342597793178328,8.208442863281249,6.173544757297947,8.932296829532362,11.220882466285019,8.220882466285019,11.220882466285019,11.220882466285019,11.220882466285019,0.0,-0.8782846731066911,0.0,0.0,0.0,-3.0,-3.0,-3.878284673106691,Peak_Risk_Adjusted_Forecast_MWH,days2to3_peak_risk,raw_bias,none,none,recent_mean+last24_mean+same_hour+hourgroup+global+temp_hourgroup+cloud_hourgroup+solar_hourgroup+solar_loss_hourgroup+temp_cloud_hourgroup,3.0,6,228.21603283333332,250.44381600000003,42,212.1861347857143,238.8469166,0.05167516666668348,Peak,1,0,0,1,4.0,1.35,0.14,8.3,0.0,235.79685688703051,208.97705078171796,7.342597793178328,7.342597793178328,3.216660760959815,Summer,-0.0,0.0,0.0,0.0,Clear/Low,1.0,None,-0.8782846731066772,weighted_fallback,global+hour+season_hour+season_hourgroup_maxtemp+season_hour_maxtemp+season_month_hour_maxtemp+season_cloud_hourgroup+season_solar_hourgroup+temp_cloud_hourgroup,220.04682553371498,0.0,220.04682553371498,none,170+,other,0.7,0.0,0.0,0.0,0.0,0.0,,,ar_disabled_or_empty,0.0,,,origin_day_disabled_or_empty,220.04682553371498,0.0,0.0,11.948059425103708,-14.871746680208844,4.915667907913203,4.0,Medium-Low,234.9852108892638,233.5349578857422,234.57458357671766,236.04484038141396,-6.7175028892638124,234.50239233766644,-6.234684337666437,6.234684337666437,2.7313036926214886,95.2,95.2,0.0,4.1151637542593065,0.0,0.0,3.0,0.0,none,0.0,0.3981074692000505,18.661287618752368,2.406336,0.35,1.0,234.50239233766644,234.50239233766644,0.0,0.0,none,27.277356333342027,3.9029011880725477,operational_residual_hot_peak_only_v1,0.0,hot_peak_only,234.50239233766644,0.0,234.50239233766644,0.0,hot_peak_low_forecast_gate_blocked,weather_realism_origin_available_shadow,-6.234684337666437,6.234684337666437,0.0,0.0,234.50239233766644,0.0,hot_peak_low_forecast_gate_blocked,-6.234684337666437,6.234684337666437,0.0,253.1636799564188,256.50239233766644,212.50239233766644,221.1256006148936,221.7021198836113,232.81106145232823,1.0,212.50239233766644,256.50239233766644,44.0,22.0,22.0,45,2025-05-07 23:00:00-07:00,2025-06-21 23:00:00-07:00,2025-06-24,7.342597793178328,0.0,-7.342597793178328,1,0,231.863358,211.377175,224.3495162857143,2.9000000000000057,2.4000000000000057,0.0,0.19846179807775277,0.0,0.0,17.455566803951456,-17.455566803951456,-4.986198128618582,-2.184364215291714,days2to3,2-5F,0-20pp,0-1.25MW,hot_peak,temp_moderate,7.342597793178328,8.220882466285019,8.220882466285019,8.220882466285019,8.220882466285019,11.220882466285019
2025-06-24 18:00:00-07:00,origin_06,2025-06-22 00:00:00-07:00,2025,6,67,3,Days2to7,Summer,6,18,228.357125,89.5,92.8,0.0,1.3561075004817064e-15,0.0,0.0,224.51399903060286,224.26324462890625,225.55348384615183,222.9521670066535,224.51399903060286,223.56776544772896,223.56776544772896,223.56776544772896,223.56776544772896,223.56776544772896,223.56776544772896,223.56776544772896,0,0.0,none,223.56776544772896,223.56776544772896,operational_residual_hot_peak_only_v1,0,hot_peak_only,223.56776544772896,0.0,223.56776544772896,0,hot_peak_low_forecast_gate_blocked,origin_available_shadow,4.789359552271037,4.789359552271037,0.0,0.0,223.56776544772896,0,hot_peak_low_forecast_gate_blocked,4.789359552271037,4.789359552271037,0.0,3.8431259693971356,4.093880371093746,2.8036411538481616,5.4049579933465,4.789359552271037,4.789359552271037,4.789359552271037,4.789359552271037,4.789359552271037,0.0,-0.9462335828739015,0.0,0.0,0.0,0.0,0.0,-0.9462335828739015,Peak_Risk_Adjusted_Forecast_MWH,days2to3_peak_risk,raw_bias,none,none,recent_mean+last24_mean+same_hour+hourgroup+global+temp_hourgroup+cloud_hourgroup+solar_hourgroup+solar_loss_hourgroup+temp_cloud_hourgroup,3.0,6,229.20848866666665,253.0272705,42,212.1861347857143,238.8469166,-0.8513636666666571,Peak,1,0,0,1,4.0,1.35,0.18,7.8,0.0,238.25258231361653,211.73950002361852,3.8431259693971356,3.8431259693971356,1.6829455045018347,Summer,-0.0,0.0,0.0,0.0,Clear/Low,0.0,None,-0.9462335828738976,weighted_fallback,global+hour+season_hour+season_hourgroup_maxtemp+season_hour_maxtemp+season_month_hour_maxtemp+season_cloud_hourgroup+season_solar_hourgroup+temp_cloud_hourgroup,223.56776544772896,0.0,223.56776544772896,none,170+,other,0.7,0.0,0.0,0.0,0.0,0.0,,,ar_disabled_or_empty,0.0,,,origin_day_disabled_or_empty,223.56776544772896,0.0,0.0,12.774499006984342,-13.738583283013668,2.097311197218408,4.0,Low,239.91372635195552,236.1175079345703,240.3949291649426,240.2421843365144,-11.556601351955521,239.38881821869566,-11.031693218695665,11.031693218695665,4.83089512477251,93.8,95.2,0.0,1.447251181776811e-15,0.0,0.0,3.0,0.0,none,0.0,0.3269390143503491,15.325266297672613,2.406336,0.35,1.0,239.38881821869566,239.38881821869566,0.0,0.0,none,29.435589554531077,7.233514828985221,operational_residual_hot_peak_only_v1,0.0,hot_peak_only,239.38881821869566,0.0,239.38881821869566,0.0,hot_peak_low_forecast_gate_blocked,weather_realism_origin_available_shadow,-11.031693218695665,11.031693218695665,0.0,0.0,239.38881821869566,0.0,hot_peak_low_forecast_gate_blocked,-11.031693218695665,11.031693218695665,0.0,254.71408451636827,261.38881821869563,217.38881821869566,222.51548329122966,221.50376986092255,234.85559103853257,1.0,217.38881821869566,261.38881821869563,43.99999999999997,21.999999999999986,22.0,45,2025-05-07 23:00:00-07:00,2025-06-21 23:00:00-07:00,2025-06-24,3.8431259693971356,0.0,-3.8431259693971356,1,0,237.605125,215.127091,227.53481042857143,4.299999999999997,2.4000000000000057,0.0,9.114368129510457e-17,0.0,0.0,15.821052770966702,-15.821052770966702,6.242333666424628,2.733583927554101,days2to3,2-5F,0-20pp,0-1.25MW,hot_peak,temp_moderate,3.8431259693971356,4.789359552271037,4.789359552271037,4.789359552271037,4.789359552271037,4.789359552271037
2025-06-24 19:00:00-07:00,origin_06,2025-06-22 00:00:00-07:00,2025,6,68,3,Days2to7,Summer,6,19,218.415225,85.3,92.8,0.0,0.0,0.0,0.0,214.74183572025674,215.22222900390625,215.06688256050202,214.09379260454295,214.74183572025674,213.86505360851794,213.86505360851794,213.86505360851794,213.86505360851794,213.86505360851794,213.86505360851794,213.86505360851794,0,0.0,none,213.86505360851794,213.86505360851794,operational_residual_hot_peak_only_v1,0,hot_peak_only,213.86505360851794,0.0,213.86505360851794,0,hot_peak_low_forecast_gate_blocked,origin_available_shadow,4.550171391482053,4.550171391482053,0.0,0.0,213.86505360851794,0,hot_peak_low_forecast_gate_blocked,4.550171391482053,4.550171391482053,0.0,3.6733892797432475,3.1929959960937424,3.3483424394979693,4.3214323954570375,4.550171391482053,4.550171391482053,4.550171391482053,4.550171391482053,4.550171391482053,0.0,-0.8767821117388053,0.0,0.0,0.0,0.0,0.0,-0.8767821117388053,Peak_Risk_Adjusted_Forecast_MWH,days2to3_peak_risk,raw_bias,none,none,recent_mean+last24_mean+same_hour+hourgroup+global+temp_hourgroup+cloud_hourgroup+solar_hourgroup+solar_loss_hourgroup+temp_cloud_hourgroup,3.0,6,220.6456066666667,244.2543665,42,212.1861347857143,238.8469166,-2.230381666666716,Peak,1,0,0,1,4.0,0.0,0.25,8.9,0.0,231.76442070102723,207.72254334603562,3.6733892797432475,3.6733892797432475,1.6818375549338411,Summer,-0.0,0.0,0.0,0.0,Clear/Low,0.0,None,-0.8767821117388057,weighted_fallback,global+hour+season_hour+season_hourgroup_maxtemp+season_hour_maxtemp+season_month_hour_maxtemp+season_cloud_hourgroup+season_solar_hourgroup+temp_cloud_hourgroup,213.86505360851794,0.0,213.86505360851794,none,170+,other,1.0,0.0,0.0,0.0,0.0,0.0,,,ar_disabled_or_empty,0.0,,,origin_day_disabled_or_empty,213.86505360851794,0.0,0.0,7.0192923742211235,-17.02258498077049,2.0832665815682274,4.0,None,230.35611029444271,227.65513610839844,230.32354778295132,231.17898686565616,-11.940885294442722,229.90689945102287,-11.491674451022874,11.491674451022874,5.261388921501637,89.8,95.2,0.0,0.0,0.0,0.0,3.0,0.0,none,0.0,0.26951550752942666,12.633539415441874,2.406336,0.35,1.0,229.90689945102287,229.90689945102287,0.0,0.0,none,24.664054719111903,9.108023868311562,operational_residual_hot_peak_only_v1,0.0,hot_peak_only,229.90689945102287,0.0,229.90689945102287,0.0,hot_peak_low_forecast_gate_blocked,weather_realism_origin_available_shadow,-11.491674451022874,11.491674451022874,0.0,0.0,229.90689945102287,0.0,hot_peak_low_forecast_gate_blocked,-11.491674451022874,11.491674451022874,0.0,242.54043886646474,251.90689945102287,207.90689945102287,213.20692967077338,212.09598252884436,226.00151772406778,1.0,207.90689945102287,251.90689945102287,44.0,22.0,22.0,45,2025-05-07 23:00:00-07:00,2025-06-21 23:00:00-07:00,2025-06-24,3.6733892797432475,0.0,-3.6733892797432475,1,0,233.494275,208.016725,220.79061414285712,4.5,2.4000000000000057,0.0,0.0,0.0,0.0,16.041845842504927,-16.041845842504927,6.941503059540821,3.17812233993341,days2to3,2-5F,0-20pp,0-1.25MW,hot_peak,temp_moderate,3.6733892797432475,4.550171391482053,4.550171391482053,4.550171391482053,4.550171391482053,4.550171391482053
2025-06-24 20:00:00-07:00,origin_06,2025-06-22 00:00:00-07:00,2025,6,69,3,Days2to7,Summer,6,20,202.034491,79.4,92.8,0.0,0.0,0.0,0.0,200.60800172114915,201.1708984375,201.29039562735102,199.37484080673158,200.60800172114915,199.60244098788243,199.60244098788243,199.60244098788243,199.60244098788243,199.60244098788243,199.60244098788243,199.60244098788243,0,0.0,none,199.60244098788243,199.60244098788243,operational_residual_hot_peak_only_v1,0,hot_peak_only,199.60244098788243,0.0,199.60244098788243,0,hot_peak_low_forecast_gate_blocked,origin_available_shadow,2.432050012117571,2.432050012117571,0.0,0.0,199.60244098788243,0,hot_peak_low_forecast_gate_blocked,2.432050012117571,2.432050012117571,0.0,1.4264892788508519,0.8635925625000027,0.7440953726489852,2.659650193268419,2.432050012117571,2.432050012117571,2.432050012117571,2.432050012117571,2.432050012117571,0.0,-1.0055607332667194,0.0,0.0,0.0,0.0,0.0,-1.0055607332667194,Peak_Risk_Adjusted_Forecast_MWH,days2to3_peak_risk,raw_bias,none,none,recent_mean+last24_mean+same_hour+hourgroup+global+temp_hourgroup+cloud_hourgroup+solar_hourgroup+solar_loss_hourgroup+temp_cloud_hourgroup,3.0,6,206.612751,227.165933,42,212.1861347857143,238.8469166,-4.57826,Peak,1,0,0,1,4.0,0.0,0.32,8.3,0.0,217.8957265924955,197.76186468615475,1.4264892788508519,1.4264892788508519,0.7060622529302939,Summer,-0.0,0.0,0.0,0.0,Clear/Low,0.0,None,-1.005560733266724,weighted_fallback,global+hour+season_hour+season_hourgroup_maxtemp+season_hour_maxtemp+season_month_hour_maxtemp+season_cloud_hourgroup+season_solar_hourgroup+temp_cloud_hourgroup,199.60244098788243,0.0,199.60244098788243,none,170+,other,1.0,0.0,0.0,0.0,0.0,0.0,,,ar_disabled_or_empty,0.0,,,origin_day_disabled_or_empty,199.60244098788243,0.0,0.0,2.846137034994399,-17.28772487134634,1.2037796121245314,4.0,None,214.33564829233666,215.17654418945312,212.5655269568236,216.87701156325247,-12.301157292336654,213.82351977129503,-11.789028771295023,11.789028771295023,5.835156518544659,84.3,95.2,0.0,0.0,0.0,0.0,3.0,0.0,none,0.0,0.24762775683426055,11.607551101605964,2.406336,0.35,1.0,213.82351977129503,213.82351977129503,0.0,0.0,none,18.551902875495756,7.217137386203774,operational_residual_hot_peak_only_v1,0.0,hot_peak_only,213.82351977129503,0.0,213.82351977129503,0.0,hot_peak_low_forecast_gate_blocked,weather_realism_origin_available_shadow,-11.789028771295023,11.789028771295023,0.0,0.0,213.82351977129503,0.0,hot_peak_low_forecast_gate_blocked,-11.789028771295023,11.789028771295023,0.0,225.431070872901,235.82351977129503,195.7924239640624,202.39328154774958,200.79748314531352,210.2510959772621,1.0,195.7924239640624,235.82351977129503,40.03109580723262,20.01554790361631,22.0,45,2025-05-07 23:00:00-07:00,2025-06-21 23:00:00-07:00,2025-06-24,1.4264892788508519,0.0,-1.4264892788508519,1,0,221.154216,195.717775,208.51960442857143,4.8999999999999915,2.4000000000000057,0.0,0.0,0.0,0.0,14.221078783412594,-14.221078783412594,9.356978759177451,4.631376906420128,days2to3,2-5F,0-20pp,0-1.25MW,hot_peak,temp_moderate,1.4264892788508519,2.432050012117571,2.432050012117571,2.432050012117571,2.432050012117571,2.432050012117571
2025-06-25 14:00:00-07:00,origin_06,2025-06-22 00:00:00-07:00,2025,6,87,4,Days2to7,Summer,6,14,169.441275,88.1,94.4,0.0,18.90635303632994,0.0,0.0,164.48870325155798,162.8574981689453,163.7155748300308,166.16967793756146,163.03223765432202,162.27830820003493,162.27830820003493,162.27830820003493,162.27830820003493,162.27830820003493,162.27830820003493,162.27830820003493,0,0.0,none,162.27830820003493,162.27830820003493,operational_residual_hot_peak_only_v1,0,hot_peak_only,162.27830820003493,0.0,162.27830820003493,0,global_shadow_only,origin_available_shadow,7.162966799965062,7.162966799965062,0.0,0.3500823484802189,162.62839054851514,1,global,6.812884451484848,6.812884451484848,-0.350082348480214,4.952571748442011,6.583776831054678,5.725700169969201,3.2715970624385307,7.162966799965062,7.162966799965062,7.162966799965062,7.162966799965062,7.162966799965062,-1.4564655972359617,-0.7539294542870891,0.0,0.0,0.0,0.0,0.0,-2.210395051523051,Recent_Corrected_Forecast_MWH,days4to7_recent_corrected,raw_bias,none,none,recent_mean+last24_mean+same_hour+hourgroup+global+temp_hourgroup+cloud_hourgroup+solar_hourgroup+solar_loss_hourgroup+temp_cloud_hourgroup,3.0,6,181.3284135,197.737137,42,212.1861347857143,238.8469166,-11.88713850000002,Midday,2,0,0,0,4.0,1.1182132060043664,0.24,3.7,0.0,172.34439792786645,163.22567022704862,4.952571748442011,4.952571748442011,2.9228839008925136,Summer,-1.4564655972359615,0.0,-1.4564655972359615,0.0,Clear/Low,4.0,None,-0.7539294542870779,weighted_fallback,global+hour+season_hour+season_hourgroup_maxtemp+season_hour_maxtemp+season_month_hour_maxtemp+season_cloud_hourgroup+season_solar_hourgroup+temp_cloud_hourgroup,162.27830820003493,0.0,162.27830820003493,none,150-170,other,0.7,0.0,0.0,0.0,0.0,0.0,,,ar_disabled_or_empty,0.0,,,origin_day_disabled_or_empty,162.27830820003493,0.0,0.0,1.2630330245093546,-7.855694676308474,4.227403742072327,4.0,High,187.91640181087823,188.23570251464844,188.5112365095139,186.89043279765926,-18.475126810878237,186.06352000136107,-16.62224500136108,16.62224500136108,9.810033004863238,90.6,95.4,0.0,20.000108997109358,0.0,0.0,4.0,0.0,none,0.0,0.0,0.0,,,0.0,186.06352000136107,186.06352000136107,0.0,0.0,none,23.7523073444965,2.2327963033111473,operational_residual_hot_peak_only_v1,0.0,hot_peak_only,186.06352000136107,0.0,186.06352000136107,0.0,global_shadow_only,weather_realism_origin_available_shadow,-16.62224500136108,16.62224500136108,0.0,-0.6217833494932241,185.44173665186784,1.0,global,-16.00046165186785,16.00046165186785,-0.6217833494932279,204.06352000136107,204.06352000136107,168.06352000136107,180.639215811369,183.8800661739756,185.98671144486647,1.0,168.06352000136107,204.06352000136107,36.0,18.0,18.0,45,2025-05-07 23:00:00-07:00,2025-06-21 23:00:00-07:00,2025-06-25,4.952571748442011,0.0,-4.952571748442011,1,0,177.00605,180.4555,178.77073414285718,2.5,1.0,0.0,1.0937559607794185,0.0,0.0,23.78521180132614,-23.78521180132614,9.459278201396017,5.58262926279091,days4to7,0-2F,0-20pp,0-1.25MW,normal,low_weather_error,6.409037345677973,7.162966799965062,7.162966799965062,7.162966799965062,7.162966799965062,7.162966799965062
2025-06-25 15:00:00-07:00,origin_06,2025-06-22 00:00:00-07:00,2025,6,88,4,Days2to7,Summer,6,15,192.388391,91.6,94.4,0.0,14.6715028956796,0.0,0.0,184.1358437798164,184.697021484375,182.885747130004,185.939944885362,182.86251601443743,182.08618730351347,182.08618730351347,182.08618730351347,182.08618730351347,182.08618730351347,182.08618730351347,182.08618730351347,0,0.0,none,182.08618730351347,182.08618730351347,operational_residual_hot_peak_only_v1,0,hot_peak_only,182.08618730351347,0.0,182.08618730351347,0,global_shadow_only,origin_available_shadow,10.302203696486544,10.302203696486544,0.0,0.5913106943019789,182.67749799781544,1,global,9.710893002184577,9.710893002184577,-0.591310694301967,8.252547220183601,7.691369515625013,9.502643869996007,6.448446114638017,10.302203696486544,10.302203696486544,10.302203696486544,10.302203696486544,10.302203696486544,-1.2733277653789798,-0.7763287109239627,0.0,0.0,0.0,0.0,0.0,-2.0496564763029426,Recent_Corrected_Forecast_MWH,days4to7_recent_corrected,raw_bias,none,none,recent_mean+last24_mean+same_hour+hourgroup+global+temp_hourgroup+cloud_hourgroup+solar_hourgroup+solar_loss_hourgroup+temp_cloud_hourgroup,3.0,6,201.86642183333333,216.4522745,42,212.1861347857143,238.8469166,-9.478030833333321,Midday,2,0,0,0,4.0,1.3016155145063002,0.2,4.1,0.0,189.41589295877856,178.64843776193757,8.252547220183601,8.252547220183601,4.28952452759148,Summer,-1.2733277653789838,0.0,-1.2733277653789838,0.0,Clear/Low,3.0,None,-0.7763287109239614,weighted_fallback,global+hour+season_hour+season_hourgroup_maxtemp+season_hour_maxtemp+season_month_hour_maxtemp+season_cloud_hourgroup+season_solar_hourgroup+temp_cloud_hourgroup,182.08618730351347,0.0,182.08618730351347,none,170+,other,0.7,0.0,0.0,0.0,0.0,0.0,,,ar_disabled_or_empty,0.0,,,origin_day_disabled_or_empty,182.08618730351347,0.0,0.0,5.48740601787884,-5.280049178962145,5.354898828841779,4.0,Medium-High,206.4673252530209,206.54925537109375,206.54749656419713,206.31793315886603,-14.07893425302089,204.5554539551022,-12.167062955102182,12.167062955102182,6.324218884445154,93.1,95.4,0.0,15.580498183781488,0.0,0.0,4.0,0.0,none,0.0,0.0,0.0,,,0.0,204.5554539551022,204.5554539551022,0.0,0.0,none,27.166829181213274,3.7274981327120997,operational_residual_hot_peak_only_v1,0.0,hot_peak_only,204.5554539551022,0.0,204.5554539551022,0.0,global_shadow_only,weather_realism_origin_available_shadow,-12.167062955102182,12.167062955102182,0.0,-1.1438179937393023,203.4116359613629,1.0,global,-11.023244961362877,11.023244961362877,-1.1438179937393045,222.5554539551022,222.5554539551022,186.5554539551022,197.56689533914317,199.48138784575923,204.48960204504777,1.0,186.5554539551022,222.5554539551022,36.0,18.0,18.0,45,2025-05-07 23:00:00-07:00,2025-06-21 23:00:00-07:00,2025-06-25,8.252547220183601,0.0,-8.252547220183601,1,0,195.947066,202.782825,199.121965,1.5,1.0,0.0,0.9089952881018881,0.0,0.0,22.469266651588725,-22.469266651588725,1.8648592586156383,0.9693200556033748,days4to7,0-2F,0-20pp,0-1.25MW,normal,low_weather_error,9.52587498556258,10.302203696486544,10.302203696486544,10.302203696486544,10.302203696486544,10.302203696486544
2025-06-25 16:00:00-07:00,origin_06,2025-06-22 00:00:00-07:00,2025,6,89,4,Days2to7,Summer,6,16,215.805191,93.6,94.4,0.0,9.224122929962702,0.0,0.0,205.4405629417071,204.79525756835938,203.98853641784277,207.90669187159324,205.4405629417071,204.5396152267912,204.5396152267912,204.7415073814323,204.7415073814323,204.7415073814323,204.7415073814323,204.7415073814323,0,0.0,none,204.7415073814323,204.7415073814323,operational_residual_hot_peak_only_v1,0,hot_peak_only,204.7415073814323,0.0,204.7415073814323,0,hot_peak_low_forecast_gate_blocked,origin_available_shadow,11.063683618567694,11.063683618567694,0.0,0.0,204.7415073814323,0,hot_peak_low_forecast_gate_blocked,11.063683618567694,11.063683618567694,0.0,10.364628058292908,11.009933431640633,11.816654582157241,7.898499128406769,11.063683618567694,11.063683618567694,11.063683618567694,11.063683618567694,11.063683618567694,0.0,-0.9009477149159011,0.0,0.20189215464111498,0.0,0.0,0.0,-0.6990555602747861,Recent_Corrected_Forecast_MWH,days4to7_recent_corrected,raw_bias,none,tree_peak_gap,recent_mean+last24_mean+same_hour+hourgroup+global+temp_hourgroup+cloud_hourgroup+solar_hourgroup+solar_loss_hourgroup+temp_cloud_hourgroup,3.0,6,217.42522900000003,237.9150125,42,212.1861347857143,238.8469166,-1.6200380000000223,Peak,2,0,0,1,4.0,1.35,0.17,5.0,0.0,207.39130842684688,194.17804770724482,10.364628058292908,10.364628058292908,4.802770503464353,Summer,-0.0,0.0,0.0,0.0,Clear/Low,2.0,None,-0.900947714915913,weighted_fallback,global+hour+season_hour+season_hourgroup_maxtemp+season_hour_maxtemp+season_month_hour_maxtemp+season_cloud_hourgroup+season_solar_hourgroup+temp_cloud_hourgroup,204.7415073814323,0.0,204.5396152267912,none,170+,other,0.7,0.0,0.0,0.20189215464112212,0.0,0.0,,,ar_disabled_or_empty,0.0,,,origin_day_disabled_or_empty,204.7415073814323,0.0,0.0,11.262515234462285,-1.9507454851397767,5.126699486375049,4.0,Medium-Low,223.7004997792036,225.79510498046875,224.36033150104248,222.06516273023811,-7.895308779203589,223.76350708934936,-7.958316089349353,7.958316089349353,3.687731538093239,94.0,95.4,0.05,9.866879662246165,0.0,0.0,4.0,0.5716546448771932,weather_uncertainty_peak_hedge,0.0,0.576401114171828,21.981398421807,2.957788,0.35,1.0,223.76350708934936,223.76350708934936,0.0,0.0,none,28.69504697886825,3.846253728548959,operational_residual_hot_peak_only_v1,0.0,hot_peak_only,223.76350708934936,0.0,223.76350708934936,0.0,hot_peak_low_forecast_gate_blocked,weather_realism_origin_available_shadow,-7.958316089349353,7.958316089349353,0.0,0.0,223.76350708934936,0.0,hot_peak_low_forecast_gate_blocked,-7.958316089349353,7.958316089349353,0.0,245.17325086627918,245.19185244447218,201.19185244447218,212.47146219641263,213.26635766678814,223.0641454797734,1.0,201.19185244447218,245.19185244447218,44.0,22.0,22.0,45,2025-05-07 23:00:00-07:00,2025-06-21 23:00:00-07:00,2025-06-25,10.364628058292908,0.0,-10.364628058292908,1,0,215.393125,223.283575,215.31273657142856,0.4000000000000057,1.0,0.05,0.6427567322834626,0.0,0.0,19.021999707917047,-19.021999707917047,-3.1053675292183414,-1.43896794828181,days4to7,0-2F,0-20pp,0-1.25MW,hot_peak,low_weather_error,10.364628058292908,11.265575773208809,11.265575773208809,11.063683618567694,11.063683618567694,11.063683618567694
2025-06-25 17:00:00-07:00,origin_06,2025-06-22 00:00:00-07:00,2025,6,90,4,Days2to7,Summer,6,17,232.191175,94.4,94.4,0.0,3.9283761795978918,0.0,0.0,220.3603696862026,219.65431213378906,219.12708402954686,222.50012073306542,220.3603696862026,219.4820850130959,219.4820850130959,219.49200465907913,219.49200465907913,219.49200465907913,219.49200465907913,219.49200465907913,0,0.0,none,219.49200465907913,219.49200465907913,operational_residual_hot_peak_only_v1,0,hot_peak_only,219.49200465907913,0.0,219.49200465907913,0,hot_peak_low_forecast_gate_blocked,origin_available_shadow,12.699170340920858,12.699170340920858,0.0,0.0,219.49200465907913,0,hot_peak_low_forecast_gate_blocked,12.699170340920858,12.699170340920858,0.0,11.830805313797384,12.536862866210924,13.064090970453123,9.691054266934572,12.699170340920858,12.699170340920858,12.699170340920858,12.699170340920858,12.699170340920858,0.0,-0.8782846731066911,0.0,0.009919645983217151,0.0,0.0,0.0,-0.868365027123474,Recent_Corrected_Forecast_MWH,days4to7_recent_corrected,raw_bias,none,tree_peak_gap,recent_mean+last24_mean+same_hour+hourgroup+global+temp_hourgroup+cloud_hourgroup+solar_hourgroup+solar_loss_hourgroup+temp_cloud_hourgroup,3.0,6,228.21603283333332,250.44381600000003,42,212.1861347857143,238.8469166,3.9751421666666715,Peak,2,0,0,1,4.0,1.35,0.14,6.0,0.0,220.92511020682167,205.89804152554964,11.830805313797384,11.830805313797384,5.095286379336934,Summer,-0.0,0.0,0.0,0.0,Clear/Low,1.0,None,-0.8782846731066772,weighted_fallback,global+hour+season_hour+season_hourgroup_maxtemp+season_hour_maxtemp+season_month_hour_maxtemp+season_cloud_hourgroup+season_solar_hourgroup+temp_cloud_hourgroup,219.49200465907913,0.0,219.4820850130959,none,170+,other,0.7,0.0,0.0,0.0099196459832271,0.0,0.0,,,ar_disabled_or_empty,0.0,,,origin_day_disabled_or_empty,219.49200465907913,0.0,0.0,14.462328160652959,-0.5647405206190683,5.469273472999505,4.0,Medium-Low,236.98466895898045,234.4431915283203,237.85155413685462,236.34855723108106,-4.793493958980463,236.50185040738307,-4.310675407383087,4.310675407383087,1.856519916135093,95.4,95.4,0.0,4.202720429881845,0.0,0.0,4.0,0.0,none,0.0,0.5225716308319746,19.92857914189733,2.957788,0.35,1.0,236.50185040738307,236.50185040738307,0.0,0.0,none,30.34723784744952,1.9994580697166384,operational_residual_hot_peak_only_v1,0.0,hot_peak_only,236.50185040738307,0.0,236.50185040738307,0.0,hot_peak_low_forecast_gate_blocked,weather_realism_origin_available_shadow,-4.310675407383087,4.310675407383087,0.0,0.0,236.50185040738307,0.0,hot_peak_low_forecast_gate_blocked,-4.310675407383087,4.310675407383087,0.0,256.4304295492804,258.5018504073831,214.50185040738307,222.52201407570848,221.88332277929587,236.50829756684212,1.0,214.50185040738307,258.5018504073831,44.0,22.0,22.0,45,2025-05-07 23:00:00-07:00,2025-06-21 23:00:00-07:00,2025-06-25,11.830805313797384,0.0,-11.830805313797384,1,0,228.267708,235.254941,226.76244957142856,1.0,1.0,0.0,0.27434425028395326,0.0,0.0,17.009845748303945,-17.009845748303945,-8.388494933537771,-3.612753556864412,days4to7,0-2F,0-20pp,0-1.25MW,hot_peak,low_weather_error,11.830805313797384,12.709089986904075,12.709089986904075,12.699170340920858,12.699170340920858,12.699170340920858
2025-06-25 18:00:00-07:00,origin_06,2025-06-22 00:00:00-07:00,2025,6,91,4,Days2to7,Summer,6,18,238.945041,92.9,94.4,0.0,1.3616313599541372e-15,0.0,0.0,226.89207073244597,224.08609008789062,224.05456710907285,232.15271375333379,226.89207073244597,225.94583714957207,225.94583714957207,227.709619281641,227.709619281641,227.709619281641,227.709619281641,227.709619281641,0,0.0,none,227.709619281641,227.709619281641,operational_residual_hot_peak_only_v1,0,hot_peak_only,227.709619281641,0.0,227.709619281641,0,hot_peak_low_forecast_gate_blocked,origin_available_shadow,11.235421718358992,11.235421718358992,0.0,0.0,227.709619281641,0,hot_peak_low_forecast_gate_blocked,11.235421718358992,11.235421718358992,0.0,12.05297026755403,14.858950912109378,14.890473890927154,6.792327246666218,11.235421718358992,11.235421718358992,11.235421718358992,11.235421718358992,11.235421718358992,0.0,-0.9462335828739015,0.0,1.7637821320689397,0.0,0.0,0.0,0.8175485491950383,Recent_Corrected_Forecast_MWH,days4to7_recent_corrected,raw_bias,none,tree_peak_gap,recent_mean+last24_mean+same_hour+hourgroup+global+temp_hourgroup+cloud_hourgroup+solar_hourgroup+solar_loss_hourgroup+temp_cloud_hourgroup,3.0,6,229.20848866666665,253.0272705,42,212.1861347857143,238.8469166,9.73655233333335,Peak,2,0,0,1,4.0,1.35,0.16,5.8,0.0,224.51399903060286,208.73482488513324,12.05297026755403,12.05297026755403,5.044243737853522,Summer,-0.0,0.0,0.0,0.0,Clear/Low,0.0,None,-0.9462335828738976,weighted_fallback,global+hour+season_hour+season_hourgroup_maxtemp+season_hour_maxtemp+season_month_hour_maxtemp+season_cloud_hourgroup+season_solar_hourgroup+temp_cloud_hourgroup,227.709619281641,0.0,225.94583714957207,none,170+,other,0.7,0.0,0.0,1.7637821320689426,0.0,0.0,,,ar_disabled_or_empty,0.0,,,origin_day_disabled_or_empty,227.709619281641,0.0,0.0,18.157245847312737,2.378071701843112,4.70209453660894,4.0,Low,240.19059076532216,241.57949829101562,240.14579118939915,239.8641593772887,-1.2455497653221528,239.74224065176702,-0.7971996517670163,0.7971996517670163,0.3336330598997517,94.0,95.4,0.0,1.494203987292471e-15,0.0,0.0,4.0,0.0765580197047332,weather_uncertainty_peak_hedge,0.0,0.5302634836521807,20.221912512159435,2.957788,0.35,1.0,239.74224065176702,239.74224065176702,0.0,0.0,none,30.517168060475484,0.2768644133666385,operational_residual_hot_peak_only_v1,0.0,hot_peak_only,239.74224065176702,0.0,239.74224065176702,0.0,hot_peak_low_forecast_gate_blocked,weather_realism_origin_available_shadow,-0.7971996517670163,0.7971996517670163,0.0,0.0,239.74224065176702,0.0,hot_peak_low_forecast_gate_blocked,-0.7971996517670163,0.7971996517670163,0.0,259.88759514422173,261.66568263206227,217.6656826320623,221.8936783471652,221.14763110483636,239.07736087633347,1.0,217.6656826320623,261.66568263206227,43.99999999999997,21.999999999999986,22.0,45,2025-05-07 23:00:00-07:00,2025-06-21 23:00:00-07:00,2025-06-25,12.05297026755403,0.0,-12.05297026755403,1,0,228.357125,239.246025,229.4248152857143,1.0999999999999943,1.0,0.0,1.3257262733833383e-16,0.0,0.0,12.032621370126009,-12.032621370126009,-10.438222066591976,-4.3684614767091885,days4to7,0-2F,0-20pp,0-1.25MW,hot_peak,low_weather_error,12.05297026755403,12.999203850427932,12.999203850427932,11.235421718358992,11.235421718358992,11.235421718358992
2025-06-25 19:00:00-07:00,origin_06,2025-06-22 00:00:00-07:00,2025,6,92,4,Days2to7,Summer,6,19,235.124841,91.3,94.4,0.0,0.0,0.0,0.0,222.98105339349218,219.20123291015625,222.6488180989461,224.58308613730344,222.98105339349218,222.10427128175337,222.10427128175337,222.10427128175337,222.10427128175337,222.10427128175337,222.10427128175337,222.10427128175337,0,0.0,none,222.10427128175337,222.10427128175337,operational_residual_hot_peak_only_v1,0,hot_peak_only,222.10427128175337,0.0,222.10427128175337,0,hot_peak_low_forecast_gate_blocked,origin_available_shadow,13.020569718246634,13.020569718246634,0.0,0.0,222.10427128175337,0,hot_peak_low_forecast_gate_blocked,13.020569718246634,13.020569718246634,0.0,12.143787606507829,15.923608089843754,12.47602290105391,10.541754862696564,13.020569718246634,13.020569718246634,13.020569718246634,13.020569718246634,13.020569718246634,0.0,-0.8767821117388053,0.0,0.0,0.0,0.0,0.0,-0.8767821117388053,Recent_Corrected_Forecast_MWH,days4to7_recent_corrected,raw_bias,none,none,recent_mean+last24_mean+same_hour+hourgroup+global+temp_hourgroup+cloud_hourgroup+solar_hourgroup+solar_loss_hourgroup+temp_cloud_hourgroup,3.0,6,220.6456066666667,244.2543665,42,212.1861347857143,238.8469166,14.479234333333295,Peak,2,0,0,1,4.0,0.0,0.16,6.8,0.0,214.74183572025674,204.05221630607232,12.143787606507829,12.143787606507829,5.164825441182469,Summer,-0.0,0.0,0.0,0.0,Clear/Low,0.0,None,-0.8767821117388057,weighted_fallback,global+hour+season_hour+season_hourgroup_maxtemp+season_hour_maxtemp+season_month_hour_maxtemp+season_cloud_hourgroup+season_solar_hourgroup+temp_cloud_hourgroup,222.10427128175337,0.0,222.10427128175337,none,170+,other,1.0,0.0,0.0,0.0,0.0,0.0,,,ar_disabled_or_empty,0.0,,,origin_day_disabled_or_empty,222.10427128175337,0.0,0.0,18.92883708741985,8.23921767323543,5.537726113016971,4.0,None,234.3435373448392,233.95530700683594,234.82600694934845,233.6962937771827,0.7813036551607979,245.89432650141936,-10.769485501419354,10.769485501419354,4.58032654296164,90.4,95.4,0.0,0.0,0.0,0.0,4.0,0.0,none,0.0,0.35028799889841555,13.358440635956526,2.957788,0.35,1.0,233.89432650141936,245.89432650141936,1.0,12.0,june_days4to7_hot_evening_finish_recovery_up,30.09119815601659,3.987427050396491,operational_residual_hot_peak_only_v1,0.0,hot_peak_only,245.89432650141936,0.0,245.89432650141936,0.0,hot_peak_low_forecast_gate_blocked,weather_realism_origin_available_shadow,-10.769485501419354,10.769485501419354,0.0,0.0,245.89432650141936,0.0,hot_peak_low_forecast_gate_blocked,-10.769485501419354,10.769485501419354,0.0,247.25276713737588,255.89432650141936,211.89432650141936,214.34280828887157,213.26729984957893,233.343113272909,1.0,211.89432650141936,255.89432650141936,44.0,22.0,22.0,45,2025-05-07 23:00:00-07:00,2025-06-21 23:00:00-07:00,2025-06-25,12.143787606507829,0.0,-12.143787606507829,1,0,218.415225,234.068958,222.27611414285712,-0.8999999999999915,1.0,0.0,0.0,0.0,0.0,23.790055219665987,-23.790055219665987,-2.25108421682728,-0.9573995700553308,days4to7,0-2F,0-20pp,0-1.25MW,hot_peak,low_weather_error,12.143787606507829,13.020569718246634,13.020569718246634,13.020569718246634,13.020569718246634,13.020569718246634
2025-06-25 20:00:00-07:00,origin_06,2025-06-22 00:00:00-07:00,2025,6,93,4,Days2to7,Summer,6,20,218.499716,86.6,94.4,0.0,0.0,0.0,0.0,211.87609174768292,210.63858032226562,210.74427790139728,214.00823105625096,211.87609174768292,210.8705310144162,210.8705310144162,210.94626603742532,210.94626603742532,210.94626603742532,210.94626603742532,210.94626603742532,0,0.0,none,210.94626603742532,210.94626603742532,operational_residual_hot_peak_only_v1,0,hot_peak_only,210.94626603742532,0.0,210.94626603742532,0,hot_peak_low_forecast_gate_blocked,origin_available_shadow,7.553449962574689,7.553449962574689,0.0,0.0,210.94626603742532,0,hot_peak_low_forecast_gate_blocked,7.553449962574689,7.553449962574689,0.0,6.623624252317086,7.8611356777343815,7.755438098602724,4.491484943749043,7.553449962574689,7.553449962574689,7.553449962574689,7.553449962574689,7.553449962574689,0.0,-1.0055607332667194,0.0,0.07573502300911628,0.0,0.0,0.0,-0.9298257102576031,Recent_Corrected_Forecast_MWH,days4to7_recent_corrected,raw_bias,none,tree_peak_gap,recent_mean+last24_mean+same_hour+hourgroup+global+temp_hourgroup+cloud_hourgroup+solar_hourgroup+solar_loss_hourgroup+temp_cloud_hourgroup,3.0,6,206.612751,227.165933,42,212.1861347857143,238.8469166,11.886965000000004,Peak,2,0,0,1,4.0,0.0,0.24,7.8,0.0,200.60800172114915,193.92078764631893,6.623624252317086,6.623624252317086,3.0314109206059956,Summer,-0.0,0.0,0.0,0.0,Clear/Low,0.0,None,-1.005560733266724,weighted_fallback,global+hour+season_hour+season_hourgroup_maxtemp+season_hour_maxtemp+season_month_hour_maxtemp+season_cloud_hourgroup+season_solar_hourgroup+temp_cloud_hourgroup,210.94626603742532,0.0,210.8705310144162,none,170+,other,1.0,0.0,0.0,0.07573502300911912,0.0,0.0,,,ar_disabled_or_empty,0.0,,,origin_day_disabled_or_empty,210.94626603742532,0.0,0.0,17.955304101363993,11.26809002653377,3.456960997869072,4.0,None,219.0945702648216,219.3796844482422,219.1755045784362,218.88592657673559,-0.5948542648216062,230.5170628869431,-12.017346886943102,12.017346886943102,5.4999370740340465,85.3,95.4,0.06,0.0,0.0,0.0,4.0,0.0,none,0.0,0.3502755571162148,13.357966161211579,2.957788,0.35,1.0,218.5170628869431,230.5170628869431,1.0,12.0,june_days4to7_hot_evening_finish_recovery_up,25.19080952050402,4.758921972484956,operational_residual_hot_peak_only_v1,0.0,hot_peak_only,230.5170628869431,0.0,230.5170628869431,0.0,hot_peak_low_forecast_gate_blocked,weather_realism_origin_available_shadow,-12.017346886943102,12.017346886943102,0.0,0.0,230.5170628869431,0.0,hot_peak_low_forecast_gate_blocked,-12.017346886943102,12.017346886943102,0.0,231.8750290481547,240.5170628869431,197.5348061751662,203.61241892604033,203.68533610688473,217.2325819971846,1.0,197.5348061751662,240.5170628869431,42.9822567117769,21.49112835588845,22.0,45,2025-05-07 23:00:00-07:00,2025-06-21 23:00:00-07:00,2025-06-25,6.623624252317086,0.0,-6.623624252317086,1,0,202.034491,222.526383,209.42199242857143,-1.2999999999999972,1.0,0.06,0.0,0.0,0.0,19.57079684951779,-19.57079684951779,4.463896924368413,2.0429760761649747,days4to7,0-2F,0-20pp,0-1.25MW,hot_peak,low_weather_error,6.623624252317086,7.629184985583805,7.629184985583805,7.553449962574689,7.553449962574689,7.553449962574689
2025-06-26 14:00:00-07:00,origin_06,2025-06-22 00:00:00-07:00,2025,6,111,5,Days2to7,Summer,6,14,183.893525,89.1,93.6,0.75,18.789164897675,0.0,0.0,183.95488052665587,184.81024169921875,183.2981042157498,184.7425686802046,182.02368284616395,181.5089653340766,181.40563561591307,181.40563561591307,181.15074732745296,181.15074732745296,181.15074732745296,181.15074732745296,0,0.0,none,181.15074732745296,181.15074732745296,operational_residual_hot_peak_only_v1,0,hot_peak_only,181.15074732745296,0.0,181.15074732745296,0,global_shadow_only,origin_available_shadow,2.7427776725470494,2.7427776725470494,0.0,-1.034157680792745,180.11658964666023,1,global,3.7769353533397805,3.7769353533397805,1.034157680792731,-0.061355526655859194,-0.916716699218739,0.5954207842502228,-0.849043680204602,2.7427776725470494,2.7427776725470494,2.7427776725470494,2.7427776725470494,2.7427776725470494,-1.9311976804919198,-0.5147175120873442,-0.1033297181635362,0.0,-0.25488828846010847,0.0,0.0,-2.8041331992029086,Recent_Corrected_Forecast_MWH,days4to7_recent_corrected,raw_bias+solar_cloud_midday,event_class_hour_loss+weekday_hour_cloud_loss+event_class_hour_temp+hour_cloud_loss+hour_temp_loss+hour_loss+hour_cloud,none,recent_mean+last24_mean+same_hour+hourgroup+global+temp_hourgroup+solar_hourgroup+solar_loss_hourgroup,3.0,6,181.3284135,197.737137,42,212.1861347857143,238.8469166,2.5651115000000004,Midday,3,0,0,0,4.0,1.1115410109486796,0.24,4.0,0.0,164.48870325155798,153.8117099772712,-0.061355526655859194,0.061355526655859194,0.03336470202300989,Summer,-1.0153386697952815,-0.9158590106966426,-1.9311976804919242,3.0,Mostly Cloudy,4.0,None,-0.514717512087347,weighted_fallback,global+hour+season_hour+season_hourgroup_maxtemp+season_hour_maxtemp+season_month_hour_maxtemp+season_cloud_hourgroup+season_solar_hourgroup+temp_cloud_hourgroup,181.15074732745296,0.0,181.5089653340766,none,170+,solar_loss_general,0.7,-0.10332971816353094,-0.10332971816353094,0.0,-0.25488828846012,0.0,,,ar_disabled_or_empty,0.0,,,origin_day_disabled_or_empty,181.40563561591307,0.0,0.0,30.143170549384678,19.46617727509789,1.4915031252715663,4.0,High,189.06912870465743,189.34393310546875,190.87105476738796,186.15901506299193,-5.175603704657419,187.22025918263395,-3.326734182633942,3.326734182633942,1.80905455079723,87.0,93.3,0.06,19.218854739409775,0.0,0.0,5.0,0.0,none,0.0,0.0,0.0,,,0.0,187.22025918263395,187.22025918263395,0.0,0.0,none,30.97218040815025,1.152726893779203,operational_residual_hot_peak_only_v1,0.0,hot_peak_only,187.22025918263395,0.0,187.22025918263395,0.0,global_shadow_only,weather_realism_origin_available_shadow,-3.326734182633942,3.326734182633942,0.0,-0.9933050607143443,186.22695412191962,1.0,global,-2.3334291219196075,2.3334291219196075,-0.9933050607143343,205.22025918263395,205.22025918263395,169.22025918263395,180.70139513441754,182.66991873222486,186.77428039037417,1.0,169.22025918263395,205.22025918263395,36.0,18.0,18.0,45,2025-05-07 23:00:00-07:00,2025-06-21 23:00:00-07:00,2025-06-26,0.0,0.061355526655859194,0.061355526655859194,0,1,169.441275,205.896316,177.19727342857144,-2.0999999999999943,-0.29999999999999716,-0.69,0.4296898417347741,0.0,0.0,6.069511855180991,-6.069511855180991,0.5839565100868924,0.31755142552566346,days4to7,0-2F,60pp+,0-1.25MW,cloudy_solar_loss_midday,cloud,1.8698421538360606,2.3845596659234047,2.487889384086941,2.487889384086941,2.7427776725470494,2.7427776725470494
2025-06-26 15:00:00-07:00,origin_06,2025-06-22 00:00:00-07:00,2025,6,112,5,Days2to7,Summer,6,15,204.577341,91.7,93.6,0.72,14.52797732387404,0.0,0.0,203.8760768876841,204.164794921875,204.8404360181497,202.27816453004073,202.6954813036807,202.15591028662118,202.43085206773318,202.43085206773318,202.23315076020194,202.23315076020194,202.23315076020194,202.23315076020194,0,0.0,none,202.23315076020194,202.23315076020194,operational_residual_hot_peak_only_v1,0,hot_peak_only,202.23315076020194,0.0,202.23315076020194,0,global_shadow_only,origin_available_shadow,2.3441902397980527,2.3441902397980527,0.0,-0.6123349898541672,201.62081577034778,1,global,2.9565252296522146,2.9565252296522146,0.6123349898541619,0.7012641123158971,0.4125460781249899,-0.2630950181496985,2.2991764699592636,2.3441902397980527,2.3441902397980527,2.3441902397980527,2.3441902397980527,2.3441902397980527,-1.1805955840033846,-0.5395710170595294,0.2749417811120054,0.0,-0.19770130753124704,0.0,0.0,-1.6429261274821556,Recent_Corrected_Forecast_MWH,days4to7_recent_corrected,raw_bias+solar_cloud_midday,event_class_hour_loss+weekday_hour_cloud_loss+hour_cloud_loss+season_hour_cloud_loss+hour_base_loss+hour_temp_loss+hour_loss+hour_cloud,none,recent_mean+last24_mean+same_hour+hourgroup+global+temp_hourgroup+solar_hourgroup+solar_loss_hourgroup,3.0,6,201.86642183333333,216.4522745,42,212.1861347857143,238.8469166,2.710919166666656,Midday,3,0,0,0,4.0,1.289182570611481,0.21,3.7,0.0,184.1358437798164,168.3320678733399,0.7012641123158971,0.7012641123158971,0.34278679588268635,Summer,-0.21975082392274795,-0.9608447600806421,-1.1805955840033902,3.0,Mostly Cloudy,3.0,None,-0.5395710170595194,weighted_fallback,global+hour+season_hour+season_hourgroup_maxtemp+season_hour_maxtemp+season_month_hour_maxtemp+season_cloud_hourgroup+season_solar_hourgroup+temp_cloud_hourgroup,202.23315076020194,0.0,202.15591028662118,none,170+,weekday_late_midday_solar_loss,0.5319999999999999,0.2749417811119939,0.5168078592330714,0.0,-0.19770130753124154,0.0,,,ar_disabled_or_empty,0.0,,,origin_day_disabled_or_empty,202.43085206773318,0.0,0.0,35.5440090143442,19.74023310786768,1.1458699327791404,4.0,Medium-High,206.71779186811,206.3909149169922,207.9949037941047,204.8042951132948,-2.1404508681100083,205.55226284343175,-0.9749218434317584,0.9749218434317584,0.4765541670774568,89.4,93.3,0.06,15.03829046807159,0.0,0.0,5.0,0.0,none,0.0,0.0,0.0,,,0.0,205.55226284343175,205.55226284343175,0.0,0.0,none,34.543454045870845,0.2504666150890955,operational_residual_hot_peak_only_v1,0.0,hot_peak_only,205.55226284343175,0.0,205.55226284343175,0.0,global_shadow_only,weather_realism_origin_available_shadow,-0.9749218434317584,0.9749218434317584,0.0,-1.1022302992176773,204.45003254421408,1.0,global,0.12730845578590788,0.12730845578590788,-0.8476133876458505,223.55226284343175,223.55226284343175,187.55226284343175,197.23846329909176,198.22867898503398,205.16901708570558,1.0,187.55226284343175,223.55226284343175,36.0,18.0,18.0,45,2025-05-07 23:00:00-07:00,2025-06-21 23:00:00-07:00,2025-06-26,0.7012641123158971,0.0,-0.7012641123158971,1,0,192.388391,226.221966,197.63704585714285,-2.299999999999997,-0.29999999999999716,-0.6599999999999999,0.5103131441975499,0.0,0.0,3.319112083229811,-3.319112083229811,-1.3692683963662944,-0.6693157657016837,days4to7,0-2F,60pp+,0-1.25MW,cloudy_solar_loss_midday,cloud,1.8818596963192817,2.421430713378811,2.1464889322668057,2.1464889322668057,2.3441902397980527,2.3441902397980527
2025-06-26 16:00:00-07:00,origin_06,2025-06-22 00:00:00-07:00,2025,6,113,5,Days2to7,Summer,6,16,225.793975,93.3,93.6,0.79,9.111358590965601,0.0,0.0,223.31435760553586,223.28192138671875,224.88457334123828,220.856143226237,223.31435760553586,222.66960985668607,223.40059555222692,223.40059555222692,223.34257801902322,223.34257801902322,223.34257801902322,223.34257801902322,0,0.0,none,223.34257801902322,223.34257801902322,operational_residual_hot_peak_only_v1,0,hot_peak_only,223.34257801902322,0.0,223.34257801902322,0,hot_peak_low_forecast_gate_blocked,origin_available_shadow,2.4513969809767673,2.4513969809767673,0.0,0.0,223.34257801902322,0,hot_peak_low_forecast_gate_blocked,2.4513969809767673,2.4513969809767673,0.0,2.479617394464128,2.512053613281239,0.9094016587617091,4.93783177376298,2.4513969809767673,2.4513969809767673,2.4513969809767673,2.4513969809767673,2.4513969809767673,0.0,-0.6447477488497952,0.730985695540852,0.0,-0.05801753320369585,0.0,0.0,0.02822041348736093,Recent_Corrected_Forecast_MWH,days4to7_recent_corrected,raw_bias+solar_cloud_midday,event_class_hour_loss+event_class_hour_temp+hour_cloud_loss+season_hour_cloud_loss+hour_base_loss+hour_temp_loss+hour_loss+hour_cloud,none,recent_mean+last24_mean+same_hour+hourgroup+global+temp_hourgroup+solar_hourgroup+solar_loss_hourgroup,3.0,6,217.42522900000003,237.9150125,42,212.1861347857143,238.8469166,8.368745999999959,Peak,3,0,0,1,4.0,1.35,0.19,3.7,0.0,205.4405629417071,183.94874727034582,2.479617394464128,2.479617394464128,1.0981769528899645,Summer,-0.0,-0.0,-0.0,3.0,Mostly Cloudy,2.0,None,-0.6447477488497959,weighted_fallback,global+hour+season_hour+season_hourgroup_maxtemp+season_hour_maxtemp+season_month_hour_maxtemp+season_cloud_hourgroup+season_solar_hourgroup+temp_cloud_hourgroup,223.34257801902322,0.0,222.66960985668607,none,170+,warm_cloud_peak_transition,0.644,0.7309856955408432,1.1350709558087628,0.0,-0.05801753320370615,0.0,,,ar_disabled_or_empty,0.0,,,origin_day_disabled_or_empty,223.40059555222692,0.0,0.0,39.36561033519004,17.87379466382876,1.0856786506268679,4.0,Medium-Low,223.15378849256166,223.840087890625,225.06345934836742,219.9567916054202,2.6401865074383295,223.25750744431244,2.536467555687551,2.536467555687551,1.123354844028744,91.2,93.3,0.06,9.596245248653128,0.0,0.0,5.0,1.0046666666666668,weather_uncertainty_peak_hedge,0.0,1.0046666666666668,22.0,5.151063000000001,0.35,1.0,223.25750744431244,223.25750744431244,0.0,0.0,none,35.769073723768685,-0.546711286641937,operational_residual_hot_peak_only_v1,0.0,hot_peak_only,223.25750744431244,0.0,223.25750744431244,0.0,hot_peak_low_forecast_gate_blocked,weather_realism_origin_available_shadow,2.536467555687551,2.536467555687551,0.0,0.0,223.25750744431244,0.0,hot_peak_low_forecast_gate_blocked,2.536467555687551,2.536467555687551,0.0,244.25284077764576,244.25284077764576,200.25284077764576,213.3000613523328,211.47053096847566,222.21961790616362,1.0,200.25284077764576,244.25284077764576,44.0,22.0,22.0,45,2025-05-07 23:00:00-07:00,2025-06-21 23:00:00-07:00,2025-06-26,2.479617394464128,0.0,-2.479617394464128,1,0,215.805191,243.968666,214.24439600000002,-2.0999999999999943,-0.29999999999999716,-0.73,0.48488665768752703,0.0,0.0,-0.08507057471078383,0.08507057471078383,0.08507057471078383,0.037676193401876126,days4to7,0-2F,60pp+,0-1.25MW,hot_peak,cloud,2.479617394464128,3.1243651433139235,2.3933794477730714,2.3933794477730714,2.4513969809767673,2.4513969809767673
2025-06-26 17:00:00-07:00,origin_06,2025-06-22 00:00:00-07:00,2025,6,114,5,Days2to7,Summer,6,17,240.853175,93.6,93.6,0.82,3.86416795080803,0.0,0.0,237.75195710860154,235.445068359375,239.21627105312805,236.1100034098389,237.75195710860154,237.09281531726253,237.09281531726253,237.09281531726253,237.08555465680732,237.08555465680732,237.08555465680732,237.08555465680732,0,0.0,none,237.08555465680732,237.08555465680732,operational_residual_hot_peak_only_v1,0,hot_peak_only,237.08555465680732,0.0,237.08555465680732,0,hot_peak_low_forecast_gate_blocked,origin_available_shadow,3.767620343192675,3.767620343192675,0.0,0.0,237.08555465680732,0,hot_peak_low_forecast_gate_blocked,3.767620343192675,3.767620343192675,0.0,3.1012178913984485,5.408106640624993,1.6369039468719393,4.743171590161097,3.767620343192675,3.767620343192675,3.767620343192675,3.767620343192675,3.767620343192675,0.0,-0.6591417913390103,0.0,0.0,-0.007260660455216339,0.0,0.0,-0.6664024517942266,Recent_Corrected_Forecast_MWH,days4to7_recent_corrected,raw_bias,none,none,recent_mean+last24_mean+same_hour+hourgroup+global+temp_hourgroup+solar_hourgroup+solar_loss_hourgroup,3.0,6,228.21603283333332,250.44381600000003,42,212.1861347857143,238.8469166,12.637142166666678,Peak,3,0,0,1,4.0,1.35,0.18,3.8,0.0,220.3603696862026,196.08025276643573,3.1012178913984485,3.1012178913984485,1.287596848743409,Summer,-0.0,0.0,0.0,4.0,Overcast,1.0,None,-0.6591417913390171,weighted_fallback,global+hour+season_hour+season_hourgroup_maxtemp+season_hour_maxtemp+season_month_hour_maxtemp+season_cloud_hourgroup+season_solar_hourgroup+temp_cloud_hourgroup,237.08555465680732,0.0,237.09281531726253,none,170+,warm_cloud_peak_transition,0.644,0.0,0.0,0.0,-0.007260660455208004,0.0,,,ar_disabled_or_empty,0.0,,,origin_day_disabled_or_empty,237.09281531726253,0.0,0.0,41.67170434216581,17.391587422398942,1.5642809538187217,4.0,Medium-Low,236.62522825844567,234.1271514892578,238.13957159719212,234.9592820887549,4.2279467415543195,237.05033631641203,3.8028386835879644,3.8028386835879644,1.5789032814651351,93.3,93.3,0.16,4.039281302053107,0.0,0.0,5.0,1.3033927310730553,weather_uncertainty_peak_hedge,0.2987260644063898,1.0046666666666655,21.99999999999997,5.151063000000001,0.35,1.0,237.05033631641203,237.05033631641203,0.0,0.0,none,37.430686009917565,-0.35944070053477617,operational_residual_hot_peak_only_v1,0.0,hot_peak_only,237.05033631641203,0.0,237.05033631641203,0.0,hot_peak_low_forecast_gate_blocked,weather_realism_origin_available_shadow,3.8028386835879644,3.8028386835879644,0.0,0.0,237.05033631641203,0.0,hot_peak_low_forecast_gate_blocked,3.8028386835879644,3.8028386835879644,0.0,257.74694358533895,257.74694358533895,214.1329482881713,222.13649671554487,218.84414892923309,236.09819345336854,1.0,214.1329482881713,257.74694358533895,43.61399529716766,21.80699764858383,21.99999999999997,45,2025-05-07 23:00:00-07:00,2025-06-21 23:00:00-07:00,2025-06-26,3.1012178913984485,0.0,-3.1012178913984485,1,0,232.191175,256.344208,226.3247687142857,-0.29999999999999716,-0.29999999999999716,-0.6599999999999999,0.17511335124507665,0.0,0.0,-0.03521834039528926,0.03521834039528926,0.03521834039528926,0.014622327646413323,days4to7,0-2F,60pp+,0-1.25MW,hot_peak,cloud,3.1012178913984485,3.760359682737459,3.760359682737459,3.760359682737459,3.767620343192675,3.767620343192675
2025-06-26 18:00:00-07:00,origin_06,2025-06-22 00:00:00-07:00,2025,6,115,5,Days2to7,Summer,6,18,246.64465,92.5,93.6,0.0,1.34229785180063e-15,0.0,0.0,241.22857276893356,241.83419799804688,242.0438473766904,239.77439117699763,241.22857276893356,240.28233918605966,240.28233918605966,240.28233918605966,240.28233918605966,240.28233918605966,240.28233918605966,240.28233918605966,0,0.0,none,240.28233918605966,240.28233918605966,operational_residual_hot_peak_only_v1,0,hot_peak_only,240.28233918605966,0.0,240.28233918605966,0,hot_peak_low_forecast_gate_blocked,origin_available_shadow,6.362310813940354,6.362310813940354,0.0,0.0,240.28233918605966,0,hot_peak_low_forecast_gate_blocked,6.362310813940354,6.362310813940354,0.0,5.416077231066453,4.810452001953138,4.600802623309619,6.870258823002388,6.362310813940354,6.362310813940354,6.362310813940354,6.362310813940354,6.362310813940354,0.0,-0.9462335828739015,0.0,0.0,0.0,0.0,0.0,-0.9462335828739015,Recent_Corrected_Forecast_MWH,days4to7_recent_corrected,raw_bias,none,none,recent_mean+last24_mean+same_hour+hourgroup+global+temp_hourgroup+cloud_hourgroup+solar_hourgroup+solar_loss_hourgroup+temp_cloud_hourgroup,3.0,6,229.20848866666665,253.0272705,42,212.1861347857143,238.8469166,17.43616133333336,Peak,3,0,0,1,4.0,1.35,0.19,3.4,0.0,226.89207073244597,199.51644341833978,5.416077231066453,5.416077231066453,2.1959029847460516,Summer,-0.0,0.0,0.0,0.0,Clear/Low,0.0,None,-0.9462335828738976,weighted_fallback,global+hour+season_hour+season_hourgroup_maxtemp+season_hour_maxtemp+season_month_hour_maxtemp+season_cloud_hourgroup+season_solar_hourgroup+temp_cloud_hourgroup,240.28233918605966,0.0,240.28233918605966,none,170+,other,0.7,0.0,0.0,0.0,0.0,0.0,,,ar_disabled_or_empty,0.0,,,origin_day_disabled_or_empty,240.28233918605966,0.0,0.0,41.712129350593784,14.336502036487587,2.5795454367002706,4.0,Low,238.79082375630549,240.20028686523438,240.61085948909306,235.5280638593739,7.853826243694527,237.84459017343158,8.800059826568429,8.800059826568429,3.5679102816819372,91.1,93.3,0.14,1.4610608304578874e-15,0.0,0.0,5.0,0.0,none,0.0,0.8798582073537281,19.26696804424222,5.151063000000001,0.35,1.0,237.84459017343158,237.84459017343158,0.0,0.0,none,36.435993942127084,-1.3997670090166707,operational_residual_hot_peak_only_v1,0.0,hot_peak_only,237.84459017343158,0.0,237.84459017343158,0.0,hot_peak_low_forecast_gate_blocked,weather_realism_origin_available_shadow,8.800059826568429,8.800059826568429,0.0,0.0,237.84459017343158,0.0,hot_peak_low_forecast_gate_blocked,8.800059826568429,8.800059826568429,0.0,257.1115582176738,259.8445901734316,216.48679336188144,220.78908623292233,216.36009224149035,237.4367821549065,1.0,216.36009224149035,259.8445901734316,43.484497931941235,21.742248965970617,22.0,45,2025-05-07 23:00:00-07:00,2025-06-21 23:00:00-07:00,2025-06-26,5.416077231066453,0.0,-5.416077231066453,1,0,238.945041,262.967266,229.38181757142857,-1.4000000000000057,-0.29999999999999716,0.14,1.187629786572574e-16,0.0,0.0,-2.4377490126280748,2.4377490126280748,2.4377490126280748,0.9883648449816669,days4to7,0-2F,0-20pp,0-1.25MW,hot_peak,low_weather_error,5.416077231066453,6.362310813940354,6.362310813940354,6.362310813940354,6.362310813940354,6.362310813940354
2025-06-26 19:00:00-07:00,origin_06,2025-06-22 00:00:00-07:00,2025,6,116,5,Days2to7,Summer,6,19,243.015941,91.9,93.6,0.09,0.0,0.0,0.0,237.35973045555326,238.3768768310547,237.52892129959392,236.80324587906034,237.35973045555326,236.48294834381446,236.48294834381446,236.48294834381446,236.48294834381446,236.48294834381446,236.48294834381446,236.48294834381446,0,0.0,none,236.48294834381446,236.48294834381446,operational_residual_hot_peak_only_v1,0,hot_peak_only,236.48294834381446,0.0,236.48294834381446,0,hot_peak_low_forecast_gate_blocked,origin_available_shadow,6.532992656185542,6.532992656185542,0.0,0.0,236.48294834381446,0,hot_peak_low_forecast_gate_blocked,6.532992656185542,6.532992656185542,0.0,5.656210544446736,4.6390641689453105,5.48701970040608,6.212695120939657,6.532992656185542,6.532992656185542,6.532992656185542,6.532992656185542,6.532992656185542,0.0,-0.8767821117388053,0.0,0.0,0.0,0.0,0.0,-0.8767821117388053,Recent_Corrected_Forecast_MWH,days4to7_recent_corrected,raw_bias,none,none,recent_mean+last24_mean+same_hour+hourgroup+global+temp_hourgroup+cloud_hourgroup+solar_hourgroup+solar_loss_hourgroup+temp_cloud_hourgroup,3.0,6,220.6456066666667,244.2543665,42,212.1861347857143,238.8469166,22.37033433333329,Peak,3,0,0,1,4.0,0.0,0.19,3.5,0.0,222.98105339349218,194.8105763622855,5.656210544446736,5.656210544446736,2.3275059739586124,Summer,-0.0,0.0,0.0,0.0,Clear/Low,0.0,None,-0.8767821117388057,weighted_fallback,global+hour+season_hour+season_hourgroup_maxtemp+season_hour_maxtemp+season_month_hour_maxtemp+season_cloud_hourgroup+season_solar_hourgroup+temp_cloud_hourgroup,236.48294834381446,0.0,236.48294834381446,none,170+,other,1.0,0.0,0.0,0.0,0.0,0.0,,,ar_disabled_or_empty,0.0,,,origin_day_disabled_or_empty,236.48294834381446,0.0,0.0,42.54915409326776,14.378677062061087,2.688297989548571,4.0,None,230.55841566233698,228.57275390625,231.62466519124843,229.4502126186439,12.457525337663014,229.68163355059818,13.33430744940182,13.33430744940182,5.487009368410865,87.4,93.3,0.11,0.0,0.0,0.0,5.0,0.0,none,0.0,0.7530350491395783,16.489818594297333,5.151063000000001,0.35,1.0,229.68163355059818,229.68163355059818,0.0,0.0,none,33.92450442425161,-3.785121682502222,operational_residual_hot_peak_only_v1,0.0,hot_peak_only,229.68163355059818,0.0,229.68163355059818,0.0,hot_peak_low_forecast_gate_blocked,weather_realism_origin_available_shadow,13.33430744940182,13.33430744940182,0.0,0.0,229.68163355059818,0.0,hot_peak_low_forecast_gate_blocked,13.33430744940182,13.33430744940182,0.0,246.1714521448955,251.68163355059818,208.42061252466152,212.0326609486479,208.11634960617155,228.07748072088663,1.0,208.11634960617155,251.68163355059818,43.565283944426625,21.782641972213312,22.0,45,2025-05-07 23:00:00-07:00,2025-06-21 23:00:00-07:00,2025-06-26,5.656210544446736,0.0,-5.656210544446736,1,0,235.124841,252.455625,222.42695457142855,-4.5,-0.29999999999999716,0.020000000000000004,0.0,0.0,0.0,-6.801314793216278,6.801314793216278,6.801314793216278,2.798711378862294,days4to7,0-2F,0-20pp,0-1.25MW,hot_peak,low_weather_error,5.656210544446736,6.532992656185542,6.532992656185542,6.532992656185542,6.532992656185542,6.532992656185542
2025-06-26 20:00:00-07:00,origin_06,2025-06-22 00:00:00-07:00,2025,6,117,5,Days2to7,Summer,6,20,230.263458,90.1,93.6,0.06,0.0,0.0,0.0,225.87459299880544,225.06280517578125,225.5008855424178,226.69378695113576,225.87459299880544,224.86903226553872,224.86903226553872,224.86903226553872,224.86903226553872,224.86903226553872,224.86903226553872,224.86903226553872,0,0.0,none,224.86903226553872,224.86903226553872,operational_residual_hot_peak_only_v1,0,hot_peak_only,224.86903226553872,0.0,224.86903226553872,0,hot_peak_low_forecast_gate_blocked,origin_available_shadow,5.394425734461294,5.394425734461294,0.0,0.0,224.86903226553872,0,hot_peak_low_forecast_gate_blocked,5.394425734461294,5.394425734461294,0.0,4.388865001194574,5.200652824218764,4.762572457582223,3.569671048864251,5.394425734461294,5.394425734461294,5.394425734461294,5.394425734461294,5.394425734461294,0.0,-1.0055607332667194,0.0,0.0,0.0,0.0,0.0,-1.0055607332667194,Recent_Corrected_Forecast_MWH,days4to7_recent_corrected,raw_bias,none,none,recent_mean+last24_mean+same_hour+hourgroup+global+temp_hourgroup+cloud_hourgroup+solar_hourgroup+solar_loss_hourgroup+temp_cloud_hourgroup,3.0,6,206.612751,227.165933,42,212.1861347857143,238.8469166,23.65070700000001,Peak,3,0,0,1,4.0,0.0,0.21,3.6,0.0,211.87609174768292,185.42105203884506,4.388865001194574,4.388865001194574,1.9060188878057125,Summer,-0.0,0.0,0.0,0.0,Clear/Low,0.0,None,-1.005560733266724,weighted_fallback,global+hour+season_hour+season_hourgroup_maxtemp+season_hour_maxtemp+season_month_hour_maxtemp+season_cloud_hourgroup+season_solar_hourgroup+temp_cloud_hourgroup,224.86903226553872,0.0,224.86903226553872,none,170+,other,1.0,0.0,0.0,0.0,0.0,0.0,,,ar_disabled_or_empty,0.0,,,origin_day_disabled_or_empty,224.86903226553872,0.0,0.0,40.45354095996038,13.99850125112252,2.3427189799526476,4.0,None,214.59391163922007,216.0994873046875,213.47226548645153,215.92633397486557,15.669546360779947,213.58835090595335,16.675107094046666,16.675107094046666,7.241751356850841,83.5,93.3,0.09,0.0,0.0,0.0,5.0,0.0,none,0.0,0.6631392885268227,14.521298288908525,5.151063000000001,0.35,1.0,213.58835090595335,213.58835090595335,0.0,0.0,none,28.15867528564229,-4.500658625601545,operational_residual_hot_peak_only_v1,0.0,hot_peak_only,213.58835090595335,0.0,213.58835090595335,0.0,hot_peak_low_forecast_gate_blocked,weather_realism_origin_available_shadow,16.675107094046666,16.675107094046666,0.0,0.0,213.58835090595335,0.0,hot_peak_low_forecast_gate_blocked,16.675107094046666,16.675107094046666,0.0,228.10964919486187,235.58835090595335,196.34298443118232,200.6223003147459,198.41294797396998,212.5103721470741,1.0,196.34298443118232,235.58835090595335,39.24536647477103,19.622683237385516,22.0,45,2025-05-07 23:00:00-07:00,2025-06-21 23:00:00-07:00,2025-06-26,4.388865001194574,0.0,-4.388865001194574,1,0,218.499716,233.608725,208.8467542857143,-6.599999999999994,-0.29999999999999716,0.03,0.0,0.0,0.0,-11.280681359585373,11.280681359585373,11.280681359585373,4.899032376898193,days4to7,0-2F,0-20pp,0-1.25MW,hot_peak,low_weather_error,4.388865001194574,5.394425734461294,5.394425734461294,5.394425734461294,5.394425734461294,5.394425734461294
2025-06-27 14:00:00-07:00,origin_06,2025-06-22 00:00:00-07:00,2025,6,135,6,Days2to7,Summer,6,14,231.030066,97.0,99.8,0.0,18.691508115462554,0.0,0.0,232.49521849872139,233.02841186523438,233.17189860097153,231.27952309046736,230.74793437017453,230.39113311703235,230.39113311703235,230.39113311703235,230.39113311703235,230.39113311703235,230.39113311703235,230.39113311703235,0,0.0,none,230.39113311703235,230.39113311703235,operational_residual_hot_peak_only_v1,0,hot_peak_only,230.39113311703235,0.0,230.39113311703235,0,global_shadow_only,origin_available_shadow,0.6389328829676515,0.6389328829676515,0.0,-0.7343513137596523,229.6567818032727,1,global,1.3732841967272975,1.3732841967272975,0.734351313759646,-1.4651524987213804,-1.99834586523437,-2.141832600971526,-0.24945709046735942,0.6389328829676515,0.6389328829676515,0.6389328829676515,0.6389328829676515,0.6389328829676515,-1.747284128546852,-0.35680125314218003,0.0,0.0,0.0,0.0,0.0,-2.104085381689032,Recent_Corrected_Forecast_MWH,days4to7_recent_corrected,raw_bias,none,none,recent_mean+last24_mean+same_hour+hourgroup+global+temp_hourgroup+cloud_hourgroup+solar_hourgroup+solar_loss_hourgroup+temp_cloud_hourgroup,3.0,2,201.51762050000002,205.0205769,14,235.2834877857143,255.17763309999998,29.512445499999984,Midday,4,0,0,0,5.0,1.106078540923622,0.17,3.3,0.0,183.95488052665587,153.83039776679348,-1.4651524987213804,1.4651524987213804,0.6341826083888927,Summer,-1.7472841285468457,0.0,-1.7472841285468457,0.0,Clear/Low,4.0,None,-0.35680125314219324,weighted_fallback,global+hour+season_hour+season_hourgroup_maxtemp+season_hour_maxtemp+season_month_hour_maxtemp+season_cloud_hourgroup+season_solar_hourgroup+temp_cloud_hourgroup,230.39113311703235,0.0,230.39113311703235,none,170+,other,0.7,0.0,0.0,0.0,0.0,0.0,,,ar_disabled_or_empty,0.0,,,origin_day_disabled_or_empty,230.39113311703235,0.0,0.0,78.6648207319279,48.540337972065515,0.27655832594864577,5.0,High,182.1625058756639,181.27450561523438,183.3387853965027,180.56778098875424,48.86756012433611,179.6364321860046,51.39363381399539,51.39363381399539,22.24543095356056,88.9,93.0,0.0,19.37510559094969,0.0,0.0,6.0,0.0,none,0.0,0.0,0.0,,,0.0,179.6364321860046,179.6364321860046,0.0,0.0,none,23.31626290706282,-6.906622828993534,operational_residual_hot_peak_only_v1,0.0,hot_peak_only,179.6364321860046,0.0,179.6364321860046,0.0,global_shadow_only,weather_realism_origin_available_shadow,51.39363381399539,51.39363381399539,0.0,-0.8830939796423053,178.75333820636232,1.0,global,52.27672779363769,52.27672779363769,0.8830939796422967,197.6364321860046,197.6364321860046,162.24269072361596,171.77719231577868,179.60751689283936,179.59990835076684,1.0,162.24269072361596,197.6364321860046,35.39374146238865,17.696870731194323,18.0,45,2025-05-07 23:00:00-07:00,2025-06-21 23:00:00-07:00,2025-06-27,0.0,1.4651524987213804,1.4651524987213804,0,1,183.893525,178.715283,174.05401757142857,-8.099999999999994,-6.799999999999997,0.0,0.6835974754871366,0.0,0.0,-50.75470093102774,50.75470093102774,50.75470093102774,21.968872627611916,days4to7,5-8F,0-20pp,0-1.25MW,normal,temp,0.28213162982547146,0.6389328829676515,0.6389328829676515,0.6389328829676515,0.6389328829676515,0.6389328829676515
2025-06-27 15:00:00-07:00,origin_06,2025-06-22 00:00:00-07:00,2025,6,136,6,Days2to7,Summer,6,15,250.626316,98.7,99.8,0.0,14.496082752361692,0.0,0.0,252.10013776043638,253.38522338867188,253.32503904628794,249.80812556031657,250.8118236545044,250.42555551952404,250.42555551952404,250.42555551952404,250.42555551952404,250.42555551952404,250.42555551952404,250.42555551952404,0,0.0,none,250.42555551952404,250.42555551952404,operational_residual_hot_peak_only_v1,0,hot_peak_only,250.42555551952404,0.0,250.42555551952404,0,global_shadow_only,origin_available_shadow,0.20076048047596373,0.20076048047596373,0.0,-0.6038820844824485,249.8216734350416,1,global,0.8046425649584137,0.8046425649584137,0.60388208448245,-1.4738217604363797,-2.7589073886718722,-2.698723046287938,0.8181904396834341,0.20076048047596373,0.20076048047596373,0.20076048047596373,0.20076048047596373,0.20076048047596373,-1.2883141059319883,-0.38626813498035517,0.0,0.0,0.0,0.0,0.0,-1.6745822409123434,Recent_Corrected_Forecast_MWH,days4to7_recent_corrected,raw_bias,none,none,recent_mean+last24_mean+same_hour+hourgroup+global+temp_hourgroup+cloud_hourgroup+solar_hourgroup+solar_loss_hourgroup+temp_cloud_hourgroup,3.0,2,221.6103285,225.29963850000001,14,235.2834877857143,255.17763309999998,29.015987499999994,Midday,4,0,0,0,5.0,1.2867184895511188,0.15,3.5,0.0,203.8760768876841,169.20937885729475,-1.4738217604363797,1.4738217604363797,0.5880554699756189,Summer,-1.2883141059320018,0.0,-1.2883141059320018,0.0,Clear/Low,3.0,None,-0.38626813498036305,weighted_fallback,global+hour+season_hour+season_hourgroup_maxtemp+season_hour_maxtemp+season_month_hour_maxtemp+season_cloud_hourgroup+season_solar_hourgroup+temp_cloud_hourgroup,250.42555551952404,0.0,250.42555551952404,none,170+,other,0.7,0.0,0.0,0.0,0.0,0.0,,,ar_disabled_or_empty,0.0,,,origin_day_disabled_or_empty,250.42555551952404,0.0,0.0,82.89075890314163,48.22406087275229,0.08010351174613432,5.0,Medium-High,199.67772073384768,200.41151428222656,201.24090764375924,197.01162886159264,50.948595266152324,197.52014678372583,53.10616921627417,53.10616921627417,21.189382688877,91.4,93.0,0.0,15.181816039877154,0.0,0.0,6.0,0.0,none,0.0,0.0,0.0,,,0.0,197.52014678372583,197.52014678372583,0.0,0.0,none,26.22011264473565,-7.04007113426232,operational_residual_hot_peak_only_v1,0.0,hot_peak_only,197.52014678372583,0.0,197.52014678372583,0.0,global_shadow_only,weather_realism_origin_available_shadow,53.10616921627417,53.10616921627417,0.0,-1.0278560411791753,196.49229074254666,1.0,global,54.134025257453345,54.134025257453345,1.0278560411791773,215.52014678372583,215.52014678372583,179.52014678372583,186.84853885465407,194.5200666371117,197.37513405524558,1.0,179.52014678372583,215.52014678372583,36.0,18.0,18.0,45,2025-05-07 23:00:00-07:00,2025-06-21 23:00:00-07:00,2025-06-27,0.0,1.4738217604363797,1.4738217604363797,0,1,204.577341,203.398458,194.5449565714286,-7.299999999999997,-6.799999999999997,0.0,0.6857332875154611,0.0,0.0,-52.905408735798204,52.905408735798204,52.905408735798204,21.109279177130865,days4to7,5-8F,0-20pp,0-1.25MW,normal,temp,-0.18550765450439144,0.20076048047596373,0.20076048047596373,0.20076048047596373,0.20076048047596373,0.20076048047596373
2025-06-27 16:00:00-07:00,origin_06,2025-06-22 00:00:00-07:00,2025,6,137,6,Days2to7,Summer,6,16,265.914783,99.6,99.8,0.0,9.122635024865312,0.0,0.0,268.30480122539217,268.40924072265625,269.9193188291987,265.73786227733495,268.30480122539217,267.7961538906607,267.7961538906607,267.7961538906607,267.7961538906607,263.7961538906607,267.7961538906607,263.7961538906607,1,-4.0,june_recent_clear_98_100_peak_backoff,263.7961538906607,263.7961538906607,operational_residual_hot_peak_only_v1,0,hot_peak_only,263.7961538906607,0.0,263.7961538906607,0,hot_peak_low_forecast_gate_blocked,origin_available_shadow,2.118629109339281,2.118629109339281,0.0,0.0,263.7961538906607,0,hot_peak_low_forecast_gate_blocked,2.118629109339281,2.118629109339281,0.0,-2.3900182253921685,-2.49445772265625,-4.004535829198687,0.1769207226650451,2.118629109339281,-1.881370890660719,2.118629109339281,2.118629109339281,2.118629109339281,0.0,-0.5086473347314495,0.0,0.0,0.0,-4.0,-4.0,-4.5086473347314495,Recent_Corrected_Forecast_MWH,days4to7_recent_corrected,raw_bias,none,none,recent_mean+last24_mean+same_hour+hourgroup+global+cloud_hourgroup+solar_hourgroup+solar_loss_hourgroup,3.0,2,240.00802850000002,243.17653850000002,14,235.2834877857143,255.17763309999998,25.906754499999977,Peak,4,0,0,1,5.0,1.35,0.14,3.5,0.0,223.31435760553586,185.63800549970807,-2.3900182253921685,2.3900182253921685,0.8987910331379239,Summer,-0.0,0.0,0.0,0.0,Clear/Low,2.0,None,-0.5086473347314301,weighted_fallback,global+hour+season_hour+season_hourgroup_maxtemp+season_hour_maxtemp+season_month_hour_maxtemp+season_cloud_hourgroup+season_solar_hourgroup+temp_cloud_hourgroup,267.7961538906607,0.0,267.7961538906607,none,170+,other,0.7,0.0,0.0,0.0,0.0,0.0,,,ar_disabled_or_empty,0.0,,,origin_day_disabled_or_empty,267.7961538906607,0.0,0.0,82.6667957256841,44.99044361985631,0.7967323536650766,5.0,Medium-Low,217.49707150849812,219.80169677734375,218.47576268064043,215.30066387546145,48.417711491501876,220.01476366778758,45.90001933221242,45.90001933221242,17.261176236378112,93.0,93.0,0.0,9.675180285951097,0.0,0.0,6.0,3.3055747331365226,weather_uncertainty_peak_hedge,2.159130288692078,1.1464444444444446,22.0,5.8779770000000005,0.35,1.0,220.01476366778758,220.01476366778758,0.0,0.0,none,28.4460369550535,-5.656716984063536,operational_residual_hot_peak_only_v1,0.0,hot_peak_only,220.01476366778758,0.0,220.01476366778758,0.0,hot_peak_low_forecast_gate_blocked,weather_realism_origin_available_shadow,45.90001933221242,45.90001933221242,0.0,0.0,220.01476366778758,0.0,hot_peak_low_forecast_gate_blocked,45.90001933221242,45.90001933221242,0.0,238.70918893465105,238.70918893465105,196.8517651856524,203.19243862076334,208.2539462498817,216.35802005140147,1.0,196.8517651856524,238.70918893465105,41.857423748998656,20.928711874499328,22.0,45,2025-05-07 23:00:00-07:00,2025-06-21 23:00:00-07:00,2025-06-27,0.0,2.3900182253921685,2.3900182253921685,0,1,225.793975,201.754116,211.64801157142855,-6.599999999999994,-6.799999999999997,0.0,0.5525452610857844,0.0,0.0,-43.78139022287314,43.78139022287314,43.78139022287314,16.464443882713034,days4to7,5-8F,0-20pp,0-1.25MW,hot_peak,temp,-2.3900182253921685,-1.881370890660719,-1.881370890660719,-1.881370890660719,-1.881370890660719,2.118629109339281
2025-06-27 17:00:00-07:00,origin_06,2025-06-22 00:00:00-07:00,2025,6,138,6,Days2to7,Summer,6,17,274.532258,99.8,99.8,0.0,3.8700050625161992,0.0,0.0,278.7221700364714,280.1813659667969,279.6511799086005,276.8453842573185,278.7221700364714,278.2393514848741,278.2393514848741,278.2393514848741,278.2393514848741,274.2393514848741,278.2393514848741,274.2393514848741,1,-4.0,june_recent_clear_98_100_peak_backoff,274.2393514848741,274.2393514848741,operational_residual_hot_peak_only_v1,0,hot_peak_only,274.2393514848741,0.0,274.2393514848741,0,hot_peak_low_forecast_gate_blocked,origin_available_shadow,0.29290651512593513,0.29290651512593513,0.0,0.0,274.2393514848741,0,hot_peak_low_forecast_gate_blocked,0.29290651512593513,0.29290651512593513,0.0,-4.189912036471412,-5.649107966796862,-5.118921908600498,-2.3131262573185154,0.29290651512593513,-3.707093484874065,0.29290651512593513,0.29290651512593513,0.29290651512593513,0.0,-0.4828185515973473,0.0,0.0,0.0,-4.0,-4.0,-4.482818551597347,Recent_Corrected_Forecast_MWH,days4to7_recent_corrected,raw_bias,none,none,recent_mean+last24_mean+same_hour+hourgroup+global+cloud_hourgroup+solar_hourgroup+solar_loss_hourgroup,3.0,2,252.02222899999998,255.4798122,14,235.2834877857143,255.17763309999998,22.51002900000003,Peak,4,0,0,1,5.0,1.35,0.13,3.3,0.0,237.75195710860154,199.20084192480743,-4.189912036471412,4.189912036471412,1.5262002603976004,Summer,-0.0,0.0,0.0,0.0,Clear/Low,1.0,None,-0.4828185515973674,weighted_fallback,global+hour+season_hour+season_hourgroup_maxtemp+season_hour_maxtemp+season_month_hour_maxtemp+season_cloud_hourgroup+season_solar_hourgroup+temp_cloud_hourgroup,278.2393514848741,0.0,278.2393514848741,none,170+,other,0.7,0.0,0.0,0.0,0.0,0.0,,,ar_disabled_or_empty,0.0,,,origin_day_disabled_or_empty,278.2393514848741,0.0,0.0,79.52132811166399,40.97021292786988,0.10669293191983839,5.0,Medium-Low,222.7159295051278,221.49107360839844,223.25004978927655,222.2265564576739,51.81632849487221,229.8376448320211,44.6946131679789,44.6946131679789,16.280277404770008,89.3,93.0,0.13,4.156023536216492,0.0,0.0,6.0,8.0,weather_uncertainty_peak_hedge,7.0536407899505384,1.1464444444444446,22.0,5.8779770000000005,0.35,1.0,229.8376448320211,229.8376448320211,0.0,0.0,none,20.56175936253601,-13.90929875331787,operational_residual_hot_peak_only_v1,0.0,hot_peak_only,229.8376448320211,0.0,229.8376448320211,0.0,hot_peak_low_forecast_gate_blocked,weather_realism_origin_available_shadow,44.6946131679789,44.6946131679789,0.0,0.0,229.8376448320211,0.0,hot_peak_low_forecast_gate_blocked,44.6946131679789,44.6946131679789,0.0,243.8376448320211,243.8376448320211,206.83720540453166,211.7408160704693,210.84789662597493,222.09964143819195,1.0,206.83720540453166,243.8376448320211,37.000439427489454,18.500219713744727,22.0,45,2025-05-07 23:00:00-07:00,2025-06-21 23:00:00-07:00,2025-06-27,0.0,4.189912036471412,4.189912036471412,0,1,240.853175,201.485991,224.111764,-10.5,-6.799999999999997,0.13,0.28601847370029265,0.0,0.0,-44.401706652852965,44.401706652852965,44.401706652852965,16.17358447285017,days4to7,5-8F,0-20pp,0-1.25MW,hot_peak,temp,-4.189912036471412,-3.707093484874065,-3.707093484874065,-3.707093484874065,-3.707093484874065,0.29290651512593513
2025-06-27 18:00:00-07:00,origin_06,2025-06-22 00:00:00-07:00,2025,6,139,6,Days2to7,Summer,6,18,272.37625,97.9,99.8,0.0,1.3395359220644149e-15,0.0,0.0,276.01956477287104,277.57635498046875,275.5860925966255,276.2559381333718,276.01956477287104,275.49465663961115,275.49465663961115,275.49465663961115,275.49465663961115,271.49465663961115,275.49465663961115,271.49465663961115,1,-4.0,june_recent_clear_98_100_peak_backoff,271.49465663961115,271.49465663961115,operational_residual_hot_peak_only_v1,0,hot_peak_only,271.49465663961115,0.0,271.49465663961115,0,hot_peak_low_forecast_gate_blocked,origin_available_shadow,0.8815933603888766,0.8815933603888766,0.0,0.0,271.49465663961115,0,hot_peak_low_forecast_gate_blocked,0.8815933603888766,0.8815933603888766,0.0,-3.6433147728710082,-5.200104980468723,-3.209842596625492,-3.879688133371758,0.8815933603888766,-3.1184066396111234,0.8815933603888766,0.8815933603888766,0.8815933603888766,0.0,-0.5249081332598848,0.0,0.0,0.0,-4.0,-4.0,-4.524908133259885,Recent_Corrected_Forecast_MWH,days4to7_recent_corrected,raw_bias,none,none,recent_mean+last24_mean+same_hour+hourgroup+global+cloud_hourgroup+solar_hourgroup+solar_loss_hourgroup,3.0,2,256.660258,261.7058644,14,235.2834877857143,255.17763309999998,15.715992000000028,Peak,4,0,0,1,5.0,1.35,0.15,3.5,0.0,241.22857276893356,203.9632002424731,-3.6433147728710082,3.6433147728710082,1.337603690803074,Summer,-0.0,0.0,0.0,0.0,Clear/Low,0.0,None,-0.5249081332598677,weighted_fallback,global+hour+season_hour+season_hourgroup_maxtemp+season_hour_maxtemp+season_month_hour_maxtemp+season_cloud_hourgroup+season_solar_hourgroup+temp_cloud_hourgroup,275.49465663961115,0.0,275.49465663961115,none,170+,other,0.7,0.0,0.0,0.0,0.0,0.0,,,ar_disabled_or_empty,0.0,,,origin_day_disabled_or_empty,275.49465663961115,0.0,0.0,72.05636453039793,34.790992003937475,0.3236674858358159,5.0,Low,220.48868381173338,221.66262817382812,221.56946790108225,218.454896139301,51.887566188266646,225.97586471806852,46.400385281931506,46.400385281931506,17.035400583542618,86.9,93.0,0.11,1.4997278467649016e-15,0.0,0.0,6.0,6.433414489209052,weather_uncertainty_peak_hedge,5.286970044764607,1.1464444444444446,22.0,5.8779770000000005,0.35,1.0,225.97586471806852,225.97586471806852,0.0,0.0,none,14.035347032368492,-18.302139944572104,operational_residual_hot_peak_only_v1,0.0,hot_peak_only,225.97586471806852,0.0,225.97586471806852,0.0,hot_peak_low_forecast_gate_blocked,weather_realism_origin_available_shadow,46.400385281931506,46.400385281931506,0.0,0.0,225.97586471806852,0.0,hot_peak_low_forecast_gate_blocked,46.400385281931506,46.400385281931506,0.0,241.54245022885948,241.54245022885948,202.7888851091418,208.25159847815678,206.9586807453605,219.27725136461981,1.0,202.7888851091418,241.54245022885948,38.75356511971768,19.37678255985884,22.0,45,2025-05-07 23:00:00-07:00,2025-06-21 23:00:00-07:00,2025-06-27,0.0,3.6433147728710082,3.6433147728710082,0,1,246.64465,195.091725,227.0500152857143,-11.0,-6.799999999999997,0.11,1.6019192470048667e-16,0.0,0.0,-45.51879192154263,45.51879192154263,45.51879192154263,16.7117330977068,days4to7,5-8F,0-20pp,0-1.25MW,hot_peak,temp,-3.6433147728710082,-3.1184066396111234,-3.1184066396111234,-3.1184066396111234,-3.1184066396111234,0.8815933603888766
2025-06-27 19:00:00-07:00,origin_06,2025-06-22 00:00:00-07:00,2025,6,140,6,Days2to7,Summer,6,19,265.309433,96.9,99.8,0.0,0.0,0.0,0.0,266.6685308540969,267.83087158203125,266.8726414079717,266.01568834716954,266.6685308540969,266.21932001067705,266.21932001067705,266.21932001067705,266.21932001067705,264.21932001067705,266.21932001067705,264.21932001067705,1,-2.0,june_days4to7_hot_evening_finish_recovery_up+june_days4to7_clear_98_100_hot_recovery_trim_down,264.21932001067705,264.21932001067705,operational_residual_hot_peak_only_v1,0,hot_peak_only,264.21932001067705,0.0,264.21932001067705,0,hot_peak_low_forecast_gate_blocked,origin_available_shadow,1.0901129893229609,1.0901129893229609,0.0,0.0,264.21932001067705,0,hot_peak_low_forecast_gate_blocked,1.0901129893229609,1.0901129893229609,0.0,-1.3590978540968877,-2.5214385820312373,-1.563208407971672,-0.706255347169531,1.0901129893229609,-0.9098870106770391,1.0901129893229609,1.0901129893229609,1.0901129893229609,0.0,-0.4492108434198485,0.0,0.0,0.0,-2.0,-2.0,-2.4492108434198485,Recent_Corrected_Forecast_MWH,days4to7_recent_corrected,raw_bias,none,none,recent_mean+last24_mean+same_hour+hourgroup+global+cloud_hourgroup+solar_hourgroup+solar_loss_hourgroup,3.0,2,246.370675,251.238635,14,235.2834877857143,255.17763309999998,18.938758000000007,Peak,4,0,0,1,5.0,0.0,0.16,2.8,0.0,237.35973045555326,200.51509385593596,-1.3590978540968877,1.3590978540968877,0.5122689527955411,Summer,-0.0,0.0,0.0,0.0,Clear/Low,0.0,None,-0.44921084341985723,weighted_fallback,global+hour+season_hour+season_hourgroup_maxtemp+season_hour_maxtemp+season_month_hour_maxtemp+season_cloud_hourgroup+season_solar_hourgroup+temp_cloud_hourgroup,266.21932001067705,0.0,266.21932001067705,none,170+,other,1.0,0.0,0.0,0.0,0.0,0.0,,,ar_disabled_or_empty,0.0,,,origin_day_disabled_or_empty,266.21932001067705,0.0,0.0,66.15343699816094,29.30880039854364,0.41088361502885606,5.0,None,209.2386848420523,209.5804443359375,208.67780700356045,210.02241873285797,56.07074815794772,216.02750535366783,49.28192764633218,49.28192764633218,18.575264018724948,83.0,93.0,0.09,0.0,0.0,0.0,6.0,7.66560262335434,weather_uncertainty_peak_hedge,6.549559059814788,1.1160435635395525,21.4166142257057,5.8779770000000005,0.35,1.0,216.02750535366783,216.02750535366783,0.0,0.0,none,7.871872509347327,-21.31973082028469,operational_residual_hot_peak_only_v1,0.0,hot_peak_only,216.02750535366783,0.0,216.02750535366783,0.0,hot_peak_low_forecast_gate_blocked,weather_realism_origin_available_shadow,49.28192764633218,49.28192764633218,0.0,0.0,216.02750535366783,0.0,hot_peak_low_forecast_gate_blocked,49.28192764633218,49.28192764633218,0.0,229.7785169560192,230.3619027303135,193.4446321382847,198.14260170948236,197.7339548649137,208.39841615655587,1.0,193.4446321382847,230.3619027303135,36.917270592028785,18.458635296014393,22.0,45,2025-05-07 23:00:00-07:00,2025-06-21 23:00:00-07:00,2025-06-27,0.0,1.3590978540968877,1.3590978540968877,0,1,243.015941,187.348533,221.0784282857143,-13.900000000000006,-6.799999999999997,0.09,0.0,0.0,0.0,-48.19181465700922,48.19181465700922,48.19181465700922,18.164380403696093,days4to7,5-8F,0-20pp,0-1.25MW,hot_peak,temp,-1.3590978540968877,-0.9098870106770391,-0.9098870106770391,-0.9098870106770391,-0.9098870106770391,1.0901129893229609
2025-06-27 20:00:00-07:00,origin_06,2025-06-22 00:00:00-07:00,2025,6,141,6,Days2to7,Summer,6,20,248.901908,94.7,99.8,0.0,0.0,0.0,0.0,251.222160528854,249.33328247070312,252.14526942660825,250.31124027756903,251.222160528854,250.6446531509755,250.6446531509755,250.6446531509755,250.6446531509755,248.6446531509755,250.6446531509755,248.6446531509755,1,-2.0,june_days4to7_hot_evening_finish_recovery_up+june_days4to7_clear_98_100_hot_recovery_trim_down,248.6446531509755,248.6446531509755,operational_residual_hot_peak_only_v1,0,hot_peak_only,248.6446531509755,0.0,248.6446531509755,0,hot_peak_low_forecast_gate_blocked,origin_available_shadow,0.25725484902449125,0.25725484902449125,0.0,0.0,248.6446531509755,0,hot_peak_low_forecast_gate_blocked,0.25725484902449125,0.25725484902449125,0.0,-2.320252528854013,-0.4313744707031333,-3.24336142660826,-1.4093322775690353,0.25725484902449125,-1.7427451509755087,0.25725484902449125,0.25725484902449125,0.25725484902449125,0.0,-0.5775073778785043,0.0,0.0,0.0,-2.0,-2.0,-2.5775073778785043,Recent_Corrected_Forecast_MWH,days4to7_recent_corrected,raw_bias,none,none,recent_mean+last24_mean+same_hour+hourgroup+global+cloud_hourgroup+solar_hourgroup+solar_loss_hourgroup,3.0,2,228.795275,232.64603499999998,14,235.2834877857143,255.17763309999998,20.106632999999988,Peak,4,0,0,1,5.0,0.0,0.17,2.5,0.0,225.87459299880544,191.74693318153155,-2.320252528854013,2.320252528854013,0.9321955574780139,Summer,-0.0,0.0,0.0,0.0,Clear/Low,0.0,None,-0.5775073778785135,weighted_fallback,global+hour+season_hour+season_hourgroup_maxtemp+season_hour_maxtemp+season_month_hour_maxtemp+season_cloud_hourgroup+season_solar_hourgroup+temp_cloud_hourgroup,250.6446531509755,0.0,250.6446531509755,none,170+,other,1.0,0.0,0.0,0.0,0.0,0.0,,,ar_disabled_or_empty,0.0,,,origin_day_disabled_or_empty,250.6446531509755,0.0,0.0,59.47522734732246,25.347567530048565,0.10335591683149783,5.0,None,195.28136474226932,196.71092224121094,195.9867525500807,193.76445318743947,53.620543257730674,202.2758040090026,46.62610399099739,46.62610399099739,18.732722607734047,79.2,93.0,0.07,0.0,0.0,0.0,6.0,8.0,weather_uncertainty_peak_hedge,7.426802103120031,0.8796650134813293,16.88056529068649,5.8779770000000005,0.35,1.0,202.2758040090026,202.2758040090026,0.0,0.0,none,4.131773154517219,-19.31254689695075,operational_residual_hot_peak_only_v1,0.0,hot_peak_only,202.2758040090026,0.0,202.2758040090026,0.0,hot_peak_low_forecast_gate_blocked,weather_realism_origin_available_shadow,46.62610399099739,46.62610399099739,0.0,0.0,202.2758040090026,0.0,hot_peak_low_forecast_gate_blocked,46.62610399099739,46.62610399099739,0.0,211.1563692996891,216.2758040090026,184.7650995786679,187.4890115414887,188.13222029883147,194.33249192276574,1.0,184.7650995786679,216.2758040090026,31.510704430334698,15.755352215167349,22.0,45,2025-05-07 23:00:00-07:00,2025-06-21 23:00:00-07:00,2025-06-27,0.0,2.320252528854013,2.320252528854013,0,1,230.263458,183.619958,208.368859,-15.5,-6.799999999999997,0.07,0.0,0.0,0.0,-46.3688491419729,46.3688491419729,46.3688491419729,18.629366690902547,days4to7,5-8F,0-20pp,0-1.25MW,hot_peak,temp,-2.320252528854013,-1.7427451509755087,-1.7427451509755087,-1.7427451509755087,-1.7427451509755087,0.25725484902449125
2025-06-28 14:00:00-07:00,origin_06,2025-06-22 00:00:00-07:00,2025,6,159,7,Days2to7,Summer,6,14,248.4874,100.1,102.7,0.0,18.730570828347535,0.0,0.0,248.66438065911615,249.05209350585938,249.52687292989214,247.1982605631129,248.09581083555653,247.24818252580988,247.24818252580988,247.24818252580988,247.24818252580988,247.24818252580988,247.24818252580988,247.24818252580988,0,0.0,none,247.24818252580988,247.24818252580988,operational_residual_hot_peak_only_v1,0,hot_peak_only,247.24818252580988,0.0,247.24818252580988,0,global_shadow_only,origin_available_shadow,1.2392174741901272,1.2392174741901272,0.0,-0.3655805264091684,246.88260199940072,1,global,1.6047980005992883,1.6047980005992883,0.36558052640916117,-0.1769806591161398,-0.564693505859367,-1.0394729298921277,1.2891394368870976,1.2392174741901272,1.2392174741901272,1.2392174741901272,1.2392174741901272,1.2392174741901272,-0.5685698235596135,-0.8476283097466535,0.0,0.0,0.0,0.0,0.0,-1.416198133306267,Recent_Corrected_Forecast_MWH,days4to7_recent_corrected,raw_bias,none,none,recent_mean+last24_mean+same_hour+hourgroup+global+temp_hourgroup+cloud_hourgroup+solar_hourgroup+solar_loss_hourgroup+temp_cloud_hourgroup,3.0,0,,,0,,,,Midday,5,1,0,0,6.0,1.1087628840216757,0.17,4.2,0.0,232.49521849872139,167.88155998089655,-0.1769806591161398,0.1769806591161398,0.07122319245005573,Summer,-0.5685698235596076,0.0,-0.5685698235596076,0.0,Clear/Low,4.0,None,-0.8476283097466396,weighted_fallback,global+hour+season_hour+season_hourgroup_maxtemp+season_hour_maxtemp+season_month_hour_maxtemp+season_cloud_hourgroup+season_solar_hourgroup+temp_cloud_hourgroup,247.24818252580988,0.0,247.24818252580988,none,170+,other,0.7,0.0,0.0,0.0,0.0,0.0,,,ar_disabled_or_empty,0.0,,,origin_day_disabled_or_empty,247.24818252580988,0.0,0.0,80.7828206782196,16.169162160394762,0.49870435047818407,6.0,High,187.20963002073384,187.91421508789062,188.09963450714366,185.60974152290214,61.27776997926617,186.46845772481714,62.018942275182866,62.018942275182866,24.958586340869946,90.9,95.3,0.0,19.27744880873724,0.0,0.0,7.0,0.0,none,0.0,0.0,0.0,,,0.0,186.46845772481714,186.46845772481714,0.0,0.0,none,21.5026123556093,5.047124145069944,operational_residual_hot_peak_only_v1,0.0,hot_peak_only,186.46845772481714,0.0,186.46845772481714,0.0,global_shadow_only,weather_realism_origin_available_shadow,62.018942275182866,62.018942275182866,0.0,-0.09481476716244473,186.3736429576547,1.0,global,62.1137570423453,62.1137570423453,0.09481476716243264,204.46845772481714,204.46845772481714,168.46845772481714,180.65838502138376,185.4518543145187,186.33883916623705,1.0,168.46845772481714,204.46845772481714,36.0,18.0,18.0,45,2025-05-07 23:00:00-07:00,2025-06-21 23:00:00-07:00,2025-06-28,0.0,0.1769806591161398,0.1769806591161398,0,1,231.030066,204.924716,181.527558,-9.199999999999989,-7.400000000000006,0.0,0.5468779803897057,0.0,0.0,-60.77972480099274,60.77972480099274,60.77972480099274,24.45988199039176,days4to7,5-8F,0-20pp,0-1.25MW,weekend,temp,0.3915891644434737,1.2392174741901272,1.2392174741901272,1.2392174741901272,1.2392174741901272,1.2392174741901272
2025-06-28 15:00:00-07:00,origin_06,2025-06-22 00:00:00-07:00,2025,6,160,7,Days2to7,Summer,6,15,268.5034,101.8,102.7,0.0,14.543924609630212,0.0,0.0,265.286743618585,266.8509521484375,266.00209769940307,263.7156990544844,265.15861171486324,264.3044504948923,264.3044504948923,264.3044504948923,264.3044504948923,264.3044504948923,264.3044504948923,264.3044504948923,0,0.0,none,264.3044504948923,264.3044504948923,operational_residual_hot_peak_only_v1,0,hot_peak_only,264.3044504948923,0.0,264.3044504948923,0,global_shadow_only,origin_available_shadow,4.1989495051076915,4.1989495051076915,0.0,-0.3655805264091684,263.9388699684831,1,global,4.564530031516881,4.564530031516881,0.3655805264091896,3.216656381415021,1.6524478515624992,2.501302300596933,4.78770094551561,4.1989495051076915,4.1989495051076915,4.1989495051076915,4.1989495051076915,4.1989495051076915,-0.12813190372173722,-0.8541612199709334,0.0,0.0,0.0,0.0,0.0,-0.9822931236926706,Recent_Corrected_Forecast_MWH,days4to7_recent_corrected,raw_bias,none,none,recent_mean+last24_mean+same_hour+hourgroup+global+temp_hourgroup+cloud_hourgroup+solar_hourgroup+solar_loss_hourgroup+temp_cloud_hourgroup,3.0,0,,,0,,,,Midday,5,1,0,0,6.0,1.2913992805890968,0.14,4.7,0.0,252.10013776043638,184.5487806802143,3.216656381415021,3.216656381415021,1.197994655343292,Summer,-0.12813190372174882,0.0,-0.12813190372174882,0.0,Clear/Low,3.0,None,-0.8541612199709064,weighted_fallback,global+hour+season_hour+season_hourgroup_maxtemp+season_hour_maxtemp+season_month_hour_maxtemp+season_cloud_hourgroup+season_solar_hourgroup+temp_cloud_hourgroup,264.3044504948923,0.0,264.3044504948923,none,170+,other,0.7,0.0,0.0,0.0,0.0,0.0,,,ar_disabled_or_empty,0.0,,,origin_day_disabled_or_empty,264.3044504948923,0.0,0.0,80.73796293837069,13.186605858148596,1.5638347615366106,6.0,Medium-High,206.83452395803897,206.93780517578125,207.4189083932025,205.8866966405699,61.66887604196103,206.47304202598872,62.03035797401128,62.03035797401128,23.102261637659442,93.4,95.3,0.0,15.11802689685246,0.0,0.0,7.0,0.0,none,0.0,0.0,0.0,,,0.0,206.47304202598872,206.47304202598872,0.0,0.0,none,25.526430764091543,7.156803224191293,operational_residual_hot_peak_only_v1,0.0,hot_peak_only,206.47304202598872,0.0,206.47304202598872,0.0,global_shadow_only,weather_realism_origin_available_shadow,62.03035797401128,62.03035797401128,0.0,-0.564808253342881,205.90823377264584,1.0,global,62.595166227354156,62.595166227354156,0.5648082533428749,224.47304202598872,224.47304202598872,188.47304202598872,198.85864138259132,201.61903816540502,206.17167938830457,1.0,188.47304202598872,224.47304202598872,36.0,18.0,18.0,45,2025-05-07 23:00:00-07:00,2025-06-21 23:00:00-07:00,2025-06-28,3.216656381415021,0.0,-3.216656381415021,1,0,250.626316,229.506091,201.29179342857145,-8.399999999999991,-7.400000000000006,0.0,0.5741022872222477,0.0,0.0,-57.83140846890359,57.83140846890359,57.83140846890359,21.53842687612283,days4to7,5-8F,0-20pp,0-1.25MW,weekend,temp,3.344788285136758,4.1989495051076915,4.1989495051076915,4.1989495051076915,4.1989495051076915,4.1989495051076915
2025-06-28 16:00:00-07:00,origin_06,2025-06-22 00:00:00-07:00,2025,6,161,7,Days2to7,Summer,6,16,282.481441,102.7,102.7,0.0,9.145187892664731,0.0,0.0,279.2464181326199,281.0594177246094,280.48851766651995,276.7765475530657,279.2464181326199,278.7709571501316,278.7709571501316,278.7709571501316,278.7709571501316,281.7709571501316,278.7709571501316,281.7709571501316,1,3.0,june_recent_100_105_hot_evening_lift,281.7709571501316,281.7709571501316,operational_residual_hot_peak_only_v1,0,hot_peak_only,281.7709571501316,0.0,281.7709571501316,0,hot_peak_low_forecast_gate_blocked,origin_available_shadow,0.7104838498684103,0.7104838498684103,0.0,0.0,281.7709571501316,0,hot_peak_low_forecast_gate_blocked,0.7104838498684103,0.7104838498684103,0.0,3.23502286738011,1.422023275390643,1.9929233334800642,5.704893446934307,0.7104838498684103,3.7104838498684103,0.7104838498684103,0.7104838498684103,0.7104838498684103,0.0,-0.4754609824883005,0.0,0.0,0.0,3.0,3.0,2.5245390175116995,Recent_Corrected_Forecast_MWH,days4to7_recent_corrected,raw_bias,none,none,recent_mean+last24_mean+same_hour+hourgroup+global+cloud_hourgroup+solar_hourgroup+solar_loss_hourgroup,3.0,0,,,0,,,,Peak,5,1,0,0,6.0,1.35,0.13,4.8,0.0,268.30480122539217,201.38093310333554,3.23502286738011,3.23502286738011,1.1452160736393686,Summer,-0.0,0.0,0.0,0.0,Clear/Low,2.0,None,-0.4754609824882778,weighted_fallback,global+hour+season_hour+season_hourgroup_maxtemp+season_hour_maxtemp+season_month_hour_maxtemp+season_cloud_hourgroup+season_solar_hourgroup+temp_cloud_hourgroup,278.7709571501316,0.0,278.7709571501316,none,170+,other,0.7,0.0,0.0,0.0,0.0,0.0,,,ar_disabled_or_empty,0.0,,,origin_day_disabled_or_empty,278.7709571501316,0.0,0.0,77.86548502928437,10.94161690722774,0.25151523135582216,6.0,Medium-Low,225.38656265628612,224.37803649902344,226.79157215800612,223.46684091280108,57.0948783437139,227.0655971114706,55.41584388852942,55.41584388852942,19.61751670918778,95.3,95.3,0.0,9.630074550352257,0.0,0.0,7.0,2.187681789915892,weather_uncertainty_peak_hedge,0.0,2.187681789915892,22.0,7.89579,0.4972004067990663,1.0,227.0655971114706,227.0655971114706,0.0,0.0,none,27.850847601627464,7.889491147787993,operational_residual_hot_peak_only_v1,0.0,hot_peak_only,227.0655971114706,0.0,227.0655971114706,0.0,hot_peak_low_forecast_gate_blocked,weather_realism_origin_available_shadow,55.41584388852942,55.41584388852942,0.0,0.0,227.0655971114706,0.0,hot_peak_low_forecast_gate_blocked,55.41584388852942,55.41584388852942,0.0,246.8779153215547,246.8779153215547,202.8779153215547,213.13729228357164,213.69779973147462,223.49816624974392,1.0,202.8779153215547,246.8779153215547,44.0,22.0,22.0,45,2025-05-07 23:00:00-07:00,2025-06-21 23:00:00-07:00,2025-06-28,3.23502286738011,0.0,-3.23502286738011,1,0,265.914783,252.54645,220.8138211428571,-7.400000000000006,-7.400000000000006,0.0,0.48488665768752526,0.0,0.0,-54.70536003866101,54.70536003866101,54.70536003866101,19.366001477831958,days4to7,5-8F,0-20pp,0-1.25MW,hot_peak,temp,3.23502286738011,3.7104838498684103,3.7104838498684103,3.7104838498684103,3.7104838498684103,0.7104838498684103
2025-06-28 17:00:00-07:00,origin_06,2025-06-22 00:00:00-07:00,2025,6,162,7,Days2to7,Summer,6,17,293.501333,102.4,102.7,0.0,3.8816792859325373,0.0,0.0,290.342043103274,289.78094482421875,291.034905810625,289.41357264288104,290.342043103274,289.9192205400196,289.9192205400196,289.9192205400196,289.9192205400196,292.9192205400196,289.9192205400196,292.9192205400196,1,3.0,june_recent_100_105_hot_evening_lift,292.9192205400196,292.9192205400196,operational_residual_hot_peak_only_v1,0,hot_peak_only,292.9192205400196,0.0,292.9192205400196,0,hot_peak_low_forecast_gate_blocked,origin_available_shadow,0.582112459980408,0.582112459980408,0.0,0.0,292.9192205400196,0,hot_peak_low_forecast_gate_blocked,0.582112459980408,0.582112459980408,0.0,3.1592898967259657,3.7203881757812383,2.466427189374997,4.0877603571189525,0.582112459980408,3.582112459980408,0.582112459980408,0.582112459980408,0.582112459980408,0.0,-0.42282256325444223,0.0,0.0,0.0,3.0,3.0,2.5771774367455578,Recent_Corrected_Forecast_MWH,days4to7_recent_corrected,raw_bias,none,none,recent_mean+last24_mean+same_hour+hourgroup+global+cloud_hourgroup+solar_hourgroup+solar_loss_hourgroup,3.0,0,,,0,,,,Peak,5,1,0,0,6.0,1.35,0.14,5.7,0.0,278.7221700364714,214.86988535858904,3.1592898967259657,3.1592898967259657,1.07641415609038,Summer,-0.0,0.0,0.0,0.0,Clear/Low,1.0,None,-0.42282256325441947,weighted_fallback,global+hour+season_hour+season_hourgroup_maxtemp+season_hour_maxtemp+season_month_hour_maxtemp+season_cloud_hourgroup+season_solar_hourgroup+temp_cloud_hourgroup,289.9192205400196,0.0,289.9192205400196,none,170+,other,0.7,0.0,0.0,0.0,0.0,0.0,,,ar_disabled_or_empty,0.0,,,origin_day_disabled_or_empty,289.9192205400196,0.0,0.0,75.47215774468498,11.619873066802597,0.19833383856570352,6.0,Medium-Low,236.3756685853616,234.6155548095703,237.81666792596846,234.61413070034826,57.12566441463838,238.0805318236802,55.4208011763198,55.4208011763198,18.882640364812175,93.4,95.3,0.0,4.16769775963283,0.0,0.0,7.0,2.1876817899159677,weather_uncertainty_peak_hedge,7.341614942433238e-14,2.1876817899158945,22.00000000000003,7.89579,0.4972004067990663,1.0,238.0805318236802,238.0805318236802,0.0,0.0,none,26.55334651346584,13.659739080233805,operational_residual_hot_peak_only_v1,0.0,hot_peak_only,238.0805318236802,0.0,238.0805318236802,0.0,hot_peak_low_forecast_gate_blocked,weather_realism_origin_available_shadow,55.4208011763198,55.4208011763198,0.0,0.0,238.0805318236802,0.0,hot_peak_low_forecast_gate_blocked,55.4208011763198,55.4208011763198,0.0,257.89285003376426,257.89285003376426,213.89285003376423,222.24008208007064,220.31758962832438,235.48417953294782,1.0,213.89285003376423,257.89285003376426,44.00000000000003,22.000000000000014,22.00000000000003,45,2025-05-07 23:00:00-07:00,2025-06-21 23:00:00-07:00,2025-06-28,3.1592898967259657,0.0,-3.1592898967259657,1,0,274.532258,265.632691,234.54694500000002,-9.0,-7.400000000000006,0.0,0.28601847370029265,0.0,0.0,-54.83868871633939,54.83868871633939,54.83868871633939,18.684306526246473,days4to7,5-8F,0-20pp,0-1.25MW,hot_peak,temp,3.1592898967259657,3.582112459980408,3.582112459980408,3.582112459980408,3.582112459980408,0.582112459980408
2025-06-28 18:00:00-07:00,origin_06,2025-06-22 00:00:00-07:00,2025,6,163,7,Days2to7,Summer,6,18,294.215633,101.0,102.7,0.0,1.3450597815368455e-15,0.0,0.0,292.3430674106737,292.713623046875,292.69632898550327,291.682069039884,292.3430674106737,291.8663322142423,291.8663322142423,291.8663322142423,291.8663322142423,294.8663322142423,291.8663322142423,294.8663322142423,1,3.0,june_recent_100_105_hot_evening_lift,294.8663322142423,294.8663322142423,operational_residual_hot_peak_only_v1,0,hot_peak_only,294.8663322142423,0.0,294.8663322142423,0,hot_peak_low_forecast_gate_blocked,origin_available_shadow,-0.6506992142422519,0.6506992142422519,0.0,0.0,294.8663322142423,0,hot_peak_low_forecast_gate_blocked,-0.6506992142422519,0.6506992142422519,0.0,1.8725655893263138,1.5020099531250253,1.519304014496754,2.5335639601159983,-0.6506992142422519,2.349300785757748,-0.6506992142422519,-0.6506992142422519,0.6506992142422519,0.0,-0.47673519643143436,0.0,0.0,0.0,3.0,3.0,2.5232648035685656,Recent_Corrected_Forecast_MWH,days4to7_recent_corrected,raw_bias,none,none,recent_mean+last24_mean+same_hour+hourgroup+global+cloud_hourgroup+solar_hourgroup+solar_loss_hourgroup,3.0,0,,,0,,,,Peak,5,1,0,0,6.0,1.35,0.14,3.8,0.0,276.01956477287104,218.7674797814547,1.8725655893263138,1.8725655893263138,0.6364602622343707,Summer,-0.0,0.0,0.0,0.0,Clear/Low,0.0,None,-0.4767351964314064,weighted_fallback,global+hour+season_hour+season_hourgroup_maxtemp+season_hour_maxtemp+season_month_hour_maxtemp+season_cloud_hourgroup+season_solar_hourgroup+temp_cloud_hourgroup,291.8663322142423,0.0,291.8663322142423,none,170+,other,0.7,0.0,0.0,0.0,0.0,0.0,,,ar_disabled_or_empty,0.0,,,origin_day_disabled_or_empty,291.8663322142423,0.0,0.0,73.575587629219,16.323502637802676,0.22116405155203014,6.0,Low,238.46628442186324,237.3978271484375,239.03551752416976,237.87704876778892,55.74934857813679,238.59262762442106,55.62300537557897,55.62300537557897,18.90552341098033,92.5,95.3,0.0,1.5080136359735474e-15,0.0,0.0,7.0,0.6512513358176755,weather_uncertainty_peak_hedge,0.0,2.033796923294753,20.452486517339793,7.89579,0.4972004067990663,1.0,238.59262762442106,238.59262762442106,0.0,0.0,none,25.141651097964996,17.977600610129855,operational_residual_hot_peak_only_v1,0.0,hot_peak_only,238.59262762442106,0.0,238.59262762442106,0.0,hot_peak_low_forecast_gate_blocked,weather_realism_origin_available_shadow,55.62300537557897,55.62300537557897,0.0,0.0,238.59262762442106,0.0,hot_peak_low_forecast_gate_blocked,55.62300537557897,55.62300537557897,0.0,258.3938628059432,259.94137628860335,216.95366272285975,222.02879884260972,220.52947155544098,237.464433451019,1.0,216.95366272285975,259.94137628860335,42.987713565743604,21.493856782871802,21.99999999999997,45,2025-05-07 23:00:00-07:00,2025-06-21 23:00:00-07:00,2025-06-28,1.8725655893263138,0.0,-1.8725655893263138,1,0,272.37625,266.808516,238.09066171428572,-8.5,-7.400000000000006,0.0,1.6295385443670195e-16,0.0,0.0,-56.27370458982122,56.27370458982122,54.97230616133672,18.6843593594283,days4to7,5-8F,0-20pp,0-1.25MW,hot_peak,temp,1.8725655893263138,2.349300785757748,2.349300785757748,2.349300785757748,2.349300785757748,-0.6506992142422519
2025-06-28 19:00:00-07:00,origin_06,2025-06-22 00:00:00-07:00,2025,6,164,7,Days2to7,Summer,6,19,283.011391,99.9,102.7,0.0,0.0,0.0,0.0,281.6241505521665,285.3000183105469,281.13700932773685,281.3394102595901,281.6241505521665,281.25688937496517,281.25688937496517,281.8306102895351,281.8306102895351,284.8306102895351,281.8306102895351,284.8306102895351,1,3.0,june_recent_100_105_hot_evening_lift,284.8306102895351,284.8306102895351,operational_residual_hot_peak_only_v1,0,hot_peak_only,284.8306102895351,0.0,284.8306102895351,0,hot_peak_low_forecast_gate_blocked,origin_available_shadow,-1.8192192895351127,1.8192192895351127,0.0,0.0,284.8306102895351,0,hot_peak_low_forecast_gate_blocked,-1.8192192895351127,1.8192192895351127,0.0,1.3872404478335056,-2.2886273105468717,1.874381672263155,1.6719807404098788,-1.8192192895351127,1.1807807104648873,-1.8192192895351127,-1.8192192895351127,1.8192192895351127,0.0,-0.36726117720132834,0.0,0.5737209145699467,0.0,3.0,3.0,3.2064597373686183,Recent_Corrected_Forecast_MWH,days4to7_recent_corrected,raw_bias,none,tree_peak_gap,recent_mean+last24_mean+same_hour+hourgroup+global+cloud_hourgroup+solar_hourgroup+solar_loss_hourgroup,3.0,0,,,0,,,,Peak,5,1,0,0,6.0,0.0,0.15,4.2,0.0,266.6685308540969,214.5143364065212,1.3872404478335056,1.3872404478335056,0.49017124114043364,Summer,-0.0,0.0,0.0,0.0,Clear/Low,0.0,None,-0.36726117720132734,weighted_fallback,global+hour+season_hour+season_hourgroup_maxtemp+season_hour_maxtemp+season_month_hour_maxtemp+season_cloud_hourgroup+season_solar_hourgroup+temp_cloud_hourgroup,281.8306102895351,0.0,281.25688937496517,none,170+,other,1.0,0.0,0.0,0.5737209145699382,0.0,0.0,,,ar_disabled_or_empty,0.0,,,origin_day_disabled_or_empty,281.8306102895351,0.0,0.0,67.10981414564529,14.955619698069597,0.6428077976321146,6.0,None,230.99884197850167,231.3618621826172,230.19435408095998,232.1593171877485,52.01254902149833,242.54963113508182,40.46175986491818,40.46175986491818,14.29686618688722,90.4,95.3,0.0,0.0,0.0,0.0,7.0,0.0,none,0.0,1.7087048580432604,17.183260860985172,7.89579,0.4972004067990663,1.0,230.54963113508182,242.54963113508182,1.0,12.0,june_days4to7_hot_evening_finish_recovery_up,23.837050811217836,21.76015713644938,operational_residual_hot_peak_only_v1,0.0,hot_peak_only,242.54963113508182,0.0,242.54963113508182,0.0,hot_peak_low_forecast_gate_blocked,weather_realism_origin_available_shadow,40.46175986491818,40.46175986491818,0.0,0.0,242.54963113508182,0.0,hot_peak_low_forecast_gate_blocked,40.46175986491818,40.46175986491818,0.0,247.732891996067,252.54963113508182,209.6845559911691,214.6269426187235,212.8919848432439,229.27929167749437,1.0,209.6845559911691,252.54963113508182,42.86507514391272,21.43253757195636,22.0,45,2025-05-07 23:00:00-07:00,2025-06-21 23:00:00-07:00,2025-06-28,1.3872404478335056,0.0,-1.3872404478335056,1,0,265.309433,254.439775,232.2156997142857,-9.5,-7.400000000000006,0.0,0.0,0.0,0.0,-42.28097915445329,42.28097915445329,38.642540575383066,13.654058389255106,days4to7,5-8F,0-20pp,0-1.25MW,hot_peak,temp,1.3872404478335056,1.754501625034834,1.754501625034834,1.1807807104648873,1.1807807104648873,-1.8192192895351127
2025-06-28 20:00:00-07:00,origin_06,2025-06-22 00:00:00-07:00,2025,6,165,7,Days2to7,Summer,6,20,264.306775,94.3,102.7,0.0,0.0,0.0,0.0,264.2354480198603,265.1732177734375,264.1030551890385,264.1755596815581,264.2354480198603,263.74998116317977,263.74998116317977,263.74998116317977,263.74998116317977,266.74998116317977,263.74998116317977,266.74998116317977,1,3.0,june_recent_100_105_hot_evening_lift,266.74998116317977,266.74998116317977,operational_residual_hot_peak_only_v1,0,hot_peak_only,266.74998116317977,0.0,266.74998116317977,0,hot_peak_low_forecast_gate_blocked,origin_available_shadow,-2.4432061631797524,2.4432061631797524,0.0,0.0,266.74998116317977,0,hot_peak_low_forecast_gate_blocked,-2.4432061631797524,2.4432061631797524,0.0,0.07132698013970185,-0.866442773437484,0.20371981096150193,0.13121531844188894,-2.4432061631797524,0.5567938368202476,-2.4432061631797524,-2.4432061631797524,2.4432061631797524,0.0,-0.4854668566805458,0.0,0.0,0.0,3.0,3.0,2.514533143319454,Recent_Corrected_Forecast_MWH,days4to7_recent_corrected,raw_bias,none,none,recent_mean+last24_mean+same_hour+hourgroup+global+cloud_hourgroup+solar_hourgroup+solar_loss_hourgroup,3.0,0,,,0,,,,Peak,5,1,0,0,6.0,0.0,0.2,9.5,0.0,251.222160528854,204.40758825708215,0.07132698013970185,0.07132698013970185,0.026986436552639194,Summer,-0.0,0.0,0.0,0.0,Clear/Low,0.0,None,-0.4854668566805652,weighted_fallback,global+hour+season_hour+season_hourgroup_maxtemp+season_hour_maxtemp+season_month_hour_maxtemp+season_cloud_hourgroup+season_solar_hourgroup+temp_cloud_hourgroup,263.74998116317977,0.0,263.74998116317977,none,170+,other,1.0,0.0,0.0,0.0,0.0,0.0,,,ar_disabled_or_empty,0.0,,,origin_day_disabled_or_empty,263.74998116317977,0.0,0.0,59.82785976277816,13.01328749100631,0.9243827227583372,6.0,None,218.26371977007798,217.3439483642578,218.85207764849224,217.60194921994707,46.04305522992203,229.68621239219948,34.62056260780054,34.62056260780054,13.098628519000519,87.9,95.3,0.0,0.0,0.0,0.0,7.0,0.0,none,0.0,1.656584418331506,16.659121711066717,7.89579,0.4972004067990663,1.0,217.68621239219948,229.68621239219948,1.0,12.0,june_days4to7_hot_evening_finish_recovery_up,22.445015362001726,22.982355027808666,operational_residual_hot_peak_only_v1,0.0,hot_peak_only,229.68621239219948,0.0,229.68621239219948,0.0,hot_peak_low_forecast_gate_blocked,weather_realism_origin_available_shadow,34.62056260780054,34.62056260780054,0.0,0.0,229.68621239219948,0.0,hot_peak_low_forecast_gate_blocked,34.62056260780054,34.62056260780054,0.0,234.3453341032662,239.68621239219948,200.14210246369842,203.93987172222597,203.94227271537991,215.02163265456775,1.0,200.14210246369842,239.68621239219948,39.54410992850106,19.77205496425053,22.0,45,2025-05-07 23:00:00-07:00,2025-06-21 23:00:00-07:00,2025-06-28,0.07132698013970185,0.0,-0.07132698013970185,1,0,248.901908,231.805483,217.69485185714285,-6.3999999999999915,-7.400000000000006,0.0,0.0,0.0,0.0,-37.06376877098029,37.06376877098029,32.177356444620784,12.174245796242182,days4to7,5-8F,0-20pp,0-1.25MW,hot_peak,temp,0.07132698013970185,0.5567938368202476,0.5567938368202476,0.5567938368202476,0.5567938368202476,-2.4432061631797524
2025-06-29 14:00:00-07:00,origin_06,2025-06-22 00:00:00-07:00,2025,6,183,8,Days8to16,Summer,6,14,245.592216,97.6,100.5,0.0,18.593851333250107,0.0,0.0,240.9657478379537,240.98638916015625,241.12037731275984,240.71686114262894,240.41444211981286,239.5668138100662,239.5668138100662,239.5668138100662,239.20138966458012,237.08138966458012,237.08138966458012,237.08138966458012,0,0.0,none,237.08138966458012,237.08138966458012,operational_residual_hot_peak_only_v1,0,hot_peak_only,237.08138966458012,0.0,237.08138966458012,0,global_shadow_only,origin_available_shadow,8.510826335419893,8.510826335419893,0.0,-1.363142423997965,235.71824724058214,1,global,9.873968759417863,9.873968759417863,1.3631424239979708,4.626468162046308,4.605826839843758,4.471838687240165,4.8753548573710646,8.510826335419893,8.510826335419893,8.510826335419893,8.510826335419893,8.510826335419893,-0.5513057181408385,-0.8476283097466535,0.0,0.0,-0.36542414548608804,-2.1200000000000045,0.0,-3.8843581733735846,Final_Backtest_Forecast_MWH,days8plus_final_low_confidence+long_horizon_peak_month_correction,raw_bias,none,none,recent_mean+last24_mean+same_hour+hourgroup+global+temp_hourgroup+cloud_hourgroup+solar_hourgroup+solar_loss_hourgroup+temp_cloud_hourgroup,3.0,2,201.51762050000002,205.0205769,14,235.2834877857143,255.17763309999998,44.07459549999999,Midday,6,1,0,0,6.0,1.101096740041377,0.21,4.5,0.0,248.66438065911615,187.15169536077028,4.626468162046308,4.626468162046308,1.8838008131521187,Summer,-0.551305718140843,0.0,-0.551305718140843,0.0,Clear/Low,4.0,None,-0.8476283097466396,weighted_fallback,global+hour+season_hour+season_hourgroup_maxtemp+season_hour_maxtemp+season_month_hour_maxtemp+season_cloud_hourgroup+season_solar_hourgroup+temp_cloud_hourgroup,239.20138966458012,0.0,239.5668138100662,none,170+,other,0.7,0.0,0.0,0.0,-0.3654241454860784,0.0,,,ar_disabled_or_empty,0.0,,,origin_day_disabled_or_empty,239.5668138100662,-2.12,0.0,53.814052477183424,-7.698632821162448,3.465430001828679,6.0,High,,,,,,,,,,,,,,,,,0.0,none,0.0,0.0,0.0,,,0.0,,,0.0,0.0,none,,,operational_residual_hot_peak_only_v1,0.0,hot_peak_only,,0.0,,0.0,invalid_base_forecast,weather_realism_origin_available_shadow,,,,0.0,,0.0,invalid_base_forecast,,,,,,,,,,0.0,,,,,0.0,45,2025-05-07 23:00:00-07:00,2025-06-21 23:00:00-07:00,2025-06-29,4.626468162046308,0.0,-4.626468162046308,1,0,248.4874,125.471216,187.75079857142856,,,,,,,,,,,,,,,,,5.1777738801871465,6.0254021899338,6.0254021899338,6.0254021899338,6.390826335419888,8.510826335419893
2025-06-29 15:00:00-07:00,origin_06,2025-06-22 00:00:00-07:00,2025,6,184,8,Days8to16,Summer,6,15,266.976475,99.8,100.5,0.0,14.416346323580825,0.0,0.0,261.1325721110587,262.57672119140625,261.75647618569974,259.7395373993806,261.004440207337,260.15027898736605,260.15027898736605,260.15027898736605,259.8242154702165,257.70421547021647,257.70421547021647,257.70421547021647,0,0.0,none,257.70421547021647,257.70421547021647,operational_residual_hot_peak_only_v1,0,hot_peak_only,257.70421547021647,0.0,257.70421547021647,0,global_shadow_only,origin_available_shadow,9.272259529783526,9.272259529783526,0.0,-1.0933269386676716,256.6108885315488,1,global,10.36558646845117,10.36558646845117,1.0933269386676443,5.8439028889412725,4.3997538085937435,5.219998814300254,7.236937600619399,9.272259529783526,9.272259529783526,9.272259529783526,9.272259529783526,9.272259529783526,-0.12813190372173722,-0.8541612199709334,0.0,0.0,-0.3260635171495778,-2.1200000000000045,0.0,-3.428356640842253,Final_Backtest_Forecast_MWH,days8plus_final_low_confidence+long_horizon_peak_month_correction,raw_bias,none,none,recent_mean+last24_mean+same_hour+hourgroup+global+temp_hourgroup+cloud_hourgroup+solar_hourgroup+solar_loss_hourgroup+temp_cloud_hourgroup,3.0,2,221.6103285,225.29963850000001,14,235.2834877857143,255.17763309999998,45.366146499999985,Midday,6,1,0,0,6.0,1.2805678330731025,0.19,5.1,0.0,265.286743618585,204.82775834001217,5.8439028889412725,5.8439028889412725,2.188920536515913,Summer,-0.12813190372174882,0.0,-0.12813190372174882,0.0,Clear/Low,3.0,None,-0.8541612199709064,weighted_fallback,global+hour+season_hour+season_hourgroup_maxtemp+season_hour_maxtemp+season_month_hour_maxtemp+season_cloud_hourgroup+season_solar_hourgroup+temp_cloud_hourgroup,259.8242154702165,0.0,260.15027898736605,none,170+,other,0.7,0.0,0.0,0.0,-0.3260635171495523,0.0,,,ar_disabled_or_empty,0.0,,,origin_day_disabled_or_empty,260.15027898736605,-2.12,0.0,56.304813771046554,-4.154171507526257,3.473062384909954,6.0,Medium-High,,,,,,,,,,,,,,,,,0.0,none,0.0,0.0,0.0,,,0.0,,,0.0,0.0,none,,,operational_residual_hot_peak_only_v1,0.0,hot_peak_only,,0.0,,0.0,invalid_base_forecast,weather_realism_origin_available_shadow,,,,0.0,,0.0,invalid_base_forecast,,,,,,,,,,0.0,,,,,0.0,45,2025-05-07 23:00:00-07:00,2025-06-21 23:00:00-07:00,2025-06-29,5.8439028889412725,0.0,-5.8439028889412725,1,0,268.5034,137.771908,206.86283757142857,,,,,,,,,,,,,,,,,5.97203479266301,6.826196012633943,6.826196012633943,6.826196012633943,7.152259529783521,9.272259529783526
2025-06-29 16:00:00-07:00,origin_06,2025-06-22 00:00:00-07:00,2025,6,185,8,Days8to16,Summer,6,16,285.005216,100.5,100.5,0.0,9.054976421467051,0.0,0.0,277.96257818477335,280.51556396484375,278.0674531736324,277.0683501222605,277.96257818477335,277.48711720228505,277.48711720228505,277.50276292169235,277.4243588378615,279.8043588378615,275.3043588378615,279.8043588378615,1,4.5,june_recent_100_105_hot_evening_lift+june_long_hot_100_105_peak_finish_up,279.8043588378615,279.8043588378615,operational_residual_hot_peak_only_v1,0,hot_peak_only,279.8043588378615,0.0,279.8043588378615,0,hot_peak_low_forecast_gate_blocked,origin_available_shadow,5.2008571621385045,5.2008571621385045,0.0,0.0,279.8043588378615,0,hot_peak_low_forecast_gate_blocked,5.2008571621385045,5.2008571621385045,0.0,7.042637815226669,4.4896520351562685,6.937762826367646,7.936865877739535,5.2008571621385045,9.700857162138504,5.2008571621385045,5.2008571621385045,5.2008571621385045,0.0,-0.4754609824883005,0.0,0.01564571940730275,-0.07840408383083286,2.3799999999999955,4.5,1.8417806530881649,Final_Backtest_Forecast_MWH,days8plus_final_low_confidence+long_horizon_peak_month_correction,raw_bias,none,tree_peak_gap,recent_mean+last24_mean+same_hour+hourgroup+global+cloud_hourgroup+solar_hourgroup+solar_loss_hourgroup,3.0,2,240.00802850000002,243.17653850000002,14,235.2834877857143,255.17763309999998,44.997187499999995,Peak,6,1,0,0,6.0,1.35,0.17,7.2,0.0,279.2464181326199,221.9977856937098,7.042637815226669,7.042637815226669,2.47105576314318,Summer,-0.0,0.0,0.0,0.0,Clear/Low,2.0,None,-0.4754609824882778,weighted_fallback,global+hour+season_hour+season_hourgroup_maxtemp+season_hour_maxtemp+season_month_hour_maxtemp+season_cloud_hourgroup+season_solar_hourgroup+temp_cloud_hourgroup,277.4243588378615,0.0,277.48711720228505,none,170+,other,0.7,0.0,0.0,0.015645719407285697,-0.0784040838308096,0.0,,,ar_disabled_or_empty,0.0,,,origin_day_disabled_or_empty,277.50276292169235,-2.12,0.0,55.96479249106355,-1.283839947846559,1.8248287645860153,6.0,Medium-Low,,,,,,,,,,,,,,,,,0.0,none,0.0,0.0,0.0,,,0.0,,,0.0,0.0,none,,,operational_residual_hot_peak_only_v1,0.0,hot_peak_only,,0.0,,0.0,invalid_base_forecast,weather_realism_origin_available_shadow,,,,0.0,,0.0,invalid_base_forecast,,,,,,,,,,0.0,,,,,0.0,45,2025-05-07 23:00:00-07:00,2025-06-21 23:00:00-07:00,2025-06-29,7.042637815226669,0.0,-7.042637815226669,1,0,282.481441,152.790058,225.0902484285714,,,,,,,,,,,,,,,,,7.042637815226669,7.51809879771497,7.51809879771497,7.502453078307667,7.5808571621385,5.2008571621385045
2025-06-29 17:00:00-07:00,origin_06,2025-06-22 00:00:00-07:00,2025,6,186,8,Days8to16,Summer,6,17,295.458308,99.5,100.5,0.0,3.8466566156835227,0.0,0.0,285.2915012963313,288.50274658203125,286.44013500923984,282.56900680870365,285.2915012963313,284.8686787330769,284.8686787330769,285.21741605000176,285.180970926445,287.560970926445,283.060970926445,287.560970926445,1,4.5,june_recent_100_105_hot_evening_lift+june_long_hot_100_105_peak_finish_up,287.560970926445,287.560970926445,operational_residual_hot_peak_only_v1,0,hot_peak_only,287.560970926445,0.0,287.560970926445,0,hot_peak_low_forecast_gate_blocked,origin_available_shadow,7.897337073554979,7.897337073554979,0.0,0.0,287.560970926445,0,hot_peak_low_forecast_gate_blocked,7.897337073554979,7.897337073554979,0.0,10.16680670366867,6.955561417968738,9.01817299076015,12.88930119129634,7.897337073554979,12.39733707355498,7.897337073554979,7.897337073554979,7.897337073554979,0.0,-0.42282256325444223,0.0,0.34873731692488263,-0.036445123556745784,2.3799999999999955,4.5,2.26946963011369,Final_Backtest_Forecast_MWH,days8plus_final_low_confidence+long_horizon_peak_month_correction,raw_bias,none,tree_peak_gap,recent_mean+last24_mean+same_hour+hourgroup+global+cloud_hourgroup+solar_hourgroup+solar_loss_hourgroup,3.0,2,252.02222899999998,255.4798122,14,235.2834877857143,255.17763309999998,43.43607900000001,Peak,6,1,0,0,6.0,1.35,0.16,8.4,0.0,290.342043103274,235.45051294477102,10.16680670366867,10.16680670366867,3.4410292174517796,Summer,-0.0,0.0,0.0,0.0,Clear/Low,1.0,None,-0.42282256325441947,weighted_fallback,global+hour+season_hour+season_hourgroup_maxtemp+season_hour_maxtemp+season_month_hour_maxtemp+season_cloud_hourgroup+season_solar_hourgroup+temp_cloud_hourgroup,285.180970926445,0.0,284.8686787330769,none,170+,other,0.7,0.0,0.0,0.3487373169249054,-0.03644512355673864,0.0,,,ar_disabled_or_empty,0.0,,,origin_day_disabled_or_empty,285.21741605000176,-2.12,0.0,49.8409883515603,-5.050541806942704,2.6729108167623363,6.0,Medium-Low,,,,,,,,,,,,,,,,,0.0,none,0.0,0.0,0.0,,,0.0,,,0.0,0.0,none,,,operational_residual_hot_peak_only_v1,0.0,hot_peak_only,,0.0,,0.0,invalid_base_forecast,weather_realism_origin_available_shadow,,,,0.0,,0.0,invalid_base_forecast,,,,,,,,,,0.0,,,,,0.0,45,2025-05-07 23:00:00-07:00,2025-06-21 23:00:00-07:00,2025-06-29,10.16680670366867,0.0,-10.16680670366867,1,0,293.501333,168.48825,238.52817957142858,,,,,,,,,,,,,,,,,10.16680670366867,10.589629266923112,10.589629266923112,10.240891949998229,10.277337073554975,7.897337073554979
2025-06-29 18:00:00-07:00,origin_06,2025-06-22 00:00:00-07:00,2025,6,187,8,Days8to16,Summer,6,18,293.555966,98.9,100.5,0.0,1.3284882031195536e-15,0.0,0.0,285.86556802929067,284.9772033691406,285.5025705656176,286.6898110893911,285.86556802929067,285.38883283285924,285.38883283285924,285.38883283285924,285.3339058698026,287.7139058698026,283.2139058698026,287.7139058698026,1,4.5,june_recent_100_105_hot_evening_lift+june_long_hot_100_105_peak_finish_up,287.7139058698026,287.7139058698026,operational_residual_hot_peak_only_v1,0,hot_peak_only,287.7139058698026,0.0,287.7139058698026,0,hot_peak_low_forecast_gate_blocked,origin_available_shadow,5.84206013019741,5.84206013019741,0.0,0.0,287.7139058698026,0,hot_peak_low_forecast_gate_blocked,5.84206013019741,5.84206013019741,0.0,7.690397970709341,8.578762630859387,8.053395434382423,6.866154910608884,5.84206013019741,10.34206013019741,5.84206013019741,5.84206013019741,5.84206013019741,0.0,-0.47673519643143436,0.0,0.0,-0.05492696305663003,2.3799999999999955,4.5,1.848337840511931,Final_Backtest_Forecast_MWH,days8plus_final_low_confidence+long_horizon_peak_month_correction,raw_bias,none,none,recent_mean+last24_mean+same_hour+hourgroup+global+cloud_hourgroup+solar_hourgroup+solar_loss_hourgroup,3.0,2,256.660258,261.7058644,14,235.2834877857143,255.17763309999998,36.89570800000001,Peak,6,1,0,0,6.0,1.35,0.17,6.2,0.0,292.3430674106737,238.51698584012237,7.690397970709341,7.690397970709341,2.6197382650739045,Summer,-0.0,0.0,0.0,0.0,Clear/Low,0.0,None,-0.4767351964314064,weighted_fallback,global+hour+season_hour+season_hourgroup_maxtemp+season_hour_maxtemp+season_month_hour_maxtemp+season_cloud_hourgroup+season_solar_hourgroup+temp_cloud_hourgroup,285.3339058698026,0.0,285.38883283285924,none,170+,other,0.7,0.0,0.0,0.0,-0.05492696305662223,0.0,,,ar_disabled_or_empty,0.0,,,origin_day_disabled_or_empty,285.38883283285924,-2.12,0.0,47.3485821891683,-6.477499381383041,1.9901009711372752,6.0,Low,,,,,,,,,,,,,,,,,0.0,none,0.0,0.0,0.0,,,0.0,,,0.0,0.0,none,,,operational_residual_hot_peak_only_v1,0.0,hot_peak_only,,0.0,,0.0,invalid_base_forecast,weather_realism_origin_available_shadow,,,,0.0,,0.0,invalid_base_forecast,,,,,,,,,,0.0,,,,,0.0,45,2025-05-07 23:00:00-07:00,2025-06-21 23:00:00-07:00,2025-06-29,7.690397970709341,0.0,-7.690397970709341,1,0,294.215633,175.897925,242.00596414285715,,,,,,,,,,,,,,,,,7.690397970709341,8.167133167140776,8.167133167140776,8.167133167140776,8.222060130197406,5.84206013019741
2025-06-29 19:00:00-07:00,origin_06,2025-06-22 00:00:00-07:00,2025,6,188,8,Days8to16,Summer,6,19,280.1003,97.2,100.5,0.0,0.0,0.0,0.0,279.3402330674071,277.0606689453125,280.0114904679006,278.93670404437285,279.3402330674071,278.97297189020577,278.97297189020577,278.97297189020577,278.9601420232284,281.9601420232284,278.9601420232284,281.9601420232284,1,3.0,june_recent_100_105_hot_evening_lift,281.9601420232284,281.9601420232284,operational_residual_hot_peak_only_v1,0,hot_peak_only,281.9601420232284,0.0,281.9601420232284,0,hot_peak_low_forecast_gate_blocked,origin_available_shadow,-1.8598420232283956,1.8598420232283956,0.0,0.0,281.9601420232284,0,hot_peak_low_forecast_gate_blocked,-1.8598420232283956,1.8598420232283956,0.0,0.7600669325929061,3.0396310546875043,0.0888095320993898,1.1635959556271587,-1.8598420232283956,1.1401579767716044,-1.8598420232283956,-1.8598420232283956,1.8598420232283956,0.0,-0.36726117720132834,0.0,0.0,-0.012829866977369875,3.0,3.0,2.619908955821302,Final_Backtest_Forecast_MWH,days8plus_final_low_confidence,raw_bias,none,none,recent_mean+last24_mean+same_hour+hourgroup+global+cloud_hourgroup+solar_hourgroup+solar_loss_hourgroup,3.0,2,246.370675,251.238635,14,235.2834877857143,255.17763309999998,33.729625,Peak,6,1,0,0,6.0,0.0,0.19,7.7,0.0,281.6241505521665,232.37504848540215,0.7600669325929061,0.7600669325929061,0.2713552725908919,Summer,-0.0,0.0,0.0,0.0,Clear/Low,0.0,None,-0.36726117720132734,weighted_fallback,global+hour+season_hour+season_hourgroup_maxtemp+season_hour_maxtemp+season_month_hour_maxtemp+season_cloud_hourgroup+season_solar_hourgroup+temp_cloud_hourgroup,278.9601420232284,0.0,278.97297189020577,none,170+,other,1.0,0.0,0.0,0.0,-0.012829866977383466,0.0,,,ar_disabled_or_empty,0.0,,,origin_day_disabled_or_empty,278.97297189020577,0.0,0.0,46.96518458200495,-2.2839174847593995,0.663991442789742,6.0,None,,,,,,,,,,,,,,,,,0.0,none,0.0,0.0,0.0,,,0.0,,,0.0,0.0,none,,,operational_residual_hot_peak_only_v1,0.0,hot_peak_only,,0.0,,0.0,invalid_base_forecast,weather_realism_origin_available_shadow,,,,0.0,,0.0,invalid_base_forecast,,,,,,,,,,0.0,,,,,0.0,45,2025-05-07 23:00:00-07:00,2025-06-21 23:00:00-07:00,2025-06-29,0.7600669325929061,0.0,-0.7600669325929061,1,0,283.011391,175.710408,236.29735914285715,,,,,,,,,,,,,,,,,0.7600669325929061,1.1273281097942345,1.1273281097942345,1.1273281097942345,1.1401579767716044,-1.8598420232283956
2025-06-29 20:00:00-07:00,origin_06,2025-06-22 00:00:00-07:00,2025,6,189,8,Days8to16,Summer,6,20,261.44,92.7,100.5,0.0,0.0,0.0,0.0,263.46055392163686,261.810791015625,263.8731596961608,263.2835342491025,263.46055392163686,262.9750870649563,262.9750870649563,262.9750870649563,262.9120840269707,265.9120840269707,262.9120840269707,265.9120840269707,1,3.0,june_recent_100_105_hot_evening_lift,265.9120840269707,265.9120840269707,operational_residual_hot_peak_only_v1,0,hot_peak_only,265.9120840269707,0.0,265.9120840269707,0,hot_peak_low_forecast_gate_blocked,origin_available_shadow,-4.47208402697072,4.47208402697072,0.0,0.0,265.9120840269707,0,hot_peak_low_forecast_gate_blocked,-4.47208402697072,4.47208402697072,0.0,-2.0205539216368607,-0.3707910156250023,-2.4331596961608284,-1.843534249102504,-4.47208402697072,-1.4720840269707196,-4.47208402697072,-4.47208402697072,4.47208402697072,0.0,-0.4854668566805458,0.0,0.0,-0.06300303798559526,3.0,3.0,2.451530105333859,Final_Backtest_Forecast_MWH,days8plus_final_low_confidence,raw_bias,none,none,recent_mean+last24_mean+same_hour+hourgroup+global+cloud_hourgroup+solar_hourgroup+solar_loss_hourgroup,3.0,2,228.795275,232.64603499999998,14,235.2834877857143,255.17763309999998,32.644724999999994,Peak,6,1,0,0,6.0,0.0,0.23,9.2,0.0,264.2354480198603,219.8571511170622,-2.0205539216368607,2.0205539216368607,0.7728556921805617,Summer,-0.0,0.0,0.0,0.0,Clear/Low,0.0,None,-0.4854668566805652,weighted_fallback,global+hour+season_hour+season_hourgroup_maxtemp+season_hour_maxtemp+season_month_hour_maxtemp+season_cloud_hourgroup+season_solar_hourgroup+temp_cloud_hourgroup,262.9120840269707,0.0,262.9750870649563,none,170+,other,1.0,0.0,0.0,0.0,-0.06300303798562071,0.0,,,ar_disabled_or_empty,0.0,,,origin_day_disabled_or_empty,262.9750870649563,0.0,0.0,43.60340280457467,-0.7748940982234558,1.7105584558486535,6.0,None,,,,,,,,,,,,,,,,,0.0,none,0.0,0.0,0.0,,,0.0,,,0.0,0.0,none,,,operational_residual_hot_peak_only_v1,0.0,hot_peak_only,,0.0,,0.0,invalid_base_forecast,weather_realism_origin_available_shadow,,,,0.0,,0.0,invalid_base_forecast,,,,,,,,,,0.0,,,,,0.0,45,2025-05-07 23:00:00-07:00,2025-06-21 23:00:00-07:00,2025-06-29,0.0,2.0205539216368607,2.0205539216368607,0,1,264.306775,171.204691,222.3378935714286,,,,,,,,,,,,,,,,,-2.0205539216368607,-1.5350870649563149,-1.5350870649563149,-1.5350870649563149,-1.4720840269707196,-4.47208402697072
2025-06-30 14:00:00-07:00,origin_06,2025-06-22 00:00:00-07:00,2025,6,207,9,Days8to16,Summer,6,14,228.0145,94.3,98.7,0.0,18.671976759020065,0.0,0.0,229.35675353746467,229.34967041015625,229.15305582609952,229.678873691698,227.30787059251045,226.95106933936827,226.95106933936827,226.95106933936827,226.65404134740493,224.53404134740492,224.53404134740492,224.53404134740492,0,0.0,none,224.53404134740492,224.53404134740492,operational_residual_hot_peak_only_v1,0,hot_peak_only,224.53404134740492,0.0,224.53404134740492,0,global_shadow_only,origin_available_shadow,3.4804586525950754,3.4804586525950754,0.0,-1.2561816247825177,223.2778597226224,1,global,4.736640277377603,4.736640277377603,1.2561816247825277,-1.3422535374646714,-1.3351704101562518,-1.1385558260995197,-1.664373691697989,3.4804586525950754,3.4804586525950754,3.4804586525950754,3.4804586525950754,3.4804586525950754,-2.048882944954215,-0.35680125314218003,0.0,0.0,-0.29702799196334695,-2.1200000000000045,0.0,-4.822712190059747,Final_Backtest_Forecast_MWH,days8plus_final_low_confidence+long_horizon_peak_month_correction,raw_bias,none,none,recent_mean+last24_mean+same_hour+hourgroup+global+temp_hourgroup+cloud_hourgroup+solar_hourgroup+solar_loss_hourgroup+temp_cloud_hourgroup,3.0,2,201.51762050000002,205.0205769,14,235.2834877857143,255.17763309999998,26.496879499999977,Midday,0,0,0,0,5.0,1.1062091996065249,0.19,7.4,0.0,240.9657478379537,203.49180362994986,-1.3422535374646714,1.3422535374646714,0.5886702545077929,Summer,-2.0488829449542214,0.0,-2.0488829449542214,0.0,Clear/Low,4.0,None,-0.35680125314219324,weighted_fallback,global+hour+season_hour+season_hourgroup_maxtemp+season_hour_maxtemp+season_month_hour_maxtemp+season_cloud_hourgroup+season_solar_hourgroup+temp_cloud_hourgroup,226.65404134740493,0.0,226.95106933936827,none,170+,other,0.7,0.0,0.0,0.0,-0.2970279919633546,0.0,,,ar_disabled_or_empty,0.0,,,origin_day_disabled_or_empty,226.95106933936827,-2.12,0.0,25.864949907514813,-11.60899430048903,1.5264198779441989,5.0,High,,,,,,,,,,,,,,,,,0.0,none,0.0,0.0,0.0,,,0.0,,,0.0,0.0,none,,,operational_residual_hot_peak_only_v1,0.0,hot_peak_only,,0.0,,0.0,invalid_base_forecast,weather_realism_origin_available_shadow,,,,0.0,,0.0,invalid_base_forecast,,,,,,,,,,0.0,,,,,0.0,45,2025-05-07 23:00:00-07:00,2025-06-21 23:00:00-07:00,2025-06-30,0.0,1.3422535374646714,1.3422535374646714,0,1,245.592216,178.926058,204.91094142857142,,,,,,,,,,,,,,,,,0.7066294074895438,1.0634306606317239,1.0634306606317239,1.0634306606317239,1.3604586525950708,3.4804586525950754
2025-06-30 15:00:00-07:00,origin_06,2025-06-22 00:00:00-07:00,2025,6,208,9,Days8to16,Summer,6,15,250.292991,96.3,98.7,0.0,14.52797732387404,0.0,0.0,249.9415388897121,250.2132110595703,250.33375902235994,249.24757234702025,248.2626755726604,247.87640743768006,247.87640743768006,247.87640743768006,247.61874007405322,245.49874007405322,245.49874007405322,245.49874007405322,0,0.0,none,245.49874007405322,245.49874007405322,operational_residual_hot_peak_only_v1,0,hot_peak_only,245.49874007405322,0.0,245.49874007405322,0,global_shadow_only,origin_available_shadow,4.794250925946784,4.794250925946784,0.0,-1.4156507415524386,244.08308933250078,1,global,6.209901667499224,6.209901667499224,1.4156507415524402,0.3514521102879087,0.07977994042968817,-0.04076802235994137,1.0454186529797482,4.794250925946784,4.794250925946784,4.794250925946784,4.794250925946784,4.794250925946784,-1.678863317051679,-0.38626813498035517,0.0,0.0,-0.25766736362683673,-2.1200000000000045,0.0,-4.442798815658875,Final_Backtest_Forecast_MWH,days8plus_final_low_confidence+long_horizon_peak_month_correction,raw_bias,none,none,recent_mean+last24_mean+same_hour+hourgroup+global+temp_hourgroup+cloud_hourgroup+solar_hourgroup+solar_loss_hourgroup+temp_cloud_hourgroup,3.0,2,221.6103285,225.29963850000001,14,235.2834877857143,255.17763309999998,28.682662499999992,Midday,0,0,0,0,5.0,1.2910509456033519,0.16,7.0,0.0,261.1325721110587,222.4881585426879,0.3514521102879087,0.3514521102879087,0.14041628128847952,Summer,-1.6788633170516702,0.0,-1.6788633170516702,0.0,Clear/Low,3.0,None,-0.38626813498036305,weighted_fallback,global+hour+season_hour+season_hourgroup_maxtemp+season_hour_maxtemp+season_month_hour_maxtemp+season_cloud_hourgroup+season_solar_hourgroup+temp_cloud_hourgroup,247.61874007405322,0.0,247.87640743768006,none,170+,other,0.7,0.0,0.0,0.0,-0.2576673636268284,0.0,,,ar_disabled_or_empty,0.0,,,origin_day_disabled_or_empty,247.87640743768006,-2.12,0.0,27.453380347024193,-11.191033221346629,1.9154555254592742,5.0,Medium-High,,,,,,,,,,,,,,,,,0.0,none,0.0,0.0,0.0,,,0.0,,,0.0,0.0,none,,,operational_residual_hot_peak_only_v1,0.0,hot_peak_only,,0.0,,0.0,invalid_base_forecast,weather_realism_origin_available_shadow,,,,0.0,,0.0,invalid_base_forecast,,,,,,,,,,0.0,,,,,0.0,45,2025-05-07 23:00:00-07:00,2025-06-21 23:00:00-07:00,2025-06-30,0.3514521102879087,0.0,-0.3514521102879087,1,0,266.976475,198.225441,225.3206328571429,,,,,,,,,,,,,,,,,2.0303154273395876,2.4165835623199428,2.4165835623199428,2.4165835623199428,2.6742509259467795,4.794250925946784
2025-06-30 16:00:00-07:00,origin_06,2025-06-22 00:00:00-07:00,2025,6,209,9,Days8to16,Summer,6,16,271.905066,98.2,98.7,0.0,9.16774076046415,0.0,0.0,266.7254760694617,267.2469177246094,266.376210706182,267.1253383102876,266.7254760694617,266.21682873473026,266.21682873473026,266.21682873473026,266.1384246508994,260.0184246508994,264.0184246508994,260.0184246508994,1,-4.0,june_recent_clear_98_100_peak_backoff,260.0184246508994,260.0184246508994,operational_residual_hot_peak_only_v1,0,hot_peak_only,260.0184246508994,0.0,260.0184246508994,0,hot_peak_low_forecast_gate_blocked,origin_available_shadow,11.886641349100557,11.886641349100557,0.0,0.0,260.0184246508994,0,hot_peak_low_forecast_gate_blocked,11.886641349100557,11.886641349100557,0.0,5.17958993053827,4.658148275390602,5.528855293817969,4.779727689712388,11.886641349100557,7.886641349100557,11.886641349100557,11.886641349100557,11.886641349100557,0.0,-0.5086473347314495,0.0,0.0,-0.07840408383083286,-6.1200000000000045,-4.0,-6.707051418562287,Final_Backtest_Forecast_MWH,days8plus_final_low_confidence+long_horizon_peak_month_correction,raw_bias,none,none,recent_mean+last24_mean+same_hour+hourgroup+global+cloud_hourgroup+solar_hourgroup+solar_loss_hourgroup,3.0,2,240.00802850000002,243.17653850000002,14,235.2834877857143,255.17763309999998,31.897037499999954,Peak,0,0,0,1,5.0,1.35,0.15,5.7,0.0,277.96257818477335,240.29419123171417,5.17958993053827,5.17958993053827,1.9049258650216803,Summer,-0.0,0.0,0.0,0.0,Clear/Low,2.0,None,-0.5086473347314301,weighted_fallback,global+hour+season_hour+season_hourgroup_maxtemp+season_hour_maxtemp+season_month_hour_maxtemp+season_cloud_hourgroup+season_solar_hourgroup+temp_cloud_hourgroup,266.1384246508994,0.0,266.21682873473026,none,170+,other,0.7,0.0,0.0,0.0,-0.0784040838308096,0.0,,,ar_disabled_or_empty,0.0,,,origin_day_disabled_or_empty,266.21682873473026,-2.12,0.0,26.43128483774754,-11.237102115311643,4.371614521187538,5.0,Medium-Low,,,,,,,,,,,,,,,,,0.0,none,0.0,0.0,0.0,,,0.0,,,0.0,0.0,none,,,operational_residual_hot_peak_only_v1,0.0,hot_peak_only,,0.0,,0.0,invalid_base_forecast,weather_realism_origin_available_shadow,,,,0.0,,0.0,invalid_base_forecast,,,,,,,,,,0.0,,,,,0.0,45,2025-05-07 23:00:00-07:00,2025-06-21 23:00:00-07:00,2025-06-30,5.17958993053827,0.0,-5.17958993053827,1,0,285.005216,217.453166,243.97812814285712,,,,,,,,,,,,,,,,,5.17958993053827,5.68823726526972,5.68823726526972,5.68823726526972,5.766641349100553,11.886641349100557
2025-06-30 17:00:00-07:00,origin_06,2025-06-22 00:00:00-07:00,2025,6,210,9,Days8to16,Summer,6,17,285.456808,98.7,98.7,0.0,3.9050277327652148,0.0,0.0,279.24371639183175,278.51434326171875,279.6147030309148,278.8691297104478,279.24371639183175,278.7608978402344,278.7608978402344,278.7608978402344,278.72445271667766,272.60445271667766,276.60445271667766,272.60445271667766,1,-4.0,june_recent_clear_98_100_peak_backoff,272.60445271667766,272.60445271667766,operational_residual_hot_peak_only_v1,0,hot_peak_only,272.60445271667766,0.0,272.60445271667766,0,hot_peak_low_forecast_gate_blocked,origin_available_shadow,12.852355283322368,12.852355283322368,0.0,0.0,272.60445271667766,0,hot_peak_low_forecast_gate_blocked,12.852355283322368,12.852355283322368,0.0,6.21309160816827,6.942464738281274,5.842104969085199,6.58767828955223,12.852355283322368,8.852355283322368,12.852355283322368,12.852355283322368,12.852355283322368,0.0,-0.4828185515973473,0.0,0.0,-0.036445123556745784,-6.1200000000000045,-4.0,-6.639263675154098,Final_Backtest_Forecast_MWH,days8plus_final_low_confidence+long_horizon_peak_month_correction,raw_bias,none,none,recent_mean+last24_mean+same_hour+hourgroup+global+cloud_hourgroup+solar_hourgroup+solar_loss_hourgroup,3.0,2,252.02222899999998,255.4798122,14,235.2834877857143,255.17763309999998,33.43457900000004,Peak,0,0,0,1,5.0,1.35,0.14,6.1,0.0,285.2915012963313,252.7414297606762,6.21309160816827,6.21309160816827,2.1765435029205085,Summer,-0.0,0.0,0.0,0.0,Clear/Low,1.0,None,-0.4828185515973674,weighted_fallback,global+hour+season_hour+season_hourgroup_maxtemp+season_hour_maxtemp+season_month_hour_maxtemp+season_cloud_hourgroup+season_solar_hourgroup+temp_cloud_hourgroup,278.72445271667766,0.0,278.7608978402344,none,170+,other,0.7,0.0,0.0,0.0,-0.03644512355673864,0.0,,,ar_disabled_or_empty,0.0,,,origin_day_disabled_or_empty,278.7608978402344,-2.12,0.0,26.502286631155556,-6.047784904499565,4.502381769546854,5.0,Medium-Low,,,,,,,,,,,,,,,,,0.0,none,0.0,0.0,0.0,,,0.0,,,0.0,0.0,none,,,operational_residual_hot_peak_only_v1,0.0,hot_peak_only,,0.0,,0.0,invalid_base_forecast,weather_realism_origin_available_shadow,,,,0.0,,0.0,invalid_base_forecast,,,,,,,,,,0.0,,,,,0.0,45,2025-05-07 23:00:00-07:00,2025-06-21 23:00:00-07:00,2025-06-30,6.21309160816827,0.0,-6.21309160816827,1,0,295.458308,231.863358,256.66675928571425,,,,,,,,,,,,,,,,,6.21309160816827,6.695910159765617,6.695910159765617,6.695910159765617,6.732355283322363,12.852355283322368
2025-06-30 18:00:00-07:00,origin_06,2025-06-22 00:00:00-07:00,2025,6,211,9,Days8to16,Summer,6,18,286.917341,97.1,98.7,0.0,1.3505836410092758e-15,0.0,0.0,281.3320646511877,277.3428955078125,281.8066161315037,281.72610350879836,281.3320646511877,280.8071565179278,280.8071565179278,280.8071565179278,280.7522295548712,274.6322295548712,278.6322295548712,274.6322295548712,1,-4.0,june_recent_clear_98_100_peak_backoff,274.6322295548712,274.6322295548712,operational_residual_hot_peak_only_v1,0,hot_peak_only,274.6322295548712,0.0,274.6322295548712,0,hot_peak_low_forecast_gate_blocked,origin_available_shadow,12.285111445128848,12.285111445128848,0.0,0.0,274.6322295548712,0,hot_peak_low_forecast_gate_blocked,12.285111445128848,12.285111445128848,0.0,5.585276348812329,9.574445492187522,5.110724868496334,5.191237491201662,12.285111445128848,8.285111445128848,12.285111445128848,12.285111445128848,12.285111445128848,0.0,-0.5249081332598848,0.0,0.0,-0.05492696305663003,-6.1200000000000045,-4.0,-6.699835096316519,Final_Backtest_Forecast_MWH,days8plus_final_low_confidence+long_horizon_peak_month_correction,raw_bias,none,none,recent_mean+last24_mean+same_hour+hourgroup+global+cloud_hourgroup+solar_hourgroup+solar_loss_hourgroup,3.0,2,256.660258,261.7058644,14,235.2834877857143,255.17763309999998,30.257083000000023,Peak,0,0,0,1,5.0,1.35,0.16,4.3,0.0,285.86556802929067,255.01648929406207,5.585276348812329,5.585276348812329,1.9466499756849232,Summer,-0.0,0.0,0.0,0.0,Clear/Low,0.0,None,-0.5249081332598677,weighted_fallback,global+hour+season_hour+season_hourgroup_maxtemp+season_hour_maxtemp+season_month_hour_maxtemp+season_cloud_hourgroup+season_solar_hourgroup+temp_cloud_hourgroup,280.7522295548712,0.0,280.8071565179278,none,170+,other,0.7,0.0,0.0,0.0,-0.05492696305662223,0.0,,,ar_disabled_or_empty,0.0,,,origin_day_disabled_or_empty,280.8071565179278,-2.12,0.0,26.315575357125624,-4.533503378102978,4.281759827520794,5.0,Low,,,,,,,,,,,,,,,,,0.0,none,0.0,0.0,0.0,,,0.0,,,0.0,0.0,none,,,operational_residual_hot_peak_only_v1,0.0,hot_peak_only,,0.0,,0.0,invalid_base_forecast,weather_realism_origin_available_shadow,,,,0.0,,0.0,invalid_base_forecast,,,,,,,,,,0.0,,,,,0.0,45,2025-05-07 23:00:00-07:00,2025-06-21 23:00:00-07:00,2025-06-30,5.585276348812329,0.0,-5.585276348812329,1,0,293.555966,237.605125,258.8142557142857,,,,,,,,,,,,,,,,,5.585276348812329,6.1101844820722135,6.1101844820722135,6.1101844820722135,6.165111445128844,12.285111445128848
2025-06-30 19:00:00-07:00,origin_06,2025-06-22 00:00:00-07:00,2025,6,212,9,Days8to16,Summer,6,19,280.989416,96.3,98.7,0.0,0.0,0.0,0.0,273.8087213928064,272.915283203125,274.0650834550395,273.66113477777753,273.8087213928064,273.3595105493865,273.3595105493865,273.3595105493865,273.34668068240916,273.34668068240916,273.34668068240916,273.34668068240916,0,0.0,none,273.34668068240916,273.34668068240916,operational_residual_hot_peak_only_v1,0,hot_peak_only,273.34668068240916,0.0,273.34668068240916,0,hot_peak_low_forecast_gate_blocked,origin_available_shadow,7.642735317590848,7.642735317590848,0.0,0.0,273.34668068240916,0,hot_peak_low_forecast_gate_blocked,7.642735317590848,7.642735317590848,0.0,7.1806946071936295,8.074132796875006,6.924332544960521,7.328281222222472,7.642735317590848,7.642735317590848,7.642735317590848,7.642735317590848,7.642735317590848,0.0,-0.4492108434198485,0.0,0.0,-0.012829866977369875,0.0,0.0,-0.4620407103972184,Final_Backtest_Forecast_MWH,days8plus_final_low_confidence,raw_bias,none,none,recent_mean+last24_mean+same_hour+hourgroup+global+cloud_hourgroup+solar_hourgroup+solar_loss_hourgroup,3.0,2,246.370675,251.238635,14,235.2834877857143,255.17763309999998,34.618741,Peak,0,0,0,1,5.0,0.0,0.17,4.5,0.0,279.3402330674071,247.78285067771426,7.1806946071936295,7.1806946071936295,2.5555035877912315,Summer,-0.0,0.0,0.0,0.0,Clear/Low,0.0,None,-0.44921084341985723,weighted_fallback,global+hour+season_hour+season_hourgroup_maxtemp+season_hour_maxtemp+season_month_hour_maxtemp+season_cloud_hourgroup+season_solar_hourgroup+temp_cloud_hourgroup,273.34668068240916,0.0,273.3595105493865,none,170+,other,1.0,0.0,0.0,0.0,-0.012829866977383466,0.0,,,ar_disabled_or_empty,0.0,,,origin_day_disabled_or_empty,273.3595105493865,0.0,0.0,26.02587071509211,-5.531511674600722,2.7199370803314697,5.0,None,,,,,,,,,,,,,,,,,0.0,none,0.0,0.0,0.0,,,0.0,,,0.0,0.0,none,,,operational_residual_hot_peak_only_v1,0.0,hot_peak_only,,0.0,,0.0,invalid_base_forecast,weather_realism_origin_available_shadow,,,,0.0,,0.0,invalid_base_forecast,,,,,,,,,,0.0,,,,,0.0,45,2025-05-07 23:00:00-07:00,2025-06-21 23:00:00-07:00,2025-06-30,7.1806946071936295,0.0,-7.1806946071936295,1,0,280.1003,233.494275,251.21020085714287,,,,,,,,,,,,,,,,,7.1806946071936295,7.629905450613478,7.629905450613478,7.629905450613478,7.642735317590848,7.642735317590848
2025-06-30 20:00:00-07:00,origin_06,2025-06-22 00:00:00-07:00,2025,6,213,9,Days8to16,Summer,6,20,263.834958,94.2,98.7,0.0,0.0,0.0,0.0,260.2238631190949,256.37274169921875,259.84711684151455,261.9162133895429,260.2238631190949,259.6463557412164,259.6463557412164,259.6463557412164,259.5833527032308,259.5833527032308,259.5833527032308,259.5833527032308,0,0.0,none,259.5833527032308,259.5833527032308,operational_residual_hot_peak_only_v1,0,hot_peak_only,259.5833527032308,0.0,259.5833527032308,0,hot_peak_low_forecast_gate_blocked,origin_available_shadow,4.251605296769185,4.251605296769185,0.0,0.0,259.5833527032308,0,hot_peak_low_forecast_gate_blocked,4.251605296769185,4.251605296769185,0.0,3.611094880905057,7.462216300781222,3.9878411584854234,1.918744610457054,4.251605296769185,4.251605296769185,4.251605296769185,4.251605296769185,4.251605296769185,0.0,-0.5775073778785327,0.0,0.0,-0.06300303798559526,0.0,0.0,-0.6405104158641279,Final_Backtest_Forecast_MWH,days8plus_final_low_confidence,raw_bias,none,none,recent_mean+last24_mean+same_hour+hourgroup+global+cloud_hourgroup+solar_hourgroup+solar_loss_hourgroup,3.0,2,228.795275,232.64603499999998,14,235.2834877857143,255.17763309999998,35.03968299999997,Peak,0,0,0,1,5.0,0.0,0.19,5.8,0.0,263.46055392163686,233.5960822186406,3.611094880905057,3.611094880905057,1.3686946219253695,Summer,-0.0,0.0,0.0,0.0,Clear/Low,0.0,None,-0.5775073778785135,weighted_fallback,global+hour+season_hour+season_hourgroup_maxtemp+season_hour_maxtemp+season_month_hour_maxtemp+season_cloud_hourgroup+season_solar_hourgroup+temp_cloud_hourgroup,259.5833527032308,0.0,259.6463557412164,none,170+,other,1.0,0.0,0.0,0.0,-0.06300303798562071,0.0,,,ar_disabled_or_empty,0.0,,,origin_day_disabled_or_empty,259.6463557412164,0.0,0.0,26.627780900454326,-3.2366908025419434,1.6114639731590024,5.0,None,,,,,,,,,,,,,,,,,0.0,none,0.0,0.0,0.0,,,0.0,,,0.0,0.0,none,,,operational_residual_hot_peak_only_v1,0.0,hot_peak_only,,0.0,,0.0,invalid_base_forecast,weather_realism_origin_available_shadow,,,,0.0,,0.0,invalid_base_forecast,,,,,,,,,,0.0,,,,,0.0,45,2025-05-07 23:00:00-07:00,2025-06-21 23:00:00-07:00,2025-06-30,3.611094880905057,0.0,-3.611094880905057,1,0,261.44,221.154216,235.228652,,,,,,,,,,,,,,,,,3.611094880905057,4.18860225878359,4.18860225878359,4.18860225878359,4.251605296769185,4.251605296769185
2026-06-01 14:00:00-07:00,origin_18,2026-05-24 00:00:00-07:00,2026,5,207,9,Days8to16,Summer,6,14,190.248075,90.5,92.5,0.0,22.09404382650229,0.0,0.0,189.2559064525526,189.9123992919922,188.91118506613023,189.61004210566216,190.16375119923705,190.7571119756387,190.7571119756387,190.7571119756387,190.77991390289355,185.65991390289355,188.65991390289355,185.65991390289355,1,-3.0,june_recent_85_93_clear_afternoon_backoff,185.65991390289355,185.65991390289355,operational_residual_hot_peak_only_v1,0,hot_peak_only,185.65991390289355,0.0,185.65991390289355,0,global_shadow_only,origin_available_shadow,4.58816109710645,4.58816109710645,0.0,-0.45233978119271323,185.20757412170084,1,global,5.040500878299156,5.040500878299156,0.45233978119270546,0.9921685474473918,0.33567570800781255,1.3368899338697702,0.6380328943378402,4.58816109710645,1.5881610971064504,4.58816109710645,4.58816109710645,4.58816109710645,0.9078447466844466,0.5933607764016529,0.0,0.0,0.022801927254846532,-5.1200000000000045,-3.0,-3.5959925496590586,Final_Backtest_Forecast_MWH,days8plus_final_low_confidence+long_horizon_peak_month_correction,raw_bias,none,none,recent_mean+last24_mean+same_hour+hourgroup+global+temp_hourgroup+cloud_hourgroup+solar_hourgroup+solar_loss_hourgroup+temp_cloud_hourgroup,3.0,9,179.8123701111111,193.4245896,63,213.56628803174604,240.531745,10.435704888888893,Midday,0,0,0,0,4.0,1.173665330972151,0.2,2.8,0.0,141.29253204017246,125.83660629646513,0.9921685474473918,0.9921685474473918,0.5215130547036504,Spring,0.9078447466844521,0.0,0.9078447466844521,0.0,Clear/Low,5.0,None,0.5933607764016465,weighted_fallback,global+hour+temp_cloud_hourgroup,190.77991390289355,0.0,190.7571119756387,none,170+,other,0.7,0.0,0.0,0.0,0.022801927254842987,0.0,,,ar_disabled_or_empty,0.0,,,origin_day_disabled_or_empty,190.7571119756387,-2.12,0.0,63.41930015608747,47.96337441238015,2.4116728104115905,4.0,High,,,,,,,,,,,,,,,,,,,,,,,,,,,,,,,,,,,,,,,,,,,,,,,,,,,,,,,,,,,,,,,45,2026-04-08 23:00:00-07:00,2026-05-23 23:00:00-07:00,2026-06-01,0.9921685474473918,0.0,-0.9921685474473918,1,0,113.168525,97.388516,154.059127,,,,,,,,,,,,,,,,,0.08432380076294521,-0.5090369756387076,-0.5090369756387076,-0.5090369756387076,-0.5318389028935542,4.58816109710645
2026-06-01 15:00:00-07:00,origin_18,2026-05-24 00:00:00-07:00,2026,5,208,9,Days8to16,Summer,6,15,208.996966,91.9,92.5,0.0,17.85598958907007,0.0,0.0,207.28382931277295,206.20721435546875,207.59394198257894,207.10411367659327,208.26161311816202,208.76139252023768,208.76139252023768,208.76139252023768,208.80770346406368,203.68770346406367,206.68770346406367,203.68770346406367,1,-3.0,june_recent_85_93_clear_afternoon_backoff,203.68770346406367,203.68770346406367,operational_residual_hot_peak_only_v1,0,hot_peak_only,203.68770346406367,0.0,203.68770346406367,0,global_shadow_only,origin_available_shadow,5.309262535936313,5.309262535936313,0.0,-0.4212467355340874,203.2664567285296,1,global,5.730509271470396,5.730509271470396,0.4212467355340834,1.7131366872270348,2.7897516445312363,1.4030240174210462,1.8928523234067143,5.309262535936313,2.3092625359363126,5.309262535936313,5.309262535936313,5.309262535936313,0.9777838053890662,0.4997794020756601,0.0,0.0,0.04631094382600054,-5.1200000000000045,-3.0,-3.5961258487092778,Final_Backtest_Forecast_MWH,days8plus_final_low_confidence+long_horizon_peak_month_correction,raw_bias,none,none,recent_mean+last24_mean+same_hour+hourgroup+global+temp_hourgroup+cloud_hourgroup+solar_hourgroup+solar_loss_hourgroup+temp_cloud_hourgroup,3.0,9,200.45681433333334,209.563091,63,213.56628803174604,240.531745,8.540151666666645,Midday,0,0,0,0,4.0,1.35,0.18,3.1,0.0,154.49268136247545,132.60591817849445,1.7131366872270348,1.7131366872270348,0.8196945247650318,Spring,0.9777838053890596,0.0,0.9777838053890596,0.0,Clear/Low,4.0,None,0.4997794020756599,weighted_fallback,global+hour+temp_cloud_hourgroup,208.80770346406368,0.0,208.76139252023768,none,170+,other,0.7,0.0,0.0,0.0,0.046310943825996216,0.0,,,ar_disabled_or_empty,0.0,,,origin_day_disabled_or_empty,208.76139252023768,-2.12,0.0,74.6779111342785,52.7911479502975,2.54035388051342,4.0,Medium-High,,,,,,,,,,,,,,,,,,,,,,,,,,,,,,,,,,,,,,,,,,,,,,,,,,,,,,,,,,,,,,,45,2026-04-08 23:00:00-07:00,2026-05-23 23:00:00-07:00,2026-06-01,1.7131366872270348,0.0,-1.7131366872270348,1,0,121.463241,99.629608,168.82085814285713,,,,,,,,,,,,,,,,,0.7353528818379687,0.23557347976230858,0.23557347976230858,0.23557347976230858,0.18926253593630804,5.309262535936313
2026-06-01 16:00:00-07:00,origin_18,2026-05-24 00:00:00-07:00,2026,5,209,9,Days8to16,Summer,6,16,225.060525,92.5,92.5,0.0,12.768784232660986,0.0,0.0,224.4058838194006,223.46612548828125,225.9503975112596,222.2472932553705,224.4058838194006,225.0766715091367,225.0766715091367,225.0766715091367,225.1361129535313,220.0161129535313,223.0161129535313,220.0161129535313,1,-3.0,june_recent_85_93_clear_afternoon_backoff,220.0161129535313,220.0161129535313,operational_residual_hot_peak_only_v1,0,hot_peak_only,220.0161129535313,0.0,220.0161129535313,0,hot_peak_low_forecast_gate_blocked,origin_available_shadow,5.044412046468722,5.044412046468722,0.0,0.0,220.0161129535313,0,hot_peak_low_forecast_gate_blocked,5.044412046468722,5.044412046468722,0.0,0.6546411805994126,1.5943995117187626,-0.8898725112595969,2.813231744629519,5.044412046468722,2.0444120464687217,5.044412046468722,5.044412046468722,5.044412046468722,0.0,0.6707876897361018,0.0,0.0,0.059441444394593645,-5.1200000000000045,-3.0,-4.389770865869309,Final_Backtest_Forecast_MWH,days8plus_final_low_confidence+long_horizon_peak_month_correction,raw_bias,none,none,recent_mean+last24_mean+same_hour+hourgroup+global+temp_hourgroup+cloud_hourgroup+solar_hourgroup+solar_loss_hourgroup+temp_cloud_hourgroup,3.0,9,217.94929611111112,231.14446999999998,63,213.56628803174604,240.531745,7.111228888888888,Peak,0,0,0,1,4.0,1.35,0.16,2.9,0.0,169.40907642161324,141.53980712695713,0.6546411805994126,0.6546411805994126,0.29087339087981445,Spring,0.0,0.0,0.0,0.0,Clear/Low,3.0,None,0.6707876897361013,weighted_fallback,global+hour+temp_cloud_hourgroup,225.1361129535313,0.0,225.0766715091367,none,170+,other,0.7,0.0,0.0,0.0,0.05944144439460485,0.0,,,ar_disabled_or_empty,0.0,,,origin_day_disabled_or_empty,225.0766715091367,-2.12,0.0,82.86607669244347,54.996807397787364,2.2413579842438924,4.0,Medium-High,,,,,,,,,,,,,,,,,,,,,,,,,,,,,,,,,,,,,,,,,,,,,,,,,,,,,,,,,,,,,,,45,2026-04-08 23:00:00-07:00,2026-05-23 23:00:00-07:00,2026-06-01,0.6546411805994126,0.0,-0.6546411805994126,1,0,127.706541,104.251466,183.7825307142857,,,,,,,,,,,,,,,,,0.6546411805994126,-0.016146509136689247,-0.016146509136689247,-0.016146509136689247,-0.07558795353128289,5.044412046468722
2026-06-01 17:00:00-07:00,origin_18,2026-05-24 00:00:00-07:00,2026,5,210,9,Days8to16,Summer,6,17,237.518291,92.4,92.5,0.0,6.348530385386856,0.0,0.0,237.086036793777,237.58261108398438,238.75786601157887,234.31699822574333,237.086036793777,237.9949008447863,237.9949008447863,237.9949008447863,238.0835894492487,232.9635894492487,235.9635894492487,232.9635894492487,1,-3.0,june_recent_85_93_clear_afternoon_backoff,232.9635894492487,232.9635894492487,operational_residual_hot_peak_only_v1,0,hot_peak_only,232.9635894492487,0.0,232.9635894492487,0,hot_peak_low_forecast_gate_blocked,origin_available_shadow,4.554701550751304,4.554701550751304,0.0,0.0,232.9635894492487,0,hot_peak_low_forecast_gate_blocked,4.554701550751304,4.554701550751304,0.0,0.43225420622300703,-0.06432008398437006,-1.2395750115788644,3.2012927742566717,4.554701550751304,1.5547015507513038,4.554701550751304,4.554701550751304,4.554701550751304,0.0,0.9088640510092887,0.0,0.0,0.08868860446241911,-5.1200000000000045,-3.0,-4.122447344528297,Final_Backtest_Forecast_MWH,days8plus_final_low_confidence+long_horizon_peak_month_correction,raw_bias,none,none,recent_mean+last24_mean+same_hour+hourgroup+global+temp_hourgroup+cloud_hourgroup+solar_hourgroup+solar_loss_hourgroup+temp_cloud_hourgroup,3.0,9,230.0675838888889,245.80907820000002,63,213.56628803174604,240.531745,7.4507071111111145,Peak,0,0,0,1,4.0,1.35,0.15,3.8,0.0,183.98324718305355,149.98852349276788,0.43225420622300703,0.43225420622300703,0.18198775530218303,Spring,0.0,0.0,0.0,0.0,Clear/Low,2.0,None,0.9088640510092857,weighted_fallback,global+hour+temp_cloud_hourgroup,238.0835894492487,0.0,237.9949008447863,none,170+,other,0.7,0.0,0.0,0.0,0.08868860446243229,0.0,,,ar_disabled_or_empty,0.0,,,origin_day_disabled_or_empty,237.9949008447863,-2.12,0.0,87.09751330100912,53.10278961072345,1.9176213888939204,4.0,Medium-Low,,,,,,,,,,,,,,,,,,,,,,,,,,,,,,,,,,,,,,,,,,,,,,,,,,,,,,,,,,,,,,,45,2026-04-08 23:00:00-07:00,2026-05-23 23:00:00-07:00,2026-06-01,0.43225420622300703,0.0,-0.43225420622300703,1,0,134.152408,107.817666,186.75810885714284,,,,,,,,,,,,,,,,,0.43225420622300703,-0.47660984478628166,-0.47660984478628166,-0.47660984478628166,-0.5652984492487008,4.554701550751304
2026-06-01 18:00:00-07:00,origin_18,2026-05-24 00:00:00-07:00,2026,5,211,9,Days8to16,Summer,6,18,241.827958,91.6,92.5,0.0,2.7252471458802625,0.0,0.0,241.20285893040727,240.7375030517578,242.04851295464084,240.0069328576543,241.20285893040727,242.17843792353847,242.17843792353847,242.17843792353847,242.2893374841873,240.1693374841873,240.1693374841873,240.1693374841873,0,0.0,none,240.1693374841873,240.1693374841873,operational_residual_hot_peak_only_v1,0,hot_peak_only,240.1693374841873,0.0,240.1693374841873,0,hot_peak_low_forecast_gate_blocked,origin_available_shadow,1.6586205158126859,1.6586205158126859,0.0,0.0,240.1693374841873,0,hot_peak_low_forecast_gate_blocked,1.6586205158126859,1.6586205158126859,0.0,0.6250990695927214,1.0904549482421828,-0.2205549546408463,1.8210251423456896,1.6586205158126859,1.6586205158126859,1.6586205158126859,1.6586205158126859,1.6586205158126859,0.0,0.9755789931311938,0.0,0.0,0.11089956064884632,-2.1200000000000045,0.0,-1.0335214462199644,Final_Backtest_Forecast_MWH,days8plus_final_low_confidence+long_horizon_peak_month_correction,raw_bias,none,none,recent_mean+last24_mean+same_hour+hourgroup+global+temp_hourgroup+cloud_hourgroup+solar_hourgroup+solar_loss_hourgroup+temp_cloud_hourgroup,3.0,9,232.13308311111112,250.67742320000002,63,213.56628803174604,240.531745,9.694874888888876,Peak,0,0,0,1,4.0,1.35,0.15,4.3,0.0,188.76675595956,155.21718456051073,0.6250990695927214,0.6250990695927214,0.2584891650917887,Spring,0.0,0.0,0.0,0.0,Clear/Low,1.0,None,0.9755789931311887,weighted_fallback,global+hour+temp_cloud_hourgroup,242.2893374841873,0.0,242.17843792353847,none,170+,other,0.7,0.0,0.0,0.0,0.11089956064885052,0.0,,,ar_disabled_or_empty,0.0,,,origin_day_disabled_or_empty,242.17843792353847,-2.12,0.0,85.98567436989654,52.43610297084729,0.68586797388112,4.0,Medium-Low,,,,,,,,,,,,,,,,,,,,,,,,,,,,,,,,,,,,,,,,,,,,,,,,,,,,,,,,,,,,,,,45,2026-04-08 23:00:00-07:00,2026-05-23 23:00:00-07:00,2026-06-01,0.6250990695927214,0.0,-0.6250990695927214,1,0,140.571816,109.887608,204.167071,,,,,,,,,,,,,,,,,0.6250990695927214,-0.35047992353847235,-0.35047992353847235,-0.35047992353847235,-0.46137948418731867,1.6586205158126859
2026-06-01 19:00:00-07:00,origin_18,2026-05-24 00:00:00-07:00,2026,5,212,9,Days8to16,Summer,6,19,236.465941,90.0,92.5,0.0,0.6011609401787532,0.0,0.0,235.73590224972423,237.60470581054688,236.47028646428612,234.0479260380348,235.73590224972423,236.85651217235645,236.85651217235645,236.85651217235645,237.00504697538094,237.00504697538094,237.00504697538094,237.00504697538094,0,0.0,none,237.00504697538094,237.00504697538094,operational_residual_hot_peak_only_v1,0,hot_peak_only,237.00504697538094,0.0,237.00504697538094,0,hot_peak_low_forecast_gate_blocked,origin_available_shadow,-0.5391059753809486,0.5391059753809486,0.0,0.0,237.00504697538094,0,hot_peak_low_forecast_gate_blocked,-0.5391059753809486,0.5391059753809486,0.0,0.730038750275753,-1.1387648105468884,-0.004345464286132028,2.4180149619651843,-0.5391059753809486,-0.5391059753809486,-0.5391059753809486,-0.5391059753809486,0.5391059753809486,0.0,1.1206099226322124,0.0,0.0,0.1485348030244893,0.0,0.0,1.2691447256567017,Final_Backtest_Forecast_MWH,days8plus_final_low_confidence,raw_bias,none,none,recent_mean+last24_mean+same_hour+hourgroup+global+temp_hourgroup+cloud_hourgroup+solar_hourgroup+solar_loss_hourgroup+temp_cloud_hourgroup,3.0,9,224.49218300000004,245.3007078,63,213.56628803174604,240.531745,11.973757999999947,Peak,0,0,0,1,4.0,0.0,0.17,3.6,0.0,186.98944609069702,154.70104470557422,0.730038750275753,0.730038750275753,0.30872892188552137,Spring,0.0,0.0,0.0,0.0,Clear/Low,0.0,None,1.1206099226322135,weighted_fallback,global+hour+temp_cloud_hourgroup,237.00504697538094,0.0,236.85651217235645,none,170+,other,1.0,0.0,0.0,0.0,0.14853480302448702,0.0,,,ar_disabled_or_empty,0.0,,,origin_day_disabled_or_empty,236.85651217235645,0.0,0.0,81.03485754415001,48.74645615902722,0.22798461930758504,4.0,Low,,,,,,,,,,,,,,,,,,,,,,,,,,,,,,,,,,,,,,,,,,,,,,,,,,,,,,,,,,,,,,,45,2026-04-08 23:00:00-07:00,2026-05-23 23:00:00-07:00,2026-06-01,0.730038750275753,0.0,-0.730038750275753,1,0,148.99605,111.072416,179.90895799999998,,,,,,,,,,,,,,,,,0.730038750275753,-0.39057117235645933,-0.39057117235645933,-0.39057117235645933,-0.5391059753809486,-0.5391059753809486
2026-06-01 20:00:00-07:00,origin_18,2026-05-24 00:00:00-07:00,2026,5,213,9,Days8to16,Summer,6,20,223.068783,86.0,92.5,0.0,0.1006188661789611,0.0,0.0,226.26553998890657,227.07611083984375,227.84606837307967,223.55026085636678,226.26553998890657,227.68095064203885,227.68095064203885,227.68095064203885,227.8561681951472,227.8561681951472,227.8561681951472,227.8561681951472,0,0.0,none,227.8561681951472,227.8561681951472,operational_residual_hot_peak_only_v1,0,hot_peak_only,227.8561681951472,0.0,227.8561681951472,0,hot_peak_low_forecast_gate_blocked,origin_available_shadow,-4.787385195147209,4.787385195147209,0.0,0.0,227.8561681951472,0,hot_peak_low_forecast_gate_blocked,-4.787385195147209,4.787385195147209,0.0,-3.1967569889065715,-4.007327839843754,-4.777285373079678,-0.4814778563667801,-4.787385195147209,-4.787385195147209,-4.787385195147209,-4.787385195147209,4.787385195147209,0.0,1.4154106531322839,0.0,0.0,0.17521755310835374,0.0,0.0,1.5906282062406376,Final_Backtest_Forecast_MWH,days8plus_final_low_confidence,raw_bias,none,none,recent_mean+last24_mean+same_hour+hourgroup+global+temp_hourgroup+cloud_hourgroup+solar_hourgroup+solar_loss_hourgroup+temp_cloud_hourgroup,3.0,9,210.05268566666666,230.571863,63,213.56628803174604,240.531745,13.016097333333335,Peak,0,0,0,1,4.0,0.0,0.25,3.0,0.0,182.39628932492155,152.50062825012233,-3.1967569889065715,3.1967569889065715,1.4330812881632888,Spring,0.0,0.0,0.0,0.0,Clear/Low,0.0,None,1.4154106531322972,weighted_fallback,global+hour+temp_cloud_hourgroup,227.8561681951472,0.0,227.68095064203885,none,170+,other,1.0,0.0,0.0,0.0,0.17521755310836565,0.0,,,ar_disabled_or_empty,0.0,,,origin_day_disabled_or_empty,227.68095064203885,0.0,0.0,73.76491173878424,43.869250663985014,2.1461475383344917,4.0,Low,,,,,,,,,,,,,,,,,,,,,,,,,,,,,,,,,,,,,,,,,,,,,,,,,,,,,,,,,,,,,,,45,2026-04-08 23:00:00-07:00,2026-05-23 23:00:00-07:00,2026-06-01,0.0,3.1967569889065715,3.1967569889065715,0,1,160.416141,115.767125,186.75915085714286,,,,,,,,,,,,,,,,,-3.1967569889065715,-4.612167642038855,-4.612167642038855,-4.612167642038855,-4.787385195147209,-4.787385195147209
2026-06-02 14:00:00-07:00,origin_18,2026-05-24 00:00:00-07:00,2026,5,231,10,Days8to16,Summer,6,14,204.34855,90.6,93.4,0.85,20.7862336302121,0.0,0.0,202.64836479229274,201.6759033203125,203.06801609208836,202.26675888460815,204.32552675616523,204.91383704939562,205.02927341266357,205.02927341266357,205.04638957716855,205.92638957716855,202.92638957716855,205.92638957716855,1,3.0,june_long_90_95_cloudy_peak_extra_up,205.92638957716855,205.92638957716855,operational_residual_hot_peak_only_v1,0,hot_peak_only,205.92638957716855,0.0,205.92638957716855,0,global_shadow_only,origin_available_shadow,-1.577839577168561,1.577839577168561,0.0,-0.005546560247712163,205.92084301692083,1,global,-1.5722930169208382,1.5722930169208382,-0.005546560247722709,1.70018520770725,2.672646679687489,1.2805339079116322,2.0817911153918374,-1.577839577168561,1.422160422831439,-1.577839577168561,-1.577839577168561,1.577839577168561,1.6771619638724928,0.5883102932303927,0.11543636326794626,0.0,0.017116164504983544,0.8799999999999955,3.0,3.278024784875811,Final_Backtest_Forecast_MWH,days8plus_final_low_confidence+long_horizon_peak_month_correction,raw_bias+solar_cloud_midday,event_class_hour_loss+weekday_hour_cloud_loss+event_class_hour_temp+hour_cloud_loss+hour_base_loss+hour_temp_loss+hour_loss+hour_cloud,none,recent_mean+last24_mean+same_hour+hourgroup+global+temp_hourgroup+solar_hourgroup+solar_loss_hourgroup,3.0,10,179.72373889999997,191.9870738,70,213.90568264285713,239.40674,24.624811100000016,Midday,1,0,0,0,4.0,1.1386919066973413,0.25,3.0,0.0,189.2559064525526,135.00337051592132,1.70018520770725,1.70018520770725,0.832002579762494,Spring,1.0646189220163018,0.6125430418561832,1.677161963872485,4.0,Overcast,5.0,None,0.588310293230403,weighted_fallback,global+hour+temp_cloud_hourgroup,205.04638957716855,0.0,204.91383704939562,none,170+,solar_loss_general,0.7,0.1154363632679453,0.164909090382779,0.0,0.0171161645049898,0.0,,,ar_disabled_or_empty,0.0,,,origin_day_disabled_or_empty,205.02927341266357,-2.12,0.0,67.64499427637142,13.39245833974013,0.7721315258505925,4.0,High,,,,,,,,,,,,,,,,,,,,,,,,,,,,,,,,,,,,,,,,,,,,,,,,,,,,,,,,,,,,,,,45,2026-04-08 23:00:00-07:00,2026-05-23 23:00:00-07:00,2026-06-02,1.70018520770725,0.0,-1.70018520770725,1,0,115.58095,96.422883,174.32468542857143,,,,,,,,,,,,,,,,,0.023023243834757068,-0.5652870493956357,-0.6807234126635819,-0.6807234126635819,-0.6978395771685655,-1.577839577168561
2026-06-02 15:00:00-07:00,origin_18,2026-05-24 00:00:00-07:00,2026,5,232,10,Days8to16,Summer,6,15,221.277091,92.6,93.4,0.97,16.901295909342686,0.0,0.0,220.20899337872078,221.58448791503906,220.92029179159346,218.69824029097268,222.66822653035447,223.16111557722337,223.33641516324806,223.33641516324806,223.3794149924627,224.2594149924627,221.2594149924627,224.2594149924627,1,3.0,june_long_90_95_cloudy_peak_extra_up,224.2594149924627,224.2594149924627,operational_residual_hot_peak_only_v1,0,hot_peak_only,224.2594149924627,0.0,224.2594149924627,0,global_shadow_only,origin_available_shadow,-2.982323992462682,2.982323992462682,0.0,0.7484402961460866,225.0078552886088,1,global,-3.730764288608782,3.730764288608782,0.7484402961461001,1.068097621279236,-0.30739691503904965,0.35679920840655655,2.5788507090273356,-2.982323992462682,0.017676007537318128,-2.982323992462682,-2.982323992462682,2.982323992462682,2.459233151633697,0.49288904686889623,0.17529958602469264,0.0,0.04299982921463652,0.8799999999999955,3.0,4.050421613741918,Final_Backtest_Forecast_MWH,days8plus_final_low_confidence+long_horizon_peak_month_correction,raw_bias+solar_cloud_midday,event_class_hour_loss+weekday_hour_cloud_loss+event_class_hour_temp+hour_cloud_loss+hour_base_loss+hour_temp_loss+hour_loss+hour_cloud,none,recent_mean+last24_mean+same_hour+hourgroup+global+temp_hourgroup+solar_hourgroup+solar_loss_hourgroup,3.0,10,200.233677,207.070216,70,213.90568264285713,239.40674,21.043414000000013,Midday,1,0,0,0,4.0,1.3332272323606775,0.21,2.6,0.0,207.28382931277295,143.3511999937762,1.068097621279236,1.068097621279236,0.4826968831035635,Spring,1.1345579807209094,1.3246751709127975,2.4592331516337067,4.0,Overcast,4.0,None,0.492889046868898,weighted_fallback,global+hour+temp_cloud_hourgroup,223.3794149924627,0.0,223.16111557722337,none,170+,weekday_late_midday_solar_loss,0.5319999999999999,0.17529958602469825,0.32951050004642535,0.0,0.042999829214643355,0.0,,,ar_disabled_or_empty,0.0,,,origin_day_disabled_or_empty,223.33641516324806,-2.12,0.0,76.85779338494459,12.925164065947826,1.3477780184947756,4.0,Medium-High,,,,,,,,,,,,,,,,,,,,,,,,,,,,,,,,,,,,,,,,,,,,,,,,,,,,,,,,,,,,,,,45,2026-04-08 23:00:00-07:00,2026-05-23 23:00:00-07:00,2026-06-02,1.068097621279236,0.0,-1.068097621279236,1,0,121.906483,100.195808,179.10108899999997,,,,,,,,,,,,,,,,,-1.391135530354461,-1.8840245772233573,-2.05932416324805,-2.05932416324805,-2.1023239924626864,-2.982323992462682
2026-06-02 16:00:00-07:00,origin_18,2026-05-24 00:00:00-07:00,2026,5,233,10,Days8to16,Summer,6,16,239.70915,93.4,93.4,0.99,10.806538723351252,0.0,0.0,237.95807664419337,238.53707885742188,238.96015386202052,236.21795466954254,237.95807664419337,238.38316891826818,238.75104980686692,238.75104980686692,238.78952265672936,239.66952265672936,236.66952265672936,239.66952265672936,1,3.0,june_long_90_95_cloudy_peak_extra_up,239.66952265672936,239.66952265672936,operational_residual_hot_peak_only_v1,0,hot_peak_only,239.66952265672936,0.0,239.66952265672936,0,hot_peak_low_forecast_gate_blocked,origin_available_shadow,0.039627343270637994,0.039627343270637994,0.0,0.0,239.66952265672936,0,hot_peak_low_forecast_gate_blocked,0.039627343270637994,0.039627343270637994,0.0,1.751073355806625,1.172071142578119,0.748996137979475,3.491195330457458,0.039627343270637994,3.039627343270638,0.039627343270637994,0.039627343270637994,0.039627343270637994,0.0,0.42509227407481376,0.3678808885987337,0.0,0.038472849862444036,0.8799999999999955,3.0,1.711446012535987,Final_Backtest_Forecast_MWH,days8plus_final_low_confidence+long_horizon_peak_month_correction,raw_bias+solar_cloud_midday,event_class_hour_loss+weekday_hour_cloud_loss+event_class_hour_temp+hour_cloud_loss+hour_base_loss+hour_temp_loss+hour_loss+hour_cloud,none,recent_mean+last24_mean+same_hour+hourgroup+global+temp_hourgroup+solar_hourgroup+solar_loss_hourgroup,3.0,10,217.8996831,228.46922249999997,70,213.90568264285713,239.40674,21.80946689999999,Peak,1,0,0,1,4.0,1.35,0.2,2.4,0.0,224.4058838194006,153.57794638497808,1.751073355806625,1.751073355806625,0.7304991719367513,Spring,0.0,0.0,0.0,4.0,Overcast,3.0,None,0.42509227407481726,weighted_fallback,global+hour+temp_cloud_hourgroup,238.78952265672936,0.0,238.38316891826818,none,170+,warm_cloud_peak_transition,0.644,0.3678808885987458,0.5712436158365618,0.0,0.03847284986243553,0.0,,,ar_disabled_or_empty,0.0,,,origin_day_disabled_or_empty,238.75104980686692,-2.12,0.0,84.38013025921529,13.552192824792769,0.016531427052591856,4.0,Medium-High,,,,,,,,,,,,,,,,,,,,,,,,,,,,,,,,,,,,,,,,,,,,,,,,,,,,,,,,,,,,,,,45,2026-04-08 23:00:00-07:00,2026-05-23 23:00:00-07:00,2026-06-02,1.751073355806625,0.0,-1.751073355806625,1,0,128.748283,104.818333,194.63968671428572,,,,,,,,,,,,,,,,,1.751073355806625,1.3259810817318112,0.9581001931330775,0.9581001931330775,0.9196273432706334,0.039627343270637994
2026-06-02 17:00:00-07:00,origin_18,2026-05-24 00:00:00-07:00,2026,5,234,10,Days8to16,Summer,6,17,251.334891,93.3,93.4,0.94,6.348757352276078,0.0,0.0,249.08211959907084,247.7985076904297,248.3092331856862,250.6634016511441,249.08211959907084,249.78433857568422,249.78433857568422,249.78433857568422,249.85501284420718,250.73501284420718,247.73501284420718,250.73501284420718,1,3.0,june_long_90_95_cloudy_peak_extra_up,250.73501284420718,250.73501284420718,operational_residual_hot_peak_only_v1,0,hot_peak_only,250.73501284420718,0.0,250.73501284420718,0,hot_peak_low_forecast_gate_blocked,origin_available_shadow,0.5998781557928226,0.5998781557928226,0.0,0.0,250.73501284420718,0,hot_peak_low_forecast_gate_blocked,0.5998781557928226,0.5998781557928226,0.0,2.252771400929163,3.5363833095703114,3.025657814313803,0.6714893488558857,0.5998781557928226,3.5998781557928226,0.5998781557928226,0.5998781557928226,0.5998781557928226,0.0,0.7022189766133806,0.0,0.0,0.07067426852296421,0.8799999999999955,3.0,1.6528932451363403,Final_Backtest_Forecast_MWH,days8plus_final_low_confidence+long_horizon_peak_month_correction,raw_bias,none,none,recent_mean+last24_mean+same_hour+hourgroup+global+temp_hourgroup+solar_hourgroup+solar_loss_hourgroup,3.0,10,230.24716130000002,243.33112659999998,70,213.90568264285713,239.40674,21.087729699999983,Peak,1,0,0,1,4.0,1.35,0.19,2.9,0.0,237.086036793777,162.90547725984726,2.252771400929163,2.252771400929163,0.8963225885454809,Spring,0.0,0.0,0.0,4.0,Overcast,2.0,None,0.7022189766133896,weighted_fallback,global+hour+temp_cloud_hourgroup,249.85501284420718,0.0,249.78433857568422,none,170+,warm_cloud_peak_transition,0.644,0.0,0.0,0.0,0.0706742685229728,0.0,,,ar_disabled_or_empty,0.0,,,origin_day_disabled_or_empty,249.78433857568422,-2.12,0.0,86.17664233922358,11.996082805293838,0.23867683209683074,4.0,Medium-Low,,,,,,,,,,,,,,,,,,,,,,,,,,,,,,,,,,,,,,,,,,,,,,,,,,,,,,,,,,,,,,,45,2026-04-08 23:00:00-07:00,2026-05-23 23:00:00-07:00,2026-06-02,2.252771400929163,0.0,-2.252771400929163,1,0,136.156775,108.547,208.47398028571428,,,,,,,,,,,,,,,,,2.252771400929163,1.5505524243157822,1.5505524243157822,1.5505524243157822,1.479878155792818,0.5998781557928226
2026-06-02 18:00:00-07:00,origin_18,2026-05-24 00:00:00-07:00,2026,5,235,10,Days8to16,Summer,6,18,251.198791,92.6,93.4,1.0,2.158047316061634,0.0,0.0,249.32597558216213,248.26080322265625,249.73316841421553,248.99043609165128,249.32597558216213,250.10585238175895,250.10585238175895,250.10585238175895,250.2055663537302,251.0855663537302,248.0855663537302,251.0855663537302,1,3.0,june_long_90_95_cloudy_peak_extra_up,251.0855663537302,251.0855663537302,operational_residual_hot_peak_only_v1,0,hot_peak_only,251.0855663537302,0.0,251.0855663537302,0,hot_peak_low_forecast_gate_blocked,origin_available_shadow,0.11322464626979922,0.11322464626979922,0.0,0.0,251.0855663537302,0,hot_peak_low_forecast_gate_blocked,0.11322464626979922,0.11322464626979922,0.0,1.8728154178378702,2.93798777734375,1.4656225857844731,2.208354908348724,0.11322464626979922,3.1132246462697992,0.11322464626979922,0.11322464626979922,0.11322464626979922,0.0,0.7798767995968205,0.0,0.0,0.09971397197125498,0.8799999999999955,3.0,1.759590771568071,Final_Backtest_Forecast_MWH,days8plus_final_low_confidence+long_horizon_peak_month_correction,raw_bias,none,none,recent_mean+last24_mean+same_hour+hourgroup+global+temp_hourgroup+solar_hourgroup+solar_loss_hourgroup,3.0,10,232.6802873,248.66103660000002,70,213.90568264285713,239.40674,18.518503699999997,Peak,1,0,0,1,4.0,1.35,0.2,4.4,0.0,241.20285893040727,168.2695334922179,1.8728154178378702,1.8728154178378702,0.7455511272097923,Spring,0.0,0.0,0.0,4.0,Overcast,1.0,None,0.7798767995968306,weighted_fallback,global+hour+temp_cloud_hourgroup,250.2055663537302,0.0,250.10585238175895,none,170+,warm_cloud_peak_transition,0.644,0.0,0.0,0.0,0.09971397197125072,0.0,,,ar_disabled_or_empty,0.0,,,origin_day_disabled_or_empty,250.10585238175895,-2.12,0.0,81.05644208994423,8.123116651754856,0.045073722615886005,4.0,Low,,,,,,,,,,,,,,,,,,,,,,,,,,,,,,,,,,,,,,,,,,,,,,,,,,,,,,,,,,,,,,,45,2026-04-08 23:00:00-07:00,2026-05-23 23:00:00-07:00,2026-06-02,1.8728154178378702,0.0,-1.8728154178378702,1,0,143.195116,113.789708,226.42095914285716,,,,,,,,,,,,,,,,,1.8728154178378702,1.0929386182410497,1.0929386182410497,1.0929386182410497,0.9932246462697947,0.11322464626979922
2026-06-02 19:00:00-07:00,origin_18,2026-05-24 00:00:00-07:00,2026,5,236,10,Days8to16,Summer,6,19,237.969425,90.2,93.4,0.97,0.3863582155123595,0.0,0.0,244.0711687420844,243.28179931640625,246.13677522211077,241.05074982366534,244.0711687420844,245.01986508782932,245.01986508782932,245.01986508782932,245.15643062547616,245.15643062547616,245.15643062547616,245.15643062547616,0,0.0,none,245.15643062547616,245.15643062547616,operational_residual_hot_peak_only_v1,0,hot_peak_only,245.15643062547616,0.0,245.15643062547616,0,hot_peak_low_forecast_gate_blocked,origin_available_shadow,-7.187005625476161,7.187005625476161,0.0,0.0,245.15643062547616,0,hot_peak_low_forecast_gate_blocked,-7.187005625476161,7.187005625476161,0.0,-6.101743742084409,-5.312374316406249,-8.16735022211077,-3.0813248236653408,-7.187005625476161,-7.187005625476161,-7.187005625476161,-7.187005625476161,7.187005625476161,0.0,0.9486963457449065,0.0,0.0,0.13656553764684531,0.0,0.0,1.0852618833917518,Final_Backtest_Forecast_MWH,days8plus_final_low_confidence,raw_bias,none,none,recent_mean+last24_mean+same_hour+hourgroup+global+temp_hourgroup+solar_hourgroup+solar_loss_hourgroup,3.0,10,225.3923922,244.1583244,70,213.90568264285713,239.40674,12.577032800000012,Peak,1,0,0,1,4.0,0.0,0.23,7.5,0.0,235.73590224972423,167.15383882411075,-6.101743742084409,6.101743742084409,2.5640872738522646,Spring,0.0,0.0,0.0,4.0,Overcast,0.0,None,0.9486963457449015,weighted_fallback,global+hour+temp_cloud_hourgroup,245.15643062547616,0.0,245.01986508782932,none,170+,warm_cloud_peak_transition,0.92,0.0,0.0,0.0,0.13656553764685128,0.0,,,ar_disabled_or_empty,0.0,,,origin_day_disabled_or_empty,245.01986508782932,0.0,0.0,76.91732991797366,8.335266492360176,3.0201382490528608,4.0,Low,,,,,,,,,,,,,,,,,,,,,,,,,,,,,,,,,,,,,,,,,,,,,,,,,,,,,,,,,,,,,,,45,2026-04-08 23:00:00-07:00,2026-05-23 23:00:00-07:00,2026-06-02,0.0,6.101743742084409,6.101743742084409,0,1,154.249975,118.516458,212.09641014285714,,,,,,,,,,,,,,,,,-6.101743742084409,-7.050440087829315,-7.050440087829315,-7.050440087829315,-7.187005625476161,-7.187005625476161
2026-06-02 20:00:00-07:00,origin_18,2026-05-24 00:00:00-07:00,2026,5,237,10,Days8to16,Summer,6,20,225.91785,84.5,93.4,1.0,0.1080318085349435,0.0,0.0,229.0854368887008,228.7384490966797,230.6972803444177,226.65167939886595,229.0854368887008,230.37728848897223,230.37728848897223,230.37728848897223,230.54323200398414,230.54323200398414,230.54323200398414,230.54323200398414,0,0.0,none,230.54323200398414,230.54323200398414,operational_residual_hot_peak_only_v1,0,hot_peak_only,230.54323200398414,0.0,230.54323200398414,0,hot_peak_low_forecast_gate_blocked,origin_available_shadow,-4.625382003984157,4.625382003984157,0.0,0.0,230.54323200398414,0,hot_peak_low_forecast_gate_blocked,-4.625382003984157,4.625382003984157,0.0,-3.1675868887008107,-2.8205990966797003,-4.779430344417705,-0.7338293988659643,-4.625382003984157,-4.625382003984157,-4.625382003984157,-4.625382003984157,4.625382003984157,0.0,1.2918516002714284,0.0,0.0,0.16594351501191795,0.0,0.0,1.4577951152833464,Final_Backtest_Forecast_MWH,days8plus_final_low_confidence,raw_bias,none,none,recent_mean+last24_mean+same_hour+hourgroup+global+temp_hourgroup+solar_hourgroup+solar_loss_hourgroup,3.0,10,211.1628387,230.4176605,70,213.90568264285713,239.40674,14.755011299999978,Peak,1,0,0,1,4.0,0.0,0.31,9.6,0.0,226.26553998890657,163.9622199658826,-3.1675868887008107,3.1675868887008107,1.4020967748678606,Spring,0.0,0.0,0.0,4.0,Overcast,0.0,None,1.291851600271435,weighted_fallback,global+hour+temp_cloud_hourgroup,230.54323200398414,0.0,230.37728848897223,none,170+,warm_cloud_peak_transition,0.92,0.0,0.0,0.0,0.16594351501192972,0.0,,,ar_disabled_or_empty,0.0,,,origin_day_disabled_or_empty,230.37728848897223,0.0,0.0,65.12321692281819,2.81989689979423,2.0473734164804407,4.0,Low,,,,,,,,,,,,,,,,,,,,,,,,,,,,,,,,,,,,,,,,,,,,,,,,,,,,,,,,,,,,,,,45,2026-04-08 23:00:00-07:00,2026-05-23 23:00:00-07:00,2026-06-02,0.0,3.1675868887008107,3.1675868887008107,0,1,166.870333,125.663666,202.37653885714286,,,,,,,,,,,,,,,,,-3.1675868887008107,-4.459438488972239,-4.459438488972239,-4.459438488972239,-4.625382003984157,-4.625382003984157
2026-06-03 14:00:00-07:00,origin_18,2026-05-24 00:00:00-07:00,2026,5,255,11,Days8to16,Summer,6,14,192.374825,89.2,93.3,0.0,21.761858010514217,0.0,0.0,194.3133386702864,193.17494201660156,194.4380060143601,194.442689030652,195.22118341697086,195.8145441933725,195.8145441933725,195.8145441933725,195.83734612062736,193.71734612062735,193.71734612062735,193.71734612062735,0,0.0,none,193.71734612062735,193.71734612062735,operational_residual_hot_peak_only_v1,0,hot_peak_only,193.71734612062735,0.0,193.71734612062735,0,global_shadow_only,origin_available_shadow,-1.3425211206273673,1.3425211206273673,0.0,-0.7705597353788718,192.9467863852485,1,global,-0.5719613852484997,0.5719613852484997,-0.7705597353788676,-1.9385136702864258,-0.8001170166015754,-2.0631810143601115,-2.0678640306520037,-1.3425211206273673,-1.3425211206273673,-1.3425211206273673,-1.3425211206273673,1.3425211206273673,0.9078447466844466,0.5933607764016529,0.0,0.0,0.022801927254846532,-2.1200000000000045,0.0,-0.5959925496590586,Final_Backtest_Forecast_MWH,days8plus_final_low_confidence+long_horizon_peak_month_correction,raw_bias,none,none,recent_mean+last24_mean+same_hour+hourgroup+global+temp_hourgroup+cloud_hourgroup+solar_hourgroup+solar_loss_hourgroup+temp_cloud_hourgroup,3.0,10,179.72373889999997,191.9870738,70,213.90568264285713,239.40674,12.651086100000015,Midday,2,0,0,0,4.0,1.1539117923944557,0.25,3.0,0.0,202.64836479229274,146.44558335615972,-1.9385136702864258,1.9385136702864258,1.0076753391647926,Spring,0.9078447466844521,0.0,0.9078447466844521,0.0,Clear/Low,5.0,None,0.5933607764016465,weighted_fallback,global+hour+temp_cloud_hourgroup,195.83734612062736,0.0,195.8145441933725,none,170+,other,0.7,0.0,0.0,0.0,0.022801927254842987,0.0,,,ar_disabled_or_empty,0.0,,,origin_day_disabled_or_empty,195.8145441933725,-2.12,0.0,47.8677553141267,-8.335026122006326,0.6978673642080596,4.0,High,,,,,,,,,,,,,,,,,,,,,,,,,,,,,,,,,,,,,,,,,,,,,,,,,,,,,,,,,,,,,,,45,2026-04-08 23:00:00-07:00,2026-05-23 23:00:00-07:00,2026-06-03,0.0,1.9385136702864258,1.9385136702864258,0,1,113.497358,113.168525,196.59495714285714,,,,,,,,,,,,,,,,,-2.8463584169708724,-3.4397191933725253,-3.4397191933725253,-3.4397191933725253,-3.462521120627372,-1.3425211206273673
2026-06-03 15:00:00-07:00,origin_18,2026-05-24 00:00:00-07:00,2026,5,256,11,Days8to16,Summer,6,15,216.148291,91.7,93.3,0.0,17.450449805038325,0.0,0.0,214.02642924035845,214.47821044921875,213.6600194073299,214.4731357754432,215.00421304574752,215.50399244782318,215.50399244782318,215.50399244782318,215.55030339164918,213.43030339164918,213.43030339164918,213.43030339164918,0,0.0,none,213.43030339164918,213.43030339164918,operational_residual_hot_peak_only_v1,0,hot_peak_only,213.43030339164918,0.0,213.43030339164918,0,global_shadow_only,origin_available_shadow,2.7179876083508248,2.7179876083508248,0.0,-1.109091669872145,212.32121172177702,1,global,3.827079278222982,3.827079278222982,1.1090916698721571,2.121861759641547,1.6700805507812504,2.4882715926700882,1.6751552245567893,2.7179876083508248,2.7179876083508248,2.7179876083508248,2.7179876083508248,2.7179876083508248,0.9777838053890662,0.4997794020756601,0.0,0.0,0.04631094382600054,-2.1200000000000045,0.0,-0.5961258487092778,Final_Backtest_Forecast_MWH,days8plus_final_low_confidence+long_horizon_peak_month_correction,raw_bias,none,none,recent_mean+last24_mean+same_hour+hourgroup+global+temp_hourgroup+cloud_hourgroup+solar_hourgroup+solar_loss_hourgroup+temp_cloud_hourgroup,3.0,10,200.233677,207.070216,70,213.90568264285713,239.40674,15.914614,Midday,2,0,0,0,4.0,1.334813023802108,0.24,2.3,0.0,220.20899337872078,156.6124614124607,2.121861759641547,2.121861759641547,0.981669459344255,Spring,0.9777838053890596,0.0,0.9777838053890596,0.0,Clear/Low,4.0,None,0.4997794020756599,weighted_fallback,global+hour+temp_cloud_hourgroup,215.55030339164918,0.0,215.50399244782318,none,170+,other,0.7,0.0,0.0,0.0,0.046310943825996216,0.0,,,ar_disabled_or_empty,0.0,,,origin_day_disabled_or_empty,215.50399244782318,-2.12,0.0,57.41396782789775,-6.1825641383623235,1.2574643064611715,4.0,Medium-High,,,,,,,,,,,,,,,,,,,,,,,,,,,,,,,,,,,,,,,,,,,,,,,,,,,,,,,,,,,,,,,45,2026-04-08 23:00:00-07:00,2026-05-23 23:00:00-07:00,2026-06-03,2.121861759641547,0.0,-2.121861759641547,1,0,120.454241,121.463241,215.28149457142857,,,,,,,,,,,,,,,,,1.1440779542524808,0.6442985521768207,0.6442985521768207,0.6442985521768207,0.5979876083508202,2.7179876083508248
2026-06-03 16:00:00-07:00,origin_18,2026-05-24 00:00:00-07:00,2026,5,257,11,Days8to16,Summer,6,16,239.162783,93.3,93.3,0.0,11.948781590263016,0.0,0.0,234.5294949188969,234.01699829101562,234.48806214220164,234.7410311759554,234.5294949188969,235.200282608633,235.200282608633,235.200282608633,235.25972405302758,233.13972405302758,233.13972405302758,233.13972405302758,0,0.0,none,233.13972405302758,233.13972405302758,operational_residual_hot_peak_only_v1,0,hot_peak_only,233.13972405302758,0.0,233.13972405302758,0,hot_peak_low_forecast_gate_blocked,origin_available_shadow,6.023058946972412,6.023058946972412,0.0,0.0,233.13972405302758,0,hot_peak_low_forecast_gate_blocked,6.023058946972412,6.023058946972412,0.0,4.633288081103103,5.145784708984365,4.674720857798349,4.421751824044577,6.023058946972412,6.023058946972412,6.023058946972412,6.023058946972412,6.023058946972412,0.0,0.6707876897361018,0.0,0.0,0.059441444394593645,-2.1200000000000045,0.0,-1.389770865869309,Final_Backtest_Forecast_MWH,days8plus_final_low_confidence+long_horizon_peak_month_correction,raw_bias,none,none,recent_mean+last24_mean+same_hour+hourgroup+global+temp_hourgroup+cloud_hourgroup+solar_hourgroup+solar_loss_hourgroup+temp_cloud_hourgroup,3.0,10,217.8996831,228.46922249999997,70,213.90568264285713,239.40674,21.263099899999986,Peak,2,0,0,1,4.0,1.35,0.22,1.5,0.0,237.95807664419337,168.34003501009832,4.633288081103103,4.633288081103103,1.9372947675989804,Spring,0.0,0.0,0.0,0.0,Clear/Low,3.0,None,0.6707876897361013,weighted_fallback,global+hour+temp_cloud_hourgroup,235.25972405302758,0.0,235.200282608633,none,170+,other,0.7,0.0,0.0,0.0,0.05944144439460485,0.0,,,ar_disabled_or_empty,0.0,,,origin_day_disabled_or_empty,235.200282608633,-2.12,0.0,66.18945990879857,-3.428581725296482,2.518393067441606,4.0,Medium-High,,,,,,,,,,,,,,,,,,,,,,,,,,,,,,,,,,,,,,,,,,,,,,,,,,,,,,,,,,,,,,,45,2026-04-08 23:00:00-07:00,2026-05-23 23:00:00-07:00,2026-06-03,4.633288081103103,0.0,-4.633288081103103,1,0,124.9937,127.706541,224.81727971428572,,,,,,,,,,,,,,,,,4.633288081103103,3.9625003913670014,3.9625003913670014,3.9625003913670014,3.9030589469724077,6.023058946972412
2026-06-03 17:00:00-07:00,origin_18,2026-05-24 00:00:00-07:00,2026,5,258,11,Days8to16,Summer,6,17,253.292233,93.3,93.3,0.0,6.303907497804443,0.0,0.0,247.93825454195564,247.6088104248047,247.47449053543554,248.761153442816,247.93825454195564,248.84711859296493,248.84711859296493,248.84711859296493,248.93580719742735,246.81580719742735,246.81580719742735,246.81580719742735,0,0.0,none,246.81580719742735,246.81580719742735,operational_residual_hot_peak_only_v1,0,hot_peak_only,246.81580719742735,0.0,246.81580719742735,0,hot_peak_low_forecast_gate_blocked,origin_available_shadow,6.476425802572663,6.476425802572663,0.0,0.0,246.81580719742735,0,hot_peak_low_forecast_gate_blocked,6.476425802572663,6.476425802572663,0.0,5.353978458044367,5.683422575195323,5.817742464564475,4.531079557184,6.476425802572663,6.476425802572663,6.476425802572663,6.476425802572663,6.476425802572663,0.0,0.9088640510092887,0.0,0.0,0.08868860446241911,-2.1200000000000045,0.0,-1.1224473445282968,Final_Backtest_Forecast_MWH,days8plus_final_low_confidence+long_horizon_peak_month_correction,raw_bias,none,none,recent_mean+last24_mean+same_hour+hourgroup+global+temp_hourgroup+cloud_hourgroup+solar_hourgroup+solar_loss_hourgroup+temp_cloud_hourgroup,3.0,10,230.24716130000002,243.33112659999998,70,213.90568264285713,239.40674,23.045071699999994,Peak,2,0,0,1,4.0,1.35,0.2,2.6,0.0,249.08211959907084,178.3229974337826,5.353978458044367,5.353978458044367,2.1137554810235204,Spring,0.0,0.0,0.0,0.0,Clear/Low,2.0,None,0.9088640510092857,weighted_fallback,global+hour+temp_cloud_hourgroup,248.93580719742735,0.0,248.84711859296493,none,170+,other,0.7,0.0,0.0,0.0,0.08868860446243229,0.0,,,ar_disabled_or_empty,0.0,,,origin_day_disabled_or_empty,248.84711859296493,-2.12,0.0,69.61525710817304,-1.1438650571151925,2.556898695970935,4.0,Medium-Low,,,,,,,,,,,,,,,,,,,,,,,,,,,,,,,,,,,,,,,,,,,,,,,,,,,,,,,,,,,,,,,45,2026-04-08 23:00:00-07:00,2026-05-23 23:00:00-07:00,2026-06-03,5.353978458044367,0.0,-5.353978458044367,1,0,130.518141,134.152408,247.94653157142858,,,,,,,,,,,,,,,,,5.353978458044367,4.445114407035078,4.445114407035078,4.445114407035078,4.356425802572659,6.476425802572663
2026-06-03 18:00:00-07:00,origin_18,2026-05-24 00:00:00-07:00,2026,5,259,11,Days8to16,Summer,6,18,258.099775,93.3,93.3,0.0,2.5135684153491384,0.0,0.0,254.5827318370115,253.7159423828125,254.31932181625882,255.24431599939396,254.5827318370115,255.5583108301427,255.5583108301427,255.5583108301427,255.66921039079153,253.54921039079153,253.54921039079153,253.54921039079153,0,0.0,none,253.54921039079153,253.54921039079153,operational_residual_hot_peak_only_v1,0,hot_peak_only,253.54921039079153,0.0,253.54921039079153,0,hot_peak_low_forecast_gate_blocked,origin_available_shadow,4.550564609208493,4.550564609208493,0.0,0.0,253.54921039079153,0,hot_peak_low_forecast_gate_blocked,4.550564609208493,4.550564609208493,0.0,3.5170431629885286,4.383832617187522,3.7804531837412014,2.8554590006060607,4.550564609208493,4.550564609208493,4.550564609208493,4.550564609208493,4.550564609208493,0.0,0.9755789931311938,0.0,0.0,0.11089956064884632,-2.1200000000000045,0.0,-1.0335214462199644,Final_Backtest_Forecast_MWH,days8plus_final_low_confidence+long_horizon_peak_month_correction,raw_bias,none,none,recent_mean+last24_mean+same_hour+hourgroup+global+temp_hourgroup+cloud_hourgroup+solar_hourgroup+solar_loss_hourgroup+temp_cloud_hourgroup,3.0,10,232.6802873,248.66103660000002,70,213.90568264285713,239.40674,25.41948770000002,Peak,2,0,0,1,4.0,1.35,0.2,2.5,0.0,249.32597558216213,183.05934677606683,3.5170431629885286,3.5170431629885286,1.3626680468778125,Spring,0.0,0.0,0.0,0.0,Clear/Low,1.0,None,0.9755789931311887,weighted_fallback,global+hour+temp_cloud_hourgroup,255.66921039079153,0.0,255.5583108301427,none,170+,other,0.7,0.0,0.0,0.0,0.11089956064885052,0.0,,,ar_disabled_or_empty,0.0,,,origin_day_disabled_or_empty,255.5583108301427,-2.12,0.0,71.52338506094466,5.256756254849364,1.7631028966253428,4.0,Medium-Low,,,,,,,,,,,,,,,,,,,,,,,,,,,,,,,,,,,,,,,,,,,,,,,,,,,,,,,,,,,,,,,45,2026-04-08 23:00:00-07:00,2026-05-23 23:00:00-07:00,2026-06-03,3.5170431629885286,0.0,-3.5170431629885286,1,0,137.8902,140.571816,250.4931198571429,,,,,,,,,,,,,,,,,3.5170431629885286,2.541464169857335,2.541464169857335,2.541464169857335,2.4305646092084885,4.550564609208493
2026-06-03 19:00:00-07:00,origin_18,2026-05-24 00:00:00-07:00,2026,5,260,11,Days8to16,Summer,6,19,252.9156,92.4,93.3,0.0,0.5457846422450984,0.0,0.0,250.58599773561633,252.3881378173828,252.16525364930038,247.58941270503658,250.58599773561633,251.70660765824854,251.70660765824854,251.70660765824854,251.85514246127303,251.85514246127303,251.85514246127303,251.85514246127303,0,0.0,none,251.85514246127303,251.85514246127303,operational_residual_hot_peak_only_v1,0,hot_peak_only,251.85514246127303,0.0,251.85514246127303,0,hot_peak_low_forecast_gate_blocked,origin_available_shadow,1.060457538726979,1.060457538726979,0.0,0.0,251.85514246127303,0,hot_peak_low_forecast_gate_blocked,1.060457538726979,1.060457538726979,0.0,2.3296022643836807,0.5274621826171995,0.7503463506996297,5.326187294963432,1.060457538726979,1.060457538726979,1.060457538726979,1.060457538726979,1.060457538726979,0.0,1.1206099226322124,0.0,0.0,0.1485348030244893,0.0,0.0,1.2691447256567017,Final_Backtest_Forecast_MWH,days8plus_final_low_confidence,raw_bias,none,none,recent_mean+last24_mean+same_hour+hourgroup+global+temp_hourgroup+cloud_hourgroup+solar_hourgroup+solar_loss_hourgroup+temp_cloud_hourgroup,3.0,10,225.3923922,244.1583244,70,213.90568264285713,239.40674,27.523207800000023,Peak,2,0,0,1,4.0,0.0,0.21,1.3,0.0,244.0711687420844,181.19823195089973,2.3296022643836807,2.3296022643836807,0.921098684455874,Spring,0.0,0.0,0.0,0.0,Clear/Low,0.0,None,1.1206099226322135,weighted_fallback,global+hour+temp_cloud_hourgroup,251.85514246127303,0.0,251.70660765824854,none,170+,other,1.0,0.0,0.0,0.0,0.14853480302448702,0.0,,,ar_disabled_or_empty,0.0,,,origin_day_disabled_or_empty,251.70660765824854,0.0,0.0,69.3877657847166,6.514828993531921,0.419293052198828,4.0,Low,,,,,,,,,,,,,,,,,,,,,,,,,,,,,,,,,,,,,,,,,,,,,,,,,,,,,,,,,,,,,,,45,2026-04-08 23:00:00-07:00,2026-05-23 23:00:00-07:00,2026-06-03,2.3296022643836807,0.0,-2.3296022643836807,1,0,145.590008,148.99605,241.81019385714285,,,,,,,,,,,,,,,,,2.3296022643836807,1.2089923417514683,1.2089923417514683,1.2089923417514683,1.060457538726979,1.060457538726979
2026-06-03 20:00:00-07:00,origin_18,2026-05-24 00:00:00-07:00,2026,5,261,11,Days8to16,Summer,6,20,238.239391,89.0,93.3,0.0,0.0771403485505173,0.0,0.0,240.10128480797056,241.2672119140625,240.8542757281457,238.5848913316691,240.10128480797056,241.51669546110284,241.51669546110284,241.51669546110284,241.6919130142112,241.6919130142112,241.6919130142112,241.6919130142112,0,0.0,none,241.6919130142112,241.6919130142112,operational_residual_hot_peak_only_v1,0,hot_peak_only,241.6919130142112,0.0,241.6919130142112,0,hot_peak_low_forecast_gate_blocked,origin_available_shadow,-3.4525220142111834,3.4525220142111834,0.0,0.0,241.6919130142112,0,hot_peak_low_forecast_gate_blocked,-3.4525220142111834,3.4525220142111834,0.0,-1.8618938079705458,-3.027820914062488,-2.6148847281456824,-0.34550033166908634,-3.4525220142111834,-3.4525220142111834,-3.4525220142111834,-3.4525220142111834,3.4525220142111834,0.0,1.4154106531322839,0.0,0.0,0.17521755310835374,0.0,0.0,1.5906282062406376,Final_Backtest_Forecast_MWH,days8plus_final_low_confidence,raw_bias,none,none,recent_mean+last24_mean+same_hour+hourgroup+global+temp_hourgroup+cloud_hourgroup+solar_hourgroup+solar_loss_hourgroup+temp_cloud_hourgroup,3.0,10,211.1628387,230.4176605,70,213.90568264285713,239.40674,27.076552300000003,Peak,2,0,0,1,4.0,0.0,0.24,5.8,0.0,229.0854368887008,176.08835722146708,-1.8618938079705458,1.8618938079705458,0.7815222328076491,Spring,0.0,0.0,0.0,0.0,Clear/Low,0.0,None,1.4154106531322972,weighted_fallback,global+hour+temp_cloud_hourgroup,241.6919130142112,0.0,241.51669546110284,none,170+,other,1.0,0.0,0.0,0.0,0.17521755310836565,0.0,,,ar_disabled_or_empty,0.0,,,origin_day_disabled_or_empty,241.51669546110284,0.0,0.0,64.01292758650348,11.01584791926976,1.4491818501211595,4.0,Low,,,,,,,,,,,,,,,,,,,,,,,,,,,,,,,,,,,,,,,,,,,,,,,,,,,,,,,,,,,,,,,45,2026-04-08 23:00:00-07:00,2026-05-23 23:00:00-07:00,2026-06-03,0.0,1.8618938079705458,1.8618938079705458,0,1,158.646916,160.416141,226.45704142857144,,,,,,,,,,,,,,,,,-1.8618938079705458,-3.2773044611028297,-3.2773044611028297,-3.2773044611028297,-3.4525220142111834,-3.4525220142111834
2026-06-04 14:00:00-07:00,origin_18,2026-05-24 00:00:00-07:00,2026,5,279,12,Days8to16,Summer,6,14,209.669616,91.0,94.5,0.0,20.19584626674185,0.0,0.0,218.58703367141328,218.13720703125,218.2866124524246,219.18764605558496,219.3024658787506,219.89582665515226,219.89582665515226,219.89582665515226,219.9186285824071,217.7986285824071,217.7986285824071,217.7986285824071,0,0.0,none,217.7986285824071,217.7986285824071,operational_residual_hot_peak_only_v1,0,hot_peak_only,217.7986285824071,0.0,217.7986285824071,0,global_shadow_only,origin_available_shadow,-8.129012582407114,8.129012582407114,0.0,0.09793661384653601,217.89656519625365,1,global,-8.226949196253656,8.226949196253656,0.09793661384654229,-8.91741767141329,-8.46759103125001,-8.616996452424615,-9.518030055584973,-8.129012582407114,-8.129012582407114,-8.129012582407114,-8.129012582407114,8.129012582407114,0.7154322073373294,0.5933607764016529,0.0,0.0,0.022801927254846532,-2.1200000000000045,0.0,-0.7884050890061758,Final_Backtest_Forecast_MWH,days8plus_final_low_confidence+long_horizon_peak_month_correction,raw_bias,none,none,recent_mean+last24_mean+same_hour+hourgroup+global+temp_hourgroup+cloud_hourgroup+solar_hourgroup+solar_loss_hourgroup+temp_cloud_hourgroup,3.0,10,179.72373889999997,191.9870738,70,213.90568264285713,239.40674,29.94587710000002,Midday,3,0,0,0,4.0,1.1575274452260107,0.27,3.0,0.0,194.3133386702864,157.00547796469786,-8.91741767141329,8.91741767141329,4.253080556704644,Spring,0.715432207337334,0.0,0.715432207337334,0.0,Clear/Low,5.0,None,0.5933607764016465,weighted_fallback,global+hour+temp_cloud_hourgroup,219.9186285824071,0.0,219.89582665515226,none,170+,other,0.7,0.0,0.0,0.0,0.022801927254842987,0.0,,,ar_disabled_or_empty,0.0,,,origin_day_disabled_or_empty,219.89582665515226,-2.12,0.0,61.58155570671542,24.273695001126868,3.8770579817378565,4.0,High,,,,,,,,,,,,,,,,,,,,,,,,,,,,,,,,,,,,,,,,,,,,,,,,,,,,,,,,,,,,,,,45,2026-04-08 23:00:00-07:00,2026-05-23 23:00:00-07:00,2026-06-04,0.0,8.91741767141329,8.91741767141329,0,1,119.309683,115.58095,200.73725814285714,,,,,,,,,,,,,,,,,-9.63284987875062,-10.226210655152272,-10.226210655152272,-10.226210655152272,-10.249012582407119,-8.129012582407114
2026-06-04 15:00:00-07:00,origin_18,2026-05-24 00:00:00-07:00,2026,5,280,12,Days8to16,Summer,6,15,230.85115,93.3,94.5,0.0,16.26524390761898,0.0,0.0,238.4700438085378,238.9907684326172,239.38006782328605,236.89122760705354,239.25541507457976,239.75519447665542,239.75519447665542,239.75519447665542,239.80150542048142,237.68150542048141,237.68150542048141,237.68150542048141,0,0.0,none,237.68150542048141,237.68150542048141,operational_residual_hot_peak_only_v1,0,hot_peak_only,237.68150542048141,0.0,237.68150542048141,0,global_shadow_only,origin_available_shadow,-6.830355420481425,6.830355420481425,0.0,0.2782570307022824,237.9597624511837,1,global,-7.108612451183717,7.108612451183717,0.27825703070229224,-7.61889380853782,-8.139618432617198,-8.528917823286065,-6.040077607053547,-6.830355420481425,-6.830355420481425,-6.830355420481425,-6.830355420481425,6.830355420481425,0.785371266041949,0.4997794020756601,0.0,0.0,0.04631094382600054,-2.1200000000000045,0.0,-0.788538388056395,Final_Backtest_Forecast_MWH,days8plus_final_low_confidence+long_horizon_peak_month_correction,raw_bias,none,none,recent_mean+last24_mean+same_hour+hourgroup+global+temp_hourgroup+cloud_hourgroup+solar_hourgroup+solar_loss_hourgroup+temp_cloud_hourgroup,3.0,10,200.233677,207.070216,70,213.90568264285713,239.40674,30.61747299999999,Midday,3,0,0,0,4.0,1.3421614125804044,0.24,3.2,0.0,214.02642924035845,169.16137908736115,-7.61889380853782,7.61889380853782,3.3003490814482928,Spring,0.7853712660419415,0.0,0.7853712660419415,0.0,Clear/Low,4.0,None,0.4997794020756599,weighted_fallback,global+hour+temp_cloud_hourgroup,239.80150542048142,0.0,239.75519447665542,none,170+,other,0.7,0.0,0.0,0.0,0.046310943825996216,0.0,,,ar_disabled_or_empty,0.0,,,origin_day_disabled_or_empty,239.75519447665542,-2.12,0.0,69.30866472117665,24.443614568179356,2.9587703680408026,4.0,Medium-High,,,,,,,,,,,,,,,,,,,,,,,,,,,,,,,,,,,,,,,,,,,,,,,,,,,,,,,,,,,,,,,45,2026-04-08 23:00:00-07:00,2026-05-23 23:00:00-07:00,2026-06-04,0.0,7.61889380853782,7.61889380853782,0,1,127.038066,121.906483,217.3247302857143,,,,,,,,,,,,,,,,,-8.404265074579769,-8.904044476655429,-8.904044476655429,-8.904044476655429,-8.95035542048143,-6.830355420481425
2026-06-04 16:00:00-07:00,origin_18,2026-05-24 00:00:00-07:00,2026,5,281,12,Days8to16,Summer,6,16,250.210058,94.5,94.5,0.0,11.344937437455537,0.0,0.0,254.9397171769663,256.7762756347656,254.22956086414354,255.53094610917367,254.9397171769663,255.6105048667024,255.6105048667024,255.6105048667024,255.669946311097,253.549946311097,253.549946311097,253.549946311097,0,0.0,none,253.549946311097,253.549946311097,operational_residual_hot_peak_only_v1,0,hot_peak_only,253.549946311097,0.0,253.549946311097,0,hot_peak_low_forecast_gate_blocked,origin_available_shadow,-3.339888311096985,3.339888311096985,0.0,0.0,253.549946311097,0,hot_peak_low_forecast_gate_blocked,-3.339888311096985,3.339888311096985,0.0,-4.729659176966294,-6.566217634765621,-4.019502864143533,-5.320888109173666,-3.339888311096985,-3.339888311096985,-3.339888311096985,-3.339888311096985,3.339888311096985,0.0,0.6707876897361018,0.0,0.0,0.059441444394593645,-2.1200000000000045,0.0,-1.389770865869309,Final_Backtest_Forecast_MWH,days8plus_final_low_confidence+long_horizon_peak_month_correction,raw_bias,none,none,recent_mean+last24_mean+same_hour+hourgroup+global+temp_hourgroup+cloud_hourgroup+solar_hourgroup+solar_loss_hourgroup+temp_cloud_hourgroup,3.0,10,217.8996831,228.46922249999997,70,213.90568264285713,239.40674,32.3103749,Peak,3,0,0,1,4.0,1.35,0.22,3.1,0.0,234.5294949188969,182.54071170816283,-4.729659176966294,4.729659176966294,1.8902754009058635,Spring,0.0,0.0,0.0,0.0,Clear/Low,3.0,None,0.6707876897361013,weighted_fallback,global+hour+temp_cloud_hourgroup,255.669946311097,0.0,255.6105048667024,none,170+,other,0.7,0.0,0.0,0.0,0.05944144439460485,0.0,,,ar_disabled_or_empty,0.0,,,origin_day_disabled_or_empty,255.6105048667024,-2.12,0.0,72.39900546880347,20.41022225806941,1.334833754403664,4.0,Medium-High,,,,,,,,,,,,,,,,,,,,,,,,,,,,,,,,,,,,,,,,,,,,,,,,,,,,,,,,,,,,,,,45,2026-04-08 23:00:00-07:00,2026-05-23 23:00:00-07:00,2026-06-04,0.0,4.729659176966294,4.729659176966294,0,1,134.009758,128.748283,237.382332,,,,,,,,,,,,,,,,,-4.729659176966294,-5.400446866702396,-5.400446866702396,-5.400446866702396,-5.459888311096989,-3.339888311096985
2026-06-04 17:00:00-07:00,origin_18,2026-05-24 00:00:00-07:00,2026,5,282,12,Days8to16,Summer,6,17,261.03715,93.7,94.5,0.0,5.679774723144782,0.0,0.0,262.9587277031077,261.3641662597656,263.37133063528023,262.7659406506486,262.9587277031077,263.867591754117,263.867591754117,263.867591754117,263.9562803585794,261.8362803585794,261.8362803585794,261.8362803585794,0,0.0,none,261.8362803585794,261.8362803585794,operational_residual_hot_peak_only_v1,0,hot_peak_only,261.8362803585794,0.0,261.8362803585794,0,hot_peak_low_forecast_gate_blocked,origin_available_shadow,-0.7991303585794185,0.7991303585794185,0.0,0.0,261.8362803585794,0,hot_peak_low_forecast_gate_blocked,-0.7991303585794185,0.7991303585794185,0.0,-1.9215777031076868,-0.3270162597656281,-2.3341806352802337,-1.728790650648591,-0.7991303585794185,-0.7991303585794185,-0.7991303585794185,-0.7991303585794185,0.7991303585794185,0.0,0.9088640510092887,0.0,0.0,0.08868860446244753,-2.1200000000000045,0.0,-1.1224473445282683,Final_Backtest_Forecast_MWH,days8plus_final_low_confidence+long_horizon_peak_month_correction,raw_bias,none,none,recent_mean+last24_mean+same_hour+hourgroup+global+temp_hourgroup+cloud_hourgroup+solar_hourgroup+solar_loss_hourgroup+temp_cloud_hourgroup,3.0,10,230.24716130000002,243.33112659999998,70,213.90568264285713,239.40674,30.78998869999998,Peak,3,0,0,1,4.0,1.35,0.22,3.7,0.0,247.93825454195564,193.26907889260764,-1.9215777031076868,1.9215777031076868,0.736131888931398,Spring,0.0,0.0,0.0,0.0,Clear/Low,2.0,None,0.9088640510092857,weighted_fallback,global+hour+temp_cloud_hourgroup,263.9562803585794,0.0,263.867591754117,none,170+,other,0.7,0.0,0.0,0.0,0.08868860446243229,0.0,,,ar_disabled_or_empty,0.0,,,origin_day_disabled_or_empty,263.867591754117,-2.12,0.0,69.68964881050005,15.02047316115204,0.3061366393938252,4.0,Medium-Low,,,,,,,,,,,,,,,,,,,,,,,,,,,,,,,,,,,,,,,,,,,,,,,,,,,,,,,,,,,,,,,45,2026-04-08 23:00:00-07:00,2026-05-23 23:00:00-07:00,2026-06-04,0.0,1.9215777031076868,1.9215777031076868,0,1,141.057125,136.156775,250.19995185714285,,,,,,,,,,,,,,,,,-1.9215777031076868,-2.8304417541169755,-2.8304417541169755,-2.8304417541169755,-2.919130358579423,-0.7991303585794185
2026-06-04 18:00:00-07:00,origin_18,2026-05-24 00:00:00-07:00,2026,5,283,12,Days8to16,Summer,6,18,263.131475,93.0,94.5,0.0,2.545419713647152,0.0,0.0,264.61289976715955,263.0464172363281,263.58299171703715,266.6788931404467,264.61289976715955,265.58847876029074,265.58847876029074,265.58847876029074,265.6993783209396,263.5793783209396,263.5793783209396,263.5793783209396,0,0.0,none,263.5793783209396,263.5793783209396,operational_residual_hot_peak_only_v1,0,hot_peak_only,263.5793783209396,0.0,263.5793783209396,0,hot_peak_low_forecast_gate_blocked,origin_available_shadow,-0.44790332093958796,0.44790332093958796,0.0,0.0,263.5793783209396,0,hot_peak_low_forecast_gate_blocked,-0.44790332093958796,0.44790332093958796,0.0,-1.481424767159524,0.0850577636718981,-0.4515167170371228,-3.5474181404466663,-0.44790332093958796,-0.44790332093958796,-0.44790332093958796,-0.44790332093958796,0.44790332093958796,0.0,0.9755789931311938,0.0,0.0,0.11089956064887474,-2.1200000000000045,0.0,-1.033521446219936,Final_Backtest_Forecast_MWH,days8plus_final_low_confidence+long_horizon_peak_month_correction,raw_bias,none,none,recent_mean+last24_mean+same_hour+hourgroup+global+temp_hourgroup+cloud_hourgroup+solar_hourgroup+solar_loss_hourgroup+temp_cloud_hourgroup,3.0,10,232.6802873,248.66103660000002,70,213.90568264285713,239.40674,30.45118770000002,Peak,3,0,0,1,4.0,1.35,0.22,3.3,0.0,254.5827318370115,198.34420420610118,-1.481424767159524,1.481424767159524,0.5629979336981726,Spring,0.0,0.0,0.0,0.0,Clear/Low,1.0,None,0.9755789931311887,weighted_fallback,global+hour+temp_cloud_hourgroup,265.6993783209396,0.0,265.58847876029074,none,170+,other,0.7,0.0,0.0,0.0,0.11089956064885052,0.0,,,ar_disabled_or_empty,0.0,,,origin_day_disabled_or_empty,265.58847876029074,-2.12,0.0,66.26869556105837,10.030167930148053,0.17022035122920506,4.0,Medium-Low,,,,,,,,,,,,,,,,,,,,,,,,,,,,,,,,,,,,,,,,,,,,,,,,,,,,,,,,,,,,,,,45,2026-04-08 23:00:00-07:00,2026-05-23 23:00:00-07:00,2026-06-04,0.0,1.481424767159524,1.481424767159524,0,1,150.099333,143.195116,257.5656938571429,,,,,,,,,,,,,,,,,-1.481424767159524,-2.4570037602907178,-2.4570037602907178,-2.4570037602907178,-2.5679033209395925,-0.44790332093958796
2026-06-04 19:00:00-07:00,origin_18,2026-05-24 00:00:00-07:00,2026,5,284,12,Days8to16,Summer,6,19,255.920625,91.7,94.5,0.0,0.4792915785346224,0.0,0.0,257.38209874842113,258.48675537109375,257.89288036156256,256.2638257498638,257.38209874842113,258.50270867105337,258.50270867105337,258.50270867105337,258.65124347407783,258.65124347407783,258.65124347407783,258.65124347407783,0,0.0,none,258.65124347407783,258.65124347407783,operational_residual_hot_peak_only_v1,0,hot_peak_only,258.65124347407783,0.0,258.65124347407783,0,hot_peak_low_forecast_gate_blocked,origin_available_shadow,-2.730618474077829,2.730618474077829,0.0,0.0,258.65124347407783,0,hot_peak_low_forecast_gate_blocked,-2.730618474077829,2.730618474077829,0.0,-1.4614737484211275,-2.566130371093749,-1.97225536156256,-0.34320074986382565,-2.730618474077829,-2.730618474077829,-2.730618474077829,-2.730618474077829,2.730618474077829,0.0,1.1206099226322408,0.0,0.0,0.14853480302446087,0.0,0.0,1.2691447256567017,Final_Backtest_Forecast_MWH,days8plus_final_low_confidence,raw_bias,none,none,recent_mean+last24_mean+same_hour+hourgroup+global+temp_hourgroup+cloud_hourgroup+solar_hourgroup+solar_loss_hourgroup+temp_cloud_hourgroup,3.0,10,225.3923922,244.1583244,70,213.90568264285713,239.40674,30.528232800000012,Peak,3,0,0,1,4.0,0.0,0.23,3.3,0.0,250.58599773561633,196.02737173093854,-1.4614737484211275,1.4614737484211275,0.5710652466643232,Spring,0.0,0.0,0.0,0.0,Clear/Low,0.0,None,1.1206099226322135,weighted_fallback,global+hour+temp_cloud_hourgroup,258.65124347407783,0.0,258.50270867105337,none,170+,other,1.0,0.0,0.0,0.0,0.14853480302448702,0.0,,,ar_disabled_or_empty,0.0,,,origin_day_disabled_or_empty,258.50270867105337,0.0,0.0,61.35472701748259,6.796101012804797,1.0669786673418094,4.0,Low,,,,,,,,,,,,,,,,,,,,,,,,,,,,,,,,,,,,,,,,,,,,,,,,,,,,,,,,,,,,,,,45,2026-04-08 23:00:00-07:00,2026-05-23 23:00:00-07:00,2026-06-04,0.0,1.4614737484211275,1.4614737484211275,0,1,160.326075,154.249975,244.16014514285715,,,,,,,,,,,,,,,,,-1.4614737484211275,-2.5820836710533683,-2.5820836710533683,-2.5820836710533683,-2.730618474077829,-2.730618474077829
2026-06-04 20:00:00-07:00,origin_18,2026-05-24 00:00:00-07:00,2026,5,285,12,Days8to16,Summer,6,20,243.503625,89.8,94.5,0.0,0.0644294171567301,0.0,0.0,247.64380048716333,249.21359252929688,248.36614321935707,246.06017846739206,247.64380048716333,249.05921114029562,249.05921114029562,249.05921114029562,249.23442869340397,249.23442869340397,249.23442869340397,249.23442869340397,0,0.0,none,249.23442869340397,249.23442869340397,operational_residual_hot_peak_only_v1,0,hot_peak_only,249.23442869340397,0.0,249.23442869340397,0,hot_peak_low_forecast_gate_blocked,origin_available_shadow,-5.7308036934039706,5.7308036934039706,0.0,0.0,249.23442869340397,0,hot_peak_low_forecast_gate_blocked,-5.7308036934039706,5.7308036934039706,0.0,-4.140175487163333,-5.7099675292968755,-4.862518219357071,-2.556553467392064,-5.7308036934039706,-5.7308036934039706,-5.7308036934039706,-5.7308036934039706,5.7308036934039706,0.0,1.4154106531322839,0.0,0.0,0.17521755310835374,0.0,0.0,1.5906282062406376,Final_Backtest_Forecast_MWH,days8plus_final_low_confidence,raw_bias,none,none,recent_mean+last24_mean+same_hour+hourgroup+global+temp_hourgroup+cloud_hourgroup+solar_hourgroup+solar_loss_hourgroup+temp_cloud_hourgroup,3.0,10,211.1628387,230.4176605,70,213.90568264285713,239.40674,32.34078629999999,Peak,3,0,0,1,4.0,0.0,0.25,5.0,0.0,240.10128480797056,189.58627393454103,-4.140175487163333,4.140175487163333,1.700252095698096,Spring,0.0,0.0,0.0,0.0,Clear/Low,0.0,None,1.4154106531322972,weighted_fallback,global+hour+temp_cloud_hourgroup,249.23442869340397,0.0,249.05921114029562,none,170+,other,1.0,0.0,0.0,0.0,0.17521755310836565,0.0,,,ar_disabled_or_empty,0.0,,,origin_day_disabled_or_empty,249.05921114029562,0.0,0.0,58.057526552622306,7.542515679192775,2.353477774059409,4.0,Low,,,,,,,,,,,,,,,,,,,,,,,,,,,,,,,,,,,,,,,,,,,,,,,,,,,,,,,,,,,,,,,45,2026-04-08 23:00:00-07:00,2026-05-23 23:00:00-07:00,2026-06-04,0.0,4.140175487163333,4.140175487163333,0,1,173.421408,166.870333,233.710764,,,,,,,,,,,,,,,,,-4.140175487163333,-5.555586140295617,-5.555586140295617,-5.555586140295617,-5.7308036934039706,-5.7308036934039706
2026-06-05 14:00:00-07:00,origin_18,2026-05-24 00:00:00-07:00,2026,5,303,13,Days8to16,Summer,6,14,229.425308,94.3,96.8,0.17,17.999401905007012,0.0,0.0,238.6024622144805,239.10433959960938,239.42649296705378,237.16416320754286,239.3761727996384,240.01692693417593,240.01692693417593,240.01692693417593,240.02967963921967,237.90967963921966,237.90967963921966,237.90967963921966,0,0.0,none,237.90967963921966,237.90967963921966,operational_residual_hot_peak_only_v1,0,hot_peak_only,237.90967963921966,0.0,237.90967963921966,0,global_shadow_only,origin_available_shadow,-8.48437163921966,8.48437163921966,0.0,0.09429205784229941,238.00397169706196,1,global,-8.578663697061955,8.578663697061955,0.09429205784229566,-9.17715421448051,-9.679031599609374,-10.001184967053774,-7.738855207542855,-8.48437163921966,-8.48437163921966,-8.48437163921966,-8.48437163921966,8.48437163921966,0.773710585157886,0.6407541345375307,0.0,0.0,0.012752705043737933,-2.1200000000000045,0.0,-0.6927825752608499,Final_Backtest_Forecast_MWH,days8plus_final_low_confidence+long_horizon_peak_month_correction,raw_bias,none,none,recent_mean+last24_mean+same_hour+hourgroup+global+cloud_hourgroup+solar_hourgroup+solar_loss_hourgroup,3.0,8,199.47841950000003,228.9191698,56,236.32982358928572,269.356791,29.94688849999997,Midday,4,0,0,0,5.0,1.1507333471328791,0.22,2.9,0.0,218.58703367141328,170.82599914897622,-9.17715421448051,9.17715421448051,4.000061847789046,Spring,0.7737105851578929,0.0,0.7737105851578929,0.0,Clear/Low,4.0,None,0.6407541345375183,weighted_fallback,global+hour,240.02967963921967,0.0,240.01692693417593,none,170+,other,0.7,0.0,0.0,0.0,0.012752705043745777,0.0,,,ar_disabled_or_empty,0.0,,,origin_day_disabled_or_empty,240.01692693417593,-2.12,0.0,67.77646306550429,20.01542854306723,3.698097526023441,5.0,Medium-High,,,,,,,,,,,,,,,,,,,,,,,,,,,,,,,,,,,,,,,,,,,,,,,,,,,,,,,,,,,,,,,45,2026-04-08 23:00:00-07:00,2026-05-23 23:00:00-07:00,2026-06-05,0.0,9.17715421448051,9.17715421448051,0,1,124.624375,113.497358,210.37273057142855,,,,,,,,,,,,,,,,,-9.950864799638396,-10.591618934175926,-10.591618934175926,-10.591618934175926,-10.604371639219664,-8.48437163921966
2026-06-05 15:00:00-07:00,origin_18,2026-05-24 00:00:00-07:00,2026,5,304,13,Days8to16,Summer,6,15,249.014525,95.9,96.8,0.27,15.093167989242133,0.0,0.0,256.1218727970762,257.6588134765625,255.04474570406586,257.3753751776678,256.9655224409387,257.4890106064228,257.4890106064228,257.4890106064228,257.52549483927345,255.40549483927344,255.40549483927344,255.40549483927344,0,0.0,none,255.40549483927344,255.40549483927344,operational_residual_hot_peak_only_v1,0,hot_peak_only,255.40549483927344,0.0,255.40549483927344,0,global_shadow_only,origin_available_shadow,-6.390969839273453,6.390969839273453,0.0,-0.1312107958122908,255.27428404346117,1,global,-6.259759043461173,6.259759043461173,-0.13121079581227946,-7.107347797076216,-8.644288476562508,-6.030220704065869,-8.360850177667828,-6.390969839273453,-6.390969839273453,-6.390969839273453,-6.390969839273453,6.390969839273453,0.8436496438624772,0.5234881654841388,0.0,0.0,0.03648423285062563,-2.1200000000000045,0.0,-0.7163779578027629,Final_Backtest_Forecast_MWH,days8plus_final_low_confidence+long_horizon_peak_month_correction,raw_bias,none,none,recent_mean+last24_mean+same_hour+hourgroup+global+solar_hourgroup+solar_loss_hourgroup,3.0,8,220.880339,250.3929885,56,236.32982358928572,269.356791,28.134186,Midday,4,0,0,0,5.0,1.3097034182030802,0.2,2.3,0.0,238.4700438085378,185.08034217710156,-7.107347797076216,7.107347797076216,2.8541900505909106,Spring,0.8436496438625002,0.0,0.8436496438625002,1.0,Some Clouds,4.0,None,0.5234881654841175,weighted_fallback,global+hour,257.52549483927345,0.0,257.4890106064228,none,170+,other,0.7,0.0,0.0,0.0,0.036484232850640515,0.0,,,ar_disabled_or_empty,0.0,,,origin_day_disabled_or_empty,257.4890106064228,-2.12,0.0,71.04153061997465,17.651828988538398,2.5665048411426814,5.0,Medium-High,,,,,,,,,,,,,,,,,,,,,,,,,,,,,,,,,,,,,,,,,,,,,,,,,,,,,,,,,,,,,,,45,2026-04-08 23:00:00-07:00,2026-05-23 23:00:00-07:00,2026-06-05,0.0,7.107347797076216,7.107347797076216,0,1,132.480216,120.454241,227.14469257142855,,,,,,,,,,,,,,,,,-7.950997440938693,-8.474485606422832,-8.474485606422832,-8.474485606422832,-8.510969839273457,-6.390969839273453
2026-06-05 16:00:00-07:00,origin_18,2026-05-24 00:00:00-07:00,2026,5,305,13,Days8to16,Summer,6,16,268.59595,96.8,96.8,0.27,10.902754088434738,0.0,0.0,271.0534259932813,271.5826416015625,270.9242252607881,271.10525125626157,271.0534259932813,271.49990016836074,271.49990016836074,271.49990016836074,271.50086006534536,269.38086006534536,269.38086006534536,269.38086006534536,0,0.0,none,269.38086006534536,269.38086006534536,operational_residual_hot_peak_only_v1,0,hot_peak_only,269.38086006534536,0.0,269.38086006534536,0,hot_peak_low_forecast_gate_blocked,origin_available_shadow,-0.7849100653453434,0.7849100653453434,0.0,0.0,269.38086006534536,0,hot_peak_low_forecast_gate_blocked,-0.7849100653453434,0.7849100653453434,0.0,-2.457475993281264,-2.986691601562484,-2.3282752607880752,-2.5093012562615513,-0.7849100653453434,-0.7849100653453434,-0.7849100653453434,-0.7849100653453434,0.7849100653453434,0.0,0.44647417507945875,0.0,0.0,0.0009598969846251748,-2.1200000000000045,0.0,-1.6725659279359206,Final_Backtest_Forecast_MWH,days8plus_final_low_confidence+long_horizon_peak_month_correction,raw_bias,none,none,recent_mean+last24_mean+same_hour+hourgroup+global+solar_hourgroup+solar_loss_hourgroup,3.0,8,240.86553600000002,267.7118679,56,236.32982358928572,269.356791,27.730413999999996,Peak,4,0,0,1,5.0,1.35,0.18,2.0,0.0,254.9397171769663,199.8195340378422,-2.457475993281264,2.457475993281264,0.9149341206675916,Spring,0.0,0.0,0.0,1.0,Some Clouds,3.0,None,0.4464741750794787,weighted_fallback,global+hour,271.50086006534536,0.0,271.49990016836074,none,170+,other,0.7,0.0,0.0,0.0,0.000959896984644395,0.0,,,ar_disabled_or_empty,0.0,,,origin_day_disabled_or_empty,271.49990016836074,-2.12,0.0,71.23389195543908,16.113708816314983,0.29222706647115987,5.0,Medium-High,,,,,,,,,,,,,,,,,,,,,,,,,,,,,,,,,,,,,,,,,,,,,,,,,,,,,,,,,,,,,,,45,2026-04-08 23:00:00-07:00,2026-05-23 23:00:00-07:00,2026-06-05,0.0,2.457475993281264,2.457475993281264,0,1,140.481283,124.9937,243.97538185714285,,,,,,,,,,,,,,,,,-2.457475993281264,-2.9039501683607227,-2.9039501683607227,-2.9039501683607227,-2.904910065345348,-0.7849100653453434
2026-06-05 17:00:00-07:00,origin_18,2026-05-24 00:00:00-07:00,2026,5,306,13,Days8to16,Summer,6,17,273.122358,96.3,96.8,0.4,5.7921731317674094,0.0,0.0,277.9052044331547,280.25750732421875,277.536012919891,277.81327598512235,277.9052044331547,278.65310191258004,278.65310191258004,278.65310191258004,278.6890941221734,276.5690941221734,276.5690941221734,276.5690941221734,0,0.0,none,276.5690941221734,276.5690941221734,operational_residual_hot_peak_only_v1,0,hot_peak_only,276.5690941221734,0.0,276.5690941221734,0,hot_peak_low_forecast_gate_blocked,origin_available_shadow,-3.4467361221733768,3.4467361221733768,0.0,0.0,276.5690941221734,0,hot_peak_low_forecast_gate_blocked,-3.4467361221733768,3.4467361221733768,0.0,-4.7828464331547025,-7.13514932421873,-4.413654919890973,-4.690917985122326,-3.4467361221733768,-3.4467361221733768,-3.4467361221733768,-3.4467361221733768,3.4467361221733768,0.0,0.747897479425319,0.0,0.0,0.0359922095933598,-2.1200000000000045,0.0,-1.3361103109813257,Final_Backtest_Forecast_MWH,days8plus_final_low_confidence+long_horizon_peak_month_correction,raw_bias,none,none,recent_mean+last24_mean+same_hour+hourgroup+global+solar_hourgroup+solar_loss_hourgroup,3.0,8,253.621961125,277.809623,56,236.32982358928572,269.356791,19.500396875000007,Peak,4,0,0,1,5.0,1.35,0.19,2.6,0.0,262.9587277031077,210.7017391657975,-4.7828464331547025,4.7828464331547025,1.7511735282963186,Spring,0.0,0.0,0.0,1.0,Some Clouds,2.0,None,0.7478974794253407,weighted_fallback,global+hour,278.6890941221734,0.0,278.65310191258004,none,170+,other,0.7,0.0,0.0,0.0,0.03599220959336078,0.0,,,ar_disabled_or_empty,0.0,,,origin_day_disabled_or_empty,278.65310191258004,-2.12,0.0,67.20346526735722,14.946476730047038,1.261975089631211,5.0,Medium-Low,,,,,,,,,,,,,,,,,,,,,,,,,,,,,,,,,,,,,,,,,,,,,,,,,,,,,,,,,,,,,,,45,2026-04-08 23:00:00-07:00,2026-05-23 23:00:00-07:00,2026-06-05,0.0,4.7828464331547025,4.7828464331547025,0,1,151.044775,130.518141,259.44435814285714,,,,,,,,,,,,,,,,,-4.7828464331547025,-5.5307439125800215,-5.5307439125800215,-5.5307439125800215,-5.566736122173381,-3.4467361221733768
2026-06-05 18:00:00-07:00,origin_18,2026-05-24 00:00:00-07:00,2026,5,307,13,Days8to16,Summer,6,18,274.913308,96.0,96.8,0.27,2.266932836487644,0.0,0.0,278.10122888695565,278.52923583984375,275.9547296950383,281.35201134485766,278.10122888695565,278.93359270397156,278.93359270397156,278.93359270397156,279.00117755797567,276.88117755797566,276.88117755797566,276.88117755797566,0,0.0,none,276.88117755797566,276.88117755797566,operational_residual_hot_peak_only_v1,0,hot_peak_only,276.88117755797566,0.0,276.88117755797566,0,hot_peak_low_forecast_gate_blocked,origin_available_shadow,-1.967869557975689,1.967869557975689,0.0,0.0,276.88117755797566,0,hot_peak_low_forecast_gate_blocked,-1.967869557975689,1.967869557975689,0.0,-3.1879208869556805,-3.6159278398437777,-1.0414216950383093,-6.438703344857686,-1.967869557975689,-1.967869557975689,-1.967869557975689,-1.967869557975689,1.967869557975689,0.0,0.8323638170159029,0.0,0.0,0.06758485400411018,-2.1200000000000045,0.0,-1.2200513289799915,Final_Backtest_Forecast_MWH,days8plus_final_low_confidence+long_horizon_peak_month_correction,raw_bias,none,none,recent_mean+last24_mean+same_hour+hourgroup+global+solar_hourgroup+solar_loss_hourgroup,3.0,8,256.90235175,276.73857730000003,56,236.32982358928572,269.356791,18.010956249999992,Peak,4,0,0,1,5.0,1.35,0.2,4.8,0.0,264.61289976715955,215.08226925240484,-3.1879208869556805,3.1879208869556805,1.1596095184143218,Spring,0.0,0.0,0.0,1.0,Some Clouds,1.0,None,0.8323638170158755,weighted_fallback,global+hour,279.00117755797567,0.0,278.93359270397156,none,170+,other,0.7,0.0,0.0,0.0,0.06758485400412464,0.0,,,ar_disabled_or_empty,0.0,,,origin_day_disabled_or_empty,278.93359270397156,-2.12,0.0,63.01895963455081,13.488329119796106,0.7158145861660831,5.0,Low,,,,,,,,,,,,,,,,,,,,,,,,,,,,,,,,,,,,,,,,,,,,,,,,,,,,,,,,,,,,,,,45,2026-04-08 23:00:00-07:00,2026-05-23 23:00:00-07:00,2026-06-05,0.0,3.1879208869556805,3.1879208869556805,0,1,163.731575,137.8902,265.06008442857143,,,,,,,,,,,,,,,,,-3.1879208869556805,-4.020284703971583,-4.020284703971583,-4.020284703971583,-4.087869557975694,-1.967869557975689
2026-06-05 19:00:00-07:00,origin_18,2026-05-24 00:00:00-07:00,2026,5,308,13,Days8to16,Summer,6,19,265.752475,93.7,96.8,0.23,0.3943506418980094,0.0,0.0,269.01615841260843,269.6714782714844,270.4813867416589,266.5264225072789,269.01615841260843,270.03214273595586,270.03214273595586,270.03214273595586,270.139818853717,270.139818853717,270.139818853717,270.139818853717,0,0.0,none,270.139818853717,270.139818853717,operational_residual_hot_peak_only_v1,0,hot_peak_only,270.139818853717,0.0,270.139818853717,0,hot_peak_low_forecast_gate_blocked,origin_available_shadow,-4.38734385371697,4.38734385371697,0.0,0.0,270.139818853717,0,hot_peak_low_forecast_gate_blocked,-4.38734385371697,4.38734385371697,0.0,-3.2636834126084295,-3.919003271484371,-4.728911741658919,-0.7739475072788764,-4.38734385371697,-4.38734385371697,-4.38734385371697,-4.38734385371697,4.38734385371697,0.0,1.0159843233474248,0.0,0.0,0.10767611776111607,0.0,0.0,1.123660441108541,Final_Backtest_Forecast_MWH,days8plus_final_low_confidence,raw_bias,none,none,recent_mean+last24_mean+same_hour+hourgroup+global+solar_hourgroup+solar_loss_hourgroup,3.0,8,249.521006,270.0134279,56,236.32982358928572,269.356791,16.231469000000004,Peak,4,0,0,1,5.0,0.0,0.24,9.6,0.0,257.38209874842113,211.78893369203394,-3.2636834126084295,3.2636834126084295,1.2280914458495371,Spring,0.0,0.0,0.0,1.0,Some Clouds,0.0,None,1.0159843233474066,weighted_fallback,global+hour,270.139818853717,0.0,270.03214273595586,none,170+,other,1.0,0.0,0.0,0.0,0.10767611776109669,0.0,,,ar_disabled_or_empty,0.0,,,origin_day_disabled_or_empty,270.03214273595586,0.0,0.0,57.2272247205745,11.634059664187305,1.6509136382330851,5.0,Low,,,,,,,,,,,,,,,,,,,,,,,,,,,,,,,,,,,,,,,,,,,,,,,,,,,,,,,,,,,,,,,45,2026-04-08 23:00:00-07:00,2026-05-23 23:00:00-07:00,2026-06-05,0.0,3.2636834126084295,3.2636834126084295,0,1,177.049733,145.590008,252.0683,,,,,,,,,,,,,,,,,-3.2636834126084295,-4.279667735955854,-4.279667735955854,-4.279667735955854,-4.38734385371697,-4.38734385371697
2026-06-05 20:00:00-07:00,origin_18,2026-05-24 00:00:00-07:00,2026,5,309,13,Days8to16,Summer,6,20,248.061708,89.4,96.8,0.24,0.0695295955523374,0.0,0.0,254.35725663759666,257.49444580078125,256.3290292299475,250.36241708870693,254.35725663759666,255.74648175577016,255.74648175577016,255.74648175577016,255.88611853022513,255.88611853022513,255.88611853022513,255.88611853022513,0,0.0,none,255.88611853022513,255.88611853022513,operational_residual_hot_peak_only_v1,0,hot_peak_only,255.88611853022513,0.0,255.88611853022513,0,hot_peak_low_forecast_gate_blocked,origin_available_shadow,-7.824410530225123,7.824410530225123,0.0,0.0,255.88611853022513,0,hot_peak_low_forecast_gate_blocked,-7.824410530225123,7.824410530225123,0.0,-6.295548637596653,-9.43273780078124,-8.26732122994747,-2.300709088706924,-7.824410530225123,-7.824410530225123,-7.824410530225123,-7.824410530225123,7.824410530225123,0.0,1.3892251181734991,0.0,0.0,0.1396367744549707,0.0,0.0,1.5288618926284698,Final_Backtest_Forecast_MWH,days8plus_final_low_confidence,raw_bias,none,none,recent_mean+last24_mean+same_hour+hourgroup+global+solar_hourgroup+solar_loss_hourgroup,3.0,8,233.03915174999997,253.381823,56,236.32982358928572,269.356791,15.022556250000036,Peak,4,0,0,1,5.0,0.0,0.27,11.1,0.0,247.64380048716333,204.16077698565817,-6.295548637596653,6.295548637596653,2.5378961905707156,Spring,0.0,0.0,0.0,1.0,Some Clouds,0.0,None,1.3892251181735071,weighted_fallback,global+hour,255.88611853022513,0.0,255.74648175577016,none,170+,other,1.0,0.0,0.0,0.0,0.13963677445497324,0.0,,,ar_disabled_or_empty,0.0,,,origin_day_disabled_or_empty,255.74648175577016,0.0,0.0,50.19647965193849,6.7134561504333305,3.1542194050462324,5.0,Low,,,,,,,,,,,,,,,,,,,,,,,,,,,,,,,,,,,,,,,,,,,,,,,,,,,,,,,,,,,,,,,45,2026-04-08 23:00:00-07:00,2026-05-23 23:00:00-07:00,2026-06-05,0.0,6.295548637596653,6.295548637596653,0,1,192.731983,158.646916,241.8986794285714,,,,,,,,,,,,,,,,,-6.295548637596653,-7.684773755770152,-7.684773755770152,-7.684773755770152,-7.824410530225123,-7.824410530225123
2026-06-01 14:00:00-07:00,origin_19,2026-05-28 00:00:00-07:00,2026,5,111,5,Days2to7,Summer,6,14,190.248075,90.5,92.5,0.0,22.09404382650229,0.0,0.0,193.8792907922956,193.9716796875,194.54816643652728,192.80180366701597,194.6087494777378,195.06776054002557,195.06776054002557,195.06776054002557,195.06776054002557,192.06776054002557,195.06776054002557,192.06776054002557,1,-3.0,june_recent_85_93_clear_afternoon_backoff,192.06776054002557,192.06776054002557,operational_residual_hot_peak_only_v1,0,hot_peak_only,192.06776054002557,0.0,192.06776054002557,0,global_shadow_only,origin_available_shadow,-1.8196855400255743,1.8196855400255743,0.0,-0.09679371458069405,191.9709668254449,1,global,-1.72289182544489,1.72289182544489,-0.09679371458068431,-3.631215792295592,-3.7236046875,-4.300091436527282,-2.5537286670159745,-1.8196855400255743,-4.819685540025574,-1.8196855400255743,-1.8196855400255743,1.8196855400255743,0.7294586854422107,0.45901106228777167,0.0,0.0,0.0,-3.0,-3.0,-1.8115302522700176,Recent_Corrected_Forecast_MWH,days4to7_recent_corrected,raw_bias,none,none,recent_mean+last24_mean+same_hour+hourgroup+global+temp_hourgroup+cloud_hourgroup+solar_hourgroup+solar_loss_hourgroup+temp_cloud_hourgroup,3.0,9,179.8123701111111,193.4245896,63,213.56628803174604,240.531745,10.435704888888893,Midday,0,0,0,0,4.0,1.173665330972151,0.2,2.8,0.0,143.9835932670498,124.52136777718496,-3.631215792295592,3.631215792295592,1.9086741310237132,Spring,0.7294586854422068,0.0,0.7294586854422068,0.0,Clear/Low,5.0,None,0.459011062287772,weighted_fallback,global+hour+temp_cloud_hourgroup,195.06776054002557,0.0,195.06776054002557,none,170+,other,0.7,0.0,0.0,0.0,0.0,0.0,,,ar_disabled_or_empty,0.0,,,origin_day_disabled_or_empty,195.06776054002557,0.0,0.0,69.35792301511063,49.895697525245794,0.9564803954129755,4.0,High,,,,,,,,,,,,,,,,,,,,,,,,,,,,,,,,,,,,,,,,,,,,,,,,,,,,,,,,,,,,,,,45,2026-04-12 23:00:00-07:00,2026-05-27 23:00:00-07:00,2026-06-01,0.0,3.631215792295592,3.631215792295592,0,1,113.168525,97.388516,136.6350067142857,,,,,,,,,,,,,,,,,-4.360674477737803,-4.819685540025574,-4.819685540025574,-4.819685540025574,-4.819685540025574,-1.8196855400255743
2026-06-01 15:00:00-07:00,origin_19,2026-05-28 00:00:00-07:00,2026,5,112,5,Days2to7,Summer,6,15,208.996966,91.9,92.5,0.0,17.85598958907007,0.0,0.0,211.1652164693762,210.74465942382812,212.45597887762392,209.25703469800067,212.14184910103273,212.52818243493235,212.52818243493235,212.52818243493235,212.52818243493235,209.52818243493235,212.52818243493235,209.52818243493235,1,-3.0,june_recent_85_93_clear_afternoon_backoff,209.52818243493235,209.52818243493235,operational_residual_hot_peak_only_v1,0,hot_peak_only,209.52818243493235,0.0,209.52818243493235,0,global_shadow_only,origin_available_shadow,-0.5312164349323609,0.5312164349323609,0.0,0.22706176659434824,209.7552442015267,1,global,-0.7582782015267071,0.7582782015267071,0.22706176659434618,-2.168250469376204,-1.7476934238281387,-3.459012877623934,-0.2600686980006799,-0.5312164349323609,-3.531216434932361,-0.5312164349323609,-0.5312164349323609,0.5312164349323609,0.9766326316565426,0.3863333338996142,0.0,0.0,0.0,-3.0,-3.0,-1.6370340344438432,Recent_Corrected_Forecast_MWH,days4to7_recent_corrected,raw_bias,none,none,recent_mean+last24_mean+same_hour+hourgroup+global+temp_hourgroup+cloud_hourgroup+solar_hourgroup+solar_loss_hourgroup+temp_cloud_hourgroup,3.0,9,200.45681433333334,209.563091,63,213.56628803174604,240.531745,8.540151666666645,Midday,0,0,0,0,4.0,1.35,0.18,3.1,0.0,158.73833663302142,134.40352606138063,-2.168250469376204,2.168250469376204,1.0374554764475405,Spring,0.9766326316565468,0.0,0.9766326316565468,0.0,Clear/Low,4.0,None,0.3863333338996072,weighted_fallback,global+hour+temp_cloud_hourgroup,212.52818243493235,0.0,212.52818243493235,none,170+,other,0.7,0.0,0.0,0.0,0.0,0.0,,,ar_disabled_or_empty,0.0,,,origin_day_disabled_or_empty,212.52818243493235,0.0,0.0,76.76169040799556,52.42687983635477,0.2541742328127199,4.0,Medium-High,,,,,,,,,,,,,,,,,,,,,,,,,,,,,,,,,,,,,,,,,,,,,,,,,,,,,,,,,,,,,,,45,2026-04-12 23:00:00-07:00,2026-05-27 23:00:00-07:00,2026-06-01,0.0,2.168250469376204,2.168250469376204,0,1,121.463241,99.629608,146.974119,,,,,,,,,,,,,,,,,-3.1448831010327467,-3.531216434932361,-3.531216434932361,-3.531216434932361,-3.531216434932361,-0.5312164349323609
2026-06-01 16:00:00-07:00,origin_19,2026-05-28 00:00:00-07:00,2026,5,113,5,Days2to7,Summer,6,16,225.060525,92.5,92.5,0.0,12.768784232660986,0.0,0.0,227.25469538730698,227.75234985351562,228.7148699811054,224.81794832099263,227.25469538730698,227.90158753284126,227.90158753284126,227.90158753284126,227.90158753284126,224.90158753284126,227.90158753284126,224.90158753284126,1,-3.0,june_recent_85_93_clear_afternoon_backoff,224.90158753284126,224.90158753284126,operational_residual_hot_peak_only_v1,0,hot_peak_only,224.90158753284126,0.0,224.90158753284126,0,hot_peak_low_forecast_gate_blocked,origin_available_shadow,0.15893746715875068,0.15893746715875068,0.0,0.0,224.90158753284126,0,hot_peak_low_forecast_gate_blocked,0.15893746715875068,0.15893746715875068,0.0,-2.1941703873069685,-2.6918248535156124,-3.654344981105396,0.2425766790073851,0.15893746715875068,-2.8410625328412493,0.15893746715875068,0.15893746715875068,0.15893746715875068,0.0,0.6468921455342809,0.0,0.0,0.0,-3.0,-3.0,-2.353107854465719,Recent_Corrected_Forecast_MWH,days4to7_recent_corrected,raw_bias,none,none,recent_mean+last24_mean+same_hour+hourgroup+global+temp_hourgroup+cloud_hourgroup+solar_loss_hourgroup+temp_cloud_hourgroup,3.0,9,217.94929611111112,231.14446999999998,63,213.56628803174604,240.531745,7.111228888888888,Peak,0,0,0,1,4.0,1.35,0.16,2.9,0.0,173.45863476504502,143.40536093371676,-2.1941703873069685,2.1941703873069685,0.9749245840899768,Spring,0.0,0.0,0.0,0.0,Clear/Low,3.0,None,0.6468921455342753,weighted_fallback,global+hour+temp_cloud_hourgroup,227.90158753284126,0.0,227.90158753284126,none,170+,other,0.7,0.0,0.0,0.0,0.0,0.0,,,ar_disabled_or_empty,0.0,,,origin_day_disabled_or_empty,227.90158753284126,0.0,0.0,83.84933445359022,53.79606062226196,0.07061987754571827,4.0,Medium-High,,,,,,,,,,,,,,,,,,,,,,,,,,,,,,,,,,,,,,,,,,,,,,,,,,,,,,,,,,,,,,,45,2026-04-12 23:00:00-07:00,2026-05-27 23:00:00-07:00,2026-06-01,0.0,2.1941703873069685,2.1941703873069685,0,1,127.706541,104.251466,160.18964614285713,,,,,,,,,,,,,,,,,-2.1941703873069685,-2.8410625328412493,-2.8410625328412493,-2.8410625328412493,-2.8410625328412493,0.15893746715875068
2026-06-01 17:00:00-07:00,origin_19,2026-05-28 00:00:00-07:00,2026,5,114,5,Days2to7,Summer,6,17,237.518291,92.4,92.5,0.0,6.348530385386856,0.0,0.0,238.51138379941554,238.96759033203125,239.6605089477401,236.5752709855867,238.51138379941554,239.41729052717886,239.41729052717886,239.41729052717886,239.41729052717886,236.41729052717886,239.41729052717886,236.41729052717886,1,-3.0,june_recent_85_93_clear_afternoon_backoff,236.41729052717886,236.41729052717886,operational_residual_hot_peak_only_v1,0,hot_peak_only,236.41729052717886,0.0,236.41729052717886,0,hot_peak_low_forecast_gate_blocked,origin_available_shadow,1.1010004728211413,1.1010004728211413,0.0,0.0,236.41729052717886,0,hot_peak_low_forecast_gate_blocked,1.1010004728211413,1.1010004728211413,0.0,-0.9930927994155354,-1.449299332031245,-2.1422179477401073,0.9430200144132925,1.1010004728211413,-1.8989995271788587,1.1010004728211413,1.1010004728211413,1.1010004728211413,0.0,0.9059067277633233,0.0,0.0,0.0,-3.0,-3.0,-2.0940932722366767,Recent_Corrected_Forecast_MWH,days4to7_recent_corrected,raw_bias,none,none,recent_mean+last24_mean+same_hour+hourgroup+global+temp_hourgroup+cloud_hourgroup+solar_hourgroup+solar_loss_hourgroup+temp_cloud_hourgroup,3.0,9,230.0675838888889,245.80907820000002,63,213.56628803174604,240.531745,7.4507071111111145,Peak,0,0,0,1,4.0,1.35,0.15,3.8,0.0,185.5365512180538,150.57983449951757,-0.9930927994155354,0.9930927994155354,0.4181121357999058,Spring,0.0,0.0,0.0,0.0,Clear/Low,2.0,None,0.9059067277633209,weighted_fallback,global+hour+temp_cloud_hourgroup,239.41729052717886,0.0,239.41729052717886,none,170+,other,0.7,0.0,0.0,0.0,0.0,0.0,,,ar_disabled_or_empty,0.0,,,origin_day_disabled_or_empty,239.41729052717886,0.0,0.0,87.93154929989797,52.97483258136174,0.46354344677443865,4.0,Medium-Low,,,,,,,,,,,,,,,,,,,,,,,,,,,,,,,,,,,,,,,,,,,,,,,,,,,,,,,,,,,,,,,45,2026-04-12 23:00:00-07:00,2026-05-27 23:00:00-07:00,2026-06-01,0.0,0.9930927994155354,0.9930927994155354,0,1,134.152408,107.817666,197.61604457142857,,,,,,,,,,,,,,,,,-0.9930927994155354,-1.8989995271788587,-1.8989995271788587,-1.8989995271788587,-1.8989995271788587,1.1010004728211413
2026-06-01 18:00:00-07:00,origin_19,2026-05-28 00:00:00-07:00,2026,5,115,5,Days2to7,Summer,6,18,241.827958,91.6,92.5,0.0,2.7252471458802625,0.0,0.0,242.0427441464521,243.45254516601562,241.80031760554627,242.02089984800017,242.0427441464521,242.9755249215001,242.9755249215001,242.9755249215001,242.9755249215001,242.9755249215001,242.9755249215001,242.9755249215001,0,0.0,none,242.9755249215001,242.9755249215001,operational_residual_hot_peak_only_v1,0,hot_peak_only,242.9755249215001,0.0,242.9755249215001,0,hot_peak_low_forecast_gate_blocked,origin_available_shadow,-1.1475669215001005,1.1475669215001005,0.0,0.0,242.9755249215001,0,hot_peak_low_forecast_gate_blocked,-1.1475669215001005,1.1475669215001005,0.0,-0.2147861464520986,-1.6245871660156297,0.027640394453726458,-0.19294184800017433,-1.1475669215001005,-1.1475669215001005,-1.1475669215001005,-1.1475669215001005,1.1475669215001005,0.0,0.9327807750480019,0.0,0.0,0.0,0.0,0.0,0.9327807750480019,Recent_Corrected_Forecast_MWH,days4to7_recent_corrected,raw_bias,none,none,recent_mean+last24_mean+same_hour+hourgroup+global+temp_hourgroup+cloud_hourgroup+solar_hourgroup+solar_loss_hourgroup+temp_cloud_hourgroup,3.0,9,232.13308311111112,250.67742320000002,63,213.56628803174604,240.531745,9.694874888888876,Peak,0,0,0,1,4.0,1.35,0.15,4.3,0.0,191.19790421661088,152.6218610071719,-0.2147861464520986,0.2147861464520986,0.08881774805049572,Spring,0.0,0.0,0.0,0.0,Clear/Low,1.0,None,0.9327807750480117,weighted_fallback,global+hour+temp_cloud_hourgroup,242.9755249215001,0.0,242.9755249215001,none,170+,other,0.7,0.0,0.0,0.0,0.0,0.0,,,ar_disabled_or_empty,0.0,,,origin_day_disabled_or_empty,242.9755249215001,0.0,0.0,89.42088313928019,50.844839929841214,0.47453856493305074,4.0,Medium-Low,,,,,,,,,,,,,,,,,,,,,,,,,,,,,,,,,,,,,,,,,,,,,,,,,,,,,,,,,,,,,,,45,2026-04-12 23:00:00-07:00,2026-05-27 23:00:00-07:00,2026-06-01,0.0,0.2147861464520986,0.2147861464520986,0,1,140.571816,109.887608,193.70947214285712,,,,,,,,,,,,,,,,,-0.2147861464520986,-1.1475669215001005,-1.1475669215001005,-1.1475669215001005,-1.1475669215001005,-1.1475669215001005
2026-06-01 19:00:00-07:00,origin_19,2026-05-28 00:00:00-07:00,2026,5,116,5,Days2to7,Summer,6,19,236.465941,90.0,92.5,0.0,0.6011609401787532,0.0,0.0,236.25380979164478,236.91305541992188,236.61293409127745,235.50111571271424,236.25380979164478,237.31267472120442,237.31267472120442,237.31267472120442,237.31267472120442,237.31267472120442,237.31267472120442,237.31267472120442,0,0.0,none,237.31267472120442,237.31267472120442,operational_residual_hot_peak_only_v1,0,hot_peak_only,237.31267472120442,0.0,237.31267472120442,0,hot_peak_low_forecast_gate_blocked,origin_available_shadow,-0.8467337212044299,0.8467337212044299,0.0,0.0,237.31267472120442,0,hot_peak_low_forecast_gate_blocked,-0.8467337212044299,0.8467337212044299,0.0,0.21213120835520272,-0.4471144199218884,-0.14699309127746574,0.9648252872857483,-0.8467337212044299,-0.8467337212044299,-0.8467337212044299,-0.8467337212044299,0.8467337212044299,0.0,1.0588649295596326,0.0,0.0,0.0,0.0,0.0,1.0588649295596326,Recent_Corrected_Forecast_MWH,days4to7_recent_corrected,raw_bias,none,none,recent_mean+last24_mean+same_hour+hourgroup+global+temp_hourgroup+cloud_hourgroup+solar_hourgroup+solar_loss_hourgroup+temp_cloud_hourgroup,3.0,9,224.49218300000004,245.3007078,63,213.56628803174604,240.531745,11.973757999999947,Peak,0,0,0,1,4.0,0.0,0.17,3.6,0.0,190.3998459848923,153.8493815323887,0.21213120835520272,0.21213120835520272,0.08970899041871011,Spring,0.0,0.0,0.0,0.0,Clear/Low,0.0,None,1.0588649295596353,weighted_fallback,global+hour+temp_cloud_hourgroup,237.31267472120442,0.0,237.31267472120442,none,170+,other,1.0,0.0,0.0,0.0,0.0,0.0,,,ar_disabled_or_empty,0.0,,,origin_day_disabled_or_empty,237.31267472120442,0.0,0.0,82.4044282592561,45.85396380675249,0.35807851127466594,4.0,Low,,,,,,,,,,,,,,,,,,,,,,,,,,,,,,,,,,,,,,,,,,,,,,,,,,,,,,,,,,,,,,,45,2026-04-12 23:00:00-07:00,2026-05-27 23:00:00-07:00,2026-06-01,0.21213120835520272,0.0,-0.21213120835520272,1,0,148.99605,111.072416,202.68388285714286,,,,,,,,,,,,,,,,,0.21213120835520272,-0.8467337212044299,-0.8467337212044299,-0.8467337212044299,-0.8467337212044299,-0.8467337212044299
2026-06-01 20:00:00-07:00,origin_19,2026-05-28 00:00:00-07:00,2026,5,117,5,Days2to7,Summer,6,20,223.068783,86.0,92.5,0.0,0.1006188661789611,0.0,0.0,225.40671558114354,225.88400268554688,226.9949692685886,222.77452061390042,225.40671558114354,226.78328927059957,226.78328927059957,226.78328927059957,226.78328927059957,226.78328927059957,226.78328927059957,226.78328927059957,0,0.0,none,226.78328927059957,226.78328927059957,operational_residual_hot_peak_only_v1,0,hot_peak_only,226.78328927059957,0.0,226.78328927059957,0,hot_peak_low_forecast_gate_blocked,origin_available_shadow,-3.7145062705995713,3.7145062705995713,0.0,0.0,226.78328927059957,0,hot_peak_low_forecast_gate_blocked,-3.7145062705995713,3.7145062705995713,0.0,-2.337932581143548,-2.8152196855468787,-3.9261862685885944,0.2942623860995752,-3.7145062705995713,-3.7145062705995713,-3.7145062705995713,-3.7145062705995713,3.7145062705995713,0.0,1.3765736894560234,0.0,0.0,0.0,0.0,0.0,1.3765736894560234,Recent_Corrected_Forecast_MWH,days4to7_recent_corrected,raw_bias,none,none,recent_mean+last24_mean+same_hour+hourgroup+global+temp_hourgroup+cloud_hourgroup+solar_hourgroup+solar_loss_hourgroup+temp_cloud_hourgroup,3.0,9,210.05268566666666,230.571863,63,213.56628803174604,240.531745,13.016097333333335,Peak,0,0,0,1,4.0,0.0,0.25,3.0,0.0,184.181123613916,154.21707546630992,-2.337932581143548,2.337932581143548,1.0480769876005231,Spring,0.0,0.0,0.0,0.0,Clear/Low,0.0,None,1.376573689456032,weighted_fallback,global+hour+temp_cloud_hourgroup,226.78328927059957,0.0,226.78328927059957,none,170+,other,1.0,0.0,0.0,0.0,0.0,0.0,,,ar_disabled_or_empty,0.0,,,origin_day_disabled_or_empty,226.78328927059957,0.0,0.0,71.18964011483362,41.22559196722756,1.6651842631873648,4.0,Low,,,,,,,,,,,,,,,,,,,,,,,,,,,,,,,,,,,,,,,,,,,,,,,,,,,,,,,,,,,,,,,45,2026-04-12 23:00:00-07:00,2026-05-27 23:00:00-07:00,2026-06-01,0.0,2.337932581143548,2.337932581143548,0,1,160.416141,115.767125,194.56784485714283,,,,,,,,,,,,,,,,,-2.337932581143548,-3.7145062705995713,-3.7145062705995713,-3.7145062705995713,-3.7145062705995713,-3.7145062705995713
2026-06-02 14:00:00-07:00,origin_19,2026-05-28 00:00:00-07:00,2026,5,135,6,Days2to7,Summer,6,14,204.34855,90.6,93.4,0.85,20.7862336302121,0.0,0.0,202.73489397939494,202.70448303222656,202.84999300871223,202.5627129182302,203.48626121961385,203.92754459530036,203.60546629757468,203.60546629757468,203.63499931646024,203.63499931646024,203.63499931646024,203.63499931646024,0,0.0,none,203.63499931646024,203.63499931646024,operational_residual_hot_peak_only_v1,0,hot_peak_only,203.63499931646024,0.0,203.63499931646024,0,global_shadow_only,origin_available_shadow,0.7135506835397507,0.7135506835397507,0.0,-0.1694849244083268,203.46551439205192,1,global,0.8830356079480737,0.8830356079480737,0.16948492440832297,1.613656020605049,1.6440669677734263,1.4985569912877565,1.7858370817697846,0.7135506835397507,0.7135506835397507,0.7135506835397507,0.7135506835397507,0.7135506835397507,0.7513672402189115,0.44128337568650977,-0.32207829772568175,0.0,0.029533018885558704,0.0,0.0,0.9001053370652983,Recent_Corrected_Forecast_MWH,days4to7_recent_corrected,raw_bias+solar_cloud_midday,event_class_hour_loss+weekday_hour_cloud_loss+event_class_hour_temp+hour_cloud_loss+hour_base_loss+hour_temp_loss+hour_loss+hour_cloud,none,recent_mean+last24_mean+same_hour+hourgroup+global+temp_hourgroup+cloud_hourgroup+solar_hourgroup+solar_loss_hourgroup,3.0,10,179.72373889999997,191.9870738,70,213.90568264285713,239.40674,24.624811100000016,Midday,1,0,0,0,4.0,1.1386919066973413,0.25,3.0,0.0,193.8792907922956,135.49924031894147,1.613656020605049,1.613656020605049,0.7896586594840281,Spring,0.7621017159171517,-0.010734475698237529,0.7513672402189142,4.0,Overcast,5.0,None,0.4412833756865218,weighted_fallback,global+hour+temp_cloud_hourgroup,203.63499931646024,0.0,203.92754459530036,none,170+,solar_loss_general,0.7,-0.32207829772568874,-0.32207829772568874,0.0,0.029533018885546002,0.0,,,ar_disabled_or_empty,0.0,,,origin_day_disabled_or_empty,203.60546629757468,0.0,0.0,67.23565366045347,8.855603187099348,0.3491831400515202,4.0,High,,,,,,,,,,,,,,,,,,,,,,,,,,,,,,,,,,,,,,,,,,,,,,,,,,,,,,,,,,,,,,,45,2026-04-12 23:00:00-07:00,2026-05-27 23:00:00-07:00,2026-06-02,1.613656020605049,0.0,-1.613656020605049,1,0,115.58095,96.422883,182.3182867142857,,,,,,,,,,,,,,,,,0.8622887803861374,0.42100540469962766,0.7430837024253094,0.7430837024253094,0.7135506835397507,0.7135506835397507
2026-06-02 15:00:00-07:00,origin_19,2026-05-28 00:00:00-07:00,2026,5,136,6,Days2to7,Summer,6,15,221.277091,92.6,93.4,0.97,16.901295909342686,0.0,0.0,220.0117992213035,221.3345184326172,220.43072670705266,218.9755648261795,221.86524033139924,222.2324170862387,222.31076422978134,222.31076422978134,222.39969650833945,222.39969650833945,222.39969650833945,222.39969650833945,0,0.0,none,222.39969650833945,222.39969650833945,operational_residual_hot_peak_only_v1,0,hot_peak_only,222.39969650833945,0.0,222.39969650833945,0,global_shadow_only,origin_available_shadow,-1.1226055083394328,1.1226055083394328,0.0,0.16587254186578476,222.56556905020523,1,global,-1.2884780502052138,1.2884780502052138,0.16587254186578093,1.2652917786965077,-0.057427432617174645,0.8463642929473565,2.3015261738205197,-1.1226055083394328,-1.1226055083394328,-1.1226055083394328,-1.1226055083394328,1.1226055083394328,1.85344111009573,0.36717675483947687,0.07834714354262928,0.0,0.08893227855810437,0.0,0.0,2.3878972870359405,Recent_Corrected_Forecast_MWH,days4to7_recent_corrected,raw_bias+solar_cloud_midday,event_class_hour_loss+weekday_hour_cloud_loss+event_class_hour_temp+hour_cloud_loss+hour_base_loss+hour_temp_loss+hour_loss+hour_cloud,none,recent_mean+last24_mean+same_hour+hourgroup+global+temp_hourgroup+cloud_hourgroup+solar_hourgroup+solar_loss_hourgroup,3.0,10,200.233677,207.070216,70,213.90568264285713,239.40674,21.043414000000013,Midday,1,0,0,0,4.0,1.3332272323606775,0.21,2.6,0.0,211.1652164693762,146.67595584272007,1.2652917786965077,1.2652917786965077,0.5718132740169236,Spring,0.8146984493652384,1.0387426607304948,1.853441110095733,4.0,Overcast,4.0,None,0.3671767548394734,weighted_fallback,global+hour+temp_cloud_hourgroup,222.39969650833945,0.0,222.2324170862387,none,170+,weekday_late_midday_solar_loss,0.5319999999999999,0.07834714354262742,0.14726906680945007,0.0,0.08893227855809382,0.0,,,ar_disabled_or_empty,0.0,,,origin_day_disabled_or_empty,222.31076422978134,0.0,0.0,73.33584337858343,8.846582751927315,0.5073302000067565,4.0,Medium-High,,,,,,,,,,,,,,,,,,,,,,,,,,,,,,,,,,,,,,,,,,,,,,,,,,,,,,,,,,,,,,,45,2026-04-12 23:00:00-07:00,2026-05-27 23:00:00-07:00,2026-06-02,1.2652917786965077,0.0,-1.2652917786965077,1,0,121.906483,100.195808,199.4284757142857,,,,,,,,,,,,,,,,,-0.5881493313992223,-0.9553260862386992,-1.0336732297813285,-1.0336732297813285,-1.1226055083394328,-1.1226055083394328
2026-06-02 16:00:00-07:00,origin_19,2026-05-28 00:00:00-07:00,2026,5,137,6,Days2to7,Summer,6,16,239.70915,93.4,93.4,0.99,10.806538723351252,0.0,0.0,237.90091402023938,238.34654235839844,239.0885485024198,235.90730888019613,237.90091402023938,238.26939568472048,238.53127228893126,238.53127228893126,238.62406172671976,238.62406172671976,238.62406172671976,238.62406172671976,0,0.0,none,238.62406172671976,238.62406172671976,operational_residual_hot_peak_only_v1,0,hot_peak_only,238.62406172671976,0.0,238.62406172671976,0,hot_peak_low_forecast_gate_blocked,origin_available_shadow,1.0850882732802347,1.0850882732802347,0.0,0.0,238.62406172671976,0,hot_peak_low_forecast_gate_blocked,1.0850882732802347,1.0850882732802347,0.0,1.8082359797606102,1.3626076416015565,0.6206014975801963,3.8018411198038677,1.0850882732802347,1.0850882732802347,1.0850882732802347,1.0850882732802347,1.0850882732802347,0.0,0.3684816644810951,0.2618766042107836,0.0,0.0927894377884968,0.0,0.0,0.7231477064803755,Recent_Corrected_Forecast_MWH,days4to7_recent_corrected,raw_bias+solar_cloud_midday,event_class_hour_loss+weekday_hour_cloud_loss+event_class_hour_temp+hour_cloud_loss+hour_base_loss+hour_temp_loss+hour_loss+hour_cloud,none,recent_mean+last24_mean+same_hour+hourgroup+global+temp_hourgroup+cloud_hourgroup+solar_loss_hourgroup,3.0,10,217.8996831,228.46922249999997,70,213.90568264285713,239.40674,21.80946689999999,Peak,1,0,0,1,4.0,1.35,0.2,2.4,0.0,227.25469538730698,156.6495698461892,1.8082359797606102,1.8082359797606102,0.754345831087637,Spring,0.0,0.0,0.0,4.0,Overcast,3.0,None,0.36848166448108094,weighted_fallback,global+hour+temp_cloud_hourgroup,238.62406172671976,0.0,238.26939568472048,none,170+,warm_cloud_peak_transition,0.644,0.26187660421077374,0.40664068976828216,0.0,0.0927894377885046,0.0,,,ar_disabled_or_empty,0.0,,,origin_day_disabled_or_empty,238.53127228893126,0.0,0.0,81.25134417405019,10.646218632932403,0.4526686917375639,4.0,Medium-High,,,,,,,,,,,,,,,,,,,,,,,,,,,,,,,,,,,,,,,,,,,,,,,,,,,,,,,,,,,,,,,45,2026-04-12 23:00:00-07:00,2026-05-27 23:00:00-07:00,2026-06-02,1.8082359797606102,0.0,-1.8082359797606102,1,0,128.748283,104.818333,207.58950342857142,,,,,,,,,,,,,,,,,1.8082359797606102,1.4397543152795151,1.1778777110687315,1.1778777110687315,1.0850882732802347,1.0850882732802347
2026-06-02 17:00:00-07:00,origin_19,2026-05-28 00:00:00-07:00,2026,5,138,6,Days2to7,Summer,6,17,251.334891,93.3,93.4,0.94,6.348757352276078,0.0,0.0,248.64212281086927,248.97079467773438,247.48546813724417,250.36581676460435,248.64212281086927,249.31210377876155,249.31210377876155,249.31210377876155,249.37020349478252,249.37020349478252,249.37020349478252,249.37020349478252,0,0.0,none,249.37020349478252,249.37020349478252,operational_residual_hot_peak_only_v1,0,hot_peak_only,249.37020349478252,0.0,249.37020349478252,0,hot_peak_low_forecast_gate_blocked,origin_available_shadow,1.9646875052174835,1.9646875052174835,0.0,0.0,249.37020349478252,0,hot_peak_low_forecast_gate_blocked,1.9646875052174835,1.9646875052174835,0.0,2.6927681891307316,2.364096322265624,3.84942286275583,0.9690742353956523,1.9646875052174835,1.9646875052174835,1.9646875052174835,1.9646875052174835,1.9646875052174835,0.0,0.6699809678922861,0.0,0.0,0.05809971602096198,0.0,0.0,0.7280806839132481,Recent_Corrected_Forecast_MWH,days4to7_recent_corrected,raw_bias,none,none,recent_mean+last24_mean+same_hour+hourgroup+global+temp_hourgroup+cloud_hourgroup+solar_hourgroup+solar_loss_hourgroup,3.0,10,230.24716130000002,243.33112659999998,70,213.90568264285713,239.40674,21.087729699999983,Peak,1,0,0,1,4.0,1.35,0.19,2.9,0.0,238.51138379941554,164.4895560422912,2.6927681891307316,2.6927681891307316,1.0713865386603771,Spring,0.0,0.0,0.0,4.0,Overcast,2.0,None,0.6699809678922939,weighted_fallback,global+hour+temp_cloud_hourgroup,249.37020349478252,0.0,249.31210377876155,none,170+,warm_cloud_peak_transition,0.644,0.0,0.0,0.0,0.058099716020959084,0.0,,,ar_disabled_or_empty,0.0,,,origin_day_disabled_or_empty,249.31210377876155,0.0,0.0,84.15256676857805,10.130739011453727,0.7817010592522482,4.0,Medium-Low,,,,,,,,,,,,,,,,,,,,,,,,,,,,,,,,,,,,,,,,,,,,,,,,,,,,,,,,,,,,,,,45,2026-04-12 23:00:00-07:00,2026-05-27 23:00:00-07:00,2026-06-02,2.6927681891307316,0.0,-2.6927681891307316,1,0,136.156775,108.547,229.341641,,,,,,,,,,,,,,,,,2.6927681891307316,2.0227872212384455,2.0227872212384455,2.0227872212384455,1.9646875052174835,1.9646875052174835
2026-06-02 18:00:00-07:00,origin_19,2026-05-28 00:00:00-07:00,2026,5,139,6,Days2to7,Summer,6,18,251.198791,92.6,93.4,1.0,2.158047316061634,0.0,0.0,249.73587881513075,249.58062744140625,250.19175376623292,249.06386142732006,249.73587881513075,250.43714183079982,250.43714183079982,250.43714183079982,250.42866145255513,250.42866145255513,250.42866145255513,250.42866145255513,0,0.0,none,250.42866145255513,250.42866145255513,operational_residual_hot_peak_only_v1,0,hot_peak_only,250.42866145255513,0.0,250.42866145255513,0,hot_peak_low_forecast_gate_blocked,origin_available_shadow,0.7701295474448671,0.7701295474448671,0.0,0.0,250.42866145255513,0,hot_peak_low_forecast_gate_blocked,0.7701295474448671,0.7701295474448671,0.0,1.4629121848692535,1.61816355859375,1.007037233767079,2.134929572679937,0.7701295474448671,0.7701295474448671,0.7701295474448671,0.7701295474448671,0.7701295474448671,0.0,0.7012630156690705,0.0,0.0,-0.008480378244684061,0.0,0.0,0.6927826374243864,Recent_Corrected_Forecast_MWH,days4to7_recent_corrected,raw_bias,none,none,recent_mean+last24_mean+same_hour+hourgroup+global+temp_hourgroup+cloud_hourgroup+solar_hourgroup+solar_loss_hourgroup,3.0,10,232.6802873,248.66103660000002,70,213.90568264285713,239.40674,18.518503699999997,Peak,1,0,0,1,4.0,1.35,0.2,4.4,0.0,242.0427441464521,166.37444231380792,1.4629121848692535,1.4629121848692535,0.5823723032445859,Spring,0.0,0.0,0.0,4.0,Overcast,1.0,None,0.7012630156690836,weighted_fallback,global+hour+temp_cloud_hourgroup,250.42866145255513,0.0,250.43714183079982,none,170+,warm_cloud_peak_transition,0.644,0.0,0.0,0.0,-0.008480378244674002,0.0,,,ar_disabled_or_empty,0.0,,,origin_day_disabled_or_empty,250.43714183079982,0.0,0.0,83.36143650132283,7.693134668678653,0.30658170940196405,4.0,Medium-Low,,,,,,,,,,,,,,,,,,,,,,,,,,,,,,,,,,,,,,,,,,,,,,,,,,,,,,,,,,,,,,,45,2026-04-12 23:00:00-07:00,2026-05-27 23:00:00-07:00,2026-06-02,1.4629121848692535,0.0,-1.4629121848692535,1,0,143.195116,113.789708,233.34154599999997,,,,,,,,,,,,,,,,,1.4629121848692535,0.761649169200183,0.761649169200183,0.761649169200183,0.7701295474448671,0.7701295474448671
2026-06-02 19:00:00-07:00,origin_19,2026-05-28 00:00:00-07:00,2026,5,140,6,Days2to7,Summer,6,19,237.969425,90.2,93.4,0.97,0.3863582155123595,0.0,0.0,243.43809478783282,242.5791015625,245.1109687650037,241.0547194595165,243.43809478783282,244.28612284054847,244.28612284054847,244.28612284054847,244.26772337855937,244.26772337855937,244.26772337855937,244.26772337855937,0,0.0,none,244.26772337855937,244.26772337855937,operational_residual_hot_peak_only_v1,0,hot_peak_only,244.26772337855937,0.0,244.26772337855937,0,hot_peak_low_forecast_gate_blocked,origin_available_shadow,-6.298298378559366,6.298298378559366,0.0,0.0,244.26772337855937,0,hot_peak_low_forecast_gate_blocked,-6.298298378559366,6.298298378559366,0.0,-5.468669787832823,-4.609676562499999,-7.141543765003689,-3.08529445951649,-6.298298378559366,-6.298298378559366,-6.298298378559366,-6.298298378559366,6.298298378559366,0.0,0.8480280527156481,0.0,0.0,-0.018399461989105248,0.0,0.0,0.8296285907265428,Recent_Corrected_Forecast_MWH,days4to7_recent_corrected,raw_bias,none,none,recent_mean+last24_mean+same_hour+hourgroup+global+temp_hourgroup+cloud_hourgroup+solar_hourgroup+solar_loss_hourgroup,3.0,10,225.3923922,244.1583244,70,213.90568264285713,239.40674,12.577032800000012,Peak,1,0,0,1,4.0,0.0,0.23,7.5,0.0,236.25380979164478,166.8230722169094,-5.468669787832823,5.468669787832823,2.298055637959718,Spring,0.0,0.0,0.0,4.0,Overcast,0.0,None,0.8480280527156476,weighted_fallback,global+hour+temp_cloud_hourgroup,244.26772337855937,0.0,244.28612284054847,none,170+,warm_cloud_peak_transition,0.92,0.0,0.0,0.0,-0.018399461989105713,0.0,,,ar_disabled_or_empty,0.0,,,origin_day_disabled_or_empty,244.28612284054847,0.0,0.0,76.61502257092343,7.18428499618804,2.646683866450224,4.0,Low,,,,,,,,,,,,,,,,,,,,,,,,,,,,,,,,,,,,,,,,,,,,,,,,,,,,,,,,,,,,,,,45,2026-04-12 23:00:00-07:00,2026-05-27 23:00:00-07:00,2026-06-02,0.0,5.468669787832823,5.468669787832823,0,1,154.249975,118.516458,226.92417214285715,,,,,,,,,,,,,,,,,-5.468669787832823,-6.316697840548471,-6.316697840548471,-6.316697840548471,-6.298298378559366,-6.298298378559366
2026-06-02 20:00:00-07:00,origin_19,2026-05-28 00:00:00-07:00,2026,5,141,6,Days2to7,Summer,6,20,225.91785,84.5,93.4,1.0,0.1080318085349435,0.0,0.0,228.0887302887386,227.1405029296875,229.73216125405935,225.7771180172492,228.0887302887386,229.3065791020155,229.3065791020155,229.3065791020155,229.3560446533796,229.3560446533796,229.3560446533796,229.3560446533796,0,0.0,none,229.3560446533796,229.3560446533796,operational_residual_hot_peak_only_v1,0,hot_peak_only,229.3560446533796,0.0,229.3560446533796,0,hot_peak_low_forecast_gate_blocked,origin_available_shadow,-3.438194653379611,3.438194653379611,0.0,0.0,229.3560446533796,0,hot_peak_low_forecast_gate_blocked,-3.438194653379611,3.438194653379611,0.0,-2.1708802887386014,-1.2226529296875128,-3.814311254059362,0.14073198275079335,-3.438194653379611,-3.438194653379611,-3.438194653379611,-3.438194653379611,3.438194653379611,0.0,1.2178488132769019,0.0,0.0,0.049465551364107796,0.0,0.0,1.2673143646410097,Recent_Corrected_Forecast_MWH,days4to7_recent_corrected,raw_bias,none,none,recent_mean+last24_mean+same_hour+hourgroup+global+temp_hourgroup+cloud_hourgroup+solar_hourgroup+solar_loss_hourgroup,3.0,10,211.1628387,230.4176605,70,213.90568264285713,239.40674,14.755011299999978,Peak,1,0,0,1,4.0,0.0,0.31,9.6,0.0,225.40671558114354,165.256130120759,-2.1708802887386014,2.1708802887386014,0.9609157880789859,Spring,0.0,0.0,0.0,4.0,Overcast,0.0,None,1.2178488132769125,weighted_fallback,global+hour+temp_cloud_hourgroup,229.3560446533796,0.0,229.3065791020155,none,170+,warm_cloud_peak_transition,0.92,0.0,0.0,0.0,0.04946555136411375,0.0,,,ar_disabled_or_empty,0.0,,,origin_day_disabled_or_empty,229.3065791020155,0.0,0.0,62.83260016797959,2.6820147075950445,1.5218782638820312,4.0,Low,,,,,,,,,,,,,,,,,,,,,,,,,,,,,,,,,,,,,,,,,,,,,,,,,,,,,,,,,,,,,,,45,2026-04-12 23:00:00-07:00,2026-05-27 23:00:00-07:00,2026-06-02,0.0,2.1708802887386014,2.1708802887386014,0,1,166.870333,125.663666,210.5922424285714,,,,,,,,,,,,,,,,,-2.1708802887386014,-3.3887291020155033,-3.3887291020155033,-3.3887291020155033,-3.438194653379611,-3.438194653379611
2026-06-03 14:00:00-07:00,origin_19,2026-05-28 00:00:00-07:00,2026,5,159,7,Days2to7,Summer,6,14,192.374825,89.2,93.3,0.0,21.761858010514217,0.0,0.0,194.30039877953666,192.9537353515625,194.57271100777882,194.25724054314873,194.9988585813698,195.45786964365757,195.45786964365757,195.45786964365757,195.45786964365757,195.45786964365757,195.45786964365757,195.45786964365757,0,0.0,none,195.45786964365757,195.45786964365757,operational_residual_hot_peak_only_v1,0,hot_peak_only,195.45786964365757,0.0,195.45786964365757,0,global_shadow_only,origin_available_shadow,-3.083044643657587,3.083044643657587,0.0,-0.6611238320129468,194.79674581164463,1,global,-2.4219208116446396,2.4219208116446396,-0.6611238320129473,-1.925573779536677,-0.5789103515625129,-2.197886007778834,-1.8824155431487384,-3.083044643657587,-3.083044643657587,-3.083044643657587,-3.083044643657587,3.083044643657587,0.6984598018331383,0.45901106228777167,0.0,0.0,0.0,0.0,0.0,1.15747086412091,Recent_Corrected_Forecast_MWH,days4to7_recent_corrected,raw_bias,none,none,recent_mean+last24_mean+same_hour+hourgroup+global+temp_hourgroup+cloud_hourgroup+solar_hourgroup+solar_loss_hourgroup+temp_cloud_hourgroup,3.0,10,179.72373889999997,191.9870738,70,213.90568264285713,239.40674,12.651086100000015,Midday,2,0,0,0,4.0,1.1539117923944557,0.25,3.0,0.0,202.73489397939494,147.78891931599787,-1.925573779536677,1.925573779536677,1.000948944092179,Spring,0.6984598018331389,0.0,0.6984598018331389,0.0,Clear/Low,5.0,None,0.459011062287772,weighted_fallback,global+hour+temp_cloud_hourgroup,195.45786964365757,0.0,195.45786964365757,none,170+,other,0.7,0.0,0.0,0.0,0.0,0.0,,,ar_disabled_or_empty,0.0,,,origin_day_disabled_or_empty,195.45786964365757,0.0,0.0,46.51147946353879,-8.434495199858276,1.6026237547753908,4.0,High,,,,,,,,,,,,,,,,,,,,,,,,,,,,,,,,,,,,,,,,,,,,,,,,,,,,,,,,,,,,,,,45,2026-04-12 23:00:00-07:00,2026-05-27 23:00:00-07:00,2026-06-03,0.0,1.925573779536677,1.925573779536677,0,1,113.497358,113.168525,196.89877857142855,,,,,,,,,,,,,,,,,-2.6240335813698152,-3.083044643657587,-3.083044643657587,-3.083044643657587,-3.083044643657587,-3.083044643657587
2026-06-03 15:00:00-07:00,origin_19,2026-05-28 00:00:00-07:00,2026,5,160,7,Days2to7,Summer,6,15,216.148291,91.7,93.3,0.0,17.450449805038325,0.0,0.0,214.8833004574271,213.95242309570312,215.11900611701427,214.778870809997,215.64434840854383,216.03068174244345,216.03068174244345,216.03068174244345,216.03068174244345,216.03068174244345,216.03068174244345,216.03068174244345,0,0.0,none,216.03068174244345,216.03068174244345,operational_residual_hot_peak_only_v1,0,hot_peak_only,216.03068174244345,0.0,216.03068174244345,0,global_shadow_only,origin_available_shadow,0.11760925755655194,0.11760925755655194,0.0,-0.251776123602271,215.77890561884118,1,global,0.36938538115882125,0.36938538115882125,0.2517761236022693,1.264990542572889,2.1958679042968754,1.0292848829857348,1.3694201900030123,0.11760925755655194,0.11760925755655194,0.11760925755655194,0.11760925755655194,0.11760925755655194,0.7610479511167227,0.3863333338996142,0.0,0.0,0.0,0.0,0.0,1.147381285016337,Recent_Corrected_Forecast_MWH,days4to7_recent_corrected,raw_bias,none,none,recent_mean+last24_mean+same_hour+hourgroup+global+temp_hourgroup+cloud_hourgroup+solar_hourgroup+solar_loss_hourgroup+temp_cloud_hourgroup,3.0,10,200.233677,207.070216,70,213.90568264285713,239.40674,15.914614,Midday,2,0,0,0,4.0,1.334813023802108,0.24,2.3,0.0,220.0117992213035,159.5747855886206,1.264990542572889,1.264990542572889,0.5852419821227681,Spring,0.7610479511167272,0.0,0.7610479511167272,0.0,Clear/Low,4.0,None,0.3863333338996072,weighted_fallback,global+hour+temp_cloud_hourgroup,216.03068174244345,0.0,216.03068174244345,none,170+,other,0.7,0.0,0.0,0.0,0.0,0.0,,,ar_disabled_or_empty,0.0,,,origin_day_disabled_or_empty,216.03068174244345,0.0,0.0,55.3085148688065,-5.128498763876394,0.05441137517786432,4.0,Medium-High,,,,,,,,,,,,,,,,,,,,,,,,,,,,,,,,,,,,,,,,,,,,,,,,,,,,,,,,,,,,,,,45,2026-04-12 23:00:00-07:00,2026-05-27 23:00:00-07:00,2026-06-03,1.264990542572889,0.0,-1.264990542572889,1,0,120.454241,121.463241,216.30311242857144,,,,,,,,,,,,,,,,,0.5039425914561662,0.11760925755655194,0.11760925755655194,0.11760925755655194,0.11760925755655194,0.11760925755655194
2026-06-03 16:00:00-07:00,origin_19,2026-05-28 00:00:00-07:00,2026,5,161,7,Days2to7,Summer,6,16,239.162783,93.3,93.3,0.0,11.948781590263016,0.0,0.0,235.38167398009654,236.2545623779297,235.71083487654698,234.61502445772197,235.38167398009654,236.02856612563082,236.02856612563082,236.02856612563082,236.02856612563082,236.02856612563082,236.02856612563082,236.02856612563082,0,0.0,none,236.02856612563082,236.02856612563082,operational_residual_hot_peak_only_v1,0,hot_peak_only,236.02856612563082,0.0,236.02856612563082,0,hot_peak_low_forecast_gate_blocked,origin_available_shadow,3.134216874369173,3.134216874369173,0.0,0.0,236.02856612563082,0,hot_peak_low_forecast_gate_blocked,3.134216874369173,3.134216874369173,0.0,3.781109019903454,2.908220622070303,3.4519481234530076,4.547758542278018,3.134216874369173,3.134216874369173,3.134216874369173,3.134216874369173,3.134216874369173,0.0,0.6468921455342809,0.0,0.0,0.0,0.0,0.0,0.6468921455342809,Recent_Corrected_Forecast_MWH,days4to7_recent_corrected,raw_bias,none,none,recent_mean+last24_mean+same_hour+hourgroup+global+temp_hourgroup+cloud_hourgroup+solar_loss_hourgroup+temp_cloud_hourgroup,3.0,10,217.8996831,228.46922249999997,70,213.90568264285713,239.40674,21.263099899999986,Peak,2,0,0,1,4.0,1.35,0.22,1.5,0.0,237.90091402023938,171.14381827765195,3.781109019903454,3.781109019903454,1.5809771790050855,Spring,0.0,0.0,0.0,0.0,Clear/Low,3.0,None,0.6468921455342753,weighted_fallback,global+hour+temp_cloud_hourgroup,236.02856612563082,0.0,236.02856612563082,none,170+,other,0.7,0.0,0.0,0.0,0.0,0.0,,,ar_disabled_or_empty,0.0,,,origin_day_disabled_or_empty,236.02856612563082,0.0,0.0,64.23785570244459,-2.519240040142847,1.3104952346909147,4.0,Medium-High,,,,,,,,,,,,,,,,,,,,,,,,,,,,,,,,,,,,,,,,,,,,,,,,,,,,,,,,,,,,,,,45,2026-04-12 23:00:00-07:00,2026-05-27 23:00:00-07:00,2026-06-03,3.781109019903454,0.0,-3.781109019903454,1,0,124.9937,127.706541,235.3677237142857,,,,,,,,,,,,,,,,,3.781109019903454,3.134216874369173,3.134216874369173,3.134216874369173,3.134216874369173,3.134216874369173
2026-06-03 17:00:00-07:00,origin_19,2026-05-28 00:00:00-07:00,2026,5,162,7,Days2to7,Summer,6,17,253.292233,93.3,93.3,0.0,6.303907497804443,0.0,0.0,249.9410909329547,247.79873657226562,250.34222240101747,249.9228427290529,249.9410909329547,250.84699766071802,250.84699766071802,250.84699766071802,250.84699766071802,250.84699766071802,250.84699766071802,250.84699766071802,0,0.0,none,250.84699766071802,250.84699766071802,operational_residual_hot_peak_only_v1,0,hot_peak_only,250.84699766071802,0.0,250.84699766071802,0,hot_peak_low_forecast_gate_blocked,origin_available_shadow,2.445235339281993,2.445235339281993,0.0,0.0,250.84699766071802,0,hot_peak_low_forecast_gate_blocked,2.445235339281993,2.445235339281993,0.0,3.3511420670453163,5.493496427734385,2.9500105989825443,3.3693902709471217,2.445235339281993,2.445235339281993,2.445235339281993,2.445235339281993,2.445235339281993,0.0,0.9059067277633233,0.0,0.0,0.0,0.0,0.0,0.9059067277633233,Recent_Corrected_Forecast_MWH,days4to7_recent_corrected,raw_bias,none,none,recent_mean+last24_mean+same_hour+hourgroup+global+temp_hourgroup+cloud_hourgroup+solar_hourgroup+solar_loss_hourgroup+temp_cloud_hourgroup,3.0,10,230.24716130000002,243.33112659999998,70,213.90568264285713,239.40674,23.045071699999994,Peak,2,0,0,1,4.0,1.35,0.2,2.6,0.0,248.64212281086927,179.09564030098684,3.3511420670453163,3.3511420670453163,1.3230338835716753,Spring,0.0,0.0,0.0,0.0,Clear/Low,2.0,None,0.9059067277633209,weighted_fallback,global+hour+temp_cloud_hourgroup,250.84699766071802,0.0,250.84699766071802,none,170+,other,0.7,0.0,0.0,0.0,0.0,0.0,,,ar_disabled_or_empty,0.0,,,origin_day_disabled_or_empty,250.84699766071802,0.0,0.0,70.84545063196785,1.2989681220854266,0.9653810976833201,4.0,Medium-Low,,,,,,,,,,,,,,,,,,,,,,,,,,,,,,,,,,,,,,,,,,,,,,,,,,,,,,,,,,,,,,,45,2026-04-12 23:00:00-07:00,2026-05-27 23:00:00-07:00,2026-06-03,3.3511420670453163,0.0,-3.3511420670453163,1,0,130.518141,134.152408,245.69311128571425,,,,,,,,,,,,,,,,,3.3511420670453163,2.445235339281993,2.445235339281993,2.445235339281993,2.445235339281993,2.445235339281993
2026-06-03 18:00:00-07:00,origin_19,2026-05-28 00:00:00-07:00,2026,5,163,7,Days2to7,Summer,6,18,258.099775,93.3,93.3,0.0,2.5135684153491384,0.0,0.0,255.7081303348439,255.58969116210938,255.69081899942637,255.76917362556702,255.7081303348439,256.64091110989193,256.64091110989193,256.64091110989193,256.64091110989193,256.64091110989193,256.64091110989193,256.64091110989193,0,0.0,none,256.64091110989193,256.64091110989193,operational_residual_hot_peak_only_v1,0,hot_peak_only,256.64091110989193,0.0,256.64091110989193,0,hot_peak_low_forecast_gate_blocked,origin_available_shadow,1.4588638901080913,1.4588638901080913,0.0,0.0,256.64091110989193,0,hot_peak_low_forecast_gate_blocked,1.4588638901080913,1.4588638901080913,0.0,2.3916446651561216,2.5100838378906474,2.408956000573653,2.3306013744330016,1.4588638901080913,1.4588638901080913,1.4588638901080913,1.4588638901080913,1.4588638901080913,0.0,0.9327807750480304,0.0,0.0,0.0,0.0,0.0,0.9327807750480304,Recent_Corrected_Forecast_MWH,days4to7_recent_corrected,raw_bias,none,none,recent_mean+last24_mean+same_hour+hourgroup+global+temp_hourgroup+cloud_hourgroup+solar_hourgroup+solar_loss_hourgroup+temp_cloud_hourgroup,3.0,10,232.6802873,248.66103660000002,70,213.90568264285713,239.40674,25.41948770000002,Peak,2,0,0,1,4.0,1.35,0.2,2.5,0.0,249.73587881513075,183.31334414454088,2.3916446651561216,2.3916446651561216,0.9266357032493041,Spring,0.0,0.0,0.0,0.0,Clear/Low,1.0,None,0.9327807750480117,weighted_fallback,global+hour+temp_cloud_hourgroup,256.64091110989193,0.0,256.64091110989193,none,170+,other,0.7,0.0,0.0,0.0,0.0,0.0,,,ar_disabled_or_empty,0.0,,,origin_day_disabled_or_empty,256.64091110989193,0.0,0.0,72.39478619030302,5.972251519713154,0.5652325307560191,4.0,Medium-Low,,,,,,,,,,,,,,,,,,,,,,,,,,,,,,,,,,,,,,,,,,,,,,,,,,,,,,,,,,,,,,,45,2026-04-12 23:00:00-07:00,2026-05-27 23:00:00-07:00,2026-06-03,2.3916446651561216,0.0,-2.3916446651561216,1,0,137.8902,140.571816,240.26213285714286,,,,,,,,,,,,,,,,,2.3916446651561216,1.4588638901080913,1.4588638901080913,1.4588638901080913,1.4588638901080913,1.4588638901080913
2026-06-03 19:00:00-07:00,origin_19,2026-05-28 00:00:00-07:00,2026,5,164,7,Days2to7,Summer,6,19,252.9156,92.4,93.3,0.0,0.5457846422450984,0.0,0.0,252.0447321111082,254.98516845703125,252.48248262095206,250.51671378251837,252.0447321111082,253.10359704066784,253.10359704066784,253.10359704066784,253.10359704066784,253.10359704066784,253.10359704066784,253.10359704066784,0,0.0,none,253.10359704066784,253.10359704066784,operational_residual_hot_peak_only_v1,0,hot_peak_only,253.10359704066784,0.0,253.10359704066784,0,hot_peak_low_forecast_gate_blocked,origin_available_shadow,-0.18799704066782397,0.18799704066782397,0.0,0.0,253.10359704066784,0,hot_peak_low_forecast_gate_blocked,-0.18799704066782397,0.18799704066782397,0.0,0.8708678888918087,-2.069568457031238,0.4331173790479568,2.398886217481646,-0.18799704066782397,-0.18799704066782397,-0.18799704066782397,-0.18799704066782397,0.18799704066782397,0.0,1.0588649295596326,0.0,0.0,0.0,0.0,0.0,1.0588649295596326,Recent_Corrected_Forecast_MWH,days4to7_recent_corrected,raw_bias,none,none,recent_mean+last24_mean+same_hour+hourgroup+global+temp_hourgroup+cloud_hourgroup+solar_hourgroup+solar_loss_hourgroup+temp_cloud_hourgroup,3.0,10,225.3923922,244.1583244,70,213.90568264285713,239.40674,27.523207800000023,Peak,2,0,0,1,4.0,0.0,0.21,1.3,0.0,243.43809478783282,181.81865961517119,0.8708678888918087,0.8708678888918087,0.3443314247487338,Spring,0.0,0.0,0.0,0.0,Clear/Low,0.0,None,1.0588649295596353,weighted_fallback,global+hour+temp_cloud_hourgroup,253.10359704066784,0.0,253.10359704066784,none,170+,other,1.0,0.0,0.0,0.0,0.0,0.0,,,ar_disabled_or_empty,0.0,,,origin_day_disabled_or_empty,253.10359704066784,0.0,0.0,70.22607249593702,8.606637323275379,0.07433192759474859,4.0,Low,,,,,,,,,,,,,,,,,,,,,,,,,,,,,,,,,,,,,,,,,,,,,,,,,,,,,,,,,,,,,,,45,2026-04-12 23:00:00-07:00,2026-05-27 23:00:00-07:00,2026-06-03,0.8708678888918087,0.0,-0.8708678888918087,1,0,145.590008,148.99605,239.46024257142858,,,,,,,,,,,,,,,,,0.8708678888918087,-0.18799704066782397,-0.18799704066782397,-0.18799704066782397,-0.18799704066782397,-0.18799704066782397
2026-06-03 20:00:00-07:00,origin_19,2026-05-28 00:00:00-07:00,2026,5,165,7,Days2to7,Summer,6,20,238.239391,89.0,93.3,0.0,0.0771403485505173,0.0,0.0,242.5250020973167,243.03958129882812,244.59120801168572,239.13108446001928,242.5250020973167,243.90157578677272,243.90157578677272,243.90157578677272,243.90157578677272,243.90157578677272,243.90157578677272,243.90157578677272,0,0.0,none,243.90157578677272,243.90157578677272,operational_residual_hot_peak_only_v1,0,hot_peak_only,243.90157578677272,0.0,243.90157578677272,0,hot_peak_low_forecast_gate_blocked,origin_available_shadow,-5.662184786772713,5.662184786772713,0.0,0.0,243.90157578677272,0,hot_peak_low_forecast_gate_blocked,-5.662184786772713,5.662184786772713,0.0,-4.285611097316689,-4.800190298828113,-6.351817011685711,-0.891693460019269,-5.662184786772713,-5.662184786772713,-5.662184786772713,-5.662184786772713,5.662184786772713,0.0,1.3765736894560234,0.0,0.0,0.0,0.0,0.0,1.3765736894560234,Recent_Corrected_Forecast_MWH,days4to7_recent_corrected,raw_bias,none,none,recent_mean+last24_mean+same_hour+hourgroup+global+temp_hourgroup+cloud_hourgroup+solar_hourgroup+solar_loss_hourgroup+temp_cloud_hourgroup,3.0,10,211.1628387,230.4176605,70,213.90568264285713,239.40674,27.076552300000003,Peak,2,0,0,1,4.0,0.0,0.24,5.8,0.0,228.0887302887386,177.1524035905788,-4.285611097316689,4.285611097316689,1.7988675505456984,Spring,0.0,0.0,0.0,0.0,Clear/Low,0.0,None,1.376573689456032,weighted_fallback,global+hour+temp_cloud_hourgroup,243.90157578677272,0.0,243.90157578677272,none,170+,other,1.0,0.0,0.0,0.0,0.0,0.0,,,ar_disabled_or_empty,0.0,,,origin_day_disabled_or_empty,243.90157578677272,0.0,0.0,65.37259850673789,14.436271808578113,2.376678668882558,4.0,Low,,,,,,,,,,,,,,,,,,,,,,,,,,,,,,,,,,,,,,,,,,,,,,,,,,,,,,,,,,,,,,,45,2026-04-12 23:00:00-07:00,2026-05-27 23:00:00-07:00,2026-06-03,0.0,4.285611097316689,4.285611097316689,0,1,158.646916,160.416141,219.995295,,,,,,,,,,,,,,,,,-4.285611097316689,-5.662184786772713,-5.662184786772713,-5.662184786772713,-5.662184786772713,-5.662184786772713
2026-06-04 14:00:00-07:00,origin_19,2026-05-28 00:00:00-07:00,2026,5,183,8,Days8to16,Summer,6,14,209.669616,91.0,94.5,0.0,20.19584626674185,0.0,0.0,217.42666066208892,218.18084716796875,217.6603507798639,216.843951475334,217.9999049342445,218.45891599653228,218.45891599653228,218.45891599653228,218.50604138773218,216.38604138773218,216.38604138773218,216.38604138773218,0,0.0,none,216.38604138773218,216.38604138773218,operational_residual_hot_peak_only_v1,0,hot_peak_only,216.38604138773218,0.0,216.38604138773218,0,global_shadow_only,origin_available_shadow,-6.716425387732187,6.716425387732187,0.0,0.07390697454614233,216.4599483622783,1,global,-6.7903323622783205,6.7903323622783205,0.0739069745461336,-7.75704466208893,-8.51123116796876,-7.990734779863914,-7.174335475334004,-6.716425387732187,-6.716425387732187,-6.716425387732187,-6.716425387732187,6.716425387732187,0.5732442721555913,0.45901106228777167,0.0,0.0,0.04712539119989856,-2.1200000000000045,0.0,-1.040619274356743,Final_Backtest_Forecast_MWH,days8plus_final_low_confidence+long_horizon_peak_month_correction,raw_bias,none,none,recent_mean+last24_mean+same_hour+hourgroup+global+temp_hourgroup+cloud_hourgroup+solar_hourgroup+solar_loss_hourgroup+temp_cloud_hourgroup,3.0,10,179.72373889999997,191.9870738,70,213.90568264285713,239.40674,29.94587710000002,Midday,3,0,0,0,4.0,1.1575274452260107,0.27,3.0,0.0,194.30039877953666,158.28175728450313,-7.75704466208893,7.75704466208893,3.6996512942957507,Spring,0.5732442721555933,0.0,0.5732442721555933,0.0,Clear/Low,5.0,None,0.459011062287772,weighted_fallback,global+hour+temp_cloud_hourgroup,218.50604138773218,0.0,218.45891599653228,none,170+,other,0.7,0.0,0.0,0.0,0.04712539119990084,0.0,,,ar_disabled_or_empty,0.0,,,origin_day_disabled_or_empty,218.45891599653228,-2.12,0.0,59.14490337758579,23.126261882552257,3.2033374772490584,4.0,High,,,,,,,,,,,,,,,,,,,,,,,,,,,,,,,,,,,,,,,,,,,,,,,,,,,,,,,,,,,,,,,45,2026-04-12 23:00:00-07:00,2026-05-27 23:00:00-07:00,2026-06-04,0.0,7.75704466208893,7.75704466208893,0,1,119.309683,115.58095,199.97710585714282,,,,,,,,,,,,,,,,,-8.330288934244521,-8.789299996532293,-8.789299996532293,-8.789299996532293,-8.836425387732191,-6.716425387732187
2026-06-04 15:00:00-07:00,origin_19,2026-05-28 00:00:00-07:00,2026,5,184,8,Days8to16,Summer,6,15,230.85115,93.3,94.5,0.0,16.26524390761898,0.0,0.0,238.3394609196746,238.51641845703125,239.11982721940007,237.06261172371825,238.91270519183018,239.2990385257298,239.2990385257298,239.2990385257298,239.40283843992003,237.28283843992003,237.28283843992003,237.28283843992003,0,0.0,none,237.28283843992003,237.28283843992003,operational_residual_hot_peak_only_v1,0,hot_peak_only,237.28283843992003,0.0,237.28283843992003,0,global_shadow_only,origin_available_shadow,-6.431688439920038,6.431688439920038,0.0,-0.0031406401578561913,237.27969779976218,1,global,-6.428547799762185,6.428547799762185,-0.0031406401578522036,-7.488310919674603,-7.66526845703126,-8.268677219400075,-6.2114617237182586,-6.431688439920038,-6.431688439920038,-6.431688439920038,-6.431688439920038,6.431688439920038,0.5732442721555913,0.3863333338996142,0.0,0.0,0.10379991419023327,-2.1200000000000045,0.0,-1.0566224797545658,Final_Backtest_Forecast_MWH,days8plus_final_low_confidence+long_horizon_peak_month_correction,raw_bias,none,none,recent_mean+last24_mean+same_hour+hourgroup+global+temp_hourgroup+cloud_hourgroup+solar_hourgroup+solar_loss_hourgroup+temp_cloud_hourgroup,3.0,10,200.233677,207.070216,70,213.90568264285713,239.40674,30.61747299999999,Midday,3,0,0,0,4.0,1.3421614125804044,0.24,3.2,0.0,214.8833004574271,170.8590249396816,-7.488310919674603,7.488310919674603,3.2437832428708298,Spring,0.5732442721555933,0.0,0.5732442721555933,0.0,Clear/Low,4.0,None,0.3863333338996072,weighted_fallback,global+hour+temp_cloud_hourgroup,239.40283843992003,0.0,239.2990385257298,none,170+,other,0.7,0.0,0.0,0.0,0.10379991419022169,0.0,,,ar_disabled_or_empty,0.0,,,origin_day_disabled_or_empty,239.2990385257298,-2.12,0.0,67.48043597999299,23.45616046224748,2.786075980093683,4.0,Medium-High,,,,,,,,,,,,,,,,,,,,,,,,,,,,,,,,,,,,,,,,,,,,,,,,,,,,,,,,,,,,,,,45,2026-04-12 23:00:00-07:00,2026-05-27 23:00:00-07:00,2026-06-04,0.0,7.488310919674603,7.488310919674603,0,1,127.038066,121.906483,220.44675657142858,,,,,,,,,,,,,,,,,-8.061555191830195,-8.447888525729809,-8.447888525729809,-8.447888525729809,-8.551688439920042,-6.431688439920038
2026-06-04 16:00:00-07:00,origin_19,2026-05-28 00:00:00-07:00,2026,5,185,8,Days8to16,Summer,6,16,250.210058,94.5,94.5,0.0,11.344937437455537,0.0,0.0,255.13749038606414,256.0894470214844,254.21607459653077,256.3134418737822,255.13749038606414,255.78438253159842,255.78438253159842,255.78438253159842,255.9019677433258,253.7819677433258,253.7819677433258,253.7819677433258,0,0.0,none,253.7819677433258,253.7819677433258,operational_residual_hot_peak_only_v1,0,hot_peak_only,253.7819677433258,0.0,253.7819677433258,0,hot_peak_low_forecast_gate_blocked,origin_available_shadow,-3.57190974332579,3.57190974332579,0.0,0.0,253.7819677433258,0,hot_peak_low_forecast_gate_blocked,-3.57190974332579,3.57190974332579,0.0,-4.92743238606414,-5.879389021484371,-4.00601659653077,-6.103383873782207,-3.57190974332579,-3.57190974332579,-3.57190974332579,-3.57190974332579,3.57190974332579,0.0,0.6468921455342809,0.0,0.0,0.11758521172737346,-2.1200000000000045,0.0,-1.3555226427383502,Final_Backtest_Forecast_MWH,days8plus_final_low_confidence+long_horizon_peak_month_correction,raw_bias,none,none,recent_mean+last24_mean+same_hour+hourgroup+global+temp_hourgroup+cloud_hourgroup+solar_loss_hourgroup+temp_cloud_hourgroup,3.0,10,217.8996831,228.46922249999997,70,213.90568264285713,239.40674,32.3103749,Peak,3,0,0,1,4.0,1.35,0.22,3.1,0.0,235.38167398009654,184.18223370338004,-4.92743238606414,4.92743238606414,1.9693182701968521,Spring,0.0,0.0,0.0,0.0,Clear/Low,3.0,None,0.6468921455342753,weighted_fallback,global+hour+temp_cloud_hourgroup,255.9019677433258,0.0,255.78438253159842,none,170+,other,0.7,0.0,0.0,0.0,0.11758521172738132,0.0,,,ar_disabled_or_empty,0.0,,,origin_day_disabled_or_empty,255.78438253159842,-2.12,0.0,70.95525668268411,19.755816405967607,1.4275644120292676,4.0,Medium-High,,,,,,,,,,,,,,,,,,,,,,,,,,,,,,,,,,,,,,,,,,,,,,,,,,,,,,,,,,,,,,,45,2026-04-12 23:00:00-07:00,2026-05-27 23:00:00-07:00,2026-06-04,0.0,4.92743238606414,4.92743238606414,0,1,134.009758,128.748283,240.97512242857144,,,,,,,,,,,,,,,,,-4.92743238606414,-5.574324531598421,-5.574324531598421,-5.574324531598421,-5.691909743325795,-3.57190974332579
2026-06-04 17:00:00-07:00,origin_19,2026-05-28 00:00:00-07:00,2026,5,186,8,Days8to16,Summer,6,17,261.03715,93.7,94.5,0.0,5.679774723144782,0.0,0.0,263.74927657555395,261.5634460449219,263.5110818391989,264.7481055985782,263.74927657555395,264.65518330331724,264.65518330331724,264.65518330331724,264.73898761242407,262.61898761242406,262.61898761242406,262.61898761242406,0,0.0,none,262.61898761242406,262.61898761242406,operational_residual_hot_peak_only_v1,0,hot_peak_only,262.61898761242406,0.0,262.61898761242406,0,hot_peak_low_forecast_gate_blocked,origin_available_shadow,-1.5818376124240672,1.5818376124240672,0.0,0.0,262.61898761242406,0,hot_peak_low_forecast_gate_blocked,-1.5818376124240672,1.5818376124240672,0.0,-2.7121265755539525,-0.5262960449218781,-2.473931839198883,-3.7109555985782094,-1.5818376124240672,-1.5818376124240672,-1.5818376124240672,-1.5818376124240672,1.5818376124240672,0.0,0.9059067277632948,0.0,0.0,0.08380430910682435,-2.1200000000000045,0.0,-1.1302889631298854,Final_Backtest_Forecast_MWH,days8plus_final_low_confidence+long_horizon_peak_month_correction,raw_bias,none,none,recent_mean+last24_mean+same_hour+hourgroup+global+temp_hourgroup+cloud_hourgroup+solar_hourgroup+solar_loss_hourgroup+temp_cloud_hourgroup,3.0,10,230.24716130000002,243.33112659999998,70,213.90568264285713,239.40674,30.78998869999998,Peak,3,0,0,1,4.0,1.35,0.22,3.7,0.0,249.9410909329547,194.3105402914089,-2.7121265755539525,2.7121265755539525,1.0389810705311304,Spring,0.0,0.0,0.0,0.0,Clear/Low,2.0,None,0.9059067277633209,weighted_fallback,global+hour+temp_cloud_hourgroup,264.73898761242407,0.0,264.65518330331724,none,170+,other,0.7,0.0,0.0,0.0,0.08380430910681835,0.0,,,ar_disabled_or_empty,0.0,,,origin_day_disabled_or_empty,264.65518330331724,-2.12,0.0,69.43873628414505,13.808185642599256,0.6059817970063139,4.0,Medium-Low,,,,,,,,,,,,,,,,,,,,,,,,,,,,,,,,,,,,,,,,,,,,,,,,,,,,,,,,,,,,,,,45,2026-04-12 23:00:00-07:00,2026-05-27 23:00:00-07:00,2026-06-04,0.0,2.7121265755539525,2.7121265755539525,0,1,141.057125,136.156775,254.94582585714286,,,,,,,,,,,,,,,,,-2.7121265755539525,-3.6180333033172474,-3.6180333033172474,-3.6180333033172474,-3.7018376124240717,-1.5818376124240672
2026-06-04 18:00:00-07:00,origin_19,2026-05-28 00:00:00-07:00,2026,5,187,8,Days8to16,Summer,6,18,263.131475,93.0,94.5,0.0,2.545419713647152,0.0,0.0,264.4029406607906,262.44049072265625,263.0839898649595,267.03627760799213,264.4029406607906,265.3357214358386,265.3357214358386,265.3357214358386,265.35599978344425,263.23599978344424,263.23599978344424,263.23599978344424,0,0.0,none,263.23599978344424,263.23599978344424,operational_residual_hot_peak_only_v1,0,hot_peak_only,263.23599978344424,0.0,263.23599978344424,0,hot_peak_low_forecast_gate_blocked,origin_available_shadow,-0.10452478344421934,0.10452478344421934,0.0,0.0,263.23599978344424,0,hot_peak_low_forecast_gate_blocked,-0.10452478344421934,0.10452478344421934,0.0,-1.271465660790568,0.6909842773437731,0.047485135040517434,-3.90480260799211,-0.10452478344421934,-0.10452478344421934,-0.10452478344421934,-0.10452478344421934,0.10452478344421934,0.0,0.9327807750480019,0.0,0.0,0.020278347605653835,-2.1200000000000045,0.0,-1.1669408773463488,Final_Backtest_Forecast_MWH,days8plus_final_low_confidence+long_horizon_peak_month_correction,raw_bias,none,none,recent_mean+last24_mean+same_hour+hourgroup+global+temp_hourgroup+cloud_hourgroup+solar_hourgroup+solar_loss_hourgroup+temp_cloud_hourgroup,3.0,10,232.6802873,248.66103660000002,70,213.90568264285713,239.40674,30.45118770000002,Peak,3,0,0,1,4.0,1.35,0.22,3.3,0.0,255.7081303348439,199.14946404951857,-1.271465660790568,1.271465660790568,0.4832054625128248,Spring,0.0,0.0,0.0,0.0,Clear/Low,1.0,None,0.9327807750480117,weighted_fallback,global+hour+temp_cloud_hourgroup,265.35599978344425,0.0,265.3357214358386,none,170+,other,0.7,0.0,0.0,0.0,0.020278347605663848,0.0,,,ar_disabled_or_empty,0.0,,,origin_day_disabled_or_empty,265.3357214358386,-2.12,0.0,65.25347661127202,8.69481032594669,0.039723405740122626,4.0,Medium-Low,,,,,,,,,,,,,,,,,,,,,,,,,,,,,,,,,,,,,,,,,,,,,,,,,,,,,,,,,,,,,,,45,2026-04-12 23:00:00-07:00,2026-05-27 23:00:00-07:00,2026-06-04,0.0,1.271465660790568,1.271465660790568,0,1,150.099333,143.195116,252.81766514285715,,,,,,,,,,,,,,,,,-1.271465660790568,-2.20424643583857,-2.20424643583857,-2.20424643583857,-2.224524783444224,-0.10452478344421934
2026-06-04 19:00:00-07:00,origin_19,2026-05-28 00:00:00-07:00,2026,5,188,8,Days8to16,Summer,6,19,255.920625,91.7,94.5,0.0,0.4792915785346224,0.0,0.0,258.03323741118317,258.67822265625,259.3791914464976,255.73388528566988,258.03323741118317,259.0921023407428,259.0921023407428,259.0921023407428,259.1029166084455,259.1029166084455,259.1029166084455,259.1029166084455,0,0.0,none,259.1029166084455,259.1029166084455,operational_residual_hot_peak_only_v1,0,hot_peak_only,259.1029166084455,0.0,259.1029166084455,0,hot_peak_low_forecast_gate_blocked,origin_available_shadow,-3.1822916084455244,3.1822916084455244,0.0,0.0,259.1029166084455,0,hot_peak_low_forecast_gate_blocked,-3.1822916084455244,3.1822916084455244,0.0,-2.1126124111831643,-2.757597656249999,-3.458566446497599,0.18673971433011616,-3.1822916084455244,-3.1822916084455244,-3.1822916084455244,-3.1822916084455244,3.1822916084455244,0.0,1.058864929559661,0.0,0.0,0.010814267702698999,0.0,0.0,1.06967919726236,Final_Backtest_Forecast_MWH,days8plus_final_low_confidence,raw_bias,none,none,recent_mean+last24_mean+same_hour+hourgroup+global+temp_hourgroup+cloud_hourgroup+solar_hourgroup+solar_loss_hourgroup+temp_cloud_hourgroup,3.0,10,225.3923922,244.1583244,70,213.90568264285713,239.40674,30.528232800000012,Peak,3,0,0,1,4.0,0.0,0.23,3.3,0.0,252.0447321111082,196.9125666310438,-2.1126124111831643,2.1126124111831643,0.8254951749915288,Spring,0.0,0.0,0.0,0.0,Clear/Low,0.0,None,1.0588649295596353,weighted_fallback,global+hour+temp_cloud_hourgroup,259.1029166084455,0.0,259.0921023407428,none,170+,other,1.0,0.0,0.0,0.0,0.010814267702719831,0.0,,,ar_disabled_or_empty,0.0,,,origin_day_disabled_or_empty,259.0921023407428,0.0,0.0,61.12067078013936,5.988505300074962,1.2434682075528396,4.0,Low,,,,,,,,,,,,,,,,,,,,,,,,,,,,,,,,,,,,,,,,,,,,,,,,,,,,,,,,,,,,,,,45,2026-04-12 23:00:00-07:00,2026-05-27 23:00:00-07:00,2026-06-04,0.0,2.1126124111831643,2.1126124111831643,0,1,160.326075,154.249975,249.50384285714287,,,,,,,,,,,,,,,,,-2.1126124111831643,-3.1714773407428254,-3.1714773407428254,-3.1714773407428254,-3.1822916084455244,-3.1822916084455244
2026-06-04 20:00:00-07:00,origin_19,2026-05-28 00:00:00-07:00,2026,5,189,8,Days8to16,Summer,6,20,243.503625,89.8,94.5,0.0,0.0644294171567301,0.0,0.0,247.68202504225297,248.7655029296875,249.1717603379768,245.03144732399136,247.68202504225297,249.058598731709,249.058598731709,249.058598731709,249.13416493875792,249.13416493875792,249.13416493875792,249.13416493875792,0,0.0,none,249.13416493875792,249.13416493875792,operational_residual_hot_peak_only_v1,0,hot_peak_only,249.13416493875792,0.0,249.13416493875792,0,hot_peak_low_forecast_gate_blocked,origin_available_shadow,-5.63053993875792,5.63053993875792,0.0,0.0,249.13416493875792,0,hot_peak_low_forecast_gate_blocked,-5.63053993875792,5.63053993875792,0.0,-4.178400042252974,-5.2618779296875005,-5.668135337976793,-1.5278223239913586,-5.63053993875792,-5.63053993875792,-5.63053993875792,-5.63053993875792,5.63053993875792,0.0,1.3765736894560234,0.0,0.0,0.07556620704892225,0.0,0.0,1.4521398965049457,Final_Backtest_Forecast_MWH,days8plus_final_low_confidence,raw_bias,none,none,recent_mean+last24_mean+same_hour+hourgroup+global+temp_hourgroup+cloud_hourgroup+solar_hourgroup+solar_loss_hourgroup+temp_cloud_hourgroup,3.0,10,211.1628387,230.4176605,70,213.90568264285713,239.40674,32.34078629999999,Peak,3,0,0,1,4.0,0.0,0.25,5.0,0.0,242.5250020973167,190.40483731876688,-4.178400042252974,4.178400042252974,1.7159498312409,Spring,0.0,0.0,0.0,0.0,Clear/Low,0.0,None,1.376573689456032,weighted_fallback,global+hour+temp_cloud_hourgroup,249.13416493875792,0.0,249.058598731709,none,170+,other,1.0,0.0,0.0,0.0,0.07556620704891087,0.0,,,ar_disabled_or_empty,0.0,,,origin_day_disabled_or_empty,249.058598731709,0.0,0.0,57.277187723486094,5.157022944936273,2.31230230710443,4.0,Low,,,,,,,,,,,,,,,,,,,,,,,,,,,,,,,,,,,,,,,,,,,,,,,,,,,,,,,,,,,,,,,45,2026-04-12 23:00:00-07:00,2026-05-27 23:00:00-07:00,2026-06-04,0.0,4.178400042252974,4.178400042252974,0,1,173.421408,166.870333,236.22301757142856,,,,,,,,,,,,,,,,,-4.178400042252974,-5.554973731708998,-5.554973731708998,-5.554973731708998,-5.63053993875792,-5.63053993875792
2026-06-05 14:00:00-07:00,origin_19,2026-05-28 00:00:00-07:00,2026,5,207,9,Days8to16,Summer,6,14,229.425308,94.3,96.8,0.17,17.999401905007012,0.0,0.0,238.52898935476986,238.5194091796875,238.94825409680735,237.87288195302023,239.11895434716948,239.61352046312422,239.61352046312422,239.61352046312422,239.67056055176238,237.55056055176237,237.55056055176237,237.55056055176237,0,0.0,none,237.55056055176237,237.55056055176237,operational_residual_hot_peak_only_v1,0,hot_peak_only,237.55056055176237,0.0,237.55056055176237,0,global_shadow_only,origin_available_shadow,-8.125252551762372,8.125252551762372,0.0,-0.16835049090800025,237.38221006085436,1,global,-7.956902060854361,7.956902060854361,-0.16835049090801135,-9.103681354769861,-9.094101179687499,-9.522946096807345,-8.447573953020225,-8.125252551762372,-8.125252551762372,-8.125252551762372,-8.125252551762372,8.125252551762372,0.5899649923996151,0.49456611595473987,0.0,0.0,0.05704008863816057,-2.1200000000000045,0.0,-0.978428803007489,Final_Backtest_Forecast_MWH,days8plus_final_low_confidence+long_horizon_peak_month_correction,raw_bias,none,none,recent_mean+last24_mean+same_hour+hourgroup+global+cloud_hourgroup+solar_hourgroup+solar_loss_hourgroup,3.0,8,199.47841950000003,228.9191698,56,236.32982358928572,269.356791,29.94688849999997,Midday,4,0,0,0,5.0,1.1507333471328791,0.22,2.9,0.0,217.42666066208892,171.73386483557417,-9.103681354769861,9.103681354769861,3.9680371072095766,Spring,0.589964992399615,0.0,0.589964992399615,0.0,Clear/Low,4.0,None,0.4945661159547459,weighted_fallback,global+hour,239.67056055176238,0.0,239.61352046312422,none,170+,other,0.7,0.0,0.0,0.0,0.057040088638167695,0.0,,,ar_disabled_or_empty,0.0,,,origin_day_disabled_or_empty,239.61352046312422,-2.12,0.0,66.7951245191957,21.102328692680942,3.5415676773385316,5.0,Medium-High,,,,,,,,,,,,,,,,,,,,,,,,,,,,,,,,,,,,,,,,,,,,,,,,,,,,,,,,,,,,,,,45,2026-04-12 23:00:00-07:00,2026-05-27 23:00:00-07:00,2026-06-05,0.0,9.103681354769861,9.103681354769861,0,1,124.624375,113.497358,201.4974104285714,,,,,,,,,,,,,,,,,-9.693646347169476,-10.188212463124216,-10.188212463124216,-10.188212463124216,-10.245252551762377,-8.125252551762372
2026-06-05 15:00:00-07:00,origin_19,2026-05-28 00:00:00-07:00,2026,5,208,9,Days8to16,Summer,6,15,249.014525,95.9,96.8,0.27,15.093167989242133,0.0,0.0,255.68872082471214,255.9595489501953,254.18851834081744,257.9688024064086,256.29296398047677,256.69645829598596,256.69645829598596,256.69645829598596,256.8236935699614,254.7036935699614,254.7036935699614,254.7036935699614,0,0.0,none,254.7036935699614,254.7036935699614,operational_residual_hot_peak_only_v1,0,hot_peak_only,254.7036935699614,0.0,254.7036935699614,0,global_shadow_only,origin_available_shadow,-5.689168569961396,5.689168569961396,0.0,-0.3942855404357212,254.30940802952566,1,global,-5.294883029525664,5.294883029525664,-0.3942855404357317,-6.674195824712143,-6.945023950195321,-5.1739933408174466,-8.954277406408607,-5.689168569961396,-5.689168569961396,-5.689168569961396,-5.689168569961396,5.689168569961396,0.6042431557646353,0.40349431550919235,0.0,0.0,0.12723527397542966,-2.1200000000000045,0.0,-0.9850272547507473,Final_Backtest_Forecast_MWH,days8plus_final_low_confidence+long_horizon_peak_month_correction,raw_bias,none,none,recent_mean+last24_mean+same_hour+hourgroup+global+solar_hourgroup+solar_loss_hourgroup,3.0,8,220.880339,250.3929885,56,236.32982358928572,269.356791,28.134186,Midday,4,0,0,0,5.0,1.3097034182030802,0.2,2.3,0.0,238.3394609196746,186.57138596095137,-6.674195824712143,6.674195824712143,2.680243582060984,Spring,0.6042431557646609,0.0,0.6042431557646609,1.0,Some Clouds,4.0,None,0.4034943155091807,weighted_fallback,global+hour,256.8236935699614,0.0,256.69645829598596,none,170+,other,0.7,0.0,0.0,0.0,0.12723527397542148,0.0,,,ar_disabled_or_empty,0.0,,,origin_day_disabled_or_empty,256.69645829598596,-2.12,0.0,69.11733486376076,17.349259905037542,2.284673381989021,5.0,Medium-High,,,,,,,,,,,,,,,,,,,,,,,,,,,,,,,,,,,,,,,,,,,,,,,,,,,,,,,,,,,,,,,45,2026-04-12 23:00:00-07:00,2026-05-27 23:00:00-07:00,2026-06-05,0.0,6.674195824712143,6.674195824712143,0,1,132.480216,120.454241,223.182202,,,,,,,,,,,,,,,,,-7.278438980476778,-7.681933295985971,-7.681933295985971,-7.681933295985971,-7.8091685699614,-5.689168569961396
2026-06-05 16:00:00-07:00,origin_19,2026-05-28 00:00:00-07:00,2026,5,209,9,Days8to16,Summer,6,16,268.59595,96.8,96.8,0.27,10.902754088434738,0.0,0.0,269.09933857369947,271.0523986816406,267.76225821844275,270.64244767254814,269.09933857369947,269.4884626015527,269.4884626015527,269.4884626015527,269.5965520275002,267.4765520275002,267.4765520275002,267.4765520275002,0,0.0,none,267.4765520275002,267.4765520275002,operational_residual_hot_peak_only_v1,0,hot_peak_only,267.4765520275002,0.0,267.4765520275002,0,hot_peak_low_forecast_gate_blocked,origin_available_shadow,1.1193979724998258,1.1193979724998258,0.0,0.0,267.4765520275002,0,hot_peak_low_forecast_gate_blocked,1.1193979724998258,1.1193979724998258,0.0,-0.5033885736994534,-2.456448681640609,0.8336917815572633,-2.046497672548128,1.1193979724998258,1.1193979724998258,1.1193979724998258,1.1193979724998258,1.1193979724998258,0.0,0.3891240278532564,0.0,0.0,0.10808942594746895,-2.1200000000000045,0.0,-1.6227865461992792,Final_Backtest_Forecast_MWH,days8plus_final_low_confidence+long_horizon_peak_month_correction,raw_bias,none,none,recent_mean+last24_mean+same_hour+hourgroup+global+solar_loss_hourgroup,3.0,8,240.86553600000002,267.7118679,56,236.32982358928572,269.356791,27.730413999999996,Peak,4,0,0,1,5.0,1.35,0.18,2.0,0.0,255.13749038606414,201.2094327802903,-0.5033885736994534,0.5033885736994534,0.18741480416940515,Spring,0.0,0.0,0.0,1.0,Some Clouds,3.0,None,0.38912402785323963,weighted_fallback,global+hour,269.5965520275002,0.0,269.4884626015527,none,170+,other,0.7,0.0,0.0,0.0,0.1080894259474586,0.0,,,ar_disabled_or_empty,0.0,,,origin_day_disabled_or_empty,269.4884626015527,-2.12,0.0,67.88990579340916,13.961848187635326,0.4167590659873411,5.0,Medium-High,,,,,,,,,,,,,,,,,,,,,,,,,,,,,,,,,,,,,,,,,,,,,,,,,,,,,,,,,,,,,,,45,2026-04-12 23:00:00-07:00,2026-05-27 23:00:00-07:00,2026-06-05,0.0,0.5033885736994534,0.5033885736994534,0,1,140.481283,124.9937,252.30680571428573,,,,,,,,,,,,,,,,,-0.5033885736994534,-0.8925126015527098,-0.8925126015527098,-0.8925126015527098,-1.0006020275001788,1.1193979724998258
2026-06-05 17:00:00-07:00,origin_19,2026-05-28 00:00:00-07:00,2026,5,210,9,Days8to16,Summer,6,17,273.122358,96.3,96.8,0.4,5.7921731317674094,0.0,0.0,276.86857427136016,277.9781494140625,276.24273810878566,277.53500962891934,276.86857427136016,277.585631029837,277.585631029837,277.585631029837,277.65357066426463,275.53357066426463,275.53357066426463,275.53357066426463,0,0.0,none,275.53357066426463,275.53357066426463,operational_residual_hot_peak_only_v1,0,hot_peak_only,275.53357066426463,0.0,275.53357066426463,0,hot_peak_low_forecast_gate_blocked,origin_available_shadow,-2.4112126642646103,2.4112126642646103,0.0,0.0,275.53357066426463,0,hot_peak_low_forecast_gate_blocked,-2.4112126642646103,2.4112126642646103,0.0,-3.74621627136014,-4.85579141406248,-3.120380108785639,-4.4126516289193205,-2.4112126642646103,-2.4112126642646103,-2.4112126642646103,-2.4112126642646103,2.4112126642646103,0.0,0.717056758476815,0.0,0.0,0.06793963442765971,-2.1200000000000045,0.0,-1.3350036070955298,Final_Backtest_Forecast_MWH,days8plus_final_low_confidence+long_horizon_peak_month_correction,raw_bias,none,none,recent_mean+last24_mean+same_hour+hourgroup+global+solar_hourgroup+solar_loss_hourgroup,3.0,8,253.621961125,277.809623,56,236.32982358928572,269.356791,19.500396875000007,Peak,4,0,0,1,5.0,1.35,0.19,2.6,0.0,263.74927657555395,211.66078831824234,-3.74621627136014,3.74621627136014,1.371625632845532,Spring,0.0,0.0,0.0,1.0,Some Clouds,2.0,None,0.7170567584768225,weighted_fallback,global+hour,277.65357066426463,0.0,277.585631029837,none,170+,other,0.7,0.0,0.0,0.0,0.06793963442766086,0.0,,,ar_disabled_or_empty,0.0,,,origin_day_disabled_or_empty,277.585631029837,-2.12,0.0,65.20778595311782,13.11929769580621,0.882832398607444,5.0,Medium-Low,,,,,,,,,,,,,,,,,,,,,,,,,,,,,,,,,,,,,,,,,,,,,,,,,,,,,,,,,,,,,,,45,2026-04-12 23:00:00-07:00,2026-05-27 23:00:00-07:00,2026-06-05,0.0,3.74621627136014,3.74621627136014,0,1,151.044775,130.518141,256.3318628571429,,,,,,,,,,,,,,,,,-3.74621627136014,-4.463273029836955,-4.463273029836955,-4.463273029836955,-4.531212664264615,-2.4112126642646103
2026-06-05 18:00:00-07:00,origin_19,2026-05-28 00:00:00-07:00,2026,5,211,9,Days8to16,Summer,6,18,274.913308,96.0,96.8,0.27,2.266932836487644,0.0,0.0,276.04521478086735,278.5834655761719,274.62838702618944,277.5464438824171,276.04521478086735,276.79629618626996,276.79629618626996,276.79629618626996,276.78814428439404,274.66814428439403,274.66814428439403,274.66814428439403,0,0.0,none,274.66814428439403,274.66814428439403,operational_residual_hot_peak_only_v1,0,hot_peak_only,274.66814428439403,0.0,274.66814428439403,0,hot_peak_low_forecast_gate_blocked,origin_available_shadow,0.24516371560594052,0.24516371560594052,0.0,0.0,274.66814428439403,0,hot_peak_low_forecast_gate_blocked,0.24516371560594052,0.24516371560594052,0.0,-1.1319067808673822,-3.6701575761719027,0.2849209738105287,-2.6331358824171502,0.24516371560594052,0.24516371560594052,0.24516371560594052,0.24516371560594052,0.24516371560594052,0.0,0.7510814054026014,0.0,0.0,-0.00815190187591952,-2.1200000000000045,0.0,-1.3770704964733227,Final_Backtest_Forecast_MWH,days8plus_final_low_confidence+long_horizon_peak_month_correction,raw_bias,none,none,recent_mean+last24_mean+same_hour+hourgroup+global+solar_hourgroup+solar_loss_hourgroup,3.0,8,256.90235175,276.73857730000003,56,236.32982358928572,269.356791,18.010956249999992,Peak,4,0,0,1,5.0,1.35,0.2,4.8,0.0,264.4029406607906,215.88878966626652,-1.1319067808673822,1.1319067808673822,0.411732261745358,Spring,0.0,0.0,0.0,1.0,Some Clouds,1.0,None,0.7510814054026188,weighted_fallback,global+hour,276.78814428439404,0.0,276.79629618626996,none,170+,other,0.7,0.0,0.0,0.0,-0.008151901875919808,0.0,,,ar_disabled_or_empty,0.0,,,origin_day_disabled_or_empty,276.79629618626996,-2.12,0.0,60.156425114600836,11.642274120076763,0.08917855501049099,5.0,Medium-Low,,,,,,,,,,,,,,,,,,,,,,,,,,,,,,,,,,,,,,,,,,,,,,,,,,,,,,,,,,,,,,,45,2026-04-12 23:00:00-07:00,2026-05-27 23:00:00-07:00,2026-06-05,0.0,1.1319067808673822,1.1319067808673822,0,1,163.731575,137.8902,262.6581511428572,,,,,,,,,,,,,,,,,-1.1319067808673822,-1.8829881862699835,-1.8829881862699835,-1.8829881862699835,-1.874836284394064,0.24516371560594052
2026-06-05 19:00:00-07:00,origin_19,2026-05-28 00:00:00-07:00,2026,5,212,9,Days8to16,Summer,6,19,265.752475,93.7,96.8,0.23,0.3943506418980094,0.0,0.0,265.68503713480936,266.7001037597656,267.1651159918256,263.069179895225,265.68503713480936,266.59575094670254,266.59575094670254,266.59575094670254,266.5762629491187,266.5762629491187,266.5762629491187,266.5762629491187,0,0.0,none,266.5762629491187,266.5762629491187,operational_residual_hot_peak_only_v1,0,hot_peak_only,266.5762629491187,0.0,266.5762629491187,0,hot_peak_low_forecast_gate_blocked,origin_available_shadow,-0.8237879491186959,0.8237879491186959,0.0,0.0,266.5762629491187,0,hot_peak_low_forecast_gate_blocked,-0.8237879491186959,0.8237879491186959,0.0,0.06743786519064088,-0.947628759765621,-1.4126409918255831,2.683295104775027,-0.8237879491186959,-0.8237879491186959,-0.8237879491186959,-0.8237879491186959,0.8237879491186959,0.0,0.9107138118931744,0.0,0.0,-0.01948799758383757,0.0,0.0,0.8912258143093368,Final_Backtest_Forecast_MWH,days8plus_final_low_confidence,raw_bias,none,none,recent_mean+last24_mean+same_hour+hourgroup+global+solar_hourgroup+solar_loss_hourgroup,3.0,8,249.521006,270.0134279,56,236.32982358928572,269.356791,16.231469000000004,Peak,4,0,0,1,5.0,0.0,0.24,9.6,0.0,258.03323741118317,212.73595705129543,0.06743786519064088,0.06743786519064088,0.025376194592596317,Spring,0.0,0.0,0.0,1.0,Some Clouds,0.0,None,0.9107138118931509,weighted_fallback,global+hour,266.5762629491187,0.0,266.59575094670254,none,170+,other,1.0,0.0,0.0,0.0,-0.019487997583841763,0.0,,,ar_disabled_or_empty,0.0,,,origin_day_disabled_or_empty,266.59575094670254,0.0,0.0,52.949080083513934,7.651799723626198,0.30998317103865014,5.0,Low,,,,,,,,,,,,,,,,,,,,,,,,,,,,,,,,,,,,,,,,,,,,,,,,,,,,,,,,,,,,,,,45,2026-04-12 23:00:00-07:00,2026-05-27 23:00:00-07:00,2026-06-05,0.06743786519064088,0.0,-0.06743786519064088,1,0,177.049733,145.590008,257.8711464285714,,,,,,,,,,,,,,,,,0.06743786519064088,-0.8432759467025335,-0.8432759467025335,-0.8432759467025335,-0.8237879491186959,-0.8237879491186959
2026-06-05 20:00:00-07:00,origin_19,2026-05-28 00:00:00-07:00,2026,5,213,9,Days8to16,Summer,6,20,248.061708,89.4,96.8,0.24,0.0695295955523374,0.0,0.0,249.8498626961847,252.6770782470703,249.89103489621502,248.97738765302682,249.8498626961847,251.16282066081718,251.16282066081718,251.16282066081718,251.22089267849415,251.22089267849415,251.22089267849415,251.22089267849415,0,0.0,none,251.22089267849415,251.22089267849415,operational_residual_hot_peak_only_v1,0,hot_peak_only,251.22089267849415,0.0,251.22089267849415,0,hot_peak_low_forecast_gate_blocked,origin_available_shadow,-3.1591846784941424,3.1591846784941424,0.0,0.0,251.22089267849415,0,hot_peak_low_forecast_gate_blocked,-3.1591846784941424,3.1591846784941424,0.0,-1.7881546961846766,-4.615370247070302,-1.829326896215008,-0.9156796530268139,-3.1591846784941424,-3.1591846784941424,-3.1591846784941424,-3.1591846784941424,3.1591846784941424,0.0,1.3129579646324885,0.0,0.0,0.05807201767697734,0.0,0.0,1.3710299823094658,Final_Backtest_Forecast_MWH,days8plus_final_low_confidence,raw_bias,none,none,recent_mean+last24_mean+same_hour+hourgroup+global+solar_hourgroup+solar_loss_hourgroup,3.0,8,233.03915174999997,253.381823,56,236.32982358928572,269.356791,15.022556250000036,Peak,4,0,0,1,5.0,0.0,0.27,11.1,0.0,247.68202504225297,204.80485803659036,-1.7881546961846766,1.7881546961846766,0.7208507554840654,Spring,0.0,0.0,0.0,1.0,Some Clouds,0.0,None,1.3129579646324951,weighted_fallback,global+hour,251.22089267849415,0.0,251.16282066081718,none,170+,other,1.0,0.0,0.0,0.0,0.05807201767698049,0.0,,,ar_disabled_or_empty,0.0,,,origin_day_disabled_or_empty,251.16282066081718,0.0,0.0,45.045004659594326,2.167837653931713,1.2735479022397693,5.0,Low,,,,,,,,,,,,,,,,,,,,,,,,,,,,,,,,,,,,,,,,,,,,,,,,,,,,,,,,,,,,,,,45,2026-04-12 23:00:00-07:00,2026-05-27 23:00:00-07:00,2026-06-05,0.0,1.7881546961846766,1.7881546961846766,0,1,192.731983,158.646916,243.30186757142857,,,,,,,,,,,,,,,,,-1.7881546961846766,-3.101112660817165,-3.101112660817165,-3.101112660817165,-3.1591846784941424,-3.1591846784941424
2026-06-10 14:00:00-07:00,origin_19,2026-05-28 00:00:00-07:00,2026,5,327,14,Days8to16,Summer,6,14,195.660733,94.7,98.2,0.63,19.658598544467928,0.0,0.0,215.31236499378647,218.5253143310547,213.83161987335615,216.7212646581003,214.34208617762292,214.83665229357766,214.6643751778566,214.6643751778566,214.7093928335883,196.5893928335883,212.5893928335883,196.5893928335883,1,-16.0,june_recent_98_100_low_loss_midday_backoff+june_98_100_mixed_high_state_morning_midday_backoff,196.5893928335883,196.5893928335883,operational_residual_hot_peak_only_v1,0,hot_peak_only,196.5893928335883,0.0,196.5893928335883,0,global_shadow_only,origin_available_shadow,-0.9286598335883127,0.9286598335883127,0.0,-0.4193870021419373,196.17000583144636,1,global,-0.509272831446367,0.509272831446367,-0.4193870021419457,-19.65163199378648,-22.864581331054694,-18.170886873356153,-21.060531658100302,-0.9286598335883127,-16.928659833588313,-0.9286598335883127,-0.9286598335883127,0.9286598335883127,-0.9702788161635567,0.49456611595473987,-0.17227711572104454,0.0,0.045017655731697914,-18.120000000000005,-16.0,-18.722972160198168,Final_Backtest_Forecast_MWH,days8plus_final_low_confidence+long_horizon_peak_month_correction,raw_bias+solar_cloud_midday,event_class_hour_loss+hour_cloud_loss+hour_base_loss+hour_loss+hour_cloud,none,recent_mean+last24_mean+same_hour+hourgroup+global+cloud_hourgroup+solar_hourgroup+solar_loss_hourgroup,3.0,7,213.0746852857143,236.854926,49,247.39968908163266,281.792576,-17.413952285714316,Midday,2,0,0,0,5.0,1.1525272440424363,0.15,9.1,0.0,176.6549973370624,184.35098561700005,-19.65163199378648,19.65163199378648,10.043728086098135,Spring,0.40429678325823354,-1.3745755994217956,-0.970278816163562,3.0,Mostly Cloudy,4.0,None,0.4945661159547459,weighted_fallback,global+hour,214.7093928335883,0.0,214.83665229357766,none,170+,solar_loss_general,0.7,-0.17227711572105026,-0.17227711572105026,0.0,0.04501765573171108,0.0,,,ar_disabled_or_empty,0.0,,,origin_day_disabled_or_empty,214.6643751778566,-2.12,0.0,30.961379376786425,38.65736765672406,0.47462759611981664,5.0,High,,,,,,,,,,,,,,,,,,,,,,,,,,,,,,,,,,,,,,,,,,,,,,,,,,,,,,,,,,,,,,,45,2026-04-12 23:00:00-07:00,2026-05-27 23:00:00-07:00,2026-06-10,0.0,19.65163199378648,19.65163199378648,0,1,115.556416,191.484675,168.17363671428572,,,,,,,,,,,,,,,,,-18.681353177622924,-19.175919293577664,-19.00364217785662,-19.00364217785662,-19.048659833588317,-0.9286598335883127
2026-06-10 15:00:00-07:00,origin_19,2026-05-28 00:00:00-07:00,2026,5,328,14,Days8to16,Summer,6,15,217.473791,96.8,98.2,0.33,16.725961285067065,0.0,0.0,233.05184149363274,234.23216247558594,233.04819211643272,232.72034166296035,233.43343177467304,233.83692609018223,233.83692609018223,233.83692609018223,233.96416136415766,215.84416136415766,231.84416136415766,215.84416136415766,1,-16.0,june_recent_98_100_low_loss_midday_backoff+june_98_100_mixed_high_state_morning_midday_backoff,215.84416136415766,215.84416136415766,operational_residual_hot_peak_only_v1,0,hot_peak_only,215.84416136415766,0.0,215.84416136415766,0,global_shadow_only,origin_available_shadow,1.629629635842349,1.629629635842349,0.0,-0.7262206853253835,215.11794067883227,1,global,2.355850321167736,2.355850321167736,0.7262206853253872,-15.57805049363273,-16.758371475585932,-15.57440111643271,-15.246550662960345,1.629629635842349,-14.370370364157651,1.629629635842349,1.629629635842349,1.629629635842349,0.3815902810403031,0.40349431550919235,0.0,0.0,0.12723527397542966,-18.120000000000005,-16.0,-17.20768012947508,Final_Backtest_Forecast_MWH,days8plus_final_low_confidence+long_horizon_peak_month_correction,raw_bias,none,none,recent_mean+last24_mean+same_hour+hourgroup+global+solar_hourgroup+solar_loss_hourgroup,3.0,7,234.12113871428573,257.1663796,49,247.39968908163266,281.792576,-16.64734771428573,Midday,2,0,0,0,5.0,1.3306890630559727,0.14,9.0,0.0,190.74087528820976,200.0558206201781,-15.57805049363273,15.57805049363273,7.1631852380927725,Spring,0.3815902810403106,0.0,0.3815902810403106,1.0,Some Clouds,4.0,None,0.4034943155091807,weighted_fallback,global+hour,233.96416136415766,0.0,233.83692609018223,none,170+,other,0.7,0.0,0.0,0.0,0.12723527397542148,0.0,,,ar_disabled_or_empty,0.0,,,origin_day_disabled_or_empty,233.83692609018223,-2.12,0.0,32.996020873454626,42.31096620542297,0.7493453019551901,5.0,Medium-High,,,,,,,,,,,,,,,,,,,,,,,,,,,,,,,,,,,,,,,,,,,,,,,,,,,,,,,,,,,,,,,45,2026-04-12 23:00:00-07:00,2026-05-27 23:00:00-07:00,2026-06-10,0.0,15.57805049363273,15.57805049363273,0,1,110.0683,199.907133,182.10061757142856,,,,,,,,,,,,,,,,,-15.959640774673034,-16.363135090182226,-16.363135090182226,-16.363135090182226,-16.490370364157656,1.629629635842349
2026-06-10 16:00:00-07:00,origin_19,2026-05-28 00:00:00-07:00,2026,5,329,14,Days8to16,Summer,6,16,236.995258,98.2,98.2,0.03,11.56827523212666,0.0,0.0,250.11792441638227,250.32464599609375,248.89512607940935,251.98040135170783,250.11792441638227,250.5070484442355,250.5070484442355,250.5070484442355,250.5981860980341,244.4781860980341,248.4781860980341,244.4781860980341,1,-4.0,june_recent_clear_98_100_peak_backoff,244.4781860980341,244.4781860980341,operational_residual_hot_peak_only_v1,0,hot_peak_only,244.4781860980341,0.0,244.4781860980341,0,hot_peak_low_forecast_gate_blocked,origin_available_shadow,-7.48292809803408,7.48292809803408,0.0,0.0,244.4781860980341,0,hot_peak_low_forecast_gate_blocked,-7.48292809803408,7.48292809803408,0.0,-13.122666416382259,-13.329387996093743,-11.899868079409345,-14.98514335170782,-7.48292809803408,-11.48292809803408,-7.48292809803408,-7.48292809803408,7.48292809803408,0.0,0.38912402785322797,0.0,0.0,0.09113765379859728,-6.1200000000000045,-4.0,-5.639738318348179,Final_Backtest_Forecast_MWH,days8plus_final_low_confidence+long_horizon_peak_month_correction,raw_bias,none,none,recent_mean+last24_mean+same_hour+hourgroup+global+cloud_hourgroup+solar_loss_hourgroup,3.0,7,253.26296257142857,277.145126,49,247.39968908163266,281.792576,-16.267704571428567,Peak,2,0,0,1,5.0,1.35,0.13,9.2,0.0,203.65594155592203,215.05842710130787,-13.122666416382259,13.122666416382259,5.537100837849785,Spring,0.0,0.0,0.0,0.0,Clear/Low,3.0,None,0.38912402785323963,weighted_fallback,global+hour,250.5981860980341,0.0,250.5070484442355,none,170+,other,0.7,0.0,0.0,0.0,0.09113765379858343,0.0,,,ar_disabled_or_empty,0.0,,,origin_day_disabled_or_empty,250.5070484442355,-2.12,0.0,35.059497315074395,46.46198286046024,3.1574168028434055,5.0,Medium-High,,,,,,,,,,,,,,,,,,,,,,,,,,,,,,,,,,,,,,,,,,,,,,,,,,,,,,,,,,,,,,,45,2026-04-12 23:00:00-07:00,2026-05-27 23:00:00-07:00,2026-06-10,0.0,13.122666416382259,13.122666416382259,0,1,109.933208,197.5873,193.6256771428571,,,,,,,,,,,,,,,,,-13.122666416382259,-13.511790444235487,-13.511790444235487,-13.511790444235487,-13.602928098034084,-7.48292809803408
2026-06-10 17:00:00-07:00,origin_19,2026-05-28 00:00:00-07:00,2026,5,330,14,Days8to16,Summer,6,17,252.155283,96.3,98.2,0.0,6.010192212810291,0.0,0.0,259.0727400725363,257.390380859375,258.3745545138418,260.6505628685309,259.0727400725363,259.7897968310131,259.7897968310131,259.7897968310131,259.84340557114655,253.72340557114654,257.72340557114654,253.72340557114654,1,-4.0,june_recent_clear_98_100_peak_backoff,253.72340557114654,253.72340557114654,operational_residual_hot_peak_only_v1,0,hot_peak_only,253.72340557114654,0.0,253.72340557114654,0,hot_peak_low_forecast_gate_blocked,origin_available_shadow,-1.5681225711465459,1.5681225711465459,0.0,0.0,253.72340557114654,0,hot_peak_low_forecast_gate_blocked,-1.5681225711465459,1.5681225711465459,0.0,-6.917457072536308,-5.235097859375003,-6.219271513841818,-8.495279868530929,-1.5681225711465459,-5.568122571146546,-1.5681225711465459,-1.5681225711465459,1.5681225711465459,0.0,0.717056758476815,0.0,0.0,0.05360874013342709,-6.1200000000000045,-4.0,-5.349334501389762,Final_Backtest_Forecast_MWH,days8plus_final_low_confidence+long_horizon_peak_month_correction,raw_bias,none,none,recent_mean+last24_mean+same_hour+hourgroup+global+cloud_hourgroup+solar_hourgroup+solar_loss_hourgroup,3.0,7,265.283983,289.457408,49,247.39968908163266,281.792576,-13.12869999999998,Peak,2,0,0,1,5.0,1.35,0.14,9.9,0.0,211.63468077206159,225.2105734326768,-6.917457072536308,6.917457072536308,2.743332199998486,Spring,0.0,0.0,0.0,0.0,Clear/Low,2.0,None,0.7170567584768225,weighted_fallback,global+hour,259.84340557114655,0.0,259.7897968310131,none,170+,other,0.7,0.0,0.0,0.0,0.05360874013342752,0.0,,,ar_disabled_or_empty,0.0,,,origin_day_disabled_or_empty,259.7897968310131,-2.12,0.0,33.86216663985951,47.43805930047472,0.6218876529136793,5.0,Medium-Low,,,,,,,,,,,,,,,,,,,,,,,,,,,,,,,,,,,,,,,,,,,,,,,,,,,,,,,,,,,,,,,45,2026-04-12 23:00:00-07:00,2026-05-27 23:00:00-07:00,2026-06-10,0.0,6.917457072536308,6.917457072536308,0,1,111.175875,197.5873,202.61635442857144,,,,,,,,,,,,,,,,,-6.917457072536308,-7.634513831013123,-7.634513831013123,-7.634513831013123,-7.68812257114655,-1.5681225711465459
2026-06-10 18:00:00-07:00,origin_19,2026-05-28 00:00:00-07:00,2026,5,331,14,Days8to16,Summer,6,18,257.298966,95.3,98.2,0.0,2.5982956510223008,0.0,0.0,263.85783615054595,262.629638671875,264.1071715358195,263.81693696759356,263.85783615054595,264.60891755594855,264.60891755594855,264.60891755594855,264.59039786062755,258.47039786062754,262.47039786062754,258.47039786062754,1,-4.0,june_recent_clear_98_100_peak_backoff,258.47039786062754,258.47039786062754,operational_residual_hot_peak_only_v1,0,hot_peak_only,258.47039786062754,0.0,258.47039786062754,0,hot_peak_low_forecast_gate_blocked,origin_available_shadow,-1.1714318606275356,1.1714318606275356,0.0,0.0,258.47039786062754,0,hot_peak_low_forecast_gate_blocked,-1.1714318606275356,1.1714318606275356,0.0,-6.558870150545943,-5.330672671874993,-6.808205535819468,-6.5179709675935555,-1.1714318606275356,-5.171431860627536,-1.1714318606275356,-1.1714318606275356,1.1714318606275356,0.0,0.7510814054026014,0.0,0.0,-0.018519695321003837,-6.1200000000000045,-4.0,-5.387438289918407,Final_Backtest_Forecast_MWH,days8plus_final_low_confidence+long_horizon_peak_month_correction,raw_bias,none,none,recent_mean+last24_mean+same_hour+hourgroup+global+cloud_hourgroup+solar_hourgroup+solar_loss_hourgroup,3.0,7,267.2262448571429,289.572791,49,247.39968908163266,281.792576,-9.92727885714288,Peak,2,0,0,1,5.0,1.35,0.15,10.1,0.0,215.41008447891727,228.79740767481135,-6.558870150545943,6.558870150545943,2.5491241774154436,Spring,0.0,0.0,0.0,0.0,Clear/Low,1.0,None,0.7510814054026188,weighted_fallback,global+hour,264.59039786062755,0.0,264.60891755594855,none,170+,other,0.7,0.0,0.0,0.0,-0.018519695321008337,0.0,,,ar_disabled_or_empty,0.0,,,origin_day_disabled_or_empty,264.60891755594855,-2.12,0.0,35.0604284757346,48.44775167162868,0.45528043848708494,5.0,Medium-Low,,,,,,,,,,,,,,,,,,,,,,,,,,,,,,,,,,,,,,,,,,,,,,,,,,,,,,,,,,,,,,,45,2026-04-12 23:00:00-07:00,2026-05-27 23:00:00-07:00,2026-06-10,0.0,6.558870150545943,6.558870150545943,0,1,115.221058,193.079966,196.7209922857143,,,,,,,,,,,,,,,,,-6.558870150545943,-7.309951555948544,-7.309951555948544,-7.309951555948544,-7.29143186062754,-1.1714318606275356
2026-06-10 19:00:00-07:00,origin_19,2026-05-28 00:00:00-07:00,2026,5,332,14,Days8to16,Summer,6,19,253.397125,93.7,98.2,0.0,0.6123774549772046,0.0,0.0,258.19784473386545,258.5720520019531,260.118454397386,255.07282747173656,258.19784473386545,259.1085585457586,259.1085585457586,259.1085585457586,259.07929317638116,259.07929317638116,259.07929317638116,259.07929317638116,0,0.0,none,259.07929317638116,259.07929317638116,operational_residual_hot_peak_only_v1,0,hot_peak_only,259.07929317638116,0.0,259.07929317638116,0,global_shadow_only,origin_available_shadow,-5.682168176381168,5.682168176381168,0.0,0.11460225390467592,259.1938954302858,1,global,-5.796770430285818,5.796770430285818,0.11460225390464984,-4.8007197338654635,-5.174927001953137,-6.721329397386029,-1.675702471736571,-5.682168176381168,-5.682168176381168,-5.682168176381168,-5.682168176381168,5.682168176381168,0.0,0.9107138118931744,0.0,0.0,-0.029265369377469597,0.0,0.0,0.8814484425157048,Final_Backtest_Forecast_MWH,days8plus_final_low_confidence,raw_bias,none,none,recent_mean+last24_mean+same_hour+hourgroup+global+cloud_hourgroup+solar_hourgroup+solar_loss_hourgroup,3.0,7,258.153507,280.4559464,49,247.39968908163266,281.792576,-4.756382000000002,Peak,2,0,0,1,5.0,0.0,0.17,9.2,0.0,209.58651716444768,223.3619346932853,-4.8007197338654635,4.8007197338654635,1.8945438839787405,Spring,0.0,0.0,0.0,0.0,Clear/Low,0.0,None,0.9107138118931509,weighted_fallback,global+hour,259.07929317638116,0.0,259.1085585457586,none,170+,other,1.0,0.0,0.0,0.0,-0.029265369377476026,0.0,,,ar_disabled_or_empty,0.0,,,origin_day_disabled_or_empty,259.1085585457586,0.0,0.0,34.83591004058016,48.61132756941777,2.2423964661718907,5.0,Low,,,,,,,,,,,,,,,,,,,,,,,,,,,,,,,,,,,,,,,,,,,,,,,,,,,,,,,,,,,,,,,45,2026-04-12 23:00:00-07:00,2026-05-27 23:00:00-07:00,2026-06-10,0.0,4.8007197338654635,4.8007197338654635,0,1,123.525166,183.008183,201.84148285714284,,,,,,,,,,,,,,,,,-4.8007197338654635,-5.711433545758638,-5.711433545758638,-5.711433545758638,-5.682168176381168,-5.682168176381168
2026-06-10 20:00:00-07:00,origin_19,2026-05-28 00:00:00-07:00,2026,5,333,14,Days8to16,Summer,6,20,242.21065,90.3,98.2,0.0,0.1141633048345623,0.0,0.0,247.16203050475383,247.33946228027344,248.34864040289324,245.24666301467192,247.16203050475383,248.47498846938632,248.47498846938632,248.47498846938632,248.51924353114148,248.51924353114148,248.51924353114148,248.51924353114148,0,0.0,none,248.51924353114148,248.51924353114148,operational_residual_hot_peak_only_v1,0,hot_peak_only,248.51924353114148,0.0,248.51924353114148,0,hot_peak_low_forecast_gate_blocked,origin_available_shadow,-6.308593531141497,6.308593531141497,0.0,0.0,248.51924353114148,0,hot_peak_low_forecast_gate_blocked,-6.308593531141497,6.308593531141497,0.0,-4.951380504753843,-5.128812280273451,-6.1379904028932515,-3.036013014671937,-6.308593531141497,-6.308593531141497,-6.308593531141497,-6.308593531141497,6.308593531141497,0.0,1.3129579646324885,0.0,0.0,0.044255061755166025,0.0,0.0,1.3572130263876545,Final_Backtest_Forecast_MWH,days8plus_final_low_confidence,raw_bias,none,none,recent_mean+last24_mean+same_hour+hourgroup+global+cloud_hourgroup+solar_hourgroup+solar_loss_hourgroup,3.0,7,240.67530214285713,262.3979832,49,247.39968908163266,281.792576,1.5353478571428525,Peak,2,0,0,1,5.0,0.0,0.21,6.6,0.0,202.07078802340527,214.87680121347844,-4.951380504753843,4.951380504753843,2.044245579108038,Spring,0.0,0.0,0.0,0.0,Clear/Low,0.0,None,1.3129579646324951,weighted_fallback,global+hour,248.51924353114148,0.0,248.47498846938632,none,170+,other,1.0,0.0,0.0,0.0,0.04425506175517841,0.0,,,ar_disabled_or_empty,0.0,,,origin_day_disabled_or_empty,248.47498846938632,0.0,0.0,32.285229291275385,45.09124248134856,2.6045896541467095,5.0,Low,,,,,,,,,,,,,,,,,,,,,,,,,,,,,,,,,,,,,,,,,,,,,,,,,,,,,,,,,,,,,,,45,2026-04-12 23:00:00-07:00,2026-05-27 23:00:00-07:00,2026-06-10,0.0,4.951380504753843,4.951380504753843,0,1,130.8272,183.008183,195.68338300000002,,,,,,,,,,,,,,,,,-4.951380504753843,-6.264338469386331,-6.264338469386331,-6.264338469386331,-6.308593531141497,-6.308593531141497
2026-06-11 14:00:00-07:00,origin_19,2026-05-28 00:00:00-07:00,2026,5,351,15,Days8to16,Summer,6,14,242.198091,96.7,100.1,0.0,17.379327069200027,0.6393862186306585,0.0,247.2651953587809,248.08741760253906,247.141672283549,247.22438240735724,248.44915940299524,248.94372551894998,248.94372551894998,248.94372551894998,249.02962912867315,246.90962912867315,246.90962912867315,246.90962912867315,0,0.0,none,246.90962912867315,246.90962912867315,operational_residual_hot_peak_only_v1,0,hot_peak_only,246.90962912867315,0.0,246.90962912867315,0,global_shadow_only,origin_available_shadow,-4.711538128673141,4.711538128673141,0.0,-0.289215050851311,246.62041407782183,1,global,-4.422323077821829,4.422323077821829,-0.28921505085131116,-5.067104358780881,-5.889326602539057,-4.943581283549008,-5.026291407357235,-4.711538128673141,-4.711538128673141,-4.711538128673141,-4.711538128673141,4.711538128673141,1.183964044214349,0.49456611595473987,0.0,0.0,0.08590360972317512,-2.1200000000000045,0.0,-0.35556623010774047,Final_Backtest_Forecast_MWH,days8plus_final_low_confidence+long_horizon_peak_month_correction,raw_bias,none,none,recent_mean+last24_mean+same_hour+hourgroup+global+cloud_hourgroup+solar_hourgroup+solar_loss_hourgroup,3.0,6,226.02657050000002,247.039808,42,257.9215899285714,286.7712877,16.171520499999986,Midday,3,0,0,0,6.0,1.1530600332870506,0.16,3.9,0.0,215.31236499378647,187.3526950761786,-5.067104358780881,5.067104358780881,2.0921322450806934,Spring,1.1839640442143389,0.0,1.1839640442143389,0.0,Clear/Low,4.0,Medium,0.4945661159547459,weighted_fallback,global+hour,249.02962912867315,0.0,248.94372551894998,none,170+,other,0.7,0.0,0.0,0.0,0.08590360972317912,0.0,,,ar_disabled_or_empty,0.0,,,origin_day_disabled_or_empty,248.94372551894998,-2.12,0.0,59.91250028260228,31.952830364994412,1.945324221681475,6.0,Medium-High,,,,,,,,,,,,,,,,,,,,,,,,,,,,,,,,,,,,,,,,,,,,,,,,,,,,,,,,,,,,,,,45,2026-04-12 23:00:00-07:00,2026-05-27 23:00:00-07:00,2026-06-11,0.0,5.067104358780881,5.067104358780881,0,1,130.280758,123.90315,175.93771999999998,,,,,,,,,,,,,,,,,-6.25106840299523,-6.74563451894997,-6.74563451894997,-6.74563451894997,-6.831538128673145,-4.711538128673141
2026-06-11 15:00:00-07:00,origin_19,2026-05-28 00:00:00-07:00,2026,5,352,15,Days8to16,Summer,6,15,263.335733,98.9,100.1,0.0,14.237978240655575,0.0,0.0,265.7060643673001,266.1600341796875,265.875850443843,265.3095520149078,266.9496370141099,267.3531313296191,267.3531313296191,267.3531313296191,267.4713893724383,273.3513893724383,265.3513893724383,273.3513893724383,1,8.0,june_long_hot_100_105_peak_ramp_up,273.3513893724383,273.3513893724383,operational_residual_hot_peak_only_v1,0,hot_peak_only,273.3513893724383,0.0,273.3513893724383,0,global_shadow_only,origin_available_shadow,-10.015656372438286,10.015656372438286,0.0,-0.43031707587867896,272.9210722965596,1,global,-9.585339296559596,9.585339296559596,-0.4303170758786905,-2.370331367300082,-2.8243011796874953,-2.5401174438429734,-1.9738190149078036,-10.015656372438286,-2.0156563724382863,-10.015656372438286,-10.015656372438286,10.015656372438286,1.2435726468098096,0.40349431550919235,0.0,0.0,0.11825804281920682,5.8799999999999955,8.0,7.645325005138204,Final_Backtest_Forecast_MWH,days8plus_final_low_confidence+long_horizon_peak_month_correction,raw_bias,none,none,recent_mean+last24_mean+same_hour+hourgroup+global+cloud_hourgroup+solar_hourgroup+solar_loss_hourgroup,3.0,6,246.6033065,267.7399375,42,257.9215899285714,286.7712877,16.732426500000003,Midday,3,0,0,0,6.0,1.3384748171617815,0.15,4.0,0.0,233.05184149363274,202.6513264824932,-2.370331367300082,2.370331367300082,0.900117633219219,Spring,1.2435726468097916,0.0,1.2435726468097916,0.0,Clear/Low,3.0,None,0.4034943155091807,weighted_fallback,global+hour,267.4713893724383,0.0,267.3531313296191,none,170+,other,0.7,0.0,0.0,0.0,0.1182580428192146,0.0,,,ar_disabled_or_empty,0.0,,,origin_day_disabled_or_empty,267.3531313296191,-2.12,0.0,63.05473788480688,32.65422287366735,3.8033791534240002,6.0,Medium-High,,,,,,,,,,,,,,,,,,,,,,,,,,,,,,,,,,,,,,,,,,,,,,,,,,,,,,,,,,,,,,,45,2026-04-12 23:00:00-07:00,2026-05-27 23:00:00-07:00,2026-06-11,0.0,2.370331367300082,2.370331367300082,0,1,122.384008,133.677975,202.73446385714286,,,,,,,,,,,,,,,,,-3.6139040141098917,-4.017398329619084,-4.017398329619084,-4.017398329619084,-4.135656372438291,-10.015656372438286
2026-06-11 16:00:00-07:00,origin_19,2026-05-28 00:00:00-07:00,2026,5,353,15,Days8to16,Summer,6,16,281.60275,100.1,100.1,0.0,9.256953283197172,0.0,0.0,283.3023898228927,280.63104248046875,281.0703118596364,287.57318300584507,283.3023898228927,283.69151385074593,283.69151385074593,284.17643188605047,284.26423039781884,286.64423039781883,282.14423039781883,286.64423039781883,1,4.5,june_recent_100_105_hot_evening_lift+june_long_hot_100_105_peak_finish_up,286.64423039781883,286.64423039781883,operational_residual_hot_peak_only_v1,0,hot_peak_only,286.64423039781883,0.0,286.64423039781883,0,hot_peak_low_forecast_gate_blocked,origin_available_shadow,-5.041480397818816,5.041480397818816,0.0,0.0,286.64423039781883,0,hot_peak_low_forecast_gate_blocked,-5.041480397818816,5.041480397818816,0.0,-1.6996398228926637,0.9717075195312646,0.532438140363638,-5.970433005845052,-5.041480397818816,-0.5414803978188161,-5.041480397818816,-5.041480397818816,5.041480397818816,0.0,0.3891240278532564,0.0,0.48491803530453126,0.08779851176836928,2.3799999999999955,4.5,3.3418405749261524,Final_Backtest_Forecast_MWH,days8plus_final_low_confidence+long_horizon_peak_month_correction,raw_bias,none,tree_peak_gap,recent_mean+last24_mean+same_hour+hourgroup+global+cloud_hourgroup+solar_hourgroup+solar_loss_hourgroup,3.0,6,264.22042716666664,283.7433285,42,257.9215899285714,286.7712877,17.382322833333376,Peak,3,0,0,1,6.0,1.35,0.14,3.3,0.0,250.11792441638227,217.16360573506296,-1.6996398228926637,1.6996398228926637,0.6035593838812524,Spring,0.0,0.0,0.0,0.0,Clear/Low,2.0,None,0.38912402785323963,weighted_fallback,global+hour,284.26423039781884,0.0,283.69151385074593,none,170+,other,0.7,0.0,0.0,0.48491803530452277,0.08779851176836181,0.0,,,ar_disabled_or_empty,0.0,,,origin_day_disabled_or_empty,284.17643188605047,-2.12,0.0,66.13878408782972,33.18446540651041,1.7902809535129949,6.0,Medium-Low,,,,,,,,,,,,,,,,,,,,,,,,,,,,,,,,,,,,,,,,,,,,,,,,,,,,,,,,,,,,,,,45,2026-04-12 23:00:00-07:00,2026-05-27 23:00:00-07:00,2026-06-11,0.0,1.6996398228926637,1.6996398228926637,0,1,119.573525,133.512866,216.40819028571428,,,,,,,,,,,,,,,,,-1.6996398228926637,-2.08876385074592,-2.08876385074592,-2.5736818860504513,-2.6614803978188206,-5.041480397818816
2026-06-11 17:00:00-07:00,origin_19,2026-05-28 00:00:00-07:00,2026,5,354,15,Days8to16,Summer,6,17,294.642141,99.2,100.1,0.0,4.8952850452081735,0.0,0.0,290.7765620828633,292.73504638671875,290.23823418229097,291.06293898266097,290.7765620828633,291.4936188413401,291.4936188413401,291.4936188413401,291.5472275814735,293.9272275814735,289.4272275814735,293.9272275814735,1,4.5,june_recent_100_105_hot_evening_lift+june_long_hot_100_105_peak_finish_up,293.9272275814735,293.9272275814735,operational_residual_hot_peak_only_v1,0,hot_peak_only,293.9272275814735,0.0,293.9272275814735,0,hot_peak_low_forecast_gate_blocked,origin_available_shadow,0.7149134185264643,0.7149134185264643,0.0,0.0,293.9272275814735,0,hot_peak_low_forecast_gate_blocked,0.7149134185264643,0.7149134185264643,0.0,3.865578917136702,1.907094613281231,4.403906817709014,3.579202017339014,0.7149134185264643,5.214913418526464,0.7149134185264643,0.7149134185264643,0.7149134185264643,0.0,0.717056758476815,0.0,0.0,0.05360874013342709,2.3799999999999955,4.5,3.1506654986102376,Final_Backtest_Forecast_MWH,days8plus_final_low_confidence+long_horizon_peak_month_correction,raw_bias,none,none,recent_mean+last24_mean+same_hour+hourgroup+global+cloud_hourgroup+solar_hourgroup+solar_loss_hourgroup,3.0,6,275.4988608333333,294.47982049999996,42,257.9215899285714,286.7712877,19.14328016666667,Peak,3,0,0,1,6.0,1.35,0.14,4.0,0.0,259.0727400725363,226.5150947383313,3.865578917136702,3.865578917136702,1.3119572454969035,Spring,0.0,0.0,0.0,0.0,Clear/Low,1.0,None,0.7170567584768225,weighted_fallback,global+hour,291.5472275814735,0.0,291.4936188413401,none,170+,other,0.7,0.0,0.0,0.0,0.05360874013342752,0.0,,,ar_disabled_or_empty,0.0,,,origin_day_disabled_or_empty,291.4936188413401,-2.12,0.0,64.26146734453198,31.703822010326974,0.24263787118165978,6.0,Medium-Low,,,,,,,,,,,,,,,,,,,,,,,,,,,,,,,,,,,,,,,,,,,,,,,,,,,,,,,,,,,,,,,45,2026-04-12 23:00:00-07:00,2026-05-27 23:00:00-07:00,2026-06-11,3.865578917136702,0.0,-3.865578917136702,1,0,120.268916,133.512866,226.82119842857142,,,,,,,,,,,,,,,,,3.865578917136702,3.148522158659887,3.148522158659887,3.148522158659887,3.0949134185264597,0.7149134185264643
2026-06-11 18:00:00-07:00,origin_19,2026-05-28 00:00:00-07:00,2026,5,355,15,Days8to16,Summer,6,18,296.756358,98.7,100.1,0.0,2.3058270473486204,0.0,0.0,292.5997699376113,294.3635559082031,291.7573200539282,293.419680906087,292.5997699376113,293.3508513430139,293.3508513430139,293.3508513430139,293.3323316476929,295.7123316476929,291.2123316476929,295.7123316476929,1,4.5,june_recent_100_105_hot_evening_lift+june_long_hot_100_105_peak_finish_up,295.7123316476929,295.7123316476929,operational_residual_hot_peak_only_v1,0,hot_peak_only,295.7123316476929,0.0,295.7123316476929,0,hot_peak_low_forecast_gate_blocked,origin_available_shadow,1.0440263523070712,1.0440263523070712,0.0,0.0,295.7123316476929,0,hot_peak_low_forecast_gate_blocked,1.0440263523070712,1.0440263523070712,0.0,4.156588062388664,2.3928020917968524,4.99903794607178,3.3366770939129538,1.0440263523070712,5.544026352307071,1.0440263523070712,1.0440263523070712,1.0440263523070712,0.0,0.7510814054026014,0.0,0.0,-0.018519695321003837,2.3799999999999955,4.5,3.112561710081593,Final_Backtest_Forecast_MWH,days8plus_final_low_confidence+long_horizon_peak_month_correction,raw_bias,none,none,recent_mean+last24_mean+same_hour+hourgroup+global+cloud_hourgroup+solar_hourgroup+solar_loss_hourgroup,3.0,6,276.73095100000006,293.8857995,42,257.9215899285714,286.7712877,20.025406999999916,Peak,3,0,0,1,6.0,1.35,0.14,4.3,0.0,263.85783615054595,229.9616513627688,4.156588062388664,4.156588062388664,1.400673633549804,Spring,0.0,0.0,0.0,0.0,Clear/Low,1.0,None,0.7510814054026188,weighted_fallback,global+hour,293.3323316476929,0.0,293.3508513430139,none,170+,other,0.7,0.0,0.0,0.0,-0.018519695321008337,0.0,,,ar_disabled_or_empty,0.0,,,origin_day_disabled_or_empty,293.3508513430139,-2.12,0.0,62.63811857484251,28.741933787065364,0.3518126315282085,6.0,Medium-Low,,,,,,,,,,,,,,,,,,,,,,,,,,,,,,,,,,,,,,,,,,,,,,,,,,,,,,,,,,,,,,,45,2026-04-12 23:00:00-07:00,2026-05-27 23:00:00-07:00,2026-06-11,4.156588062388664,0.0,-4.156588062388664,1,0,125.104508,137.621025,229.58848628571428,,,,,,,,,,,,,,,,,4.156588062388664,3.405506656986063,3.405506656986063,3.405506656986063,3.4240263523070666,1.0440263523070712
2026-06-11 19:00:00-07:00,origin_19,2026-05-28 00:00:00-07:00,2026,5,356,15,Days8to16,Summer,6,19,291.356483,97.1,100.1,0.01,0.5056966994736776,0.0,0.0,283.84332281599836,285.2536926269531,285.4853356519021,280.8600541278768,283.84332281599836,284.75403662789154,284.75403662789154,284.75403662789154,284.72477125851407,287.72477125851407,284.72477125851407,287.72477125851407,1,3.0,june_recent_100_105_hot_evening_lift,287.72477125851407,287.72477125851407,operational_residual_hot_peak_only_v1,0,hot_peak_only,287.72477125851407,0.0,287.72477125851407,0,hot_peak_low_forecast_gate_blocked,origin_available_shadow,3.631711741485958,3.631711741485958,0.0,0.0,287.72477125851407,0,hot_peak_low_forecast_gate_blocked,3.631711741485958,3.631711741485958,0.0,7.513160184001663,6.102790373046901,5.871147348097907,10.496428872123204,3.631711741485958,6.631711741485958,3.631711741485958,3.631711741485958,3.631711741485958,0.0,0.9107138118931744,0.0,0.0,-0.029265369377469597,3.0,3.0,3.8814484425157048,Final_Backtest_Forecast_MWH,days8plus_final_low_confidence,raw_bias,none,none,recent_mean+last24_mean+same_hour+hourgroup+global+cloud_hourgroup+solar_hourgroup+solar_loss_hourgroup,3.0,6,267.02531500000003,282.0004035,42,257.9215899285714,286.7712877,24.33116799999999,Peak,3,0,0,1,6.0,0.0,0.15,4.4,0.0,258.19784473386545,224.2409507822506,7.513160184001663,7.513160184001663,2.578683030026026,Spring,0.0,0.0,0.0,0.0,Clear/Low,0.0,None,0.9107138118931509,weighted_fallback,global+hour,284.72477125851407,0.0,284.75403662789154,none,170+,other,1.0,0.0,0.0,0.0,-0.029265369377476026,0.0,,,ar_disabled_or_empty,0.0,,,origin_day_disabled_or_empty,284.75403662789154,0.0,0.0,59.60237203374777,25.64547808213291,1.2464839306444941,6.0,Low,,,,,,,,,,,,,,,,,,,,,,,,,,,,,,,,,,,,,,,,,,,,,,,,,,,,,,,,,,,,,,,45,2026-04-12 23:00:00-07:00,2026-05-27 23:00:00-07:00,2026-06-11,7.513160184001663,0.0,-7.513160184001663,1,0,133.555216,137.621025,209.81431500000002,,,,,,,,,,,,,,,,,7.513160184001663,6.6024463721084885,6.6024463721084885,6.6024463721084885,6.631711741485958,3.631711741485958
2026-06-11 20:00:00-07:00,origin_19,2026-05-28 00:00:00-07:00,2026,5,357,15,Days8to16,Summer,6,20,274.337633,93.8,100.1,0.0,0.0936288952397297,0.0,0.0,270.68421140667635,273.4073486328125,272.8228827126736,266.5454030040703,270.68421140667635,271.99716937130887,271.99716937130887,271.99716937130887,272.04142443306404,275.04142443306404,272.04142443306404,275.04142443306404,1,3.0,june_recent_100_105_hot_evening_lift,275.04142443306404,275.04142443306404,operational_residual_hot_peak_only_v1,0,hot_peak_only,275.04142443306404,0.0,275.04142443306404,0,hot_peak_low_forecast_gate_blocked,origin_available_shadow,-0.7037914330640547,0.7037914330640547,0.0,0.0,275.04142443306404,0,hot_peak_low_forecast_gate_blocked,-0.7037914330640547,0.7037914330640547,0.0,3.6534215933236283,0.9302843671874825,1.5147502873263647,7.792229995929688,-0.7037914330640547,2.2962085669359453,-0.7037914330640547,-0.7037914330640547,0.7037914330640547,0.0,1.312957964632517,0.0,0.0,0.044255061755166025,3.0,3.0,4.357213026387683,Final_Backtest_Forecast_MWH,days8plus_final_low_confidence,raw_bias,none,none,recent_mean+last24_mean+same_hour+hourgroup+global+cloud_hourgroup+solar_hourgroup+solar_loss_hourgroup,3.0,6,249.3456985,264.07086649999997,42,257.9215899285714,286.7712877,24.991934499999985,Peak,3,0,0,1,6.0,0.0,0.18,5.1,0.0,247.16203050475383,215.5392338431123,3.6534215933236283,3.6534215933236283,1.3317245444498051,Spring,0.0,0.0,0.0,0.0,Clear/Low,0.0,None,1.3129579646324951,weighted_fallback,global+hour,272.04142443306404,0.0,271.99716937130887,none,170+,other,1.0,0.0,0.0,0.0,0.04425506175517841,0.0,,,ar_disabled_or_empty,0.0,,,origin_day_disabled_or_empty,271.99716937130887,0.0,0.0,55.144977563564055,23.522180901922525,0.25654206656512735,6.0,Low,,,,,,,,,,,,,,,,,,,,,,,,,,,,,,,,,,,,,,,,,,,,,,,,,,,,,,,,,,,,,,,45,2026-04-12 23:00:00-07:00,2026-05-27 23:00:00-07:00,2026-06-11,3.6534215933236283,0.0,-3.6534215933236283,1,0,141.938,150.8826,202.70205214285716,,,,,,,,,,,,,,,,,3.6534215933236283,2.3404636286911114,2.3404636286911114,2.3404636286911114,2.2962085669359453,-0.7037914330640547
2026-06-12 14:00:00-07:00,origin_19,2026-05-28 00:00:00-07:00,2026,5,375,16,Days8to16,Summer,6,14,279.483975,99.4,102.5,0.0,16.163564668941632,1.8639966721184713,0.0,267.6335375710098,268.8073425292969,267.6466428316866,267.2775707447213,268.20864154976584,268.7032076657206,268.7032076657206,268.7032076657206,268.8157950125993,274.6957950125993,266.6957950125993,274.6957950125993,1,8.0,june_long_hot_100_105_peak_ramp_up,274.6957950125993,274.6957950125993,operational_residual_hot_peak_only_v1,0,hot_peak_only,274.6957950125993,0.0,274.6957950125993,0,global_shadow_only,origin_available_shadow,4.788179987400667,4.788179987400667,0.0,-0.6913231170471694,274.0044718955522,1,global,5.479503104447815,5.479503104447815,0.6913231170471477,11.850437428990176,10.676632470703112,11.837332168313367,12.206404255278699,4.788179987400667,12.788179987400667,4.788179987400667,4.788179987400667,4.788179987400667,0.575103978756033,0.49456611595473987,0.0,0.0,0.11258734687874039,5.8799999999999955,8.0,7.062257441589509,Final_Backtest_Forecast_MWH,days8plus_final_low_confidence+long_horizon_peak_month_correction,raw_bias+solar_cloud_midday,none,none,recent_mean+last24_mean+same_hour+hourgroup+global+cloud_hourgroup+solar_hourgroup+solar_loss_hourgroup,3.0,3,241.70322733333333,247.9083632,21,270.0631841904762,293.555966,37.780747666666656,Midday,4,0,0,0,6.0,1.1420800000121758,0.19,2.2,0.0,247.2651953587809,191.61534288999178,11.850437428990176,11.850437428990176,4.240113383599248,Spring,0.6668644533446312,-0.09176047458860191,0.5751039787560293,0.0,Clear/Low,4.0,High,0.4945661159547459,weighted_fallback,global+hour,268.8157950125993,0.0,268.7032076657206,none,170+,solar_loss_general,0.7,0.0,0.0,0.0,0.11258734687874233,0.0,,,ar_disabled_or_empty,0.0,,,origin_day_disabled_or_empty,268.7032076657206,-2.12,0.0,76.01819468101803,20.368342212228924,1.7132216569485488,6.0,Medium-High,,,,,,,,,,,,,,,,,,,,,,,,,,,,,,,,,,,,,,,,,,,,,,,,,,,,,,,,,,,,,,,45,2026-04-12 23:00:00-07:00,2026-05-27 23:00:00-07:00,2026-06-12,11.850437428990176,0.0,-11.850437428990176,1,0,144.691683,109.280333,196.28730085714287,,,,,,,,,,,,,,,,,11.275333450234143,10.780767334279403,10.780767334279403,10.780767334279403,10.668179987400663,4.788179987400667
2026-06-12 15:00:00-07:00,origin_19,2026-05-28 00:00:00-07:00,2026,5,376,16,Days8to16,Summer,6,15,298.849225,101.3,102.5,0.0,13.418142576326003,0.0,0.0,287.35637977524664,286.0909729003906,287.33703165493296,287.7483287856984,288.2275238327554,288.6310181482646,288.6310181482646,288.6310181482646,288.7492761910838,294.6292761910838,286.6292761910838,294.6292761910838,1,8.0,june_long_hot_100_105_peak_ramp_up,294.6292761910838,294.6292761910838,operational_residual_hot_peak_only_v1,0,hot_peak_only,294.6292761910838,0.0,294.6292761910838,0,global_shadow_only,origin_available_shadow,4.219948808916172,4.219948808916172,0.0,-0.7198768284740373,293.9093993626098,1,global,4.939825637390186,4.939825637390186,0.719876828474014,11.492845224753353,12.758252099609365,11.512193345067033,11.1008962143016,4.219948808916172,12.219948808916172,4.219948808916172,4.219948808916172,4.219948808916172,0.8711440575087863,0.40349431550919235,0.0,0.0,0.11825804281920682,5.8799999999999955,8.0,7.272896415837181,Final_Backtest_Forecast_MWH,days8plus_final_low_confidence+long_horizon_peak_month_correction,raw_bias,none,none,recent_mean+last24_mean+same_hour+hourgroup+global+cloud_hourgroup+solar_hourgroup+solar_loss_hourgroup,3.0,3,262.03539700000005,268.198015,21,270.0631841904762,293.555966,36.813827999999944,Midday,4,0,0,0,6.0,1.3264804446594263,0.17,2.5,0.0,265.7060643673001,206.56084126072543,11.492845224753353,11.492845224753353,3.8457001937192086,Spring,0.8711440575087877,0.0,0.8711440575087877,0.0,Clear/Low,3.0,None,0.4034943155091807,weighted_fallback,global+hour,288.7492761910838,0.0,288.6310181482646,none,170+,other,0.7,0.0,0.0,0.0,0.1182580428192146,0.0,,,ar_disabled_or_empty,0.0,,,origin_day_disabled_or_empty,288.6310181482646,-2.12,0.0,80.79553851452121,21.65031540794655,1.4120661711323401,6.0,Medium-High,,,,,,,,,,,,,,,,,,,,,,,,,,,,,,,,,,,,,,,,,,,,,,,,,,,,,,,,,,,,,,,45,2026-04-12 23:00:00-07:00,2026-05-27 23:00:00-07:00,2026-06-12,11.492845224753353,0.0,-11.492845224753353,1,0,135.705066,105.005766,231.5897792857143,,,,,,,,,,,,,,,,,10.621701167244566,10.218206851735374,10.218206851735374,10.218206851735374,10.099948808916167,4.219948808916172
2026-06-12 16:00:00-07:00,origin_19,2026-05-28 00:00:00-07:00,2026,5,377,16,Days8to16,Summer,6,16,313.48435,102.5,102.5,0.0,8.732604218591174,0.0,0.0,305.47273283986215,303.5361328125,306.4471056782775,304.49488981588433,305.47273283986215,305.8618568677154,305.8618568677154,305.8618568677154,305.9496553794838,308.32965537948377,303.82965537948377,308.32965537948377,1,4.5,june_recent_100_105_hot_evening_lift+june_long_hot_100_105_peak_finish_up,308.32965537948377,308.32965537948377,operational_residual_hot_peak_only_v1,0,hot_peak_only,308.32965537948377,0.0,308.32965537948377,0,hot_peak_low_forecast_gate_blocked,origin_available_shadow,5.1546946205162385,5.1546946205162385,0.0,0.0,308.32965537948377,0,hot_peak_low_forecast_gate_blocked,5.1546946205162385,5.1546946205162385,0.0,8.01161716013786,9.948217187500006,7.037244321722483,8.989460184115671,5.1546946205162385,9.654694620516239,5.1546946205162385,5.1546946205162385,5.1546946205162385,0.0,0.3891240278532564,0.0,0.0,0.08779851176836928,2.3799999999999955,4.5,2.856922539621621,Final_Backtest_Forecast_MWH,days8plus_final_low_confidence+long_horizon_peak_month_correction,raw_bias,none,none,recent_mean+last24_mean+same_hour+hourgroup+global+cloud_hourgroup+solar_hourgroup+solar_loss_hourgroup,3.0,3,277.80048000000005,284.50046100000003,21,270.0631841904762,293.555966,35.683869999999956,Peak,4,0,0,1,6.0,1.35,0.16,4.0,0.0,283.3023898228927,221.18716279746704,8.01161716013786,8.01161716013786,2.555667343565272,Spring,0.0,0.0,0.0,0.0,Clear/Low,2.0,None,0.38912402785323963,weighted_fallback,global+hour,305.9496553794838,0.0,305.8618568677154,none,170+,other,0.7,0.0,0.0,0.0,0.08779851176836181,0.0,,,ar_disabled_or_empty,0.0,,,origin_day_disabled_or_empty,305.8618568677154,-2.12,0.0,84.28557004239511,22.17034301696947,1.6443227933120868,6.0,Medium-Low,,,,,,,,,,,,,,,,,,,,,,,,,,,,,,,,,,,,,,,,,,,,,,,,,,,,,,,,,,,,,,,45,2026-04-12 23:00:00-07:00,2026-05-27 23:00:00-07:00,2026-06-12,8.01161716013786,0.0,-8.01161716013786,1,0,133.3827,105.06665,248.98949028571428,,,,,,,,,,,,,,,,,8.01161716013786,7.622493132284603,7.622493132284603,7.622493132284603,7.534694620516234,5.1546946205162385
2026-06-12 17:00:00-07:00,origin_19,2026-05-28 00:00:00-07:00,2026,5,378,16,Days8to16,Summer,6,17,315.708558,101.6,102.5,0.0,4.664116473001248,0.0,0.0,313.7973661992517,313.15875244140625,314.0045249322171,313.65429212111894,313.7973661992517,314.5144229577285,314.5144229577285,314.5144229577285,314.56803169786195,316.94803169786195,312.44803169786195,316.94803169786195,1,4.5,june_recent_100_105_hot_evening_lift+june_long_hot_100_105_peak_finish_up,316.94803169786195,316.94803169786195,operational_residual_hot_peak_only_v1,0,hot_peak_only,316.94803169786195,0.0,316.94803169786195,0,hot_peak_low_forecast_gate_blocked,origin_available_shadow,-1.2394736978619676,1.2394736978619676,0.0,0.0,316.94803169786195,0,hot_peak_low_forecast_gate_blocked,-1.2394736978619676,1.2394736978619676,0.0,1.91119180074827,2.5498055585937323,1.7040330677828592,2.05426587888104,-1.2394736978619676,3.2605263021380324,-1.2394736978619676,-1.2394736978619676,1.2394736978619676,0.0,0.717056758476815,0.0,0.0,0.05360874013342709,2.3799999999999955,4.5,3.1506654986102376,Final_Backtest_Forecast_MWH,days8plus_final_low_confidence+long_horizon_peak_month_correction,raw_bias,none,none,recent_mean+last24_mean+same_hour+hourgroup+global+cloud_hourgroup+solar_hourgroup+solar_loss_hourgroup,3.0,3,287.830633,295.066913,21,270.0631841904762,293.555966,27.877925000000005,Peak,4,0,0,1,6.0,1.35,0.16,4.7,0.0,290.7765620828633,230.37613552508975,1.91119180074827,1.91119180074827,0.605365851611875,Spring,0.0,0.0,0.0,0.0,Clear/Low,1.0,None,0.7170567584768225,weighted_fallback,global+hour,314.56803169786195,0.0,314.5144229577285,none,170+,other,0.7,0.0,0.0,0.0,0.05360874013342752,0.0,,,ar_disabled_or_empty,0.0,,,origin_day_disabled_or_empty,314.5144229577285,-2.12,0.0,83.42123067416196,23.020804116388433,0.3926006015528941,6.0,Medium-Low,,,,,,,,,,,,,,,,,,,,,,,,,,,,,,,,,,,,,,,,,,,,,,,,,,,,,,,,,,,,,,,45,2026-04-12 23:00:00-07:00,2026-05-27 23:00:00-07:00,2026-06-12,1.91119180074827,0.0,-1.91119180074827,1,0,132.635358,108.129583,242.3588127142857,,,,,,,,,,,,,,,,,1.91119180074827,1.194135042271455,1.194135042271455,1.194135042271455,1.1405263021380279,-1.2394736978619676
2026-06-12 18:00:00-07:00,origin_19,2026-05-28 00:00:00-07:00,2026,5,379,16,Days8to16,Summer,6,18,315.363391,100.6,102.5,0.0,1.9870105423086013,0.0,0.0,311.1356409290009,312.3800048828125,310.07380483299767,312.44870795020256,311.1356409290009,311.8867223344035,311.8867223344035,311.8867223344035,311.8682026390825,314.2482026390825,309.7482026390825,314.2482026390825,1,4.5,june_recent_100_105_hot_evening_lift+june_long_hot_100_105_peak_finish_up,314.2482026390825,314.2482026390825,operational_residual_hot_peak_only_v1,0,hot_peak_only,314.2482026390825,0.0,314.2482026390825,0,hot_peak_low_forecast_gate_blocked,origin_available_shadow,1.1151883609175002,1.1151883609175002,0.0,0.0,314.2482026390825,0,hot_peak_low_forecast_gate_blocked,1.1151883609175002,1.1151883609175002,0.0,4.227750070999093,2.9833861171874787,5.289586167002312,2.914683049797418,1.1151883609175002,5.6151883609175,1.1151883609175002,1.1151883609175002,1.1151883609175002,0.0,0.7510814054026014,0.0,0.0,-0.018519695321003837,2.3799999999999955,4.5,3.112561710081593,Final_Backtest_Forecast_MWH,days8plus_final_low_confidence+long_horizon_peak_month_correction,raw_bias,none,none,recent_mean+last24_mean+same_hour+hourgroup+global+cloud_hourgroup+solar_hourgroup+solar_loss_hourgroup,3.0,3,286.7159496666667,294.08369960000005,21,270.0631841904762,293.555966,28.64744133333329,Peak,4,0,0,1,6.0,1.35,0.15,3.6,0.0,292.5997699376113,233.98976983088602,4.227750070999093,4.227750070999093,1.3405963379557564,Spring,0.0,0.0,0.0,0.0,Clear/Low,1.0,None,0.7510814054026188,weighted_fallback,global+hour,311.8682026390825,0.0,311.8867223344035,none,170+,other,0.7,0.0,0.0,0.0,-0.018519695321008337,0.0,,,ar_disabled_or_empty,0.0,,,origin_day_disabled_or_empty,311.8867223344035,-2.12,0.0,77.14587109811487,18.535870991389572,0.3536201070711788,6.0,Medium-Low,,,,,,,,,,,,,,,,,,,,,,,,,,,,,,,,,,,,,,,,,,,,,,,,,,,,,,,,,,,,,,,45,2026-04-12 23:00:00-07:00,2026-05-27 23:00:00-07:00,2026-06-12,4.227750070999093,0.0,-4.227750070999093,1,0,137.557708,112.186658,265.1862887142857,,,,,,,,,,,,,,,,,4.227750070999093,3.476668665596492,3.476668665596492,3.476668665596492,3.4951883609174956,1.1151883609175002
2026-06-12 19:00:00-07:00,origin_19,2026-05-28 00:00:00-07:00,2026,5,380,16,Days8to16,Summer,6,19,309.084325,99.4,102.5,0.01,0.4262098843380014,0.0,0.0,299.7275762743918,304.6608581542969,301.4834559837188,295.5588276226194,299.7275762743918,300.638290086285,300.638290086285,301.2007025236915,301.17143715431405,304.17143715431405,301.17143715431405,304.17143715431405,1,3.0,june_recent_100_105_hot_evening_lift,304.17143715431405,304.17143715431405,operational_residual_hot_peak_only_v1,0,hot_peak_only,304.17143715431405,0.0,304.17143715431405,0,hot_peak_low_forecast_gate_blocked,origin_available_shadow,4.91288784568593,4.91288784568593,0.0,0.0,304.17143715431405,0,hot_peak_low_forecast_gate_blocked,4.91288784568593,4.91288784568593,0.0,9.356748725608156,4.4234668457031034,7.6008690162811945,13.525497377380589,4.91288784568593,7.91288784568593,4.91288784568593,4.91288784568593,4.91288784568593,0.0,0.9107138118931744,0.0,0.5624124374065218,-0.029265369377469597,3.0,3.0,4.443860879922227,Final_Backtest_Forecast_MWH,days8plus_final_low_confidence,raw_bias,none,tree_peak_gap,recent_mean+last24_mean+same_hour+hourgroup+global+cloud_hourgroup+solar_hourgroup+solar_loss_hourgroup,3.0,3,276.1403746666667,282.4291728,21,270.0631841904762,293.555966,32.943950333333305,Peak,4,0,0,1,6.0,0.0,0.16,2.9,0.0,283.84332281599836,227.92810584008134,9.356748725608156,9.356748725608156,3.02724789605819,Spring,0.0,0.0,0.0,0.0,Clear/Low,0.0,None,0.9107138118931509,weighted_fallback,global+hour,301.17143715431405,0.0,300.638290086285,none,170+,other,1.0,0.0,0.0,0.5624124374065332,-0.029265369377476026,0.0,,,ar_disabled_or_empty,0.0,,,origin_day_disabled_or_empty,301.2007025236915,0.0,0.0,71.79947043431048,15.88425345839346,1.5894975734165522,6.0,Low,,,,,,,,,,,,,,,,,,,,,,,,,,,,,,,,,,,,,,,,,,,,,,,,,,,,,,,,,,,,,,,45,2026-04-12 23:00:00-07:00,2026-05-27 23:00:00-07:00,2026-06-12,9.356748725608156,0.0,-9.356748725608156,1,0,149.097608,117.570033,242.16254128571427,,,,,,,,,,,,,,,,,9.356748725608156,8.446034913714982,8.446034913714982,7.88362247630846,7.91288784568593,4.91288784568593
2026-06-12 20:00:00-07:00,origin_19,2026-05-28 00:00:00-07:00,2026,5,381,16,Days8to16,Summer,6,20,291.196891,96.4,102.5,0.0,0.0666723802842329,0.0,0.0,287.06334896919594,288.7232360839844,289.20872577745223,283.21778909485363,287.06334896919594,288.37630693382846,288.37630693382846,288.37630693382846,288.4205619955836,291.4205619955836,288.4205619955836,291.4205619955836,1,3.0,june_recent_100_105_hot_evening_lift,291.4205619955836,291.4205619955836,operational_residual_hot_peak_only_v1,0,hot_peak_only,291.4205619955836,0.0,291.4205619955836,0,hot_peak_low_forecast_gate_blocked,origin_available_shadow,-0.2236709955836318,0.2236709955836318,0.0,0.0,291.4205619955836,0,hot_peak_low_forecast_gate_blocked,-0.2236709955836318,0.2236709955836318,0.0,4.133542030804051,2.4736549160156187,1.9881652225477637,7.979101905146365,-0.2236709955836318,2.776329004416368,-0.2236709955836318,-0.2236709955836318,0.2236709955836318,0.0,1.312957964632517,0.0,0.0,0.044255061755166025,3.0,3.0,4.357213026387683,Final_Backtest_Forecast_MWH,days8plus_final_low_confidence,raw_bias,none,none,recent_mean+last24_mean+same_hour+hourgroup+global+cloud_hourgroup+solar_hourgroup+solar_loss_hourgroup,3.0,3,258.2162276666667,263.73342,21,270.0631841904762,293.555966,32.98066333333327,Peak,4,0,0,1,6.0,0.0,0.23,0.8,0.0,270.68421140667635,218.82526046660138,4.133542030804051,4.133542030804051,1.4195007428166708,Spring,0.0,0.0,0.0,0.0,Clear/Low,0.0,None,1.3129579646324951,weighted_fallback,global+hour,288.4205619955836,0.0,288.37630693382846,none,170+,other,1.0,0.0,0.0,0.0,0.04425506175517841,0.0,,,ar_disabled_or_empty,0.0,,,origin_day_disabled_or_empty,288.37630693382846,0.0,0.0,68.23808850259456,16.37913756251959,0.07681091470981116,6.0,Low,,,,,,,,,,,,,,,,,,,,,,,,,,,,,,,,,,,,,,,,,,,,,,,,,,,,,,,,,,,,,,,45,2026-04-12 23:00:00-07:00,2026-05-27 23:00:00-07:00,2026-06-12,4.133542030804051,0.0,-4.133542030804051,1,0,163.051466,121.940783,247.41064614285713,,,,,,,,,,,,,,,,,4.133542030804051,2.8205840661715342,2.8205840661715342,2.8205840661715342,2.776329004416368,-0.2236709955836318
2026-06-01 14:00:00-07:00,origin_20,2026-05-29 00:00:00-07:00,2026,5,87,4,Days2to7,Summer,6,14,190.248075,90.5,92.5,0.0,22.09404382650229,0.0,0.0,193.81653970185567,194.14215087890625,194.66981778682302,192.38264237489253,194.59542961518335,195.19349785744845,195.19349785744845,195.19349785744845,195.19349785744845,192.19349785744845,195.19349785744845,192.19349785744845,1,-3.0,june_recent_85_93_clear_afternoon_backoff,192.19349785744845,192.19349785744845,operational_residual_hot_peak_only_v1,0,hot_peak_only,192.19349785744845,0.0,192.19349785744845,0,global_shadow_only,origin_available_shadow,-1.945422857448449,1.945422857448449,0.0,0.28646519573050133,192.47996305317895,1,global,-2.231888053178949,2.231888053178949,0.2864651957305,-3.5684647018556745,-3.89407587890625,-4.4217427868230175,-2.1345673748925265,-1.945422857448449,-4.945422857448449,-1.945422857448449,-1.945422857448449,1.945422857448449,0.7788899133276743,0.5980682422651,0.0,0.0,0.0,-3.0,-3.0,-1.6230418444072257,Recent_Corrected_Forecast_MWH,days4to7_recent_corrected,raw_bias,none,none,recent_mean+last24_mean+same_hour+hourgroup+global+temp_hourgroup+cloud_hourgroup+solar_hourgroup+solar_loss_hourgroup+temp_cloud_hourgroup,3.0,9,179.8123701111111,193.4245896,63,213.56628803174604,240.531745,10.435704888888893,Midday,0,0,0,0,4.0,1.173665330972151,0.2,2.8,0.0,143.1494832337359,123.62323063392742,-3.5684647018556745,3.5684647018556745,1.8756903069088477,Spring,0.7788899133276822,0.0,0.7788899133276822,0.0,Clear/Low,5.0,None,0.5980682422650941,weighted_fallback,global+hour+temp_cloud_hourgroup,195.19349785744845,0.0,195.19349785744845,none,170+,other,0.7,0.0,0.0,0.0,0.0,0.0,,,ar_disabled_or_empty,0.0,,,origin_day_disabled_or_empty,195.19349785744845,0.0,0.0,70.19330906792825,50.66705646811977,1.022571638345591,4.0,High,197.60544930178892,198.1442413330078,198.60687425374746,195.87784093979153,-7.357374301788923,199.20832304044023,-8.960248040440234,8.960248040440234,4.709770672024006,92.0,94.2,0.0,21.08955962151997,0.0,0.0,4.0,0.0,none,0.0,0.0,0.0,,,0.0,199.20832304044023,199.20832304044023,0.0,0.0,none,73.19944697358211,51.53340439763579,operational_residual_hot_peak_only_v1,0.0,hot_peak_only,199.20832304044023,0.0,199.20832304044023,0.0,global_shadow_only,weather_realism_origin_available_shadow,-8.960248040440234,8.960248040440234,0.0,0.6891348641601527,199.8974579046004,1.0,global,-9.649382904600401,9.649382904600401,0.6891348641601667,217.20832304044023,217.20832304044023,183.40936273276452,198.44618212674678,198.99010844742637,199.13473316703534,1.0,183.40936273276452,217.20832304044023,33.79896030767571,16.899480153837857,18.0,45,2026-04-13 23:00:00-07:00,2026-05-28 23:00:00-07:00,2026-06-01,0.0,3.5684647018556745,3.5684647018556745,0,1,113.168525,97.388516,144.93352457142856,1.5,1.7000000000000028,0.0,-1.0044842049823188,0.0,0.0,7.014825182991785,-7.014825182991785,7.014825182991785,3.6871990336784144,days4to7,0-2F,0-20pp,0-1.25MW,normal,low_weather_error,-4.347354615183349,-4.945422857448449,-4.945422857448449,-4.945422857448449,-4.945422857448449,-1.945422857448449
2026-06-01 15:00:00-07:00,origin_20,2026-05-29 00:00:00-07:00,2026,5,88,4,Days2to7,Summer,6,15,208.996966,91.9,92.5,0.0,17.85598958907007,0.0,0.0,210.97859217971134,210.46807861328125,212.01494386162594,209.49590055568268,212.10956904980347,212.66014356609742,212.66014356609742,212.66014356609742,212.66014356609742,209.66014356609742,212.66014356609742,209.66014356609742,1,-3.0,june_recent_85_93_clear_afternoon_backoff,209.66014356609742,209.66014356609742,operational_residual_hot_peak_only_v1,0,hot_peak_only,209.66014356609742,0.0,209.66014356609742,0,global_shadow_only,origin_available_shadow,-0.6631775660974313,0.6631775660974313,0.0,0.23751417322858434,209.897657739326,1,global,-0.900691739326021,0.900691739326021,0.2375141732285897,-1.9816261797113555,-1.4711126132812637,-3.017977861625951,-0.49893455568269474,-0.6631775660974313,-3.6631775660974313,-0.6631775660974313,-0.6631775660974313,0.6631775660974313,1.1309768700921268,0.550574516293949,0.0,0.0,0.0,-3.0,-3.0,-1.3184486136139242,Recent_Corrected_Forecast_MWH,days4to7_recent_corrected,raw_bias,none,none,recent_mean+last24_mean+same_hour+hourgroup+global+temp_hourgroup+cloud_hourgroup+solar_hourgroup+solar_loss_hourgroup+temp_cloud_hourgroup,3.0,9,200.45681433333334,209.563091,63,213.56628803174604,240.531745,8.540151666666645,Midday,0,0,0,0,4.0,1.35,0.18,3.1,0.0,157.11975099989337,133.63622045115412,-1.9816261797113555,1.9816261797113555,0.9481602616716243,Spring,1.1309768700921208,0.0,1.1309768700921208,0.0,Clear/Low,4.0,None,0.550574516293941,weighted_fallback,global+hour+temp_cloud_hourgroup,212.66014356609742,0.0,212.66014356609742,none,170+,other,0.7,0.0,0.0,0.0,0.0,0.0,,,ar_disabled_or_empty,0.0,,,origin_day_disabled_or_empty,212.66014356609742,0.0,0.0,77.34237172855723,53.85884117981797,0.3173144466113596,4.0,Medium-High,213.88640154132662,215.467041015625,215.6584246422447,210.65018253294141,-4.889435541326634,215.9868032632227,-6.989837263222711,6.989837263222711,3.344468293966866,93.3,94.2,0.06,16.29981457101885,0.0,0.0,4.0,0.0,none,0.0,0.0,0.0,,,0.0,215.9868032632227,215.9868032632227,0.0,0.0,none,79.01895990925274,53.06294930203873,operational_residual_hot_peak_only_v1,0.0,hot_peak_only,215.9868032632227,0.0,215.9868032632227,0.0,global_shadow_only,weather_realism_origin_available_shadow,-6.989837263222711,6.989837263222711,0.0,0.8852632053225624,216.87206646854526,1.0,global,-7.87510046854527,7.87510046854527,0.8852632053225591,233.9868032632227,233.9868032632227,199.6674149344389,214.9927843976013,211.75437751004924,215.85562497197026,1.0,199.6674149344389,233.9868032632227,34.31938832878379,17.159694164391894,18.0,45,2026-04-13 23:00:00-07:00,2026-05-28 23:00:00-07:00,2026-06-01,0.0,1.9816261797113555,1.9816261797113555,0,1,121.463241,99.629608,158.54062728571427,1.3999999999999915,1.7000000000000028,0.06,-1.5561750180512206,0.0,0.0,6.3266596971252795,-6.3266596971252795,6.3266596971252795,3.027153847355507,days4to7,0-2F,0-20pp,0-1.25MW,normal,low_weather_error,-3.1126030498034822,-3.6631775660974313,-3.6631775660974313,-3.6631775660974313,-3.6631775660974313,-0.6631775660974313
2026-06-01 16:00:00-07:00,origin_20,2026-05-29 00:00:00-07:00,2026,5,89,4,Days2to7,Summer,6,16,225.060525,92.5,92.5,0.0,12.768784232660986,0.0,0.0,227.51394286527724,228.164794921875,229.2039245354517,224.67229965311796,227.51394286527724,228.30706724862193,228.30706724862193,228.30706724862193,228.30706724862193,225.30706724862193,228.30706724862193,225.30706724862193,1,-3.0,june_recent_85_93_clear_afternoon_backoff,225.30706724862193,225.30706724862193,operational_residual_hot_peak_only_v1,0,hot_peak_only,225.30706724862193,0.0,225.30706724862193,0,hot_peak_low_forecast_gate_blocked,origin_available_shadow,-0.2465422486219211,0.2465422486219211,0.0,0.0,225.30706724862193,0,hot_peak_low_forecast_gate_blocked,-0.2465422486219211,0.2465422486219211,0.0,-2.453417865277231,-3.1042699218749874,-4.143399535451692,0.38822534688205224,-0.2465422486219211,-3.246542248621921,-0.2465422486219211,-0.2465422486219211,0.2465422486219211,0.0,0.7931243833446899,0.0,0.0,0.0,-3.0,-3.0,-2.20687561665531,Recent_Corrected_Forecast_MWH,days4to7_recent_corrected,raw_bias,none,none,recent_mean+last24_mean+same_hour+hourgroup+global+cloud_hourgroup+solar_loss_hourgroup,3.0,9,217.94929611111112,231.14446999999998,63,213.56628803174604,240.531745,7.111228888888888,Peak,0,0,0,1,4.0,1.35,0.16,2.9,0.0,171.76402132016318,143.2620204728631,-2.453417865277231,2.453417865277231,1.0901146992691104,Spring,0.0,0.0,0.0,0.0,Clear/Low,3.0,None,0.7931243833446843,weighted_fallback,global+hour+temp_cloud_hourgroup,228.30706724862193,0.0,228.30706724862193,none,170+,other,0.7,0.0,0.0,0.0,0.0,0.0,,,ar_disabled_or_empty,0.0,,,origin_day_disabled_or_empty,228.30706724862193,0.0,0.0,84.25192239241414,55.74992154511406,0.1095448651521279,4.0,Medium-High,230.80729503355363,230.44903564453125,231.57152404684052,229.7087235523949,-5.7467700335536165,232.3329559875691,-7.272430987569095,7.272430987569095,3.2313223243254656,94.2,94.2,0.05,10.237045980107748,0.0,0.0,4.0,0.7325365706707835,weather_uncertainty_peak_hedge,0.25674101834134094,0.47579555232944254,18.144745639682128,2.957788,0.35,1.0,232.3329559875691,232.3329559875691,0.0,0.0,none,86.00173819226197,53.93476412425525,operational_residual_hot_peak_only_v1,0.0,hot_peak_only,232.3329559875691,0.0,232.3329559875691,0.0,hot_peak_low_forecast_gate_blocked,weather_realism_origin_available_shadow,-7.272430987569095,7.272430987569095,0.0,0.0,232.3329559875691,0.0,hot_peak_low_forecast_gate_blocked,-7.272430987569095,7.272430987569095,0.0,249.74516505658045,253.60041941689832,214.4618507545802,226.5956124787426,220.6819860399627,232.13147107167057,1.0,214.4618507545802,253.60041941689832,39.13856866231811,19.569284331159054,22.0,45,2026-04-13 23:00:00-07:00,2026-05-28 23:00:00-07:00,2026-06-01,0.0,2.453417865277231,2.453417865277231,0,1,127.706541,104.251466,172.9253747142857,1.7000000000000028,1.7000000000000028,0.05,-2.5317382525532377,0.0,0.0,7.025888738947174,-7.025888738947174,7.025888738947174,3.121777459173337,days4to7,0-2F,0-20pp,0-1.25MW,hot_peak,low_weather_error,-2.453417865277231,-3.246542248621921,-3.246542248621921,-3.246542248621921,-3.246542248621921,-0.2465422486219211
2026-06-01 17:00:00-07:00,origin_20,2026-05-29 00:00:00-07:00,2026,5,90,4,Days2to7,Summer,6,17,237.518291,92.4,92.5,0.0,6.348530385386856,0.0,0.0,238.97241707740181,238.44683837890625,240.28924280656855,237.0532848454242,238.97241707740181,239.98477174107066,239.98477174107066,239.98477174107066,239.98477174107066,236.98477174107066,239.98477174107066,236.98477174107066,1,-3.0,june_recent_85_93_clear_afternoon_backoff,236.98477174107066,236.98477174107066,operational_residual_hot_peak_only_v1,0,hot_peak_only,236.98477174107066,0.0,236.98477174107066,0,hot_peak_low_forecast_gate_blocked,origin_available_shadow,0.5335192589293456,0.5335192589293456,0.0,0.0,236.98477174107066,0,hot_peak_low_forecast_gate_blocked,0.5335192589293456,0.5335192589293456,0.0,-1.4541260774018099,-0.9285473789062451,-2.7709518065685472,0.4650061545758035,0.5335192589293456,-2.4664807410706544,0.5335192589293456,0.5335192589293456,0.5335192589293456,0.0,1.0123546636688445,0.0,0.0,0.0,-3.0,-3.0,-1.9876453363311555,Recent_Corrected_Forecast_MWH,days4to7_recent_corrected,raw_bias,none,none,recent_mean+last24_mean+same_hour+hourgroup+global+cloud_hourgroup+solar_hourgroup+solar_loss_hourgroup,3.0,9,230.0675838888889,245.80907820000002,63,213.56628803174604,240.531745,7.4507071111111145,Peak,0,0,0,1,4.0,1.35,0.15,3.8,0.0,185.65572194388415,149.45692171140908,-1.4541260774018099,1.4541260774018099,0.6122164618479045,Spring,0.0,0.0,0.0,0.0,Clear/Low,2.0,None,1.012354663668842,weighted_fallback,global+hour+temp_cloud_hourgroup,239.98477174107066,0.0,239.98477174107066,none,170+,other,0.7,0.0,0.0,0.0,0.0,0.0,,,ar_disabled_or_empty,0.0,,,origin_day_disabled_or_empty,239.98477174107066,0.0,0.0,89.51549536599273,53.31669513351767,0.22462238873609341,4.0,Medium-Low,243.99502722318974,243.6689453125,244.73601891631543,242.92377796561783,-6.476736223189732,245.00738188685858,-7.489090886858577,7.489090886858577,3.1530585940678466,94.2,94.2,0.0,4.33901542543175,0.0,0.0,4.0,0.0,none,0.0,0.4085545671368594,15.58047078064294,2.957788,0.35,1.0,245.00738188685858,245.00738188685858,0.0,0.0,none,92.66402534112788,53.93691320219398,operational_residual_hot_peak_only_v1,0.0,hot_peak_only,245.00738188685858,0.0,245.00738188685858,0.0,hot_peak_low_forecast_gate_blocked,weather_realism_origin_available_shadow,-7.489090886858577,7.489090886858577,0.0,0.0,245.00738188685858,0.0,hot_peak_low_forecast_gate_blocked,-7.489090886858577,7.489090886858577,0.0,260.5878526675015,267.0073818868586,227.53326232410566,235.85262858879537,228.61166625413264,245.3606234288719,1.0,227.53326232410566,267.0073818868586,39.47411956275292,19.73705978137646,22.0,45,2026-04-13 23:00:00-07:00,2026-05-28 23:00:00-07:00,2026-06-01,0.0,1.4541260774018099,1.4541260774018099,0,1,134.152408,107.817666,173.1565422857143,1.7999999999999972,1.7000000000000028,0.0,-2.009514959955106,0.0,0.0,8.022610145787922,-8.022610145787922,6.955571627929231,2.9284362053317534,days4to7,0-2F,0-20pp,0-1.25MW,hot_peak,low_weather_error,-1.4541260774018099,-2.4664807410706544,-2.4664807410706544,-2.4664807410706544,-2.4664807410706544,0.5335192589293456
2026-06-01 18:00:00-07:00,origin_20,2026-05-29 00:00:00-07:00,2026,5,91,4,Days2to7,Summer,6,18,241.827958,91.6,92.5,0.0,2.7252471458802625,0.0,0.0,244.62143745115605,244.1768798828125,246.09890042180618,242.42672637394682,244.62143745115605,245.6637294097635,245.6637294097635,245.6637294097635,245.6637294097635,245.6637294097635,245.6637294097635,245.6637294097635,0,0.0,none,245.6637294097635,245.6637294097635,operational_residual_hot_peak_only_v1,0,hot_peak_only,245.6637294097635,0.0,245.6637294097635,0,hot_peak_low_forecast_gate_blocked,origin_available_shadow,-3.8357714097635096,3.8357714097635096,0.0,0.0,245.6637294097635,0,hot_peak_low_forecast_gate_blocked,-3.8357714097635096,3.8357714097635096,0.0,-2.7934794511560597,-2.3489218828125047,-4.270942421806183,-0.5987683739468252,-3.8357714097635096,-3.8357714097635096,-3.8357714097635096,-3.8357714097635096,3.8357714097635096,0.0,1.04229195860745,0.0,0.0,0.0,0.0,0.0,1.04229195860745,Recent_Corrected_Forecast_MWH,days4to7_recent_corrected,raw_bias,none,none,recent_mean+last24_mean+same_hour+hourgroup+global+cloud_hourgroup+solar_hourgroup+solar_loss_hourgroup,3.0,9,232.13308311111112,250.67742320000002,63,213.56628803174604,240.531745,9.694874888888876,Peak,0,0,0,1,4.0,1.35,0.15,4.3,0.0,191.18301143991044,151.43004843513907,-2.7934794511560597,2.7934794511560597,1.1551515690158787,Spring,0.0,0.0,0.0,0.0,Clear/Low,1.0,None,1.0422919586074613,weighted_fallback,global+hour+temp_cloud_hourgroup,245.6637294097635,0.0,245.6637294097635,none,170+,other,0.7,0.0,0.0,0.0,0.0,0.0,,,ar_disabled_or_empty,0.0,,,origin_day_disabled_or_empty,245.6637294097635,0.0,0.0,93.19138901601698,53.43842601124561,1.5861571348022174,4.0,Medium-Low,247.85651006380436,247.9456024169922,247.79290178580703,247.93101097117506,-6.028552063804369,248.89880202241181,-7.070844022411819,7.070844022411819,2.9239150348413476,93.3,94.2,0.06,1.4955623894770495e-15,0.0,0.0,4.0,0.0,none,0.0,0.36194858258279977,13.803123912055923,2.957788,0.35,1.0,248.89880202241181,248.89880202241181,0.0,0.0,none,94.00480138965477,49.46844255433706,operational_residual_hot_peak_only_v1,0.0,hot_peak_only,248.89880202241181,0.0,248.89880202241181,0.0,hot_peak_low_forecast_gate_blocked,weather_realism_origin_available_shadow,-7.070844022411819,7.070844022411819,0.0,0.0,248.89880202241181,0.0,hot_peak_low_forecast_gate_blocked,-7.070844022411819,7.070844022411819,0.0,262.70192593446774,270.8988020224118,230.59980327531756,238.76415109651077,226.89880202241181,248.83213013719774,1.0,226.89880202241181,270.8988020224118,44.0,22.0,22.0,45,2026-04-13 23:00:00-07:00,2026-05-28 23:00:00-07:00,2026-06-01,0.0,2.7934794511560597,2.7934794511560597,0,1,140.571816,109.887608,179.10195785714288,1.7000000000000028,1.7000000000000028,0.06,-2.725247145880261,0.0,0.0,3.2350726126483096,-3.2350726126483096,3.2350726126483096,1.3377579000391302,days4to7,0-2F,0-20pp,0-1.25MW,hot_peak,low_weather_error,-2.7934794511560597,-3.8357714097635096,-3.8357714097635096,-3.8357714097635096,-3.8357714097635096,-3.8357714097635096
2026-06-01 19:00:00-07:00,origin_20,2026-05-29 00:00:00-07:00,2026,5,92,4,Days2to7,Summer,6,19,236.465941,90.0,92.5,0.0,0.6011609401787532,0.0,0.0,238.9334146469882,239.8014373779297,240.3641094601865,236.43717344597894,238.9334146469882,240.08753388104765,240.08753388104765,240.08753388104765,240.08753388104765,240.08753388104765,240.08753388104765,240.08753388104765,0,0.0,none,240.08753388104765,240.08753388104765,operational_residual_hot_peak_only_v1,0,hot_peak_only,240.08753388104765,0.0,240.08753388104765,0,hot_peak_low_forecast_gate_blocked,origin_available_shadow,-3.621592881047661,3.621592881047661,0.0,0.0,240.08753388104765,0,hot_peak_low_forecast_gate_blocked,-3.621592881047661,3.621592881047661,0.0,-2.467473646988225,-3.335496377929701,-3.8981684601865254,0.02876755402104436,-3.621592881047661,-3.621592881047661,-3.621592881047661,-3.621592881047661,3.621592881047661,0.0,1.1541192340594364,0.0,0.0,0.0,0.0,0.0,1.1541192340594364,Recent_Corrected_Forecast_MWH,days4to7_recent_corrected,raw_bias,none,none,recent_mean+last24_mean+same_hour+hourgroup+global+cloud_hourgroup+solar_hourgroup+solar_loss_hourgroup,3.0,9,224.49218300000004,245.3007078,63,213.56628803174604,240.531745,11.973757999999947,Peak,0,0,0,1,4.0,0.0,0.17,3.6,0.0,190.5466987539051,152.98154529298952,-2.467473646988225,2.467473646988225,1.0434795119133986,Spring,0.0,0.0,0.0,0.0,Clear/Low,0.0,None,1.154119234059425,weighted_fallback,global+hour+temp_cloud_hourgroup,240.08753388104765,0.0,240.08753388104765,none,170+,other,1.0,0.0,0.0,0.0,0.0,0.0,,,ar_disabled_or_empty,0.0,,,origin_day_disabled_or_empty,240.08753388104765,0.0,0.0,85.95186935399869,48.38671589308311,1.5315494763145028,4.0,Low,239.89530608546465,239.64743041992188,240.9457788126881,238.3153848471257,-3.429365085464667,241.0494253195241,-4.5834843195241035,4.5834843195241035,1.9383274818102043,90.6,94.2,0.11,0.0,0.0,0.0,4.0,0.0,none,0.0,0.2969217777007295,11.323288132654937,2.957788,0.35,1.0,241.0494253195241,241.0494253195241,0.0,0.0,none,84.29980564618725,42.38891413518837,operational_residual_hot_peak_only_v1,0.0,hot_peak_only,241.0494253195241,0.0,241.0494253195241,0.0,hot_peak_low_forecast_gate_blocked,weather_realism_origin_available_shadow,-4.5834843195241035,4.5834843195241035,0.0,0.0,241.0494253195241,0.0,hot_peak_low_forecast_gate_blocked,-4.5834843195241035,4.5834843195241035,0.0,252.37271345217903,263.04942531952406,220.57626339852547,230.46244115967272,219.71580372427908,240.5915967738609,1.0,219.71580372427908,263.04942531952406,43.33362159524498,21.66681079762249,21.99999999999997,45,2026-04-13 23:00:00-07:00,2026-05-28 23:00:00-07:00,2026-06-01,0.0,2.467473646988225,2.467473646988225,0,1,148.99605,111.072416,193.27135557142856,0.5999999999999943,1.7000000000000028,0.11,-0.6011609401787532,0.0,0.0,0.9618914384764423,-0.9618914384764423,0.9618914384764423,0.40677800549570153,days4to7,0-2F,0-20pp,0-1.25MW,hot_peak,low_weather_error,-2.467473646988225,-3.621592881047661,-3.621592881047661,-3.621592881047661,-3.621592881047661,-3.621592881047661
2026-06-01 20:00:00-07:00,origin_20,2026-05-29 00:00:00-07:00,2026,5,93,4,Days2to7,Summer,6,20,223.068783,86.0,92.5,0.0,0.1006188661789611,0.0,0.0,228.17663105630123,227.39169311523438,228.9314215647582,227.2147996690308,228.17663105630123,229.6451309648659,229.6451309648659,229.6451309648659,229.6451309648659,229.6451309648659,229.6451309648659,229.6451309648659,0,0.0,none,229.6451309648659,229.6451309648659,operational_residual_hot_peak_only_v1,0,hot_peak_only,229.6451309648659,0.0,229.6451309648659,0,hot_peak_low_forecast_gate_blocked,origin_available_shadow,-6.576347964865903,6.576347964865903,0.0,0.0,229.6451309648659,0,hot_peak_low_forecast_gate_blocked,-6.576347964865903,6.576347964865903,0.0,-5.107848056301236,-4.322910115234379,-5.862638564758214,-4.146016669030814,-6.576347964865903,-6.576347964865903,-6.576347964865903,-6.576347964865903,6.576347964865903,0.0,1.4684999085646666,0.0,0.0,0.0,0.0,0.0,1.4684999085646666,Recent_Corrected_Forecast_MWH,days4to7_recent_corrected,raw_bias,none,none,recent_mean+last24_mean+same_hour+hourgroup+global+cloud_hourgroup+solar_hourgroup+solar_loss_hourgroup,3.0,9,210.05268566666666,230.571863,63,213.56628803174604,240.531745,13.016097333333335,Peak,0,0,0,1,4.0,0.0,0.25,3.0,0.0,184.5257088915807,154.32386454363115,-5.107848056301236,5.107848056301236,2.2898085458695654,Spring,0.0,0.0,0.0,0.0,Clear/Low,0.0,None,1.4684999085646695,weighted_fallback,global+hour+temp_cloud_hourgroup,229.6451309648659,0.0,229.6451309648659,none,170+,other,1.0,0.0,0.0,0.0,0.0,0.0,,,ar_disabled_or_empty,0.0,,,origin_day_disabled_or_empty,229.6451309648659,0.0,0.0,73.85276651267009,43.65092216472053,2.94812563032,4.0,Low,222.27431349350303,223.1392059326172,223.021532522025,220.8530000375073,0.7944695064969665,223.13619140314555,-0.0674084031455493,0.0674084031455493,0.030218662709765757,84.6,94.2,1.0,0.0,0.0,0.0,4.0,0.0,none,0.0,0.3347600785699093,12.766274182750777,2.957788,0.35,1.0,223.13619140314555,223.13619140314555,0.0,0.0,none,65.76531535111167,32.13828815032886,operational_residual_hot_peak_only_v1,0.0,hot_peak_only,223.13619140314555,0.0,223.13619140314555,0.0,hot_peak_low_forecast_gate_blocked,weather_realism_origin_available_shadow,-0.0674084031455493,0.0674084031455493,0.0,0.0,223.13619140314555,0.0,hot_peak_low_forecast_gate_blocked,-0.0674084031455493,0.0674084031455493,0.0,235.90246558589632,242.84650564964056,204.62907026068748,216.66893913000337,207.70068467590332,222.1109538976434,0.0,204.62907026068748,242.84650564964056,38.21743538895308,19.10871769447654,19.710314246495017,45,2026-04-13 23:00:00-07:00,2026-05-28 23:00:00-07:00,2026-06-01,0.0,5.107848056301236,5.107848056301236,0,1,160.416141,115.767125,175.98254728571428,-1.4000000000000057,1.7000000000000028,1.0,-0.1006188661789611,0.0,0.0,-6.508939561720354,6.508939561720354,-6.508939561720354,-2.917906967610234,days4to7,0-2F,60pp+,0-1.25MW,hot_peak,cloud,-5.107848056301236,-6.576347964865903,-6.576347964865903,-6.576347964865903,-6.576347964865903,-6.576347964865903
2026-06-02 14:00:00-07:00,origin_20,2026-05-29 00:00:00-07:00,2026,5,111,5,Days2to7,Summer,6,14,204.34855,90.6,93.4,0.85,20.7862336302121,0.0,0.0,204.23927639735993,204.22784423828125,205.07926810606517,202.92255575770275,206.12622816059735,206.76884969430344,206.54048108085252,206.54048108085252,206.28542275744138,206.28542275744138,206.28542275744138,206.28542275744138,0,0.0,none,206.28542275744138,206.28542275744138,operational_residual_hot_peak_only_v1,0,hot_peak_only,206.28542275744138,0.0,206.28542275744138,0,global_shadow_only,origin_available_shadow,-1.9368727574413924,1.9368727574413924,0.0,0.677706995547845,206.96312975298923,1,global,-2.6145797529892434,2.6145797529892434,0.677706995547851,0.1092736026400587,0.12070576171873881,-0.7307181060651828,1.4259942422972358,-1.9368727574413924,-1.9368727574413924,-1.9368727574413924,-1.9368727574413924,1.9368727574413924,1.8869517632374198,0.642621533706091,-0.2283686134509253,0.0,-0.2550583234111343,0.0,0.0,2.046146360081451,Recent_Corrected_Forecast_MWH,days4to7_recent_corrected,raw_bias+solar_cloud_midday,event_class_hour_loss+weekday_hour_cloud_loss+event_class_hour_temp+hour_cloud_loss+hour_base_loss+hour_temp_loss+hour_loss+hour_cloud,none,recent_mean+last24_mean+same_hour+hourgroup+global+temp_hourgroup+cloud_hourgroup+solar_hourgroup+solar_loss_hourgroup,3.0,10,179.72373889999997,191.9870738,70,213.90568264285713,239.40674,24.624811100000016,Midday,1,0,0,0,4.0,1.1386919066973413,0.25,3.0,0.0,193.81653970185567,134.59213873419253,0.1092736026400587,0.1092736026400587,0.05347412675062226,Spring,1.2318975147063862,0.6550542485310199,1.886951763237406,4.0,Overcast,5.0,None,0.6426215337060888,weighted_fallback,global+hour+temp_cloud_hourgroup,206.28542275744138,0.0,206.76884969430344,none,170+,solar_loss_general,0.7,-0.2283686134509289,-0.2283686134509289,0.0,-0.25505832341114104,0.0,,,ar_disabled_or_empty,0.0,,,origin_day_disabled_or_empty,206.54048108085252,0.0,0.0,69.6471376631674,10.422736695504256,0.9478279916551365,4.0,High,188.01965819290433,187.81716918945312,188.5976016391095,187.16931534985366,16.32889180709566,190.07585126704623,14.272698732953756,14.272698732953756,6.9844874029954,90.2,92.9,0.58,20.81837834053109,0.0,0.0,5.0,0.0,none,0.0,0.0,0.0,,,0.0,190.07585126704623,190.07585126704623,0.0,0.0,none,52.10347496444197,-9.585791108884592,operational_residual_hot_peak_only_v1,0.0,hot_peak_only,190.07585126704623,0.0,190.07585126704623,0.0,global_shadow_only,weather_realism_origin_available_shadow,14.272698732953756,14.272698732953756,0.0,-0.5709557472225089,189.50489551982372,1.0,global,14.84365448017627,14.84365448017627,0.5709557472225129,208.07585126704623,208.07585126704623,172.07585126704623,190.674288743919,189.02198396555883,191.04177467347648,1.0,172.07585126704623,208.07585126704623,36.0,18.0,18.0,45,2026-04-13 23:00:00-07:00,2026-05-28 23:00:00-07:00,2026-06-02,0.1092736026400587,0.0,-0.1092736026400587,1,0,115.58095,96.422883,163.18472942857144,-0.3999999999999915,-0.5,-0.27,0.0321447103189918,0.0,0.0,-16.20957149039515,16.20957149039515,12.335825975512364,6.036659411340263,days4to7,0-2F,20-35pp,0-1.25MW,cloudy_solar_loss_midday,cloud_moderate,-1.777678160597361,-2.420299694303452,-2.1919310808525267,-2.1919310808525267,-1.9368727574413924,-1.9368727574413924
2026-06-02 15:00:00-07:00,origin_20,2026-05-29 00:00:00-07:00,2026,5,112,5,Days2to7,Summer,6,15,221.277091,92.6,93.4,0.97,16.901295909342686,0.0,0.0,222.87666237387003,223.92730712890625,223.76612239280288,221.1787552712509,226.2154012820266,226.8095953315334,227.02319645889708,227.02319645889708,226.8450813347354,226.8450813347354,226.8450813347354,226.8450813347354,0,0.0,none,226.8450813347354,226.8450813347354,operational_residual_hot_peak_only_v1,0,hot_peak_only,226.8450813347354,0.0,226.8450813347354,0,global_shadow_only,origin_available_shadow,-5.567990334735384,5.567990334735384,0.0,0.9721136730009364,227.81719500773633,1,global,-6.540104007736318,6.540104007736318,0.9721136730009334,-1.5995713738700204,-2.650216128906237,-2.489031392802872,0.09833572874910601,-5.567990334735384,-5.567990334735384,-5.567990334735384,-5.567990334735384,5.567990334735384,3.3387389081565573,0.5941940495067968,0.2136011273636882,0.0,-0.1781151241616783,0.0,0.0,3.968418960865364,Recent_Corrected_Forecast_MWH,days4to7_recent_corrected,raw_bias+solar_cloud_midday,event_class_hour_loss+weekday_hour_cloud_loss+event_class_hour_temp+hour_cloud_loss+hour_base_loss+hour_temp_loss+hour_loss+hour_cloud,none,recent_mean+last24_mean+same_hour+hourgroup+global+temp_hourgroup+cloud_hourgroup+solar_hourgroup+solar_loss_hourgroup,3.0,10,200.233677,207.070216,70,213.90568264285713,239.40674,21.043414000000013,Midday,1,0,0,0,4.0,1.3332272323606775,0.21,2.6,0.0,210.97859217971134,145.88198961968436,-1.5995713738700204,1.5995713738700204,0.7228815991032801,Spring,1.2680678075182126,2.070671100638348,3.3387389081565604,4.0,Overcast,4.0,None,0.5941940495068028,weighted_fallback,global+hour+temp_cloud_hourgroup,226.8450813347354,0.0,226.8095953315334,none,170+,weekday_late_midday_solar_loss,0.5319999999999999,0.2136011273637001,0.40150587850319575,0.0,-0.1781151241616643,0.0,,,ar_disabled_or_empty,0.0,,,origin_day_disabled_or_empty,227.02319645889708,0.0,0.0,76.99467275418567,11.898070194158691,2.5162976924418192,4.0,Medium-High,205.38245596426594,203.89407348632812,205.9223500738703,204.95930307144133,15.894635035734069,209.80422310411896,11.472867895881052,11.472867895881052,5.18484215606443,91.8,92.9,1.0,15.10756063165488,0.0,0.0,5.0,0.0,none,0.0,0.0,0.0,,,0.0,209.80422310411896,209.80422310411896,0.0,0.0,none,57.853843826288255,-8.503945577060676,operational_residual_hot_peak_only_v1,0.0,hot_peak_only,209.80422310411896,0.0,209.80422310411896,0.0,global_shadow_only,weather_realism_origin_available_shadow,11.472867895881052,11.472867895881052,0.0,-0.03593559694614552,209.76828750717283,1.0,global,11.508803492827184,11.508803492827184,0.03593559694613191,223.80422310411896,223.80422310411896,195.80422310411896,207.8794144067027,203.5449440988323,210.7719769348944,1.0,195.80422310411896,223.80422310411896,28.0,14.0,14.0,45,2026-04-13 23:00:00-07:00,2026-05-28 23:00:00-07:00,2026-06-02,0.0,1.5995713738700204,1.5995713738700204,0,1,121.906483,100.195808,191.13562342857145,-0.7999999999999972,-0.5,0.030000000000000027,-1.793735277687805,0.0,0.0,-17.040858230616436,17.040858230616436,5.904877561145668,2.668544463622611,days4to7,0-2F,0-20pp,0-1.25MW,cloudy_solar_loss_midday,low_weather_error,-4.938310282026578,-5.532504331533374,-5.746105458897063,-5.746105458897063,-5.567990334735384,-5.567990334735384
2026-06-02 16:00:00-07:00,origin_20,2026-05-29 00:00:00-07:00,2026,5,113,5,Days2to7,Summer,6,16,239.70915,93.4,93.4,0.99,10.806538723351252,0.0,0.0,238.8310071226557,239.97491455078125,238.91050882671973,238.3792451796621,238.8310071226557,239.36482604178786,239.7468668827364,239.7468668827364,239.4967094709413,239.4967094709413,239.4967094709413,239.4967094709413,0,0.0,none,239.4967094709413,239.4967094709413,operational_residual_hot_peak_only_v1,0,hot_peak_only,239.4967094709413,0.0,239.4967094709413,0,hot_peak_low_forecast_gate_blocked,origin_available_shadow,0.21244052905868216,0.21244052905868216,0.0,0.0,239.4967094709413,0,hot_peak_low_forecast_gate_blocked,0.21244052905868216,0.21244052905868216,0.0,0.8781428773442883,-0.26576455078125605,0.7986411732802594,1.3299048203379016,0.21244052905868216,0.21244052905868216,0.21244052905868216,0.21244052905868216,0.21244052905868216,0.0,0.533818919132159,0.38204084094854807,0.0,-0.25015741179510087,0.0,0.0,0.6657023482856061,Recent_Corrected_Forecast_MWH,days4to7_recent_corrected,raw_bias+solar_cloud_midday,event_class_hour_loss+weekday_hour_cloud_loss+event_class_hour_temp+hour_cloud_loss+hour_base_loss+hour_temp_loss+hour_loss+hour_cloud,none,recent_mean+last24_mean+same_hour+hourgroup+global+cloud_hourgroup+solar_loss_hourgroup,3.0,10,217.8996831,228.46922249999997,70,213.90568264285713,239.40674,21.80946689999999,Peak,1,0,0,1,4.0,1.35,0.2,2.4,0.0,227.51394286527724,156.5432647393313,0.8781428773442883,0.8781428773442883,0.36633681999385015,Spring,0.0,0.0,0.0,4.0,Overcast,3.0,None,0.5338189191321643,weighted_fallback,global+hour+temp_cloud_hourgroup,239.4967094709413,0.0,239.36482604178786,none,170+,warm_cloud_peak_transition,0.644,0.3820408409485616,0.5932311194853441,0.0,-0.250157411795103,0.0,,,ar_disabled_or_empty,0.0,,,origin_day_disabled_or_empty,239.7468668827364,0.0,0.0,82.2877423833244,11.317064257378462,0.0886242886676133,4.0,Medium-High,220.60178977644208,218.57366943359375,221.90651957280667,219.13096305154008,19.10736022355792,221.90361700155057,17.805532998449422,17.805532998449422,7.427973858507038,92.9,92.9,1.0,9.478300219229173,0.0,0.0,5.0,0.6393333333333334,weather_uncertainty_peak_hedge,0.0,0.6393333333333334,14.0,5.151063000000001,0.35,1.0,221.90361700155057,221.90361700155057,0.0,0.0,none,62.04450978749992,-10.205505257111554,operational_residual_hot_peak_only_v1,0.0,hot_peak_only,221.90361700155057,0.0,221.90361700155057,0.0,hot_peak_low_forecast_gate_blocked,weather_realism_origin_available_shadow,17.805532998449422,17.805532998449422,0.0,0.0,221.90361700155057,0.0,hot_peak_low_forecast_gate_blocked,17.805532998449422,17.805532998449422,0.0,235.26428366821725,235.26428366821725,207.26428366821725,215.49388893597188,210.11304798503818,224.816538769376,1.0,207.26428366821725,235.26428366821725,28.0,14.0,14.0,45,2026-04-13 23:00:00-07:00,2026-05-28 23:00:00-07:00,2026-06-02,0.8781428773442883,0.0,-0.8781428773442883,1,0,128.748283,104.818333,216.20339157142857,-0.5,-0.5,0.010000000000000009,-1.3282385041220799,0.0,0.0,-17.59309246939074,17.59309246939074,17.59309246939074,7.339349569839425,days4to7,0-2F,0-20pp,0-1.25MW,hot_peak,low_weather_error,0.8781428773442883,0.34432395821212936,-0.03771688273641871,-0.03771688273641871,0.21244052905868216,0.21244052905868216
2026-06-02 17:00:00-07:00,origin_20,2026-05-29 00:00:00-07:00,2026,5,114,5,Days2to7,Summer,6,17,251.334891,93.3,93.4,0.94,6.348757352276078,0.0,0.0,251.2268346693449,249.8009490966797,252.14852027803653,250.18586744787672,251.2268346693449,252.01584299223785,252.01584299223785,252.01584299223785,251.66615706513264,251.66615706513264,251.66615706513264,251.66615706513264,0,0.0,none,251.66615706513264,251.66615706513264,operational_residual_hot_peak_only_v1,0,hot_peak_only,251.66615706513264,0.0,251.66615706513264,0,hot_peak_low_forecast_gate_blocked,origin_available_shadow,-0.33126606513263823,0.33126606513263823,0.0,0.0,251.66615706513264,0,hot_peak_low_forecast_gate_blocked,-0.33126606513263823,0.33126606513263823,0.0,0.10805633065510278,1.5339419033203114,-0.8136292780365295,1.1490235521232819,-0.33126606513263823,-0.33126606513263823,-0.33126606513263823,-0.33126606513263823,0.33126606513263823,0.0,0.7890083228929541,0.0,0.0,-0.34968592710521307,0.0,0.0,0.439322395787741,Recent_Corrected_Forecast_MWH,days4to7_recent_corrected,raw_bias,none,none,recent_mean+last24_mean+same_hour+hourgroup+global+cloud_hourgroup+solar_hourgroup+solar_loss_hourgroup,3.0,10,230.24716130000002,243.33112659999998,70,213.90568264285713,239.40674,21.087729699999983,Peak,1,0,0,1,4.0,1.35,0.19,2.9,0.0,238.97241707740181,163.43250515103793,0.10805633065510278,0.10805633065510278,0.04299296855489228,Spring,0.0,0.0,0.0,4.0,Overcast,2.0,None,0.7890083228929473,weighted_fallback,global+hour+temp_cloud_hourgroup,251.66615706513264,0.0,252.01584299223785,none,170+,warm_cloud_peak_transition,0.644,0.0,0.0,0.0,-0.3496859271052142,0.0,,,ar_disabled_or_empty,0.0,,,origin_day_disabled_or_empty,252.01584299223785,0.0,0.0,87.79432951830697,12.254417591943081,0.1318026573288777,4.0,Medium-Low,229.27694567675184,230.62994384765625,230.73817181565735,226.59416226678474,22.057945323248163,229.71626807253958,21.61862292746042,21.61862292746042,8.601520800174308,91.5,92.9,1.0,3.7342963216000267,0.0,0.0,5.0,0.0,none,0.0,0.7821571702471272,17.127529275484534,5.151063000000001,0.35,1.0,229.71626807253958,229.71626807253958,0.0,0.0,none,63.252844619948604,-14.718081546437901,operational_residual_hot_peak_only_v1,0.0,hot_peak_only,229.71626807253958,0.0,229.71626807253958,0.0,hot_peak_low_forecast_gate_blocked,weather_realism_origin_available_shadow,21.61862292746042,21.61862292746042,0.0,0.0,229.71626807253958,0.0,hot_peak_low_forecast_gate_blocked,21.61862292746042,21.61862292746042,0.0,246.8437973480241,251.71626807253958,211.22134631666677,219.4096585056116,211.72518515926404,232.88170199783343,1.0,211.22134631666677,251.71626807253958,40.49492175587281,20.247460877936405,22.0,45,2026-04-13 23:00:00-07:00,2026-05-28 23:00:00-07:00,2026-06-02,0.10805633065510278,0.0,-0.10805633065510278,1,0,136.156775,108.547,221.30571600000002,-1.7999999999999972,-0.5,0.06000000000000005,-2.614461030676051,0.0,0.0,-21.94988899259306,21.94988899259306,21.287356862327783,8.46971814284543,days4to7,0-2F,0-20pp,0-1.25MW,hot_peak,low_weather_error,0.10805633065510278,-0.6809519922378513,-0.6809519922378513,-0.6809519922378513,-0.33126606513263823,-0.33126606513263823
2026-06-02 18:00:00-07:00,origin_20,2026-05-29 00:00:00-07:00,2026,5,115,5,Days2to7,Summer,6,18,251.198791,92.6,93.4,1.0,2.158047316061634,0.0,0.0,252.81896448997736,250.9514617919922,254.5026398853004,250.7067610681798,252.81896448997736,253.6428205557747,253.6428205557747,253.6428205557747,253.1860180351838,253.1860180351838,253.1860180351838,253.1860180351838,0,0.0,none,253.1860180351838,253.1860180351838,operational_residual_hot_peak_only_v1,0,hot_peak_only,253.1860180351838,0.0,253.1860180351838,0,hot_peak_low_forecast_gate_blocked,origin_available_shadow,-1.9872270351837926,1.9872270351837926,0.0,0.0,253.1860180351838,0,hot_peak_low_forecast_gate_blocked,-1.9872270351837926,1.9872270351837926,0.0,-1.6201734899773612,0.24732920800781244,-3.303848885300397,0.4920299318202126,-1.9872270351837926,-1.9872270351837926,-1.9872270351837926,-1.9872270351837926,1.9872270351837926,0.0,0.8238560657973437,0.0,0.0,-0.4568025205909123,0.0,0.0,0.3670535452064314,Recent_Corrected_Forecast_MWH,days4to7_recent_corrected,raw_bias,none,none,recent_mean+last24_mean+same_hour+hourgroup+global+cloud_hourgroup+solar_hourgroup+solar_loss_hourgroup,3.0,10,232.6802873,248.66103660000002,70,213.90568264285713,239.40674,18.518503699999997,Peak,1,0,0,1,4.0,1.35,0.2,4.4,0.0,244.62143745115605,165.55101449958994,-1.6201734899773612,1.6201734899773612,0.6449766272869367,Spring,0.0,0.0,0.0,4.0,Overcast,1.0,None,0.8238560657973525,weighted_fallback,global+hour+temp_cloud_hourgroup,253.1860180351838,0.0,253.6428205557747,none,170+,warm_cloud_peak_transition,0.644,0.0,0.0,0.0,-0.4568025205909212,0.0,,,ar_disabled_or_empty,0.0,,,origin_day_disabled_or_empty,253.6428205557747,0.0,0.0,87.26794999038742,8.197527038821306,0.791097372432733,4.0,Medium-Low,224.45345960938062,222.91514587402344,225.71368144862743,222.91262921495198,26.745331390619384,225.1335612862063,26.065229713793713,26.065229713793713,10.376335654335897,88.2,92.9,1.0,1.2743253496135806e-15,0.0,0.0,5.0,0.34301047140944607,weather_uncertainty_peak_hedge,0.0,0.7551677062934796,16.53651911591561,5.151063000000001,0.35,1.0,225.1335612862063,225.1335612862063,0.0,0.0,none,56.01863164040182,-23.40305045442375,operational_residual_hot_peak_only_v1,0.0,hot_peak_only,225.1335612862063,0.0,225.1335612862063,0.0,hot_peak_low_forecast_gate_blocked,weather_realism_origin_available_shadow,26.065229713793713,26.065229713793713,0.0,0.0,225.1335612862063,0.0,hot_peak_low_forecast_gate_blocked,26.065229713793713,26.065229713793713,0.0,241.32706993071244,246.79055081479683,207.7214546996571,215.2822790323514,206.49475875146294,229.59925684772082,1.0,206.49475875146294,246.79055081479683,40.29579206333389,20.147896031666946,22.0,45,2026-04-13 23:00:00-07:00,2026-05-28 23:00:00-07:00,2026-06-02,0.0,1.6201734899773612,1.6201734899773612,0,1,143.195116,113.789708,214.62466985714286,-4.3999999999999915,-0.5,0.0,-2.1580473160616327,0.0,0.0,-28.052456748977505,28.052456748977505,24.07800267860992,9.585238281903163,days4to7,0-2F,0-20pp,0-1.25MW,hot_peak,low_weather_error,-1.6201734899773612,-2.444029555774705,-2.444029555774705,-2.444029555774705,-1.9872270351837926,-1.9872270351837926
2026-06-02 19:00:00-07:00,origin_20,2026-05-29 00:00:00-07:00,2026,5,116,5,Days2to7,Summer,6,19,237.969425,90.2,93.4,0.97,0.3863582155123595,0.0,0.0,246.87366023350495,246.61456298828125,249.22409091924123,243.25415408312614,246.87366023350495,247.82768598071942,247.82768598071942,247.82768598071942,247.36209572708302,247.36209572708302,247.36209572708302,247.36209572708302,0,0.0,none,247.36209572708302,247.36209572708302,operational_residual_hot_peak_only_v1,0,hot_peak_only,247.36209572708302,0.0,247.36209572708302,0,hot_peak_low_forecast_gate_blocked,origin_available_shadow,-9.392670727083015,9.392670727083015,0.0,0.0,247.36209572708302,0,hot_peak_low_forecast_gate_blocked,-9.392670727083015,9.392670727083015,0.0,-8.904235233504949,-8.645137988281249,-11.254665919241233,-5.2847290831261375,-9.392670727083015,-9.392670727083015,-9.392670727083015,-9.392670727083015,9.392670727083015,0.0,0.9540257472144731,0.0,0.0,-0.4655902536364067,0.0,0.0,0.48843549357806637,Recent_Corrected_Forecast_MWH,days4to7_recent_corrected,raw_bias,none,none,recent_mean+last24_mean+same_hour+hourgroup+global+cloud_hourgroup+solar_hourgroup+solar_loss_hourgroup,3.0,10,225.3923922,244.1583244,70,213.90568264285713,239.40674,12.577032800000012,Peak,1,0,0,1,4.0,0.0,0.23,7.5,0.0,238.9334146469882,166.3380366711307,-8.904235233504949,8.904235233504949,3.7417559980677972,Spring,0.0,0.0,0.0,4.0,Overcast,0.0,None,0.9540257472144634,weighted_fallback,global+hour+temp_cloud_hourgroup,247.36209572708302,0.0,247.82768598071942,none,170+,warm_cloud_peak_transition,0.92,0.0,0.0,0.0,-0.4655902536364066,0.0,,,ar_disabled_or_empty,0.0,,,origin_day_disabled_or_empty,247.82768598071942,0.0,0.0,80.53562356237424,7.940245586516738,3.947007363270729,4.0,Low,213.9861724161537,214.39712524414062,214.2983265236295,213.37822943926682,23.98325258384631,216.42503094724862,21.544394052751386,21.544394052751386,9.05342947008902,85.0,92.9,0.89,0.0,0.0,0.0,5.0,1.9443892007815409,weather_uncertainty_peak_hedge,1.2368685897243734,0.7075206110571673,15.493152066945271,5.151063000000001,0.35,1.0,216.42503094724862,216.42503094724862,0.0,0.0,none,44.89676753609564,-25.90913366931096,operational_residual_hot_peak_only_v1,0.0,hot_peak_only,216.42503094724862,0.0,216.42503094724862,0.0,hot_peak_low_forecast_gate_blocked,weather_realism_origin_available_shadow,21.544394052751386,21.544394052751386,0.0,0.0,216.42503094724862,0.0,hot_peak_low_forecast_gate_blocked,21.544394052751386,21.544394052751386,0.0,229.97379381341236,236.4806417464671,200.585733519971,207.5446084711644,200.2909910463004,218.0648674857835,1.0,200.2909910463004,236.4806417464671,36.18965070016668,18.09482535008334,22.0,45,2026-04-13 23:00:00-07:00,2026-05-28 23:00:00-07:00,2026-06-02,0.0,8.904235233504949,8.904235233504949,0,1,154.249975,118.516458,221.72372085714284,-5.200000000000003,-0.5,-0.07999999999999996,-0.3863582155123595,0.0,0.0,-30.9370647798344,30.9370647798344,12.151723325668371,5.1064221068182905,days4to7,0-2F,0-20pp,0-1.25MW,hot_peak,low_weather_error,-8.904235233504949,-9.858260980719422,-9.858260980719422,-9.858260980719422,-9.392670727083015,-9.392670727083015
2026-06-02 20:00:00-07:00,origin_20,2026-05-29 00:00:00-07:00,2026,5,117,5,Days2to7,Summer,6,20,225.91785,84.5,93.4,1.0,0.1080318085349435,0.0,0.0,232.30118216062826,232.8384246826172,234.4852401181315,228.71559322112628,232.30118216062826,233.62115469567823,233.62115469567823,233.62115469567823,233.25841893219788,233.25841893219788,233.25841893219788,233.25841893219788,0,0.0,none,233.25841893219788,233.25841893219788,operational_residual_hot_peak_only_v1,0,hot_peak_only,233.25841893219788,0.0,233.25841893219788,0,hot_peak_low_forecast_gate_blocked,origin_available_shadow,-7.340568932197897,7.340568932197897,0.0,0.0,233.25841893219788,0,hot_peak_low_forecast_gate_blocked,-7.340568932197897,7.340568932197897,0.0,-6.383332160628271,-6.9205746826172,-8.567390118131499,-2.7977432211262965,-7.340568932197897,-7.340568932197897,-7.340568932197897,-7.340568932197897,7.340568932197897,0.0,1.3199725350499705,0.0,0.0,-0.36273576348034453,0.0,0.0,0.9572367715696259,Recent_Corrected_Forecast_MWH,days4to7_recent_corrected,raw_bias,none,none,recent_mean+last24_mean+same_hour+hourgroup+global+cloud_hourgroup+solar_hourgroup+solar_loss_hourgroup,3.0,10,211.1628387,230.4176605,70,213.90568264285713,239.40674,14.755011299999978,Peak,1,0,0,1,4.0,0.0,0.31,9.6,0.0,228.17663105630123,165.75862140881705,-6.383332160628271,6.383332160628271,2.8255103174132863,Spring,0.0,0.0,0.0,4.0,Overcast,0.0,None,1.3199725350499831,weighted_fallback,global+hour+temp_cloud_hourgroup,233.25841893219788,0.0,233.62115469567823,none,170+,warm_cloud_peak_transition,0.92,0.0,0.0,0.0,-0.36273576348035413,0.0,,,ar_disabled_or_empty,0.0,,,origin_day_disabled_or_empty,233.62115469567823,0.0,0.0,66.54256075181121,4.1245511043270255,3.249220427778459,4.0,Low,200.9513392596379,199.6746368408203,201.31136629644834,200.75035460716944,24.966510740362082,202.903263807953,23.014586192046977,23.014586192046977,10.187148201015093,79.6,92.9,0.25,0.0,0.0,0.0,5.0,0.9399669559081973,weather_uncertainty_peak_hedge,0.43136927616102877,0.5085976797471685,11.137175468916098,5.151063000000001,0.35,1.0,202.903263807953,202.903263807953,0.0,0.0,none,33.85077247531754,-21.322974233865125,operational_residual_hot_peak_only_v1,0.0,hot_peak_only,202.903263807953,0.0,202.903263807953,0.0,hot_peak_low_forecast_gate_blocked,weather_realism_origin_available_shadow,23.014586192046977,23.014586192046977,0.0,0.0,202.903263807953,0.0,hot_peak_low_forecast_gate_blocked,23.014586192046977,23.014586192046977,0.0,213.1004723209609,223.7674354940811,191.38352359570897,197.77952743547678,192.33756396530072,203.2741988190296,0.0,191.38352359570897,223.7674354940811,32.38391189837213,16.191955949186067,21.804138642036293,45,2026-04-13 23:00:00-07:00,2026-05-28 23:00:00-07:00,2026-06-02,0.0,6.383332160628271,6.383332160628271,0,1,166.870333,125.663666,215.29376871428573,-4.900000000000006,-0.5,-0.75,-0.1080318085349435,0.0,0.0,-30.355155124244874,30.355155124244874,15.67401725984908,6.937927773236635,days4to7,0-2F,60pp+,0-1.25MW,hot_peak,cloud,-6.383332160628271,-7.703304695678241,-7.703304695678241,-7.703304695678241,-7.340568932197897,-7.340568932197897
2026-06-03 14:00:00-07:00,origin_20,2026-05-29 00:00:00-07:00,2026,5,135,6,Days2to7,Summer,6,14,192.374825,89.2,93.3,0.0,21.761858010514217,0.0,0.0,194.6320248190621,196.39114379882812,194.98062958552657,193.58161190611335,195.57051454012426,196.16858278238936,196.16858278238936,196.16858278238936,196.16858278238936,196.16858278238936,196.16858278238936,196.16858278238936,0,0.0,none,196.16858278238936,196.16858278238936,operational_residual_hot_peak_only_v1,0,hot_peak_only,196.16858278238936,0.0,196.16858278238936,0,global_shadow_only,origin_available_shadow,-3.7937577823893776,3.7937577823893776,0.0,-0.6428694694138086,195.52571331297557,1,global,-3.1508883129755816,3.1508883129755816,-0.642869469413796,-2.257199819062123,-4.016318798828138,-2.6058045855265846,-1.206786906113365,-3.7937577823893776,-3.7937577823893776,-3.7937577823893776,-3.7937577823893776,3.7937577823893776,0.9384897210621546,0.5980682422651,0.0,0.0,0.0,0.0,0.0,1.5365579633272546,Recent_Corrected_Forecast_MWH,days4to7_recent_corrected,raw_bias,none,none,recent_mean+last24_mean+same_hour+hourgroup+global+temp_hourgroup+cloud_hourgroup+solar_hourgroup+solar_loss_hourgroup+temp_cloud_hourgroup,3.0,10,179.72373889999997,191.9870738,70,213.90568264285713,239.40674,12.651086100000015,Midday,2,0,0,0,4.0,1.1539117923944557,0.25,3.0,0.0,204.23927639735993,147.09672950524393,-2.257199819062123,2.257199819062123,1.1733343066391992,Spring,0.938489721062163,0.0,0.938489721062163,0.0,Clear/Low,5.0,None,0.5980682422650941,weighted_fallback,global+hour+temp_cloud_hourgroup,196.16858278238936,0.0,196.16858278238936,none,170+,other,0.7,0.0,0.0,0.0,0.0,0.0,,,ar_disabled_or_empty,0.0,,,origin_day_disabled_or_empty,196.16858278238936,0.0,0.0,47.53529531381818,-9.60725157829782,1.9720656184557297,4.0,High,169.2671283943855,168.34597778320312,169.32007444765225,169.447113342447,23.10769660561448,187.57472910805336,4.800095891946626,4.800095891946626,2.4951788218373303,85.9,92.2,0.0,20.734937946380665,0.0,0.0,6.0,0.0,none,0.0,0.0,0.0,,,0.0,170.57472910805336,187.57472910805336,1.0,17.0,june_recent_85_93_clear_afternoon_backoff+june_days4to7_mild_hot_early_peak_recovery_up,23.16344270979394,-18.75252979851882,operational_residual_hot_peak_only_v1,0.0,hot_peak_only,187.57472910805336,0.0,187.57472910805336,0.0,global_shadow_only,weather_realism_origin_available_shadow,4.800095891946626,4.800095891946626,0.0,0.4183186159531514,187.99304772400652,1.0,global,4.381777275993471,4.381777275993471,-0.41831861595315445,188.57472910805336,188.57472910805336,155.2657503464425,169.7157214138887,170.26703686512383,170.86085750651506,1.0,155.2657503464425,188.57472910805336,33.30897876161086,16.65448938080543,18.0,45,2026-04-13 23:00:00-07:00,2026-05-28 23:00:00-07:00,2026-06-03,0.0,2.257199819062123,2.257199819062123,0,1,113.497358,113.168525,190.31188799999998,-3.299999999999997,-1.0999999999999943,0.0,-1.0269200641335523,0.0,0.0,-8.593853674336003,8.593853674336003,1.0063381095572481,0.5231132033816006,days4to7,0-2F,0-20pp,0-1.25MW,normal,low_weather_error,-3.1956895401242775,-3.7937577823893776,-3.7937577823893776,-3.7937577823893776,-3.7937577823893776,-3.7937577823893776
2026-06-03 15:00:00-07:00,origin_20,2026-05-29 00:00:00-07:00,2026,5,136,6,Days2to7,Summer,6,15,216.148291,91.7,93.3,0.0,17.450449805038325,0.0,0.0,214.90147410606272,214.2583770751953,215.1941074603806,214.62536370095384,215.88565656474069,216.43623108103463,216.43623108103463,216.43623108103463,216.43623108103463,216.43623108103463,216.43623108103463,216.43623108103463,0,0.0,none,216.43623108103463,216.43623108103463,operational_residual_hot_peak_only_v1,0,hot_peak_only,216.43623108103463,0.0,216.43623108103463,0,global_shadow_only,origin_available_shadow,-0.287940081034634,0.287940081034634,0.0,-0.814593377097313,215.62163770393732,1,global,0.5266532960626762,0.5266532960626762,0.2387132150280422,1.2468168939372788,1.889913924804688,0.9541835396194074,1.5229272990461595,-0.287940081034634,-0.287940081034634,-0.287940081034634,-0.287940081034634,0.287940081034634,0.9841824586779637,0.550574516293949,0.0,0.0,0.0,0.0,0.0,1.5347569749719128,Recent_Corrected_Forecast_MWH,days4to7_recent_corrected,raw_bias,none,none,recent_mean+last24_mean+same_hour+hourgroup+global+temp_hourgroup+cloud_hourgroup+solar_hourgroup+solar_loss_hourgroup+temp_cloud_hourgroup,3.0,10,200.233677,207.070216,70,213.90568264285713,239.40674,15.914614,Midday,2,0,0,0,4.0,1.334813023802108,0.24,2.3,0.0,222.87666237387003,159.1900855302372,1.2468168939372788,1.2468168939372788,0.576834028235402,Spring,0.984182458677959,0.0,0.984182458677959,0.0,Clear/Low,4.0,None,0.550574516293941,weighted_fallback,global+hour+temp_cloud_hourgroup,216.43623108103463,0.0,216.43623108103463,none,170+,other,0.7,0.0,0.0,0.0,0.0,0.0,,,ar_disabled_or_empty,0.0,,,origin_day_disabled_or_empty,216.43623108103463,0.0,0.0,55.71138857582551,-7.975188267807312,0.1332141372492434,4.0,Medium-High,187.8101271753759,187.5664825439453,187.25219281670348,188.7564939194127,28.338163824624104,206.29897754720542,9.849313452794576,9.849313452794576,4.556738990267832,89.1,92.2,0.0,15.925106190075887,0.0,0.0,6.0,0.0,none,0.0,0.0,0.0,,,0.0,189.29897754720542,206.29897754720542,1.0,17.0,june_recent_85_93_clear_afternoon_backoff+june_days4to7_mild_hot_early_peak_recovery_up,29.47259147107448,-17.572328788890047,operational_residual_hot_peak_only_v1,0.0,hot_peak_only,206.29897754720542,0.0,206.29897754720542,0.0,global_shadow_only,weather_realism_origin_available_shadow,9.849313452794576,9.849313452794576,0.0,0.3108599584049264,206.60983750561036,1.0,global,9.538453494389643,9.538453494389643,-0.31085995840493297,207.29897754720542,207.29897754720542,171.29897754720542,187.14623274051235,186.54219775566824,189.55630888834364,1.0,171.29897754720542,207.29897754720542,36.0,18.0,18.0,45,2026-04-13 23:00:00-07:00,2026-05-28 23:00:00-07:00,2026-06-03,1.2468168939372788,0.0,-1.2468168939372788,1,0,120.454241,121.463241,207.72132800000003,-2.6000000000000085,-1.0999999999999943,0.0,-1.5253436149624378,0.0,0.0,-10.13725353382921,10.13725353382921,9.561373371759942,4.423524853018589,days4to7,0-2F,0-20pp,0-1.25MW,normal,low_weather_error,0.26263443525931507,-0.287940081034634,-0.287940081034634,-0.287940081034634,-0.287940081034634,-0.287940081034634
2026-06-03 16:00:00-07:00,origin_20,2026-05-29 00:00:00-07:00,2026,5,137,6,Days2to7,Summer,6,16,239.162783,93.3,93.3,0.0,11.948781590263016,0.0,0.0,235.13098050804254,235.9720458984375,235.06181602031543,234.99936316292943,235.13098050804254,235.92410489138723,235.92410489138723,235.92410489138723,235.92410489138723,235.92410489138723,235.92410489138723,235.92410489138723,0,0.0,none,235.92410489138723,235.92410489138723,operational_residual_hot_peak_only_v1,0,hot_peak_only,235.92410489138723,0.0,235.92410489138723,0,hot_peak_low_forecast_gate_blocked,origin_available_shadow,3.23867810861276,3.23867810861276,0.0,0.0,235.92410489138723,0,hot_peak_low_forecast_gate_blocked,3.23867810861276,3.23867810861276,0.0,4.03180249195745,3.1907371015624904,4.100966979684557,4.163419837070563,3.23867810861276,3.23867810861276,3.23867810861276,3.23867810861276,3.23867810861276,0.0,0.7931243833446899,0.0,0.0,0.0,0.0,0.0,0.7931243833446899,Recent_Corrected_Forecast_MWH,days4to7_recent_corrected,raw_bias,none,none,recent_mean+last24_mean+same_hour+hourgroup+global+cloud_hourgroup+solar_loss_hourgroup,3.0,10,217.8996831,228.46922249999997,70,213.90568264285713,239.40674,21.263099899999986,Peak,2,0,0,1,4.0,1.35,0.22,1.5,0.0,238.8310071226557,171.1703836139964,4.03180249195745,4.03180249195745,1.6857984513240296,Spring,0.0,0.0,0.0,0.0,Clear/Low,3.0,None,0.7931243833446843,weighted_fallback,global+hour+temp_cloud_hourgroup,235.92410489138723,0.0,235.92410489138723,none,170+,other,0.7,0.0,0.0,0.0,0.0,0.0,,,ar_disabled_or_empty,0.0,,,origin_day_disabled_or_empty,235.92410489138723,0.0,0.0,63.96059689404615,-3.700026614613165,1.3541731150589429,4.0,Medium-High,208.28526598417616,206.7091827392578,207.74597229513984,209.58303699406707,30.877517015823827,229.79565027635374,9.36713272364625,9.36713272364625,3.9166347732482487,91.5,92.2,0.0,9.972087142975546,0.0,0.0,6.0,3.7172599088328893,weather_uncertainty_peak_hedge,2.5708154643884447,1.1464444444444446,22.0,5.8779770000000005,0.35,1.0,212.79565027635374,229.79565027635374,1.0,17.0,june_recent_85_93_clear_afternoon_backoff+june_days4to7_mild_hot_early_peak_recovery_up,37.705041027170836,-12.316523792265912,operational_residual_hot_peak_only_v1,0.0,hot_peak_only,229.79565027635374,0.0,229.79565027635374,0.0,hot_peak_low_forecast_gate_blocked,weather_realism_origin_available_shadow,9.36713272364625,9.36713272364625,0.0,0.0,229.79565027635374,0.0,hot_peak_low_forecast_gate_blocked,9.36713272364625,9.36713272364625,0.0,231.07839036752085,231.07839036752085,189.62949540669027,204.11644881810315,200.11281836738945,208.93253837757223,1.0,189.62949540669027,231.07839036752085,41.448894960830586,20.724447480415293,22.0,45,2026-04-13 23:00:00-07:00,2026-05-28 23:00:00-07:00,2026-06-03,4.03180249195745,0.0,-4.03180249195745,1,0,124.9937,127.706541,233.35311542857144,-1.7999999999999972,-1.0999999999999943,0.0,-1.9766944472874695,0.0,0.0,-6.12845461503349,6.12845461503349,6.12845461503349,2.5624616581893056,days4to7,0-2F,0-20pp,0-1.25MW,hot_peak,low_weather_error,4.03180249195745,3.23867810861276,3.23867810861276,3.23867810861276,3.23867810861276,3.23867810861276
2026-06-03 17:00:00-07:00,origin_20,2026-05-29 00:00:00-07:00,2026,5,138,6,Days2to7,Summer,6,17,253.292233,93.3,93.3,0.0,6.303907497804443,0.0,0.0,249.3639119439197,247.34091186523438,249.82618579493808,249.21548162908655,249.3639119439197,250.37626660758855,250.37626660758855,250.37626660758855,250.37626660758855,250.37626660758855,250.37626660758855,250.37626660758855,0,0.0,none,250.37626660758855,250.37626660758855,operational_residual_hot_peak_only_v1,0,hot_peak_only,250.37626660758855,0.0,250.37626660758855,0,hot_peak_low_forecast_gate_blocked,origin_available_shadow,2.9159663924114625,2.9159663924114625,0.0,0.0,250.37626660758855,0,hot_peak_low_forecast_gate_blocked,2.9159663924114625,2.9159663924114625,0.0,3.928321056080307,5.951321134765635,3.466047205061926,4.076751370913456,2.9159663924114625,2.9159663924114625,2.9159663924114625,2.9159663924114625,2.9159663924114625,0.0,1.0123546636688445,0.0,0.0,0.0,0.0,0.0,1.0123546636688445,Recent_Corrected_Forecast_MWH,days4to7_recent_corrected,raw_bias,none,none,recent_mean+last24_mean+same_hour+hourgroup+global+cloud_hourgroup+solar_hourgroup+solar_loss_hourgroup,3.0,10,230.24716130000002,243.33112659999998,70,213.90568264285713,239.40674,23.045071699999994,Peak,2,0,0,1,4.0,1.35,0.2,2.6,0.0,251.2268346693449,178.40783396094434,3.928321056080307,3.928321056080307,1.5509046643685702,Spring,0.0,0.0,0.0,0.0,Clear/Low,2.0,None,1.012354663668842,weighted_fallback,global+hour+temp_cloud_hourgroup,250.37626660758855,0.0,250.37626660758855,none,170+,other,0.7,0.0,0.0,0.0,0.0,0.0,,,ar_disabled_or_empty,0.0,,,origin_day_disabled_or_empty,250.37626660758855,0.0,0.0,70.95607798297536,-1.862922725425193,1.1512261382335645,4.0,Medium-Low,222.7847493348969,220.11314392089844,223.06971987283586,223.10025432213519,30.50748366510311,254.12103814743557,-0.8288051474355598,0.8288051474355598,0.3272130130557772,92.2,92.2,0.0,4.2392679443873424,0.0,0.0,6.0,5.323934148869832,weather_uncertainty_peak_hedge,4.177489704425388,1.1464444444444446,22.0,5.8779770000000005,0.35,1.0,229.12103814743557,254.12103814743557,1.0,25.0,june_recent_85_93_clear_afternoon_backoff+june_days4to7_mild_hot_evening_recovery_up,44.921017895700544,-6.492196341854935,operational_residual_hot_peak_only_v1,0.0,hot_peak_only,254.12103814743557,0.0,254.12103814743557,0.0,hot_peak_low_forecast_gate_blocked,weather_realism_origin_available_shadow,-0.8288051474355598,0.8288051474355598,0.0,0.0,254.12103814743557,0.0,hot_peak_low_forecast_gate_blocked,-0.8288051474355598,0.8288051474355598,0.0,245.79710399856575,245.79710399856575,205.9425649169647,217.13700056823714,211.27223251574338,225.07957097804663,1.0,205.9425649169647,245.79710399856575,39.85453908160105,19.927269540800523,22.0,45,2026-04-13 23:00:00-07:00,2026-05-28 23:00:00-07:00,2026-06-03,3.928321056080307,0.0,-3.928321056080307,1,0,130.518141,134.152408,237.37756600000003,-1.0999999999999943,-1.0999999999999943,0.0,-2.0646395534171003,0.0,0.0,3.7447715398470223,-3.7447715398470223,-2.0871612449759027,-0.8240131251777872,days4to7,0-2F,0-20pp,0-1.25MW,hot_peak,low_weather_error,3.928321056080307,2.9159663924114625,2.9159663924114625,2.9159663924114625,2.9159663924114625,2.9159663924114625
2026-06-03 18:00:00-07:00,origin_20,2026-05-29 00:00:00-07:00,2026,5,139,6,Days2to7,Summer,6,18,258.099775,93.3,93.3,0.0,2.5135684153491384,0.0,0.0,255.33364783820485,254.63075256347656,255.47338696759476,255.31488499908602,255.33364783820485,256.3759397968123,256.3759397968123,256.3759397968123,256.3759397968123,256.3759397968123,256.3759397968123,256.3759397968123,0,0.0,none,256.3759397968123,256.3759397968123,operational_residual_hot_peak_only_v1,0,hot_peak_only,256.3759397968123,0.0,256.3759397968123,0,hot_peak_low_forecast_gate_blocked,origin_available_shadow,1.7238352031877184,1.7238352031877184,0.0,0.0,256.3759397968123,0,hot_peak_low_forecast_gate_blocked,1.7238352031877184,1.7238352031877184,0.0,2.7661271617951684,3.46902243652346,2.6263880324052593,2.784890000914004,1.7238352031877184,1.7238352031877184,1.7238352031877184,1.7238352031877184,1.7238352031877184,0.0,1.04229195860745,0.0,0.0,0.0,0.0,0.0,1.04229195860745,Recent_Corrected_Forecast_MWH,days4to7_recent_corrected,raw_bias,none,none,recent_mean+last24_mean+same_hour+hourgroup+global+cloud_hourgroup+solar_hourgroup+solar_loss_hourgroup,3.0,10,232.6802873,248.66103660000002,70,213.90568264285713,239.40674,25.41948770000002,Peak,2,0,0,1,4.0,1.35,0.2,2.5,0.0,252.81896448997736,182.9303571410153,2.7661271617951684,2.7661271617951684,1.0717278470293778,Spring,0.0,0.0,0.0,0.0,Clear/Low,1.0,None,1.0422919586074613,weighted_fallback,global+hour+temp_cloud_hourgroup,256.3759397968123,0.0,256.3759397968123,none,170+,other,0.7,0.0,0.0,0.0,0.0,0.0,,,ar_disabled_or_empty,0.0,,,origin_day_disabled_or_empty,256.3759397968123,0.0,0.0,72.40329069718956,2.514683348227493,0.6678948880089951,4.0,Medium-Low,226.757986029729,226.2657928466797,225.16633293894435,229.39978179611896,31.34178897027101,261.74128918512633,-3.6415141851263115,3.6415141851263115,1.4108939789375294,90.3,92.2,0.0,1.477863426287972e-15,0.0,0.0,6.0,5.941011196789895,weather_uncertainty_peak_hedge,4.7945667523454505,1.1464444444444446,22.0,5.8779770000000005,0.35,1.0,233.74128918512636,261.74128918512633,1.0,28.0,june_days4to7_mild_hot_evening_recovery_up,44.99603040226728,2.3045264203483953,operational_residual_hot_peak_only_v1,0.0,hot_peak_only,261.74128918512633,0.0,261.74128918512633,0.0,hot_peak_low_forecast_gate_blocked,weather_realism_origin_available_shadow,-3.6415141851263115,3.6415141851263115,0.0,0.0,261.74128918512633,0.0,hot_peak_low_forecast_gate_blocked,-3.6415141851263115,3.6415141851263115,0.0,249.80027798833646,249.80027798833646,210.55808482899675,221.20691949947556,213.5946011391306,229.81947670367532,1.0,210.55808482899675,249.80027798833646,39.242193159339706,19.621096579669853,22.0,45,2026-04-13 23:00:00-07:00,2026-05-28 23:00:00-07:00,2026-06-03,2.7661271617951684,0.0,-2.7661271617951684,1,0,137.8902,140.571816,248.16857457142856,-3.0,-1.0999999999999943,0.0,-2.513568415349137,0.0,0.0,5.36534938831403,-5.36534938831403,1.917678981938593,0.7429990909285344,days4to7,0-2F,0-20pp,0-1.25MW,hot_peak,low_weather_error,2.7661271617951684,1.7238352031877184,1.7238352031877184,1.7238352031877184,1.7238352031877184,1.7238352031877184
2026-06-03 19:00:00-07:00,origin_20,2026-05-29 00:00:00-07:00,2026,5,140,6,Days2to7,Summer,6,19,252.9156,92.4,93.3,0.0,0.5457846422450984,0.0,0.0,251.87094996640775,252.68325805664062,252.8371051000061,250.12061815925813,251.87094996640775,253.0250692004672,253.0250692004672,253.0250692004672,253.0250692004672,253.0250692004672,253.0250692004672,253.0250692004672,0,0.0,none,253.0250692004672,253.0250692004672,operational_residual_hot_peak_only_v1,0,hot_peak_only,253.0250692004672,0.0,253.0250692004672,0,hot_peak_low_forecast_gate_blocked,origin_available_shadow,-0.10946920046717423,0.10946920046717423,0.0,0.0,253.0250692004672,0,hot_peak_low_forecast_gate_blocked,-0.10946920046717423,0.10946920046717423,0.0,1.0446500335922622,0.23234194335938696,0.07849489999389903,2.794981840741883,-0.10946920046717423,-0.10946920046717423,-0.10946920046717423,-0.10946920046717423,0.10946920046717423,0.0,1.1541192340594364,0.0,0.0,0.0,0.0,0.0,1.1541192340594364,Recent_Corrected_Forecast_MWH,days4to7_recent_corrected,raw_bias,none,none,recent_mean+last24_mean+same_hour+hourgroup+global+cloud_hourgroup+solar_hourgroup+solar_loss_hourgroup,3.0,10,225.3923922,244.1583244,70,213.90568264285713,239.40674,27.523207800000023,Peak,2,0,0,1,4.0,0.0,0.21,1.3,0.0,246.87366023350495,181.82441913306,1.0446500335922622,1.0446500335922622,0.41304294143669357,Spring,0.0,0.0,0.0,0.0,Clear/Low,0.0,None,1.154119234059425,weighted_fallback,global+hour+temp_cloud_hourgroup,253.0250692004672,0.0,253.0250692004672,none,170+,other,1.0,0.0,0.0,0.0,0.0,0.0,,,ar_disabled_or_empty,0.0,,,origin_day_disabled_or_empty,253.0250692004672,0.0,0.0,70.04653083334776,4.9972897329028,0.0432828977204942,4.0,Low,218.87010719997892,217.955078125,218.9055928775605,219.0757808709161,34.045492800021094,255.93128440497367,-3.015684404973655,3.015684404973655,1.1923678907009512,86.6,92.2,0.01,0.0,0.0,0.0,6.0,7.907057970935314,weather_uncertainty_peak_hedge,6.776151786890586,1.1309061840447288,21.701824427297566,5.8779770000000005,0.35,1.0,227.93128440497367,255.93128440497367,1.0,28.0,june_days4to7_mild_hot_evening_recovery_up,38.99253240332746,4.883934783825225,operational_residual_hot_peak_only_v1,0.0,hot_peak_only,255.93128440497367,0.0,255.93128440497367,0.0,hot_peak_low_forecast_gate_blocked,weather_realism_origin_available_shadow,-3.015684404973655,3.015684404973655,0.0,0.0,255.93128440497367,0.0,hot_peak_low_forecast_gate_blocked,-3.015684404973655,3.015684404973655,0.0,241.72605086133592,242.02422643403835,205.04660108254868,214.0855167372385,208.07861636056774,219.96248687092194,1.0,205.04660108254868,242.02422643403835,36.97762535148968,18.48881267574484,22.0,45,2026-04-13 23:00:00-07:00,2026-05-28 23:00:00-07:00,2026-06-03,1.0446500335922622,0.0,-1.0446500335922622,1,0,145.590008,148.99605,232.12462342857143,-5.800000000000011,-1.0999999999999943,0.01,-0.5457846422450984,0.0,0.0,2.9062152045064806,-2.9062152045064806,2.9062152045064806,1.149084992980457,days4to7,0-2F,0-20pp,0-1.25MW,hot_peak,low_weather_error,1.0446500335922622,-0.10946920046717423,-0.10946920046717423,-0.10946920046717423,-0.10946920046717423,-0.10946920046717423
2026-06-03 20:00:00-07:00,origin_20,2026-05-29 00:00:00-07:00,2026,5,141,6,Days2to7,Summer,6,20,238.239391,89.0,93.3,0.0,0.0771403485505173,0.0,0.0,242.8730780761743,242.81027221679688,245.78501778790178,238.31511734613883,242.8730780761743,244.34157798473896,244.34157798473896,244.34157798473896,244.34157798473896,244.34157798473896,244.34157798473896,244.34157798473896,0,0.0,none,244.34157798473896,244.34157798473896,operational_residual_hot_peak_only_v1,0,hot_peak_only,244.34157798473896,0.0,244.34157798473896,0,hot_peak_low_forecast_gate_blocked,origin_available_shadow,-6.10218698473895,6.10218698473895,0.0,0.0,244.34157798473896,0,hot_peak_low_forecast_gate_blocked,-6.10218698473895,6.10218698473895,0.0,-4.633687076174283,-4.570881216796863,-7.545626787901767,-0.07572634613882201,-6.10218698473895,-6.10218698473895,-6.10218698473895,-6.10218698473895,6.10218698473895,0.0,1.4684999085646666,0.0,0.0,0.0,0.0,0.0,1.4684999085646666,Recent_Corrected_Forecast_MWH,days4to7_recent_corrected,raw_bias,none,none,recent_mean+last24_mean+same_hour+hourgroup+global+cloud_hourgroup+solar_hourgroup+solar_loss_hourgroup,3.0,10,211.1628387,230.4176605,70,213.90568264285713,239.40674,27.076552300000003,Peak,2,0,0,1,4.0,0.0,0.24,5.8,0.0,232.30118216062826,178.2566737174782,-4.633687076174283,4.633687076174283,1.9449710044693167,Spring,0.0,0.0,0.0,0.0,Clear/Low,0.0,None,1.4684999085646695,weighted_fallback,global+hour+temp_cloud_hourgroup,244.34157798473896,0.0,244.34157798473896,none,170+,other,1.0,0.0,0.0,0.0,0.0,0.0,,,ar_disabled_or_empty,0.0,,,origin_day_disabled_or_empty,244.34157798473896,0.0,0.0,64.61640435869609,10.571895915546037,2.5613677734505917,4.0,Low,204.42574077215414,203.25430297851562,202.8619553491189,207.21781437796346,33.81365022784587,241.8942406807188,-3.6548496807187973,3.6548496807187973,1.5341080521477648,82.8,92.2,0.08,0.0,0.0,0.0,6.0,8.0,weather_uncertainty_peak_hedge,8.0,0.9666829707745372,18.550419481814146,5.8779770000000005,0.35,1.0,213.8942406807188,241.8942406807188,1.0,28.0,june_days4to7_mild_hot_evening_recovery_up,29.3056706650284,3.4744015125162377,operational_residual_hot_peak_only_v1,0.0,hot_peak_only,241.8942406807188,0.0,241.8942406807188,0.0,hot_peak_low_forecast_gate_blocked,weather_realism_origin_available_shadow,-3.6548496807187973,3.6548496807187973,0.0,0.0,241.8942406807188,0.0,hot_peak_low_forecast_gate_blocked,-3.6548496807187973,3.6548496807187973,0.0,224.44466016253295,227.8942406807188,196.08839061994377,204.6465695648939,200.50364458672624,205.544628357881,1.0,196.08839061994377,227.8942406807188,31.805850060775043,15.902925030387522,22.0,45,2026-04-13 23:00:00-07:00,2026-05-28 23:00:00-07:00,2026-06-03,0.0,4.633687076174283,4.633687076174283,0,1,158.646916,160.416141,228.62427114285714,-6.200000000000003,-1.0999999999999943,0.08,-0.0771403485505173,0.0,0.0,-2.4473373040201523,2.4473373040201523,-2.4473373040201523,-1.027259721302827,days4to7,0-2F,0-20pp,0-1.25MW,hot_peak,low_weather_error,-4.633687076174283,-6.10218698473895,-6.10218698473895,-6.10218698473895,-6.10218698473895,-6.10218698473895
2026-06-04 14:00:00-07:00,origin_20,2026-05-29 00:00:00-07:00,2026,5,159,7,Days2to7,Summer,6,14,209.669616,91.0,94.5,0.0,20.19584626674185,0.0,0.0,219.9498702590481,219.7571258544922,221.23407320202367,217.98690689281676,220.80788134402016,221.40594958628526,221.40594958628526,221.40594958628526,221.40594958628526,221.40594958628526,221.40594958628526,221.40594958628526,0,0.0,none,221.40594958628526,221.40594958628526,operational_residual_hot_peak_only_v1,0,hot_peak_only,221.40594958628526,0.0,221.40594958628526,0,global_shadow_only,origin_available_shadow,-11.73633358628527,11.73633358628527,0.0,0.5405856501027311,221.946535236388,1,global,-12.27691923638801,12.27691923638801,0.5405856501027415,-10.280254259048121,-10.087509854492197,-11.564457202023675,-8.317290892816771,-11.73633358628527,-11.73633358628527,-11.73633358628527,-11.73633358628527,11.73633358628527,0.8580110849720484,0.5980682422651,0.0,0.0,0.0,0.0,0.0,1.4560793272371484,Recent_Corrected_Forecast_MWH,days4to7_recent_corrected,raw_bias,none,none,recent_mean+last24_mean+same_hour+hourgroup+global+temp_hourgroup+cloud_hourgroup+solar_hourgroup+solar_loss_hourgroup+temp_cloud_hourgroup,3.0,10,179.72373889999997,191.9870738,70,213.90568264285713,239.40674,29.94587710000002,Midday,3,0,0,0,4.0,1.1575274452260107,0.27,3.0,0.0,194.6320248190621,157.6369426222528,-10.280254259048121,10.280254259048121,4.903072965540281,Spring,0.8580110849720534,0.0,0.8580110849720534,0.0,Clear/Low,5.0,None,0.5980682422650941,weighted_fallback,global+hour+temp_cloud_hourgroup,221.40594958628526,0.0,221.40594958628526,none,170+,other,0.7,0.0,0.0,0.0,0.0,0.0,,,ar_disabled_or_empty,0.0,,,origin_day_disabled_or_empty,221.40594958628526,0.0,0.0,62.31292763679531,25.317845439986,5.597536643690552,4.0,High,199.68563275282875,200.24920654296875,200.72535907968745,197.89075601343933,9.983983247171238,201.1417120800659,8.52790391993409,8.52790391993409,4.067305546042537,91.5,94.6,0.0,20.81837834053109,0.0,0.0,7.0,0.0,none,0.0,0.0,0.0,,,0.0,201.1417120800659,201.1417120800659,0.0,0.0,none,46.665290583325,30.418504358443244,operational_residual_hot_peak_only_v1,0.0,hot_peak_only,201.1417120800659,0.0,201.1417120800659,0.0,global_shadow_only,weather_realism_origin_available_shadow,8.52790391993409,8.52790391993409,0.0,0.5753934526663206,201.71710553273223,1.0,global,7.952510467267757,7.952510467267757,-0.5753934526663329,219.1417120800659,219.1417120800659,183.1417120800659,199.15499755479942,201.63352152351683,202.56193175035102,1.0,183.1417120800659,219.1417120800659,36.0,18.0,18.0,45,2026-04-13 23:00:00-07:00,2026-05-28 23:00:00-07:00,2026-06-04,0.0,10.280254259048121,10.280254259048121,0,1,119.309683,115.58095,197.2026,0.5,0.09999999999999432,0.0,0.622532073789241,0.0,0.0,-20.26423750621936,20.26423750621936,-3.2084296663511793,-1.5302310976480156,days4to7,0-2F,0-20pp,0-1.25MW,normal,low_weather_error,-11.13826534402017,-11.73633358628527,-11.73633358628527,-11.73633358628527,-11.73633358628527,-11.73633358628527
2026-06-04 15:00:00-07:00,origin_20,2026-05-29 00:00:00-07:00,2026,5,160,7,Days2to7,Summer,6,15,230.85115,93.3,94.5,0.0,16.26524390761898,0.0,0.0,240.13069660539696,239.98788452148438,240.94584362149027,238.89055474693964,240.988707690369,241.53928220666296,241.53928220666296,241.53928220666296,241.53928220666296,241.53928220666296,241.53928220666296,241.53928220666296,0,0.0,none,241.53928220666296,241.53928220666296,operational_residual_hot_peak_only_v1,0,hot_peak_only,241.53928220666296,0.0,241.53928220666296,0,global_shadow_only,origin_available_shadow,-10.68813220666297,10.68813220666297,0.0,0.11231168810440086,241.65159389476736,1,global,-10.800443894767369,10.800443894767369,0.1123116881043984,-9.279546605396973,-9.136734521484385,-10.09469362149028,-8.039404746939653,-10.68813220666297,-10.68813220666297,-10.68813220666297,-10.68813220666297,10.68813220666297,0.8580110849720484,0.550574516293949,0.0,0.0,0.0,0.0,0.0,1.4085856012659974,Recent_Corrected_Forecast_MWH,days4to7_recent_corrected,raw_bias,none,none,recent_mean+last24_mean+same_hour+hourgroup+global+temp_hourgroup+cloud_hourgroup+solar_hourgroup+solar_loss_hourgroup+temp_cloud_hourgroup,3.0,10,200.233677,207.070216,70,213.90568264285713,239.40674,30.61747299999999,Midday,3,0,0,0,4.0,1.3421614125804044,0.24,3.2,0.0,214.90147410606272,170.47692111681758,-9.279546605396973,9.279546605396973,4.019709932307885,Spring,0.8580110849720534,0.0,0.8580110849720534,0.0,Clear/Low,4.0,None,0.550574516293941,weighted_fallback,global+hour+temp_cloud_hourgroup,241.53928220666296,0.0,241.53928220666296,none,170+,other,0.7,0.0,0.0,0.0,0.0,0.0,,,ar_disabled_or_empty,0.0,,,origin_day_disabled_or_empty,241.53928220666296,0.0,0.0,69.65377548857938,25.22922249933424,4.6298804258341235,4.0,Medium-High,219.76781567470505,220.24986267089844,220.73964308662596,218.10293059991685,11.083334325294942,221.3231956873852,9.527954312614781,9.527954312614781,4.127315074070362,93.4,94.6,0.0,16.231685774483765,0.0,0.0,7.0,0.0,none,0.0,0.0,0.0,,,0.0,221.3231956873852,221.3231956873852,0.0,0.0,none,54.01363680249281,31.95768849932915,operational_residual_hot_peak_only_v1,0.0,hot_peak_only,221.3231956873852,0.0,221.3231956873852,0.0,global_shadow_only,weather_realism_origin_available_shadow,9.527954312614781,9.527954312614781,0.0,0.6696267873490197,221.99282247473423,1.0,global,8.858327525265764,8.858327525265764,-0.6696267873490171,239.3231956873852,239.3231956873852,203.3231956873852,217.64870192539485,216.5507235742774,221.64049406085684,1.0,203.3231956873852,239.3231956873852,36.0,18.0,18.0,45,2026-04-13 23:00:00-07:00,2026-05-28 23:00:00-07:00,2026-06-04,0.0,9.279546605396973,9.279546605396973,0,1,127.038066,121.906483,221.81447928571427,0.10000000000000853,0.09999999999999432,0.0,-0.03355813313521594,0.0,0.0,-20.216086519277752,20.216086519277752,-1.1601778940481893,-0.5025653517637617,days4to7,0-2F,0-20pp,0-1.25MW,normal,low_weather_error,-10.137557690369022,-10.68813220666297,-10.68813220666297,-10.68813220666297,-10.68813220666297,-10.68813220666297
2026-06-04 16:00:00-07:00,origin_20,2026-05-29 00:00:00-07:00,2026,5,161,7,Days2to7,Summer,6,16,250.210058,94.5,94.5,0.0,11.344937437455537,0.0,0.0,256.50926535518585,256.54595947265625,256.9767876122437,255.76410348910338,256.50926535518585,257.3023897385305,257.3023897385305,257.3023897385305,257.3023897385305,257.3023897385305,257.3023897385305,257.3023897385305,0,0.0,none,257.3023897385305,257.3023897385305,operational_residual_hot_peak_only_v1,0,hot_peak_only,257.3023897385305,0.0,257.3023897385305,0,hot_peak_low_forecast_gate_blocked,origin_available_shadow,-7.092331738530504,7.092331738530504,0.0,0.0,257.3023897385305,0,hot_peak_low_forecast_gate_blocked,-7.092331738530504,7.092331738530504,0.0,-6.2992073551858425,-6.335901472656246,-6.766729612243694,-5.554045489103373,-7.092331738530504,-7.092331738530504,-7.092331738530504,-7.092331738530504,7.092331738530504,0.0,0.7931243833446615,0.0,0.0,0.0,0.0,0.0,0.7931243833446615,Recent_Corrected_Forecast_MWH,days4to7_recent_corrected,raw_bias,none,none,recent_mean+last24_mean+same_hour+hourgroup+global+cloud_hourgroup+solar_loss_hourgroup,3.0,10,217.8996831,228.46922249999997,70,213.90568264285713,239.40674,32.3103749,Peak,3,0,0,1,4.0,1.35,0.22,3.1,0.0,235.13098050804254,184.1729856865739,-6.2992073551858425,6.2992073551858425,2.517567601213634,Spring,0.0,0.0,0.0,0.0,Clear/Low,3.0,None,0.7931243833446843,weighted_fallback,global+hour+temp_cloud_hourgroup,257.3023897385305,0.0,257.3023897385305,none,170+,other,0.7,0.0,0.0,0.0,0.0,0.0,,,ar_disabled_or_empty,0.0,,,origin_day_disabled_or_empty,257.3023897385305,0.0,0.0,72.33627966861195,21.378284847143306,2.834551014943813,4.0,Medium-High,238.62563222020987,238.6289520263672,238.99274085228961,238.0477987108967,11.584425779790138,239.41875660355456,10.791301396445448,10.791301396445448,4.31289672473736,94.6,94.6,0.0,10.273176730625774,0.0,0.0,7.0,0.0,none,0.0,1.8322831540440356,18.426002161182026,7.89579,0.4972004067990663,1.0,239.41875660355456,239.41875660355456,0.0,0.0,none,58.87790726546507,30.340366236033702,operational_residual_hot_peak_only_v1,0.0,hot_peak_only,239.41875660355456,0.0,239.41875660355456,0.0,hot_peak_low_forecast_gate_blocked,weather_realism_origin_available_shadow,10.791301396445448,10.791301396445448,0.0,0.0,239.41875660355456,0.0,hot_peak_low_forecast_gate_blocked,10.791301396445448,10.791301396445448,0.0,257.8447587647366,261.4187566035546,218.32876660160517,232.557831630438,228.4734268207285,239.44483110718343,1.0,218.32876660160517,261.4187566035546,43.08999000194942,21.54499500097471,22.00000000000003,45,2026-04-13 23:00:00-07:00,2026-05-28 23:00:00-07:00,2026-06-04,0.0,6.2992073551858425,6.2992073551858425,0,1,134.009758,128.748283,242.47525214285716,0.09999999999999432,0.09999999999999432,0.0,-1.071760706829762,0.0,0.0,-17.883633134975952,17.883633134975952,3.698969657914944,1.4783457097935462,days4to7,0-2F,0-20pp,0-1.25MW,hot_peak,low_weather_error,-6.2992073551858425,-7.092331738530504,-7.092331738530504,-7.092331738530504,-7.092331738530504,-7.092331738530504
2026-06-04 17:00:00-07:00,origin_20,2026-05-29 00:00:00-07:00,2026,5,162,7,Days2to7,Summer,6,17,261.03715,93.7,94.5,0.0,5.679774723144782,0.0,0.0,265.6377058267336,264.4158935546875,266.02436979296704,265.37918024323716,265.6377058267336,266.65006049040244,266.65006049040244,266.65006049040244,266.65006049040244,266.65006049040244,266.65006049040244,266.65006049040244,0,0.0,none,266.65006049040244,266.65006049040244,operational_residual_hot_peak_only_v1,0,hot_peak_only,266.65006049040244,0.0,266.65006049040244,0,hot_peak_low_forecast_gate_blocked,origin_available_shadow,-5.612910490402442,5.612910490402442,0.0,0.0,266.65006049040244,0,hot_peak_low_forecast_gate_blocked,-5.612910490402442,5.612910490402442,0.0,-4.6005558267336255,-3.378743554687503,-4.987219792967039,-4.342030243237161,-5.612910490402442,-5.612910490402442,-5.612910490402442,-5.612910490402442,5.612910490402442,0.0,1.012354663668816,0.0,0.0,0.0,0.0,0.0,1.012354663668816,Recent_Corrected_Forecast_MWH,days4to7_recent_corrected,raw_bias,none,none,recent_mean+last24_mean+same_hour+hourgroup+global+cloud_hourgroup+solar_hourgroup+solar_loss_hourgroup,3.0,10,230.24716130000002,243.33112659999998,70,213.90568264285713,239.40674,30.78998869999998,Peak,3,0,0,1,4.0,1.35,0.22,3.7,0.0,249.3639119439197,193.54027981007576,-4.6005558267336255,4.6005558267336255,1.762414210672169,Spring,0.0,0.0,0.0,0.0,Clear/Low,2.0,None,1.012354663668842,weighted_fallback,global+hour+temp_cloud_hourgroup,266.65006049040244,0.0,266.65006049040244,none,170+,other,0.7,0.0,0.0,0.0,0.0,0.0,,,ar_disabled_or_empty,0.0,,,origin_day_disabled_or_empty,266.65006049040244,0.0,0.0,72.09742601665786,16.27379388281392,2.1502343595164297,4.0,Medium-Low,250.41069671253706,249.66514587402344,250.46159763562196,250.543724072979,10.626453287462937,251.4230513762059,9.614098623794092,9.614098623794092,3.683038457857087,94.3,94.6,0.0,4.388889165953954,0.0,0.0,7.0,0.0,none,0.0,1.6745817583384266,16.840108489846585,7.89579,0.4972004067990663,1.0,251.4230513762059,251.4230513762059,0.0,0.0,none,61.21154265406969,27.62594737764016,operational_residual_hot_peak_only_v1,0.0,hot_peak_only,251.4230513762059,0.0,251.4230513762059,0.0,hot_peak_low_forecast_gate_blocked,weather_realism_origin_available_shadow,9.614098623794092,9.614098623794092,0.0,0.0,251.4230513762059,0.0,hot_peak_low_forecast_gate_blocked,9.614098623794092,9.614098623794092,0.0,268.2631598660525,273.4230513762059,232.89084578207675,241.65493106167,234.71044105183645,252.04792269004466,1.0,232.89084578207675,273.4230513762059,40.532205594129124,20.266102797064562,21.99999999999997,45,2026-04-13 23:00:00-07:00,2026-05-28 23:00:00-07:00,2026-06-04,0.0,4.6005558267336255,4.6005558267336255,0,1,141.057125,136.156775,253.55978885714285,0.5999999999999943,0.09999999999999432,0.0,-1.290885557190828,0.0,0.0,-15.227009114196534,15.227009114196534,4.001188133391651,1.532804098340658,days4to7,0-2F,0-20pp,0-1.25MW,hot_peak,low_weather_error,-4.6005558267336255,-5.612910490402442,-5.612910490402442,-5.612910490402442,-5.612910490402442,-5.612910490402442
2026-06-04 18:00:00-07:00,origin_20,2026-05-29 00:00:00-07:00,2026,5,163,7,Days2to7,Summer,6,18,263.131475,93.0,94.5,0.0,2.545419713647152,0.0,0.0,265.9252429939454,265.3556213378906,263.14675017427186,270.4541950408766,265.9252429939454,266.96753495255285,266.96753495255285,267.2351980011309,267.2351980011309,267.2351980011309,267.2351980011309,267.2351980011309,0,0.0,none,267.2351980011309,267.2351980011309,operational_residual_hot_peak_only_v1,0,hot_peak_only,267.2351980011309,0.0,267.2351980011309,0,hot_peak_low_forecast_gate_blocked,origin_available_shadow,-4.103723001130902,4.103723001130902,0.0,0.0,267.2351980011309,0,hot_peak_low_forecast_gate_blocked,-4.103723001130902,4.103723001130902,0.0,-2.79376799394538,-2.224146337890602,-0.015275174271835112,-7.322720040876561,-4.103723001130902,-4.103723001130902,-4.103723001130902,-4.103723001130902,4.103723001130902,0.0,1.04229195860745,0.0,0.267663048578072,0.0,0.0,0.0,1.309955007185522,Recent_Corrected_Forecast_MWH,days4to7_recent_corrected,raw_bias,none,tree_peak_gap,recent_mean+last24_mean+same_hour+hourgroup+global+cloud_hourgroup+solar_hourgroup+solar_loss_hourgroup,3.0,10,232.6802873,248.66103660000002,70,213.90568264285713,239.40674,30.45118770000002,Peak,3,0,0,1,4.0,1.35,0.22,3.3,0.0,255.33364783820485,198.71297954647315,-2.79376799394538,2.79376799394538,1.0617384309290174,Spring,0.0,0.0,0.0,0.0,Clear/Low,1.0,None,1.0422919586074613,weighted_fallback,global+hour+temp_cloud_hourgroup,267.2351980011309,0.0,266.96753495255285,none,170+,other,0.7,0.0,0.0,0.2676630485780521,0.0,0.0,,,ar_disabled_or_empty,0.0,,,origin_day_disabled_or_empty,267.2351980011309,0.0,0.0,67.21226344747225,10.59159515574055,1.5595713135917706,4.0,Medium-Low,250.62800407332986,250.8541259765625,249.6554520998576,252.09169377357688,12.503470926670161,251.6702960319373,11.461178968062711,11.461178968062711,4.355685296889211,92.2,94.6,0.0,1.548659279044282e-15,0.0,0.0,7.0,0.0,none,0.0,1.6318085229797405,16.40996769778593,7.89579,0.4972004067990663,1.0,251.6702960319373,251.6702960319373,0.0,0.0,none,57.16566344162115,23.87001804360085,operational_residual_hot_peak_only_v1,0.0,hot_peak_only,251.6702960319373,0.0,251.6702960319373,0.0,hot_peak_low_forecast_gate_blocked,weather_realism_origin_available_shadow,11.461178968062711,11.461178968062711,0.0,0.0,251.6702960319373,0.0,hot_peak_low_forecast_gate_blocked,11.461178968062711,11.461178968062711,0.0,268.08026372972324,273.6702960319373,233.0625530028951,241.88669150920938,232.81590161018255,253.4419669894154,1.0,232.81590161018255,273.6702960319373,40.85439442175476,20.42719721087738,22.0,45,2026-04-13 23:00:00-07:00,2026-05-28 23:00:00-07:00,2026-06-04,0.0,2.79376799394538,2.79376799394538,0,1,150.099333,143.195116,255.86102471428572,-0.7999999999999972,0.09999999999999432,0.0,-2.5454197136471506,0.0,0.0,-15.564901969193613,15.564901969193613,7.357455966931809,2.7961139832974404,days4to7,0-2F,0-20pp,0-1.25MW,hot_peak,low_weather_error,-2.79376799394538,-3.83605995255283,-3.83605995255283,-4.103723001130902,-4.103723001130902,-4.103723001130902
2026-06-04 19:00:00-07:00,origin_20,2026-05-29 00:00:00-07:00,2026,5,164,7,Days2to7,Summer,6,19,255.920625,91.7,94.5,0.0,0.4792915785346224,0.0,0.0,258.8583805872777,260.6754455566406,258.5955633416425,258.75221769631503,258.8583805872777,260.0124998213371,260.0124998213371,260.0124998213371,260.0124998213371,260.0124998213371,260.0124998213371,260.0124998213371,0,0.0,none,260.0124998213371,260.0124998213371,operational_residual_hot_peak_only_v1,0,hot_peak_only,260.0124998213371,0.0,260.0124998213371,0,hot_peak_low_forecast_gate_blocked,origin_available_shadow,-4.091874821337086,4.091874821337086,0.0,0.0,260.0124998213371,0,hot_peak_low_forecast_gate_blocked,-4.091874821337086,4.091874821337086,0.0,-2.937755587277678,-4.754820556640624,-2.674938341642502,-2.8315926963150275,-4.091874821337086,-4.091874821337086,-4.091874821337086,-4.091874821337086,4.091874821337086,0.0,1.154119234059408,0.0,0.0,0.0,0.0,0.0,1.154119234059408,Recent_Corrected_Forecast_MWH,days4to7_recent_corrected,raw_bias,none,none,recent_mean+last24_mean+same_hour+hourgroup+global+cloud_hourgroup+solar_hourgroup+solar_loss_hourgroup,3.0,10,225.3923922,244.1583244,70,213.90568264285713,239.40674,30.528232800000012,Peak,3,0,0,1,4.0,0.0,0.23,3.3,0.0,251.87094996640775,196.8935001282611,-2.937755587277678,2.937755587277678,1.1479166977173794,Spring,0.0,0.0,0.0,0.0,Clear/Low,0.0,None,1.154119234059425,weighted_fallback,global+hour+temp_cloud_hourgroup,260.0124998213371,0.0,260.0124998213371,none,170+,other,1.0,0.0,0.0,0.0,0.0,0.0,,,ar_disabled_or_empty,0.0,,,origin_day_disabled_or_empty,260.0124998213371,0.0,0.0,61.96488045901657,6.9874306208699295,1.5988843499179037,4.0,Low,242.4682796482909,241.01145935058594,243.461527885506,241.32369536058286,13.452345351709113,243.62239888235032,12.298226117649676,12.298226117649676,4.805484558991553,88.8,94.6,0.0,0.0,0.0,0.0,7.0,0.0,none,0.0,1.2408113437388288,12.477979973176872,7.89579,0.4972004067990663,1.0,243.62239888235032,243.62239888235032,0.0,0.0,none,52.236029965928196,23.59817244831197,operational_residual_hot_peak_only_v1,0.0,hot_peak_only,243.62239888235032,0.0,243.62239888235032,0.0,hot_peak_low_forecast_gate_blocked,weather_realism_origin_available_shadow,12.298226117649676,12.298226117649676,0.0,0.0,243.62239888235032,0.0,hot_peak_low_forecast_gate_blocked,12.298226117649676,12.298226117649676,0.0,256.1003788555272,265.62239888235035,225.1508340853159,233.1553280535101,223.98967855209665,243.64155984798117,1.0,223.98967855209665,265.62239888235035,41.632720330253704,20.816360165126852,22.00000000000003,45,2026-04-13 23:00:00-07:00,2026-05-28 23:00:00-07:00,2026-06-04,0.0,2.937755587277678,2.937755587277678,0,1,160.326075,154.249975,246.93938571428572,-2.9000000000000057,0.09999999999999432,0.0,-0.4792915785346224,0.0,0.0,-16.390100938986762,16.390100938986762,8.20635129631259,3.206600209073649,days4to7,0-2F,0-20pp,0-1.25MW,hot_peak,low_weather_error,-2.937755587277678,-4.091874821337086,-4.091874821337086,-4.091874821337086,-4.091874821337086,-4.091874821337086
2026-06-04 20:00:00-07:00,origin_20,2026-05-29 00:00:00-07:00,2026,5,165,7,Days2to7,Summer,6,20,243.503625,89.8,94.5,0.0,0.0644294171567301,0.0,0.0,248.16967434690758,249.65574645996094,250.14302624694844,244.64410075739954,248.16967434690758,249.63817425547225,249.63817425547225,249.63817425547225,249.63817425547225,249.63817425547225,249.63817425547225,249.63817425547225,0,0.0,none,249.63817425547225,249.63817425547225,operational_residual_hot_peak_only_v1,0,hot_peak_only,249.63817425547225,0.0,249.63817425547225,0,hot_peak_low_forecast_gate_blocked,origin_available_shadow,-6.134549255472251,6.134549255472251,0.0,0.0,249.63817425547225,0,hot_peak_low_forecast_gate_blocked,-6.134549255472251,6.134549255472251,0.0,-4.6660493469075845,-6.152121459960938,-6.639401246948438,-1.1404757573995425,-6.134549255472251,-6.134549255472251,-6.134549255472251,-6.134549255472251,6.134549255472251,0.0,1.4684999085646666,0.0,0.0,0.0,0.0,0.0,1.4684999085646666,Recent_Corrected_Forecast_MWH,days4to7_recent_corrected,raw_bias,none,none,recent_mean+last24_mean+same_hour+hourgroup+global+cloud_hourgroup+solar_hourgroup+solar_loss_hourgroup,3.0,10,211.1628387,230.4176605,70,213.90568264285713,239.40674,32.34078629999999,Peak,3,0,0,1,4.0,0.0,0.25,5.0,0.0,242.8730780761743,191.55883258550313,-4.6660493469075845,4.6660493469075845,1.916213504791801,Spring,0.0,0.0,0.0,0.0,Clear/Low,0.0,None,1.4684999085646695,weighted_fallback,global+hour+temp_cloud_hourgroup,249.63817425547225,0.0,249.63817425547225,none,170+,other,1.0,0.0,0.0,0.0,0.0,0.0,,,ar_disabled_or_empty,0.0,,,origin_day_disabled_or_empty,249.63817425547225,0.0,0.0,56.61084176140446,5.296596270733289,2.5192845714195227,4.0,Low,227.89327522537863,224.44284057617188,228.0353339762653,228.65587851661581,15.610349774621369,229.3617751339433,14.141849866056702,14.141849866056702,5.807654759167016,85.2,94.6,0.0,0.0,0.0,0.0,7.0,0.0,none,0.0,1.0415070827648554,10.473715110874394,7.89579,0.4972004067990663,1.0,229.3617751339433,229.3617751339433,0.0,0.0,none,44.9635230079451,23.467534453224488,operational_residual_hot_peak_only_v1,0.0,hot_peak_only,229.3617751339433,0.0,229.3617751339433,0.0,hot_peak_low_forecast_gate_blocked,weather_realism_origin_available_shadow,14.141849866056702,14.141849866056702,0.0,0.0,229.3617751339433,0.0,hot_peak_low_forecast_gate_blocked,14.141849866056702,14.141849866056702,0.0,239.8354902448177,250.44337245357684,211.48715653600934,221.05813582875044,214.88056331820172,229.20913033557528,0.0,211.48715653600934,250.44337245357684,38.956215917567505,19.478107958783752,21.081597319633545,45,2026-04-13 23:00:00-07:00,2026-05-28 23:00:00-07:00,2026-06-04,0.0,4.6660493469075845,4.6660493469075845,0,1,173.421408,166.870333,230.79150085714286,-4.599999999999994,0.09999999999999432,0.0,-0.0644294171567301,0.0,0.0,-20.276399121528954,20.276399121528954,8.007300610584451,3.2883701877474927,days4to7,0-2F,0-20pp,0-1.25MW,hot_peak,low_weather_error,-4.6660493469075845,-6.134549255472251,-6.134549255472251,-6.134549255472251,-6.134549255472251,-6.134549255472251
2026-06-05 14:00:00-07:00,origin_20,2026-05-29 00:00:00-07:00,2026,5,183,8,Days8to16,Summer,6,14,229.425308,94.3,96.8,0.17,17.999401905007012,0.0,0.0,238.30659802581908,238.47267150878906,239.20512078991612,236.8471841156752,239.2531759965523,239.92009982040605,239.92009982040605,239.92009982040605,239.7171572456499,237.5971572456499,237.5971572456499,237.5971572456499,0,0.0,none,237.5971572456499,237.5971572456499,operational_residual_hot_peak_only_v1,0,hot_peak_only,237.5971572456499,0.0,237.5971572456499,0,global_shadow_only,origin_available_shadow,-8.171849245649895,8.171849245649895,0.0,0.30403692992042036,237.9011941755703,1,global,-8.47588617557031,8.47588617557031,0.3040369299204144,-8.881290025819084,-9.047363508789061,-9.779812789916122,-7.42187611567519,-8.171849245649895,-8.171849245649895,-8.171849245649895,-8.171849245649895,8.171849245649895,0.946577970733216,0.6669238238537503,0.0,0.0,-0.2029425747561504,-2.1200000000000045,0.0,-0.7094407801691887,Final_Backtest_Forecast_MWH,days8plus_final_low_confidence+long_horizon_peak_month_correction,raw_bias,none,none,recent_mean+last24_mean+same_hour+hourgroup+global+cloud_hourgroup+solar_hourgroup+solar_loss_hourgroup,3.0,8,199.47841950000003,228.9191698,56,236.32982358928572,269.356791,29.94688849999997,Midday,4,0,0,0,5.0,1.1507333471328791,0.22,2.9,0.0,219.9498702590481,172.1872146592597,-8.881290025819084,8.881290025819084,3.8711030196455414,Spring,0.9465779707332281,0.0,0.9465779707332281,0.0,Clear/Low,4.0,None,0.6669238238537403,weighted_fallback,global+hour,239.7171572456499,0.0,239.92009982040605,none,170+,other,0.7,0.0,0.0,0.0,-0.20294257475615085,0.0,,,ar_disabled_or_empty,0.0,,,origin_day_disabled_or_empty,239.92009982040605,-2.12,0.0,66.11938336655939,18.356727766770973,3.561877857716506,5.0,Medium-High,,,,,,,,,,,,,,,,,0.0,none,0.0,0.0,0.0,,,0.0,,,0.0,0.0,none,,,operational_residual_hot_peak_only_v1,0.0,hot_peak_only,,0.0,,0.0,invalid_base_forecast,weather_realism_origin_available_shadow,,,,0.0,,0.0,invalid_base_forecast,,,,,,,,,,0.0,,,,,0.0,45,2026-04-13 23:00:00-07:00,2026-05-28 23:00:00-07:00,2026-06-05,0.0,8.881290025819084,8.881290025819084,0,1,124.624375,113.497358,205.07980442857144,,,,,,,,,,,,,,,,,-9.8278679965523,-10.49479182040605,-10.49479182040605,-10.49479182040605,-10.2918492456499,-8.171849245649895
2026-06-05 15:00:00-07:00,origin_20,2026-05-29 00:00:00-07:00,2026,5,184,8,Days8to16,Summer,6,15,249.014525,95.9,96.8,0.27,15.093167989242133,0.0,0.0,255.66825462799855,256.3750305175781,254.59679684748477,257.150038028926,256.61483259873177,257.2222424665224,257.2222424665224,257.2222424665224,257.08005663920767,254.96005663920766,254.96005663920766,254.96005663920766,0,0.0,none,254.96005663920766,254.96005663920766,operational_residual_hot_peak_only_v1,0,hot_peak_only,254.96005663920766,0.0,254.96005663920766,0,global_shadow_only,origin_available_shadow,-5.9455316392076725,5.9455316392076725,0.0,-0.37084943147455424,254.5892072077331,1,global,-5.574682207733105,5.574682207733105,-0.37084943147456784,-6.653729627998558,-7.360505517578133,-5.582271847484776,-8.135513028926027,-5.9455316392076725,-5.9455316392076725,-5.9455316392076725,-5.9455316392076725,5.9455316392076725,0.946577970733216,0.6074098677906363,0.0,0.0,-0.14218582731473361,-2.1200000000000045,0.0,-0.7081979887908858,Final_Backtest_Forecast_MWH,days8plus_final_low_confidence+long_horizon_peak_month_correction,raw_bias,none,none,recent_mean+last24_mean+same_hour+hourgroup+global+solar_hourgroup+solar_loss_hourgroup,3.0,8,220.880339,250.3929885,56,236.32982358928572,269.356791,28.134186,Midday,4,0,0,0,5.0,1.3097034182030802,0.2,2.3,0.0,240.13069660539696,186.84536948901717,-6.653729627998558,6.653729627998558,2.672024705385583,Spring,0.9465779707332281,0.0,0.9465779707332281,1.0,Some Clouds,4.0,None,0.607409867790612,weighted_fallback,global+hour,257.08005663920767,0.0,257.2222424665224,none,170+,other,0.7,0.0,0.0,0.0,-0.14218582731473467,0.0,,,ar_disabled_or_empty,0.0,,,origin_day_disabled_or_empty,257.2222424665224,-2.12,0.0,68.82288513898138,15.537558022601587,2.387624432433278,5.0,Medium-High,,,,,,,,,,,,,,,,,0.0,none,0.0,0.0,0.0,,,0.0,,,0.0,0.0,none,,,operational_residual_hot_peak_only_v1,0.0,hot_peak_only,,0.0,,0.0,invalid_base_forecast,weather_realism_origin_available_shadow,,,,0.0,,0.0,invalid_base_forecast,,,,,,,,,,0.0,,,,,0.0,45,2026-04-13 23:00:00-07:00,2026-05-28 23:00:00-07:00,2026-06-05,0.0,6.653729627998558,6.653729627998558,0,1,132.480216,120.454241,231.83986885714285,,,,,,,,,,,,,,,,,-7.600307598731774,-8.20771746652241,-8.20771746652241,-8.20771746652241,-8.065531639207677,-5.9455316392076725
2026-06-05 16:00:00-07:00,origin_20,2026-05-29 00:00:00-07:00,2026,5,185,8,Days8to16,Summer,6,16,268.59595,96.8,96.8,0.27,10.902754088434738,0.0,0.0,269.69274802457954,270.1372985839844,268.39304034999674,271.6081313533797,269.69274802457954,270.25263927279514,270.25263927279514,270.25263927279514,270.0774420512274,267.9574420512274,267.9574420512274,267.9574420512274,0,0.0,none,267.9574420512274,267.9574420512274,operational_residual_hot_peak_only_v1,0,hot_peak_only,267.9574420512274,0.0,267.9574420512274,0,hot_peak_low_forecast_gate_blocked,origin_available_shadow,0.6385079487725989,0.6385079487725989,0.0,0.0,267.9574420512274,0,hot_peak_low_forecast_gate_blocked,0.6385079487725989,0.6385079487725989,0.0,-1.0967980245795275,-1.5413485839843588,0.20290965000327787,-3.012181353379674,0.6385079487725989,0.6385079487725989,0.6385079487725989,0.6385079487725989,0.6385079487725989,0.0,0.5598912482155924,0.0,0.0,-0.17519722156771422,-2.1200000000000045,0.0,-1.7353059733521263,Final_Backtest_Forecast_MWH,days8plus_final_low_confidence+long_horizon_peak_month_correction,raw_bias,none,none,recent_mean+last24_mean+same_hour+hourgroup+global+solar_loss_hourgroup,3.0,8,240.86553600000002,267.7118679,56,236.32982358928572,269.356791,27.730413999999996,Peak,4,0,0,1,5.0,1.35,0.18,2.0,0.0,256.50926535518585,201.3067093087433,-1.0967980245795275,1.0967980245795275,0.4083449599964286,Spring,0.0,0.0,0.0,1.0,Some Clouds,3.0,None,0.5598912482155957,weighted_fallback,global+hour,270.0774420512274,0.0,270.25263927279514,none,170+,other,0.7,0.0,0.0,0.0,-0.17519722156769715,0.0,,,ar_disabled_or_empty,0.0,,,origin_day_disabled_or_empty,270.25263927279514,-2.12,0.0,68.38603871583624,13.183482669393698,0.237720616700512,5.0,Medium-High,,,,,,,,,,,,,,,,,0.0,none,0.0,0.0,0.0,,,0.0,,,0.0,0.0,none,,,operational_residual_hot_peak_only_v1,0.0,hot_peak_only,,0.0,,0.0,invalid_base_forecast,weather_realism_origin_available_shadow,,,,0.0,,0.0,invalid_base_forecast,,,,,,,,,,0.0,,,,,0.0,45,2026-04-13 23:00:00-07:00,2026-05-28 23:00:00-07:00,2026-06-05,0.0,1.0967980245795275,1.0967980245795275,0,1,140.481283,124.9937,248.10206757142856,,,,,,,,,,,,,,,,,-1.0967980245795275,-1.65668927279512,-1.65668927279512,-1.65668927279512,-1.4814920512274057,0.6385079487725989
2026-06-05 17:00:00-07:00,origin_20,2026-05-29 00:00:00-07:00,2026,5,186,8,Days8to16,Summer,6,17,273.122358,96.3,96.8,0.4,5.7921731317674094,0.0,0.0,278.04957562055034,279.8253173828125,278.0647451357956,277.5183830216614,278.04957562055034,278.88702955980585,278.88702955980585,278.88702955980585,278.6235926272168,276.5035926272168,276.5035926272168,276.5035926272168,0,0.0,none,276.5035926272168,276.5035926272168,operational_residual_hot_peak_only_v1,0,hot_peak_only,276.5035926272168,0.0,276.5035926272168,0,hot_peak_low_forecast_gate_blocked,origin_available_shadow,-3.38123462721677,3.38123462721677,0.0,0.0,276.5035926272168,0,hot_peak_low_forecast_gate_blocked,-3.38123462721677,3.38123462721677,0.0,-4.927217620550323,-6.70295938281248,-4.94238713579557,-4.396025021661387,-3.38123462721677,-3.38123462721677,-3.38123462721677,-3.38123462721677,3.38123462721677,0.0,0.8374539392555107,0.0,0.0,-0.26343693258905887,-2.1200000000000045,0.0,-1.5459829933335527,Final_Backtest_Forecast_MWH,days8plus_final_low_confidence+long_horizon_peak_month_correction,raw_bias,none,none,recent_mean+last24_mean+same_hour+hourgroup+global+solar_hourgroup+solar_loss_hourgroup,3.0,8,253.621961125,277.809623,56,236.32982358928572,269.356791,19.500396875000007,Peak,4,0,0,1,5.0,1.35,0.19,2.6,0.0,265.6377058267336,212.1839377853234,-4.927217620550323,4.927217620550323,1.804033055598591,Spring,0.0,0.0,0.0,1.0,Some Clouds,2.0,None,0.8374539392555158,weighted_fallback,global+hour,278.6235926272168,0.0,278.88702955980585,none,170+,other,0.7,0.0,0.0,0.0,-0.26343693258906026,0.0,,,ar_disabled_or_empty,0.0,,,origin_day_disabled_or_empty,278.88702955980585,-2.12,0.0,65.86563783522695,12.41186979381672,1.2379926169269415,5.0,Medium-Low,,,,,,,,,,,,,,,,,0.0,none,0.0,0.0,0.0,,,0.0,,,0.0,0.0,none,,,operational_residual_hot_peak_only_v1,0.0,hot_peak_only,,0.0,,0.0,invalid_base_forecast,weather_realism_origin_available_shadow,,,,0.0,,0.0,invalid_base_forecast,,,,,,,,,,0.0,,,,,0.0,45,2026-04-13 23:00:00-07:00,2026-05-28 23:00:00-07:00,2026-06-05,0.0,4.927217620550323,4.927217620550323,0,1,151.044775,130.518141,262.2772331428572,,,,,,,,,,,,,,,,,-4.927217620550323,-5.764671559805834,-5.764671559805834,-5.764671559805834,-5.501234627216775,-3.38123462721677
2026-06-05 18:00:00-07:00,origin_20,2026-05-29 00:00:00-07:00,2026,5,187,8,Days8to16,Summer,6,18,274.913308,96.0,96.8,0.27,2.266932836487644,0.0,0.0,280.31926663953453,277.60675048828125,279.80933890104404,281.8955862718062,280.31926663953453,281.1946235369641,281.1946235369641,281.1946235369641,280.8354230971227,278.7154230971227,278.7154230971227,278.7154230971227,0,0.0,none,278.7154230971227,278.7154230971227,operational_residual_hot_peak_only_v1,0,hot_peak_only,278.7154230971227,0.0,278.7154230971227,0,hot_peak_low_forecast_gate_blocked,origin_available_shadow,-3.802115097122737,3.802115097122737,0.0,0.0,278.7154230971227,0,hot_peak_low_forecast_gate_blocked,-3.802115097122737,3.802115097122737,0.0,-5.4059586395345605,-2.6934424882812777,-4.896030901044071,-6.982278271806251,-3.802115097122737,-3.802115097122737,-3.802115097122737,-3.802115097122737,3.802115097122737,0.0,0.8753568974295831,0.0,0.0,-0.35920043984140193,-2.1200000000000045,0.0,-1.6038435424118234,Final_Backtest_Forecast_MWH,days8plus_final_low_confidence+long_horizon_peak_month_correction,raw_bias,none,none,recent_mean+last24_mean+same_hour+hourgroup+global+solar_hourgroup+solar_loss_hourgroup,3.0,8,256.90235175,276.73857730000003,56,236.32982358928572,269.356791,18.010956249999992,Peak,4,0,0,1,5.0,1.35,0.2,4.8,0.0,265.9252429939454,216.53306554560817,-5.4059586395345605,5.4059586395345605,1.966423043999951,Spring,0.0,0.0,0.0,1.0,Some Clouds,1.0,None,0.8753568974295981,weighted_fallback,global+hour,280.8354230971227,0.0,281.1946235369641,none,170+,other,0.7,0.0,0.0,0.0,-0.3592004398413926,0.0,,,ar_disabled_or_empty,0.0,,,origin_day_disabled_or_empty,281.1946235369641,-2.12,0.0,63.786201093926366,14.39402364558913,1.3830232973380603,5.0,Medium-Low,,,,,,,,,,,,,,,,,0.0,none,0.0,0.0,0.0,,,0.0,,,0.0,0.0,none,,,operational_residual_hot_peak_only_v1,0.0,hot_peak_only,,0.0,,0.0,invalid_base_forecast,weather_realism_origin_available_shadow,,,,0.0,,0.0,invalid_base_forecast,,,,,,,,,,0.0,,,,,0.0,45,2026-04-13 23:00:00-07:00,2026-05-28 23:00:00-07:00,2026-06-05,0.0,5.4059586395345605,5.4059586395345605,0,1,163.731575,137.8902,259.27036300000003,,,,,,,,,,,,,,,,,-5.4059586395345605,-6.281315536964144,-6.281315536964144,-6.281315536964144,-5.922115097122742,-3.802115097122737
2026-06-05 19:00:00-07:00,origin_20,2026-05-29 00:00:00-07:00,2026,5,188,8,Days8to16,Summer,6,19,265.752475,93.7,96.8,0.23,0.3943506418980094,0.0,0.0,269.28597912889575,269.8101501464844,271.14912842527804,266.20840994384116,269.28597912889575,270.3029181082358,270.3029181082358,270.3029181082358,269.931902498838,269.931902498838,269.931902498838,269.931902498838,0,0.0,none,269.931902498838,269.931902498838,operational_residual_hot_peak_only_v1,0,hot_peak_only,269.931902498838,0.0,269.931902498838,0,hot_peak_low_forecast_gate_blocked,origin_available_shadow,-4.179427498837981,4.179427498837981,0.0,0.0,269.931902498838,0,hot_peak_low_forecast_gate_blocked,-4.179427498837981,4.179427498837981,0.0,-3.5335041288957427,-4.057675146484371,-5.396653425278032,-0.4559349438411573,-4.179427498837981,-4.179427498837981,-4.179427498837981,-4.179427498837981,4.179427498837981,0.0,1.0169389793400683,0.0,0.0,-0.37101560939782985,0.0,0.0,0.6459233699422384,Final_Backtest_Forecast_MWH,days8plus_final_low_confidence,raw_bias,none,none,recent_mean+last24_mean+same_hour+hourgroup+global+solar_hourgroup+solar_loss_hourgroup,3.0,8,249.521006,270.0134279,56,236.32982358928572,269.356791,16.231469000000004,Peak,4,0,0,1,5.0,0.0,0.24,9.6,0.0,258.8583805872777,213.28944978358646,-3.5335041288957427,3.5335041288957427,1.3296222843816385,Spring,0.0,0.0,0.0,1.0,Some Clouds,0.0,None,1.016938979340065,weighted_fallback,global+hour,269.931902498838,0.0,270.3029181082358,none,170+,other,1.0,0.0,0.0,0.0,-0.3710156093978208,0.0,,,ar_disabled_or_empty,0.0,,,origin_day_disabled_or_empty,270.3029181082358,0.0,0.0,55.996529345309284,10.427598541618067,1.5726767921307152,5.0,Low,,,,,,,,,,,,,,,,,0.0,none,0.0,0.0,0.0,,,0.0,,,0.0,0.0,none,,,operational_residual_hot_peak_only_v1,0.0,hot_peak_only,,0.0,,0.0,invalid_base_forecast,weather_realism_origin_available_shadow,,,,0.0,,0.0,invalid_base_forecast,,,,,,,,,,0.0,,,,,0.0,45,2026-04-13 23:00:00-07:00,2026-05-28 23:00:00-07:00,2026-06-05,0.0,3.5335041288957427,3.5335041288957427,0,1,177.049733,145.590008,256.0373071428572,,,,,,,,,,,,,,,,,-3.5335041288957427,-4.550443108235811,-4.550443108235811,-4.550443108235811,-4.179427498837981,-4.179427498837981
2026-06-05 20:00:00-07:00,origin_20,2026-05-29 00:00:00-07:00,2026,5,189,8,Days8to16,Summer,6,20,248.061708,89.4,96.8,0.24,0.0695295955523374,0.0,0.0,254.23525060560561,256.8307189941406,256.9301375142762,249.25886592382744,254.23525060560561,255.6502201211362,255.6502201211362,255.6502201211362,255.36576113508252,255.36576113508252,255.36576113508252,255.36576113508252,0,0.0,none,255.36576113508252,255.36576113508252,operational_residual_hot_peak_only_v1,0,hot_peak_only,255.36576113508252,0.0,255.36576113508252,0,hot_peak_low_forecast_gate_blocked,origin_available_shadow,-7.304053135082512,7.304053135082512,0.0,0.0,255.36576113508252,0,hot_peak_low_forecast_gate_blocked,-7.304053135082512,7.304053135082512,0.0,-6.173542605605604,-8.769010994140615,-8.868429514276215,-1.197157923827433,-7.304053135082512,-7.304053135082512,-7.304053135082512,-7.304053135082512,7.304053135082512,0.0,1.4149695155305722,0.0,0.0,-0.2844589860536644,0.0,0.0,1.1305105294769078,Final_Backtest_Forecast_MWH,days8plus_final_low_confidence,raw_bias,none,none,recent_mean+last24_mean+same_hour+hourgroup+global+solar_hourgroup+solar_loss_hourgroup,3.0,8,233.03915174999997,253.381823,56,236.32982358928572,269.356791,15.022556250000036,Peak,4,0,0,1,5.0,0.0,0.27,11.1,0.0,248.16967434690758,205.6844873493471,-6.173542605605604,6.173542605605604,2.4887124479549274,Spring,0.0,0.0,0.0,1.0,Some Clouds,0.0,None,1.414969515530577,weighted_fallback,global+hour,255.36576113508252,0.0,255.6502201211362,none,170+,other,1.0,0.0,0.0,0.0,-0.28445898605365655,0.0,,,ar_disabled_or_empty,0.0,,,origin_day_disabled_or_empty,255.6502201211362,0.0,0.0,48.550763256258506,6.06557625869803,2.9444500700940557,5.0,Low,,,,,,,,,,,,,,,,,0.0,none,0.0,0.0,0.0,,,0.0,,,0.0,0.0,none,,,operational_residual_hot_peak_only_v1,0.0,hot_peak_only,,0.0,,0.0,invalid_base_forecast,weather_realism_origin_available_shadow,,,,0.0,,0.0,invalid_base_forecast,,,,,,,,,,0.0,,,,,0.0,45,2026-04-13 23:00:00-07:00,2026-05-28 23:00:00-07:00,2026-06-05,0.0,6.173542605605604,6.173542605605604,0,1,192.731983,158.646916,238.73527114285713,,,,,,,,,,,,,,,,,-6.173542605605604,-7.588512121136176,-7.588512121136176,-7.588512121136176,-7.304053135082512,-7.304053135082512
2026-06-10 14:00:00-07:00,origin_20,2026-05-29 00:00:00-07:00,2026,5,303,13,Days8to16,Summer,6,14,195.660733,94.7,98.2,0.63,19.658598544467928,0.0,0.0,215.43115245926123,218.06808471679688,214.81877362877782,215.64005283358213,216.11605679846963,216.78298062232338,216.70959991308624,216.70959991308624,216.49207194125057,198.37207194125057,214.37207194125057,198.37207194125057,1,-16.0,june_recent_98_100_low_loss_midday_backoff+june_98_100_mixed_high_state_morning_midday_backoff,198.37207194125057,198.37207194125057,operational_residual_hot_peak_only_v1,0,hot_peak_only,198.37207194125057,0.0,198.37207194125057,0,global_shadow_only,origin_available_shadow,-2.711338941250574,2.711338941250574,0.0,-0.745067153633805,197.62700478761676,1,global,-1.966271787616762,1.966271787616762,-0.745067153633812,-19.770419459261234,-22.40735171679688,-19.158040628777826,-19.97931983358214,-2.711338941250574,-18.711338941250574,-2.711338941250574,-2.711338941250574,2.711338941250574,0.6849043392084013,0.6669238238537503,-0.07338070923714213,0.0,-0.21752797183566486,-18.120000000000005,-16.0,-17.05908051801066,Final_Backtest_Forecast_MWH,days8plus_final_low_confidence+long_horizon_peak_month_correction,raw_bias+solar_cloud_midday,event_class_hour_loss+hour_cloud_loss+hour_base_loss+hour_loss+hour_cloud,none,recent_mean+last24_mean+same_hour+hourgroup+global+cloud_hourgroup+solar_hourgroup+solar_loss_hourgroup,3.0,7,213.0746852857143,236.854926,49,247.39968908163266,281.792576,-17.413952285714316,Midday,2,0,0,0,5.0,1.1525272440424363,0.15,9.1,0.0,178.09680447403775,185.3264479131846,-19.770419459261234,19.770419459261234,10.10443902367535,Spring,0.9017650954495244,-0.21686075624110998,0.6849043392084144,3.0,Mostly Cloudy,4.0,None,0.6669238238537403,weighted_fallback,global+hour,216.49207194125057,0.0,216.78298062232338,none,170+,solar_loss_general,0.7,-0.07338070923713419,-0.07338070923713419,0.0,-0.21752797183565586,0.0,,,ar_disabled_or_empty,0.0,,,origin_day_disabled_or_empty,216.70959991308624,-2.12,0.0,30.10470454607662,37.334347985223474,1.385734837889304,5.0,High,,,,,,,,,,,,,,,,,0.0,none,0.0,0.0,0.0,,,0.0,,,0.0,0.0,none,,,operational_residual_hot_peak_only_v1,0.0,hot_peak_only,,0.0,,0.0,invalid_base_forecast,weather_realism_origin_available_shadow,,,,0.0,,0.0,invalid_base_forecast,,,,,,,,,,0.0,,,,,0.0,45,2026-04-13 23:00:00-07:00,2026-05-28 23:00:00-07:00,2026-06-10,0.0,19.770419459261234,19.770419459261234,0,1,115.556416,191.484675,160.40955342857143,,,,,,,,,,,,,,,,,-20.455323798469635,-21.122247622323385,-21.048866913086243,-21.048866913086243,-20.83133894125058,-2.711338941250574
2026-06-10 15:00:00-07:00,origin_20,2026-05-29 00:00:00-07:00,2026,5,304,13,Days8to16,Summer,6,15,217.473791,96.8,98.2,0.33,16.725961285067065,0.0,0.0,234.0651154589953,232.823974609375,234.70053619838788,233.4212088255556,234.96688055444483,235.57429042223544,235.57429042223544,235.57429042223544,235.4321045949207,217.3121045949207,233.3121045949207,217.3121045949207,1,-16.0,june_recent_98_100_low_loss_midday_backoff+june_98_100_mixed_high_state_morning_midday_backoff,217.3121045949207,217.3121045949207,operational_residual_hot_peak_only_v1,0,hot_peak_only,217.3121045949207,0.0,217.3121045949207,0,global_shadow_only,origin_available_shadow,0.16168640507930832,0.16168640507930832,0.0,-0.8093744648869243,216.50273013003377,1,global,0.9710608699662373,0.9710608699662373,0.809374464886929,-16.591324458995302,-15.350183609374994,-17.226745198387874,-15.94741782555559,0.16168640507930832,-15.838313594920692,0.16168640507930832,0.16168640507930832,0.16168640507930832,0.9017650954495195,0.6074098677906079,0.0,0.0,-0.14218582731473361,-18.120000000000005,-16.0,-16.75301086407461,Final_Backtest_Forecast_MWH,days8plus_final_low_confidence+long_horizon_peak_month_correction,raw_bias,none,none,recent_mean+last24_mean+same_hour+hourgroup+global+solar_hourgroup+solar_loss_hourgroup,3.0,7,234.12113871428573,257.1663796,49,247.39968908163266,281.792576,-16.64734771428573,Midday,2,0,0,0,5.0,1.3306890630559727,0.14,9.0,0.0,191.4897273639618,200.99258006491505,-16.591324458995302,16.591324458995302,7.629114470623866,Spring,0.9017650954495244,0.0,0.9017650954495244,1.0,Some Clouds,4.0,None,0.607409867790612,weighted_fallback,global+hour,235.4321045949207,0.0,235.57429042223544,none,170+,other,0.7,0.0,0.0,0.0,-0.14218582731473467,0.0,,,ar_disabled_or_empty,0.0,,,origin_day_disabled_or_empty,235.57429042223544,-2.12,0.0,33.07253539408026,42.5753880950335,0.07434753601150416,5.0,Medium-High,,,,,,,,,,,,,,,,,0.0,none,0.0,0.0,0.0,,,0.0,,,0.0,0.0,none,,,operational_residual_hot_peak_only_v1,0.0,hot_peak_only,,0.0,,0.0,invalid_base_forecast,weather_realism_origin_available_shadow,,,,0.0,,0.0,invalid_base_forecast,,,,,,,,,,0.0,,,,,0.0,45,2026-04-13 23:00:00-07:00,2026-05-28 23:00:00-07:00,2026-06-10,0.0,16.591324458995302,16.591324458995302,0,1,110.0683,199.907133,173.357751,,,,,,,,,,,,,,,,,-17.493089554444822,-18.10049942223543,-18.10049942223543,-18.10049942223543,-17.958313594920696,0.16168640507930832
2026-06-10 16:00:00-07:00,origin_20,2026-05-29 00:00:00-07:00,2026,5,305,13,Days8to16,Summer,6,16,236.995258,98.2,98.2,0.03,11.56827523212666,0.0,0.0,250.94514191672224,250.18167114257812,249.1312853061407,254.01362252596294,250.94514191672224,251.50503316493783,251.50503316493783,251.50503316493783,251.29954056266564,245.17954056266564,249.17954056266564,245.17954056266564,1,-4.0,june_recent_clear_98_100_peak_backoff,245.17954056266564,245.17954056266564,operational_residual_hot_peak_only_v1,0,hot_peak_only,245.17954056266564,0.0,245.17954056266564,0,hot_peak_low_forecast_gate_blocked,origin_available_shadow,-8.18428256266563,8.18428256266563,0.0,0.0,245.17954056266564,0,hot_peak_low_forecast_gate_blocked,-8.18428256266563,8.18428256266563,0.0,-13.949883916722229,-13.186413142578118,-12.136027306140704,-17.018364525962937,-8.18428256266563,-12.18428256266563,-8.18428256266563,-8.18428256266563,8.18428256266563,0.0,0.5598912482155924,0.0,0.0,-0.20549260227218724,-6.1200000000000045,-4.0,-5.765601354056599,Final_Backtest_Forecast_MWH,days8plus_final_low_confidence+long_horizon_peak_month_correction,raw_bias,none,none,recent_mean+last24_mean+same_hour+hourgroup+global+cloud_hourgroup+solar_loss_hourgroup,3.0,7,253.26296257142857,277.145126,49,247.39968908163266,281.792576,-16.267704571428567,Peak,2,0,0,1,5.0,1.35,0.13,9.2,0.0,204.35103202820915,215.91308425532367,-13.949883916722229,13.949883916722229,5.8861447416480495,Spring,0.0,0.0,0.0,0.0,Clear/Low,3.0,None,0.5598912482155957,weighted_fallback,global+hour,251.29954056266564,0.0,251.50503316493783,none,170+,other,0.7,0.0,0.0,0.0,-0.20549260227218646,0.0,,,ar_disabled_or_empty,0.0,,,origin_day_disabled_or_empty,251.50503316493783,-2.12,0.0,35.03205766139857,46.59410988851309,3.453352877915232,5.0,Medium-High,,,,,,,,,,,,,,,,,0.0,none,0.0,0.0,0.0,,,0.0,,,0.0,0.0,none,,,operational_residual_hot_peak_only_v1,0.0,hot_peak_only,,0.0,,0.0,invalid_base_forecast,weather_realism_origin_available_shadow,,,,0.0,,0.0,invalid_base_forecast,,,,,,,,,,0.0,,,,,0.0,45,2026-04-13 23:00:00-07:00,2026-05-28 23:00:00-07:00,2026-06-10,0.0,13.949883916722229,13.949883916722229,0,1,109.933208,199.907133,184.85655685714283,,,,,,,,,,,,,,,,,-13.949883916722229,-14.509775164937821,-14.509775164937821,-14.509775164937821,-14.304282562665634,-8.18428256266563
2026-06-10 17:00:00-07:00,origin_20,2026-05-29 00:00:00-07:00,2026,5,306,13,Days8to16,Summer,6,17,252.155283,96.3,98.2,0.0,6.010192212810291,0.0,0.0,261.88015813933174,256.49456787109375,263.1545069855523,261.41635002905304,261.88015813933174,262.71761207858725,262.71761207858725,262.71761207858725,262.4294223142231,256.30942231422307,260.30942231422307,256.30942231422307,1,-4.0,june_recent_clear_98_100_peak_backoff,256.30942231422307,256.30942231422307,operational_residual_hot_peak_only_v1,0,hot_peak_only,256.30942231422307,0.0,256.30942231422307,0,hot_peak_low_forecast_gate_blocked,origin_available_shadow,-4.154139314223073,4.154139314223073,0.0,0.0,256.30942231422307,0,hot_peak_low_forecast_gate_blocked,-4.154139314223073,4.154139314223073,0.0,-9.724875139331743,-4.339284871093753,-10.999223985552305,-9.261067029053038,-4.154139314223073,-8.154139314223073,-4.154139314223073,-4.154139314223073,4.154139314223073,0.0,0.8374539392555107,0.0,0.0,-0.2881897643641764,-6.1200000000000045,-4.0,-5.57073582510867,Final_Backtest_Forecast_MWH,days8plus_final_low_confidence+long_horizon_peak_month_correction,raw_bias,none,none,recent_mean+last24_mean+same_hour+hourgroup+global+cloud_hourgroup+solar_hourgroup+solar_loss_hourgroup,3.0,7,265.283983,289.457408,49,247.39968908163266,281.792576,-13.12869999999998,Peak,2,0,0,1,5.0,1.35,0.14,9.9,0.0,213.8324202525141,226.4503315931417,-9.724875139331743,9.724875139331743,3.8567009279483324,Spring,0.0,0.0,0.0,0.0,Clear/Low,2.0,None,0.8374539392555158,weighted_fallback,global+hour,262.4294223142231,0.0,262.71761207858725,none,170+,other,0.7,0.0,0.0,0.0,-0.28818976436417154,0.0,,,ar_disabled_or_empty,0.0,,,origin_day_disabled_or_empty,262.71761207858725,-2.12,0.0,35.42982654619004,48.04773788681763,1.647452817485911,5.0,Medium-Low,,,,,,,,,,,,,,,,,0.0,none,0.0,0.0,0.0,,,0.0,,,0.0,0.0,none,,,operational_residual_hot_peak_only_v1,0.0,hot_peak_only,,0.0,,0.0,invalid_base_forecast,weather_realism_origin_available_shadow,,,,0.0,,0.0,invalid_base_forecast,,,,,,,,,,0.0,,,,,0.0,45,2026-04-13 23:00:00-07:00,2026-05-28 23:00:00-07:00,2026-06-10,0.0,9.724875139331743,9.724875139331743,0,1,111.175875,197.5873,193.94912471428572,,,,,,,,,,,,,,,,,-9.724875139331743,-10.562329078587254,-10.562329078587254,-10.562329078587254,-10.274139314223078,-4.154139314223073
2026-06-10 18:00:00-07:00,origin_20,2026-05-29 00:00:00-07:00,2026,5,307,13,Days8to16,Summer,6,18,257.298966,95.3,98.2,0.0,2.5982956510223008,0.0,0.0,266.4446931062692,264.64508056640625,266.81697461647383,266.3738543159085,266.4446931062692,267.3200500036988,267.3200500036988,267.3200500036988,266.9410844147517,260.8210844147517,264.8210844147517,260.8210844147517,1,-4.0,june_recent_clear_98_100_peak_backoff,260.8210844147517,260.8210844147517,operational_residual_hot_peak_only_v1,0,hot_peak_only,260.8210844147517,0.0,260.8210844147517,0,hot_peak_low_forecast_gate_blocked,origin_available_shadow,-3.5221184147516738,3.5221184147516738,0.0,0.0,260.8210844147517,0,hot_peak_low_forecast_gate_blocked,-3.5221184147516738,3.5221184147516738,0.0,-9.145727106269192,-7.346114566406243,-9.518008616473821,-9.074888315908481,-3.5221184147516738,-7.522118414751674,-3.5221184147516738,-3.5221184147516738,3.5221184147516738,0.0,0.8753568974295831,0.0,0.0,-0.3789655889470964,-6.1200000000000045,-4.0,-5.623608691517518,Final_Backtest_Forecast_MWH,days8plus_final_low_confidence+long_horizon_peak_month_correction,raw_bias,none,none,recent_mean+last24_mean+same_hour+hourgroup+global+cloud_hourgroup+solar_hourgroup+solar_loss_hourgroup,3.0,7,267.2262448571429,289.572791,49,247.39968908163266,281.792576,-9.92727885714288,Peak,2,0,0,1,5.0,1.35,0.15,10.1,0.0,216.6967087475299,230.15123795627125,-9.145727106269192,9.145727106269192,3.5545137426899696,Spring,0.0,0.0,0.0,0.0,Clear/Low,1.0,None,0.8753568974295981,weighted_fallback,global+hour,266.9410844147517,0.0,267.3200500036988,none,170+,other,0.7,0.0,0.0,0.0,-0.3789655889471116,0.0,,,ar_disabled_or_empty,0.0,,,origin_day_disabled_or_empty,267.3200500036988,-2.12,0.0,36.29345514999795,49.7479843587393,1.368881682467264,5.0,Medium-Low,,,,,,,,,,,,,,,,,0.0,none,0.0,0.0,0.0,,,0.0,,,0.0,0.0,none,,,operational_residual_hot_peak_only_v1,0.0,hot_peak_only,,0.0,,0.0,invalid_base_forecast,weather_realism_origin_available_shadow,,,,0.0,,0.0,invalid_base_forecast,,,,,,,,,,0.0,,,,,0.0,45,2026-04-13 23:00:00-07:00,2026-05-28 23:00:00-07:00,2026-06-10,0.0,9.145727106269192,9.145727106269192,0,1,115.221058,193.079966,204.9198255714286,,,,,,,,,,,,,,,,,-9.145727106269192,-10.021084003698775,-10.021084003698775,-10.021084003698775,-9.642118414751678,-3.5221184147516738
2026-06-10 19:00:00-07:00,origin_20,2026-05-29 00:00:00-07:00,2026,5,308,13,Days8to16,Summer,6,19,253.397125,93.7,98.2,0.0,0.6123774549772046,0.0,0.0,261.1832094997466,261.10101318359375,263.2752782532917,257.91915754879096,261.1832094997466,262.2001484790867,262.2001484790867,262.2001484790867,261.8099830939976,261.8099830939976,261.8099830939976,261.8099830939976,0,0.0,none,261.8099830939976,261.8099830939976,operational_residual_hot_peak_only_v1,0,hot_peak_only,261.8099830939976,0.0,261.8099830939976,0,hot_peak_low_forecast_gate_blocked,origin_available_shadow,-8.412858093997585,8.412858093997585,0.0,0.0,261.8099830939976,0,hot_peak_low_forecast_gate_blocked,-8.412858093997585,8.412858093997585,0.0,-7.786084499746636,-7.703888183593762,-9.878153253291686,-4.522032548790975,-8.412858093997585,-8.412858093997585,-8.412858093997585,-8.412858093997585,8.412858093997585,0.0,1.0169389793400683,0.0,0.0,-0.39016538508911935,0.0,0.0,0.6267735942509489,Final_Backtest_Forecast_MWH,days8plus_final_low_confidence,raw_bias,none,none,recent_mean+last24_mean+same_hour+hourgroup+global+cloud_hourgroup+solar_hourgroup+solar_loss_hourgroup,3.0,7,258.153507,280.4559464,49,247.39968908163266,281.792576,-4.756382000000002,Peak,2,0,0,1,5.0,0.0,0.17,9.2,0.0,210.83744753762159,224.50834423809724,-7.786084499746636,7.786084499746636,3.0726806784988727,Spring,0.0,0.0,0.0,0.0,Clear/Low,0.0,None,1.016938979340065,weighted_fallback,global+hour,261.8099830939976,0.0,262.2001484790867,none,170+,other,1.0,0.0,0.0,0.0,-0.3901653850891425,0.0,,,ar_disabled_or_empty,0.0,,,origin_day_disabled_or_empty,262.2001484790867,0.0,0.0,36.67486526164939,50.34576196212504,3.320029023217049,5.0,Low,,,,,,,,,,,,,,,,,0.0,none,0.0,0.0,0.0,,,0.0,,,0.0,0.0,none,,,operational_residual_hot_peak_only_v1,0.0,hot_peak_only,,0.0,,0.0,invalid_base_forecast,weather_realism_origin_available_shadow,,,,0.0,,0.0,invalid_base_forecast,,,,,,,,,,0.0,,,,,0.0,45,2026-04-13 23:00:00-07:00,2026-05-28 23:00:00-07:00,2026-06-10,0.0,7.786084499746636,7.786084499746636,0,1,123.525166,193.079966,193.8686507142857,,,,,,,,,,,,,,,,,-7.786084499746636,-8.803023479086704,-8.803023479086704,-8.803023479086704,-8.412858093997585,-8.412858093997585
2026-06-10 20:00:00-07:00,origin_20,2026-05-29 00:00:00-07:00,2026,5,309,13,Days8to16,Summer,6,20,242.21065,90.3,98.2,0.0,0.1141633048345623,0.0,0.0,249.9904582257853,248.40321350097656,252.16721326093193,247.02334166335737,249.9904582257853,251.40542774131586,251.40542774131586,251.40542774131586,251.09731082210504,251.09731082210504,251.09731082210504,251.09731082210504,0,0.0,none,251.09731082210504,251.09731082210504,operational_residual_hot_peak_only_v1,0,hot_peak_only,251.09731082210504,0.0,251.09731082210504,0,global_shadow_only,origin_available_shadow,-8.886660822105057,8.886660822105057,0.0,0.1305214449842116,251.22783226708927,1,global,-9.017182267089282,9.017182267089282,0.13052144498422535,-7.7798082257853025,-6.192563500976576,-9.956563260931944,-4.812691663357384,-8.886660822105057,-8.886660822105057,-8.886660822105057,-8.886660822105057,8.886660822105057,0.0,1.4149695155305722,0.0,0.0,-0.30811691921081774,0.0,0.0,1.1068525963197544,Final_Backtest_Forecast_MWH,days8plus_final_low_confidence,raw_bias,none,none,recent_mean+last24_mean+same_hour+hourgroup+global+cloud_hourgroup+solar_hourgroup+solar_loss_hourgroup,3.0,7,240.67530214285713,262.3979832,49,247.39968908163266,281.792576,1.5353478571428525,Peak,2,0,0,1,5.0,0.0,0.21,6.6,0.0,202.97692749888097,216.37041331789072,-7.7798082257853025,7.7798082257853025,3.2120008867427186,Spring,0.0,0.0,0.0,0.0,Clear/Low,0.0,None,1.414969515530577,weighted_fallback,global+hour,251.09731082210504,0.0,251.40542774131586,none,170+,other,1.0,0.0,0.0,0.0,-0.30811691921082024,0.0,,,ar_disabled_or_empty,0.0,,,origin_day_disabled_or_empty,251.40542774131586,0.0,0.0,33.62004490789457,47.01353072690432,3.6689802129283153,5.0,Low,,,,,,,,,,,,,,,,,0.0,none,0.0,0.0,0.0,,,0.0,,,0.0,0.0,none,,,operational_residual_hot_peak_only_v1,0.0,hot_peak_only,,0.0,,0.0,invalid_base_forecast,weather_realism_origin_available_shadow,,,,0.0,,0.0,invalid_base_forecast,,,,,,,,,,0.0,,,,,0.0,45,2026-04-13 23:00:00-07:00,2026-05-28 23:00:00-07:00,2026-06-10,0.0,7.7798082257853025,7.7798082257853025,0,1,130.8272,183.008183,188.66471385714289,,,,,,,,,,,,,,,,,-7.7798082257853025,-9.194777741315875,-9.194777741315875,-9.194777741315875,-8.886660822105057,-8.886660822105057
2026-06-11 14:00:00-07:00,origin_20,2026-05-29 00:00:00-07:00,2026,5,327,14,Days8to16,Summer,6,14,242.198091,96.7,100.1,0.0,17.379327069200027,0.6393862186306585,0.0,247.6002091882777,247.50726318359375,247.74627433519527,247.39723424445984,249.06146950811865,249.7283933319724,249.7283933319724,249.7283933319724,249.55862962984554,247.43862962984554,247.43862962984554,247.43862962984554,0,0.0,none,247.43862962984554,247.43862962984554,operational_residual_hot_peak_only_v1,0,hot_peak_only,247.43862962984554,0.0,247.43862962984554,0,global_shadow_only,origin_available_shadow,-5.240538629845531,5.240538629845531,0.0,-0.6005272612586277,246.8381023685869,1,global,-4.640011368586897,4.640011368586897,-0.6005272612586339,-5.402118188277683,-5.309172183593745,-5.548183335195262,-5.199143244459833,-5.240538629845531,-5.240538629845531,-5.240538629845531,-5.240538629845531,5.240538629845531,1.4612603198409602,0.6669238238537503,0.0,0.0,-0.16976370212685765,-2.1200000000000045,0.0,-0.16157955843215177,Final_Backtest_Forecast_MWH,days8plus_final_low_confidence+long_horizon_peak_month_correction,raw_bias,none,none,recent_mean+last24_mean+same_hour+hourgroup+global+cloud_hourgroup+solar_hourgroup+solar_loss_hourgroup,3.0,6,226.02657050000002,247.039808,42,257.9215899285714,286.7712877,16.171520499999986,Midday,3,0,0,0,6.0,1.1530600332870506,0.16,3.9,0.0,215.43115245926123,188.2977518617845,-5.402118188277683,5.402118188277683,2.2304544870577376,Spring,1.4612603198409464,0.0,1.4612603198409464,0.0,Clear/Low,4.0,Medium,0.6669238238537403,weighted_fallback,global+hour,249.55862962984554,0.0,249.7283933319724,none,170+,other,0.7,0.0,0.0,0.0,-0.16976370212686137,0.0,,,ar_disabled_or_empty,0.0,,,origin_day_disabled_or_empty,249.7283933319724,-2.12,0.0,59.3024573264932,32.16905672901646,2.163740683590083,6.0,Medium-High,,,,,,,,,,,,,,,,,0.0,none,0.0,0.0,0.0,,,0.0,,,0.0,0.0,none,,,operational_residual_hot_peak_only_v1,0.0,hot_peak_only,,0.0,,0.0,invalid_base_forecast,weather_realism_origin_available_shadow,,,,0.0,,0.0,invalid_base_forecast,,,,,,,,,,0.0,,,,,0.0,45,2026-04-13 23:00:00-07:00,2026-05-28 23:00:00-07:00,2026-06-11,0.0,5.402118188277683,5.402118188277683,0,1,130.280758,123.90315,186.11251042857143,,,,,,,,,,,,,,,,,-6.863378508118643,-7.530302331972393,-7.530302331972393,-7.530302331972393,-7.360538629845536,-5.240538629845531
2026-06-11 15:00:00-07:00,origin_20,2026-05-29 00:00:00-07:00,2026,5,328,14,Days8to16,Summer,6,15,263.335733,98.9,100.1,0.0,14.237978240655575,0.0,0.0,265.99969378424765,266.6246032714844,265.6798764402737,266.32371832842483,267.4609541040886,268.06836397187925,268.06836397187925,268.06836397187925,267.92595181790546,273.80595181790545,265.80595181790545,273.80595181790545,1,8.0,june_long_hot_100_105_peak_ramp_up,273.80595181790545,273.80595181790545,operational_residual_hot_peak_only_v1,0,hot_peak_only,273.80595181790545,0.0,273.80595181790545,0,global_shadow_only,origin_available_shadow,-10.470218817905447,10.470218817905447,0.0,-0.16808113473480105,273.63787068317066,1,global,-10.302137683170656,10.302137683170656,-0.16808113473479125,-2.6639607842476494,-3.2888702714843703,-2.344143440273683,-2.987985328424827,-10.470218817905447,-2.4702188179054474,-10.470218817905447,-10.470218817905447,10.470218817905447,1.4612603198409602,0.6074098677906363,0.0,0.0,-0.14241215397379392,5.8799999999999955,8.0,7.806258033657798,Final_Backtest_Forecast_MWH,days8plus_final_low_confidence+long_horizon_peak_month_correction,raw_bias,none,none,recent_mean+last24_mean+same_hour+hourgroup+global+cloud_hourgroup+solar_hourgroup+solar_loss_hourgroup,3.0,6,246.6033065,267.7399375,42,257.9215899285714,286.7712877,16.732426500000003,Midday,3,0,0,0,6.0,1.3384748171617815,0.15,4.0,0.0,234.0651154589953,203.73024311533396,-2.6639607842476494,2.6639607842476494,1.0116214590017867,Spring,1.4612603198409464,0.0,1.4612603198409464,0.0,Clear/Low,3.0,None,0.607409867790612,weighted_fallback,global+hour,267.92595181790546,0.0,268.06836397187925,none,170+,other,0.7,0.0,0.0,0.0,-0.14241215397381324,0.0,,,ar_disabled_or_empty,0.0,,,origin_day_disabled_or_empty,268.06836397187925,-2.12,0.0,62.26945066891369,31.934578325252346,3.9759962306009746,6.0,Medium-High,,,,,,,,,,,,,,,,,0.0,none,0.0,0.0,0.0,,,0.0,,,0.0,0.0,none,,,operational_residual_hot_peak_only_v1,0.0,hot_peak_only,,0.0,,0.0,invalid_base_forecast,weather_realism_origin_available_shadow,,,,0.0,,0.0,invalid_base_forecast,,,,,,,,,,0.0,,,,,0.0,45,2026-04-13 23:00:00-07:00,2026-05-28 23:00:00-07:00,2026-06-11,0.0,2.6639607842476494,2.6639607842476494,0,1,122.384008,133.677975,190.84348414285714,,,,,,,,,,,,,,,,,-4.1252211040886095,-4.732630971879246,-4.732630971879246,-4.732630971879246,-4.590218817905452,-10.470218817905447
2026-06-11 16:00:00-07:00,origin_20,2026-05-29 00:00:00-07:00,2026,5,329,14,Days8to16,Summer,6,16,281.60275,100.1,100.1,0.0,9.256953283197172,0.0,0.0,285.29759821791276,280.6231384277344,284.50956463788305,287.8714966408675,285.29759821791276,285.85748946612836,285.85748946612836,285.85748946612836,285.6495667402722,288.0295667402722,283.5295667402722,288.0295667402722,1,4.5,june_recent_100_105_hot_evening_lift+june_long_hot_100_105_peak_finish_up,288.0295667402722,288.0295667402722,operational_residual_hot_peak_only_v1,0,hot_peak_only,288.0295667402722,0.0,288.0295667402722,0,hot_peak_low_forecast_gate_blocked,origin_available_shadow,-6.426816740272159,6.426816740272159,0.0,0.0,288.0295667402722,0,hot_peak_low_forecast_gate_blocked,-6.426816740272159,6.426816740272159,0.0,-3.6948482179127495,0.9796115722656396,-2.9068146378830306,-6.268746640867505,-6.426816740272159,-1.9268167402721588,-6.426816740272159,-6.426816740272159,6.426816740272159,0.0,0.5598912482155924,0.0,0.0,-0.20792272585617866,2.3799999999999955,4.5,2.7319685223594092,Final_Backtest_Forecast_MWH,days8plus_final_low_confidence+long_horizon_peak_month_correction,raw_bias,none,none,recent_mean+last24_mean+same_hour+hourgroup+global+cloud_hourgroup+solar_hourgroup+solar_loss_hourgroup,3.0,6,264.22042716666664,283.7433285,42,257.9215899285714,286.7712877,17.382322833333376,Peak,3,0,0,1,6.0,1.35,0.14,3.3,0.0,250.94514191672224,218.17225017084934,-3.6948482179127495,3.6948482179127495,1.3120781732112876,Spring,0.0,0.0,0.0,0.0,Clear/Low,2.0,None,0.5598912482155957,weighted_fallback,global+hour,285.6495667402722,0.0,285.85748946612836,none,170+,other,0.7,0.0,0.0,0.0,-0.20792272585617907,0.0,,,ar_disabled_or_empty,0.0,,,origin_day_disabled_or_empty,285.85748946612836,-2.12,0.0,67.12534804706343,34.35245630119053,2.2822279754981647,6.0,Medium-Low,,,,,,,,,,,,,,,,,0.0,none,0.0,0.0,0.0,,,0.0,,,0.0,0.0,none,,,operational_residual_hot_peak_only_v1,0.0,hot_peak_only,,0.0,,0.0,invalid_base_forecast,weather_realism_origin_available_shadow,,,,0.0,,0.0,invalid_base_forecast,,,,,,,,,,0.0,,,,,0.0,45,2026-04-13 23:00:00-07:00,2026-05-28 23:00:00-07:00,2026-06-11,0.0,3.6948482179127495,3.6948482179127495,0,1,119.573525,133.677975,202.39479742857142,,,,,,,,,,,,,,,,,-3.6948482179127495,-4.254739466128342,-4.254739466128342,-4.254739466128342,-4.046816740272163,-6.426816740272159
2026-06-11 17:00:00-07:00,origin_20,2026-05-29 00:00:00-07:00,2026,5,330,14,Days8to16,Summer,6,17,294.642141,99.2,100.1,0.0,4.8952850452081735,0.0,0.0,294.5634252742917,292.93841552734375,294.27873883229705,295.4750781822685,294.5634252742917,295.4008792135472,295.4008792135472,295.4008792135472,295.11268944918305,297.49268944918305,292.99268944918305,297.49268944918305,1,4.5,june_recent_100_105_hot_evening_lift+june_long_hot_100_105_peak_finish_up,297.49268944918305,297.49268944918305,operational_residual_hot_peak_only_v1,0,hot_peak_only,297.49268944918305,0.0,297.49268944918305,0,hot_peak_low_forecast_gate_blocked,origin_available_shadow,-2.8505484491830657,2.8505484491830657,0.0,0.0,297.49268944918305,0,hot_peak_low_forecast_gate_blocked,-2.8505484491830657,2.8505484491830657,0.0,0.07871572570826402,1.703725472656231,0.36340216770292955,-0.8329371822684948,-2.8505484491830657,1.6494515508169343,-2.8505484491830657,-2.8505484491830657,2.8505484491830657,0.0,0.8374539392555107,0.0,0.0,-0.2881897643641764,2.3799999999999955,4.5,2.9292641748913297,Final_Backtest_Forecast_MWH,days8plus_final_low_confidence+long_horizon_peak_month_correction,raw_bias,none,none,recent_mean+last24_mean+same_hour+hourgroup+global+cloud_hourgroup+solar_hourgroup+solar_loss_hourgroup,3.0,6,275.4988608333333,294.47982049999996,42,257.9215899285714,286.7712877,19.14328016666667,Peak,3,0,0,1,6.0,1.35,0.14,4.0,0.0,261.88015813933174,228.23836676391485,0.07871572570826402,0.07871572570826402,0.02671570517411629,Spring,0.0,0.0,0.0,0.0,Clear/Low,1.0,None,0.8374539392555158,weighted_fallback,global+hour,295.11268944918305,0.0,295.4008792135472,none,170+,other,0.7,0.0,0.0,0.0,-0.28818976436417154,0.0,,,ar_disabled_or_empty,0.0,,,origin_day_disabled_or_empty,295.4008792135472,-2.12,0.0,66.32505851037686,32.683267134959976,0.9674612190599938,6.0,Medium-Low,,,,,,,,,,,,,,,,,0.0,none,0.0,0.0,0.0,,,0.0,,,0.0,0.0,none,,,operational_residual_hot_peak_only_v1,0.0,hot_peak_only,,0.0,,0.0,invalid_base_forecast,weather_realism_origin_available_shadow,,,,0.0,,0.0,invalid_base_forecast,,,,,,,,,,0.0,,,,,0.0,45,2026-04-13 23:00:00-07:00,2026-05-28 23:00:00-07:00,2026-06-11,0.07871572570826402,0.0,-0.07871572570826402,1,0,120.268916,133.512866,211.2835841428571,,,,,,,,,,,,,,,,,0.07871572570826402,-0.7587382135472467,-0.7587382135472467,-0.7587382135472467,-0.47054844918307026,-2.8505484491830657
2026-06-11 18:00:00-07:00,origin_20,2026-05-29 00:00:00-07:00,2026,5,331,14,Days8to16,Summer,6,18,296.756358,98.7,100.1,0.0,2.3058270473486204,0.0,0.0,296.9103909749466,295.6814880371094,296.4468688068916,297.989898078415,296.9103909749466,297.7857478723762,297.7857478723762,297.7857478723762,297.4067822834291,299.7867822834291,295.2867822834291,299.7867822834291,1,4.5,june_recent_100_105_hot_evening_lift+june_long_hot_100_105_peak_finish_up,299.7867822834291,299.7867822834291,operational_residual_hot_peak_only_v1,0,hot_peak_only,299.7867822834291,0.0,299.7867822834291,0,hot_peak_low_forecast_gate_blocked,origin_available_shadow,-3.030424283429113,3.030424283429113,0.0,0.0,299.7867822834291,0,hot_peak_low_forecast_gate_blocked,-3.030424283429113,3.030424283429113,0.0,-0.15403297494663093,1.0748699628906024,0.30948919310839074,-1.2335400784150465,-3.030424283429113,1.469575716570887,-3.030424283429113,-3.030424283429113,3.030424283429113,0.0,0.8753568974295831,0.0,0.0,-0.3789655889470964,2.3799999999999955,4.5,2.876391308482482,Final_Backtest_Forecast_MWH,days8plus_final_low_confidence+long_horizon_peak_month_correction,raw_bias,none,none,recent_mean+last24_mean+same_hour+hourgroup+global+cloud_hourgroup+solar_hourgroup+solar_loss_hourgroup,3.0,6,276.73095100000006,293.8857995,42,257.9215899285714,286.7712877,20.025406999999916,Peak,3,0,0,1,6.0,1.35,0.14,4.3,0.0,266.4446931062692,231.7385301374233,-0.15403297494663093,0.15403297494663093,0.0519055348922401,Spring,0.0,0.0,0.0,0.0,Clear/Low,1.0,None,0.8753568974295981,weighted_fallback,global+hour,297.4067822834291,0.0,297.7857478723762,none,170+,other,0.7,0.0,0.0,0.0,-0.3789655889471116,0.0,,,ar_disabled_or_empty,0.0,,,origin_day_disabled_or_empty,297.7857478723762,-2.12,0.0,65.1718608375233,30.46569786867741,1.0211825970141852,6.0,Medium-Low,,,,,,,,,,,,,,,,,0.0,none,0.0,0.0,0.0,,,0.0,,,0.0,0.0,none,,,operational_residual_hot_peak_only_v1,0.0,hot_peak_only,,0.0,,0.0,invalid_base_forecast,weather_realism_origin_available_shadow,,,,0.0,,0.0,invalid_base_forecast,,,,,,,,,,0.0,,,,,0.0,45,2026-04-13 23:00:00-07:00,2026-05-28 23:00:00-07:00,2026-06-11,0.0,0.15403297494663093,0.15403297494663093,0,1,125.104508,137.621025,213.11865885714286,,,,,,,,,,,,,,,,,-0.15403297494663093,-1.029389872376214,-1.029389872376214,-1.029389872376214,-0.6504242834291176,-3.030424283429113
2026-06-11 19:00:00-07:00,origin_20,2026-05-29 00:00:00-07:00,2026,5,332,14,Days8to16,Summer,6,19,291.356483,97.1,100.1,0.01,0.5056966994736776,0.0,0.0,289.7135357090023,290.6759033203125,292.4475856917652,285.14220927571483,289.7135357090023,290.7304746883424,290.7304746883424,290.7304746883424,290.34030930325326,293.34030930325326,290.34030930325326,293.34030930325326,1,3.0,june_recent_100_105_hot_evening_lift,293.34030930325326,293.34030930325326,operational_residual_hot_peak_only_v1,0,hot_peak_only,293.34030930325326,0.0,293.34030930325326,0,hot_peak_low_forecast_gate_blocked,origin_available_shadow,-1.9838263032532382,1.9838263032532382,0.0,0.0,293.34030930325326,0,hot_peak_low_forecast_gate_blocked,-1.9838263032532382,1.9838263032532382,0.0,1.6429472909977108,0.6805796796875256,-1.0911026917651725,6.214273724285192,-1.9838263032532382,1.0161736967467618,-1.9838263032532382,-1.9838263032532382,1.9838263032532382,0.0,1.0169389793400683,0.0,0.0,-0.39016538508911935,3.0,3.0,3.626773594250949,Final_Backtest_Forecast_MWH,days8plus_final_low_confidence,raw_bias,none,none,recent_mean+last24_mean+same_hour+hourgroup+global+cloud_hourgroup+solar_hourgroup+solar_loss_hourgroup,3.0,6,267.02531500000003,282.0004035,42,257.9215899285714,286.7712877,24.33116799999999,Peak,3,0,0,1,6.0,0.0,0.15,4.4,0.0,261.1832094997466,225.83866702857424,1.6429472909977108,1.6429472909977108,0.5638959099453815,Spring,0.0,0.0,0.0,0.0,Clear/Low,0.0,None,1.016938979340065,weighted_fallback,global+hour,290.34030930325326,0.0,290.7304746883424,none,170+,other,1.0,0.0,0.0,0.0,-0.3901653850891425,0.0,,,ar_disabled_or_empty,0.0,,,origin_day_disabled_or_empty,290.7304746883424,0.0,0.0,63.87486868042808,28.53032620925569,0.6808931391628714,6.0,Low,,,,,,,,,,,,,,,,,0.0,none,0.0,0.0,0.0,,,0.0,,,0.0,0.0,none,,,operational_residual_hot_peak_only_v1,0.0,hot_peak_only,,0.0,,0.0,invalid_base_forecast,weather_realism_origin_available_shadow,,,,0.0,,0.0,invalid_base_forecast,,,,,,,,,,0.0,,,,,0.0,45,2026-04-13 23:00:00-07:00,2026-05-28 23:00:00-07:00,2026-06-11,1.6429472909977108,0.0,-1.6429472909977108,1,0,133.555216,150.8826,225.98842814285717,,,,,,,,,,,,,,,,,1.6429472909977108,0.6260083116576425,0.6260083116576425,0.6260083116576425,1.0161736967467618,-1.9838263032532382
2026-06-11 20:00:00-07:00,origin_20,2026-05-29 00:00:00-07:00,2026,5,333,14,Days8to16,Summer,6,20,274.337633,93.8,100.1,0.0,0.0936288952397297,0.0,0.0,275.1377499634404,276.7953186035156,277.5322392446526,270.90139005294253,275.1377499634404,276.55271947897097,276.55271947897097,276.55271947897097,276.24460255976015,279.24460255976015,276.24460255976015,279.24460255976015,1,3.0,june_recent_100_105_hot_evening_lift,279.24460255976015,279.24460255976015,operational_residual_hot_peak_only_v1,0,hot_peak_only,279.24460255976015,0.0,279.24460255976015,0,hot_peak_low_forecast_gate_blocked,origin_available_shadow,-4.906969559760171,4.906969559760171,0.0,0.0,279.24460255976015,0,hot_peak_low_forecast_gate_blocked,-4.906969559760171,4.906969559760171,0.0,-0.8001169634404164,-2.4576856035156425,-3.1946062446526184,3.436242947057451,-4.906969559760171,-1.9069695597601708,-4.906969559760171,-4.906969559760171,4.906969559760171,0.0,1.4149695155305722,0.0,0.0,-0.30811691921081774,3.0,3.0,4.106852596319754,Final_Backtest_Forecast_MWH,days8plus_final_low_confidence,raw_bias,none,none,recent_mean+last24_mean+same_hour+hourgroup+global+cloud_hourgroup+solar_hourgroup+solar_loss_hourgroup,3.0,6,249.3456985,264.07086649999997,42,257.9215899285714,286.7712877,24.991934499999985,Peak,3,0,0,1,6.0,0.0,0.18,5.1,0.0,249.9904582257853,217.38718191069228,-0.8001169634404164,0.8001169634404164,0.2916541032634835,Spring,0.0,0.0,0.0,0.0,Clear/Low,0.0,None,1.414969515530577,weighted_fallback,global+hour,276.24460255976015,0.0,276.55271947897097,none,170+,other,1.0,0.0,0.0,0.0,-0.30811691921082024,0.0,,,ar_disabled_or_empty,0.0,,,origin_day_disabled_or_empty,276.55271947897097,0.0,0.0,57.75056805274812,25.14729173765511,1.78866074847273,6.0,Low,,,,,,,,,,,,,,,,,0.0,none,0.0,0.0,0.0,,,0.0,,,0.0,0.0,none,,,operational_residual_hot_peak_only_v1,0.0,hot_peak_only,,0.0,,0.0,invalid_base_forecast,weather_realism_origin_available_shadow,,,,0.0,,0.0,invalid_base_forecast,,,,,,,,,,0.0,,,,,0.0,45,2026-04-13 23:00:00-07:00,2026-05-28 23:00:00-07:00,2026-06-11,0.0,0.8001169634404164,0.8001169634404164,0,1,141.938,150.8826,216.802095,,,,,,,,,,,,,,,,,-0.8001169634404164,-2.2150864789709885,-2.2150864789709885,-2.2150864789709885,-1.9069695597601708,-4.906969559760171
2026-06-12 14:00:00-07:00,origin_20,2026-05-29 00:00:00-07:00,2026,5,351,15,Days8to16,Summer,6,14,279.483975,99.4,102.5,0.0,16.163564668941632,1.8639966721184713,0.0,267.944950057274,268.4009094238281,268.17095270257204,267.45952893850443,269.3780379887456,270.0449618125993,270.0449618125993,270.0449618125993,269.89116539054396,275.77116539054396,267.77116539054396,275.77116539054396,1,8.0,june_long_hot_100_105_peak_ramp_up,275.77116539054396,275.77116539054396,operational_residual_hot_peak_only_v1,0,hot_peak_only,275.77116539054396,0.0,275.77116539054396,0,global_shadow_only,origin_available_shadow,3.7128096094560306,3.7128096094560306,0.0,-0.144075748967945,275.627089641576,1,global,3.8568853584239946,3.8568853584239946,0.14407574896796405,11.539024942725973,11.083065576171862,11.313022297427949,12.024446061495553,3.7128096094560306,11.71280960945603,3.7128096094560306,3.7128096094560306,3.7128096094560306,1.4330879314715617,0.6669238238537218,0.0,0.0,-0.15379642205533628,5.8799999999999955,8.0,7.826215333269943,Final_Backtest_Forecast_MWH,days8plus_final_low_confidence+long_horizon_peak_month_correction,raw_bias+solar_cloud_midday,none,none,recent_mean+last24_mean+same_hour+hourgroup+global+cloud_hourgroup+solar_hourgroup+solar_loss_hourgroup,3.0,3,241.70322733333333,247.9083632,21,270.0631841904762,293.555966,37.780747666666656,Midday,4,0,0,0,6.0,1.1420800000121758,0.19,2.2,0.0,247.6002091882777,192.24780028024585,11.539024942725973,11.539024942725973,4.1286892898692935,Spring,0.8580110849720534,0.575076846499527,1.4330879314715803,0.0,Clear/Low,4.0,High,0.6669238238537403,weighted_fallback,global+hour,269.89116539054396,0.0,270.0449618125993,none,170+,solar_loss_general,0.7,0.0,0.0,0.0,-0.15379642205532237,0.0,,,ar_disabled_or_empty,0.0,,,origin_day_disabled_or_empty,270.0449618125993,-2.12,0.0,75.69714977702816,20.344740868996325,1.3284516972595766,6.0,Medium-High,,,,,,,,,,,,,,,,,0.0,none,0.0,0.0,0.0,,,0.0,,,0.0,0.0,none,,,operational_residual_hot_peak_only_v1,0.0,hot_peak_only,,0.0,,0.0,invalid_base_forecast,weather_realism_origin_available_shadow,,,,0.0,,0.0,invalid_base_forecast,,,,,,,,,,0.0,,,,,0.0,45,2026-04-13 23:00:00-07:00,2026-05-28 23:00:00-07:00,2026-06-12,11.539024942725973,0.0,-11.539024942725973,1,0,144.691683,109.280333,211.78864614285712,,,,,,,,,,,,,,,,,10.105937011254412,9.43901318740069,9.43901318740069,9.43901318740069,9.592809609456026,3.7128096094560306
2026-06-12 15:00:00-07:00,origin_20,2026-05-29 00:00:00-07:00,2026,5,352,15,Days8to16,Summer,6,15,298.849225,101.3,102.5,0.0,13.418142576326003,0.0,0.0,287.4467800863831,286.5137634277344,287.39080257656735,287.80132093285033,288.4515855827693,289.05899545055996,289.05899545055996,289.05899545055996,288.91658329658617,294.79658329658616,286.79658329658616,294.79658329658616,1,8.0,june_long_hot_100_105_peak_ramp_up,294.79658329658616,294.79658329658616,operational_residual_hot_peak_only_v1,0,hot_peak_only,294.79658329658616,0.0,294.79658329658616,0,global_shadow_only,origin_available_shadow,4.052641703413826,4.052641703413826,0.0,-0.12476815162018165,294.671815144966,1,global,4.177409855034,4.177409855034,0.12476815162017374,11.402444913616876,12.335461572265615,11.458422423432637,11.04790406714966,4.052641703413826,12.052641703413826,4.052641703413826,4.052641703413826,4.052641703413826,1.0048054963862114,0.6074098677906363,0.0,0.0,-0.14241215397379392,5.8799999999999955,8.0,7.349803210203049,Final_Backtest_Forecast_MWH,days8plus_final_low_confidence+long_horizon_peak_month_correction,raw_bias,none,none,recent_mean+last24_mean+same_hour+hourgroup+global+cloud_hourgroup+solar_hourgroup+solar_loss_hourgroup,3.0,3,262.03539700000005,268.198015,21,270.0631841904762,293.555966,36.813827999999944,Midday,4,0,0,0,6.0,1.3264804446594263,0.17,2.5,0.0,265.99969378424765,207.42581414088409,11.402444913616876,11.402444913616876,3.8154507222218417,Spring,1.0048054963862154,0.0,1.0048054963862154,0.0,Clear/Low,3.0,None,0.607409867790612,weighted_fallback,global+hour,288.91658329658617,0.0,289.05899545055996,none,170+,other,0.7,0.0,0.0,0.0,-0.14241215397381324,0.0,,,ar_disabled_or_empty,0.0,,,origin_day_disabled_or_empty,289.05899545055996,-2.12,0.0,80.02096594549903,21.44708630213546,1.3560823868336371,6.0,Medium-High,,,,,,,,,,,,,,,,,0.0,none,0.0,0.0,0.0,,,0.0,,,0.0,0.0,none,,,operational_residual_hot_peak_only_v1,0.0,hot_peak_only,,0.0,,0.0,invalid_base_forecast,weather_realism_origin_available_shadow,,,,0.0,,0.0,invalid_base_forecast,,,,,,,,,,0.0,,,,,0.0,45,2026-04-13 23:00:00-07:00,2026-05-28 23:00:00-07:00,2026-06-12,11.402444913616876,0.0,-11.402444913616876,1,0,135.705066,105.005766,214.62544357142858,,,,,,,,,,,,,,,,,10.397639417230664,9.790229549440028,9.790229549440028,9.790229549440028,9.932641703413822,4.052641703413826
2026-06-12 16:00:00-07:00,origin_20,2026-05-29 00:00:00-07:00,2026,5,353,15,Days8to16,Summer,6,16,313.48435,102.5,102.5,0.0,8.732604218591174,0.0,0.0,305.89453402935453,303.2161865234375,307.08232583392675,304.7932461952887,305.89453402935453,306.4544252775701,306.4544252775701,306.4544252775701,306.24650255171395,308.62650255171394,304.12650255171394,308.62650255171394,1,4.5,june_recent_100_105_hot_evening_lift+june_long_hot_100_105_peak_finish_up,308.62650255171394,308.62650255171394,operational_residual_hot_peak_only_v1,0,hot_peak_only,308.62650255171394,0.0,308.62650255171394,0,hot_peak_low_forecast_gate_blocked,origin_available_shadow,4.857847448286066,4.857847448286066,0.0,0.0,308.62650255171394,0,hot_peak_low_forecast_gate_blocked,4.857847448286066,4.857847448286066,0.0,7.589815970645475,10.268163476562506,6.402024166073261,8.691103804711304,4.857847448286066,9.357847448286066,4.857847448286066,4.857847448286066,4.857847448286066,0.0,0.5598912482155924,0.0,0.0,-0.20792272585617866,2.3799999999999955,4.5,2.7319685223594092,Final_Backtest_Forecast_MWH,days8plus_final_low_confidence+long_horizon_peak_month_correction,raw_bias,none,none,recent_mean+last24_mean+same_hour+hourgroup+global+cloud_hourgroup+solar_hourgroup+solar_loss_hourgroup,3.0,3,277.80048000000005,284.50046100000003,21,270.0631841904762,293.555966,35.683869999999956,Peak,4,0,0,1,6.0,1.35,0.16,4.0,0.0,285.29759821791276,222.2848691512389,7.589815970645475,7.589815970645475,2.4211147926987344,Spring,0.0,0.0,0.0,0.0,Clear/Low,2.0,None,0.5598912482155957,weighted_fallback,global+hour,306.24650255171395,0.0,306.4544252775701,none,170+,other,0.7,0.0,0.0,0.0,-0.20792272585617907,0.0,,,ar_disabled_or_empty,0.0,,,origin_day_disabled_or_empty,306.4544252775701,-2.12,0.0,83.60966487811564,20.596935811441767,1.549629973006967,6.0,Medium-Low,,,,,,,,,,,,,,,,,0.0,none,0.0,0.0,0.0,,,0.0,,,0.0,0.0,none,,,operational_residual_hot_peak_only_v1,0.0,hot_peak_only,,0.0,,0.0,invalid_base_forecast,weather_realism_origin_available_shadow,,,,0.0,,0.0,invalid_base_forecast,,,,,,,,,,0.0,,,,,0.0,45,2026-04-13 23:00:00-07:00,2026-05-28 23:00:00-07:00,2026-06-12,7.589815970645475,0.0,-7.589815970645475,1,0,133.3827,105.06665,230.42158314285714,,,,,,,,,,,,,,,,,7.589815970645475,7.029924722429882,7.029924722429882,7.029924722429882,7.237847448286061,4.857847448286066
2026-06-12 17:00:00-07:00,origin_20,2026-05-29 00:00:00-07:00,2026,5,354,15,Days8to16,Summer,6,17,315.708558,101.6,102.5,0.0,4.664116473001248,0.0,0.0,314.5950830750987,313.3522644042969,314.4016309658465,315.2541702955813,314.5950830750987,315.43253701435424,315.43253701435424,315.43253701435424,315.14434724999006,317.52434724999006,313.02434724999006,317.52434724999006,1,4.5,june_recent_100_105_hot_evening_lift+june_long_hot_100_105_peak_finish_up,317.52434724999006,317.52434724999006,operational_residual_hot_peak_only_v1,0,hot_peak_only,317.52434724999006,0.0,317.52434724999006,0,hot_peak_low_forecast_gate_blocked,origin_available_shadow,-1.8157892499900754,1.8157892499900754,0.0,0.0,317.52434724999006,0,hot_peak_low_forecast_gate_blocked,-1.8157892499900754,1.8157892499900754,0.0,1.1134749249012543,2.3562935957031073,1.3069270341534889,0.454387704418707,-1.8157892499900754,2.6842107500099246,-1.8157892499900754,-1.8157892499900754,1.8157892499900754,0.0,0.8374539392555107,0.0,0.0,-0.2881897643641764,2.3799999999999955,4.5,2.9292641748913297,Final_Backtest_Forecast_MWH,days8plus_final_low_confidence+long_horizon_peak_month_correction,raw_bias,none,none,recent_mean+last24_mean+same_hour+hourgroup+global+cloud_hourgroup+solar_hourgroup+solar_loss_hourgroup,3.0,3,287.830633,295.066913,21,270.0631841904762,293.555966,27.877925000000005,Peak,4,0,0,1,6.0,1.35,0.16,4.7,0.0,294.5634252742917,232.3706123992803,1.1134749249012543,1.1134749249012543,0.3526907638979031,Spring,0.0,0.0,0.0,0.0,Clear/Low,1.0,None,0.8374539392555158,weighted_fallback,global+hour,315.14434724999006,0.0,315.43253701435424,none,170+,other,0.7,0.0,0.0,0.0,-0.28818976436417154,0.0,,,ar_disabled_or_empty,0.0,,,origin_day_disabled_or_empty,315.43253701435424,-2.12,0.0,82.22447067581842,20.03165780080701,0.5751473008818708,6.0,Medium-Low,,,,,,,,,,,,,,,,,0.0,none,0.0,0.0,0.0,,,0.0,,,0.0,0.0,none,,,operational_residual_hot_peak_only_v1,0.0,hot_peak_only,,0.0,,0.0,invalid_base_forecast,weather_realism_origin_available_shadow,,,,0.0,,0.0,invalid_base_forecast,,,,,,,,,,0.0,,,,,0.0,45,2026-04-13 23:00:00-07:00,2026-05-28 23:00:00-07:00,2026-06-12,1.1134749249012543,0.0,-1.1134749249012543,1,0,132.635358,108.129583,260.90591514285717,,,,,,,,,,,,,,,,,1.1134749249012543,0.2760209856457436,0.2760209856457436,0.2760209856457436,0.56421075000992,-1.8157892499900754
2026-06-12 18:00:00-07:00,origin_20,2026-05-29 00:00:00-07:00,2026,5,355,15,Days8to16,Summer,6,18,315.363391,100.6,102.5,0.0,1.9870105423086013,0.0,0.0,311.24289039392636,313.4674987792969,309.5496308585728,313.2681244108047,311.24289039392636,312.11824729135594,312.11824729135594,312.11824729135594,311.73928170240885,314.11928170240884,309.61928170240884,314.11928170240884,1,4.5,june_recent_100_105_hot_evening_lift+june_long_hot_100_105_peak_finish_up,314.11928170240884,314.11928170240884,operational_residual_hot_peak_only_v1,0,hot_peak_only,314.11928170240884,0.0,314.11928170240884,0,hot_peak_low_forecast_gate_blocked,origin_available_shadow,1.2441092975911374,1.2441092975911374,0.0,0.0,314.11928170240884,0,hot_peak_low_forecast_gate_blocked,1.2441092975911374,1.2441092975911374,0.0,4.12050060607362,1.8958922207031037,5.813760141427167,2.095266589195262,1.2441092975911374,5.744109297591137,1.2441092975911374,1.2441092975911374,1.2441092975911374,0.0,0.8753568974295831,0.0,0.0,-0.3789655889470964,2.3799999999999955,4.5,2.876391308482482,Final_Backtest_Forecast_MWH,days8plus_final_low_confidence+long_horizon_peak_month_correction,raw_bias,none,none,recent_mean+last24_mean+same_hour+hourgroup+global+cloud_hourgroup+solar_hourgroup+solar_loss_hourgroup,3.0,3,286.7159496666667,294.08369960000005,21,270.0631841904762,293.555966,28.64744133333329,Peak,4,0,0,1,6.0,1.35,0.15,3.6,0.0,296.9103909749466,236.16497984899496,4.12050060607362,4.12050060607362,1.3065881214074146,Spring,0.0,0.0,0.0,0.0,Clear/Low,1.0,None,0.8753568974295981,weighted_fallback,global+hour,311.73928170240885,0.0,312.11824729135594,none,170+,other,0.7,0.0,0.0,0.0,-0.3789655889471116,0.0,,,ar_disabled_or_empty,0.0,,,origin_day_disabled_or_empty,312.11824729135594,-2.12,0.0,75.0779105449314,14.33249941897975,0.394500228338532,6.0,Medium-Low,,,,,,,,,,,,,,,,,0.0,none,0.0,0.0,0.0,,,0.0,,,0.0,0.0,none,,,operational_residual_hot_peak_only_v1,0.0,hot_peak_only,,0.0,,0.0,invalid_base_forecast,weather_realism_origin_available_shadow,,,,0.0,,0.0,invalid_base_forecast,,,,,,,,,,0.0,,,,,0.0,45,2026-04-13 23:00:00-07:00,2026-05-28 23:00:00-07:00,2026-06-12,4.12050060607362,0.0,-4.12050060607362,1,0,137.557708,112.186658,246.0583137142857,,,,,,,,,,,,,,,,,4.12050060607362,3.2451437086440365,3.2451437086440365,3.2451437086440365,3.624109297591133,1.2441092975911374
2026-06-12 19:00:00-07:00,origin_20,2026-05-29 00:00:00-07:00,2026,5,356,15,Days8to16,Summer,6,19,309.084325,99.4,102.5,0.01,0.4262098843380014,0.0,0.0,300.3779246457237,305.6055603027344,301.33277132857495,297.3838410992401,300.3779246457237,301.39486362506375,301.39486362506375,302.0607467977826,301.6705814126935,304.6705814126935,301.6705814126935,304.6705814126935,1,3.0,june_recent_100_105_hot_evening_lift,304.6705814126935,304.6705814126935,operational_residual_hot_peak_only_v1,0,hot_peak_only,304.6705814126935,0.0,304.6705814126935,0,hot_peak_low_forecast_gate_blocked,origin_available_shadow,4.413743587306499,4.413743587306499,0.0,0.0,304.6705814126935,0,hot_peak_low_forecast_gate_blocked,4.413743587306499,4.413743587306499,0.0,8.706400354276298,3.4787646972656034,7.751553671425029,11.700483900759878,4.413743587306499,7.413743587306499,4.413743587306499,4.413743587306499,4.413743587306499,0.0,1.0169389793400683,0.0,0.6658831727188499,-0.39016538508911935,3.0,3.0,4.292656766969799,Final_Backtest_Forecast_MWH,days8plus_final_low_confidence,raw_bias,none,tree_peak_gap,recent_mean+last24_mean+same_hour+hourgroup+global+cloud_hourgroup+solar_hourgroup+solar_loss_hourgroup,3.0,3,276.1403746666667,282.4291728,21,270.0631841904762,293.555966,32.943950333333305,Peak,4,0,0,1,6.0,0.0,0.16,2.9,0.0,289.7135357090023,230.24654633167776,8.706400354276298,8.706400354276298,2.8168365879687682,Spring,0.0,0.0,0.0,0.0,Clear/Low,0.0,None,1.016938979340065,weighted_fallback,global+hour,301.6705814126935,0.0,301.39486362506375,none,170+,other,1.0,0.0,0.0,0.6658831727188442,-0.3901653850891425,0.0,,,ar_disabled_or_empty,0.0,,,origin_day_disabled_or_empty,302.0607467977826,0.0,0.0,70.13137831404592,10.664388936721366,1.4280062851153967,6.0,Low,,,,,,,,,,,,,,,,,0.0,none,0.0,0.0,0.0,,,0.0,,,0.0,0.0,none,,,operational_residual_hot_peak_only_v1,0.0,hot_peak_only,,0.0,,0.0,invalid_base_forecast,weather_realism_origin_available_shadow,,,,0.0,,0.0,invalid_base_forecast,,,,,,,,,,0.0,,,,,0.0,45,2026-04-13 23:00:00-07:00,2026-05-28 23:00:00-07:00,2026-06-12,8.706400354276298,0.0,-8.706400354276298,1,0,149.097608,117.570033,260.86920328571426,,,,,,,,,,,,,,,,,8.706400354276298,7.689461374936229,7.689461374936229,7.023578202217379,7.413743587306499,4.413743587306499
2026-06-12 20:00:00-07:00,origin_20,2026-05-29 00:00:00-07:00,2026,5,357,15,Days8to16,Summer,6,20,291.196891,96.4,102.5,0.0,0.0666723802842329,0.0,0.0,287.4026682815737,289.7076416015625,289.9788231662728,282.69586108562123,287.4026682815737,288.8176377971043,288.8176377971043,288.8176377971043,288.50952087789346,291.50952087789346,288.50952087789346,291.50952087789346,1,3.0,june_recent_100_105_hot_evening_lift,291.50952087789346,291.50952087789346,operational_residual_hot_peak_only_v1,0,hot_peak_only,291.50952087789346,0.0,291.50952087789346,0,hot_peak_low_forecast_gate_blocked,origin_available_shadow,-0.3126298778934711,0.3126298778934711,0.0,0.0,291.50952087789346,0,hot_peak_low_forecast_gate_blocked,-0.3126298778934711,0.3126298778934711,0.0,3.7942227184262833,1.4892493984374937,1.2180678337272184,8.501029914378762,-0.3126298778934711,2.687370122106529,-0.3126298778934711,-0.3126298778934711,0.3126298778934711,0.0,1.4149695155305722,0.0,0.0,-0.30811691921081774,3.0,3.0,4.106852596319754,Final_Backtest_Forecast_MWH,days8plus_final_low_confidence,raw_bias,none,none,recent_mean+last24_mean+same_hour+hourgroup+global+cloud_hourgroup+solar_hourgroup+solar_loss_hourgroup,3.0,3,258.2162276666667,263.73342,21,270.0631841904762,293.555966,32.98066333333327,Peak,4,0,0,1,6.0,0.0,0.23,0.8,0.0,275.1377499634404,221.23976414162553,3.7942227184262833,3.7942227184262833,1.3029750095876824,Spring,0.0,0.0,0.0,0.0,Clear/Low,0.0,None,1.414969515530577,weighted_fallback,global+hour,288.50952087789346,0.0,288.8176377971043,none,170+,other,1.0,0.0,0.0,0.0,-0.30811691921082024,0.0,,,ar_disabled_or_empty,0.0,,,origin_day_disabled_or_empty,288.8176377971043,0.0,0.0,66.16290413994818,12.264918318133311,0.10736030759802002,6.0,Low,,,,,,,,,,,,,,,,,0.0,none,0.0,0.0,0.0,,,0.0,,,0.0,0.0,none,,,operational_residual_hot_peak_only_v1,0.0,hot_peak_only,,0.0,,0.0,invalid_base_forecast,weather_realism_origin_available_shadow,,,,0.0,,0.0,invalid_base_forecast,,,,,,,,,,0.0,,,,,0.0,45,2026-04-13 23:00:00-07:00,2026-05-28 23:00:00-07:00,2026-06-12,3.7942227184262833,0.0,-3.7942227184262833,1,0,163.051466,121.940783,230.90213785714286,,,,,,,,,,,,,,,,,3.7942227184262833,2.379253202895711,2.379253202895711,2.379253202895711,2.687370122106529,-0.3126298778934711
2026-06-13 14:00:00-07:00,origin_20,2026-05-29 00:00:00-07:00,2026,5,375,16,Days8to16,Summer,6,14,257.010408,98.3,101.7,0.0,15.95521063358272,2.080274429296445,0.0,259.7848987672961,259.9271240234375,258.37709210211614,261.95653059653847,261.15709648472927,261.824020308583,261.824020308583,261.824020308583,261.67022388652765,259.55022388652765,259.55022388652765,259.55022388652765,0,0.0,none,259.55022388652765,259.55022388652765,operational_residual_hot_peak_only_v1,0,hot_peak_only,259.55022388652765,0.0,259.55022388652765,0,global_shadow_only,origin_available_shadow,-2.5398158865276628,2.5398158865276628,0.0,-1.2464115018637119,258.30381238466396,1,global,-1.2934043846639725,1.2934043846639725,-1.2464115018636903,-2.774490767296129,-2.916716023437516,-1.366684102116153,-4.946122596538487,-2.5398158865276628,-2.5398158865276628,-2.5398158865276628,-2.5398158865276628,2.5398158865276628,1.3721977174331528,0.6669238238537218,0.0,0.0,-0.15379642205533628,-2.1200000000000045,0.0,-0.2346748807684662,Final_Backtest_Forecast_MWH,days8plus_final_low_confidence+long_horizon_peak_month_correction,raw_bias+solar_cloud_midday,none,none,recent_mean+last24_mean+same_hour+hourgroup+global+cloud_hourgroup+solar_hourgroup+solar_loss_hourgroup,3.0,4,238.2810455,247.6188448,28,269.240641,293.5177229,18.72936249999998,Midday,5,1,0,0,6.0,1.1473613089506787,0.22,2.3,0.0,267.944950057274,196.4818505704537,-2.774490767296129,2.774490767296129,1.0795246732949932,Spring,0.8580110849720534,0.5141866324610942,1.3721977174331474,0.0,Clear/Low,4.0,High,0.6669238238537403,weighted_fallback,global+hour,261.67022388652765,0.0,261.824020308583,none,170+,weekend_core_highload_solar_loss,0.364,0.0,0.0,0.0,-0.15379642205532237,0.0,,,ar_disabled_or_empty,0.0,,,origin_day_disabled_or_empty,261.824020308583,-2.12,0.0,63.30304819684241,-8.1600512899779,0.9882151879731124,6.0,Medium-High,,,,,,,,,,,,,,,,,0.0,none,0.0,0.0,0.0,,,0.0,,,0.0,0.0,none,,,operational_residual_hot_peak_only_v1,0.0,hot_peak_only,,0.0,,0.0,invalid_base_forecast,weather_realism_origin_available_shadow,,,,0.0,,0.0,invalid_base_forecast,,,,,,,,,,0.0,,,,,0.0,45,2026-04-13 23:00:00-07:00,2026-05-28 23:00:00-07:00,2026-06-13,0.0,2.774490767296129,2.774490767296129,0,1,309.084325,213.746441,228.33500685714287,,,,,,,,,,,,,,,,,-4.146688484729282,-4.813612308583004,-4.813612308583004,-4.813612308583004,-4.659815886527667,-2.5398158865276628
2026-06-13 15:00:00-07:00,origin_20,2026-05-29 00:00:00-07:00,2026,5,376,16,Days8to16,Summer,6,15,277.4746,100.3,101.7,0.0,13.2503823233047,0.0,0.0,280.1944238342337,279.4532165527344,279.73929603872506,281.1213981647471,281.0524349192058,281.6598447869964,281.6598447869964,281.6598447869964,281.5174326330226,287.3974326330226,279.3974326330226,287.3974326330226,1,8.0,june_long_hot_100_105_peak_ramp_up,287.3974326330226,287.3974326330226,operational_residual_hot_peak_only_v1,0,hot_peak_only,287.3974326330226,0.0,287.3974326330226,0,global_shadow_only,origin_available_shadow,-9.922832633022608,9.922832633022608,0.0,-0.5407933696412943,286.85663926338134,1,global,-9.38203926338133,9.38203926338133,-0.5407933696412783,-2.7198238342336936,-1.9786165527343655,-2.2646960387250488,-3.6467981647471106,-9.922832633022608,-1.9228326330226082,-9.922832633022608,-9.922832633022608,9.922832633022608,0.8580110849720768,0.6074098677906363,0.0,0.0,-0.14241215397379392,5.8799999999999955,8.0,7.203008798788915,Final_Backtest_Forecast_MWH,days8plus_final_low_confidence+long_horizon_peak_month_correction,raw_bias,none,none,recent_mean+last24_mean+same_hour+hourgroup+global+cloud_hourgroup+solar_hourgroup+solar_loss_hourgroup,3.0,4,259.0997955,268.0453225,28,269.240641,293.5177229,18.374804499999982,Midday,5,1,0,0,6.0,1.3301473398845611,0.21,3.2,0.0,287.4467800863831,211.9656034920819,-2.7198238342336936,2.7198238342336936,0.980206416815699,Spring,0.8580110849720534,0.0,0.8580110849720534,0.0,Clear/Low,3.0,None,0.607409867790612,weighted_fallback,global+hour,281.5174326330226,0.0,281.6598447869964,none,170+,other,0.7,0.0,0.0,0.0,-0.14241215397381324,0.0,,,ar_disabled_or_empty,0.0,,,origin_day_disabled_or_empty,281.6598447869964,-2.12,0.0,68.2288203421518,-7.252356252149411,3.576122871434938,6.0,Medium-High,,,,,,,,,,,,,,,,,0.0,none,0.0,0.0,0.0,,,0.0,,,0.0,0.0,none,,,operational_residual_hot_peak_only_v1,0.0,hot_peak_only,,0.0,,0.0,invalid_base_forecast,weather_realism_origin_available_shadow,,,,0.0,,0.0,invalid_base_forecast,,,,,,,,,,0.0,,,,,0.0,45,2026-04-13 23:00:00-07:00,2026-05-28 23:00:00-07:00,2026-06-13,0.0,2.7198238342336936,2.7198238342336936,0,1,309.084325,213.746441,248.52108414285718,,,,,,,,,,,,,,,,,-3.5778349192057703,-4.185244786996407,-4.185244786996407,-4.185244786996407,-4.042832633022613,-9.922832633022608
2026-06-13 16:00:00-07:00,origin_20,2026-05-29 00:00:00-07:00,2026,5,377,16,Days8to16,Summer,6,16,293.921233,101.7,101.7,0.0,8.498810118190328,0.0,0.0,299.27058782503684,297.77252197265625,300.21915952978145,298.2079939611183,299.27058782503684,299.83047907325243,299.83047907325243,299.83047907325243,299.62255634739626,302.00255634739625,297.50255634739625,302.00255634739625,1,4.5,june_recent_100_105_hot_evening_lift+june_long_hot_100_105_peak_finish_up,302.00255634739625,302.00255634739625,operational_residual_hot_peak_only_v1,0,hot_peak_only,302.00255634739625,0.0,302.00255634739625,0,hot_peak_low_forecast_gate_blocked,origin_available_shadow,-8.081323347396278,8.081323347396278,0.0,0.0,302.00255634739625,0,hot_peak_low_forecast_gate_blocked,-8.081323347396278,8.081323347396278,0.0,-5.349354825036869,-3.8512889726562776,-6.297926529781478,-4.286760961118318,-8.081323347396278,-3.5813233473962782,-8.081323347396278,-8.081323347396278,8.081323347396278,0.0,0.5598912482155924,0.0,0.0,-0.20792272585617866,2.3799999999999955,4.5,2.7319685223594092,Final_Backtest_Forecast_MWH,days8plus_final_low_confidence+long_horizon_peak_month_correction,raw_bias,none,none,recent_mean+last24_mean+same_hour+hourgroup+global+cloud_hourgroup+solar_hourgroup+solar_loss_hourgroup,3.0,4,276.32662650000003,284.2480835,28,269.240641,293.5177229,17.59460649999994,Peak,5,1,0,0,6.0,1.35,0.19,3.6,0.0,305.89453402935453,227.45655286620675,-5.349354825036869,5.349354825036869,1.8199960480694055,Spring,0.0,0.0,0.0,0.0,Clear/Low,2.0,None,0.5598912482155957,weighted_fallback,global+hour,299.62255634739626,0.0,299.83047907325243,none,170+,other,0.7,0.0,0.0,0.0,-0.20792272585617907,0.0,,,ar_disabled_or_empty,0.0,,,origin_day_disabled_or_empty,299.83047907325243,-2.12,0.0,71.81403495883009,-6.62394620431769,2.7494860663558383,6.0,Medium-Low,,,,,,,,,,,,,,,,,0.0,none,0.0,0.0,0.0,,,0.0,,,0.0,0.0,none,,,operational_residual_hot_peak_only_v1,0.0,hot_peak_only,,0.0,,0.0,invalid_base_forecast,weather_realism_origin_available_shadow,,,,0.0,,0.0,invalid_base_forecast,,,,,,,,,,0.0,,,,,0.0,45,2026-04-13 23:00:00-07:00,2026-05-28 23:00:00-07:00,2026-06-13,0.0,5.349354825036869,5.349354825036869,0,1,291.196891,203.790533,265.75539271428573,,,,,,,,,,,,,,,,,-5.349354825036869,-5.909246073252461,-5.909246073252461,-5.909246073252461,-5.701323347396283,-8.081323347396278
2026-06-13 17:00:00-07:00,origin_20,2026-05-29 00:00:00-07:00,2026,5,378,16,Days8to16,Summer,6,17,305.364483,101.4,101.7,0.01,4.431878759269412,0.0,0.0,306.39050406788317,306.3959655761719,306.6618543174222,305.9625361019537,306.39050406788317,307.2279580071387,307.2279580071387,307.2279580071387,306.9397682427745,309.3197682427745,304.8197682427745,309.3197682427745,1,4.5,june_recent_100_105_hot_evening_lift+june_long_hot_100_105_peak_finish_up,309.3197682427745,309.3197682427745,operational_residual_hot_peak_only_v1,0,hot_peak_only,309.3197682427745,0.0,309.3197682427745,0,hot_peak_low_forecast_gate_blocked,origin_available_shadow,-3.955285242774494,3.955285242774494,0.0,0.0,309.3197682427745,0,hot_peak_low_forecast_gate_blocked,-3.955285242774494,3.955285242774494,0.0,-1.026021067883164,-1.031482576171868,-1.2973713174221757,-0.598053101953667,-3.955285242774494,0.5447147572255062,-3.955285242774494,-3.955285242774494,3.955285242774494,0.0,0.8374539392555107,0.0,0.0,-0.2881897643641764,2.3799999999999955,4.5,2.9292641748913297,Final_Backtest_Forecast_MWH,days8plus_final_low_confidence+long_horizon_peak_month_correction,raw_bias,none,none,recent_mean+last24_mean+same_hour+hourgroup+global+cloud_hourgroup+solar_hourgroup+solar_loss_hourgroup,3.0,4,287.23717675,294.8712155,28,269.240641,293.5177229,18.127306250000004,Peak,5,1,0,0,6.0,1.35,0.18,2.8,0.0,314.5950830750987,237.59139917850146,-1.026021067883164,1.026021067883164,0.33599882271939396,Spring,0.0,0.0,0.0,0.0,Clear/Low,1.0,None,0.8374539392555158,weighted_fallback,global+hour,306.9397682427745,0.0,307.2279580071387,none,170+,other,0.7,0.0,0.0,0.0,-0.28818976436417154,0.0,,,ar_disabled_or_empty,0.0,,,origin_day_disabled_or_empty,307.2279580071387,-2.12,0.0,68.79910488938171,-8.204579007215557,1.2952669557102663,6.0,Medium-Low,,,,,,,,,,,,,,,,,0.0,none,0.0,0.0,0.0,,,0.0,,,0.0,0.0,none,,,operational_residual_hot_peak_only_v1,0.0,hot_peak_only,,0.0,,0.0,invalid_base_forecast,weather_realism_origin_available_shadow,,,,0.0,,0.0,invalid_base_forecast,,,,,,,,,,0.0,,,,,0.0,45,2026-04-13 23:00:00-07:00,2026-05-28 23:00:00-07:00,2026-06-13,0.0,1.026021067883164,1.026021067883164,0,1,291.196891,203.790533,276.21870914285716,,,,,,,,,,,,,,,,,-1.026021067883164,-1.8634750071386748,-1.8634750071386748,-1.8634750071386748,-1.5752852427744983,-3.955285242774494
2026-06-13 18:00:00-07:00,origin_20,2026-05-29 00:00:00-07:00,2026,5,379,16,Days8to16,Summer,6,18,308.848225,100.9,101.7,0.01,1.958175172256604,0.0,0.0,308.5046890688285,306.01959228515625,308.48412034919977,309.24703899500855,308.5046890688285,309.3800459662581,309.3800459662581,309.3800459662581,309.001080377311,311.381080377311,306.881080377311,311.381080377311,1,4.5,june_recent_100_105_hot_evening_lift+june_long_hot_100_105_peak_finish_up,311.381080377311,311.381080377311,operational_residual_hot_peak_only_v1,0,hot_peak_only,311.381080377311,0.0,311.381080377311,0,hot_peak_low_forecast_gate_blocked,origin_available_shadow,-2.532855377310966,2.532855377310966,0.0,0.0,311.381080377311,0,hot_peak_low_forecast_gate_blocked,-2.532855377310966,2.532855377310966,0.0,0.34353593117151604,2.8286327148437636,0.36410465080024323,-0.3988139950085383,-2.532855377310966,1.967144622689034,-2.532855377310966,-2.532855377310966,2.532855377310966,0.0,0.8753568974295831,0.0,0.0,-0.3789655889470964,2.3799999999999955,4.5,2.876391308482482,Final_Backtest_Forecast_MWH,days8plus_final_low_confidence+long_horizon_peak_month_correction,raw_bias,none,none,recent_mean+last24_mean+same_hour+hourgroup+global+cloud_hourgroup+solar_hourgroup+solar_loss_hourgroup,3.0,4,286.7662975,294.0177329,28,269.240641,293.5177229,22.081927500000006,Peak,5,1,0,0,6.0,1.35,0.17,4.1,0.0,311.24289039392636,240.58264038533662,0.34353593117151604,0.34353593117151604,0.11123131148690138,Spring,0.0,0.0,0.0,0.0,Clear/Low,1.0,None,0.8753568974295981,weighted_fallback,global+hour,309.001080377311,0.0,309.3800459662581,none,170+,other,0.7,0.0,0.0,0.0,-0.3789655889471116,0.0,,,ar_disabled_or_empty,0.0,,,origin_day_disabled_or_empty,309.3800459662581,-2.12,0.0,67.92204868349188,-2.7382013250978616,0.8200971131729722,6.0,Medium-Low,,,,,,,,,,,,,,,,,0.0,none,0.0,0.0,0.0,,,0.0,,,0.0,0.0,none,,,operational_residual_hot_peak_only_v1,0.0,hot_peak_only,,0.0,,0.0,invalid_base_forecast,weather_realism_origin_available_shadow,,,,0.0,,0.0,invalid_base_forecast,,,,,,,,,,0.0,,,,,0.0,45,2026-04-13 23:00:00-07:00,2026-05-28 23:00:00-07:00,2026-06-13,0.34353593117151604,0.0,-0.34353593117151604,1,0,269.020758,190.593583,279.3217744285714,,,,,,,,,,,,,,,,,0.34353593117151604,-0.5318209662580671,-0.5318209662580671,-0.5318209662580671,-0.15285537731097065,-2.532855377310966
2026-06-13 19:00:00-07:00,origin_20,2026-05-29 00:00:00-07:00,2026,5,380,16,Days8to16,Summer,6,19,297.313875,96.5,101.7,0.05,0.4091085801587897,0.0,0.0,293.4773334150274,295.8843078613281,295.7774147000772,289.1752129824346,293.4773334150274,294.49427239436744,294.49427239436744,294.49427239436744,294.1041070092783,297.1041070092783,294.1041070092783,297.1041070092783,1,3.0,june_recent_100_105_hot_evening_lift,297.1041070092783,297.1041070092783,operational_residual_hot_peak_only_v1,0,hot_peak_only,297.1041070092783,0.0,297.1041070092783,0,hot_peak_low_forecast_gate_blocked,origin_available_shadow,0.20976799072167296,0.20976799072167296,0.0,0.0,297.1041070092783,0,hot_peak_low_forecast_gate_blocked,0.20976799072167296,0.20976799072167296,0.0,3.836541584972622,1.429567138671871,1.536460299922794,8.138662017565423,0.20976799072167296,3.209767990721673,0.20976799072167296,0.20976799072167296,0.20976799072167296,0.0,1.0169389793400683,0.0,0.0,-0.39016538508911935,3.0,3.0,3.626773594250949,Final_Backtest_Forecast_MWH,days8plus_final_low_confidence,raw_bias,none,none,recent_mean+last24_mean+same_hour+hourgroup+global+cloud_hourgroup+solar_hourgroup+solar_loss_hourgroup,3.0,4,277.35263499999996,282.4047985,28,269.240641,293.5177229,19.961240000000032,Peak,5,1,0,0,6.0,0.0,0.22,10.0,0.0,300.3779246457237,234.68825283408174,3.836541584972622,3.836541584972622,1.290401124055385,Spring,0.0,0.0,0.0,0.0,Clear/Low,0.0,None,1.016938979340065,weighted_fallback,global+hour,294.1041070092783,0.0,294.49427239436744,none,170+,other,1.0,0.0,0.0,0.0,-0.3901653850891425,0.0,,,ar_disabled_or_empty,0.0,,,origin_day_disabled_or_empty,294.49427239436744,0.0,0.0,58.78908058094564,-6.900591230696307,0.0705543899428417,6.0,Low,,,,,,,,,,,,,,,,,0.0,none,0.0,0.0,0.0,,,0.0,,,0.0,0.0,none,,,operational_residual_hot_peak_only_v1,0.0,hot_peak_only,,0.0,,0.0,invalid_base_forecast,weather_realism_origin_available_shadow,,,,0.0,,0.0,invalid_base_forecast,,,,,,,,,,0.0,,,,,0.0,45,2026-04-13 23:00:00-07:00,2026-05-28 23:00:00-07:00,2026-06-13,3.836541584972622,0.0,-3.836541584972622,1,0,269.020758,190.593583,274.488901,,,,,,,,,,,,,,,,,3.836541584972622,2.8196026056325536,2.8196026056325536,2.8196026056325536,3.209767990721673,0.20976799072167296
2026-06-13 20:00:00-07:00,origin_20,2026-05-29 00:00:00-07:00,2026,5,381,16,Days8to16,Summer,6,20,276.441283,89.7,101.7,0.05,0.0852115178028599,0.0,0.0,277.71408132706404,279.1085510253906,282.3611147753468,270.01318028024076,277.71408132706404,279.1290508425946,279.1290508425946,279.2566860056083,278.94856908639747,281.94856908639747,278.94856908639747,281.94856908639747,1,3.0,june_recent_100_105_hot_evening_lift,281.94856908639747,281.94856908639747,operational_residual_hot_peak_only_v1,0,hot_peak_only,281.94856908639747,0.0,281.94856908639747,0,hot_peak_low_forecast_gate_blocked,origin_available_shadow,-5.507286086397471,5.507286086397471,0.0,0.0,281.94856908639747,0,hot_peak_low_forecast_gate_blocked,-5.507286086397471,5.507286086397471,0.0,-1.272798327064038,-2.6672680253906265,-5.919831775346779,6.428102719759238,-5.507286086397471,-2.507286086397471,-5.507286086397471,-5.507286086397471,5.507286086397471,0.0,1.4149695155305722,0.0,0.12763516301367872,-0.30811691921081774,3.0,3.0,4.234487759333433,Final_Backtest_Forecast_MWH,days8plus_final_low_confidence,raw_bias,none,tree_peak_gap,recent_mean+last24_mean+same_hour+hourgroup+global+cloud_hourgroup+solar_hourgroup+solar_loss_hourgroup,3.0,4,259.62091025,264.1652299,28,269.240641,293.5177229,16.82037274999999,Peak,5,1,0,0,6.0,0.0,0.29,9.2,0.0,287.4026682815737,225.97796666676382,-1.272798327064038,1.272798327064038,0.4604226667056953,Spring,0.0,0.0,0.0,0.0,Clear/Low,0.0,None,1.414969515530577,weighted_fallback,global+hour,278.94856908639747,0.0,279.1290508425946,none,170+,other,1.0,0.0,0.0,0.12763516301369293,-0.30811691921082024,0.0,,,ar_disabled_or_empty,0.0,,,origin_day_disabled_or_empty,279.2566860056083,0.0,0.0,51.73611466030022,-9.688586954509674,1.9922082644933576,6.0,Low,,,,,,,,,,,,,,,,,0.0,none,0.0,0.0,0.0,,,0.0,,,0.0,0.0,none,,,operational_residual_hot_peak_only_v1,0.0,hot_peak_only,,0.0,,0.0,invalid_base_forecast,weather_realism_origin_available_shadow,,,,0.0,,0.0,invalid_base_forecast,,,,,,,,,,0.0,,,,,0.0,45,2026-04-13 23:00:00-07:00,2026-05-28 23:00:00-07:00,2026-06-13,0.0,1.272798327064038,1.272798327064038,0,1,237.46805,170.733775,259.89726871428576,,,,,,,,,,,,,,,,,-1.272798327064038,-2.68776784259461,-2.68776784259461,-2.815403005608289,-2.507286086397471,-5.507286086397471
