CreatedAtUTC,Stem,SnapshotPath,ContentHash,Rows,FirstDT,LastDT,Source
2026-07-01T20:30:59.059045+00:00,rolling_origin_replay_results,forecast_outputs\replay_runs\rolling_origin_replay_results_20260701_203058_10bc79124e.csv,10bc79124e68bfeb534e9b0d34c56679870191a2447eded5b8be25323b387228,7680,2024-10-13T00:00:00+00:00,2026-06-13T23:00:00+00:00,rolling_origin_replay
2026-07-01T20:30:59.079618+00:00,rolling_origin_replay_stage_metrics,forecast_outputs\replay_runs\rolling_origin_replay_stage_metrics_20260701_203059_363efb36be.csv,363efb36be99f45dbbf68bdccc19cb6eb1c54c92516da16924c427721c843211,15,,,rolling_origin_replay
2026-07-01T20:30:59.100099+00:00,rolling_origin_replay_origin_metrics_by_stage,forecast_outputs\replay_runs\rolling_origin_replay_origin_metrics_by_stage_20260701_203059_16b91632b2.csv,16b91632b27fe570ba3703731133ee54b4b92b0b752d78d0c6c9aaade4a419b5,300,,,rolling_origin_replay
2026-07-01T20:30:59.111135+00:00,production_readiness_scorecard,forecast_outputs\replay_runs\production_readiness_scorecard_20260701_203059_824a44e6ba.csv,824a44e6ba18d2f38061420709a937863976d04f4829fb9c1fcb9ebf0235c931,9,,,rolling_origin_replay
2026-07-01T20:30:59.162578+00:00,june_hot_origin_diagnostics,forecast_outputs\replay_runs\june_hot_origin_diagnostics_20260701_203059_f4d267a87f.csv,f4d267a87f26630f40c26108f343e02d09869b91817d6d90f530d1e6aa0fbfa2,266,2025-06-01T14:00:00+00:00,2026-06-13T20:00:00+00:00,rolling_origin_replay
2026-07-01T22:32:20.097576+00:00,rolling_origin_replay_results,C:\Users\ProsserJames\PycharmProjects\XGBoost_Roseville_System_Load_Forecast\forecast_outputs\replay_runs\rolling_origin_replay_results_20260701_223218_35104c9e84.csv,35104c9e84def14abddb4cc8e9bec25d34c978cef865bb3813646afc3eb60dd7,7680,2024-10-13T07:00:00+00:00,2026-06-14T06:00:00+00:00,rolling_origin_replay
2026-07-01T22:32:20.110087+00:00,rolling_origin_replay_stage_metrics,C:\Users\ProsserJames\PycharmProjects\XGBoost_Roseville_System_Load_Forecast\forecast_outputs\replay_runs\rolling_origin_replay_stage_metrics_20260701_223220_e4544d65a4.csv,e4544d65a47e679aa74cdac6cc58249a363d13904f76c648261eb97314da10fe,15,,,rolling_origin_replay
2026-07-01T22:32:20.138636+00:00,rolling_origin_replay_origin_metrics_by_stage,C:\Users\ProsserJames\PycharmProjects\XGBoost_Roseville_System_Load_Forecast\forecast_outputs\replay_runs\rolling_origin_replay_origin_metrics_by_stage_20260701_223220_d6c7862efb.csv,d6c7862efb41ee4d69c133d675fd0cc48c09b077c2fdead36939dbd56dad13b9,300,,,rolling_origin_replay
2026-07-01T22:32:20.148062+00:00,production_readiness_scorecard,C:\Users\ProsserJames\PycharmProjects\XGBoost_Roseville_System_Load_Forecast\forecast_outputs\replay_runs\production_readiness_scorecard_20260701_223220_99f982acce.csv,99f982accec52c215b91667696d510467f805d5f0ec88930e1b22a3747ff4dc4,9,,,rolling_origin_replay
2026-07-01T22:32:20.207380+00:00,june_hot_origin_diagnostics,C:\Users\ProsserJames\PycharmProjects\XGBoost_Roseville_System_Load_Forecast\forecast_outputs\replay_runs\june_hot_origin_diagnostics_20260701_223220_d1fc03ac95.csv,d1fc03ac9556f5e5407bd92dc63a17ca341dbbba1b4627d32ca789c15860779c,266,2025-06-01T21:00:00+00:00,2026-06-14T03:00:00+00:00,rolling_origin_replay
2026-07-02T01:25:56.162514+00:00,rolling_origin_replay_results,C:\Users\ProsserJames\PycharmProjects\XGBoost_Roseville_System_Load_Forecast\forecast_outputs\replay_runs\rolling_origin_replay_results_20260702_012555_81e4d835ac.csv,81e4d835ac0f07a322a69140b974b076cbc72c30fc097f078c1f2af253915e97,7680,2024-10-13T07:00:00+00:00,2026-06-14T06:00:00+00:00,rolling_origin_replay
2026-07-02T01:25:56.182626+00:00,rolling_origin_replay_stage_metrics,C:\Users\ProsserJames\PycharmProjects\XGBoost_Roseville_System_Load_Forecast\forecast_outputs\replay_runs\rolling_origin_replay_stage_metrics_20260702_012556_2861489c8e.csv,2861489c8e722953bf811282e206e302c4171e3d9db5568a8a1d8c37cefc1551,15,,,rolling_origin_replay
2026-07-02T01:25:56.211647+00:00,rolling_origin_replay_origin_metrics_by_stage,C:\Users\ProsserJames\PycharmProjects\XGBoost_Roseville_System_Load_Forecast\forecast_outputs\replay_runs\rolling_origin_replay_origin_metrics_by_stage_20260702_012556_586f1d8dfd.csv,586f1d8dfd0fcb87c07fb870c23384a48a89a858b878ad3805d6e505a27f7b82,300,,,rolling_origin_replay
2026-07-02T01:25:56.220952+00:00,production_readiness_scorecard,C:\Users\ProsserJames\PycharmProjects\XGBoost_Roseville_System_Load_Forecast\forecast_outputs\replay_runs\production_readiness_scorecard_20260702_012556_43278ffef3.csv,43278ffef3f69875f276f12ad72cb37657cf715ee2aa744c6625a6fcd46d5454,9,,,rolling_origin_replay
2026-07-02T01:25:56.288760+00:00,june_hot_origin_diagnostics,C:\Users\ProsserJames\PycharmProjects\XGBoost_Roseville_System_Load_Forecast\forecast_outputs\replay_runs\june_hot_origin_diagnostics_20260702_012556_eae53ad8ad.csv,eae53ad8ad6539d5caf522a875037aeb04316a99a7e5085b7bf0a52ec5b79fe9,266,2025-06-01T21:00:00+00:00,2026-06-14T03:00:00+00:00,rolling_origin_replay
2026-07-02T05:05:52.463155+00:00,rolling_origin_replay_results,C:\Users\ProsserJames\PycharmProjects\XGBoost_Roseville_System_Load_Forecast\forecast_outputs\replay_runs\rolling_origin_replay_results_20260702_050551_2534f1e699.csv,2534f1e699ad6e33dcc7cded59ffe478b9d0a7cfd2d35a04b5942a81ed6a4d40,7680,2024-10-13T07:00:00+00:00,2026-06-14T06:00:00+00:00,rolling_origin_replay
2026-07-02T05:05:52.473129+00:00,rolling_origin_replay_stage_metrics,C:\Users\ProsserJames\PycharmProjects\XGBoost_Roseville_System_Load_Forecast\forecast_outputs\replay_runs\rolling_origin_replay_stage_metrics_20260702_050552_779db1ed4f.csv,779db1ed4f0247d769b044fea540f07225b1f050ba973725aa8e5694bae9e150,15,,,rolling_origin_replay
2026-07-02T05:05:52.501675+00:00,rolling_origin_replay_origin_metrics_by_stage,C:\Users\ProsserJames\PycharmProjects\XGBoost_Roseville_System_Load_Forecast\forecast_outputs\replay_runs\rolling_origin_replay_origin_metrics_by_stage_20260702_050552_1f41361517.csv,1f4136151770100bd97469b131e3ec60a0349dd37498948fcc09930a4cc1a51e,300,,,rolling_origin_replay
2026-07-02T05:05:52.511180+00:00,production_readiness_scorecard,C:\Users\ProsserJames\PycharmProjects\XGBoost_Roseville_System_Load_Forecast\forecast_outputs\replay_runs\production_readiness_scorecard_20260702_050552_1462930f18.csv,1462930f1893a492d20e20f2c6c09e49bea9b4368bc22cd81fdd8ed9ff4ab804,9,,,rolling_origin_replay
2026-07-02T05:05:52.603891+00:00,june_hot_origin_diagnostics,C:\Users\ProsserJames\PycharmProjects\XGBoost_Roseville_System_Load_Forecast\forecast_outputs\replay_runs\june_hot_origin_diagnostics_20260702_050552_0b8f2b8a44.csv,0b8f2b8a4430d7a8b03a890b2e146c7fceb1108b6b2fd14d46aa3c8b39f00a76,266,2025-06-01T21:00:00+00:00,2026-06-14T03:00:00+00:00,rolling_origin_replay
2026-07-02T17:58:47.360542+00:00,rolling_origin_replay_results,C:\Users\ProsserJames\PycharmProjects\XGBoost_Roseville_System_Load_Forecast\forecast_outputs\replay_runs\rolling_origin_replay_results_20260702_175846_2afb57b31c.csv,2afb57b31c4b3ee3054e638b00cf39b24e579df6a744a38c95aec0194384a406,7680,2024-10-13T07:00:00+00:00,2026-06-14T06:00:00+00:00,rolling_origin_replay
2026-07-02T17:58:47.380655+00:00,rolling_origin_replay_stage_metrics,C:\Users\ProsserJames\PycharmProjects\XGBoost_Roseville_System_Load_Forecast\forecast_outputs\replay_runs\rolling_origin_replay_stage_metrics_20260702_175847_cce2e84210.csv,cce2e8421074cbc3cbbe8d2466297bc8edd797403f006a80a6c3e5a04bc6dcd7,15,,,rolling_origin_replay
2026-07-02T17:58:47.405688+00:00,rolling_origin_replay_origin_metrics_by_stage,C:\Users\ProsserJames\PycharmProjects\XGBoost_Roseville_System_Load_Forecast\forecast_outputs\replay_runs\rolling_origin_replay_origin_metrics_by_stage_20260702_175847_7aa155d4f5.csv,7aa155d4f50bbc32b9c67021cd71dd54e96c2d05adb8f8f727f1103f77b4e04d,300,,,rolling_origin_replay
2026-07-02T17:58:47.415689+00:00,production_readiness_scorecard,C:\Users\ProsserJames\PycharmProjects\XGBoost_Roseville_System_Load_Forecast\forecast_outputs\replay_runs\production_readiness_scorecard_20260702_175847_748c59e537.csv,748c59e53779002a964d66cf2da7ccded7c54847d70192f974eefccc791ef115,9,,,rolling_origin_replay
2026-07-02T17:58:47.474739+00:00,june_hot_origin_diagnostics,C:\Users\ProsserJames\PycharmProjects\XGBoost_Roseville_System_Load_Forecast\forecast_outputs\replay_runs\june_hot_origin_diagnostics_20260702_175847_e4d4637249.csv,e4d46372496ac816645d42c1e3c1fecb0f7ddd1b47b0580a97e36f1387798e16,266,2025-06-01T21:00:00+00:00,2026-06-14T03:00:00+00:00,rolling_origin_replay
2026-07-02T18:47:10.604858+00:00,rolling_origin_replay_results,C:\Users\ProsserJames\PycharmProjects\XGBoost_Roseville_System_Load_Forecast\forecast_outputs\replay_runs\rolling_origin_replay_results_20260702_184710_bc527b96b8.csv,bc527b96b8691aab3338c582069581f4c79a1854324429e3ac076a8ad7e3e5c9,384,2025-06-22T07:00:00+00:00,2025-07-08T06:00:00+00:00,rolling_origin_replay
2026-07-02T18:47:10.615571+00:00,rolling_origin_replay_stage_metrics,C:\Users\ProsserJames\PycharmProjects\XGBoost_Roseville_System_Load_Forecast\forecast_outputs\replay_runs\rolling_origin_replay_stage_metrics_20260702_184710_aad7fab2ca.csv,aad7fab2cac6b5f3f535524ab9b943a2b0b6a01371e3a1c5113335962ad2ec91,14,,,rolling_origin_replay
2026-07-02T18:47:10.624079+00:00,rolling_origin_replay_origin_metrics_by_stage,C:\Users\ProsserJames\PycharmProjects\XGBoost_Roseville_System_Load_Forecast\forecast_outputs\replay_runs\rolling_origin_replay_origin_metrics_by_stage_20260702_184710_30015dd232.csv,30015dd232f21131f39a8420b7e61cd77e98262a3b13979f450fbf21d22c58c8,14,,,rolling_origin_replay
2026-07-02T18:47:10.634597+00:00,production_readiness_scorecard,C:\Users\ProsserJames\PycharmProjects\XGBoost_Roseville_System_Load_Forecast\forecast_outputs\replay_runs\production_readiness_scorecard_20260702_184710_279475b6bb.csv,279475b6bb11aa532e2aea85076659656353fdd27d238366cc39849551042a02,9,,,rolling_origin_replay
2026-07-02T18:47:10.659133+00:00,june_hot_origin_diagnostics,C:\Users\ProsserJames\PycharmProjects\XGBoost_Roseville_System_Load_Forecast\forecast_outputs\replay_runs\june_hot_origin_diagnostics_20260702_184710_57ce5abfda.csv,57ce5abfda06540f34fa01ce244b0326a16ceb9e245cb445ad6ba2c5dd9c7f91,56,2025-06-23T21:00:00+00:00,2025-07-01T03:00:00+00:00,rolling_origin_replay
2026-07-02T21:08:17.697377+00:00,rolling_origin_replay_results,C:\Users\ProsserJames\PycharmProjects\XGBoost_Roseville_System_Load_Forecast\forecast_outputs\replay_runs\rolling_origin_replay_results_20260702_210815_d746cf5cf3.csv,d746cf5cf3dd813003f686331f6a0c058bc77336426b2ba0c846f5aa4bdcbed1,7680,2024-10-13T07:00:00+00:00,2026-06-14T06:00:00+00:00,rolling_origin_replay
2026-07-02T21:08:17.735913+00:00,rolling_origin_replay_stage_metrics,C:\Users\ProsserJames\PycharmProjects\XGBoost_Roseville_System_Load_Forecast\forecast_outputs\replay_runs\rolling_origin_replay_stage_metrics_20260702_210817_83e3203a9d.csv,83e3203a9d037011bf332e2f7e2bbd30db24304c7dce3292414ece2ef984a48a,15,,,rolling_origin_replay
2026-07-02T21:08:17.794461+00:00,rolling_origin_replay_origin_metrics_by_stage,C:\Users\ProsserJames\PycharmProjects\XGBoost_Roseville_System_Load_Forecast\forecast_outputs\replay_runs\rolling_origin_replay_origin_metrics_by_stage_20260702_210817_fc6d136ad3.csv,fc6d136ad3f47c5c176e06c7947793adee1b9e98307acce42ce7fbd486be463e,300,,,rolling_origin_replay
2026-07-02T21:08:17.824987+00:00,production_readiness_scorecard,C:\Users\ProsserJames\PycharmProjects\XGBoost_Roseville_System_Load_Forecast\forecast_outputs\replay_runs\production_readiness_scorecard_20260702_210817_bc8394a018.csv,bc8394a018d1933dc2cee46c220564f7ba61cee40ce4f31a14b2e44a25b8e608,9,,,rolling_origin_replay
2026-07-02T21:08:17.963661+00:00,june_hot_origin_diagnostics,C:\Users\ProsserJames\PycharmProjects\XGBoost_Roseville_System_Load_Forecast\forecast_outputs\replay_runs\june_hot_origin_diagnostics_20260702_210817_a250b0fc6b.csv,a250b0fc6b57e2f9423ef41de40da8bc58981f175e7838eb06dc6abb42400594,266,2025-06-01T21:00:00+00:00,2026-06-14T03:00:00+00:00,rolling_origin_replay
2026-07-02T23:29:52.595000+00:00,rolling_origin_replay_results,C:\Users\ProsserJames\PycharmProjects\XGBoost_Roseville_System_Load_Forecast\forecast_outputs\replay_runs\rolling_origin_replay_results_20260702_232951_51abeeaa99.csv,51abeeaa991e2bd59ae74ec695799f57bcf4f89fb1275fea2a07324ef5ad1860,7680,2024-10-13T07:00:00+00:00,2026-06-14T06:00:00+00:00,rolling_origin_replay
2026-07-02T23:29:52.604998+00:00,rolling_origin_replay_stage_metrics,C:\Users\ProsserJames\PycharmProjects\XGBoost_Roseville_System_Load_Forecast\forecast_outputs\replay_runs\rolling_origin_replay_stage_metrics_20260702_232952_bc5b3670eb.csv,bc5b3670eb42ee342c77b5c781e6cdc2bb86ffab3eeac83912fe4bcf5d5f8946,15,,,rolling_origin_replay
2026-07-02T23:29:52.631967+00:00,rolling_origin_replay_origin_metrics_by_stage,C:\Users\ProsserJames\PycharmProjects\XGBoost_Roseville_System_Load_Forecast\forecast_outputs\replay_runs\rolling_origin_replay_origin_metrics_by_stage_20260702_232952_41461ff1be.csv,41461ff1beb5814bdf06c46063dba25778e0ffe47c7bd75726d19438d9939db0,300,,,rolling_origin_replay
2026-07-02T23:29:52.641971+00:00,production_readiness_scorecard,C:\Users\ProsserJames\PycharmProjects\XGBoost_Roseville_System_Load_Forecast\forecast_outputs\replay_runs\production_readiness_scorecard_20260702_232952_d4dc325d9f.csv,d4dc325d9f3ba591c9d3420de49e30e7dbad845682de2ed530c92a414e28db10,9,,,rolling_origin_replay
2026-07-02T23:29:52.705146+00:00,june_hot_origin_diagnostics,C:\Users\ProsserJames\PycharmProjects\XGBoost_Roseville_System_Load_Forecast\forecast_outputs\replay_runs\june_hot_origin_diagnostics_20260702_232952_4c85d94fb2.csv,4c85d94fb2f4e8d892606cae5bd6f4bb8fa97d6bc1eb9a04e7c7f1967bdd47b8,266,2025-06-01T21:00:00+00:00,2026-06-14T03:00:00+00:00,rolling_origin_replay
2026-07-03T04:58:59.429449+00:00,rolling_origin_replay_results,C:\Users\ProsserJames\PycharmProjects\XGBoost_Roseville_System_Load_Forecast\forecast_outputs\replay_runs\rolling_origin_replay_results_20260703_045858_1ceb90206f.csv,1ceb90206f3eeeb240021bf589a560bfae0ecbd9e4fae271dac6c62f22899920,7680,2024-10-13T07:00:00+00:00,2026-06-14T06:00:00+00:00,rolling_origin_replay
2026-07-03T04:58:59.442420+00:00,rolling_origin_replay_stage_metrics,C:\Users\ProsserJames\PycharmProjects\XGBoost_Roseville_System_Load_Forecast\forecast_outputs\replay_runs\rolling_origin_replay_stage_metrics_20260703_045859_618bab4864.csv,618bab4864f527b67bae3b986c20e2d3a89f589dba2ee7c2322e075de40fbb6d,15,,,rolling_origin_replay
2026-07-03T04:58:59.471449+00:00,rolling_origin_replay_origin_metrics_by_stage,C:\Users\ProsserJames\PycharmProjects\XGBoost_Roseville_System_Load_Forecast\forecast_outputs\replay_runs\rolling_origin_replay_origin_metrics_by_stage_20260703_045859_975913da16.csv,975913da166ac66447bd279d906dc3ba4f39ebabc876ac17bc57dc7be15a6827,300,,,rolling_origin_replay
2026-07-03T04:58:59.483450+00:00,production_readiness_scorecard,C:\Users\ProsserJames\PycharmProjects\XGBoost_Roseville_System_Load_Forecast\forecast_outputs\replay_runs\production_readiness_scorecard_20260703_045859_48a173347a.csv,48a173347ac00516ddca8e0aa220a67d64494b7c48f0518c717efba5f1434f8d,9,,,rolling_origin_replay
2026-07-03T04:58:59.553171+00:00,june_hot_origin_diagnostics,C:\Users\ProsserJames\PycharmProjects\XGBoost_Roseville_System_Load_Forecast\forecast_outputs\replay_runs\june_hot_origin_diagnostics_20260703_045859_6f5f4b47e5.csv,6f5f4b47e5c42204d9e1dca7294707d2f9f57e16951d5b3dcf65b3437a5cce31,266,2025-06-01T21:00:00+00:00,2026-06-14T03:00:00+00:00,rolling_origin_replay
2026-07-03T17:00:12.631386+00:00,rolling_origin_replay_results,C:\Users\ProsserJames\PycharmProjects\XGBoost_Roseville_System_Load_Forecast\forecast_outputs\replay_runs\rolling_origin_replay_results_20260703_170011_f7c36b5cb3.csv,f7c36b5cb394d2d4441a93365098a3be2b9567ea36f1559fbe6aac4a133a4750,7680,2024-10-13T07:00:00+00:00,2026-06-14T06:00:00+00:00,rolling_origin_replay
2026-07-03T17:00:12.658415+00:00,rolling_origin_replay_stage_metrics,C:\Users\ProsserJames\PycharmProjects\XGBoost_Roseville_System_Load_Forecast\forecast_outputs\replay_runs\rolling_origin_replay_stage_metrics_20260703_170012_22c17c3af0.csv,22c17c3af0ced8a4f17254216131a21650483493fea6a5b1368c67e428260269,15,,,rolling_origin_replay
2026-07-03T17:00:12.690384+00:00,rolling_origin_replay_origin_metrics_by_stage,C:\Users\ProsserJames\PycharmProjects\XGBoost_Roseville_System_Load_Forecast\forecast_outputs\replay_runs\rolling_origin_replay_origin_metrics_by_stage_20260703_170012_37d76d2c75.csv,37d76d2c75eb986aa327547d1c951dde2928c505016be03baaedd02ed8e5e13e,300,,,rolling_origin_replay
2026-07-03T17:00:12.705388+00:00,production_readiness_scorecard,C:\Users\ProsserJames\PycharmProjects\XGBoost_Roseville_System_Load_Forecast\forecast_outputs\replay_runs\production_readiness_scorecard_20260703_170012_88638db3c1.csv,88638db3c1707700f0174ff255fbff68b9314fcd205f44b5f8fe42811387b259,9,,,rolling_origin_replay
2026-07-03T17:00:12.794252+00:00,june_hot_origin_diagnostics,C:\Users\ProsserJames\PycharmProjects\XGBoost_Roseville_System_Load_Forecast\forecast_outputs\replay_runs\june_hot_origin_diagnostics_20260703_170012_ac814f58ed.csv,ac814f58ed1b20ac8736cf6e988502928d6f3bbfa41bbe2fbf0abfabf5e669c2,266,2025-06-01T21:00:00+00:00,2026-06-14T03:00:00+00:00,rolling_origin_replay
2026-07-04T04:45:08.594079+00:00,rolling_origin_replay_results,C:\Users\ProsserJames\PycharmProjects\XGBoost_Roseville_System_Load_Forecast\forecast_outputs\replay_runs\rolling_origin_replay_results_20260704_044507_d05f0e7668.csv,d05f0e7668c3b726bbcc530c078bded60e9c2f05ccf055abd5b4b3649267c470,7680,2024-10-13T07:00:00+00:00,2026-06-14T06:00:00+00:00,rolling_origin_replay
2026-07-04T04:45:08.613503+00:00,rolling_origin_replay_stage_metrics,C:\Users\ProsserJames\PycharmProjects\XGBoost_Roseville_System_Load_Forecast\forecast_outputs\replay_runs\rolling_origin_replay_stage_metrics_20260704_044508_1d2a74d41c.csv,1d2a74d41c9be44f1970907b3f0ee7c151b64c535216be1c803321340f99fc41,15,,,rolling_origin_replay
2026-07-04T04:45:08.640552+00:00,rolling_origin_replay_origin_metrics_by_stage,C:\Users\ProsserJames\PycharmProjects\XGBoost_Roseville_System_Load_Forecast\forecast_outputs\replay_runs\rolling_origin_replay_origin_metrics_by_stage_20260704_044508_56f7c1f8ca.csv,56f7c1f8ca9ba6306e92498b26ba533165cb1e274e068bd602f1bb523a45bf8e,300,,,rolling_origin_replay
2026-07-04T04:45:08.652579+00:00,production_readiness_scorecard,C:\Users\ProsserJames\PycharmProjects\XGBoost_Roseville_System_Load_Forecast\forecast_outputs\replay_runs\production_readiness_scorecard_20260704_044508_ffc5873f22.csv,ffc5873f22ea476f6be9a9b3e1dd48935c4fd7224210492ecca5eb22d6266136,9,,,rolling_origin_replay
2026-07-04T04:45:08.715012+00:00,june_hot_origin_diagnostics,C:\Users\ProsserJames\PycharmProjects\XGBoost_Roseville_System_Load_Forecast\forecast_outputs\replay_runs\june_hot_origin_diagnostics_20260704_044508_a71a082e26.csv,a71a082e260de4fb5321e6f9470397891f12384836c639554888bbc6bcf506c0,266,2025-06-01T21:00:00+00:00,2026-06-14T03:00:00+00:00,rolling_origin_replay
2026-07-04T06:37:05.077508+00:00,rolling_origin_replay_results,C:\Users\ProsserJames\PycharmProjects\XGBoost_Roseville_System_Load_Forecast\forecast_outputs\replay_runs\rolling_origin_replay_results_20260704_063703_23cf963896.csv,23cf963896fd33925733853a91ad6abb0364c41e49be2847d579728c76d10a66,7680,2024-10-13T07:00:00+00:00,2026-06-14T06:00:00+00:00,rolling_origin_replay
2026-07-04T06:37:05.096286+00:00,rolling_origin_replay_stage_metrics,C:\Users\ProsserJames\PycharmProjects\XGBoost_Roseville_System_Load_Forecast\forecast_outputs\replay_runs\rolling_origin_replay_stage_metrics_20260704_063705_20de8272ed.csv,20de8272edc2c900409e42f493d27afdb7fd813be699f5b59ca60a292341e6e9,15,,,rolling_origin_replay
2026-07-04T06:37:05.223806+00:00,rolling_origin_replay_origin_metrics_by_stage,C:\Users\ProsserJames\PycharmProjects\XGBoost_Roseville_System_Load_Forecast\forecast_outputs\replay_runs\rolling_origin_replay_origin_metrics_by_stage_20260704_063705_ce25786bee.csv,ce25786beee140e829b0c207ca40dba03aae387cb23e16d30e7fcd7eb1df7a08,300,,,rolling_origin_replay
2026-07-04T06:37:05.290820+00:00,production_readiness_scorecard,C:\Users\ProsserJames\PycharmProjects\XGBoost_Roseville_System_Load_Forecast\forecast_outputs\replay_runs\production_readiness_scorecard_20260704_063705_8c3077fe03.csv,8c3077fe034ce4b852f3ae5cd599f7eaea3371cafa0195f3eb5d724f5dfe5bf5,9,,,rolling_origin_replay
2026-07-04T06:37:05.416582+00:00,june_hot_origin_diagnostics,C:\Users\ProsserJames\PycharmProjects\XGBoost_Roseville_System_Load_Forecast\forecast_outputs\replay_runs\june_hot_origin_diagnostics_20260704_063705_e1c1ce24d4.csv,e1c1ce24d4a3888ed557ed9368e471f880705a923d1698b3dd23d17a0a0697a8,266,2025-06-01T21:00:00+00:00,2026-06-14T03:00:00+00:00,rolling_origin_replay
2026-07-04T16:53:19.325331+00:00,rolling_origin_replay_results,C:\Users\ProsserJames\PycharmProjects\XGBoost_Roseville_System_Load_Forecast\forecast_outputs\replay_runs\rolling_origin_replay_results_20260704_165317_c408c85f3d.csv,c408c85f3dc6e73f2a15a57c730969a900c27d514d48f2cbc3d7a4f448c1f478,7680,2024-10-13T07:00:00+00:00,2026-06-14T06:00:00+00:00,rolling_origin_replay
2026-07-04T16:53:19.366332+00:00,rolling_origin_replay_stage_metrics,C:\Users\ProsserJames\PycharmProjects\XGBoost_Roseville_System_Load_Forecast\forecast_outputs\replay_runs\rolling_origin_replay_stage_metrics_20260704_165319_57fbd110d4.csv,57fbd110d4678b3fa6379029d1ecedcc2cfbcf0e373c68b2e35c89ac9fe2c11d,15,,,rolling_origin_replay
2026-07-04T16:53:19.416851+00:00,rolling_origin_replay_origin_metrics_by_stage,C:\Users\ProsserJames\PycharmProjects\XGBoost_Roseville_System_Load_Forecast\forecast_outputs\replay_runs\rolling_origin_replay_origin_metrics_by_stage_20260704_165319_a835ac4e93.csv,a835ac4e939f4b47ae0e69876137ceffff90d2772207d81399393a99055e8c41,300,,,rolling_origin_replay
2026-07-04T16:53:19.428853+00:00,production_readiness_scorecard,C:\Users\ProsserJames\PycharmProjects\XGBoost_Roseville_System_Load_Forecast\forecast_outputs\replay_runs\production_readiness_scorecard_20260704_165319_96511a1cba.csv,96511a1cba59dd2d553769dc7180fdef428dfcc9c9c84389bcfe876ccd3877d7,9,,,rolling_origin_replay
2026-07-04T16:53:19.521370+00:00,june_hot_origin_diagnostics,C:\Users\ProsserJames\PycharmProjects\XGBoost_Roseville_System_Load_Forecast\forecast_outputs\replay_runs\june_hot_origin_diagnostics_20260704_165319_df42aef738.csv,df42aef738452a8283e1544ffd642630d5e70b54bfe981ad778043992c993197,266,2025-06-01T21:00:00+00:00,2026-06-14T03:00:00+00:00,rolling_origin_replay
2026-07-05T22:07:29.756296+00:00,rolling_origin_replay_results,C:\Users\ProsserJames\PycharmProjects\XGBoost_Roseville_System_Load_Forecast\forecast_outputs\replay_runs\rolling_origin_replay_results_20260705_220728_235940e35b.csv,235940e35b501c24b48dd238cdbb2ac0aae329760a4d2ff29e085b2d52416958,7680,2024-10-13T07:00:00+00:00,2026-06-14T06:00:00+00:00,rolling_origin_replay
2026-07-05T22:07:29.776611+00:00,rolling_origin_replay_stage_metrics,C:\Users\ProsserJames\PycharmProjects\XGBoost_Roseville_System_Load_Forecast\forecast_outputs\replay_runs\rolling_origin_replay_stage_metrics_20260705_220729_6d3b9b8236.csv,6d3b9b8236699b9584aa32628373fc7658f5146b74c3ee275c32ca7fa5fe3d64,15,,,rolling_origin_replay
2026-07-05T22:07:29.806548+00:00,rolling_origin_replay_origin_metrics_by_stage,C:\Users\ProsserJames\PycharmProjects\XGBoost_Roseville_System_Load_Forecast\forecast_outputs\replay_runs\rolling_origin_replay_origin_metrics_by_stage_20260705_220729_2a3f4df1ca.csv,2a3f4df1ca7f08246a547957ee71ffce744343110a65fbcaf3813555b06371e3,300,,,rolling_origin_replay
2026-07-05T22:07:29.817738+00:00,production_readiness_scorecard,C:\Users\ProsserJames\PycharmProjects\XGBoost_Roseville_System_Load_Forecast\forecast_outputs\replay_runs\production_readiness_scorecard_20260705_220729_1b14062bcc.csv,1b14062bcca0257c76beb8ff1b2892f9644d29aef972ea59ed646fdca4556755,9,,,rolling_origin_replay
2026-07-05T22:07:29.878830+00:00,june_hot_origin_diagnostics,C:\Users\ProsserJames\PycharmProjects\XGBoost_Roseville_System_Load_Forecast\forecast_outputs\replay_runs\june_hot_origin_diagnostics_20260705_220729_5294fff585.csv,5294fff585810920328d8ba73b572d72f0c895df58af669c50a163caf4ccbaa7,266,2025-06-01T21:00:00+00:00,2026-06-14T03:00:00+00:00,rolling_origin_replay
2026-07-06T00:08:55.444285+00:00,rolling_origin_replay_results,C:\Users\ProsserJames\PycharmProjects\XGBoost_Roseville_System_Load_Forecast\forecast_outputs\replay_runs\rolling_origin_replay_results_20260706_000854_59699fee93.csv,59699fee93ced95dc076067ff3e6f736a2f89c983f415b32f1a863f19f346a8d,7680,2024-10-13T07:00:00+00:00,2026-06-14T06:00:00+00:00,rolling_origin_replay
2026-07-06T00:08:55.457285+00:00,rolling_origin_replay_stage_metrics,C:\Users\ProsserJames\PycharmProjects\XGBoost_Roseville_System_Load_Forecast\forecast_outputs\replay_runs\rolling_origin_replay_stage_metrics_20260706_000855_07d9b39879.csv,07d9b398798a2644f3863be878f2f6068d06245acd445dd57ad445cf3219890e,15,,,rolling_origin_replay
2026-07-06T00:08:55.486319+00:00,rolling_origin_replay_origin_metrics_by_stage,C:\Users\ProsserJames\PycharmProjects\XGBoost_Roseville_System_Load_Forecast\forecast_outputs\replay_runs\rolling_origin_replay_origin_metrics_by_stage_20260706_000855_112c63fa3c.csv,112c63fa3cad4d7349879c42aef2d07bca236d3bb7ddea231979874b7e17706b,300,,,rolling_origin_replay
2026-07-06T00:08:55.498860+00:00,production_readiness_scorecard,C:\Users\ProsserJames\PycharmProjects\XGBoost_Roseville_System_Load_Forecast\forecast_outputs\replay_runs\production_readiness_scorecard_20260706_000855_641103ec6a.csv,641103ec6ae611812ace00805f0d8e1235f4b19a9b40f558d5a108d753b642a9,9,,,rolling_origin_replay
2026-07-06T00:08:55.567834+00:00,june_hot_origin_diagnostics,C:\Users\ProsserJames\PycharmProjects\XGBoost_Roseville_System_Load_Forecast\forecast_outputs\replay_runs\june_hot_origin_diagnostics_20260706_000855_a8ee70f5bc.csv,a8ee70f5bc80a29b7486079084f5af37dfd9efad3c06500a6042c4e699c7ac30,266,2025-06-01T21:00:00+00:00,2026-06-14T03:00:00+00:00,rolling_origin_replay
2026-07-06T16:27:10.189989+00:00,rolling_origin_replay_results,C:\Users\ProsserJames\PycharmProjects\XGBoost_Roseville_System_Load_Forecast\forecast_outputs\replay_runs\rolling_origin_replay_results_20260706_162708_cac36632c0.csv,cac36632c0180410a50c098429f09ad10816ab4262f9a630d2bc992d6c4ff22e,7680,2024-10-13T07:00:00+00:00,2026-06-14T06:00:00+00:00,rolling_origin_replay
2026-07-06T16:27:10.200569+00:00,rolling_origin_replay_stage_metrics,C:\Users\ProsserJames\PycharmProjects\XGBoost_Roseville_System_Load_Forecast\forecast_outputs\replay_runs\rolling_origin_replay_stage_metrics_20260706_162710_a019695924.csv,a019695924f6f1f8a562d69b21165c7b5781d6225c46c6b501e1e81ed1e162b7,15,,,rolling_origin_replay
2026-07-06T16:27:10.227121+00:00,rolling_origin_replay_origin_metrics_by_stage,C:\Users\ProsserJames\PycharmProjects\XGBoost_Roseville_System_Load_Forecast\forecast_outputs\replay_runs\rolling_origin_replay_origin_metrics_by_stage_20260706_162710_5a780236c0.csv,5a780236c0697a775896e3252601044fa253d5ee906d475a08a00c9b34daaf73,300,,,rolling_origin_replay
2026-07-06T16:27:10.237145+00:00,production_readiness_scorecard,C:\Users\ProsserJames\PycharmProjects\XGBoost_Roseville_System_Load_Forecast\forecast_outputs\replay_runs\production_readiness_scorecard_20260706_162710_1cc2730ff0.csv,1cc2730ff011c3b80e2492f210f5b649b5e00f6ce88b23d4b3ea5465dac4eb34,9,,,rolling_origin_replay
2026-07-06T16:27:10.299528+00:00,june_hot_origin_diagnostics,C:\Users\ProsserJames\PycharmProjects\XGBoost_Roseville_System_Load_Forecast\forecast_outputs\replay_runs\june_hot_origin_diagnostics_20260706_162710_4402ce7fe5.csv,4402ce7fe5e437037a04aec95ec205decaf74b97ce84ffadace73c56a3ce5e55,266,2025-06-01T21:00:00+00:00,2026-06-14T03:00:00+00:00,rolling_origin_replay
2026-07-07T02:59:27.567205+00:00,rolling_origin_replay_results,C:\Users\ProsserJames\PycharmProjects\XGBoost_Roseville_System_Load_Forecast\forecast_outputs\replay_runs\rolling_origin_replay_results_20260707_025926_0a7580ba12.csv,0a7580ba124fba6e4065c1b6c91b84f28b233c8c096bf9861c9a3adcadfe973e,7680,2024-10-13T07:00:00+00:00,2026-06-14T06:00:00+00:00,rolling_origin_replay
2026-07-07T02:59:27.586165+00:00,rolling_origin_replay_stage_metrics,C:\Users\ProsserJames\PycharmProjects\XGBoost_Roseville_System_Load_Forecast\forecast_outputs\replay_runs\rolling_origin_replay_stage_metrics_20260707_025927_3db409879b.csv,3db409879b3baf9bc27b8f78fc957cf83cb22c2af6016d388695dcc0cfac4978,15,,,rolling_origin_replay
2026-07-07T02:59:27.618679+00:00,rolling_origin_replay_origin_metrics_by_stage,C:\Users\ProsserJames\PycharmProjects\XGBoost_Roseville_System_Load_Forecast\forecast_outputs\replay_runs\rolling_origin_replay_origin_metrics_by_stage_20260707_025927_b16943825d.csv,b16943825d84ca0c4bd5f614c17bfe1c3ce1e70525120d42ab680f4ecf65a581,300,,,rolling_origin_replay
2026-07-07T02:59:27.632189+00:00,production_readiness_scorecard,C:\Users\ProsserJames\PycharmProjects\XGBoost_Roseville_System_Load_Forecast\forecast_outputs\replay_runs\production_readiness_scorecard_20260707_025927_3cf68ea8d5.csv,3cf68ea8d56e709ce15218cd9c68f250fb5190f63d8a00d34abe37640bc5c6a7,9,,,rolling_origin_replay
2026-07-07T02:59:27.703834+00:00,june_hot_origin_diagnostics,C:\Users\ProsserJames\PycharmProjects\XGBoost_Roseville_System_Load_Forecast\forecast_outputs\replay_runs\june_hot_origin_diagnostics_20260707_025927_472871bb11.csv,472871bb116f04d8b982984fa8874fb701d69d671a033fbf101c0b6d40849b29,266,2025-06-01T21:00:00+00:00,2026-06-14T03:00:00+00:00,rolling_origin_replay
2026-07-07T05:35:02.220695+00:00,rolling_origin_replay_results,C:\Users\ProsserJames\PycharmProjects\XGBoost_Roseville_System_Load_Forecast\forecast_outputs\replay_runs\rolling_origin_replay_results_20260707_053500_e64ebe6835.csv,e64ebe6835c3f6390c88b1113e13c66058a8b03d22a0660a2d62011c28c26918,7680,2024-10-13T07:00:00+00:00,2026-06-14T06:00:00+00:00,rolling_origin_replay
2026-07-07T05:35:02.242257+00:00,rolling_origin_replay_stage_metrics,C:\Users\ProsserJames\PycharmProjects\XGBoost_Roseville_System_Load_Forecast\forecast_outputs\replay_runs\rolling_origin_replay_stage_metrics_20260707_053502_d5f659b41e.csv,d5f659b41efd33db5e4a9a210bf7f07896a436a6255b2e8b09a26362aded4e64,15,,,rolling_origin_replay
2026-07-07T05:35:02.270324+00:00,rolling_origin_replay_origin_metrics_by_stage,C:\Users\ProsserJames\PycharmProjects\XGBoost_Roseville_System_Load_Forecast\forecast_outputs\replay_runs\rolling_origin_replay_origin_metrics_by_stage_20260707_053502_41347c029f.csv,41347c029fc417c855436fd0e41cadc76deb7c660d37b32cf1b6ea8c7f0c8d68,300,,,rolling_origin_replay
2026-07-07T05:35:02.280107+00:00,production_readiness_scorecard,C:\Users\ProsserJames\PycharmProjects\XGBoost_Roseville_System_Load_Forecast\forecast_outputs\replay_runs\production_readiness_scorecard_20260707_053502_d2c7453090.csv,d2c74530902948bcd402174a731c8616a58848fbf5e07b87544863efc816383d,9,,,rolling_origin_replay
2026-07-07T05:35:02.343677+00:00,june_hot_origin_diagnostics,C:\Users\ProsserJames\PycharmProjects\XGBoost_Roseville_System_Load_Forecast\forecast_outputs\replay_runs\june_hot_origin_diagnostics_20260707_053502_3d6ffb0a33.csv,3d6ffb0a33ba1c948c376a8a1b364fe4dc2e78062ab2b852d1e7dd768ec24863,266,2025-06-01T21:00:00+00:00,2026-06-14T03:00:00+00:00,rolling_origin_replay
2026-07-07T18:53:16.441218+00:00,rolling_origin_replay_results,C:\Users\ProsserJames\PycharmProjects\XGBoost_Roseville_System_Load_Forecast\forecast_outputs\replay_runs\rolling_origin_replay_results_20260707_185315_4bf18f9bb8.csv,4bf18f9bb8e3b188c6307b2bfbfd86d503b8f40af91384c4790612061bc52175,7680,2024-10-13T07:00:00+00:00,2026-06-14T06:00:00+00:00,rolling_origin_replay
2026-07-07T18:53:16.466972+00:00,rolling_origin_replay_stage_metrics,C:\Users\ProsserJames\PycharmProjects\XGBoost_Roseville_System_Load_Forecast\forecast_outputs\replay_runs\rolling_origin_replay_stage_metrics_20260707_185316_b1bc423349.csv,b1bc423349cbfd350bd8d7c6ffb8ab0c213f9c5ba463fec547de83937e3e3b24,15,,,rolling_origin_replay
2026-07-07T18:53:16.499935+00:00,rolling_origin_replay_origin_metrics_by_stage,C:\Users\ProsserJames\PycharmProjects\XGBoost_Roseville_System_Load_Forecast\forecast_outputs\replay_runs\rolling_origin_replay_origin_metrics_by_stage_20260707_185316_d38c136ee0.csv,d38c136ee01f3db008287e8a29d0829bfe6dd2abab4f6e39596f7a8644f34070,300,,,rolling_origin_replay
2026-07-07T18:53:16.511976+00:00,production_readiness_scorecard,C:\Users\ProsserJames\PycharmProjects\XGBoost_Roseville_System_Load_Forecast\forecast_outputs\replay_runs\production_readiness_scorecard_20260707_185316_2d2a739f4d.csv,2d2a739f4d33df538a26324356933d810a8e01d922d6448f44c73874950e628d,9,,,rolling_origin_replay
2026-07-07T18:53:16.582383+00:00,june_hot_origin_diagnostics,C:\Users\ProsserJames\PycharmProjects\XGBoost_Roseville_System_Load_Forecast\forecast_outputs\replay_runs\june_hot_origin_diagnostics_20260707_185316_e0305290a2.csv,e0305290a28ba0c7d72d888303d39cc0e843b2583e3bec2a0fc2bdaad080e504,266,2025-06-01T21:00:00+00:00,2026-06-14T03:00:00+00:00,rolling_origin_replay
2026-07-07T20:37:36.962564+00:00,rolling_origin_replay_results,C:\Users\ProsserJames\PycharmProjects\XGBoost_Roseville_System_Load_Forecast\forecast_outputs\replay_runs\rolling_origin_replay_results_20260707_203735_cdf8c4a945.csv,cdf8c4a945732ebe81b6537446658cc14897c4d5b911d6a6f061630bd273f491,7680,2024-10-13T07:00:00+00:00,2026-06-14T06:00:00+00:00,rolling_origin_replay
2026-07-07T20:37:36.974168+00:00,rolling_origin_replay_stage_metrics,C:\Users\ProsserJames\PycharmProjects\XGBoost_Roseville_System_Load_Forecast\forecast_outputs\replay_runs\rolling_origin_replay_stage_metrics_20260707_203736_505b495edf.csv,505b495edf9ec68585ce49fc5cbb4f7807131294240b7827faacb0304f49a61b,15,,,rolling_origin_replay
2026-07-07T20:37:37.010187+00:00,rolling_origin_replay_origin_metrics_by_stage,C:\Users\ProsserJames\PycharmProjects\XGBoost_Roseville_System_Load_Forecast\forecast_outputs\replay_runs\rolling_origin_replay_origin_metrics_by_stage_20260707_203736_3f97afe17e.csv,3f97afe17ec3690ea3c7ace6d7ae315c44488e55c260b04592bdd4c70c4a66c5,300,,,rolling_origin_replay
2026-07-07T20:37:37.020278+00:00,production_readiness_scorecard,C:\Users\ProsserJames\PycharmProjects\XGBoost_Roseville_System_Load_Forecast\forecast_outputs\replay_runs\production_readiness_scorecard_20260707_203737_3ae9539f98.csv,3ae9539f986b93a014664d29a4010e02806eed01dacbe1e56d151976cbb76e57,9,,,rolling_origin_replay
2026-07-07T20:37:37.084340+00:00,june_hot_origin_diagnostics,C:\Users\ProsserJames\PycharmProjects\XGBoost_Roseville_System_Load_Forecast\forecast_outputs\replay_runs\june_hot_origin_diagnostics_20260707_203737_67d5dc8eac.csv,67d5dc8eac106f042e347601d4ffec2c724a88dde29270545c4c49170e592cd5,266,2025-06-01T21:00:00+00:00,2026-06-14T03:00:00+00:00,rolling_origin_replay
2026-07-07T23:18:25.232530+00:00,rolling_origin_replay_results,C:\Users\ProsserJames\PycharmProjects\XGBoost_Roseville_System_Load_Forecast\forecast_outputs\replay_runs\rolling_origin_replay_results_20260707_231822_31d5fc56ff.csv,31d5fc56ffae6f6955d1ebad49445b6e17f6043bd4065fb996bcb7265ef2c42e,7680,2024-10-13T07:00:00+00:00,2026-06-14T06:00:00+00:00,rolling_origin_replay
2026-07-07T23:18:25.258048+00:00,rolling_origin_replay_stage_metrics,C:\Users\ProsserJames\PycharmProjects\XGBoost_Roseville_System_Load_Forecast\forecast_outputs\replay_runs\rolling_origin_replay_stage_metrics_20260707_231825_5dd9e47ae8.csv,5dd9e47ae877a69039e2d85faa6bde14ee2c6a8733a5ae3bce104e07ab5ed684,15,,,rolling_origin_replay
2026-07-07T23:18:25.295570+00:00,rolling_origin_replay_origin_metrics_by_stage,C:\Users\ProsserJames\PycharmProjects\XGBoost_Roseville_System_Load_Forecast\forecast_outputs\replay_runs\rolling_origin_replay_origin_metrics_by_stage_20260707_231825_ab608e585b.csv,ab608e585b0e66c227fc7c277ef972d86ed8bf050bc65ef9d389a94e78a2f6fc,300,,,rolling_origin_replay
2026-07-07T23:18:25.310089+00:00,production_readiness_scorecard,C:\Users\ProsserJames\PycharmProjects\XGBoost_Roseville_System_Load_Forecast\forecast_outputs\replay_runs\production_readiness_scorecard_20260707_231825_9687bea5b0.csv,9687bea5b01fcf564eb29ad0873e48e13f452b571a7bc8e4bae8dcc021f178b3,9,,,rolling_origin_replay
2026-07-07T23:18:25.424253+00:00,june_hot_origin_diagnostics,C:\Users\ProsserJames\PycharmProjects\XGBoost_Roseville_System_Load_Forecast\forecast_outputs\replay_runs\june_hot_origin_diagnostics_20260707_231825_c22d21cd25.csv,c22d21cd25d7e448888bd5fa0c879861881baacf1561f866864f907deab47de6,266,2025-06-01T21:00:00+00:00,2026-06-14T03:00:00+00:00,rolling_origin_replay
2026-07-08T15:04:07.963196+00:00,rolling_origin_replay_results,C:\Users\ProsserJames\PycharmProjects\XGBoost_Roseville_System_Load_Forecast\forecast_outputs\replay_runs\rolling_origin_replay_results_20260708_150406_8b0360136c.csv,8b0360136cc9c10960a2e413ab50933746042bee4a94e162e6fef4cbf003cb17,7680,2024-10-13T07:00:00+00:00,2026-06-14T06:00:00+00:00,rolling_origin_replay
2026-07-08T15:04:07.977210+00:00,rolling_origin_replay_stage_metrics,C:\Users\ProsserJames\PycharmProjects\XGBoost_Roseville_System_Load_Forecast\forecast_outputs\replay_runs\rolling_origin_replay_stage_metrics_20260708_150407_c7387ad323.csv,c7387ad323c559c356394cab013512ded5691b19b7ea7f37be236b818fe2cc4a,15,,,rolling_origin_replay
2026-07-08T15:04:08.005930+00:00,rolling_origin_replay_origin_metrics_by_stage,C:\Users\ProsserJames\PycharmProjects\XGBoost_Roseville_System_Load_Forecast\forecast_outputs\replay_runs\rolling_origin_replay_origin_metrics_by_stage_20260708_150407_d8a8b26f0a.csv,d8a8b26f0aa7d35a29e5153bdf0dd8fce7053d95270f21f9c4525bfdfb633119,300,,,rolling_origin_replay
2026-07-08T15:04:08.016930+00:00,production_readiness_scorecard,C:\Users\ProsserJames\PycharmProjects\XGBoost_Roseville_System_Load_Forecast\forecast_outputs\replay_runs\production_readiness_scorecard_20260708_150408_401a00ae66.csv,401a00ae6627a8cec29ba86508d002605bf06e8cc962e19135bccaec10cd1224,9,,,rolling_origin_replay
2026-07-08T15:04:08.085997+00:00,june_hot_origin_diagnostics,C:\Users\ProsserJames\PycharmProjects\XGBoost_Roseville_System_Load_Forecast\forecast_outputs\replay_runs\june_hot_origin_diagnostics_20260708_150408_4a18e54b92.csv,4a18e54b929ffd7f2e2654c6c6c526528bdef6c0f7e3dbf36c7410cd52776db2,266,2025-06-01T21:00:00+00:00,2026-06-14T03:00:00+00:00,rolling_origin_replay
2026-07-09T14:41:01.456227+00:00,rolling_origin_replay_results,C:\Users\ProsserJames\PycharmProjects\XGBoost_Roseville_System_Load_Forecast\forecast_outputs\replay_runs\rolling_origin_replay_results_20260709_144059_c142dd17a9.csv,c142dd17a9cf153f5966c4dc31c7200abbf3a9a42841bccf76bfad852f68ec60,7680,2024-10-13T07:00:00+00:00,2026-06-14T06:00:00+00:00,rolling_origin_replay
2026-07-09T14:41:01.484227+00:00,rolling_origin_replay_stage_metrics,C:\Users\ProsserJames\PycharmProjects\XGBoost_Roseville_System_Load_Forecast\forecast_outputs\replay_runs\rolling_origin_replay_stage_metrics_20260709_144101_a417599d85.csv,a417599d85021797c06f07731f4e731010bfca70d81067122632a0a02498d169,15,,,rolling_origin_replay
2026-07-09T14:41:01.527232+00:00,rolling_origin_replay_origin_metrics_by_stage,C:\Users\ProsserJames\PycharmProjects\XGBoost_Roseville_System_Load_Forecast\forecast_outputs\replay_runs\rolling_origin_replay_origin_metrics_by_stage_20260709_144101_82ad951901.csv,82ad951901868c5e3d9048a062d0ab18668d151a425545b89645c84b556cccb1,300,,,rolling_origin_replay
2026-07-09T14:41:01.545742+00:00,production_readiness_scorecard,C:\Users\ProsserJames\PycharmProjects\XGBoost_Roseville_System_Load_Forecast\forecast_outputs\replay_runs\production_readiness_scorecard_20260709_144101_3c94035c30.csv,3c94035c30efbdffddb7ba1e9e454d6bd6c38df3c5dfa4c45cb909ad847d0375,9,,,rolling_origin_replay
2026-07-09T14:41:01.652263+00:00,june_hot_origin_diagnostics,C:\Users\ProsserJames\PycharmProjects\XGBoost_Roseville_System_Load_Forecast\forecast_outputs\replay_runs\june_hot_origin_diagnostics_20260709_144101_c5627acefc.csv,c5627acefc4e9d5c5d49fdb568601a1e30bba83e97d624c55b7fa0ca991a51e2,266,2025-06-01T21:00:00+00:00,2026-06-14T03:00:00+00:00,rolling_origin_replay
2026-07-10T16:54:48.324280+00:00,rolling_origin_replay_results,C:\Users\ProsserJames\PycharmProjects\XGBoost_Roseville_System_Load_Forecast\forecast_outputs\replay_runs\rolling_origin_replay_results_20260710_165447_88937330b8.csv,88937330b833545bae8a579fc396ef14cc5ba15544fd4d7789382cc055bce6d1,7680,2024-10-13T07:00:00+00:00,2026-06-14T06:00:00+00:00,rolling_origin_replay
2026-07-10T16:54:48.347962+00:00,rolling_origin_replay_stage_metrics,C:\Users\ProsserJames\PycharmProjects\XGBoost_Roseville_System_Load_Forecast\forecast_outputs\replay_runs\rolling_origin_replay_stage_metrics_20260710_165448_2ac4bec23b.csv,2ac4bec23b797396ea2e411b606143ff9687d57e7eee0dd032577a522985a756,15,,,rolling_origin_replay
2026-07-10T16:54:48.384520+00:00,rolling_origin_replay_origin_metrics_by_stage,C:\Users\ProsserJames\PycharmProjects\XGBoost_Roseville_System_Load_Forecast\forecast_outputs\replay_runs\rolling_origin_replay_origin_metrics_by_stage_20260710_165448_ad162bffb1.csv,ad162bffb19da20d1dbba9e0a35e16fd539f66b574f0b2ded1d73b2ec230d6f8,300,,,rolling_origin_replay
2026-07-10T16:54:48.395549+00:00,production_readiness_scorecard,C:\Users\ProsserJames\PycharmProjects\XGBoost_Roseville_System_Load_Forecast\forecast_outputs\replay_runs\production_readiness_scorecard_20260710_165448_4c8f480810.csv,4c8f4808107df790d4644570c534c92afbeee9124ad7edf64893ccd74ad4c465,9,,,rolling_origin_replay
2026-07-10T16:54:48.458092+00:00,june_hot_origin_diagnostics,C:\Users\ProsserJames\PycharmProjects\XGBoost_Roseville_System_Load_Forecast\forecast_outputs\replay_runs\june_hot_origin_diagnostics_20260710_165448_aca43faffe.csv,aca43faffedc93313b32d18a16120fcd5c818c5ccaa2bd56e276b35286a3798b,266,2025-06-01T21:00:00+00:00,2026-06-14T03:00:00+00:00,rolling_origin_replay
2026-07-11T17:58:31.341691+00:00,rolling_origin_replay_results,C:\Users\ProsserJames\PycharmProjects\XGBoost_Roseville_System_Load_Forecast\forecast_outputs\replay_runs\rolling_origin_replay_results_20260711_175829_281c673a9a.csv,281c673a9aa845544d232937a5b53b73740be1425c90a560777ad8e7765b2488,7680,2024-10-13T07:00:00+00:00,2026-06-14T06:00:00+00:00,rolling_origin_replay
2026-07-11T17:58:31.387710+00:00,rolling_origin_replay_stage_metrics,C:\Users\ProsserJames\PycharmProjects\XGBoost_Roseville_System_Load_Forecast\forecast_outputs\replay_runs\rolling_origin_replay_stage_metrics_20260711_175831_001fcad513.csv,001fcad5132ce641bec61258437529415aba05c612f472bc848f74367cbc2dfb,15,,,rolling_origin_replay
2026-07-11T17:58:31.468218+00:00,rolling_origin_replay_origin_metrics_by_stage,C:\Users\ProsserJames\PycharmProjects\XGBoost_Roseville_System_Load_Forecast\forecast_outputs\replay_runs\rolling_origin_replay_origin_metrics_by_stage_20260711_175831_785d0ee614.csv,785d0ee614b8233b2d25eabe045ad4572b86e839e5ac2285ad2bba8336a18e7b,300,,,rolling_origin_replay
2026-07-11T17:58:31.526738+00:00,production_readiness_scorecard,C:\Users\ProsserJames\PycharmProjects\XGBoost_Roseville_System_Load_Forecast\forecast_outputs\replay_runs\production_readiness_scorecard_20260711_175831_d78c15bd1f.csv,d78c15bd1fada499e88a2d688f9f43e14293541503a05522aa99b4710cf53b4a,9,,,rolling_origin_replay
2026-07-11T17:58:31.828288+00:00,june_hot_origin_diagnostics,C:\Users\ProsserJames\PycharmProjects\XGBoost_Roseville_System_Load_Forecast\forecast_outputs\replay_runs\june_hot_origin_diagnostics_20260711_175831_0b1960eeec.csv,0b1960eeecce591300d767da1fb46cf807bb39d2d12b3c22ae799ed87060368d,266,2025-06-01T21:00:00+00:00,2026-06-14T03:00:00+00:00,rolling_origin_replay
2026-07-12T21:21:37.101615+00:00,rolling_origin_replay_results,C:\Users\ProsserJames\PycharmProjects\XGBoost_Roseville_System_Load_Forecast\forecast_outputs\replay_runs\rolling_origin_replay_results_20260712_212135_d1ef579257.csv,d1ef5792574337c9392846b7ee6ed4f4c4de0ad3e0dae891dc2213588c406be0,7680,2024-10-13T07:00:00+00:00,2026-06-14T06:00:00+00:00,rolling_origin_replay
2026-07-12T21:21:37.124724+00:00,rolling_origin_replay_stage_metrics,C:\Users\ProsserJames\PycharmProjects\XGBoost_Roseville_System_Load_Forecast\forecast_outputs\replay_runs\rolling_origin_replay_stage_metrics_20260712_212137_fdf4cf04b3.csv,fdf4cf04b3de162ea36a50beccbe0d2b96528e1dd71adbe993772c639c942f45,15,,,rolling_origin_replay
2026-07-12T21:21:37.153004+00:00,rolling_origin_replay_origin_metrics_by_stage,C:\Users\ProsserJames\PycharmProjects\XGBoost_Roseville_System_Load_Forecast\forecast_outputs\replay_runs\rolling_origin_replay_origin_metrics_by_stage_20260712_212137_20412ef42b.csv,20412ef42b781e24eb4c805706ad6f96e5e69ad0eddb3c820a99231e8583de27,300,,,rolling_origin_replay
2026-07-12T21:21:37.164475+00:00,production_readiness_scorecard,C:\Users\ProsserJames\PycharmProjects\XGBoost_Roseville_System_Load_Forecast\forecast_outputs\replay_runs\production_readiness_scorecard_20260712_212137_1644299412.csv,1644299412cb7ffd6add331f6ffd7a470bb551c4d6d0f6b6cbec3d100ffa2cf4,9,,,rolling_origin_replay
2026-07-12T21:21:37.227467+00:00,june_hot_origin_diagnostics,C:\Users\ProsserJames\PycharmProjects\XGBoost_Roseville_System_Load_Forecast\forecast_outputs\replay_runs\june_hot_origin_diagnostics_20260712_212137_e185b43e09.csv,e185b43e09d32380a16011fe28963d39f872f0e1ce60d7583380de24e0d91524,266,2025-06-01T21:00:00+00:00,2026-06-14T03:00:00+00:00,rolling_origin_replay
2026-07-13T14:45:27.531255+00:00,rolling_origin_replay_results,C:\Users\ProsserJames\PycharmProjects\XGBoost_Roseville_System_Load_Forecast\forecast_outputs\replay_runs\rolling_origin_replay_results_20260713_144526_7e3d99d512.csv,7e3d99d512e783f38d17e5012a8e8932c975d669a818a185d21ef047436fa9aa,7680,2024-10-13T07:00:00+00:00,2026-06-14T06:00:00+00:00,rolling_origin_replay
2026-07-13T14:45:27.544261+00:00,rolling_origin_replay_stage_metrics,C:\Users\ProsserJames\PycharmProjects\XGBoost_Roseville_System_Load_Forecast\forecast_outputs\replay_runs\rolling_origin_replay_stage_metrics_20260713_144527_7b3b931eac.csv,7b3b931eac8b8a54fda57f4be205c5a4f9d273f4a8a2f4d0ef07c5709bf7e500,15,,,rolling_origin_replay
2026-07-13T14:45:27.573200+00:00,rolling_origin_replay_origin_metrics_by_stage,C:\Users\ProsserJames\PycharmProjects\XGBoost_Roseville_System_Load_Forecast\forecast_outputs\replay_runs\rolling_origin_replay_origin_metrics_by_stage_20260713_144527_591b746276.csv,591b7462767b87a7fb951892aadbcee939333e9dd1ab117b1107f7a653009dda,300,,,rolling_origin_replay
2026-07-13T14:45:27.585217+00:00,production_readiness_scorecard,C:\Users\ProsserJames\PycharmProjects\XGBoost_Roseville_System_Load_Forecast\forecast_outputs\replay_runs\production_readiness_scorecard_20260713_144527_54d1c8ab62.csv,54d1c8ab629b0d6e6ad792646845d8f2fddaa0ccf31f8aa0132ad3c419e62e8b,9,,,rolling_origin_replay
2026-07-13T14:45:27.654000+00:00,june_hot_origin_diagnostics,C:\Users\ProsserJames\PycharmProjects\XGBoost_Roseville_System_Load_Forecast\forecast_outputs\replay_runs\june_hot_origin_diagnostics_20260713_144527_e33f1ef551.csv,e33f1ef551fd90dc27c24daaf1660815b9d5b365eba3c2177e2ebc51709de917,266,2025-06-01T21:00:00+00:00,2026-06-14T03:00:00+00:00,rolling_origin_replay
2026-07-14T16:26:21.082655+00:00,rolling_origin_replay_results,C:\Users\ProsserJames\PycharmProjects\XGBoost_Roseville_System_Load_Forecast\forecast_outputs\replay_runs\rolling_origin_replay_results_20260714_162619_552e07ac16.csv,552e07ac1679a353a90b96ec4e2a98e282abe9abdd25dd09b29f8bd8d402d70f,7680,2024-10-13T07:00:00+00:00,2026-06-14T06:00:00+00:00,rolling_origin_replay
2026-07-14T16:26:21.104655+00:00,rolling_origin_replay_stage_metrics,C:\Users\ProsserJames\PycharmProjects\XGBoost_Roseville_System_Load_Forecast\forecast_outputs\replay_runs\rolling_origin_replay_stage_metrics_20260714_162621_f0dbf51eb0.csv,f0dbf51eb042a5a00167acdb683eb2c550e497cf19cde9e6c1b786bc2a44e5c4,15,,,rolling_origin_replay
2026-07-14T16:26:21.132655+00:00,rolling_origin_replay_origin_metrics_by_stage,C:\Users\ProsserJames\PycharmProjects\XGBoost_Roseville_System_Load_Forecast\forecast_outputs\replay_runs\rolling_origin_replay_origin_metrics_by_stage_20260714_162621_7ffd3792b4.csv,7ffd3792b481c9978424a772a446cb13102350b6970865de91dfbc56b7f221c3,300,,,rolling_origin_replay
2026-07-14T16:26:21.144658+00:00,production_readiness_scorecard,C:\Users\ProsserJames\PycharmProjects\XGBoost_Roseville_System_Load_Forecast\forecast_outputs\replay_runs\production_readiness_scorecard_20260714_162621_f8c1293da4.csv,f8c1293da496695d21b153e68f7b7f0a1c21518c22af92363b17147b248060d4,9,,,rolling_origin_replay
2026-07-14T16:26:21.211232+00:00,june_hot_origin_diagnostics,C:\Users\ProsserJames\PycharmProjects\XGBoost_Roseville_System_Load_Forecast\forecast_outputs\replay_runs\june_hot_origin_diagnostics_20260714_162621_5be7b8b91d.csv,5be7b8b91d2672b1087271212d9f8caab11fc55eaf85cf66fdfaaa1a413ef8bf,266,2025-06-01T21:00:00+00:00,2026-06-14T03:00:00+00:00,rolling_origin_replay
2026-07-15T14:32:00.862160+00:00,rolling_origin_replay_results,C:\Users\ProsserJames\PycharmProjects\XGBoost_Roseville_System_Load_Forecast\forecast_outputs\replay_runs\rolling_origin_replay_results_20260715_143159_650f4631c8.csv,650f4631c85116fe2167d2fa6a0260e5ef9f33a1130d6937cd0bc3cdc90eda4e,7680,2024-10-13T07:00:00+00:00,2026-06-14T06:00:00+00:00,rolling_origin_replay
2026-07-15T14:32:00.884207+00:00,rolling_origin_replay_stage_metrics,C:\Users\ProsserJames\PycharmProjects\XGBoost_Roseville_System_Load_Forecast\forecast_outputs\replay_runs\rolling_origin_replay_stage_metrics_20260715_143200_f388ec2ce2.csv,f388ec2ce27cd45c6ecf74ccf4cdf52f11994a3b414c7cc3d573443cdc308158,15,,,rolling_origin_replay
2026-07-15T14:32:00.911368+00:00,rolling_origin_replay_origin_metrics_by_stage,C:\Users\ProsserJames\PycharmProjects\XGBoost_Roseville_System_Load_Forecast\forecast_outputs\replay_runs\rolling_origin_replay_origin_metrics_by_stage_20260715_143200_2f2fbc1a2a.csv,2f2fbc1a2aed6828aa1b3f98e2019edda08483dccf93b6753d75d4fb7aca0a05,300,,,rolling_origin_replay
2026-07-15T14:32:00.922321+00:00,production_readiness_scorecard,C:\Users\ProsserJames\PycharmProjects\XGBoost_Roseville_System_Load_Forecast\forecast_outputs\replay_runs\production_readiness_scorecard_20260715_143200_8d5c711b0e.csv,8d5c711b0ec8ebccf6d225f03ac32bc0ef8768e1cbc4e85e351c7a405350754d,9,,,rolling_origin_replay
2026-07-15T14:32:00.985849+00:00,june_hot_origin_diagnostics,C:\Users\ProsserJames\PycharmProjects\XGBoost_Roseville_System_Load_Forecast\forecast_outputs\replay_runs\june_hot_origin_diagnostics_20260715_143200_2f82a9f819.csv,2f82a9f819d70ed8178e7101f2d00a488089b6141374a4c0067284b0123c0f5a,266,2025-06-01T21:00:00+00:00,2026-06-14T03:00:00+00:00,rolling_origin_replay
2026-07-15T23:06:35.861410+00:00,rolling_origin_replay_results,C:\Users\ProsserJames\PycharmProjects\XGBoost_Roseville_System_Load_Forecast\forecast_outputs\replay_runs\rolling_origin_replay_results_20260715_230634_e39ebceeb1.csv,e39ebceeb1e5c8fc2ed5f9e5823742bb3e0a756e5282c852c0b34b4cea5e9ac9,7680,2024-10-13T07:00:00+00:00,2026-06-14T06:00:00+00:00,rolling_origin_replay
2026-07-15T23:06:35.884375+00:00,rolling_origin_replay_stage_metrics,C:\Users\ProsserJames\PycharmProjects\XGBoost_Roseville_System_Load_Forecast\forecast_outputs\replay_runs\rolling_origin_replay_stage_metrics_20260715_230635_2f60a20813.csv,2f60a208130444a2117ab71fede0fe602e19236d2ba21ae0393dc9fba590998f,15,,,rolling_origin_replay
2026-07-15T23:06:35.911119+00:00,rolling_origin_replay_origin_metrics_by_stage,C:\Users\ProsserJames\PycharmProjects\XGBoost_Roseville_System_Load_Forecast\forecast_outputs\replay_runs\rolling_origin_replay_origin_metrics_by_stage_20260715_230635_99da5007df.csv,99da5007df5948116bbfdbd9d651c43802b7ec72739b09bb6bc43c6f6072f77a,300,,,rolling_origin_replay
2026-07-15T23:06:35.924142+00:00,production_readiness_scorecard,C:\Users\ProsserJames\PycharmProjects\XGBoost_Roseville_System_Load_Forecast\forecast_outputs\replay_runs\production_readiness_scorecard_20260715_230635_00b257c85f.csv,00b257c85f4e0186364c96cbb182694d7aae99e9285e2a8532ba9afac63706b9,9,,,rolling_origin_replay
2026-07-15T23:06:35.987745+00:00,june_hot_origin_diagnostics,C:\Users\ProsserJames\PycharmProjects\XGBoost_Roseville_System_Load_Forecast\forecast_outputs\replay_runs\june_hot_origin_diagnostics_20260715_230635_e1995fae1e.csv,e1995fae1e2a4a7046b94d6ce90f06443233a2f79650a9c7bb6a3a05247df0bc,266,2025-06-01T21:00:00+00:00,2026-06-14T03:00:00+00:00,rolling_origin_replay
2026-07-16T16:55:51.847318+00:00,rolling_origin_replay_results,C:\Users\ProsserJames\PycharmProjects\XGBoost_Roseville_System_Load_Forecast\forecast_outputs\replay_runs\rolling_origin_replay_results_20260716_165550_02ac56dc6a.csv,02ac56dc6aa745735b945aaf92eaf23c55409b3b84ba81652f4c62066090e1c9,7680,2024-10-13T07:00:00+00:00,2026-06-14T06:00:00+00:00,rolling_origin_replay
2026-07-16T16:55:51.874074+00:00,rolling_origin_replay_stage_metrics,C:\Users\ProsserJames\PycharmProjects\XGBoost_Roseville_System_Load_Forecast\forecast_outputs\replay_runs\rolling_origin_replay_stage_metrics_20260716_165551_74a95e712d.csv,74a95e712d19847016f464f77b968ad5b773f19eb3264d6dbcbff1b23e0fcb02,15,,,rolling_origin_replay
2026-07-16T16:55:51.936401+00:00,rolling_origin_replay_origin_metrics_by_stage,C:\Users\ProsserJames\PycharmProjects\XGBoost_Roseville_System_Load_Forecast\forecast_outputs\replay_runs\rolling_origin_replay_origin_metrics_by_stage_20260716_165551_14608e8535.csv,14608e8535626b00fb02ac3721eaabbe1a67dd73eb0c6be42b9eb037d4881608,300,,,rolling_origin_replay
2026-07-16T16:55:51.965277+00:00,production_readiness_scorecard,C:\Users\ProsserJames\PycharmProjects\XGBoost_Roseville_System_Load_Forecast\forecast_outputs\replay_runs\production_readiness_scorecard_20260716_165551_c907b134e2.csv,c907b134e2383c8b7c30bade9b392ad1ea6d9fdc992b1f154af06c9cfb98065e,9,,,rolling_origin_replay
2026-07-16T16:55:52.084623+00:00,june_hot_origin_diagnostics,C:\Users\ProsserJames\PycharmProjects\XGBoost_Roseville_System_Load_Forecast\forecast_outputs\replay_runs\june_hot_origin_diagnostics_20260716_165551_5ea7bb9cf5.csv,5ea7bb9cf5c0523661d571524aabe5e4845cb6666e58763f45fb7fdebca61357,266,2025-06-01T21:00:00+00:00,2026-06-14T03:00:00+00:00,rolling_origin_replay
2026-07-17T16:02:02.303073+00:00,rolling_origin_replay_results,C:\Users\ProsserJames\PycharmProjects\XGBoost_Roseville_System_Load_Forecast\forecast_outputs\replay_runs\rolling_origin_replay_results_20260717_160201_208db9c806.csv,208db9c8066e79f8b9dbf72f7638b5a338506ceeca7fa36dc4f48d1056b4a78d,7680,2024-10-13T07:00:00+00:00,2026-06-14T06:00:00+00:00,rolling_origin_replay
2026-07-17T16:02:02.314099+00:00,rolling_origin_replay_stage_metrics,C:\Users\ProsserJames\PycharmProjects\XGBoost_Roseville_System_Load_Forecast\forecast_outputs\replay_runs\rolling_origin_replay_stage_metrics_20260717_160202_b64eb44cba.csv,b64eb44cba727f3e37e7476f8a6bc634c88481ab492ed143d1b3b50ce9c756ed,15,,,rolling_origin_replay
2026-07-17T16:02:02.351449+00:00,rolling_origin_replay_origin_metrics_by_stage,C:\Users\ProsserJames\PycharmProjects\XGBoost_Roseville_System_Load_Forecast\forecast_outputs\replay_runs\rolling_origin_replay_origin_metrics_by_stage_20260717_160202_704a1d7fed.csv,704a1d7fed201490fdabf35aa9dd7dd47bbf61b3884a373d2acacd8b541c01ed,300,,,rolling_origin_replay
2026-07-17T16:02:02.363484+00:00,production_readiness_scorecard,C:\Users\ProsserJames\PycharmProjects\XGBoost_Roseville_System_Load_Forecast\forecast_outputs\replay_runs\production_readiness_scorecard_20260717_160202_3be4e9121d.csv,3be4e9121d686f15088a4a8cb9bc36b2ccf181c7089acd345e9db20f16417d05,9,,,rolling_origin_replay
2026-07-17T16:02:02.426494+00:00,june_hot_origin_diagnostics,C:\Users\ProsserJames\PycharmProjects\XGBoost_Roseville_System_Load_Forecast\forecast_outputs\replay_runs\june_hot_origin_diagnostics_20260717_160202_72c75e63ff.csv,72c75e63ff85b50f20c93e956eda1aa9bc26d1669208a8e3ce54f09c038779ed,266,2025-06-01T21:00:00+00:00,2026-06-14T03:00:00+00:00,rolling_origin_replay
2026-07-18T17:44:35.472543+00:00,rolling_origin_replay_results,C:\Users\ProsserJames\PycharmProjects\XGBoost_Roseville_System_Load_Forecast\forecast_outputs\replay_runs\rolling_origin_replay_results_20260718_174434_6c25dadfde.csv,6c25dadfde4bc42aa5925eb15d8cd893d184193f2c320900b017e40f621d143c,7680,2024-10-13T07:00:00+00:00,2026-06-14T06:00:00+00:00,rolling_origin_replay
2026-07-18T17:44:35.484573+00:00,rolling_origin_replay_stage_metrics,C:\Users\ProsserJames\PycharmProjects\XGBoost_Roseville_System_Load_Forecast\forecast_outputs\replay_runs\rolling_origin_replay_stage_metrics_20260718_174435_3ef0b9c7b9.csv,3ef0b9c7b99c0526f533d3091f6dd3d5cb5cab38e258f84e52ab752e5e9c74d8,15,,,rolling_origin_replay
2026-07-18T17:44:35.512119+00:00,rolling_origin_replay_origin_metrics_by_stage,C:\Users\ProsserJames\PycharmProjects\XGBoost_Roseville_System_Load_Forecast\forecast_outputs\replay_runs\rolling_origin_replay_origin_metrics_by_stage_20260718_174435_2fc06191a3.csv,2fc06191a33f6011fcfd0c61bbacb6f3221f231613cb12c09fc52831be7030ae,300,,,rolling_origin_replay
2026-07-18T17:44:35.524152+00:00,production_readiness_scorecard,C:\Users\ProsserJames\PycharmProjects\XGBoost_Roseville_System_Load_Forecast\forecast_outputs\replay_runs\production_readiness_scorecard_20260718_174435_375d594550.csv,375d59455020280d4fa656bba0590bfc3a0ad72a91ced8c4f332da43e444ff91,9,,,rolling_origin_replay
2026-07-18T17:44:35.586692+00:00,june_hot_origin_diagnostics,C:\Users\ProsserJames\PycharmProjects\XGBoost_Roseville_System_Load_Forecast\forecast_outputs\replay_runs\june_hot_origin_diagnostics_20260718_174435_2de36bd025.csv,2de36bd025e443d1c1242406d9678d9e32e686add1a53f028a21465d5848ac41,266,2025-06-01T21:00:00+00:00,2026-06-14T03:00:00+00:00,rolling_origin_replay
2026-07-19T21:56:08.130472+00:00,rolling_origin_replay_results,C:\Users\ProsserJames\PycharmProjects\XGBoost_Roseville_System_Load_Forecast\forecast_outputs\replay_runs\rolling_origin_replay_results_20260719_215606_1322f6fe77.csv,1322f6fe7780af29305fce548c8f411f360654eb7623819686fb9f61edecfbdc,7680,2024-10-13T07:00:00+00:00,2026-06-14T06:00:00+00:00,rolling_origin_replay
2026-07-19T21:56:08.142984+00:00,rolling_origin_replay_stage_metrics,C:\Users\ProsserJames\PycharmProjects\XGBoost_Roseville_System_Load_Forecast\forecast_outputs\replay_runs\rolling_origin_replay_stage_metrics_20260719_215608_80fa60e099.csv,80fa60e099e5fa3a989fed27f7caa11077b896231e0a900feb4f1b578efad04a,15,,,rolling_origin_replay
2026-07-19T21:56:08.172982+00:00,rolling_origin_replay_origin_metrics_by_stage,C:\Users\ProsserJames\PycharmProjects\XGBoost_Roseville_System_Load_Forecast\forecast_outputs\replay_runs\rolling_origin_replay_origin_metrics_by_stage_20260719_215608_582de395d3.csv,582de395d306afab0a666da8c9056555ece641e06bfaaaf74b808cad63accfcf,300,,,rolling_origin_replay
2026-07-19T21:56:08.185984+00:00,production_readiness_scorecard,C:\Users\ProsserJames\PycharmProjects\XGBoost_Roseville_System_Load_Forecast\forecast_outputs\replay_runs\production_readiness_scorecard_20260719_215608_c0d31c1376.csv,c0d31c13767aca606e79cd1e5f4359de4b2d663b2987eabb4cbd8502044ebfcf,9,,,rolling_origin_replay
2026-07-19T21:56:08.251503+00:00,june_hot_origin_diagnostics,C:\Users\ProsserJames\PycharmProjects\XGBoost_Roseville_System_Load_Forecast\forecast_outputs\replay_runs\june_hot_origin_diagnostics_20260719_215608_cd87a50c95.csv,cd87a50c95a5f3309589d6c62bbc5093c4fca485af031e10f8c22cd0506b391c,266,2025-06-01T21:00:00+00:00,2026-06-14T03:00:00+00:00,rolling_origin_replay
2026-07-20T15:42:03.114685+00:00,rolling_origin_replay_results,C:\Users\ProsserJames\PycharmProjects\XGBoost_Roseville_System_Load_Forecast\forecast_outputs\replay_runs\rolling_origin_replay_results_20260720_154202_8698173b13.csv,8698173b13eddd0f4b42147cd0b4b9b07948e457162b4c81123d68b764dfab21,7680,2024-10-13T07:00:00+00:00,2026-06-14T06:00:00+00:00,rolling_origin_replay
2026-07-20T15:42:03.125721+00:00,rolling_origin_replay_stage_metrics,C:\Users\ProsserJames\PycharmProjects\XGBoost_Roseville_System_Load_Forecast\forecast_outputs\replay_runs\rolling_origin_replay_stage_metrics_20260720_154203_19d6cdf5a5.csv,19d6cdf5a5deaad5b5ab2625212c88d2dcc3a68ac355c0afdadca51d703282a2,15,,,rolling_origin_replay
2026-07-20T15:42:03.162129+00:00,rolling_origin_replay_origin_metrics_by_stage,C:\Users\ProsserJames\PycharmProjects\XGBoost_Roseville_System_Load_Forecast\forecast_outputs\replay_runs\rolling_origin_replay_origin_metrics_by_stage_20260720_154203_2a657ffacd.csv,2a657ffacd6f392fce144ad2a0b77f1d85c823c6778644cb975e777b092eaf94,300,,,rolling_origin_replay
2026-07-20T15:42:03.174543+00:00,production_readiness_scorecard,C:\Users\ProsserJames\PycharmProjects\XGBoost_Roseville_System_Load_Forecast\forecast_outputs\replay_runs\production_readiness_scorecard_20260720_154203_29175afcb0.csv,29175afcb095315a0a5bdf721e5a41c6a0b01cfb1d3786d6d1e92b48a77e8ae0,9,,,rolling_origin_replay
2026-07-20T15:42:03.236772+00:00,june_hot_origin_diagnostics,C:\Users\ProsserJames\PycharmProjects\XGBoost_Roseville_System_Load_Forecast\forecast_outputs\replay_runs\june_hot_origin_diagnostics_20260720_154203_a61cd08883.csv,a61cd08883621a4cbc83050eea880c6888d67e28b4c5e8ba92e9bdb1f85eee2b,266,2025-06-01T21:00:00+00:00,2026-06-14T03:00:00+00:00,rolling_origin_replay
2026-07-21T00:49:15.189983+00:00,rolling_origin_replay_results,C:\Users\ProsserJames\PycharmProjects\XGBoost_Roseville_System_Load_Forecast\forecast_outputs\replay_runs\rolling_origin_replay_results_20260721_004913_e0d7bd404b.csv,e0d7bd404bcf75214b296970ae10e1093fa4dba4ced9c5eacad1bfc294904e15,7680,2024-10-13T07:00:00+00:00,2026-06-14T06:00:00+00:00,rolling_origin_replay
2026-07-21T00:49:15.210984+00:00,rolling_origin_replay_stage_metrics,C:\Users\ProsserJames\PycharmProjects\XGBoost_Roseville_System_Load_Forecast\forecast_outputs\replay_runs\rolling_origin_replay_stage_metrics_20260721_004915_d9d300fa4a.csv,d9d300fa4a628c63a48923696da7d9058a1a46feb0e0bc11994b737e3affc09e,15,,,rolling_origin_replay
2026-07-21T00:49:15.246501+00:00,rolling_origin_replay_origin_metrics_by_stage,C:\Users\ProsserJames\PycharmProjects\XGBoost_Roseville_System_Load_Forecast\forecast_outputs\replay_runs\rolling_origin_replay_origin_metrics_by_stage_20260721_004915_854a98d008.csv,854a98d008a90aa3ec7c2f2319a70039619f2226b1356469d4b55d20da591193,300,,,rolling_origin_replay
2026-07-21T00:49:15.266501+00:00,production_readiness_scorecard,C:\Users\ProsserJames\PycharmProjects\XGBoost_Roseville_System_Load_Forecast\forecast_outputs\replay_runs\production_readiness_scorecard_20260721_004915_a6b72d1c82.csv,a6b72d1c82280447c60bef74bbc62426fa62fe8e11806196dd4834321c834168,9,,,rolling_origin_replay
2026-07-21T00:49:15.351015+00:00,june_hot_origin_diagnostics,C:\Users\ProsserJames\PycharmProjects\XGBoost_Roseville_System_Load_Forecast\forecast_outputs\replay_runs\june_hot_origin_diagnostics_20260721_004915_84601b0bf8.csv,84601b0bf8981b0cf558195838c27662cbed08bb416805253b4a9470a9fc00ff,266,2025-06-01T21:00:00+00:00,2026-06-14T03:00:00+00:00,rolling_origin_replay
2026-07-21T05:19:49.135342+00:00,rolling_origin_replay_results,C:\Users\ProsserJames\PycharmProjects\XGBoost_Roseville_System_Load_Forecast\forecast_outputs\replay_runs\rolling_origin_replay_results_20260721_051947_cabab81d46.csv,cabab81d467c184958d1b7bade78e833cab5875c126062cef31842c651144f77,7680,2024-10-13T07:00:00+00:00,2026-06-14T06:00:00+00:00,rolling_origin_replay
2026-07-21T05:19:49.148342+00:00,rolling_origin_replay_stage_metrics,C:\Users\ProsserJames\PycharmProjects\XGBoost_Roseville_System_Load_Forecast\forecast_outputs\replay_runs\rolling_origin_replay_stage_metrics_20260721_051949_06590545a3.csv,06590545a37dd864ee588659a043ca64c56173cb3df9f4c8fc4b7b8349bd35b2,15,,,rolling_origin_replay
2026-07-21T05:19:49.177342+00:00,rolling_origin_replay_origin_metrics_by_stage,C:\Users\ProsserJames\PycharmProjects\XGBoost_Roseville_System_Load_Forecast\forecast_outputs\replay_runs\rolling_origin_replay_origin_metrics_by_stage_20260721_051949_2d2273aa9a.csv,2d2273aa9a9f175f6cb1f6e9d304b26ac8537cee1dde1c9d79b1c33cb95df8ad,300,,,rolling_origin_replay
2026-07-21T05:19:49.190342+00:00,production_readiness_scorecard,C:\Users\ProsserJames\PycharmProjects\XGBoost_Roseville_System_Load_Forecast\forecast_outputs\replay_runs\production_readiness_scorecard_20260721_051949_47466ac339.csv,47466ac33934504b0e6712ec81224d6d87cd9d3763042a0057b0eba00d2fa4ff,9,,,rolling_origin_replay
2026-07-21T05:19:49.256398+00:00,june_hot_origin_diagnostics,C:\Users\ProsserJames\PycharmProjects\XGBoost_Roseville_System_Load_Forecast\forecast_outputs\replay_runs\june_hot_origin_diagnostics_20260721_051949_9906b8d66e.csv,9906b8d66eb456f97c2f19695cd002b2c45e73b408799bdc4177d002ffd07b9b,266,2025-06-01T21:00:00+00:00,2026-06-14T03:00:00+00:00,rolling_origin_replay
2026-07-21T16:57:32.650889+00:00,rolling_origin_replay_results,C:\Users\ProsserJames\PycharmProjects\XGBoost_Roseville_System_Load_Forecast\forecast_outputs\replay_runs\rolling_origin_replay_results_20260721_165731_fd9d0171be.csv,fd9d0171be62f30c64b693b4e8d92240d0700bfeefc56517cfed106fe0b84035,7680,2024-10-13T07:00:00+00:00,2026-06-14T06:00:00+00:00,rolling_origin_replay
2026-07-21T16:57:32.664066+00:00,rolling_origin_replay_stage_metrics,C:\Users\ProsserJames\PycharmProjects\XGBoost_Roseville_System_Load_Forecast\forecast_outputs\replay_runs\rolling_origin_replay_stage_metrics_20260721_165732_f26dc33e15.csv,f26dc33e15d3298b5d97f680958faf77eaebddb6e3c0172dc813aedfffd49b1f,15,,,rolling_origin_replay
2026-07-21T16:57:32.708342+00:00,rolling_origin_replay_origin_metrics_by_stage,C:\Users\ProsserJames\PycharmProjects\XGBoost_Roseville_System_Load_Forecast\forecast_outputs\replay_runs\rolling_origin_replay_origin_metrics_by_stage_20260721_165732_6d08fa304a.csv,6d08fa304af8aaf54eb2cf9e8cc1da9e923c40d5ba7b9f255bdcf291b8e2905e,300,,,rolling_origin_replay
2026-07-21T16:57:32.725496+00:00,production_readiness_scorecard,C:\Users\ProsserJames\PycharmProjects\XGBoost_Roseville_System_Load_Forecast\forecast_outputs\replay_runs\production_readiness_scorecard_20260721_165732_4738af8460.csv,4738af8460c45eca766d696d91e9b2ba13a4124372d9fafeff373916265859fb,9,,,rolling_origin_replay
2026-07-21T16:57:32.797693+00:00,june_hot_origin_diagnostics,C:\Users\ProsserJames\PycharmProjects\XGBoost_Roseville_System_Load_Forecast\forecast_outputs\replay_runs\june_hot_origin_diagnostics_20260721_165732_5e360afbeb.csv,5e360afbeb18c4d1dc49ac5eade6d15b6f3a23d61c7059487909d191e3433ed6,266,2025-06-01T21:00:00+00:00,2026-06-14T03:00:00+00:00,rolling_origin_replay
2026-07-21T19:38:04.356710+00:00,rolling_origin_replay_results,C:\Users\ProsserJames\PycharmProjects\XGBoost_Roseville_System_Load_Forecast\forecast_outputs\replay_runs\rolling_origin_replay_results_20260721_193803_e31f1cdec4.csv,e31f1cdec40ed5fca8d29afc1ae8eccacb6ba6c6e30b7571cddd1795857d3e32,7680,2024-10-13T07:00:00+00:00,2026-06-14T06:00:00+00:00,rolling_origin_replay
2026-07-21T19:38:04.368292+00:00,rolling_origin_replay_stage_metrics,C:\Users\ProsserJames\PycharmProjects\XGBoost_Roseville_System_Load_Forecast\forecast_outputs\replay_runs\rolling_origin_replay_stage_metrics_20260721_193804_be3548fc33.csv,be3548fc3363922a730c057953a25cdce0dab8b5b3d210ada72fe61b857fd4f2,15,,,rolling_origin_replay
2026-07-21T19:38:04.395326+00:00,rolling_origin_replay_origin_metrics_by_stage,C:\Users\ProsserJames\PycharmProjects\XGBoost_Roseville_System_Load_Forecast\forecast_outputs\replay_runs\rolling_origin_replay_origin_metrics_by_stage_20260721_193804_0bf82e3079.csv,0bf82e3079e19065a8d2790740998478afdd0da981c9641a9f94878d1f93f564,300,,,rolling_origin_replay
2026-07-21T19:38:04.417464+00:00,production_readiness_scorecard,C:\Users\ProsserJames\PycharmProjects\XGBoost_Roseville_System_Load_Forecast\forecast_outputs\replay_runs\production_readiness_scorecard_20260721_193804_f2cf19f1cb.csv,f2cf19f1cbb357cc2c6b4996f92a91dc47947b4ab316e28f5302e3ac48406372,9,,,rolling_origin_replay
2026-07-21T19:38:04.480681+00:00,june_hot_origin_diagnostics,C:\Users\ProsserJames\PycharmProjects\XGBoost_Roseville_System_Load_Forecast\forecast_outputs\replay_runs\june_hot_origin_diagnostics_20260721_193804_e7a75bd57e.csv,e7a75bd57e4993045a917170b745f08099822c30b9e6ce1080bce2b709a7948d,266,2025-06-01T21:00:00+00:00,2026-06-14T03:00:00+00:00,rolling_origin_replay
2026-07-21T21:19:56.684305+00:00,rolling_origin_replay_results,C:\Users\ProsserJames\PycharmProjects\XGBoost_Roseville_System_Load_Forecast\forecast_outputs\replay_runs\rolling_origin_replay_results_20260721_211955_eeff1e1a36.csv,eeff1e1a36cc8711c3805baad8583f29d0c84f7f067874d57d2fec6b4db3a18f,7680,2024-10-13T07:00:00+00:00,2026-06-14T06:00:00+00:00,rolling_origin_replay
2026-07-21T21:19:56.705307+00:00,rolling_origin_replay_stage_metrics,C:\Users\ProsserJames\PycharmProjects\XGBoost_Roseville_System_Load_Forecast\forecast_outputs\replay_runs\rolling_origin_replay_stage_metrics_20260721_211956_99088c5a7e.csv,99088c5a7eaa3895fa2b92960a8eea517ff473ce69698ce0f80e59921c01c9d4,15,,,rolling_origin_replay
2026-07-21T21:19:56.733307+00:00,rolling_origin_replay_origin_metrics_by_stage,C:\Users\ProsserJames\PycharmProjects\XGBoost_Roseville_System_Load_Forecast\forecast_outputs\replay_runs\rolling_origin_replay_origin_metrics_by_stage_20260721_211956_20eb121df1.csv,20eb121df14514bd16a3ef264e0735631529ff20422d022ca792b5af55c371f0,300,,,rolling_origin_replay
2026-07-21T21:19:56.744307+00:00,production_readiness_scorecard,C:\Users\ProsserJames\PycharmProjects\XGBoost_Roseville_System_Load_Forecast\forecast_outputs\replay_runs\production_readiness_scorecard_20260721_211956_884a9808cb.csv,884a9808cbe5fc036bd16c6170cff426f8dc891300346b32843bb430d73f32a7,9,,,rolling_origin_replay
2026-07-21T21:19:56.807337+00:00,june_hot_origin_diagnostics,C:\Users\ProsserJames\PycharmProjects\XGBoost_Roseville_System_Load_Forecast\forecast_outputs\replay_runs\june_hot_origin_diagnostics_20260721_211956_eb3c41c4a5.csv,eb3c41c4a5a4ca9d9ca23ceb28ecf31ab89b577a818a61d5ab1a8a24e2c521a9,266,2025-06-01T21:00:00+00:00,2026-06-14T03:00:00+00:00,rolling_origin_replay
2026-07-22T04:47:36.218514+00:00,rolling_origin_replay_results,C:\Users\ProsserJames\PycharmProjects\XGBoost_Roseville_System_Load_Forecast\forecast_outputs\replay_runs\rolling_origin_replay_results_20260722_044735_0ab8234da1.csv,0ab8234da1528e18f493ea804ec7ab0acc9977eecbf5d31c51c4b896feac1575,7680,2024-10-13T07:00:00+00:00,2026-06-14T06:00:00+00:00,rolling_origin_replay
2026-07-22T04:47:36.230021+00:00,rolling_origin_replay_stage_metrics,C:\Users\ProsserJames\PycharmProjects\XGBoost_Roseville_System_Load_Forecast\forecast_outputs\replay_runs\rolling_origin_replay_stage_metrics_20260722_044736_d1bf649533.csv,d1bf649533ffb6aabbb39975ef65eb146c257001689c66a89e21fa3d2e6e9788,15,,,rolling_origin_replay
2026-07-22T04:47:36.258037+00:00,rolling_origin_replay_origin_metrics_by_stage,C:\Users\ProsserJames\PycharmProjects\XGBoost_Roseville_System_Load_Forecast\forecast_outputs\replay_runs\rolling_origin_replay_origin_metrics_by_stage_20260722_044736_c6ca42f92c.csv,c6ca42f92c2c5c1f7188bb325486b7f30f07c6fbc28fbf5cd46f83a43ce40109,300,,,rolling_origin_replay
2026-07-22T04:47:36.270555+00:00,production_readiness_scorecard,C:\Users\ProsserJames\PycharmProjects\XGBoost_Roseville_System_Load_Forecast\forecast_outputs\replay_runs\production_readiness_scorecard_20260722_044736_e987518c19.csv,e987518c192ff4b8704500a1e854aeda2c41243c0cb83e5fab1170a5958368e2,9,,,rolling_origin_replay
2026-07-22T04:47:36.338599+00:00,june_hot_origin_diagnostics,C:\Users\ProsserJames\PycharmProjects\XGBoost_Roseville_System_Load_Forecast\forecast_outputs\replay_runs\june_hot_origin_diagnostics_20260722_044736_bc72145d3c.csv,bc72145d3c0ccc7e1a41afd757d5fd10071e2e7f911d5f71e9424de7671ad2c8,266,2025-06-01T21:00:00+00:00,2026-06-14T03:00:00+00:00,rolling_origin_replay
2026-07-22T06:56:50.982562+00:00,rolling_origin_replay_results,C:\Users\ProsserJames\PycharmProjects\XGBoost_Roseville_System_Load_Forecast\forecast_outputs\replay_runs\rolling_origin_replay_results_20260722_065649_da8c25a190.csv,da8c25a1908ba6caef51f9b23669a1b7bcf4a60502d3900ccaea0708782a96d8,7680,2024-10-13T07:00:00+00:00,2026-06-14T06:00:00+00:00,rolling_origin_replay
2026-07-22T06:56:50.994532+00:00,rolling_origin_replay_stage_metrics,C:\Users\ProsserJames\PycharmProjects\XGBoost_Roseville_System_Load_Forecast\forecast_outputs\replay_runs\rolling_origin_replay_stage_metrics_20260722_065650_69bdb1138c.csv,69bdb1138c3fcab95023d91388be78c1003409da2290b53d277b5637280f99ef,15,,,rolling_origin_replay
2026-07-22T06:56:51.021076+00:00,rolling_origin_replay_origin_metrics_by_stage,C:\Users\ProsserJames\PycharmProjects\XGBoost_Roseville_System_Load_Forecast\forecast_outputs\replay_runs\rolling_origin_replay_origin_metrics_by_stage_20260722_065651_f93d1a18da.csv,f93d1a18da816a643483857dc0c723b75fdf646a45d06c00930d157723cf8d07,300,,,rolling_origin_replay
2026-07-22T06:56:51.033141+00:00,production_readiness_scorecard,C:\Users\ProsserJames\PycharmProjects\XGBoost_Roseville_System_Load_Forecast\forecast_outputs\replay_runs\production_readiness_scorecard_20260722_065651_aad2bf42f1.csv,aad2bf42f15b93e1b335b03992856247f75f0fc88fde53bfa9ba126cba95af0f,9,,,rolling_origin_replay
2026-07-22T06:56:51.102579+00:00,june_hot_origin_diagnostics,C:\Users\ProsserJames\PycharmProjects\XGBoost_Roseville_System_Load_Forecast\forecast_outputs\replay_runs\june_hot_origin_diagnostics_20260722_065651_0d2790a42a.csv,0d2790a42a3c7bb3ae1232b3a672d87d7fb0bc0f541a2727551c8b043109c139,266,2025-06-01T21:00:00+00:00,2026-06-14T03:00:00+00:00,rolling_origin_replay
2026-07-22T15:16:18.118408+00:00,rolling_origin_replay_results,C:\Users\ProsserJames\PycharmProjects\XGBoost_Roseville_System_Load_Forecast\forecast_outputs\replay_runs\rolling_origin_replay_results_20260722_151616_b906228faf.csv,b906228faf039e0b44d49942a3d4650d0749519a3c75942cba96fdffc025e6fa,7680,2024-10-13T07:00:00+00:00,2026-06-14T06:00:00+00:00,rolling_origin_replay
2026-07-22T15:16:18.130409+00:00,rolling_origin_replay_stage_metrics,C:\Users\ProsserJames\PycharmProjects\XGBoost_Roseville_System_Load_Forecast\forecast_outputs\replay_runs\rolling_origin_replay_stage_metrics_20260722_151618_9a689d250f.csv,9a689d250f2131ec057f3b58913a29c5bb6098842680445f7e8b0873dd7e97dd,15,,,rolling_origin_replay
2026-07-22T15:16:18.159411+00:00,rolling_origin_replay_origin_metrics_by_stage,C:\Users\ProsserJames\PycharmProjects\XGBoost_Roseville_System_Load_Forecast\forecast_outputs\replay_runs\rolling_origin_replay_origin_metrics_by_stage_20260722_151618_edad7093c5.csv,edad7093c5dc00c0a5fcef6d2b6f8dbf6ff410a951ea9bcba41a2ae701670302,300,,,rolling_origin_replay
2026-07-22T15:16:18.171410+00:00,production_readiness_scorecard,C:\Users\ProsserJames\PycharmProjects\XGBoost_Roseville_System_Load_Forecast\forecast_outputs\replay_runs\production_readiness_scorecard_20260722_151618_84a85b5d5a.csv,84a85b5d5aea37765ad62a14d2f3d199c2ea08311e4a91e928677b1e6d3a56f2,9,,,rolling_origin_replay
2026-07-22T15:16:18.237411+00:00,june_hot_origin_diagnostics,C:\Users\ProsserJames\PycharmProjects\XGBoost_Roseville_System_Load_Forecast\forecast_outputs\replay_runs\june_hot_origin_diagnostics_20260722_151618_754cbaf145.csv,754cbaf145ccc6e2cc97eb966423d024cbfed3a4fd48979708fd2e4e029ec33f,266,2025-06-01T21:00:00+00:00,2026-06-14T03:00:00+00:00,rolling_origin_replay
2026-07-22T17:42:03.219897+00:00,rolling_origin_replay_results,C:\Users\ProsserJames\PycharmProjects\XGBoost_Roseville_System_Load_Forecast\forecast_outputs\replay_runs\rolling_origin_replay_results_20260722_174202_6a493656fb.csv,6a493656fbb6cd9662842e29965b263f673c02f331bb475eaeb0eae79c7f03aa,7680,2024-10-13T07:00:00+00:00,2026-06-14T06:00:00+00:00,rolling_origin_replay
2026-07-22T17:42:03.241508+00:00,rolling_origin_replay_stage_metrics,C:\Users\ProsserJames\PycharmProjects\XGBoost_Roseville_System_Load_Forecast\forecast_outputs\replay_runs\rolling_origin_replay_stage_metrics_20260722_174203_c12eb15b25.csv,c12eb15b25ce238a3a4d468139f3669d48a7ba2596f8c82d6d277446246b94a7,15,,,rolling_origin_replay
2026-07-22T17:42:03.259740+00:00,rolling_origin_replay_origin_metrics_by_stage,C:\Users\ProsserJames\PycharmProjects\XGBoost_Roseville_System_Load_Forecast\forecast_outputs\replay_runs\rolling_origin_replay_origin_metrics_by_stage_20260722_174203_a48d7d6961.csv,a48d7d6961ca6eab1f730e0832f25d53ada616a39eb460f8bb2c23b8923d1856,300,,,rolling_origin_replay
2026-07-22T17:42:03.275663+00:00,production_readiness_scorecard,C:\Users\ProsserJames\PycharmProjects\XGBoost_Roseville_System_Load_Forecast\forecast_outputs\replay_runs\production_readiness_scorecard_20260722_174203_feee4498c9.csv,feee4498c9bbfee1238d9ddc50dc6f8911c3747a0e52e456962af1ecd1d7e4a7,9,,,rolling_origin_replay
2026-07-22T17:42:03.344113+00:00,june_hot_origin_diagnostics,C:\Users\ProsserJames\PycharmProjects\XGBoost_Roseville_System_Load_Forecast\forecast_outputs\replay_runs\june_hot_origin_diagnostics_20260722_174203_b3be5bf115.csv,b3be5bf11558d58899dbac28ad2c9e34bdfa367626cfdcd17ec79e8e84924305,266,2025-06-01T21:00:00+00:00,2026-06-14T03:00:00+00:00,rolling_origin_replay
2026-07-22T21:35:05.697363+00:00,rolling_origin_replay_results,C:\Users\ProsserJames\PycharmProjects\XGBoost_Roseville_System_Load_Forecast\forecast_outputs\replay_runs\rolling_origin_replay_results_20260722_213503_e178bc54ae.csv,e178bc54ae85c8262b5089948a08aa2d09fe3df2d8165e717a88940b3a7b5326,7680,2024-10-13T07:00:00+00:00,2026-06-14T06:00:00+00:00,rolling_origin_replay
2026-07-22T21:35:05.718743+00:00,rolling_origin_replay_stage_metrics,C:\Users\ProsserJames\PycharmProjects\XGBoost_Roseville_System_Load_Forecast\forecast_outputs\replay_runs\rolling_origin_replay_stage_metrics_20260722_213505_2b1f16f54c.csv,2b1f16f54cc49430b6df4372c203ead263e7477da72883d8a206aa5b1c841180,15,,,rolling_origin_replay
2026-07-22T21:35:05.774076+00:00,rolling_origin_replay_origin_metrics_by_stage,C:\Users\ProsserJames\PycharmProjects\XGBoost_Roseville_System_Load_Forecast\forecast_outputs\replay_runs\rolling_origin_replay_origin_metrics_by_stage_20260722_213505_4d00d0f944.csv,4d00d0f94439b4c704059bdb53540f164f924983bf2b98f90d9d81c02efe2544,300,,,rolling_origin_replay
2026-07-22T21:35:05.791727+00:00,production_readiness_scorecard,C:\Users\ProsserJames\PycharmProjects\XGBoost_Roseville_System_Load_Forecast\forecast_outputs\replay_runs\production_readiness_scorecard_20260722_213505_1370f662e6.csv,1370f662e61a27881d63da5f08bbca0c47fc30d232e5c79b6586781a41552523,9,,,rolling_origin_replay
2026-07-22T21:35:05.870557+00:00,june_hot_origin_diagnostics,C:\Users\ProsserJames\PycharmProjects\XGBoost_Roseville_System_Load_Forecast\forecast_outputs\replay_runs\june_hot_origin_diagnostics_20260722_213505_67bb81bb55.csv,67bb81bb55f191d6224314d0d4f70d08b41103ef6d8eaba6852968331b760977,266,2025-06-01T21:00:00+00:00,2026-06-14T03:00:00+00:00,rolling_origin_replay
2026-07-23T04:57:17.669553+00:00,rolling_origin_replay_results,C:\Users\ProsserJames\PycharmProjects\XGBoost_Roseville_System_Load_Forecast\forecast_outputs\replay_runs\rolling_origin_replay_results_20260723_045716_b90c2762cf.csv,b90c2762cff8675ac718e4ccae62b307613bb0719dae751ef2fe11b15f42f893,7680,2024-10-13T07:00:00+00:00,2026-06-14T06:00:00+00:00,rolling_origin_replay
2026-07-23T04:57:17.711554+00:00,rolling_origin_replay_stage_metrics,C:\Users\ProsserJames\PycharmProjects\XGBoost_Roseville_System_Load_Forecast\forecast_outputs\replay_runs\rolling_origin_replay_stage_metrics_20260723_045717_0ccbe98f0b.csv,0ccbe98f0b6d8367e14074523a83285402b8b883e51e790295a61e8e0ad9dba6,15,,,rolling_origin_replay
2026-07-23T04:57:17.768074+00:00,rolling_origin_replay_origin_metrics_by_stage,C:\Users\ProsserJames\PycharmProjects\XGBoost_Roseville_System_Load_Forecast\forecast_outputs\replay_runs\rolling_origin_replay_origin_metrics_by_stage_20260723_045717_bc786bab4b.csv,bc786bab4b4d51cae03f729550222533ba8a2328ab7597777775c750dc809a2f,300,,,rolling_origin_replay
2026-07-23T04:57:17.792073+00:00,production_readiness_scorecard,C:\Users\ProsserJames\PycharmProjects\XGBoost_Roseville_System_Load_Forecast\forecast_outputs\replay_runs\production_readiness_scorecard_20260723_045717_d633d562e2.csv,d633d562e2ef51ebfb9dbba0414ebb021433a4a97383395a2fd6d341e2967b3e,9,,,rolling_origin_replay
2026-07-23T04:57:17.889596+00:00,june_hot_origin_diagnostics,C:\Users\ProsserJames\PycharmProjects\XGBoost_Roseville_System_Load_Forecast\forecast_outputs\replay_runs\june_hot_origin_diagnostics_20260723_045717_401a1f0e78.csv,401a1f0e7817d248b8cf7e67ea5dc8494046e2e4db9f4966c92fb7c6fba65cf1,266,2025-06-01T21:00:00+00:00,2026-06-14T03:00:00+00:00,rolling_origin_replay
2026-07-23T14:07:43.326604+00:00,rolling_origin_replay_results,C:\Users\ProsserJames\PycharmProjects\XGBoost_Roseville_System_Load_Forecast\forecast_outputs\replay_runs\rolling_origin_replay_results_20260723_140742_4b28771531.csv,4b2877153169954c36845444bd9edacec1136dfedeb12fb2fc383f0012bb29d2,7680,2024-10-13T07:00:00+00:00,2026-06-14T06:00:00+00:00,rolling_origin_replay
2026-07-23T14:07:43.350607+00:00,rolling_origin_replay_stage_metrics,C:\Users\ProsserJames\PycharmProjects\XGBoost_Roseville_System_Load_Forecast\forecast_outputs\replay_runs\rolling_origin_replay_stage_metrics_20260723_140743_44501c39ab.csv,44501c39abef5f12251a10367b5ebbcafdba9945d2be5a9c157a919bbb1ccae2,15,,,rolling_origin_replay
2026-07-23T14:07:43.381122+00:00,rolling_origin_replay_origin_metrics_by_stage,C:\Users\ProsserJames\PycharmProjects\XGBoost_Roseville_System_Load_Forecast\forecast_outputs\replay_runs\rolling_origin_replay_origin_metrics_by_stage_20260723_140743_1e6c5eed12.csv,1e6c5eed127c79e22c941b9039158de89f083a8bcce4c42c2e597e922098151f,300,,,rolling_origin_replay
2026-07-23T14:07:43.395123+00:00,production_readiness_scorecard,C:\Users\ProsserJames\PycharmProjects\XGBoost_Roseville_System_Load_Forecast\forecast_outputs\replay_runs\production_readiness_scorecard_20260723_140743_754f183a2c.csv,754f183a2c85b92a588fcd08606287ca0719174a4af51fcdcb97d0d8d7a3d6f8,9,,,rolling_origin_replay
2026-07-23T14:07:43.463127+00:00,june_hot_origin_diagnostics,C:\Users\ProsserJames\PycharmProjects\XGBoost_Roseville_System_Load_Forecast\forecast_outputs\replay_runs\june_hot_origin_diagnostics_20260723_140743_dac26a4e1b.csv,dac26a4e1b50f328d877d76c93221408701f653efc244f5837b9d222820e746a,266,2025-06-01T21:00:00+00:00,2026-06-14T03:00:00+00:00,rolling_origin_replay
2026-07-23T17:54:52.201400+00:00,rolling_origin_replay_results,C:\Users\ProsserJames\PycharmProjects\XGBoost_Roseville_System_Load_Forecast\forecast_outputs\replay_runs\rolling_origin_replay_results_20260723_175450_6d1e6fc42a.csv,6d1e6fc42a71dae939e3db086c49307525be745eb0c92ee17f9b482d819c596c,7680,2024-10-13T07:00:00+00:00,2026-06-14T06:00:00+00:00,rolling_origin_replay
2026-07-23T17:54:52.220916+00:00,rolling_origin_replay_stage_metrics,C:\Users\ProsserJames\PycharmProjects\XGBoost_Roseville_System_Load_Forecast\forecast_outputs\replay_runs\rolling_origin_replay_stage_metrics_20260723_175452_5db14544b8.csv,5db14544b897100d04e61526e9a95473c67f019476fdb24a3fbba4e488408edb,15,,,rolling_origin_replay
2026-07-23T17:54:52.258126+00:00,rolling_origin_replay_origin_metrics_by_stage,C:\Users\ProsserJames\PycharmProjects\XGBoost_Roseville_System_Load_Forecast\forecast_outputs\replay_runs\rolling_origin_replay_origin_metrics_by_stage_20260723_175452_d16c991cca.csv,d16c991ccaadf27ec0682773a4b8ad88a609db695dd42bc0369e6d433835e5d0,300,,,rolling_origin_replay
2026-07-23T17:54:52.275201+00:00,production_readiness_scorecard,C:\Users\ProsserJames\PycharmProjects\XGBoost_Roseville_System_Load_Forecast\forecast_outputs\replay_runs\production_readiness_scorecard_20260723_175452_724d5c93e6.csv,724d5c93e678691c54b9148fd736fb89a7e492da0063ca27b21d868e8deec6a2,9,,,rolling_origin_replay
2026-07-23T17:54:52.366086+00:00,june_hot_origin_diagnostics,C:\Users\ProsserJames\PycharmProjects\XGBoost_Roseville_System_Load_Forecast\forecast_outputs\replay_runs\june_hot_origin_diagnostics_20260723_175452_9bfa438d8e.csv,9bfa438d8e429819c0b99b0835986cbdde412102e799245681a945575bfad583,266,2025-06-01T21:00:00+00:00,2026-06-14T03:00:00+00:00,rolling_origin_replay
2026-07-27T05:08:51.689333+00:00,rolling_origin_replay_results,C:\Users\ProsserJames\PycharmProjects\XGBoost_Roseville_System_Load_Forecast\forecast_outputs\replay_runs\rolling_origin_replay_results_20260727_050850_d4e525b41c.csv,d4e525b41c8d11c40e557c7646afec159c47792b25cdc280de13b12f1c3f50d5,8442,2024-10-13T07:00:00+00:00,2026-07-23T06:00:00+00:00,rolling_origin_replay
2026-07-27T05:08:51.712592+00:00,rolling_origin_replay_stage_metrics,C:\Users\ProsserJames\PycharmProjects\XGBoost_Roseville_System_Load_Forecast\forecast_outputs\replay_runs\rolling_origin_replay_stage_metrics_20260727_050851_7bf5de3757.csv,7bf5de3757f93d9365e61fae9a9369730a13dc39bdbb9761f354c03699143962,16,,,rolling_origin_replay
2026-07-27T05:08:51.744504+00:00,rolling_origin_replay_origin_metrics_by_stage,C:\Users\ProsserJames\PycharmProjects\XGBoost_Roseville_System_Load_Forecast\forecast_outputs\replay_runs\rolling_origin_replay_origin_metrics_by_stage_20260727_050851_fe558eb0ac.csv,fe558eb0acb8c4619cfba4e392925159b2c285995aa5c2191d78a44decfdfdc2,352,,,rolling_origin_replay
2026-07-27T05:08:51.756551+00:00,production_readiness_scorecard,C:\Users\ProsserJames\PycharmProjects\XGBoost_Roseville_System_Load_Forecast\forecast_outputs\replay_runs\production_readiness_scorecard_20260727_050851_aa1e94e025.csv,aa1e94e02513726257f7d16773a4883005be1f1a192c32972bc60b7f43f3ca03,9,,,rolling_origin_replay
2026-07-27T05:08:51.827282+00:00,june_hot_origin_diagnostics,C:\Users\ProsserJames\PycharmProjects\XGBoost_Roseville_System_Load_Forecast\forecast_outputs\replay_runs\june_hot_origin_diagnostics_20260727_050851_aea2adab50.csv,aea2adab507cf8fa2c6d07ae7ac26a16889779298eacffc53fec71ea0f21e467,266,2025-06-01T21:00:00+00:00,2026-06-14T03:00:00+00:00,rolling_origin_replay
2026-07-27T07:13:33.904288+00:00,rolling_origin_replay_results,C:\Users\ProsserJames\PycharmProjects\XGBoost_Roseville_System_Load_Forecast\forecast_outputs\replay_runs\rolling_origin_replay_results_20260727_071332_6cecac5275.csv,6cecac5275caea488eea5ec8849035c73890083a6992374050f4901c0c91e962,8440,2024-10-13T07:00:00+00:00,2026-07-23T06:00:00+00:00,rolling_origin_replay
2026-07-27T07:13:33.927685+00:00,rolling_origin_replay_stage_metrics,C:\Users\ProsserJames\PycharmProjects\XGBoost_Roseville_System_Load_Forecast\forecast_outputs\replay_runs\rolling_origin_replay_stage_metrics_20260727_071333_c8a2e9597d.csv,c8a2e9597d5d6a3d8213021912b8a17a33a76911ed2ff2c382cf88b9ebdc256f,16,,,rolling_origin_replay
2026-07-27T07:13:33.958911+00:00,rolling_origin_replay_origin_metrics_by_stage,C:\Users\ProsserJames\PycharmProjects\XGBoost_Roseville_System_Load_Forecast\forecast_outputs\replay_runs\rolling_origin_replay_origin_metrics_by_stage_20260727_071333_60e136a9dd.csv,60e136a9dd0394edf6c94774274af7f9471061070872a93c79eafdf7086b51e7,352,,,rolling_origin_replay
2026-07-27T07:13:33.971049+00:00,production_readiness_scorecard,C:\Users\ProsserJames\PycharmProjects\XGBoost_Roseville_System_Load_Forecast\forecast_outputs\replay_runs\production_readiness_scorecard_20260727_071333_6a8a539be7.csv,6a8a539be720d3b871ada6bddf6fcc18ac2cd17a4c3d0a98d1e3921b1644a3af,9,,,rolling_origin_replay
2026-07-27T07:13:34.040307+00:00,june_hot_origin_diagnostics,C:\Users\ProsserJames\PycharmProjects\XGBoost_Roseville_System_Load_Forecast\forecast_outputs\replay_runs\june_hot_origin_diagnostics_20260727_071333_fca4c57eaa.csv,fca4c57eaa2d6326365f0ff396b6dab6e15146ec9bf881072bdd8ee5a34c0dcf,266,2025-06-01T21:00:00+00:00,2026-06-14T03:00:00+00:00,rolling_origin_replay
2026-07-27T16:48:42.443250+00:00,rolling_origin_replay_results,C:\Users\ProsserJames\PycharmProjects\XGBoost_Roseville_System_Load_Forecast\forecast_outputs\replay_runs\rolling_origin_replay_results_20260727_164840_db258762d3.csv,db258762d30e7ea6ee842e2c212cee274629ad322478160631473a35f9636154,8440,2024-10-13T07:00:00+00:00,2026-07-23T06:00:00+00:00,rolling_origin_replay
2026-07-27T16:48:42.466771+00:00,rolling_origin_replay_stage_metrics,C:\Users\ProsserJames\PycharmProjects\XGBoost_Roseville_System_Load_Forecast\forecast_outputs\replay_runs\rolling_origin_replay_stage_metrics_20260727_164842_99b92a8bb5.csv,99b92a8bb56616b11958a9c6343e82e55a8aa31ed583cc2d9ba4d7a19f7ff880,17,,,rolling_origin_replay
2026-07-27T16:48:42.499918+00:00,rolling_origin_replay_origin_metrics_by_stage,C:\Users\ProsserJames\PycharmProjects\XGBoost_Roseville_System_Load_Forecast\forecast_outputs\replay_runs\rolling_origin_replay_origin_metrics_by_stage_20260727_164842_fc2fab6aaa.csv,fc2fab6aaa00976d1a9b1aeb92151d14733ca9137fb86ee3aa71075730e0bb84,374,,,rolling_origin_replay
2026-07-27T16:48:42.513459+00:00,production_readiness_scorecard,C:\Users\ProsserJames\PycharmProjects\XGBoost_Roseville_System_Load_Forecast\forecast_outputs\replay_runs\production_readiness_scorecard_20260727_164842_2ba2f1ec05.csv,2ba2f1ec05bc85d33c0de7b29a1ce4135003ffad069649d2b9842efdc5f7daf1,9,,,rolling_origin_replay
2026-07-27T16:48:42.587213+00:00,june_hot_origin_diagnostics,C:\Users\ProsserJames\PycharmProjects\XGBoost_Roseville_System_Load_Forecast\forecast_outputs\replay_runs\june_hot_origin_diagnostics_20260727_164842_59220d02bb.csv,59220d02bbde470fdf684914cf7d2e9d0d3b7565d0f8bfa1fd1ec9d265153f48,266,2025-06-01T21:00:00+00:00,2026-06-14T03:00:00+00:00,rolling_origin_replay
2026-07-28T15:16:30.746416+00:00,rolling_origin_replay_results,C:\Users\ProsserJames\PycharmProjects\XGBoost_Roseville_System_Load_Forecast\forecast_outputs\replay_runs\rolling_origin_replay_results_20260728_151629_3313e09fcd.csv,3313e09fcd4115e157c05d2a0a1d5d3109a6cb0c094ed2df614528431c1e538f,8440,2024-10-13T07:00:00+00:00,2026-07-23T06:00:00+00:00,rolling_origin_replay
2026-07-28T15:16:30.759386+00:00,rolling_origin_replay_stage_metrics,C:\Users\ProsserJames\PycharmProjects\XGBoost_Roseville_System_Load_Forecast\forecast_outputs\replay_runs\rolling_origin_replay_stage_metrics_20260728_151630_6fa2881301.csv,6fa288130187c5e32f2289740f799196391187ef68a8d46de7089510b2cdf68d,17,,,rolling_origin_replay
2026-07-28T15:16:30.792417+00:00,rolling_origin_replay_origin_metrics_by_stage,C:\Users\ProsserJames\PycharmProjects\XGBoost_Roseville_System_Load_Forecast\forecast_outputs\replay_runs\rolling_origin_replay_origin_metrics_by_stage_20260728_151630_5a6bbba38f.csv,5a6bbba38f2f38e55d30d02387df547e643cde0858901961058baae342659e8a,374,,,rolling_origin_replay
2026-07-28T15:16:30.805387+00:00,production_readiness_scorecard,C:\Users\ProsserJames\PycharmProjects\XGBoost_Roseville_System_Load_Forecast\forecast_outputs\replay_runs\production_readiness_scorecard_20260728_151630_62b1dd9999.csv,62b1dd99990ad5916c2c3512ebe3d313dda1450944985fd10d998b64d03315b3,9,,,rolling_origin_replay
2026-07-28T15:16:30.878901+00:00,june_hot_origin_diagnostics,C:\Users\ProsserJames\PycharmProjects\XGBoost_Roseville_System_Load_Forecast\forecast_outputs\replay_runs\june_hot_origin_diagnostics_20260728_151630_51268459c3.csv,51268459c3f59bea2f4c5d73217474cbfbbd30c1d64272777997fe8c8599c36a,266,2025-06-01T21:00:00+00:00,2026-06-14T03:00:00+00:00,rolling_origin_replay
2026-07-28T19:29:47.957435+00:00,rolling_origin_replay_results,C:\Users\ProsserJames\PycharmProjects\XGBoost_Roseville_System_Load_Forecast\forecast_outputs\replay_runs\rolling_origin_replay_results_20260728_192946_5a9385e4a1.csv,5a9385e4a170186f1cc7f1bde0be6473662b42bee8d3fc7ed22d8f98b8cb7f03,8440,2024-10-13T07:00:00+00:00,2026-07-23T06:00:00+00:00,rolling_origin_replay
2026-07-28T19:29:47.973486+00:00,rolling_origin_replay_stage_metrics,C:\Users\ProsserJames\PycharmProjects\XGBoost_Roseville_System_Load_Forecast\forecast_outputs\replay_runs\rolling_origin_replay_stage_metrics_20260728_192947_23d976226e.csv,23d976226ec70fd37d3e974eb099a7bff39cdf9d930198c5e85265ff70e5002f,17,,,rolling_origin_replay
2026-07-28T19:29:48.008358+00:00,rolling_origin_replay_origin_metrics_by_stage,C:\Users\ProsserJames\PycharmProjects\XGBoost_Roseville_System_Load_Forecast\forecast_outputs\replay_runs\rolling_origin_replay_origin_metrics_by_stage_20260728_192947_216009cb7b.csv,216009cb7b35a8c23868d5b023865119050efe81cb1767b3ab6609b90a07c644,374,,,rolling_origin_replay
2026-07-28T19:29:48.020251+00:00,production_readiness_scorecard,C:\Users\ProsserJames\PycharmProjects\XGBoost_Roseville_System_Load_Forecast\forecast_outputs\replay_runs\production_readiness_scorecard_20260728_192948_1b8bf2dc12.csv,1b8bf2dc12e3c1d707669f680c2447fb45f1cf0b9e3ff672862f81ffde2ffe1e,9,,,rolling_origin_replay
2026-07-28T19:29:48.094199+00:00,june_hot_origin_diagnostics,C:\Users\ProsserJames\PycharmProjects\XGBoost_Roseville_System_Load_Forecast\forecast_outputs\replay_runs\june_hot_origin_diagnostics_20260728_192948_694907099e.csv,694907099e2643286e7f6e4bc167665e5ac268a7af9271ad5e026dc1754a5d08,266,2025-06-01T21:00:00+00:00,2026-06-14T03:00:00+00:00,rolling_origin_replay
2026-07-29T15:03:08.954268+00:00,rolling_origin_replay_results,C:\Users\ProsserJames\PycharmProjects\XGBoost_Roseville_System_Load_Forecast\forecast_outputs\replay_runs\rolling_origin_replay_results_20260729_150307_184c6606eb.csv,184c6606ebb63ce04f989fbb472f9df4f60f0643732b39e4d61ec1d1038d880d,8440,2024-10-13T07:00:00+00:00,2026-07-23T06:00:00+00:00,rolling_origin_replay
2026-07-29T15:03:08.979672+00:00,rolling_origin_replay_stage_metrics,C:\Users\ProsserJames\PycharmProjects\XGBoost_Roseville_System_Load_Forecast\forecast_outputs\replay_runs\rolling_origin_replay_stage_metrics_20260729_150308_50b3399298.csv,50b33992980a151482968c4be400e69039e9731fd52c832b5d44cb200a60a327,17,,,rolling_origin_replay
2026-07-29T15:03:09.014057+00:00,rolling_origin_replay_origin_metrics_by_stage,C:\Users\ProsserJames\PycharmProjects\XGBoost_Roseville_System_Load_Forecast\forecast_outputs\replay_runs\rolling_origin_replay_origin_metrics_by_stage_20260729_150308_c67007c84f.csv,c67007c84f4c919303a1bc4cd0ecbde44a386658249f8c45db1394cc110feb43,374,,,rolling_origin_replay
2026-07-29T15:03:09.027068+00:00,production_readiness_scorecard,C:\Users\ProsserJames\PycharmProjects\XGBoost_Roseville_System_Load_Forecast\forecast_outputs\replay_runs\production_readiness_scorecard_20260729_150309_d1b13c9aaa.csv,d1b13c9aaa9e5c2fe4249b3a7d32b337eb3d575b360ace4fb519818831b4487f,9,,,rolling_origin_replay
2026-07-29T15:03:09.101951+00:00,june_hot_origin_diagnostics,C:\Users\ProsserJames\PycharmProjects\XGBoost_Roseville_System_Load_Forecast\forecast_outputs\replay_runs\june_hot_origin_diagnostics_20260729_150309_c2926f8f02.csv,c2926f8f02d1a2755b4a13e020d971d7d4d0d8bcb7e4597122e9e00987d8a3b4,266,2025-06-01T21:00:00+00:00,2026-06-14T03:00:00+00:00,rolling_origin_replay
2026-07-29T19:02:11.977861+00:00,rolling_origin_replay_results,C:\Users\ProsserJames\PycharmProjects\XGBoost_Roseville_System_Load_Forecast\forecast_outputs\replay_runs\rolling_origin_replay_results_20260729_190209_a9d9015694.csv,a9d90156944cbd1ba87578090e8a055e159b81abf04ee4e0dfaa18fda048caac,8440,2024-10-13T07:00:00+00:00,2026-07-23T06:00:00+00:00,rolling_origin_replay
2026-07-29T19:02:12.001772+00:00,rolling_origin_replay_stage_metrics,C:\Users\ProsserJames\PycharmProjects\XGBoost_Roseville_System_Load_Forecast\forecast_outputs\replay_runs\rolling_origin_replay_stage_metrics_20260729_190211_013d0a38cc.csv,013d0a38cc20e8194f816f584139c7643fb8ef9588d1fe50149c7c39a3b66dab,17,,,rolling_origin_replay
2026-07-29T19:02:12.042050+00:00,rolling_origin_replay_origin_metrics_by_stage,C:\Users\ProsserJames\PycharmProjects\XGBoost_Roseville_System_Load_Forecast\forecast_outputs\replay_runs\rolling_origin_replay_origin_metrics_by_stage_20260729_190212_d994486392.csv,d9944863920c825b14b3957e7d53b1543898a25c1b1f205cd8dd46f070c9021b,374,,,rolling_origin_replay
2026-07-29T19:02:12.056052+00:00,production_readiness_scorecard,C:\Users\ProsserJames\PycharmProjects\XGBoost_Roseville_System_Load_Forecast\forecast_outputs\replay_runs\production_readiness_scorecard_20260729_190212_cabca4deb2.csv,cabca4deb229a49fa2f1aa667694d756c525d6ae97dcb2286be40f684e4c5da2,9,,,rolling_origin_replay
2026-07-29T19:02:12.149777+00:00,june_hot_origin_diagnostics,C:\Users\ProsserJames\PycharmProjects\XGBoost_Roseville_System_Load_Forecast\forecast_outputs\replay_runs\june_hot_origin_diagnostics_20260729_190212_63b4023b55.csv,63b4023b5560853d616b357e3186fd867307442bd4b57eefa0b012d2a2cb4916,266,2025-06-01T21:00:00+00:00,2026-06-14T03:00:00+00:00,rolling_origin_replay
2026-07-29T21:35:07.721091+00:00,rolling_origin_replay_results,C:\Users\ProsserJames\PycharmProjects\XGBoost_Roseville_System_Load_Forecast\forecast_outputs\replay_runs\rolling_origin_replay_results_20260729_213505_7ae542ee62.csv,7ae542ee62b9f4b2e606bd8c6598c9b1544d0f84f9f311d0ccd044dd5f2a38b2,8440,2024-10-13T07:00:00+00:00,2026-07-23T06:00:00+00:00,rolling_origin_replay
2026-07-29T21:35:07.736097+00:00,rolling_origin_replay_stage_metrics,C:\Users\ProsserJames\PycharmProjects\XGBoost_Roseville_System_Load_Forecast\forecast_outputs\replay_runs\rolling_origin_replay_stage_metrics_20260729_213507_493b15ef25.csv,493b15ef252d3cde903fa7cb7ac8d615036f81b8cce102cdbc843890b8ad1b8c,17,,,rolling_origin_replay
2026-07-29T21:35:07.770611+00:00,rolling_origin_replay_origin_metrics_by_stage,C:\Users\ProsserJames\PycharmProjects\XGBoost_Roseville_System_Load_Forecast\forecast_outputs\replay_runs\rolling_origin_replay_origin_metrics_by_stage_20260729_213507_7cc20530c4.csv,7cc20530c451db7b5154c3ac533e116f22e6681db1bbe0a07ba82cdae0328fcd,374,,,rolling_origin_replay
2026-07-29T21:35:07.784925+00:00,production_readiness_scorecard,C:\Users\ProsserJames\PycharmProjects\XGBoost_Roseville_System_Load_Forecast\forecast_outputs\replay_runs\production_readiness_scorecard_20260729_213507_8845857419.csv,88458574193976ca0c883da872cececddec121834c2b75b50377f7a51e0acb7a,9,,,rolling_origin_replay
2026-07-29T21:35:07.869461+00:00,june_hot_origin_diagnostics,C:\Users\ProsserJames\PycharmProjects\XGBoost_Roseville_System_Load_Forecast\forecast_outputs\replay_runs\june_hot_origin_diagnostics_20260729_213507_0c8f918bef.csv,0c8f918bef42b13492d02ea6056cde47b3983e78eaa80089dbee35f478f9fb59,266,2025-06-01T21:00:00+00:00,2026-06-14T03:00:00+00:00,rolling_origin_replay
2026-07-30T04:56:30.482869+00:00,rolling_origin_replay_results,C:\Users\ProsserJames\PycharmProjects\XGBoost_Roseville_System_Load_Forecast\forecast_outputs\replay_runs\rolling_origin_replay_results_20260730_045628_91c64e7249.csv,91c64e72493cc04d2cc123e2d831490e603e8d8052092536c8c0db799238a200,8440,2024-10-13T07:00:00+00:00,2026-07-23T06:00:00+00:00,rolling_origin_replay
2026-07-30T04:56:30.507869+00:00,rolling_origin_replay_stage_metrics,C:\Users\ProsserJames\PycharmProjects\XGBoost_Roseville_System_Load_Forecast\forecast_outputs\replay_runs\rolling_origin_replay_stage_metrics_20260730_045630_9ba5222383.csv,9ba5222383bbf536357581d93d6c751a8328a6951da278236319838531f5f010,17,,,rolling_origin_replay
2026-07-30T04:56:30.543385+00:00,rolling_origin_replay_origin_metrics_by_stage,C:\Users\ProsserJames\PycharmProjects\XGBoost_Roseville_System_Load_Forecast\forecast_outputs\replay_runs\rolling_origin_replay_origin_metrics_by_stage_20260730_045630_519e75d79d.csv,519e75d79d84ad400e4245d47b5e148b50b104ad5bb58aa7faea8836b3b07fbc,374,,,rolling_origin_replay
2026-07-30T04:56:30.558383+00:00,production_readiness_scorecard,C:\Users\ProsserJames\PycharmProjects\XGBoost_Roseville_System_Load_Forecast\forecast_outputs\replay_runs\production_readiness_scorecard_20260730_045630_8a5eca51a3.csv,8a5eca51a349eae16060a9e306f90f56b37d9638f2ed4a4e6bdededd90c4506d,9,,,rolling_origin_replay
2026-07-30T04:56:30.643895+00:00,june_hot_origin_diagnostics,C:\Users\ProsserJames\PycharmProjects\XGBoost_Roseville_System_Load_Forecast\forecast_outputs\replay_runs\june_hot_origin_diagnostics_20260730_045630_af6df18e22.csv,af6df18e2206fc7cf721234460d797990d7f4698adf8aacca1cb78c3f036f1cb,266,2025-06-01T21:00:00+00:00,2026-06-14T03:00:00+00:00,rolling_origin_replay
2026-07-30T15:28:31.414602+00:00,rolling_origin_replay_results,C:\Users\ProsserJames\PycharmProjects\XGBoost_Roseville_System_Load_Forecast\forecast_outputs\replay_runs\rolling_origin_replay_results_20260730_152829_547cb028f4.csv,547cb028f4bf05e71c9fc13c63ba82e83246f07413b838ca9e168775fd744187,8440,2024-10-13T07:00:00+00:00,2026-07-23T06:00:00+00:00,rolling_origin_replay
2026-07-30T15:28:31.438835+00:00,rolling_origin_replay_stage_metrics,C:\Users\ProsserJames\PycharmProjects\XGBoost_Roseville_System_Load_Forecast\forecast_outputs\replay_runs\rolling_origin_replay_stage_metrics_20260730_152831_ecda996a3c.csv,ecda996a3c6e9187c27822abd57dc522bee9788e87548b64a427824915213c64,17,,,rolling_origin_replay
2026-07-30T15:28:31.473895+00:00,rolling_origin_replay_origin_metrics_by_stage,C:\Users\ProsserJames\PycharmProjects\XGBoost_Roseville_System_Load_Forecast\forecast_outputs\replay_runs\rolling_origin_replay_origin_metrics_by_stage_20260730_152831_0a3f1d157e.csv,0a3f1d157eb81d8379db0f9151755143536588e6b7878b9010a5293afbea1bdf,374,,,rolling_origin_replay
2026-07-30T15:28:31.486198+00:00,production_readiness_scorecard,C:\Users\ProsserJames\PycharmProjects\XGBoost_Roseville_System_Load_Forecast\forecast_outputs\replay_runs\production_readiness_scorecard_20260730_152831_2a1df0b77a.csv,2a1df0b77af23e4e4f928f62e0c25d0049b265094e7fba038f40bae8ad2e2cde,9,,,rolling_origin_replay
2026-07-30T15:28:31.576151+00:00,june_hot_origin_diagnostics,C:\Users\ProsserJames\PycharmProjects\XGBoost_Roseville_System_Load_Forecast\forecast_outputs\replay_runs\june_hot_origin_diagnostics_20260730_152831_d47afd8311.csv,d47afd83117b9703701a393817858b4d38110c5532b938fe022efcf66bf1a916,266,2025-06-01T21:00:00+00:00,2026-06-14T03:00:00+00:00,rolling_origin_replay
2026-07-30T18:45:16.086871+00:00,rolling_origin_replay_results,C:\Users\ProsserJames\PycharmProjects\XGBoost_Roseville_System_Load_Forecast\forecast_outputs\replay_runs\rolling_origin_replay_results_20260730_184514_2604f6dd1c.csv,2604f6dd1c3d77a1841ab734a781c7fe7eac678940b7b48f1ad7734ee33a4f6c,8440,2024-10-13T07:00:00+00:00,2026-07-23T06:00:00+00:00,rolling_origin_replay
2026-07-30T18:45:16.112435+00:00,rolling_origin_replay_stage_metrics,C:\Users\ProsserJames\PycharmProjects\XGBoost_Roseville_System_Load_Forecast\forecast_outputs\replay_runs\rolling_origin_replay_stage_metrics_20260730_184516_f3ffd7d7c4.csv,f3ffd7d7c44218d4697ef298f3eb262f404ccf2e81ee21d61ec05dc7294a7c31,18,,,rolling_origin_replay
2026-07-30T18:45:16.146251+00:00,rolling_origin_replay_origin_metrics_by_stage,C:\Users\ProsserJames\PycharmProjects\XGBoost_Roseville_System_Load_Forecast\forecast_outputs\replay_runs\rolling_origin_replay_origin_metrics_by_stage_20260730_184516_d705f6288a.csv,d705f6288a726c6b9e7b51df258f34df815942869e89c84753c264acfabe7ac5,396,,,rolling_origin_replay
2026-07-30T18:45:16.159276+00:00,production_readiness_scorecard,C:\Users\ProsserJames\PycharmProjects\XGBoost_Roseville_System_Load_Forecast\forecast_outputs\replay_runs\production_readiness_scorecard_20260730_184516_8b82e819e0.csv,8b82e819e0d0f558caf5ed61f51011b2113e1d7d4477ba21f480e4c8cdcfd43f,9,,,rolling_origin_replay
2026-07-30T18:45:16.248181+00:00,june_hot_origin_diagnostics,C:\Users\ProsserJames\PycharmProjects\XGBoost_Roseville_System_Load_Forecast\forecast_outputs\replay_runs\june_hot_origin_diagnostics_20260730_184516_758d2670b6.csv,758d2670b6ca87f7796c428bd70c7905fa817ee3c02da6ec7414187c42369e3b,266,2025-06-01T21:00:00+00:00,2026-06-14T03:00:00+00:00,rolling_origin_replay
2026-07-30T21:10:39.721389+00:00,rolling_origin_replay_results,C:\Users\ProsserJames\PycharmProjects\XGBoost_Roseville_System_Load_Forecast\forecast_outputs\replay_runs\rolling_origin_replay_results_20260730_211037_1ca6090a80.csv,1ca6090a80ab0cdd1c90b3562e52e8f7486c3cb6cb218ac6192254a767041cf7,8440,2024-10-13T07:00:00+00:00,2026-07-23T06:00:00+00:00,rolling_origin_replay
2026-07-30T21:10:39.745451+00:00,rolling_origin_replay_stage_metrics,C:\Users\ProsserJames\PycharmProjects\XGBoost_Roseville_System_Load_Forecast\forecast_outputs\replay_runs\rolling_origin_replay_stage_metrics_20260730_211039_12d3b6a45e.csv,12d3b6a45ea423d791924489f11893385bc6cd4d6bf7d9cf9c2293dc9a2ba792,18,,,rolling_origin_replay
2026-07-30T21:10:39.780935+00:00,rolling_origin_replay_origin_metrics_by_stage,C:\Users\ProsserJames\PycharmProjects\XGBoost_Roseville_System_Load_Forecast\forecast_outputs\replay_runs\rolling_origin_replay_origin_metrics_by_stage_20260730_211039_35f6ac3dd7.csv,35f6ac3dd7a1bc0a02c0bddff14db7c720a72cbdd5cb67656a1b2c7f50242572,396,,,rolling_origin_replay
2026-07-30T21:10:39.794535+00:00,production_readiness_scorecard,C:\Users\ProsserJames\PycharmProjects\XGBoost_Roseville_System_Load_Forecast\forecast_outputs\replay_runs\production_readiness_scorecard_20260730_211039_9cc763cd15.csv,9cc763cd1523f01fd73c462e21ad53fe2dc95a4d6d527451436e29d2e3831934,9,,,rolling_origin_replay
2026-07-30T21:10:39.890613+00:00,june_hot_origin_diagnostics,C:\Users\ProsserJames\PycharmProjects\XGBoost_Roseville_System_Load_Forecast\forecast_outputs\replay_runs\june_hot_origin_diagnostics_20260730_211039_cf2eaaa508.csv,cf2eaaa508c899741e9b2e5966667c85d76e23a07939ddca283475be27cc74ae,266,2025-06-01T21:00:00+00:00,2026-06-14T03:00:00+00:00,rolling_origin_replay
2026-07-30T23:52:23.207060+00:00,rolling_origin_replay_results,C:\Users\ProsserJames\PycharmProjects\XGBoost_Roseville_System_Load_Forecast\forecast_outputs\replay_runs\rolling_origin_replay_results_20260730_235220_90edfa59c2.csv,90edfa59c2545f656b709f112732ac2c4f36b25efcd9dfa65f3cef6db2edd2f6,8440,2024-10-13T07:00:00+00:00,2026-07-23T06:00:00+00:00,rolling_origin_replay
2026-07-30T23:52:23.222060+00:00,rolling_origin_replay_stage_metrics,C:\Users\ProsserJames\PycharmProjects\XGBoost_Roseville_System_Load_Forecast\forecast_outputs\replay_runs\rolling_origin_replay_stage_metrics_20260730_235223_7f14610f79.csv,7f14610f798a161d0861a1f1e3c7adf483a6819bc01703980ac8f635ccb5fca8,18,,,rolling_origin_replay
2026-07-30T23:52:23.263064+00:00,rolling_origin_replay_origin_metrics_by_stage,C:\Users\ProsserJames\PycharmProjects\XGBoost_Roseville_System_Load_Forecast\forecast_outputs\replay_runs\rolling_origin_replay_origin_metrics_by_stage_20260730_235223_0d7b09f468.csv,0d7b09f4689bcfb1f5e67789a9647529425689706324a66dcde715181c250d55,396,,,rolling_origin_replay
2026-07-30T23:52:23.281574+00:00,production_readiness_scorecard,C:\Users\ProsserJames\PycharmProjects\XGBoost_Roseville_System_Load_Forecast\forecast_outputs\replay_runs\production_readiness_scorecard_20260730_235223_231e5220b2.csv,231e5220b2cd447ef9fd7ae1973ee966088326eb6991b2357147e8e3a77ad2de,9,,,rolling_origin_replay
2026-07-30T23:52:23.390095+00:00,june_hot_origin_diagnostics,C:\Users\ProsserJames\PycharmProjects\XGBoost_Roseville_System_Load_Forecast\forecast_outputs\replay_runs\june_hot_origin_diagnostics_20260730_235223_7b4096f4ae.csv,7b4096f4aed13f37057e1c0ecc6f9061257e81e44afdcbf7b735f779def341f3,266,2025-06-01T21:00:00+00:00,2026-06-14T03:00:00+00:00,rolling_origin_replay
2026-07-31T05:12:21.312882+00:00,rolling_origin_replay_results,C:\Users\ProsserJames\PycharmProjects\XGBoost_Roseville_System_Load_Forecast\forecast_outputs\replay_runs\rolling_origin_replay_results_20260731_051211_343f8fa5b5.csv,343f8fa5b5d1d8106bcddb2e5e7c076b05f3b32e5f41eba39dcb8c1dfe8d7281,8440,2024-10-13T07:00:00+00:00,2026-07-23T06:00:00+00:00,rolling_origin_replay
2026-07-31T05:12:21.799501+00:00,rolling_origin_replay_stage_metrics,C:\Users\ProsserJames\PycharmProjects\XGBoost_Roseville_System_Load_Forecast\forecast_outputs\replay_runs\rolling_origin_replay_stage_metrics_20260731_051221_bbd6ea6998.csv,bbd6ea6998d83fb12d67e6e37f1b9f5e8d34263f8672715ae9a931c85da48463,19,,,rolling_origin_replay
2026-07-31T05:12:22.559682+00:00,rolling_origin_replay_origin_metrics_by_stage,C:\Users\ProsserJames\PycharmProjects\XGBoost_Roseville_System_Load_Forecast\forecast_outputs\replay_runs\rolling_origin_replay_origin_metrics_by_stage_20260731_051222_134ff5da13.csv,134ff5da138267c3e5fb04551042d21446e5ff57a4dd345976790cd33e537417,418,,,rolling_origin_replay
2026-07-31T05:12:22.637689+00:00,production_readiness_scorecard,C:\Users\ProsserJames\PycharmProjects\XGBoost_Roseville_System_Load_Forecast\forecast_outputs\replay_runs\production_readiness_scorecard_20260731_051222_4bb5550106.csv,4bb55501068bd01c7ca27e0a34f14324e8fbf2ad9e102db1b4e7c460e928bf6b,9,,,rolling_origin_replay
2026-07-31T05:12:23.100297+00:00,june_hot_origin_diagnostics,C:\Users\ProsserJames\PycharmProjects\XGBoost_Roseville_System_Load_Forecast\forecast_outputs\replay_runs\june_hot_origin_diagnostics_20260731_051222_73a0bb7732.csv,73a0bb773293b5e1bb9a54e05d978c58d8e414bf8c502088d9b82d86b48504de,266,2025-06-01T21:00:00+00:00,2026-06-14T03:00:00+00:00,rolling_origin_replay
2026-07-31T16:34:15.082583+00:00,rolling_origin_replay_results,C:\Users\ProsserJames\PycharmProjects\XGBoost_Roseville_System_Load_Forecast\forecast_outputs\replay_runs\rolling_origin_replay_results_20260731_163411_4695cb79ff.csv,4695cb79ff245e5711a56bb5dbf1ceb10e19882b9a0bbd11ed6dfb2ed6b50881,8440,2024-10-13T07:00:00+00:00,2026-07-23T06:00:00+00:00,rolling_origin_replay
2026-07-31T16:34:15.123121+00:00,rolling_origin_replay_stage_metrics,C:\Users\ProsserJames\PycharmProjects\XGBoost_Roseville_System_Load_Forecast\forecast_outputs\replay_runs\rolling_origin_replay_stage_metrics_20260731_163415_101e150a9f.csv,101e150a9fc4460fc863e7050993fbfd3be1cb2b04e6b2d2918870f317485fd4,19,,,rolling_origin_replay
2026-07-31T16:34:15.205197+00:00,rolling_origin_replay_origin_metrics_by_stage,C:\Users\ProsserJames\PycharmProjects\XGBoost_Roseville_System_Load_Forecast\forecast_outputs\replay_runs\rolling_origin_replay_origin_metrics_by_stage_20260731_163415_5572596cb9.csv,5572596cb9ce58296e48a4acce36b3698d1ccef57d250a1a99b47a2563e255a4,418,,,rolling_origin_replay
2026-07-31T16:34:15.440918+00:00,production_readiness_scorecard,C:\Users\ProsserJames\PycharmProjects\XGBoost_Roseville_System_Load_Forecast\forecast_outputs\replay_runs\production_readiness_scorecard_20260731_163415_ef61f4502a.csv,ef61f4502aa4a870e81f5b8ced924f5fde17df940786f481e6bcebc155fa659c,9,,,rolling_origin_replay
2026-07-31T16:34:16.464372+00:00,june_hot_origin_diagnostics,C:\Users\ProsserJames\PycharmProjects\XGBoost_Roseville_System_Load_Forecast\forecast_outputs\replay_runs\june_hot_origin_diagnostics_20260731_163415_dc66be233a.csv,dc66be233a86fd7b59363c7d470a8e6fc5b12188c3bfd489f48e6260e2a59027,266,2025-06-01T21:00:00+00:00,2026-06-14T03:00:00+00:00,rolling_origin_replay
2026-07-31T18:41:11.122192+00:00,rolling_origin_replay_results,C:\Users\ProsserJames\PycharmProjects\XGBoost_Roseville_System_Load_Forecast\forecast_outputs\replay_runs\rolling_origin_replay_results_20260731_184109_c41e88ba4e.csv,c41e88ba4eb9dcbf409285ee0187632bba7f3ad9c7e69703a95c2fabb6b9280e,8440,2024-10-13T07:00:00+00:00,2026-07-23T06:00:00+00:00,rolling_origin_replay
2026-07-31T18:41:11.146791+00:00,rolling_origin_replay_stage_metrics,C:\Users\ProsserJames\PycharmProjects\XGBoost_Roseville_System_Load_Forecast\forecast_outputs\replay_runs\rolling_origin_replay_stage_metrics_20260731_184111_08c00a64f1.csv,08c00a64f1bff18dfaff4f97191af8e33d0bba23cb735902c1f9a12dae65cdbc,19,,,rolling_origin_replay
2026-07-31T18:41:11.182847+00:00,rolling_origin_replay_origin_metrics_by_stage,C:\Users\ProsserJames\PycharmProjects\XGBoost_Roseville_System_Load_Forecast\forecast_outputs\replay_runs\rolling_origin_replay_origin_metrics_by_stage_20260731_184111_e392a445c8.csv,e392a445c82ad97838c6c126ff98169ea720d09d8edb3ee21e05107d315ee092,418,,,rolling_origin_replay
2026-07-31T18:41:11.197328+00:00,production_readiness_scorecard,C:\Users\ProsserJames\PycharmProjects\XGBoost_Roseville_System_Load_Forecast\forecast_outputs\replay_runs\production_readiness_scorecard_20260731_184111_3feb2fef19.csv,3feb2fef1911bb948633788310f2571b01a66495cd1df580a7c1437348cf2292,9,,,rolling_origin_replay
2026-07-31T18:41:11.294654+00:00,june_hot_origin_diagnostics,C:\Users\ProsserJames\PycharmProjects\XGBoost_Roseville_System_Load_Forecast\forecast_outputs\replay_runs\june_hot_origin_diagnostics_20260731_184111_c7cd1dcd2c.csv,c7cd1dcd2c1aecef7e327c5a66a015d7aff37676edb7dbad7a26c09b267214db,266,2025-06-01T21:00:00+00:00,2026-06-14T03:00:00+00:00,rolling_origin_replay
2026-07-31T23:21:55.865503+00:00,rolling_origin_replay_results,C:\Users\ProsserJames\PycharmProjects\XGBoost_Roseville_System_Load_Forecast\forecast_outputs\replay_runs\rolling_origin_replay_results_20260731_232153_8024c78b52.csv,8024c78b5224274e421f287120f3379473fcd9757f2e61e81377b5701aa7989b,8440,2024-10-13T07:00:00+00:00,2026-07-23T06:00:00+00:00,rolling_origin_replay
2026-07-31T23:21:55.889810+00:00,rolling_origin_replay_stage_metrics,C:\Users\ProsserJames\PycharmProjects\XGBoost_Roseville_System_Load_Forecast\forecast_outputs\replay_runs\rolling_origin_replay_stage_metrics_20260731_232155_891ba2bc5d.csv,891ba2bc5d65793a475f8b1d9106d61e602e01c73cc394da0ec4f698bcfc2b89,19,,,rolling_origin_replay
2026-07-31T23:21:55.926759+00:00,rolling_origin_replay_origin_metrics_by_stage,C:\Users\ProsserJames\PycharmProjects\XGBoost_Roseville_System_Load_Forecast\forecast_outputs\replay_runs\rolling_origin_replay_origin_metrics_by_stage_20260731_232155_48ece2ca11.csv,48ece2ca112406b44e0b45f956886643f2296b16ea34e83c433519db0de245e7,418,,,rolling_origin_replay
2026-07-31T23:21:55.939819+00:00,production_readiness_scorecard,C:\Users\ProsserJames\PycharmProjects\XGBoost_Roseville_System_Load_Forecast\forecast_outputs\replay_runs\production_readiness_scorecard_20260731_232155_ac4ee8bb80.csv,ac4ee8bb804ec4d17db594bb3c8f4ec82f7dba8f7b18aac17820aa069f0dc848,9,,,rolling_origin_replay
2026-07-31T23:21:56.037891+00:00,june_hot_origin_diagnostics,C:\Users\ProsserJames\PycharmProjects\XGBoost_Roseville_System_Load_Forecast\forecast_outputs\replay_runs\june_hot_origin_diagnostics_20260731_232155_092683f4a6.csv,092683f4a6a8bcc92199f61365bd066b5a117d0e1ab0f0ecd5649cedd552740e,266,2025-06-01T21:00:00+00:00,2026-06-14T03:00:00+00:00,rolling_origin_replay
2026-08-01T02:01:07.486268+00:00,rolling_origin_replay_results,C:\Users\ProsserJames\PycharmProjects\XGBoost_Roseville_System_Load_Forecast\forecast_outputs\replay_runs\rolling_origin_replay_results_20260801_020053_57a6aaccb2.csv,57a6aaccb2d51ffd2994ea08098724f610a93d4ca57951510b8a6fc365813020,8440,2024-10-13T07:00:00+00:00,2026-07-23T06:00:00+00:00,rolling_origin_replay
2026-08-01T02:01:07.698322+00:00,rolling_origin_replay_stage_metrics,C:\Users\ProsserJames\PycharmProjects\XGBoost_Roseville_System_Load_Forecast\forecast_outputs\replay_runs\rolling_origin_replay_stage_metrics_20260801_020107_fe441f273a.csv,fe441f273a9a539e26bbec58313020be97000e46a8b8018d3a0da1ed07e35612,19,,,rolling_origin_replay
2026-08-01T02:01:08.538509+00:00,rolling_origin_replay_origin_metrics_by_stage,C:\Users\ProsserJames\PycharmProjects\XGBoost_Roseville_System_Load_Forecast\forecast_outputs\replay_runs\rolling_origin_replay_origin_metrics_by_stage_20260801_020107_b95c142fba.csv,b95c142fbaf31a2870656a725448581e8f3025f202a3d5147b0240aeab37c856,418,,,rolling_origin_replay
2026-08-01T02:01:09.095641+00:00,production_readiness_scorecard,C:\Users\ProsserJames\PycharmProjects\XGBoost_Roseville_System_Load_Forecast\forecast_outputs\replay_runs\production_readiness_scorecard_20260801_020108_37067bf862.csv,37067bf86213cd28894cbf3c6eeb652491e4b6cc5ae9a68afe5234f076d2821d,9,,,rolling_origin_replay
2026-08-01T02:01:09.560340+00:00,june_hot_origin_diagnostics,C:\Users\ProsserJames\PycharmProjects\XGBoost_Roseville_System_Load_Forecast\forecast_outputs\replay_runs\june_hot_origin_diagnostics_20260801_020109_c8e30cb1d5.csv,c8e30cb1d5418af5ffcfc15a0992ad1ad676102324fadb887a80ac121498ba3b,266,2025-06-01T21:00:00+00:00,2026-06-14T03:00:00+00:00,rolling_origin_replay
2026-08-01T16:18:46.074390+00:00,rolling_origin_replay_results,C:\Users\ProsserJames\PycharmProjects\XGBoost_Roseville_System_Load_Forecast\forecast_outputs\replay_runs\rolling_origin_replay_results_20260801_161839_99cea49f02.csv,99cea49f026bad8f4fc74e556b6b33168e9bc88259aa28255e1d0a1295b2505c,8440,2024-10-13T07:00:00+00:00,2026-07-23T06:00:00+00:00,rolling_origin_replay
2026-08-01T16:18:46.100425+00:00,rolling_origin_replay_stage_metrics,C:\Users\ProsserJames\PycharmProjects\XGBoost_Roseville_System_Load_Forecast\forecast_outputs\replay_runs\rolling_origin_replay_stage_metrics_20260801_161846_0003124cae.csv,0003124cae8e25c225ca4b71771661b5162a27f3dd602e272f4c005d442941c2,19,,,rolling_origin_replay
2026-08-01T16:18:46.141676+00:00,rolling_origin_replay_origin_metrics_by_stage,C:\Users\ProsserJames\PycharmProjects\XGBoost_Roseville_System_Load_Forecast\forecast_outputs\replay_runs\rolling_origin_replay_origin_metrics_by_stage_20260801_161846_289b75b6e7.csv,289b75b6e7a0eed073ca035b2dc347a6472bb4aab6c91c0fbba07d7bd078f920,418,,,rolling_origin_replay
2026-08-01T16:18:46.157707+00:00,production_readiness_scorecard,C:\Users\ProsserJames\PycharmProjects\XGBoost_Roseville_System_Load_Forecast\forecast_outputs\replay_runs\production_readiness_scorecard_20260801_161846_2932334642.csv,2932334642b7b50d0b0cd486df2af02b0c558fd104f2bdcc5c28be53c95d5bf6,9,,,rolling_origin_replay
2026-08-01T16:18:46.259259+00:00,june_hot_origin_diagnostics,C:\Users\ProsserJames\PycharmProjects\XGBoost_Roseville_System_Load_Forecast\forecast_outputs\replay_runs\june_hot_origin_diagnostics_20260801_161846_338e43e110.csv,338e43e1101733421fedb324c62006232e4126b17e5610e0d2dc34da8e283360,266,2025-06-01T21:00:00+00:00,2026-06-14T03:00:00+00:00,rolling_origin_replay
2026-08-01T20:12:13.862663+00:00,rolling_origin_replay_results,C:\Users\ProsserJames\PycharmProjects\XGBoost_Roseville_System_Load_Forecast\forecast_outputs\replay_runs\rolling_origin_replay_results_20260801_201211_ea24788363.csv,ea247883634ac2a6e55a3e26bbab2486765e638adc19c33e789354148b407160,8440,2024-10-13T07:00:00+00:00,2026-07-23T06:00:00+00:00,rolling_origin_replay
2026-08-01T20:12:13.876388+00:00,rolling_origin_replay_stage_metrics,C:\Users\ProsserJames\PycharmProjects\XGBoost_Roseville_System_Load_Forecast\forecast_outputs\replay_runs\rolling_origin_replay_stage_metrics_20260801_201213_002cbfb966.csv,002cbfb966e29a3495611966ac76f22b6787d22aa8ae2f37e30533362e0ffda6,19,,,rolling_origin_replay
2026-08-01T20:12:13.914898+00:00,rolling_origin_replay_origin_metrics_by_stage,C:\Users\ProsserJames\PycharmProjects\XGBoost_Roseville_System_Load_Forecast\forecast_outputs\replay_runs\rolling_origin_replay_origin_metrics_by_stage_20260801_201213_af2baa603a.csv,af2baa603ab313aa6c251f6962c1d428fdcee59bc70d455953cbe593aceba5f8,418,,,rolling_origin_replay
2026-08-01T20:12:13.929721+00:00,production_readiness_scorecard,C:\Users\ProsserJames\PycharmProjects\XGBoost_Roseville_System_Load_Forecast\forecast_outputs\replay_runs\production_readiness_scorecard_20260801_201213_c5dd698625.csv,c5dd698625355970dbbfe35293440a65f5718bb0b91ec03cc2ab11c6465d39d7,9,,,rolling_origin_replay
2026-08-01T20:12:14.038892+00:00,june_hot_origin_diagnostics,C:\Users\ProsserJames\PycharmProjects\XGBoost_Roseville_System_Load_Forecast\forecast_outputs\replay_runs\june_hot_origin_diagnostics_20260801_201213_d5fdb9a8c6.csv,d5fdb9a8c6eb9780a9b23b6524d3d49e0b9d381c279c9c3ad88b95214e78f767,266,2025-06-01T21:00:00+00:00,2026-06-14T03:00:00+00:00,rolling_origin_replay
2026-08-01T23:24:57.065615+00:00,rolling_origin_replay_results,C:\Users\ProsserJames\PycharmProjects\XGBoost_Roseville_System_Load_Forecast\forecast_outputs\replay_runs\rolling_origin_replay_results_20260801_232452_f81b75ae1b.csv,f81b75ae1bb1cfdf4a73376ef34edffacdc925b60468eefbdf6c16bd3cfde7db,8440,2024-10-13T07:00:00+00:00,2026-07-23T06:00:00+00:00,rolling_origin_replay
2026-08-01T23:24:57.091617+00:00,rolling_origin_replay_stage_metrics,C:\Users\ProsserJames\PycharmProjects\XGBoost_Roseville_System_Load_Forecast\forecast_outputs\replay_runs\rolling_origin_replay_stage_metrics_20260801_232457_12acc46e10.csv,12acc46e108d6e8db9c586f013354f9555fb6b657db0938fe8dfd58733a3df90,19,,,rolling_origin_replay
2026-08-01T23:24:57.164143+00:00,rolling_origin_replay_origin_metrics_by_stage,C:\Users\ProsserJames\PycharmProjects\XGBoost_Roseville_System_Load_Forecast\forecast_outputs\replay_runs\rolling_origin_replay_origin_metrics_by_stage_20260801_232457_9a7be563b8.csv,9a7be563b886853a200228f7b2df277719da73f2f9d0820c39a6d5f26648e7d2,418,,,rolling_origin_replay
2026-08-01T23:24:57.185141+00:00,production_readiness_scorecard,C:\Users\ProsserJames\PycharmProjects\XGBoost_Roseville_System_Load_Forecast\forecast_outputs\replay_runs\production_readiness_scorecard_20260801_232457_f90a770edf.csv,f90a770edfa6e8edfb6d2b7a6a2287fc02cb1e0d85fba8aec46e22703461cae9,9,,,rolling_origin_replay
2026-08-01T23:24:57.395187+00:00,june_hot_origin_diagnostics,C:\Users\ProsserJames\PycharmProjects\XGBoost_Roseville_System_Load_Forecast\forecast_outputs\replay_runs\june_hot_origin_diagnostics_20260801_232457_d81cf30dcf.csv,d81cf30dcf0d65ffdb51f4001b28e7ca8343cf69876937d47a1160c77fbb1797,266,2025-06-01T21:00:00+00:00,2026-06-14T03:00:00+00:00,rolling_origin_replay
2026-08-02T01:35:46.283450+00:00,rolling_origin_replay_results,C:\Users\ProsserJames\PycharmProjects\XGBoost_Roseville_System_Load_Forecast\forecast_outputs\replay_runs\rolling_origin_replay_results_20260802_013540_6747f94113.csv,6747f94113be7db7b006c0fcec8f3948a9d9a5c60eca4e5c49e76f6fdcb7383d,8440,2024-10-13T07:00:00+00:00,2026-07-23T06:00:00+00:00,rolling_origin_replay
2026-08-02T01:35:46.298028+00:00,rolling_origin_replay_stage_metrics,C:\Users\ProsserJames\PycharmProjects\XGBoost_Roseville_System_Load_Forecast\forecast_outputs\replay_runs\rolling_origin_replay_stage_metrics_20260802_013546_17ff448dc1.csv,17ff448dc1ec12c510f390e59d902934b0b94b2d9e496e24aed9e64368eebe21,19,,,rolling_origin_replay
2026-08-02T01:35:46.341994+00:00,rolling_origin_replay_origin_metrics_by_stage,C:\Users\ProsserJames\PycharmProjects\XGBoost_Roseville_System_Load_Forecast\forecast_outputs\replay_runs\rolling_origin_replay_origin_metrics_by_stage_20260802_013546_5227066ce3.csv,5227066ce331ca52b6272b0fb1bf7c5dd7605984cad6c02dfc7591e86243e74d,418,,,rolling_origin_replay
2026-08-02T01:35:46.357995+00:00,production_readiness_scorecard,C:\Users\ProsserJames\PycharmProjects\XGBoost_Roseville_System_Load_Forecast\forecast_outputs\replay_runs\production_readiness_scorecard_20260802_013546_182f78099e.csv,182f78099e16eacecc34f2edc1bdf0631c6daa1fd915274a5149108ef98432a4,9,,,rolling_origin_replay
2026-08-02T01:35:46.463516+00:00,june_hot_origin_diagnostics,C:\Users\ProsserJames\PycharmProjects\XGBoost_Roseville_System_Load_Forecast\forecast_outputs\replay_runs\june_hot_origin_diagnostics_20260802_013546_e9fce505fb.csv,e9fce505fba07692ecd24961cf4740ef1307d5fdfd5c9026689c9d7e77bf4c0c,266,2025-06-01T21:00:00+00:00,2026-06-14T03:00:00+00:00,rolling_origin_replay
2026-08-02T05:21:19.317620+00:00,rolling_origin_replay_results,C:\Users\ProsserJames\PycharmProjects\XGBoost_Roseville_System_Load_Forecast\forecast_outputs\replay_runs\rolling_origin_replay_results_20260802_052109_579aca407b.csv,579aca407b1a8b3a2faa9d2d590ee17de7aa1ce825205ec08a1457dffe6a93b5,8440,2024-10-13T07:00:00+00:00,2026-07-23T06:00:00+00:00,rolling_origin_replay
2026-08-02T05:21:19.609189+00:00,rolling_origin_replay_stage_metrics,C:\Users\ProsserJames\PycharmProjects\XGBoost_Roseville_System_Load_Forecast\forecast_outputs\replay_runs\rolling_origin_replay_stage_metrics_20260802_052119_e9a8f0f963.csv,e9a8f0f9630eadc4bd1de9c5444d1b6eaaeed7c1eb839fe7b04fc139f22311b0,19,,,rolling_origin_replay
2026-08-02T05:21:19.698713+00:00,rolling_origin_replay_origin_metrics_by_stage,C:\Users\ProsserJames\PycharmProjects\XGBoost_Roseville_System_Load_Forecast\forecast_outputs\replay_runs\rolling_origin_replay_origin_metrics_by_stage_20260802_052119_fc3cabe1c9.csv,fc3cabe1c9c0e2f93e95f8f949b2f2272b269b2f3d81c1b2ee88fc770f308084,418,,,rolling_origin_replay
2026-08-02T05:21:20.145331+00:00,production_readiness_scorecard,C:\Users\ProsserJames\PycharmProjects\XGBoost_Roseville_System_Load_Forecast\forecast_outputs\replay_runs\production_readiness_scorecard_20260802_052119_90a559233d.csv,90a559233d3ee887aeae1ceca3d8789a31285b90ccaaa71099cdb21aa9a8fb37,9,,,rolling_origin_replay
2026-08-02T05:21:21.836703+00:00,june_hot_origin_diagnostics,C:\Users\ProsserJames\PycharmProjects\XGBoost_Roseville_System_Load_Forecast\forecast_outputs\replay_runs\june_hot_origin_diagnostics_20260802_052120_01dc0e2a8a.csv,01dc0e2a8a9cfd15b899ff8b735589970bd3280e87ab3240b274d8307d4dc431,266,2025-06-01T21:00:00+00:00,2026-06-14T03:00:00+00:00,rolling_origin_replay
2026-08-02T16:15:03.065946+00:00,rolling_origin_replay_results,C:\Users\ProsserJames\PycharmProjects\XGBoost_Roseville_System_Load_Forecast\forecast_outputs\replay_runs\rolling_origin_replay_results_20260802_161457_2eacbeeaea.csv,2eacbeeaea4e8285720608f16905ede5b0a7ac5647e327f771d87159a9bb9123,8440,2024-10-13T07:00:00+00:00,2026-07-23T06:00:00+00:00,rolling_origin_replay
2026-08-02T16:15:03.133468+00:00,rolling_origin_replay_stage_metrics,C:\Users\ProsserJames\PycharmProjects\XGBoost_Roseville_System_Load_Forecast\forecast_outputs\replay_runs\rolling_origin_replay_stage_metrics_20260802_161503_640f32f676.csv,640f32f676b3d030fdc6e72dc75859967f3d5f0a261dc89ee171ffaf94295776,19,,,rolling_origin_replay
2026-08-02T16:15:03.259988+00:00,rolling_origin_replay_origin_metrics_by_stage,C:\Users\ProsserJames\PycharmProjects\XGBoost_Roseville_System_Load_Forecast\forecast_outputs\replay_runs\rolling_origin_replay_origin_metrics_by_stage_20260802_161503_779d107bf5.csv,779d107bf52b44073565f3ee866a726e3e74a37f1e14a5757789c61528cda674,418,,,rolling_origin_replay
2026-08-02T16:15:03.309514+00:00,production_readiness_scorecard,C:\Users\ProsserJames\PycharmProjects\XGBoost_Roseville_System_Load_Forecast\forecast_outputs\replay_runs\production_readiness_scorecard_20260802_161503_b9824b3620.csv,b9824b36206dee0c10923b4be2655fb7d5609a47be325a787a33a9227ce0c529,9,,,rolling_origin_replay
2026-08-02T16:15:03.645079+00:00,june_hot_origin_diagnostics,C:\Users\ProsserJames\PycharmProjects\XGBoost_Roseville_System_Load_Forecast\forecast_outputs\replay_runs\june_hot_origin_diagnostics_20260802_161503_2222766a0b.csv,2222766a0bb2fcf5cdcd65ff07c7bf2f76df2807fd51e9a9404844c2cf5d1394,266,2025-06-01T21:00:00+00:00,2026-06-14T03:00:00+00:00,rolling_origin_replay
2026-08-02T22:53:55.913902+00:00,rolling_origin_replay_results,C:\Users\ProsserJames\PycharmProjects\XGBoost_Roseville_System_Load_Forecast\forecast_outputs\replay_runs\rolling_origin_replay_results_20260802_225343_54698f660b.csv,54698f660bc1291cdd817f49cb41c9c6866d07ba83965fa84c1935f3303be66d,8440,2024-10-13T07:00:00+00:00,2026-07-23T06:00:00+00:00,rolling_origin_replay
2026-08-02T22:53:55.948080+00:00,rolling_origin_replay_stage_metrics,C:\Users\ProsserJames\PycharmProjects\XGBoost_Roseville_System_Load_Forecast\forecast_outputs\replay_runs\rolling_origin_replay_stage_metrics_20260802_225355_a645cfb131.csv,a645cfb1314b7781e18131a1898cd29a914fd71a02d974c3b281a9b141f67b39,20,,,rolling_origin_replay
2026-08-02T22:53:56.142496+00:00,rolling_origin_replay_origin_metrics_by_stage,C:\Users\ProsserJames\PycharmProjects\XGBoost_Roseville_System_Load_Forecast\forecast_outputs\replay_runs\rolling_origin_replay_origin_metrics_by_stage_20260802_225356_6a054b2e4e.csv,6a054b2e4e052d655e84e347c1ce471bd5256c2691e592422f0dfa8b888e2c55,440,,,rolling_origin_replay
2026-08-02T22:53:56.173680+00:00,production_readiness_scorecard,C:\Users\ProsserJames\PycharmProjects\XGBoost_Roseville_System_Load_Forecast\forecast_outputs\replay_runs\production_readiness_scorecard_20260802_225356_e0f1a6b2c3.csv,e0f1a6b2c315f5132940c0b27fc94ac6777453a2f543dc8f1d303d77e9b94269,9,,,rolling_origin_replay
2026-08-02T22:53:56.472557+00:00,june_hot_origin_diagnostics,C:\Users\ProsserJames\PycharmProjects\XGBoost_Roseville_System_Load_Forecast\forecast_outputs\replay_runs\june_hot_origin_diagnostics_20260802_225356_a6251fbad9.csv,a6251fbad98db6386e7e0b8694f5aa109259e70fbaa271db3185c8b0d7ff25c1,266,2025-06-01T21:00:00+00:00,2026-06-14T03:00:00+00:00,rolling_origin_replay
2026-08-03T05:15:51.600616+00:00,rolling_origin_replay_results,C:\Users\ProsserJames\PycharmProjects\XGBoost_Roseville_System_Load_Forecast\forecast_outputs\replay_runs\rolling_origin_replay_results_20260803_051548_de6d9cde58.csv,de6d9cde5833115067c04ed2b7d03573af4963fb114b8552bbf98e38793cb038,8440,2024-10-13T07:00:00+00:00,2026-07-23T06:00:00+00:00,rolling_origin_replay
2026-08-03T05:15:51.627642+00:00,rolling_origin_replay_stage_metrics,C:\Users\ProsserJames\PycharmProjects\XGBoost_Roseville_System_Load_Forecast\forecast_outputs\replay_runs\rolling_origin_replay_stage_metrics_20260803_051551_d1f8c61bca.csv,d1f8c61bca046f3296dd1394e8faf7053ecbaae27a2e3e2e55b62f8c995b2e90,20,,,rolling_origin_replay
2026-08-03T05:15:51.679889+00:00,rolling_origin_replay_origin_metrics_by_stage,C:\Users\ProsserJames\PycharmProjects\XGBoost_Roseville_System_Load_Forecast\forecast_outputs\replay_runs\rolling_origin_replay_origin_metrics_by_stage_20260803_051551_d0038f70ca.csv,d0038f70caa8d1a52cd2d0f3e83756ccf67d7c461b482a5e27764e11c6c68a19,440,,,rolling_origin_replay
2026-08-03T05:15:51.695965+00:00,production_readiness_scorecard,C:\Users\ProsserJames\PycharmProjects\XGBoost_Roseville_System_Load_Forecast\forecast_outputs\replay_runs\production_readiness_scorecard_20260803_051551_fb58c9042e.csv,fb58c9042e37d3be47e52723df9a8646542a3467e5da3aed9499606512824d5e,9,,,rolling_origin_replay
2026-08-03T05:15:51.834929+00:00,june_hot_origin_diagnostics,C:\Users\ProsserJames\PycharmProjects\XGBoost_Roseville_System_Load_Forecast\forecast_outputs\replay_runs\june_hot_origin_diagnostics_20260803_051551_24140c5d5d.csv,24140c5d5d10a4596bb01aa51219c62c064e3ea8cba5714f163724053a20cc12,266,2025-06-01T21:00:00+00:00,2026-06-14T03:00:00+00:00,rolling_origin_replay
2026-08-03T15:26:03.214081+00:00,rolling_origin_replay_results,C:\Users\ProsserJames\PycharmProjects\XGBoost_Roseville_System_Load_Forecast\forecast_outputs\replay_runs\rolling_origin_replay_results_20260803_152553_2a1236e7c3.csv,2a1236e7c37e4cee1cd1291108005076f6992ec2793f9310928500f5849ee81f,8440,2024-10-13T07:00:00+00:00,2026-07-23T06:00:00+00:00,rolling_origin_replay
2026-08-03T15:26:03.248495+00:00,rolling_origin_replay_stage_metrics,C:\Users\ProsserJames\PycharmProjects\XGBoost_Roseville_System_Load_Forecast\forecast_outputs\replay_runs\rolling_origin_replay_stage_metrics_20260803_152603_bd9ae2fd3a.csv,bd9ae2fd3a98d3f205c0cd3eff57c576c5b9d0beb66c2b65113360fbd38b4877,20,,,rolling_origin_replay
2026-08-03T15:26:03.350516+00:00,rolling_origin_replay_origin_metrics_by_stage,C:\Users\ProsserJames\PycharmProjects\XGBoost_Roseville_System_Load_Forecast\forecast_outputs\replay_runs\rolling_origin_replay_origin_metrics_by_stage_20260803_152603_1a6ae5b9e7.csv,1a6ae5b9e7657e648ab362838f6d56870a6df280d4115cb6a7568f6f37665f8b,440,,,rolling_origin_replay
2026-08-03T15:26:03.388207+00:00,production_readiness_scorecard,C:\Users\ProsserJames\PycharmProjects\XGBoost_Roseville_System_Load_Forecast\forecast_outputs\replay_runs\production_readiness_scorecard_20260803_152603_3da9829b88.csv,3da9829b881486a9d4580a0ba9e8c3641388b5c37a3e16158952aaac417bb373,9,,,rolling_origin_replay
2026-08-03T15:26:03.642970+00:00,june_hot_origin_diagnostics,C:\Users\ProsserJames\PycharmProjects\XGBoost_Roseville_System_Load_Forecast\forecast_outputs\replay_runs\june_hot_origin_diagnostics_20260803_152603_a19dc7b5b6.csv,a19dc7b5b678df9e1fa16f2cd7d47fd528c5ebabbfe429c91b6ad27f6a801714,266,2025-06-01T21:00:00+00:00,2026-06-14T03:00:00+00:00,rolling_origin_replay
2026-08-04T03:42:41.268151+00:00,rolling_origin_replay_results,C:\Users\ProsserJames\PycharmProjects\XGBoost_Roseville_System_Load_Forecast\forecast_outputs\replay_runs\rolling_origin_replay_results_20260804_034238_e6d4c7fdaa.csv,e6d4c7fdaa03a6275705bbd6ad6ecc819091e6ae197222d706c0e1879018ec0f,8440,2024-10-13T07:00:00+00:00,2026-07-23T06:00:00+00:00,rolling_origin_replay
2026-08-04T03:42:41.284189+00:00,rolling_origin_replay_stage_metrics,C:\Users\ProsserJames\PycharmProjects\XGBoost_Roseville_System_Load_Forecast\forecast_outputs\replay_runs\rolling_origin_replay_stage_metrics_20260804_034241_113cfc0fa1.csv,113cfc0fa1f42ce337bf82206ae3ba692e096f7cadda59a5a359e4682e738d2a,20,,,rolling_origin_replay
2026-08-04T03:42:41.323317+00:00,rolling_origin_replay_origin_metrics_by_stage,C:\Users\ProsserJames\PycharmProjects\XGBoost_Roseville_System_Load_Forecast\forecast_outputs\replay_runs\rolling_origin_replay_origin_metrics_by_stage_20260804_034241_86b1bc2ddb.csv,86b1bc2ddbde432590eece2bcdbecd093c2197e3bf0328740c2337e80fefbb94,440,,,rolling_origin_replay
2026-08-04T03:42:41.340866+00:00,production_readiness_scorecard,C:\Users\ProsserJames\PycharmProjects\XGBoost_Roseville_System_Load_Forecast\forecast_outputs\replay_runs\production_readiness_scorecard_20260804_034241_1c2d7a94d4.csv,1c2d7a94d42be02e176225dbba269efa403f80347b22b636cf32878cf523898b,9,,,rolling_origin_replay
2026-08-04T03:42:41.442800+00:00,june_hot_origin_diagnostics,C:\Users\ProsserJames\PycharmProjects\XGBoost_Roseville_System_Load_Forecast\forecast_outputs\replay_runs\june_hot_origin_diagnostics_20260804_034241_69476d996e.csv,69476d996e9472b83030ba5de3f8ba46fd25a5b67bf2c6b54afaccb1b699d630,266,2025-06-01T21:00:00+00:00,2026-06-14T03:00:00+00:00,rolling_origin_replay
2026-08-04T05:56:03.387981+00:00,rolling_origin_replay_results,C:\Users\ProsserJames\PycharmProjects\XGBoost_Roseville_System_Load_Forecast\forecast_outputs\replay_runs\rolling_origin_replay_results_20260804_055601_e607be699f.csv,e607be699f3779fd5b8f92418e2b729c163d72b606050221da36e4bee037d801,8440,2024-10-13T07:00:00+00:00,2026-07-23T06:00:00+00:00,rolling_origin_replay
2026-08-04T05:56:03.413069+00:00,rolling_origin_replay_stage_metrics,C:\Users\ProsserJames\PycharmProjects\XGBoost_Roseville_System_Load_Forecast\forecast_outputs\replay_runs\rolling_origin_replay_stage_metrics_20260804_055603_d016d40d5c.csv,d016d40d5c5954ce21897e7d749618a691ec78c29c2a917c2de6a9db9ae063f4,19,,,rolling_origin_replay
2026-08-04T05:56:03.477429+00:00,rolling_origin_replay_origin_metrics_by_stage,C:\Users\ProsserJames\PycharmProjects\XGBoost_Roseville_System_Load_Forecast\forecast_outputs\replay_runs\rolling_origin_replay_origin_metrics_by_stage_20260804_055603_3f726f2fb3.csv,3f726f2fb34ff9fd3dfb141bffa938a5b5a3c46649178a05d2e8a2ed45165b0c,418,,,rolling_origin_replay
2026-08-04T05:56:03.491960+00:00,production_readiness_scorecard,C:\Users\ProsserJames\PycharmProjects\XGBoost_Roseville_System_Load_Forecast\forecast_outputs\replay_runs\production_readiness_scorecard_20260804_055603_707268f9d6.csv,707268f9d66caa9ec4b8bb5d1f07b13e3fdc7100d8aa22cc413110a003bea2e8,9,,,rolling_origin_replay
2026-08-04T05:56:03.590592+00:00,june_hot_origin_diagnostics,C:\Users\ProsserJames\PycharmProjects\XGBoost_Roseville_System_Load_Forecast\forecast_outputs\replay_runs\june_hot_origin_diagnostics_20260804_055603_02d0fd7d08.csv,02d0fd7d081c0dac6ed916e67162f9d296e76e583e64dffebab7707fd5ccac07,266,2025-06-01T21:00:00+00:00,2026-06-14T03:00:00+00:00,rolling_origin_replay
2026-08-04T15:26:12.219458+00:00,rolling_origin_replay_results,C:\Users\ProsserJames\PycharmProjects\XGBoost_Roseville_System_Load_Forecast\forecast_outputs\replay_runs\rolling_origin_replay_results_20260804_152609_8d54eb52ca.csv,8d54eb52cabe287558a46bd3590317d9892afcbe09bb6db0b171a11e890b611b,8806,2024-10-13T07:00:00+00:00,2026-08-04T12:00:00+00:00,rolling_origin_replay
2026-08-04T15:26:12.244889+00:00,rolling_origin_replay_stage_metrics,C:\Users\ProsserJames\PycharmProjects\XGBoost_Roseville_System_Load_Forecast\forecast_outputs\replay_runs\rolling_origin_replay_stage_metrics_20260804_152612_4d96b07268.csv,4d96b07268e08aef3d23ac5411a432c13258d18acedc2cea75197aeb78a8613b,19,,,rolling_origin_replay
2026-08-04T15:26:12.283209+00:00,rolling_origin_replay_origin_metrics_by_stage,C:\Users\ProsserJames\PycharmProjects\XGBoost_Roseville_System_Load_Forecast\forecast_outputs\replay_runs\rolling_origin_replay_origin_metrics_by_stage_20260804_152612_a77ff8a0d1.csv,a77ff8a0d1a3b29e66f89bdddfa1b07d6d0ab83649cc2e382e32b9d29bea4c8d,437,,,rolling_origin_replay
2026-08-04T15:26:12.298710+00:00,production_readiness_scorecard,C:\Users\ProsserJames\PycharmProjects\XGBoost_Roseville_System_Load_Forecast\forecast_outputs\replay_runs\production_readiness_scorecard_20260804_152612_f29d0fe924.csv,f29d0fe924c89d7ecf7a84c2f315fe78ef005a57d8668a24b474cb03046a33d9,9,,,rolling_origin_replay
2026-08-04T15:26:12.397259+00:00,june_hot_origin_diagnostics,C:\Users\ProsserJames\PycharmProjects\XGBoost_Roseville_System_Load_Forecast\forecast_outputs\replay_runs\june_hot_origin_diagnostics_20260804_152612_3e04e975d2.csv,3e04e975d2b435095566c4012a2bd72baed5451d5f8ed6b511de19a4f3ce71c2,266,2025-06-01T21:00:00+00:00,2026-06-14T03:00:00+00:00,rolling_origin_replay
2026-08-04T18:09:26.319736+00:00,rolling_origin_replay_results,C:\Users\ProsserJames\PycharmProjects\XGBoost_Roseville_System_Load_Forecast\forecast_outputs\replay_runs\rolling_origin_replay_results_20260804_180923_2e465e66ff.csv,2e465e66ffde931e624ae17d6809bccedfc50e76d483d0cdf1a3be6130b629f3,8808,2024-10-13T07:00:00+00:00,2026-08-04T14:00:00+00:00,rolling_origin_replay
2026-08-04T18:09:26.344355+00:00,rolling_origin_replay_stage_metrics,C:\Users\ProsserJames\PycharmProjects\XGBoost_Roseville_System_Load_Forecast\forecast_outputs\replay_runs\rolling_origin_replay_stage_metrics_20260804_180926_83db8eddce.csv,83db8eddceaf12453f4d6f7a50e89101f792135a7d9ee9e01e3405c7c464ce58,20,,,rolling_origin_replay
2026-08-04T18:09:26.385465+00:00,rolling_origin_replay_origin_metrics_by_stage,C:\Users\ProsserJames\PycharmProjects\XGBoost_Roseville_System_Load_Forecast\forecast_outputs\replay_runs\rolling_origin_replay_origin_metrics_by_stage_20260804_180926_212babfb9b.csv,212babfb9b39f32b1b3e4aca16933b1d6f48a0a981c4167056fc853ba89d5fd2,460,,,rolling_origin_replay
2026-08-04T18:09:26.390363+00:00,production_readiness_scorecard,C:\Users\ProsserJames\PycharmProjects\XGBoost_Roseville_System_Load_Forecast\forecast_outputs\replay_runs\production_readiness_scorecard_20260804_180926_11dcb7b622.csv,11dcb7b6222c9d20da72028edaf23768e9a59dae3a7c3f062861368cd2957a2c,9,,,rolling_origin_replay
2026-08-04T18:09:26.501477+00:00,june_hot_origin_diagnostics,C:\Users\ProsserJames\PycharmProjects\XGBoost_Roseville_System_Load_Forecast\forecast_outputs\replay_runs\june_hot_origin_diagnostics_20260804_180926_04648bad61.csv,04648bad6101a6c4f93d95d001d81312906d97dd6858dce63c9aac41a8b95c9b,266,2025-06-01T21:00:00+00:00,2026-06-14T03:00:00+00:00,rolling_origin_replay
2026-08-04T21:23:49.916916+00:00,rolling_origin_replay_results,C:\Users\ProsserJames\PycharmProjects\XGBoost_Roseville_System_Load_Forecast\forecast_outputs\replay_runs\rolling_origin_replay_results_20260804_212347_07355954d3.csv,07355954d3067eda0ee0ebcd4125a68abbe1466fbc3d5803cb57a6179b81ba42,8811,2024-10-13T07:00:00+00:00,2026-08-04T17:00:00+00:00,rolling_origin_replay
2026-08-04T21:23:49.943261+00:00,rolling_origin_replay_stage_metrics,C:\Users\ProsserJames\PycharmProjects\XGBoost_Roseville_System_Load_Forecast\forecast_outputs\replay_runs\rolling_origin_replay_stage_metrics_20260804_212349_d1ae54b742.csv,d1ae54b742197d5c1afc7436abc6cc7ca5937dc87469f6cdb03e2c3cfa7c7b29,21,,,rolling_origin_replay
2026-08-04T21:23:49.978187+00:00,rolling_origin_replay_origin_metrics_by_stage,C:\Users\ProsserJames\PycharmProjects\XGBoost_Roseville_System_Load_Forecast\forecast_outputs\replay_runs\rolling_origin_replay_origin_metrics_by_stage_20260804_212349_0be76d4281.csv,0be76d428132b420f019229a34c0eff1f02b13f4dc2047066aaee665b4b95639,483,,,rolling_origin_replay
2026-08-04T21:23:49.994325+00:00,production_readiness_scorecard,C:\Users\ProsserJames\PycharmProjects\XGBoost_Roseville_System_Load_Forecast\forecast_outputs\replay_runs\production_readiness_scorecard_20260804_212349_2dedd99102.csv,2dedd99102d4295968fde291d919eaa3ab1783d50cc1d4ea36cd6a2eadf3053d,9,,,rolling_origin_replay
2026-08-04T21:23:50.102425+00:00,june_hot_origin_diagnostics,C:\Users\ProsserJames\PycharmProjects\XGBoost_Roseville_System_Load_Forecast\forecast_outputs\replay_runs\june_hot_origin_diagnostics_20260804_212350_925268da7d.csv,925268da7dabc2d39434fa3e99deefe82efef5b27e159ecc11bd5ae02769d2b8,266,2025-06-01T21:00:00+00:00,2026-06-14T03:00:00+00:00,rolling_origin_replay
2026-08-05T00:07:34.299932+00:00,rolling_origin_replay_results,C:\Users\ProsserJames\PycharmProjects\XGBoost_Roseville_System_Load_Forecast\forecast_outputs\replay_runs\rolling_origin_replay_results_20260805_000731_082593e659.csv,082593e6593fbd14368a02efcf3e432b870e20fc3aca7cdf49991aaa1ad2f266,8814,2024-10-13T07:00:00+00:00,2026-08-04T20:00:00+00:00,rolling_origin_replay
2026-08-05T00:07:34.326993+00:00,rolling_origin_replay_stage_metrics,C:\Users\ProsserJames\PycharmProjects\XGBoost_Roseville_System_Load_Forecast\forecast_outputs\replay_runs\rolling_origin_replay_stage_metrics_20260805_000734_4baf2269e8.csv,4baf2269e89b1ec70b4fc892636b9eecca717d246d8749cb2af95f2d1643525d,23,,,rolling_origin_replay
2026-08-05T00:07:34.373502+00:00,rolling_origin_replay_origin_metrics_by_stage,C:\Users\ProsserJames\PycharmProjects\XGBoost_Roseville_System_Load_Forecast\forecast_outputs\replay_runs\rolling_origin_replay_origin_metrics_by_stage_20260805_000734_54b7afc13c.csv,54b7afc13c0d98aba850b1d3c3434b243e466486460cf19656ccab98fd43ee8d,529,,,rolling_origin_replay
2026-08-05T00:07:34.389848+00:00,production_readiness_scorecard,C:\Users\ProsserJames\PycharmProjects\XGBoost_Roseville_System_Load_Forecast\forecast_outputs\replay_runs\production_readiness_scorecard_20260805_000734_e117b036fc.csv,e117b036fc8aaf706ccd594f142960a025629b755ee2c9580082d13e96aeaf1e,9,,,rolling_origin_replay
2026-08-05T00:07:34.517746+00:00,june_hot_origin_diagnostics,C:\Users\ProsserJames\PycharmProjects\XGBoost_Roseville_System_Load_Forecast\forecast_outputs\replay_runs\june_hot_origin_diagnostics_20260805_000734_c6b54bdb42.csv,c6b54bdb4277955b73dd7cb72b864fbbbf878e0d390da513582fb2735e5672c1,266,2025-06-01T21:00:00+00:00,2026-06-14T03:00:00+00:00,rolling_origin_replay
2026-08-05T05:05:56.930125+00:00,rolling_origin_replay_results,C:\Users\ProsserJames\PycharmProjects\XGBoost_Roseville_System_Load_Forecast\forecast_outputs\replay_runs\rolling_origin_replay_results_20260805_050544_2ddf29cb45.csv,2ddf29cb45012b8e2556d01d6eb48ef27517bed0b8355a2dfff80d2099babc43,8819,2024-10-13T07:00:00+00:00,2026-08-05T01:00:00+00:00,rolling_origin_replay
2026-08-05T05:05:57.384733+00:00,rolling_origin_replay_stage_metrics,C:\Users\ProsserJames\PycharmProjects\XGBoost_Roseville_System_Load_Forecast\forecast_outputs\replay_runs\rolling_origin_replay_stage_metrics_20260805_050557_3d0ee6fbc4.csv,3d0ee6fbc4149a023ada0cdc2c1bb781ec8c7fd58ef6e96a0f778184ee9e98f8,23,,,rolling_origin_replay
2026-08-05T05:05:58.205907+00:00,rolling_origin_replay_origin_metrics_by_stage,C:\Users\ProsserJames\PycharmProjects\XGBoost_Roseville_System_Load_Forecast\forecast_outputs\replay_runs\rolling_origin_replay_origin_metrics_by_stage_20260805_050557_ff57e0ab38.csv,ff57e0ab3840623a2024581d16ce2dc04914107c36d7b6ff9171b39221fb0148,529,,,rolling_origin_replay
2026-08-05T05:05:58.701523+00:00,production_readiness_scorecard,C:\Users\ProsserJames\PycharmProjects\XGBoost_Roseville_System_Load_Forecast\forecast_outputs\replay_runs\production_readiness_scorecard_20260805_050558_6009019625.csv,6009019625897f9a1457e0a63fc14656d4bdddf977278fd6ed8a97a39cd740d2,9,,,rolling_origin_replay
2026-08-05T05:05:59.505698+00:00,june_hot_origin_diagnostics,C:\Users\ProsserJames\PycharmProjects\XGBoost_Roseville_System_Load_Forecast\forecast_outputs\replay_runs\june_hot_origin_diagnostics_20260805_050558_88b370c890.csv,88b370c890dead713ad26ae60a8c737a7e325a836f0c3796393d3a0652cb1520,266,2025-06-01T21:00:00+00:00,2026-06-14T03:00:00+00:00,rolling_origin_replay
2026-08-05T15:28:53.018597+00:00,rolling_origin_replay_results,C:\Users\ProsserJames\PycharmProjects\XGBoost_Roseville_System_Load_Forecast\forecast_outputs\replay_runs\rolling_origin_replay_results_20260805_152849_3d6ae174fa.csv,3d6ae174fa0948333835618597c904daf5448403a99011786fb36b788f11a83f,9189,2024-10-13T07:00:00+00:00,2026-08-05T11:00:00+00:00,rolling_origin_replay
2026-08-05T15:28:53.049724+00:00,rolling_origin_replay_stage_metrics,C:\Users\ProsserJames\PycharmProjects\XGBoost_Roseville_System_Load_Forecast\forecast_outputs\replay_runs\rolling_origin_replay_stage_metrics_20260805_152853_c02a6d2e53.csv,c02a6d2e53bb6e2aa9cd8ffe5cd589addb360d131a167537ce0ebfd607ba2253,23,,,rolling_origin_replay
2026-08-05T15:28:53.095366+00:00,rolling_origin_replay_origin_metrics_by_stage,C:\Users\ProsserJames\PycharmProjects\XGBoost_Roseville_System_Load_Forecast\forecast_outputs\replay_runs\rolling_origin_replay_origin_metrics_by_stage_20260805_152853_cbc945ea74.csv,cbc945ea747314f61f00b6885234fdffcb628d4d8b8a8221eede9024666934f1,552,,,rolling_origin_replay
2026-08-05T15:28:53.110426+00:00,production_readiness_scorecard,C:\Users\ProsserJames\PycharmProjects\XGBoost_Roseville_System_Load_Forecast\forecast_outputs\replay_runs\production_readiness_scorecard_20260805_152853_d63741d462.csv,d63741d4626cb8b86f189c9c137b4c45ac60eeb066e984d46478849a62eb1e89,9,,,rolling_origin_replay
2026-08-05T15:28:53.237621+00:00,june_hot_origin_diagnostics,C:\Users\ProsserJames\PycharmProjects\XGBoost_Roseville_System_Load_Forecast\forecast_outputs\replay_runs\june_hot_origin_diagnostics_20260805_152853_aca7e7244c.csv,aca7e7244c76a37ae6f412f14b408ff2917140c388ebfa278a34af5c4b1b551b,266,2025-06-01T21:00:00+00:00,2026-06-14T03:00:00+00:00,rolling_origin_replay
2026-08-05T18:46:48.257468+00:00,rolling_origin_replay_results,C:\Users\ProsserJames\PycharmProjects\XGBoost_Roseville_System_Load_Forecast\forecast_outputs\replay_runs\rolling_origin_replay_results_20260805_184644_c4b3bcb36a.csv,c4b3bcb36a50119e3a229fab48bca5ce07679b48b814c1d17ef7f6cc44600315,9192,2024-10-13T07:00:00+00:00,2026-08-05T14:00:00+00:00,rolling_origin_replay
2026-08-05T18:46:48.287569+00:00,rolling_origin_replay_stage_metrics,C:\Users\ProsserJames\PycharmProjects\XGBoost_Roseville_System_Load_Forecast\forecast_outputs\replay_runs\rolling_origin_replay_stage_metrics_20260805_184648_8b948e21cd.csv,8b948e21cd2f40647f1b5a826842826a508e5ec1610e7241b1ecab57afb50a3e,23,,,rolling_origin_replay
2026-08-05T18:46:48.330904+00:00,rolling_origin_replay_origin_metrics_by_stage,C:\Users\ProsserJames\PycharmProjects\XGBoost_Roseville_System_Load_Forecast\forecast_outputs\replay_runs\rolling_origin_replay_origin_metrics_by_stage_20260805_184648_d59e680a3a.csv,d59e680a3acd82364b779c3dc51070bc54837c4c697fe05d2ad54833cf62ccfb,552,,,rolling_origin_replay
2026-08-05T18:46:48.344505+00:00,production_readiness_scorecard,C:\Users\ProsserJames\PycharmProjects\XGBoost_Roseville_System_Load_Forecast\forecast_outputs\replay_runs\production_readiness_scorecard_20260805_184648_0cc80a5594.csv,0cc80a5594f15a38cd09d76452f2b840146727719b29447454a07230b4da85e6,9,,,rolling_origin_replay
2026-08-05T18:46:48.472642+00:00,june_hot_origin_diagnostics,C:\Users\ProsserJames\PycharmProjects\XGBoost_Roseville_System_Load_Forecast\forecast_outputs\replay_runs\june_hot_origin_diagnostics_20260805_184648_88bd1bea83.csv,88bd1bea83fb3c6960ccc45b098b9b2bf8a84f2a93574333517fe1f26ee27c8f,266,2025-06-01T21:00:00+00:00,2026-06-14T03:00:00+00:00,rolling_origin_replay
2026-08-06T00:04:45.087323+00:00,rolling_origin_replay_results,C:\Users\ProsserJames\PycharmProjects\XGBoost_Roseville_System_Load_Forecast\forecast_outputs\replay_runs\rolling_origin_replay_results_20260806_000441_976537026f.csv,976537026fe29e3ae3063c1afe8de57285e722c9a7c7d1f3072268cdd30351b4,9198,2024-10-13T07:00:00+00:00,2026-08-05T20:00:00+00:00,rolling_origin_replay
2026-08-06T00:04:45.113336+00:00,rolling_origin_replay_stage_metrics,C:\Users\ProsserJames\PycharmProjects\XGBoost_Roseville_System_Load_Forecast\forecast_outputs\replay_runs\rolling_origin_replay_stage_metrics_20260806_000445_be924b9946.csv,be924b99467a8d3372e6ad07ba920635074da9ed2b33a621c2bd54451bbd5441,23,,,rolling_origin_replay
2026-08-06T00:04:45.158345+00:00,rolling_origin_replay_origin_metrics_by_stage,C:\Users\ProsserJames\PycharmProjects\XGBoost_Roseville_System_Load_Forecast\forecast_outputs\replay_runs\rolling_origin_replay_origin_metrics_by_stage_20260806_000445_fd84b21696.csv,fd84b216961a044ccb6b4495a27e6a9261921101c07d4541b8a19100cadb238f,552,,,rolling_origin_replay
2026-08-06T00:04:45.172331+00:00,production_readiness_scorecard,C:\Users\ProsserJames\PycharmProjects\XGBoost_Roseville_System_Load_Forecast\forecast_outputs\replay_runs\production_readiness_scorecard_20260806_000445_641775223e.csv,641775223e7600ea73623268061a5e946fac54eceb1fbb282c461f40dd02eae4,9,,,rolling_origin_replay
2026-08-06T00:04:45.304347+00:00,june_hot_origin_diagnostics,C:\Users\ProsserJames\PycharmProjects\XGBoost_Roseville_System_Load_Forecast\forecast_outputs\replay_runs\june_hot_origin_diagnostics_20260806_000445_5f681b1ba4.csv,5f681b1ba4d82863169380f500e73f47edfae64c74c20f3c6a28a054b6a06ae5,266,2025-06-01T21:00:00+00:00,2026-06-14T03:00:00+00:00,rolling_origin_replay
2026-08-06T07:54:20.456321+00:00,rolling_origin_replay_results,C:\Users\ProsserJames\PycharmProjects\XGBoost_Roseville_System_Load_Forecast\forecast_outputs\replay_runs\rolling_origin_replay_results_20260806_075416_f4f343fdc2.csv,f4f343fdc2be1b79aa75f47bc23dd5341835255ef8491429cbe66a3008f9b76a,9206,2024-10-13T07:00:00+00:00,2026-08-06T04:00:00+00:00,rolling_origin_replay
2026-08-06T07:54:20.480037+00:00,rolling_origin_replay_stage_metrics,C:\Users\ProsserJames\PycharmProjects\XGBoost_Roseville_System_Load_Forecast\forecast_outputs\replay_runs\rolling_origin_replay_stage_metrics_20260806_075420_8b98fa6963.csv,8b98fa69631420ef4b6cf2443c7838edb53ce872241a084d9db020fe0df2ef43,23,,,rolling_origin_replay
2026-08-06T07:54:20.523376+00:00,rolling_origin_replay_origin_metrics_by_stage,C:\Users\ProsserJames\PycharmProjects\XGBoost_Roseville_System_Load_Forecast\forecast_outputs\replay_runs\rolling_origin_replay_origin_metrics_by_stage_20260806_075420_19b91f4abb.csv,19b91f4abb138c5986288fd84cb32b4ae63539569b3ac22d6411f1e7f7b8171a,552,,,rolling_origin_replay
2026-08-06T07:54:20.543729+00:00,rolling_origin_replay_peak_window_bias_scorecard,C:\Users\ProsserJames\PycharmProjects\XGBoost_Roseville_System_Load_Forecast\forecast_outputs\replay_runs\rolling_origin_replay_peak_window_bias_scorecard_20260806_075420_d3af13b01d.csv,d3af13b01d3ad536c6c0211f4d399781e8253d19885fffe52e6af0274783b886,101,,,rolling_origin_replay
2026-08-06T07:54:20.558915+00:00,production_readiness_scorecard,C:\Users\ProsserJames\PycharmProjects\XGBoost_Roseville_System_Load_Forecast\forecast_outputs\replay_runs\production_readiness_scorecard_20260806_075420_cee18cac68.csv,cee18cac68cc2770ae55cd777c30fa2630a6315ed9f01d2adb72e7e6b07d1313,9,,,rolling_origin_replay
2026-08-06T07:54:20.694030+00:00,june_hot_origin_diagnostics,C:\Users\ProsserJames\PycharmProjects\XGBoost_Roseville_System_Load_Forecast\forecast_outputs\replay_runs\june_hot_origin_diagnostics_20260806_075420_91e05d3c69.csv,91e05d3c69058be08fd50b00a00f6fa58df0f0b14878b6dd818040a835a95685,266,2025-06-01T21:00:00+00:00,2026-06-14T03:00:00+00:00,rolling_origin_replay
2026-08-06T16:27:47.455388+00:00,rolling_origin_replay_results,C:\Users\ProsserJames\PycharmProjects\XGBoost_Roseville_System_Load_Forecast\forecast_outputs\replay_runs\rolling_origin_replay_results_20260806_162743_3953ba8275.csv,3953ba827539fc511db3ecbc4f99be49ab5f9c4410ff10e261c7425f0e48b186,9208,2024-10-13T07:00:00+00:00,2026-08-06T06:00:00+00:00,rolling_origin_replay
2026-08-06T16:27:47.480689+00:00,rolling_origin_replay_stage_metrics,C:\Users\ProsserJames\PycharmProjects\XGBoost_Roseville_System_Load_Forecast\forecast_outputs\replay_runs\rolling_origin_replay_stage_metrics_20260806_162747_38f4e4e167.csv,38f4e4e167da0dceca47dc43a2816f6836dec9a566845ab661c12abe3540571f,23,,,rolling_origin_replay
2026-08-06T16:27:47.524875+00:00,rolling_origin_replay_origin_metrics_by_stage,C:\Users\ProsserJames\PycharmProjects\XGBoost_Roseville_System_Load_Forecast\forecast_outputs\replay_runs\rolling_origin_replay_origin_metrics_by_stage_20260806_162747_7b693b5770.csv,7b693b577017b135eef75f10ba3ef0f50041891163bbd48b0e38de032798af84,552,,,rolling_origin_replay
2026-08-06T16:27:47.553389+00:00,rolling_origin_replay_peak_window_bias_scorecard,C:\Users\ProsserJames\PycharmProjects\XGBoost_Roseville_System_Load_Forecast\forecast_outputs\replay_runs\rolling_origin_replay_peak_window_bias_scorecard_20260806_162747_31c1984910.csv,31c1984910a3d2a395d3e616182ae7c6d6e46325a31f2bc796066ad62e9ce1ec,104,,,rolling_origin_replay
2026-08-06T16:27:47.568394+00:00,production_readiness_scorecard,C:\Users\ProsserJames\PycharmProjects\XGBoost_Roseville_System_Load_Forecast\forecast_outputs\replay_runs\production_readiness_scorecard_20260806_162747_d8c081e10f.csv,d8c081e10fefa507f31985498e4229904358290628346e908fda745a85ba7bcb,9,,,rolling_origin_replay
2026-08-06T16:27:47.716534+00:00,june_hot_origin_diagnostics,C:\Users\ProsserJames\PycharmProjects\XGBoost_Roseville_System_Load_Forecast\forecast_outputs\replay_runs\june_hot_origin_diagnostics_20260806_162747_5c93a22dd4.csv,5c93a22dd4f0aeb77ceb78413477904227e7966683e9c51539e15370c56ab890,266,2025-06-01T21:00:00+00:00,2026-06-14T03:00:00+00:00,rolling_origin_replay
2026-08-06T22:54:28.393157+00:00,rolling_origin_replay_results,C:\Users\ProsserJames\PycharmProjects\XGBoost_Roseville_System_Load_Forecast\forecast_outputs\replay_runs\rolling_origin_replay_results_20260806_225424_48a6eb385a.csv,48a6eb385a066508a539f20aeacc9833e0c8d996cbba4ee45648b416bb3aa737,9208,2024-10-13T07:00:00+00:00,2026-08-06T06:00:00+00:00,rolling_origin_replay
2026-08-06T22:54:28.411254+00:00,rolling_origin_replay_stage_metrics,C:\Users\ProsserJames\PycharmProjects\XGBoost_Roseville_System_Load_Forecast\forecast_outputs\replay_runs\rolling_origin_replay_stage_metrics_20260806_225428_f513c76e61.csv,f513c76e6104a418ec900c85e4de44b33fc7e46bda057de1fcf4ee0c223e8484,23,,,rolling_origin_replay
2026-08-06T22:54:28.456451+00:00,rolling_origin_replay_origin_metrics_by_stage,C:\Users\ProsserJames\PycharmProjects\XGBoost_Roseville_System_Load_Forecast\forecast_outputs\replay_runs\rolling_origin_replay_origin_metrics_by_stage_20260806_225428_7ac3bab937.csv,7ac3bab937dec997c9a118227b1fb182fca59dce75b99698a58d7cd02c511b70,552,,,rolling_origin_replay
2026-08-06T22:54:28.477982+00:00,rolling_origin_replay_peak_window_bias_scorecard,C:\Users\ProsserJames\PycharmProjects\XGBoost_Roseville_System_Load_Forecast\forecast_outputs\replay_runs\rolling_origin_replay_peak_window_bias_scorecard_20260806_225428_3a9e99085f.csv,3a9e99085f7d102bbba0526a3d3007e95e318f7816d60d6666b15595ad6962bd,102,,,rolling_origin_replay
2026-08-06T22:54:28.493984+00:00,production_readiness_scorecard,C:\Users\ProsserJames\PycharmProjects\XGBoost_Roseville_System_Load_Forecast\forecast_outputs\replay_runs\production_readiness_scorecard_20260806_225428_eca611d018.csv,eca611d018357c91dfb0812f91cb387552981b453e5d368aa002bd35a36d32ba,9,,,rolling_origin_replay
2026-08-06T22:54:28.640111+00:00,june_hot_origin_diagnostics,C:\Users\ProsserJames\PycharmProjects\XGBoost_Roseville_System_Load_Forecast\forecast_outputs\replay_runs\june_hot_origin_diagnostics_20260806_225428_8912bff761.csv,8912bff761c963c1a64ef5f2f50279c8d5267db6da2ff80f008ee581f73f5ee0,266,2025-06-01T21:00:00+00:00,2026-06-14T03:00:00+00:00,rolling_origin_replay
2026-08-07T03:04:46.325479+00:00,rolling_origin_replay_results,C:\Users\ProsserJames\PycharmProjects\XGBoost_Roseville_System_Load_Forecast\forecast_outputs\replay_runs\rolling_origin_replay_results_20260807_030442_4784b3cba6.csv,4784b3cba6992c1c0c49163d7e10b98ae7d819a3bae8f609fa40205af8795c4d,9208,2024-10-13T07:00:00+00:00,2026-08-06T06:00:00+00:00,rolling_origin_replay
2026-08-07T03:04:46.350606+00:00,rolling_origin_replay_stage_metrics,C:\Users\ProsserJames\PycharmProjects\XGBoost_Roseville_System_Load_Forecast\forecast_outputs\replay_runs\rolling_origin_replay_stage_metrics_20260807_030446_94a0e73b47.csv,94a0e73b47327891b2b886021edd40098f6625fde54023b25344265591e288a6,23,,,rolling_origin_replay
2026-08-07T03:04:46.395678+00:00,rolling_origin_replay_origin_metrics_by_stage,C:\Users\ProsserJames\PycharmProjects\XGBoost_Roseville_System_Load_Forecast\forecast_outputs\replay_runs\rolling_origin_replay_origin_metrics_by_stage_20260807_030446_dfd4a935d9.csv,dfd4a935d969871609c6a785653b3b9f6417e28701ed9b9eb8fbb61ae03317fb,552,,,rolling_origin_replay
2026-08-07T03:04:46.415948+00:00,rolling_origin_replay_peak_window_bias_scorecard,C:\Users\ProsserJames\PycharmProjects\XGBoost_Roseville_System_Load_Forecast\forecast_outputs\replay_runs\rolling_origin_replay_peak_window_bias_scorecard_20260807_030446_889e7ffb39.csv,889e7ffb39c40d83e08ff2cd4f9b20339556ddc8a03ebc6a075d3ddad654f896,102,,,rolling_origin_replay
2026-08-07T03:04:46.432792+00:00,production_readiness_scorecard,C:\Users\ProsserJames\PycharmProjects\XGBoost_Roseville_System_Load_Forecast\forecast_outputs\replay_runs\production_readiness_scorecard_20260807_030446_f157c68477.csv,f157c68477a876d96ddcc8f4afc7d9b66cf18f920d7694de5622c766752ee7f7,9,,,rolling_origin_replay
2026-08-07T03:04:46.579014+00:00,june_hot_origin_diagnostics,C:\Users\ProsserJames\PycharmProjects\XGBoost_Roseville_System_Load_Forecast\forecast_outputs\replay_runs\june_hot_origin_diagnostics_20260807_030446_66df117034.csv,66df117034b2bf05dc411e8e12f614acdedc3c32b95dcb7e618dcaee2ae7aa92,266,2025-06-01T21:00:00+00:00,2026-06-14T03:00:00+00:00,rolling_origin_replay
2026-08-07T06:54:36.875940+00:00,rolling_origin_replay_results,C:\Users\ProsserJames\PycharmProjects\XGBoost_Roseville_System_Load_Forecast\forecast_outputs\replay_runs\rolling_origin_replay_results_20260807_065432_75b38d05bd.csv,75b38d05bd21b6a5ca8642d3fb16edc954d34e3bcdb71430ace3665fe732c23c,9208,2024-10-13T07:00:00+00:00,2026-08-06T06:00:00+00:00,rolling_origin_replay
2026-08-07T06:54:36.895943+00:00,rolling_origin_replay_stage_metrics,C:\Users\ProsserJames\PycharmProjects\XGBoost_Roseville_System_Load_Forecast\forecast_outputs\replay_runs\rolling_origin_replay_stage_metrics_20260807_065436_121df47a28.csv,121df47a28c2f9ca52fb2ffffefc4efc283c026c3998a2e0158e1b2fa1ae13f0,23,,,rolling_origin_replay
2026-08-07T06:54:36.971952+00:00,rolling_origin_replay_origin_metrics_by_stage,C:\Users\ProsserJames\PycharmProjects\XGBoost_Roseville_System_Load_Forecast\forecast_outputs\replay_runs\rolling_origin_replay_origin_metrics_by_stage_20260807_065436_7ded288a89.csv,7ded288a89a03286084c6fe203a856138077b9e6d32bb7fbb65b6324f963a496,552,,,rolling_origin_replay
2026-08-07T06:54:36.996461+00:00,rolling_origin_replay_peak_window_bias_scorecard,C:\Users\ProsserJames\PycharmProjects\XGBoost_Roseville_System_Load_Forecast\forecast_outputs\replay_runs\rolling_origin_replay_peak_window_bias_scorecard_20260807_065436_f9782260dc.csv,f9782260dc5f3d64910a070a110caf3931c926b735a4d0dcd4f1aa47b37cdd73,106,,,rolling_origin_replay
2026-08-07T06:54:37.013461+00:00,production_readiness_scorecard,C:\Users\ProsserJames\PycharmProjects\XGBoost_Roseville_System_Load_Forecast\forecast_outputs\replay_runs\production_readiness_scorecard_20260807_065437_21f408ac5c.csv,21f408ac5c39da69cec5c37f7385e61a7a65682b4681c40de3080ff83fa810bb,9,,,rolling_origin_replay
2026-08-07T06:54:37.158978+00:00,june_hot_origin_diagnostics,C:\Users\ProsserJames\PycharmProjects\XGBoost_Roseville_System_Load_Forecast\forecast_outputs\replay_runs\june_hot_origin_diagnostics_20260807_065437_9175d4df5c.csv,9175d4df5cc8bc7b04ae9b0a2f4717aefee6f3c5db97d19e8bd835554c637125,266,2025-06-01T21:00:00+00:00,2026-06-14T03:00:00+00:00,rolling_origin_replay
2026-08-07T16:46:01.695140+00:00,rolling_origin_replay_results,C:\Users\ProsserJames\PycharmProjects\XGBoost_Roseville_System_Load_Forecast\forecast_outputs\replay_runs\rolling_origin_replay_results_20260807_164557_1df2b5e31f.csv,1df2b5e31fbfac13e26fd2ec2a3dcaa9d291aa7694f71537c7efbb1e5cc1264d,9208,2024-10-13T07:00:00+00:00,2026-08-06T06:00:00+00:00,rolling_origin_replay
2026-08-07T16:46:01.711140+00:00,rolling_origin_replay_stage_metrics,C:\Users\ProsserJames\PycharmProjects\XGBoost_Roseville_System_Load_Forecast\forecast_outputs\replay_runs\rolling_origin_replay_stage_metrics_20260807_164601_f560f02e2c.csv,f560f02e2c85fe04f7b0ea325b9b5d47caefddb4c61223ef170257b1324c8aa1,23,,,rolling_origin_replay
2026-08-07T16:46:01.755140+00:00,rolling_origin_replay_origin_metrics_by_stage,C:\Users\ProsserJames\PycharmProjects\XGBoost_Roseville_System_Load_Forecast\forecast_outputs\replay_runs\rolling_origin_replay_origin_metrics_by_stage_20260807_164601_32d610e6e0.csv,32d610e6e0eb4afbb6f5db490ed754c925742a4e8b1e08580bf6bfd3c3a74d33,552,,,rolling_origin_replay
2026-08-07T16:46:01.775498+00:00,rolling_origin_replay_peak_window_bias_scorecard,C:\Users\ProsserJames\PycharmProjects\XGBoost_Roseville_System_Load_Forecast\forecast_outputs\replay_runs\rolling_origin_replay_peak_window_bias_scorecard_20260807_164601_863c8ecb19.csv,863c8ecb193d804241c602970d8a373ad761f1260113771263d8dab2069af448,102,,,rolling_origin_replay
2026-08-07T16:46:01.791010+00:00,production_readiness_scorecard,C:\Users\ProsserJames\PycharmProjects\XGBoost_Roseville_System_Load_Forecast\forecast_outputs\replay_runs\production_readiness_scorecard_20260807_164601_e0200e3dc3.csv,e0200e3dc3a87e0f89600c6586c3138139dc279a2d06af3b0ba8fedc6d36aa34,9,,,rolling_origin_replay
2026-08-07T16:46:01.934960+00:00,june_hot_origin_diagnostics,C:\Users\ProsserJames\PycharmProjects\XGBoost_Roseville_System_Load_Forecast\forecast_outputs\replay_runs\june_hot_origin_diagnostics_20260807_164601_4598f921a6.csv,4598f921a6f55a9e3e239aba2cb17b707928b15922a4837793c436d62ca9fd6b,266,2025-06-01T21:00:00+00:00,2026-06-14T03:00:00+00:00,rolling_origin_replay
2026-08-07T20:06:08.480316+00:00,rolling_origin_replay_results,C:\Users\ProsserJames\PycharmProjects\XGBoost_Roseville_System_Load_Forecast\forecast_outputs\replay_runs\rolling_origin_replay_results_20260807_200604_93891cd340.csv,93891cd340b6559072e4ba317b7e9577972019bf1547a16f4f7f054dd0a553a6,9208,2024-10-13T07:00:00+00:00,2026-08-06T06:00:00+00:00,rolling_origin_replay
2026-08-07T20:06:08.507624+00:00,rolling_origin_replay_stage_metrics,C:\Users\ProsserJames\PycharmProjects\XGBoost_Roseville_System_Load_Forecast\forecast_outputs\replay_runs\rolling_origin_replay_stage_metrics_20260807_200608_a725ce82ce.csv,a725ce82cee821f76b284b7975cbc9732cc5c3634f9113fc84860f0311092865,23,,,rolling_origin_replay
2026-08-07T20:06:08.552691+00:00,rolling_origin_replay_origin_metrics_by_stage,C:\Users\ProsserJames\PycharmProjects\XGBoost_Roseville_System_Load_Forecast\forecast_outputs\replay_runs\rolling_origin_replay_origin_metrics_by_stage_20260807_200608_0828de5950.csv,0828de5950cc865fa546ab99c6f6a72457d333dd030f2048ebf1c147de11d4fa,552,,,rolling_origin_replay
2026-08-07T20:06:08.572697+00:00,rolling_origin_replay_peak_window_bias_scorecard,C:\Users\ProsserJames\PycharmProjects\XGBoost_Roseville_System_Load_Forecast\forecast_outputs\replay_runs\rolling_origin_replay_peak_window_bias_scorecard_20260807_200608_b181500709.csv,b18150070977ad7217b8d11d0edd2efbf570ab6daf301a6e9b5ee4f18771dca0,103,,,rolling_origin_replay
2026-08-07T20:06:08.588478+00:00,production_readiness_scorecard,C:\Users\ProsserJames\PycharmProjects\XGBoost_Roseville_System_Load_Forecast\forecast_outputs\replay_runs\production_readiness_scorecard_20260807_200608_b6fe6ec4c6.csv,b6fe6ec4c66520e18fcc8abff61925c366133c1830dd114fa60076a4623bdb18,9,,,rolling_origin_replay
2026-08-07T20:06:08.732118+00:00,june_hot_origin_diagnostics,C:\Users\ProsserJames\PycharmProjects\XGBoost_Roseville_System_Load_Forecast\forecast_outputs\replay_runs\june_hot_origin_diagnostics_20260807_200608_671acfb100.csv,671acfb100222ccd2c27f958b0e7037d6c42a0bb3452d747d4f75419e1175f63,266,2025-06-01T21:00:00+00:00,2026-06-14T03:00:00+00:00,rolling_origin_replay
2026-08-07T23:38:42.331542+00:00,rolling_origin_replay_results,C:\Users\ProsserJames\PycharmProjects\XGBoost_Roseville_System_Load_Forecast\forecast_outputs\replay_runs\rolling_origin_replay_results_20260807_233838_190c38ee41.csv,190c38ee4135efe28ea4b4b87bc97c1065f6f92ea390e76bff4a4941e5552e88,9208,2024-10-13T07:00:00+00:00,2026-08-06T06:00:00+00:00,rolling_origin_replay
2026-08-07T23:38:42.355709+00:00,rolling_origin_replay_stage_metrics,C:\Users\ProsserJames\PycharmProjects\XGBoost_Roseville_System_Load_Forecast\forecast_outputs\replay_runs\rolling_origin_replay_stage_metrics_20260807_233842_5a193b26a3.csv,5a193b26a3d0e6dc1988991b71e728bee98b032f3d806500ed3425d90047ce7d,23,,,rolling_origin_replay
2026-08-07T23:38:42.387745+00:00,rolling_origin_replay_origin_metrics_by_stage,C:\Users\ProsserJames\PycharmProjects\XGBoost_Roseville_System_Load_Forecast\forecast_outputs\replay_runs\rolling_origin_replay_origin_metrics_by_stage_20260807_233842_cc31f52a32.csv,cc31f52a32e3f046c6a22691603eed5ebc9966a9629830661c374bcba80c10d3,552,,,rolling_origin_replay
2026-08-07T23:38:42.423185+00:00,rolling_origin_replay_peak_window_bias_scorecard,C:\Users\ProsserJames\PycharmProjects\XGBoost_Roseville_System_Load_Forecast\forecast_outputs\replay_runs\rolling_origin_replay_peak_window_bias_scorecard_20260807_233842_8d2c52e35d.csv,8d2c52e35dead0d9a5ba646db8f8848f57bbbe8ca97dc3a159f0ffd2cc1b28ae,104,,,rolling_origin_replay
2026-08-07T23:38:42.437736+00:00,production_readiness_scorecard,C:\Users\ProsserJames\PycharmProjects\XGBoost_Roseville_System_Load_Forecast\forecast_outputs\replay_runs\production_readiness_scorecard_20260807_233842_b46a2c7d63.csv,b46a2c7d63c90ebd489f6bc42e09e98aa65f4b21ef199a167914a0a9d4e374e6,9,,,rolling_origin_replay
2026-08-07T23:38:42.583824+00:00,june_hot_origin_diagnostics,C:\Users\ProsserJames\PycharmProjects\XGBoost_Roseville_System_Load_Forecast\forecast_outputs\replay_runs\june_hot_origin_diagnostics_20260807_233842_2c5db444dc.csv,2c5db444dc195da9362c0bd938ab29062a0abc9fc8b0163bc6faa6096fa25c5e,266,2025-06-01T21:00:00+00:00,2026-06-14T03:00:00+00:00,rolling_origin_replay
2026-08-08T03:56:58.664840+00:00,rolling_origin_replay_results,C:\Users\ProsserJames\PycharmProjects\XGBoost_Roseville_System_Load_Forecast\forecast_outputs\replay_runs\rolling_origin_replay_results_20260808_035654_9e5860e200.csv,9e5860e2007c2a11b99529c7253063dbe525cc2790eb7c6b0223995ed0936e7b,9208,2024-10-13T07:00:00+00:00,2026-08-06T06:00:00+00:00,rolling_origin_replay
2026-08-08T03:56:58.692115+00:00,rolling_origin_replay_stage_metrics,C:\Users\ProsserJames\PycharmProjects\XGBoost_Roseville_System_Load_Forecast\forecast_outputs\replay_runs\rolling_origin_replay_stage_metrics_20260808_035658_df1a9b5324.csv,df1a9b53240dc12fe9b8a3cfa41c9072874785dfe7c3f29070f1b88ab5390c62,23,,,rolling_origin_replay
2026-08-08T03:56:58.736279+00:00,rolling_origin_replay_origin_metrics_by_stage,C:\Users\ProsserJames\PycharmProjects\XGBoost_Roseville_System_Load_Forecast\forecast_outputs\replay_runs\rolling_origin_replay_origin_metrics_by_stage_20260808_035658_6be455c0e2.csv,6be455c0e221c172e8908d0a81aa9c4e2d66ed93dbe38a8293121864358d951d,552,,,rolling_origin_replay
2026-08-08T03:56:58.757959+00:00,rolling_origin_replay_peak_window_bias_scorecard,C:\Users\ProsserJames\PycharmProjects\XGBoost_Roseville_System_Load_Forecast\forecast_outputs\replay_runs\rolling_origin_replay_peak_window_bias_scorecard_20260808_035658_548558385f.csv,548558385f2ac257cb352bdd96900098c52009426a300f0c53b865a17f320e6e,102,,,rolling_origin_replay
2026-08-08T03:56:58.773126+00:00,production_readiness_scorecard,C:\Users\ProsserJames\PycharmProjects\XGBoost_Roseville_System_Load_Forecast\forecast_outputs\replay_runs\production_readiness_scorecard_20260808_035658_11f759dac1.csv,11f759dac182a5aca4fa21a4553002975c6a3ef933579271812ade8b2119178f,9,,,rolling_origin_replay
2026-08-08T03:56:58.922682+00:00,june_hot_origin_diagnostics,C:\Users\ProsserJames\PycharmProjects\XGBoost_Roseville_System_Load_Forecast\forecast_outputs\replay_runs\june_hot_origin_diagnostics_20260808_035658_df36b5f753.csv,df36b5f7530442d75f796e30a15b2674fe0c03bfc6982a7c787f7ce649775284,266,2025-06-01T21:00:00+00:00,2026-06-14T03:00:00+00:00,rolling_origin_replay
2026-08-08T19:03:17.182771+00:00,rolling_origin_replay_results,C:\Users\ProsserJames\PycharmProjects\XGBoost_Roseville_System_Load_Forecast\forecast_outputs\replay_runs\rolling_origin_replay_results_20260808_190313_923bc5c2bd.csv,923bc5c2bdc3ff1e53ae0d0ef3d0874e7f1af7c6881f0e0c7ee6718ede62f8c9,9208,2024-10-13T07:00:00+00:00,2026-08-06T06:00:00+00:00,rolling_origin_replay
2026-08-08T19:03:17.209150+00:00,rolling_origin_replay_stage_metrics,C:\Users\ProsserJames\PycharmProjects\XGBoost_Roseville_System_Load_Forecast\forecast_outputs\replay_runs\rolling_origin_replay_stage_metrics_20260808_190317_4e5be12170.csv,4e5be12170a9b378317427baa1559f73cdaa6fc4dca705dd72964af0e0eed05f,23,,,rolling_origin_replay
2026-08-08T19:03:17.252793+00:00,rolling_origin_replay_origin_metrics_by_stage,C:\Users\ProsserJames\PycharmProjects\XGBoost_Roseville_System_Load_Forecast\forecast_outputs\replay_runs\rolling_origin_replay_origin_metrics_by_stage_20260808_190317_93f123dcda.csv,93f123dcda007fe5ba76069d445d037d33b20121045e5b0506a67105d02c792e,552,,,rolling_origin_replay
2026-08-08T19:03:17.273285+00:00,rolling_origin_replay_peak_window_bias_scorecard,C:\Users\ProsserJames\PycharmProjects\XGBoost_Roseville_System_Load_Forecast\forecast_outputs\replay_runs\rolling_origin_replay_peak_window_bias_scorecard_20260808_190317_6a5923e32b.csv,6a5923e32b1fc06290590a99b28a30524162808a63defbe08bf3a6b58a9b97eb,105,,,rolling_origin_replay
2026-08-08T19:03:17.289258+00:00,production_readiness_scorecard,C:\Users\ProsserJames\PycharmProjects\XGBoost_Roseville_System_Load_Forecast\forecast_outputs\replay_runs\production_readiness_scorecard_20260808_190317_12193326b9.csv,12193326b9b57163024f041557f77ef72aab77b5e7062284d2025f41dd7af3d5,9,,,rolling_origin_replay
2026-08-08T19:03:17.427984+00:00,june_hot_origin_diagnostics,C:\Users\ProsserJames\PycharmProjects\XGBoost_Roseville_System_Load_Forecast\forecast_outputs\replay_runs\june_hot_origin_diagnostics_20260808_190317_10fb61b469.csv,10fb61b46934d34205c87414f1049aae24f3bf423275b770928d552ac4b7e93c,266,2025-06-01T21:00:00+00:00,2026-06-14T03:00:00+00:00,rolling_origin_replay
2026-08-08T22:37:01.267073+00:00,rolling_origin_replay_results,C:\Users\ProsserJames\PycharmProjects\XGBoost_Roseville_System_Load_Forecast\forecast_outputs\replay_runs\rolling_origin_replay_results_20260808_223644_7de4b24f35.csv,7de4b24f35951c33658df093e61a58e759d9e1812c74fe88dcf33d54381ca7a5,9208,2024-10-13T07:00:00+00:00,2026-08-06T06:00:00+00:00,rolling_origin_replay
2026-08-08T22:37:01.466115+00:00,rolling_origin_replay_stage_metrics,C:\Users\ProsserJames\PycharmProjects\XGBoost_Roseville_System_Load_Forecast\forecast_outputs\replay_runs\rolling_origin_replay_stage_metrics_20260808_223701_57a66006d8.csv,57a66006d8ab9247eecd18e917aba3cdc8f2c75da48392e9aaf28ef4ef478756,23,,,rolling_origin_replay
2026-08-08T22:37:02.006721+00:00,rolling_origin_replay_origin_metrics_by_stage,C:\Users\ProsserJames\PycharmProjects\XGBoost_Roseville_System_Load_Forecast\forecast_outputs\replay_runs\rolling_origin_replay_origin_metrics_by_stage_20260808_223701_19f68be22a.csv,19f68be22a244793e1a28eeacdb8898eac32b1d33d9f53a9243119229bf26285,552,,,rolling_origin_replay
2026-08-08T22:37:02.064242+00:00,rolling_origin_replay_peak_window_bias_scorecard,C:\Users\ProsserJames\PycharmProjects\XGBoost_Roseville_System_Load_Forecast\forecast_outputs\replay_runs\rolling_origin_replay_peak_window_bias_scorecard_20260808_223702_9a90d4cec1.csv,9a90d4cec1adb4f34a449ad66abb5557d17c007a527098c5a42c74560b3d9115,101,,,rolling_origin_replay
2026-08-08T22:37:02.218763+00:00,production_readiness_scorecard,C:\Users\ProsserJames\PycharmProjects\XGBoost_Roseville_System_Load_Forecast\forecast_outputs\replay_runs\production_readiness_scorecard_20260808_223702_6686827c15.csv,6686827c152829130b3612a98392455548d43317015c73573849d78fcd31dd30,9,,,rolling_origin_replay
2026-08-08T22:37:03.018947+00:00,june_hot_origin_diagnostics,C:\Users\ProsserJames\PycharmProjects\XGBoost_Roseville_System_Load_Forecast\forecast_outputs\replay_runs\june_hot_origin_diagnostics_20260808_223702_28c428ca4d.csv,28c428ca4d343617deaf3dbd9986650fc80e21bcbd82709609049c57b3ed7b7e,266,2025-06-01T21:00:00+00:00,2026-06-14T03:00:00+00:00,rolling_origin_replay
2026-08-09T20:56:56.106574+00:00,rolling_origin_replay_results,C:\Users\ProsserJames\PycharmProjects\XGBoost_Roseville_System_Load_Forecast\forecast_outputs\replay_runs\rolling_origin_replay_results_20260809_205652_21adccf222.csv,21adccf2223e83358347b9405494e02678195b0b0f3653bc9fb6bc352c1e511c,9208,2024-10-13T07:00:00+00:00,2026-08-06T06:00:00+00:00,rolling_origin_replay
2026-08-09T20:56:56.122254+00:00,rolling_origin_replay_stage_metrics,C:\Users\ProsserJames\PycharmProjects\XGBoost_Roseville_System_Load_Forecast\forecast_outputs\replay_runs\rolling_origin_replay_stage_metrics_20260809_205656_a36e7e3415.csv,a36e7e3415cdfccfbd3ca460d68517bee7c581cce7134fe6f5ea77c9e7ef8499,23,,,rolling_origin_replay
2026-08-09T20:56:56.165007+00:00,rolling_origin_replay_origin_metrics_by_stage,C:\Users\ProsserJames\PycharmProjects\XGBoost_Roseville_System_Load_Forecast\forecast_outputs\replay_runs\rolling_origin_replay_origin_metrics_by_stage_20260809_205656_6b806ce2a1.csv,6b806ce2a121fdae1a20c66c5dac70c66e74f3179e78c285c304027d4164ed1c,552,,,rolling_origin_replay
2026-08-09T20:56:56.184426+00:00,rolling_origin_replay_peak_window_bias_scorecard,C:\Users\ProsserJames\PycharmProjects\XGBoost_Roseville_System_Load_Forecast\forecast_outputs\replay_runs\rolling_origin_replay_peak_window_bias_scorecard_20260809_205656_d1989b24ee.csv,d1989b24eec77c21a999a588820b07f23a64d866446c4fc49937b8bd1d0f9523,109,,,rolling_origin_replay
2026-08-09T20:56:56.199626+00:00,production_readiness_scorecard,C:\Users\ProsserJames\PycharmProjects\XGBoost_Roseville_System_Load_Forecast\forecast_outputs\replay_runs\production_readiness_scorecard_20260809_205656_a34e71581d.csv,a34e71581df28866160f3fd436c7414c34292cbec1a5c38f544f5f6a68eb4534,9,,,rolling_origin_replay
2026-08-09T20:56:56.343865+00:00,june_hot_origin_diagnostics,C:\Users\ProsserJames\PycharmProjects\XGBoost_Roseville_System_Load_Forecast\forecast_outputs\replay_runs\june_hot_origin_diagnostics_20260809_205656_87685f1b2c.csv,87685f1b2c231557db1b751b8398143c7d20ca2f1ff513837cafa4f33611b2af,266,2025-06-01T21:00:00+00:00,2026-06-14T03:00:00+00:00,rolling_origin_replay
2026-08-10T03:37:44.623512+00:00,rolling_origin_replay_results,C:\Users\ProsserJames\PycharmProjects\XGBoost_Roseville_System_Load_Forecast\forecast_outputs\replay_runs\rolling_origin_replay_results_20260810_033740_c1195f2d58.csv,c1195f2d58742c88229481c01c70c8b56caf43ce1570737963a547441e4ffff6,9208,2024-10-13T07:00:00+00:00,2026-08-06T06:00:00+00:00,rolling_origin_replay
2026-08-10T03:37:44.649893+00:00,rolling_origin_replay_stage_metrics,C:\Users\ProsserJames\PycharmProjects\XGBoost_Roseville_System_Load_Forecast\forecast_outputs\replay_runs\rolling_origin_replay_stage_metrics_20260810_033744_9600f06d7d.csv,9600f06d7ddc744ac9ffdafcad2f61db6e0c48a1f687fe8acc7649bf4b58bcb5,23,,,rolling_origin_replay
2026-08-10T03:37:44.696438+00:00,rolling_origin_replay_origin_metrics_by_stage,C:\Users\ProsserJames\PycharmProjects\XGBoost_Roseville_System_Load_Forecast\forecast_outputs\replay_runs\rolling_origin_replay_origin_metrics_by_stage_20260810_033744_5129e60129.csv,5129e60129028810ef58846d96161e2c0502523d34baa0897a79bc6de70c5f5a,552,,,rolling_origin_replay
2026-08-10T03:37:44.717473+00:00,rolling_origin_replay_peak_window_bias_scorecard,C:\Users\ProsserJames\PycharmProjects\XGBoost_Roseville_System_Load_Forecast\forecast_outputs\replay_runs\rolling_origin_replay_peak_window_bias_scorecard_20260810_033744_0ac53c0ee3.csv,0ac53c0ee370e6a466bef44b1a380391053daf202a55826e5291b18542740ad0,111,,,rolling_origin_replay
2026-08-10T03:37:44.733953+00:00,production_readiness_scorecard,C:\Users\ProsserJames\PycharmProjects\XGBoost_Roseville_System_Load_Forecast\forecast_outputs\replay_runs\production_readiness_scorecard_20260810_033744_a01d25c80e.csv,a01d25c80eb4852c7ebcabf81a4e556649ca2080c8bfc65c36cc352f497e7b90,9,,,rolling_origin_replay
2026-08-10T03:37:44.883752+00:00,june_hot_origin_diagnostics,C:\Users\ProsserJames\PycharmProjects\XGBoost_Roseville_System_Load_Forecast\forecast_outputs\replay_runs\june_hot_origin_diagnostics_20260810_033744_8dc2dbb3b8.csv,8dc2dbb3b8c0b7a639cced86eb8881a4394ca77049e2e7e3fe67100aa795edc9,266,2025-06-01T21:00:00+00:00,2026-06-14T03:00:00+00:00,rolling_origin_replay
