Stage,ForecastColumn,Replay_Origin_ID,Replay_Origin_DT,Replay_Origin_Year,Replay_Origin_Season,Replay_Origin_Month,N,Actual_Mean_MWH,Forecast_Mean_MWH,Bias_MWH,MAE_MWH,MAPE_PCT,Underforecast_Rate_PCT,P90_AbsError_MWH,Max_Underforecast_MWH,Max_Overforecast_MWH,RMSE_MWH
xgb_component,XGB_Pred_MWH,origin_17,2026-04-26 00:00:00-07:00,2026,Spring,4,384,127.136992640625,119.54393261671066,7.593060023914337,8.286773429294586,6.152771753657103,89.0625,17.62735994892578,25.79809214746095,9.462689456542975,10.149848287246357
xgb_component,XGB_Pred_MWH,origin_22,2026-07-07 00:00:00-07:00,2026,Summer,7,380,187.94545492105263,185.91579652083547,2.029658400217157,6.7331205719559515,3.5707611599689697,57.89473684210527,13.894085644824228,29.5129861328125,22.92158756445312,8.809568390490824
xgb_component,XGB_Pred_MWH,origin_07,2025-07-20 00:00:00-07:00,2025,Summer,7,384,157.82088622916666,151.69192397594452,6.128962253222148,6.542652024381002,4.045798161470495,89.58333333333334,13.632138964843747,22.947172282226575,7.400248591796867,8.243935227931338
xgb_component,XGB_Pred_MWH,origin_12,2025-12-06 23:00:00-08:00,2025,Winter,12,384,139.45845884114584,133.75463992357254,5.703818917573293,6.437440214992523,4.38728939096121,88.54166666666666,12.832844735937499,19.504711776367174,18.908302823242195,7.855058108582208
xgb_component,XGB_Pred_MWH,origin_21,2026-07-06 00:00:00-07:00,2026,Summer,7,380,185.74302035789472,186.08849413018478,-0.3454737722900388,6.001414127023797,3.3094833311988188,50.78947368421053,12.78983097265626,23.003516154296875,24.49696598242187,7.741033007057844
xgb_component,XGB_Pred_MWH,origin_23,2026-07-20 00:00:00-07:00,2026,Summer,7,384,200.18689673437498,196.42970422903696,3.757192505338033,5.834627311040243,2.7145384237878676,67.70833333333334,13.814659481249992,30.592865893554688,14.093300659179675,8.04301786750483
xgb_component,XGB_Pred_MWH,origin_24,2026-07-21 00:00:00-07:00,2026,Summer,7,384,200.79070704427082,197.85168290138245,2.939024142888387,5.285300757677715,2.423734374060191,65.625,13.125072984765627,30.034150073242188,17.973648071289062,7.492602578224884
xgb_component,XGB_Pred_MWH,origin_19,2026-05-28 00:00:00-07:00,2026,Spring,5,384,158.50971714583332,156.93719245990118,1.5725246859321593,4.777695713921864,3.1872195268318326,69.27083333333334,9.665823963574217,16.787839901367192,19.330152742187494,5.939182275413759
xgb_component,XGB_Pred_MWH,origin_08,2025-08-17 00:00:00-07:00,2025,Summer,8,384,187.771909734375,188.32728298505148,-0.5553732506764734,4.757702263847351,2.610221498233853,48.17708333333333,9.632389003417956,14.64617561914065,32.18580256347656,6.312942886528751
xgb_component,XGB_Pred_MWH,origin_05,2025-05-25 00:00:00-07:00,2025,Spring,5,384,153.69139593489584,155.81542295217514,-2.1240270172793068,4.738269178666433,2.9855242916544356,37.5,9.911254583789054,18.183486410156263,28.418101660156253,6.4752039520312366
xgb_component,XGB_Pred_MWH,origin_16,2026-03-29 00:00:00-07:00,2026,Spring,3,384,120.51718188281251,117.43104036649068,3.086141516321818,4.662719578231811,3.7080152743866326,76.04166666666666,10.68994180302734,21.321071997070305,13.205558300781249,6.229713783607597
xgb_component,XGB_Pred_MWH,origin_20,2026-05-29 00:00:00-07:00,2026,Spring,5,384,163.7729361171875,162.71181440353394,1.061121713653564,4.639284899294535,3.049670705970114,65.10416666666666,9.475054864550781,17.379407894531255,18.88480972460937,5.8258034779394166
xgb_component,XGB_Pred_MWH,origin_18,2026-05-24 00:00:00-07:00,2026,Spring,5,384,142.90284213541665,141.8494600454966,1.0533820899200441,4.381470501118977,3.220672918949644,65.88541666666666,9.18611829980468,17.98380852929688,22.509977571289056,5.592493689416386
xgb_component,XGB_Pred_MWH,origin_11,2025-11-08 23:00:00-08:00,2025,Fall,11,384,122.29222068489582,118.49628063042958,3.795940054466248,4.350850421696981,3.386815643273025,87.76041666666666,8.815804774902343,23.973560311523443,7.785343017578128,5.661603100325537
xgb_component,XGB_Pred_MWH,origin_09,2025-09-14 00:00:00-07:00,2025,Summer,9,384,162.83103684895835,162.0928038160006,0.7382330329577135,4.1093233713162745,2.462635684836433,62.239583333333336,8.61484978642578,15.496845263671872,33.69527718847655,5.951393422681561
xgb_component,XGB_Pred_MWH,origin_15,2026-02-28 23:00:00-08:00,2026,Winter,2,384,115.88717167708334,112.67774377266566,3.2094279044176734,4.098373455839793,3.483255745398852,81.25,7.7303818646484395,12.110647875976554,9.807075052246091,4.901488109694263
xgb_component,XGB_Pred_MWH,origin_14,2026-01-31 23:00:00-08:00,2026,Winter,1,384,120.6618153359375,117.31192861000697,3.349886725930532,4.074431550662994,3.247421269847069,82.29166666666666,9.411856162207036,24.824784115234365,8.409677083007807,5.827264536286424
xgb_component,XGB_Pred_MWH,origin_13,2026-01-03 23:00:00-08:00,2026,Winter,1,384,128.126853875,125.33399148782094,2.7928623871790568,4.051994724624634,3.10864019709976,79.16666666666666,9.209866361083977,16.450196818359387,10.410502620117185,5.2473754319938966
xgb_component,XGB_Pred_MWH,origin_03,2025-03-30 00:00:00-07:00,2025,Spring,3,384,111.3258731328125,108.26958688100179,3.0562862518107097,3.9918776912104286,3.513668487374534,80.20833333333334,7.828862979931638,16.69321883203125,5.206483825683591,4.992084597088725
xgb_component,XGB_Pred_MWH,origin_06,2025-06-22 00:00:00-07:00,2025,Summer,6,384,168.52844033593752,167.94106004635492,0.5873802895825705,3.8380217806943264,2.2851493613942457,53.645833333333336,8.394331192578118,18.41545889550781,19.49158400878906,5.200603696076686
xgb_component,XGB_Pred_MWH,origin_10,2025-10-12 00:00:00-07:00,2025,Fall,10,384,118.67937204947917,115.56614476442337,3.113227285055796,3.791055853926341,3.1164618861221043,85.9375,7.165546912841793,13.874424186523441,7.730608520507815,4.608114813191554
xgb_component,XGB_Pred_MWH,origin_02,2024-11-09 23:00:00-08:00,2024,Fall,11,384,116.68925462760417,114.52973592281342,2.1595187047907514,3.6772885920893352,3.0124955593948575,70.83333333333334,7.963363139843738,15.142923779296865,11.214449942382814,4.74152618513161
xgb_component,XGB_Pred_MWH,origin_04,2025-04-27 00:00:00-07:00,2025,Spring,4,384,121.913576171875,123.18103108803432,-1.2674549161593118,3.470622498200734,2.7790950618152177,46.61458333333333,7.870642015332031,20.044227844238293,17.391930769531257,4.81453513867631
xgb_component,XGB_Pred_MWH,origin_01,2024-10-13 00:00:00-07:00,2024,Fall,10,384,116.30257716666667,117.57983545462291,-1.2772582879562377,3.3119057258046465,2.912832105000336,27.604166666666668,6.288368486523441,12.717503637695302,13.66763992480469,4.045711888871055
lgb_component,LGB_Pred_MWH,origin_17,2026-04-26 00:00:00-07:00,2026,Spring,4,384,127.136992640625,119.52761109090675,7.609381549718261,8.310743998194647,6.174973506222115,89.58333333333334,17.725654212112996,25.900239259112197,9.707522477392686,10.154155781653778
lgb_component,LGB_Pred_MWH,origin_22,2026-07-07 00:00:00-07:00,2026,Summer,7,380,187.94545492105263,186.07574122180668,1.8697136992459515,6.65434904086951,3.5413425096878326,57.631578947368425,13.667234655052855,30.538395708453834,24.431548190145975,8.76234607380371
lgb_component,LGB_Pred_MWH,origin_07,2025-07-20 00:00:00-07:00,2025,Summer,7,384,157.82088622916666,151.66033228224754,6.1605539469191335,6.592453223669639,4.070664538459415,89.84375,13.720232814623424,23.40790407234988,7.33626836713276,8.283535140300476
lgb_component,LGB_Pred_MWH,origin_12,2025-12-06 23:00:00-08:00,2025,Winter,12,384,139.45845884114584,133.7722257980578,5.686233043088024,6.436217545554272,4.385528097477493,88.80208333333334,12.899994157321611,20.48802200754912,19.99645722496291,7.898456882115524
lgb_component,LGB_Pred_MWH,origin_21,2026-07-06 00:00:00-07:00,2026,Summer,7,380,185.74302035789472,186.20332926437172,-0.4603089064769569,5.955350315980115,3.2871850192130387,49.21052631578947,12.187708819008272,23.41461404403134,25.017668457559836,7.663542157532872
lgb_component,LGB_Pred_MWH,origin_23,2026-07-20 00:00:00-07:00,2026,Summer,7,384,200.18689673437498,196.486565375597,3.700331358778017,5.8538524313031735,2.736464225254721,65.625,14.200976156023577,31.187479217602572,14.686712585099741,8.079174332198345
lgb_component,LGB_Pred_MWH,origin_24,2026-07-21 00:00:00-07:00,2026,Summer,7,384,200.79070704427082,198.17287547700687,2.6178315672639534,5.111273015251957,2.3846578259005664,61.979166666666664,12.02219662115608,30.210652809690117,16.09326519462013,7.122088688933945
lgb_component,LGB_Pred_MWH,origin_05,2025-05-25 00:00:00-07:00,2025,Spring,5,384,153.69139593489584,155.88483211459035,-2.193436179694513,4.871724984235846,3.0636480188762607,36.97916666666667,10.08046544412981,18.167979397666386,28.18370905642996,6.6234546812789805
lgb_component,LGB_Pred_MWH,origin_08,2025-08-17 00:00:00-07:00,2025,Summer,8,384,187.771909734375,188.48664036513685,-0.7147306307618345,4.850284261862525,2.6589419899821123,48.17708333333333,9.73549899061834,15.416753159632947,32.11941062321111,6.50710352980228
lgb_component,LGB_Pred_MWH,origin_19,2026-05-28 00:00:00-07:00,2026,Spring,5,384,158.50971714583332,156.80186265646955,1.7078544893637886,4.833079275070021,3.2224750576432033,70.57291666666666,10.034656120950036,17.35678584957759,17.735106239475243,6.008851903131008
lgb_component,LGB_Pred_MWH,origin_16,2026-03-29 00:00:00-07:00,2026,Spring,3,384,120.51718188281251,117.22568795373591,3.2914939290766,4.782328962694705,3.800409587491073,77.34375,10.821862426499028,20.934175029118634,12.9174837363678,6.349169620978848
lgb_component,LGB_Pred_MWH,origin_20,2026-05-29 00:00:00-07:00,2026,Spring,5,384,163.7729361171875,162.60692505407303,1.1660110631144651,4.63822510911795,3.044920163626187,65.88541666666666,9.730497151030974,15.741690383107738,18.08370037487424,5.844651299605209
lgb_component,LGB_Pred_MWH,origin_18,2026-05-24 00:00:00-07:00,2026,Spring,5,384,142.90284213541665,141.89925750502172,1.0035846303949525,4.341115750470294,3.1870875657548647,63.802083333333336,9.152641794331227,16.205030227487782,21.24364290337931,5.522977230925288
lgb_component,LGB_Pred_MWH,origin_11,2025-11-08 23:00:00-08:00,2025,Fall,11,384,122.29222068489582,118.57220989093923,3.7200107939565985,4.292523088548196,3.347700640013611,87.5,8.518931610418806,23.735243870064522,9.391667445522174,5.621202087552803
lgb_component,LGB_Pred_MWH,origin_09,2025-09-14 00:00:00-07:00,2025,Summer,9,384,162.83103684895835,162.22245654417773,0.6085803047806062,4.1605390500166495,2.4948144118991817,60.416666666666664,8.92052789832455,14.00176369705899,34.471608928489786,6.021119581765071
lgb_component,LGB_Pred_MWH,origin_14,2026-01-31 23:00:00-08:00,2026,Winter,1,384,120.6618153359375,117.26244821853483,3.3993671174026683,4.109802242813878,3.2835087393700353,84.89583333333334,9.104907370677036,25.30246721316982,7.515875957964255,5.820061195136317
lgb_component,LGB_Pred_MWH,origin_15,2026-02-28 23:00:00-08:00,2026,Winter,2,384,115.88717167708334,112.71216734823143,3.1750043288519,4.084082955579423,3.4714680923496957,81.77083333333334,7.631013511386797,12.237928332933976,9.165598472756983,4.866536488758066
lgb_component,LGB_Pred_MWH,origin_13,2026-01-03 23:00:00-08:00,2026,Winter,1,384,128.126853875,125.34913351769514,2.777720357304854,4.077333914051075,3.125231361472641,79.16666666666666,9.230581719445938,16.76183775517491,10.85381042507241,5.277904832863621
lgb_component,LGB_Pred_MWH,origin_03,2025-03-30 00:00:00-07:00,2025,Spring,3,384,111.3258731328125,108.13463320391044,3.1912399289020486,4.051442633680828,3.5624904481172703,80.20833333333334,7.990570585549031,16.10389010035736,5.155914065714597,5.098264244024142
lgb_component,LGB_Pred_MWH,origin_06,2025-06-22 00:00:00-07:00,2025,Summer,6,384,168.52844033593752,168.00240319871298,0.526037137224503,3.88776721126181,2.3182663080416033,54.427083333333336,8.641161792758707,19.435594668795204,20.521885256407387,5.3018116615555195
lgb_component,LGB_Pred_MWH,origin_10,2025-10-12 00:00:00-07:00,2025,Fall,10,384,118.67937204947917,115.65759383196372,3.0217782175154393,3.80213407806076,3.1321516139895524,86.71875,7.30153173809121,13.59074845070596,8.541136141171592,4.601296721636475
lgb_component,LGB_Pred_MWH,origin_02,2024-11-09 23:00:00-08:00,2024,Fall,11,384,116.68925462760417,114.54110552880199,2.148149098802185,3.6582063552535327,2.9930500449257647,70.83333333333334,7.906531485874444,15.355585452319673,11.407017359561237,4.737865593897947
lgb_component,LGB_Pred_MWH,origin_04,2025-04-27 00:00:00-07:00,2025,Spring,4,384,121.913576171875,123.06752511475361,-1.1539489428786032,3.4047016153645155,2.7328127903280226,47.65625,7.494810069637417,17.898118169355996,15.533114671198064,4.676900206838867
lgb_component,LGB_Pred_MWH,origin_01,2024-10-13 00:00:00-07:00,2024,Fall,10,384,116.30257716666667,117.67819787431165,-1.3756207076449825,3.355229879242907,2.9686820679952177,27.34375,6.374086705474803,12.589752095517895,14.516783249258452,4.08419447471811
catboost_benchmark,CatBoost_Pred_MWH,origin_17,2026-04-26 00:00:00-07:00,2026,Spring,4,384,127.136992640625,119.72427888250674,7.412713758118262,8.053232344453628,5.991843712144548,90.10416666666666,17.124891294554047,23.117756247077097,8.908905917598744,9.827827975069058
catboost_benchmark,CatBoost_Pred_MWH,origin_22,2026-07-07 00:00:00-07:00,2026,Summer,7,380,187.94545492105263,185.54427473746713,2.4011801835854834,6.541452418118877,3.459116713666967,62.10526315789474,13.769306327472947,27.01522386317623,22.293929164031283,8.40040331278256
catboost_benchmark,CatBoost_Pred_MWH,origin_07,2025-07-20 00:00:00-07:00,2025,Summer,7,384,157.82088622916666,151.9823646095761,5.838521619590551,6.240790908885688,3.8539258181813127,89.58333333333334,13.581626317611564,23.9323969025086,7.788676250057506,7.8190743158361835
catboost_benchmark,CatBoost_Pred_MWH,origin_12,2025-12-06 23:00:00-08:00,2025,Winter,12,384,139.45845884114584,134.4505964993393,5.007862341806533,5.8857206581398165,3.987756339572283,84.63541666666666,12.259584335926599,20.27912960085368,19.246999503067485,7.350513933450604
catboost_benchmark,CatBoost_Pred_MWH,origin_21,2026-07-06 00:00:00-07:00,2026,Summer,7,380,185.74302035789472,185.6965030343166,0.04651732357812805,5.820186853043624,3.1852790121994197,53.68421052631579,12.681518971139296,21.89030908777829,25.385333014833662,7.456455178548156
catboost_benchmark,CatBoost_Pred_MWH,origin_23,2026-07-20 00:00:00-07:00,2026,Summer,7,384,200.18689673437498,196.0028766724652,4.1840200619098065,5.689736658539734,2.665554094428663,73.4375,13.57083158591578,28.678051926311554,15.086227119243148,7.837951662220959
catboost_benchmark,CatBoost_Pred_MWH,origin_24,2026-07-21 00:00:00-07:00,2026,Summer,7,384,200.79070704427082,197.524542298736,3.266164745534836,5.067593022095232,2.345539239083158,71.61458333333334,12.099137615940133,28.394303634535362,14.434561712365479,7.066579848394784
catboost_benchmark,CatBoost_Pred_MWH,origin_19,2026-05-28 00:00:00-07:00,2026,Spring,5,384,158.50971714583332,156.17511043684635,2.3346067089869815,5.019522622559186,3.335876180763924,73.95833333333334,10.092754020101832,16.610127852946505,20.045304192134154,6.165262512861474
catboost_benchmark,CatBoost_Pred_MWH,origin_16,2026-03-29 00:00:00-07:00,2026,Spring,3,384,120.51718188281251,117.49796949209379,3.019212390718709,4.69484956983361,3.759177286883386,76.04166666666666,10.524086522792933,22.044623471203295,13.542246010886274,6.13601017966936
catboost_benchmark,CatBoost_Pred_MWH,origin_20,2026-05-29 00:00:00-07:00,2026,Spring,5,384,163.7729361171875,161.94276749151297,1.830168625674535,4.690175476571323,3.05055075403567,71.35416666666666,9.639800393515895,17.293934417147796,16.767739207222547,5.857329921215652
catboost_benchmark,CatBoost_Pred_MWH,origin_05,2025-05-25 00:00:00-07:00,2025,Spring,5,384,153.69139593489584,155.71239067536837,-2.02099474047252,4.676774318696121,2.937212000216382,41.66666666666667,10.21114796705501,15.145246492449672,27.28341167940468,6.316706786686896
catboost_benchmark,CatBoost_Pred_MWH,origin_08,2025-08-17 00:00:00-07:00,2025,Summer,8,384,187.771909734375,188.89555970758093,-1.123649973205936,4.524228223747109,2.4784547145459865,44.53125,8.945802368406762,13.40897839525752,34.62213829228341,6.244565819731827
catboost_benchmark,CatBoost_Pred_MWH,origin_18,2026-05-24 00:00:00-07:00,2026,Spring,5,384,142.90284213541665,141.2708576534364,1.631984481980271,4.340132742963028,3.208550806691566,69.27083333333334,9.035369208657672,18.331641942066,19.54657019119665,5.453792967974288
catboost_benchmark,CatBoost_Pred_MWH,origin_15,2026-02-28 23:00:00-08:00,2026,Winter,2,384,115.88717167708334,112.63104334931838,3.2561283277649555,4.132502585559284,3.5059736268289434,81.77083333333334,7.654535054867535,14.217620623635412,10.018413067619576,4.927520519648816
catboost_benchmark,CatBoost_Pred_MWH,origin_11,2025-11-08 23:00:00-08:00,2025,Fall,11,384,122.29222068489582,118.86846017372282,3.4237605111730134,4.077176237926613,3.170032636441189,86.45833333333334,7.9943658230738475,22.946316615302166,8.746707636142062,5.47354723544619
catboost_benchmark,CatBoost_Pred_MWH,origin_14,2026-01-31 23:00:00-08:00,2026,Winter,1,384,120.6618153359375,117.39836355779994,3.2634517781375565,4.066603625857931,3.243650613602897,79.94791666666666,9.227732129900074,24.991008737499953,8.368241088297083,5.825895307548564
catboost_benchmark,CatBoost_Pred_MWH,origin_03,2025-03-30 00:00:00-07:00,2025,Spring,3,384,111.3258731328125,108.2440694772194,3.0818036555931045,3.9620200022179843,3.4633483268769627,80.72916666666666,8.584757132843045,16.30390783049353,9.203000545720656,5.047814698203279
catboost_benchmark,CatBoost_Pred_MWH,origin_13,2026-01-03 23:00:00-08:00,2026,Winter,1,384,128.126853875,125.6142240830997,2.5126297919003147,3.867454164936919,2.965145754044489,78.38541666666666,8.804970460085924,17.483650510717,10.577641214630674,5.085443846174329
catboost_benchmark,CatBoost_Pred_MWH,origin_09,2025-09-14 00:00:00-07:00,2025,Summer,9,384,162.83103684895835,162.07554617897898,0.7554906699793521,3.8594607560154546,2.3156988569091737,60.677083333333336,8.638545241554768,15.238438389513192,33.07156641530631,5.660666985054513
catboost_benchmark,CatBoost_Pred_MWH,origin_02,2024-11-09 23:00:00-08:00,2024,Fall,11,384,116.68925462760417,114.08068700973526,2.608567617868899,3.7809180525899655,3.0891627346547517,76.5625,7.899148990225086,15.7008328119895,12.321942957536635,4.8303460980667285
catboost_benchmark,CatBoost_Pred_MWH,origin_06,2025-06-22 00:00:00-07:00,2025,Summer,6,384,168.52844033593752,167.68090383515758,0.8475365007799166,3.7795663986042243,2.2448281929865037,57.552083333333336,7.8098506759885415,18.971103814375823,21.631789458467125,5.074364071625053
catboost_benchmark,CatBoost_Pred_MWH,origin_10,2025-10-12 00:00:00-07:00,2025,Fall,10,384,118.67937204947917,116.13829218009353,2.5410798693856314,3.5137315701105023,2.878482726829295,81.25,7.102006034829818,12.274435040815831,8.949022226865722,4.351922459095836
catboost_benchmark,CatBoost_Pred_MWH,origin_04,2025-04-27 00:00:00-07:00,2025,Spring,4,384,121.913576171875,123.2509583243852,-1.3373821525101939,3.434131215821979,2.717447166258806,44.01041666666667,8.107949732939382,20.221874884800656,17.963888831334828,4.8574032915372705
catboost_benchmark,CatBoost_Pred_MWH,origin_01,2024-10-13 00:00:00-07:00,2024,Fall,10,384,116.30257716666667,117.21916687038068,-0.9165897037140226,3.155694169046177,2.7449033179163482,32.29166666666667,6.144179877431494,13.49229426884358,13.13036879323667,3.9260739594301595
raw_xgb_lgb_production,Raw_Forecast_MWH,origin_17,2026-04-26 00:00:00-07:00,2026,Spring,4,384,127.136992640625,119.59807697054714,7.5389156700778654,8.211428961532446,6.103231755012241,89.84375,17.739592947033678,24.26771594049248,9.36133049207514,10.022652090830341
raw_xgb_lgb_production,Raw_Forecast_MWH,origin_22,2026-07-07 00:00:00-07:00,2026,Summer,7,380,187.94545492105263,185.87373348219074,2.0717214388619034,6.555891473311182,3.481074486023565,61.05263157894737,13.41269036972136,28.19002651011948,23.200882059200836,8.57028185886779
raw_xgb_lgb_production,Raw_Forecast_MWH,origin_07,2025-07-20 00:00:00-07:00,2025,Summer,7,384,157.82088622916666,151.77620276618225,6.044683462984427,6.447203608542957,3.9796777523121345,90.625,13.624011181850701,22.479086901613726,7.404434638617261,8.08304297313605
raw_xgb_lgb_production,Raw_Forecast_MWH,origin_12,2025-12-06 23:00:00-08:00,2025,Winter,12,384,139.45845884114584,134.0078969560578,5.450561885088025,6.228178668730241,4.233618625886515,86.45833333333334,12.702706339341665,19.953238048141884,19.625331582127444,7.682112717847992
raw_xgb_lgb_production,Raw_Forecast_MWH,origin_21,2026-07-06 00:00:00-07:00,2026,Summer,7,380,185.74302035789472,186.01445657043374,-0.27143621253899164,5.856384053970164,3.2249810174578752,50.78947368421053,12.260831447171961,22.766612189119343,23.887040814770472,7.532385814226094
raw_xgb_lgb_production,Raw_Forecast_MWH,origin_23,2026-07-20 00:00:00-07:00,2026,Summer,7,384,200.18689673437498,196.31158821484485,3.875308519530139,5.717805885335345,2.669480737733607,68.75,14.131731024644107,29.936841364846543,14.767201479457952,7.919610613704832
raw_xgb_lgb_production,Raw_Forecast_MWH,origin_24,2026-07-21 00:00:00-07:00,2026,Summer,7,384,200.79070704427082,197.91383960704965,2.876867437221199,5.010116232961665,2.3195263240230717,65.10416666666666,11.895346001461064,29.045096834795885,15.256094984296908,7.057187416174367
raw_xgb_lgb_production,Raw_Forecast_MWH,origin_19,2026-05-28 00:00:00-07:00,2026,Spring,5,384,158.50971714583332,156.5960323599446,1.9136847858887391,4.844876252368809,3.232613356181106,72.13541666666666,9.624156060901909,17.038560955935665,17.99526573237955,5.998487008729931
raw_xgb_lgb_production,Raw_Forecast_MWH,origin_05,2025-05-25 00:00:00-07:00,2025,Spring,5,384,153.69139593489584,155.81753669462114,-2.126140759725301,4.73837584769866,2.9769768323639525,38.80208333333333,9.775567383394092,16.68349499394037,27.82456045632813,6.437126195060494
raw_xgb_lgb_production,Raw_Forecast_MWH,origin_16,2026-03-29 00:00:00-07:00,2026,Spring,3,384,120.51718188281251,117.34152173343665,3.1756601493758567,4.722549363730367,3.7613196591805944,77.34375,10.634419609372,21.36152168064342,13.061485769805941,6.239694030296233
raw_xgb_lgb_production,Raw_Forecast_MWH,origin_08,2025-08-17 00:00:00-07:00,2025,Summer,8,384,187.771909734375,188.61382639698374,-0.8419166626087397,4.663804858320193,2.5591027080437696,47.13541666666667,9.44824575988678,14.303204077464443,33.002004501412955,6.313305252471574
raw_xgb_lgb_production,Raw_Forecast_MWH,origin_20,2026-05-29 00:00:00-07:00,2026,Spring,5,384,163.7729361171875,162.3849588421231,1.387977275064394,4.609641910536192,3.023313920231303,67.96875,9.449262407676313,16.05331497153375,17.703224901169676,5.7745042841602565
raw_xgb_lgb_production,Raw_Forecast_MWH,origin_18,2026-05-24 00:00:00-07:00,2026,Spring,5,384,142.90284213541665,141.67433781101434,1.2285043244023186,4.286913033670724,3.1639495705066065,67.44791666666666,9.195566321721287,17.127222157771058,20.77630092090635,5.446049522210889
raw_xgb_lgb_production,Raw_Forecast_MWH,origin_11,2025-11-08 23:00:00-08:00,2025,Fall,11,384,122.29222068489582,118.66830456386253,3.623916121033304,4.215848291145548,3.283178784803044,87.5,8.47133924847408,23.48295097504358,9.005299069444732,5.5521009780926
raw_xgb_lgb_production,Raw_Forecast_MWH,origin_15,2026-02-28 23:00:00-08:00,2026,Winter,2,384,115.88717167708334,112.68033159105529,3.2068400860280435,4.089840086294725,3.4739915661955223,82.03125,7.554117011025277,12.276320469911923,9.528231238907807,4.869699965729851
raw_xgb_lgb_production,Raw_Forecast_MWH,origin_14,2026-01-31 23:00:00-08:00,2026,Winter,1,384,120.6618153359375,117.31496662642485,3.3468487095126616,4.071832811449096,3.2495443767011025,84.375,9.326543773707611,24.84720051909295,7.9035838660851,5.802778515826378
raw_xgb_lgb_production,Raw_Forecast_MWH,origin_09,2025-09-14 00:00:00-07:00,2025,Summer,9,384,162.83103684895835,162.15807264354046,0.6729642054178729,4.004004038576963,2.3983653768975546,60.9375,8.440679799690471,14.146146206000367,33.90396087487426,5.8242492188677755
raw_xgb_lgb_production,Raw_Forecast_MWH,origin_03,2025-03-30 00:00:00-07:00,2025,Spring,3,384,111.3258731328125,108.18643126727773,3.139441865534781,3.9937401557438403,3.5048507145487515,80.20833333333334,8.217565419578309,16.180461429170066,5.775179909344999,5.040303784221769
raw_xgb_lgb_production,Raw_Forecast_MWH,origin_13,2026-01-03 23:00:00-08:00,2026,Winter,1,384,128.126853875,125.44040101259931,2.686452862400681,3.9888600057207806,3.0572078900705892,78.90625,8.8614565652455,16.98330812593308,10.691802116039469,5.18475494574931
raw_xgb_lgb_production,Raw_Forecast_MWH,origin_06,2025-06-22 00:00:00-07:00,2025,Summer,6,384,168.52844033593752,167.8837441062328,0.6446962297047005,3.801646307844327,2.2654320138709787,54.947916666666664,8.423652105167381,18.446368048594053,19.837883543500652,5.1479199802619195
raw_xgb_lgb_production,Raw_Forecast_MWH,origin_02,2024-11-09 23:00:00-08:00,2024,Fall,11,384,116.68925462760417,114.37882208652978,2.310432541074388,3.6781597135882453,3.005770390041849,72.65625,8.104734510939064,15.45515586090184,11.69556647254494,4.736897610959028
raw_xgb_lgb_production,Raw_Forecast_MWH,origin_10,2025-10-12 00:00:00-07:00,2025,Fall,10,384,118.67937204947917,115.81669334705514,2.8626787024240383,3.6739603302888546,3.0187834459700276,84.63541666666666,7.246205695587796,12.952927669620777,8.325959397719174,4.482124994081355
raw_xgb_lgb_production,Raw_Forecast_MWH,origin_04,2025-04-27 00:00:00-07:00,2025,Spring,4,384,121.913576171875,123.14307733545273,-1.2295011635777342,3.3830635927290325,2.7033509068837334,46.35416666666667,7.395003082757905,18.92604398724984,15.281500134363512,4.698480165416252
raw_xgb_lgb_production,Raw_Forecast_MWH,origin_01,2024-10-13 00:00:00-07:00,2024,Fall,10,384,116.30257716666667,117.50770078096694,-1.2051236143002753,3.253919781662605,2.86198447063749,29.166666666666668,6.085425022826845,12.637528796105954,13.946623857205452,3.9899037957758248
targeted_residual_meta_adjusted,Targeted_Meta_Adjusted_Forecast_MWH,origin_22,2026-07-07 00:00:00-07:00,2026,Summer,7,380,187.94545492105263,185.91234303555348,2.0331118854991446,6.5777836732784944,3.472292894057329,59.210526315789465,13.885600030455223,27.946845443590746,25.45281458179153,8.714379422119698
targeted_residual_meta_adjusted,Targeted_Meta_Adjusted_Forecast_MWH,origin_17,2026-04-26 00:00:00-07:00,2026,Spring,4,384,127.136992640625,121.8045081093249,5.332484531300094,6.359946581263009,4.717170698952276,84.375,14.374476892728637,20.46586567743961,9.2687247253686,7.96385107129217
targeted_residual_meta_adjusted,Targeted_Meta_Adjusted_Forecast_MWH,origin_07,2025-07-20 00:00:00-07:00,2025,Summer,7,384,157.82088622916666,152.6421791461336,5.17870708303305,5.796277614593358,3.510329266765042,85.9375,12.832075193470057,21.625459850740754,9.862013082407316,7.498140971855257
targeted_residual_meta_adjusted,Targeted_Meta_Adjusted_Forecast_MWH,origin_21,2026-07-06 00:00:00-07:00,2026,Summer,7,380,185.74302035789472,185.74678051526016,-0.003760157365405803,5.789300754009748,3.1730049223383037,49.73684210526316,12.594644398183757,23.07264373910442,25.61959240953294,7.5896762261018695
targeted_residual_meta_adjusted,Targeted_Meta_Adjusted_Forecast_MWH,origin_23,2026-07-20 00:00:00-07:00,2026,Summer,7,384,200.18689673437498,196.02141437440966,4.165482359965353,5.689309603728673,2.6265314768980033,69.79166666666666,14.155044967320347,29.864718309754664,10.31220348253379,7.980370902110795
targeted_residual_meta_adjusted,Targeted_Meta_Adjusted_Forecast_MWH,origin_08,2025-08-17 00:00:00-07:00,2025,Summer,8,384,187.771909734375,190.1974664419988,-2.4255567076238225,5.309929287408288,2.9435945137337822,32.03125,10.911279025397805,14.303204077464443,36.653556660308965,7.097614702227473
targeted_residual_meta_adjusted,Targeted_Meta_Adjusted_Forecast_MWH,origin_24,2026-07-21 00:00:00-07:00,2026,Summer,7,384,200.79070704427082,197.47494690159382,3.3157601426769996,4.894644239508454,2.2263813746462113,64.0625,11.800693361638277,28.66759270254525,13.888391701727556,7.002204719784038
targeted_residual_meta_adjusted,Targeted_Meta_Adjusted_Forecast_MWH,origin_05,2025-05-25 00:00:00-07:00,2025,Spring,5,384,153.69139593489584,154.44849640911974,-0.7571004742238986,4.549250667084006,2.826220058858905,46.09375,9.754584601258511,20.768889166059978,27.82456045632813,6.452259929949559
targeted_residual_meta_adjusted,Targeted_Meta_Adjusted_Forecast_MWH,origin_02,2024-11-09 23:00:00-08:00,2024,Fall,11,384,116.68925462760417,113.00592835230492,3.6833262752992444,4.295762826176309,3.4857988631756935,82.8125,8.971128706979743,16.943894342968775,10.41113034677889,5.479445697018931
targeted_residual_meta_adjusted,Targeted_Meta_Adjusted_Forecast_MWH,origin_16,2026-03-29 00:00:00-07:00,2026,Spring,3,384,120.51718188281251,118.35467213342605,2.162509749386452,4.147742449363995,3.3319098596603918,66.92708333333334,9.224818051868967,20.838940967991377,12.712096657096453,5.518385298559474
targeted_residual_meta_adjusted,Targeted_Meta_Adjusted_Forecast_MWH,origin_19,2026-05-28 00:00:00-07:00,2026,Spring,5,384,158.50971714583332,158.2396680917333,0.2700490541000303,4.1180823129432005,2.65287964486725,60.9375,9.268194365181905,14.366203963655948,18.417414180035024,5.486910598565611
targeted_residual_meta_adjusted,Targeted_Meta_Adjusted_Forecast_MWH,origin_20,2026-05-29 00:00:00-07:00,2026,Spring,5,384,163.7729361171875,164.13889069657253,-0.3659545793850496,4.015487907363906,2.5420701266933494,50.520833333333336,8.86238907677073,13.914138437634648,18.44266489564717,5.347305584009984
targeted_residual_meta_adjusted,Targeted_Meta_Adjusted_Forecast_MWH,origin_09,2025-09-14 00:00:00-07:00,2025,Summer,9,384,162.83103684895835,163.2692740400291,-0.43823719107078296,3.914068634868414,2.356939341412626,48.4375,8.349116643615336,11.774819977814218,34.75616643520837,5.956230433553288
targeted_residual_meta_adjusted,Targeted_Meta_Adjusted_Forecast_MWH,origin_18,2026-05-24 00:00:00-07:00,2026,Spring,5,384,142.90284213541665,143.79514496440916,-0.8923028289925057,3.892924545981428,2.7847323285261854,47.39583333333333,8.661847336636068,12.539295641644443,22.759118405431224,5.191537338306938
targeted_residual_meta_adjusted,Targeted_Meta_Adjusted_Forecast_MWH,origin_15,2026-02-28 23:00:00-08:00,2026,Winter,2,384,115.88717167708334,113.27564867875844,2.611522998324889,3.7934393494226426,3.2355864140402875,77.34375,7.41927511263417,10.81680435423975,8.88617852923936,4.5324569743217475
targeted_residual_meta_adjusted,Targeted_Meta_Adjusted_Forecast_MWH,origin_12,2025-12-06 23:00:00-08:00,2025,Winter,12,384,139.45845884114584,137.08829163063703,2.3701672105087894,3.790952336583999,2.6230515858021977,78.64583333333334,7.478530204383097,11.953238048141884,27.625331582127444,4.968771978545319
targeted_residual_meta_adjusted,Targeted_Meta_Adjusted_Forecast_MWH,origin_06,2025-06-22 00:00:00-07:00,2025,Summer,6,384,168.52844033593752,167.4297303359643,1.098709999973175,3.7357220910134803,2.238065291958218,59.114583333333336,8.326684040548635,18.690850320932498,19.143135262909283,5.082424446609437
targeted_residual_meta_adjusted,Targeted_Meta_Adjusted_Forecast_MWH,origin_13,2026-01-03 23:00:00-08:00,2026,Winter,1,384,128.126853875,126.25799762447679,1.868856250523215,3.510309698565442,2.696698934344098,71.875,8.246238832515806,17.731911384730836,11.647384484736904,4.726515602178009
targeted_residual_meta_adjusted,Targeted_Meta_Adjusted_Forecast_MWH,origin_03,2025-03-30 00:00:00-07:00,2025,Spring,3,384,111.3258731328125,109.18221083174713,2.143662301065361,3.4599691262970023,3.027048686720061,68.22916666666666,6.878623468150703,14.69158601494918,7.038414494064881,4.435830948971005
targeted_residual_meta_adjusted,Targeted_Meta_Adjusted_Forecast_MWH,origin_11,2025-11-08 23:00:00-08:00,2025,Fall,11,384,122.29222068489582,120.03969793559462,2.252522749301227,3.246221671129197,2.5343890654117174,77.34375,6.616932538122473,22.623726265828978,10.626223063151869,4.60604507435561
targeted_residual_meta_adjusted,Targeted_Meta_Adjusted_Forecast_MWH,origin_14,2026-01-31 23:00:00-08:00,2026,Winter,1,384,120.6618153359375,118.46223328293344,2.199582053004059,3.2322342436975107,2.5745292144140417,70.83333333333334,7.774407796984674,21.158548247499027,8.456695420572643,4.703336956718041
targeted_residual_meta_adjusted,Targeted_Meta_Adjusted_Forecast_MWH,origin_04,2025-04-27 00:00:00-07:00,2025,Spring,4,384,121.913576171875,123.01929192851692,-1.105715756641918,2.9392594509445025,2.3266369352708662,43.75,6.593043652279709,18.39379482709137,15.281500134363512,4.198105860847142
targeted_residual_meta_adjusted,Targeted_Meta_Adjusted_Forecast_MWH,origin_10,2025-10-12 00:00:00-07:00,2025,Fall,10,384,118.67937204947917,116.86393173627131,1.8154403132078505,2.8734719922609777,2.35518671300473,77.08333333333334,6.1612057871544135,11.220190895048802,9.59623755616019,3.6759140506195984
targeted_residual_meta_adjusted,Targeted_Meta_Adjusted_Forecast_MWH,origin_01,2024-10-13 00:00:00-07:00,2024,Fall,10,384,116.30257716666667,115.28316543409458,1.0194117325720904,2.6720996284516185,2.181384145501755,51.041666666666664,6.735635708754908,16.34231349304926,9.998720014868297,3.902110940151437
residual_calibrated,Residual_Calibrated_Forecast_MWH,origin_22,2026-07-07 00:00:00-07:00,2026,Summer,7,380,187.94545492105263,185.59070381320436,2.3547511078482954,6.722870800769686,3.511445537801659,61.05263157894737,15.293550762304264,28.610145136663817,26.546603548125518,9.029364022619875
residual_calibrated,Residual_Calibrated_Forecast_MWH,origin_08,2025-08-17 00:00:00-07:00,2025,Summer,8,384,187.771909734375,191.85636404256311,-4.08445430818811,5.896901635937078,3.3495852093542116,23.4375,11.676744521003116,11.385051496985,39.365826634951986,7.8236430721216585
residual_calibrated,Residual_Calibrated_Forecast_MWH,origin_23,2026-07-20 00:00:00-07:00,2026,Summer,7,384,200.18689673437498,195.7320410600261,4.454855674348914,5.874608161981051,2.715444585806063,69.79166666666666,14.470556476295727,30.22641741385908,10.782305401607431,8.190927897150184
residual_calibrated,Residual_Calibrated_Forecast_MWH,origin_21,2026-07-06 00:00:00-07:00,2026,Summer,7,380,185.74302035789472,185.01762470103822,0.7253956568565286,5.838986724068156,3.151692554106487,53.68421052631579,12.57125938608508,25.327502299878944,26.104018887415037,7.806492264078389
residual_calibrated,Residual_Calibrated_Forecast_MWH,origin_07,2025-07-20 00:00:00-07:00,2025,Summer,7,384,157.82088622916666,153.15557807693142,4.665308152235253,5.407042102821003,3.2865912651776004,83.33333333333334,11.909541211105527,21.26010125341665,10.336546817314627,7.035398494618621
residual_calibrated,Residual_Calibrated_Forecast_MWH,origin_17,2026-04-26 00:00:00-07:00,2026,Spring,4,384,127.136992640625,123.4225300861021,3.7144625545228873,5.22786928579209,3.8787562744105597,76.04166666666666,12.06433032241238,17.533462224928968,10.223448613196908,6.685993343923376
residual_calibrated,Residual_Calibrated_Forecast_MWH,origin_24,2026-07-21 00:00:00-07:00,2026,Summer,7,384,200.79070704427082,197.0105017152931,3.7802053289777633,5.090390027548665,2.308749619614254,67.96875,12.521744174544239,29.009150708773774,12.566462486353117,7.2555759574948375
residual_calibrated,Residual_Calibrated_Forecast_MWH,origin_02,2024-11-09 23:00:00-08:00,2024,Fall,11,384,116.68925462760417,112.49610917756287,4.193145450041288,4.624559107907712,3.7878455184154354,87.76041666666666,8.994874539671398,16.814955707561666,10.082326973066415,5.741403399883183
residual_calibrated,Residual_Calibrated_Forecast_MWH,origin_05,2025-05-25 00:00:00-07:00,2025,Spring,5,384,153.69139593489584,153.76409168783294,-0.07269575293710955,4.523056553048124,2.8211975349613727,50.260416666666664,10.282794678983688,22.256414072221617,26.678872365763283,6.4326184553475905
residual_calibrated,Residual_Calibrated_Forecast_MWH,origin_18,2026-05-24 00:00:00-07:00,2026,Spring,5,384,142.90284213541665,145.53504859297414,-2.6322064575574777,4.294964246083219,3.0007719095965157,32.03125,9.781716779662247,11.85162993077428,23.96328310774757,5.781564678022055
residual_calibrated,Residual_Calibrated_Forecast_MWH,origin_20,2026-05-29 00:00:00-07:00,2026,Spring,5,384,163.7729361171875,166.03044032378685,-2.2575042065993416,4.255471271815129,2.6466369330502824,34.11458333333333,9.940033709902062,13.351302519751485,19.51504236394524,5.725052257487548
residual_calibrated,Residual_Calibrated_Forecast_MWH,origin_19,2026-05-28 00:00:00-07:00,2026,Spring,5,384,158.50971714583332,159.7115757268138,-1.201858580980473,4.009897115658593,2.5241228216133123,45.05208333333333,9.950838333555014,13.975985187610405,19.25612869818187,5.571346798800744
residual_calibrated,Residual_Calibrated_Forecast_MWH,origin_09,2025-09-14 00:00:00-07:00,2025,Summer,9,384,162.83103684895835,164.4819228990548,-1.650886050096462,3.8914865183932794,2.4136064797945136,39.58333333333333,7.413955521382865,8.968275700981565,35.87208726248096,6.18317262177377
residual_calibrated,Residual_Calibrated_Forecast_MWH,origin_06,2025-06-22 00:00:00-07:00,2025,Summer,6,384,168.52844033593752,167.0889011994864,1.4395391364510886,3.8680366424700097,2.3239665024153484,60.9375,8.492261241534642,17.918679283087954,18.116494695209667,5.189543270140872
residual_calibrated,Residual_Calibrated_Forecast_MWH,origin_16,2026-03-29 00:00:00-07:00,2026,Spring,3,384,120.51718188281251,119.60498613970736,0.9121957431051452,3.867426295687141,3.1256877513088006,57.03125,8.214014482355626,20.322226452121328,14.133231655883122,5.100076257191123
residual_calibrated,Residual_Calibrated_Forecast_MWH,origin_15,2026-02-28 23:00:00-08:00,2026,Winter,2,384,115.88717167708334,114.60649654957956,1.2806751275037735,3.2006020898075405,2.7286871447894825,66.40625,6.545618284672583,9.29441755514398,10.121053436209266,3.916620447565177
residual_calibrated,Residual_Calibrated_Forecast_MWH,origin_13,2026-01-03 23:00:00-08:00,2026,Winter,1,384,128.126853875,127.98119300422378,0.14566087077620848,3.1123953789275873,2.42102418646454,50.260416666666664,7.118874103439384,15.791586220857909,13.93842068625672,4.352284689836108
residual_calibrated,Residual_Calibrated_Forecast_MWH,origin_04,2025-04-27 00:00:00-07:00,2025,Spring,4,384,121.913576171875,123.79795859852207,-1.884382426647074,3.0584190076738325,2.435308774648696,29.6875,6.9024010460272756,17.90815300048112,15.858096837232637,4.2997816231085615
residual_calibrated,Residual_Calibrated_Forecast_MWH,origin_03,2025-03-30 00:00:00-07:00,2025,Spring,3,384,111.3258731328125,110.41482737386862,0.9110457589438751,3.0331220294009875,2.6610011390328383,58.333333333333336,6.162275586112537,14.052709966719277,7.323667448019506,3.857693129222167
residual_calibrated,Residual_Calibrated_Forecast_MWH,origin_12,2025-12-06 23:00:00-08:00,2025,Winter,12,384,139.45845884114584,138.48227755123574,0.9761812899100802,2.9843301761380796,2.095062906114197,69.27083333333334,5.847225788629626,9.800805585380886,29.97617692852856,4.330154656172141
residual_calibrated,Residual_Calibrated_Forecast_MWH,origin_14,2026-01-31 23:00:00-08:00,2026,Winter,1,384,120.6618153359375,119.92613320795412,0.7356821279833851,2.882566602718656,2.2995043364604197,51.822916666666664,6.871176521871322,19.877245651836162,9.661817709306206,4.203118335682594
residual_calibrated,Residual_Calibrated_Forecast_MWH,origin_01,2024-10-13 00:00:00-07:00,2024,Fall,10,384,116.30257716666667,114.14859857216442,2.153978594502245,2.872161334058877,2.2962605501470157,73.4375,7.7184649465325945,16.972643397440038,8.958412126819525,4.24841020475417
residual_calibrated,Residual_Calibrated_Forecast_MWH,origin_11,2025-11-08 23:00:00-08:00,2025,Fall,11,384,122.29222068489582,121.0552629838795,1.2369577010163404,2.8194468190490682,2.219060197813677,65.625,5.918586587368777,22.060815411627942,11.223009605622323,4.239241499994709
residual_calibrated,Residual_Calibrated_Forecast_MWH,origin_10,2025-10-12 00:00:00-07:00,2025,Fall,10,384,118.67937204947917,117.66375881201152,1.015613237467635,2.5133007647925423,2.0626362384750396,67.70833333333334,5.741683917150683,10.672971873341197,10.150739762297562,3.3257294448395185
warm_ramp_adjusted,Warm_Ramp_Adjusted_Forecast_MWH,origin_22,2026-07-07 00:00:00-07:00,2026,Summer,7,380,187.94545492105263,185.59070381320436,2.3547511078482954,6.722870800769686,3.511445537801659,61.05263157894737,15.293550762304264,28.610145136663817,26.546603548125518,9.029364022619875
warm_ramp_adjusted,Warm_Ramp_Adjusted_Forecast_MWH,origin_08,2025-08-17 00:00:00-07:00,2025,Summer,8,384,187.771909734375,191.85636404256311,-4.08445430818811,5.896901635937078,3.3495852093542116,23.4375,11.676744521003116,11.385051496985,39.365826634951986,7.8236430721216585
warm_ramp_adjusted,Warm_Ramp_Adjusted_Forecast_MWH,origin_23,2026-07-20 00:00:00-07:00,2026,Summer,7,384,200.18689673437498,195.7320410600261,4.454855674348914,5.874608161981051,2.715444585806063,69.79166666666666,14.470556476295727,30.22641741385908,10.782305401607431,8.190927897150184
warm_ramp_adjusted,Warm_Ramp_Adjusted_Forecast_MWH,origin_21,2026-07-06 00:00:00-07:00,2026,Summer,7,380,185.74302035789472,185.01762470103822,0.7253956568565286,5.838986724068156,3.151692554106487,53.68421052631579,12.57125938608508,25.327502299878944,26.104018887415037,7.806492264078389
warm_ramp_adjusted,Warm_Ramp_Adjusted_Forecast_MWH,origin_07,2025-07-20 00:00:00-07:00,2025,Summer,7,384,157.82088622916666,153.15557807693142,4.665308152235253,5.407042102821003,3.2865912651776004,83.33333333333334,11.909541211105527,21.26010125341665,10.336546817314627,7.035398494618621
warm_ramp_adjusted,Warm_Ramp_Adjusted_Forecast_MWH,origin_24,2026-07-21 00:00:00-07:00,2026,Summer,7,384,200.79070704427082,197.0105017152931,3.7802053289777633,5.090390027548665,2.308749619614254,67.96875,12.521744174544239,29.009150708773774,12.566462486353117,7.2555759574948375
warm_ramp_adjusted,Warm_Ramp_Adjusted_Forecast_MWH,origin_17,2026-04-26 00:00:00-07:00,2026,Spring,4,384,127.136992640625,124.01178680869333,3.1252058319316625,4.832402729024602,3.655931550361132,74.73958333333334,10.083234543664478,16.479449738326224,10.223448613196908,6.0823176911156835
warm_ramp_adjusted,Warm_Ramp_Adjusted_Forecast_MWH,origin_05,2025-05-25 00:00:00-07:00,2025,Spring,5,384,153.69139593489584,153.62693531543235,0.06446061946348136,4.637434814570592,2.896751173182013,51.041666666666664,10.282794678983688,22.256414072221617,26.678872365763283,6.508914389018361
warm_ramp_adjusted,Warm_Ramp_Adjusted_Forecast_MWH,origin_02,2024-11-09 23:00:00-08:00,2024,Fall,11,384,116.68925462760417,112.49610917756287,4.193145450041288,4.624559107907712,3.7878455184154354,87.76041666666666,8.994874539671398,16.814955707561666,10.082326973066415,5.741403399883183
warm_ramp_adjusted,Warm_Ramp_Adjusted_Forecast_MWH,origin_18,2026-05-24 00:00:00-07:00,2026,Spring,5,384,142.90284213541665,145.81783156725206,-2.914989431835379,4.401756251054458,3.0795056473829265,29.947916666666668,10.186965818232256,11.85162993077428,23.96328310774757,5.951012292611304
warm_ramp_adjusted,Warm_Ramp_Adjusted_Forecast_MWH,origin_20,2026-05-29 00:00:00-07:00,2026,Spring,5,384,163.7729361171875,166.1378811911953,-2.3649450740077937,4.201502461448967,2.615763191735222,32.55208333333333,9.872623953796246,13.351302519751485,19.51504236394524,5.677095835896038
warm_ramp_adjusted,Warm_Ramp_Adjusted_Forecast_MWH,origin_19,2026-05-28 00:00:00-07:00,2026,Spring,5,384,158.50971714583332,159.80822738759403,-1.2985102417607,3.9268679817619048,2.474804077421204,44.27083333333333,9.950838333555014,13.975985187610405,19.25612869818187,5.5126424116181
warm_ramp_adjusted,Warm_Ramp_Adjusted_Forecast_MWH,origin_09,2025-09-14 00:00:00-07:00,2025,Summer,9,384,162.83103684895835,164.4819228990548,-1.650886050096462,3.8914865183932794,2.4136064797945136,39.58333333333333,7.413955521382865,8.968275700981565,35.87208726248096,6.18317262177377
warm_ramp_adjusted,Warm_Ramp_Adjusted_Forecast_MWH,origin_06,2025-06-22 00:00:00-07:00,2025,Summer,6,384,168.52844033593752,167.0889011994864,1.4395391364510886,3.8680366424700097,2.3239665024153484,60.9375,8.492261241534642,17.918679283087954,18.116494695209667,5.189543270140872
warm_ramp_adjusted,Warm_Ramp_Adjusted_Forecast_MWH,origin_16,2026-03-29 00:00:00-07:00,2026,Spring,3,384,120.51718188281251,120.25773126210036,0.2594506207121381,3.8646040647183604,3.136643278674578,53.385416666666664,8.22970646292511,20.322226452121328,15.174802020692539,5.1445287974232565
warm_ramp_adjusted,Warm_Ramp_Adjusted_Forecast_MWH,origin_15,2026-02-28 23:00:00-08:00,2026,Winter,2,384,115.88717167708334,114.60649654957956,1.2806751275037735,3.2006020898075405,2.7286871447894825,66.40625,6.545618284672583,9.29441755514398,10.121053436209266,3.916620447565177
warm_ramp_adjusted,Warm_Ramp_Adjusted_Forecast_MWH,origin_13,2026-01-03 23:00:00-08:00,2026,Winter,1,384,128.126853875,127.98119300422378,0.14566087077620848,3.1123953789275873,2.42102418646454,50.260416666666664,7.118874103439384,15.791586220857909,13.93842068625672,4.352284689836108
warm_ramp_adjusted,Warm_Ramp_Adjusted_Forecast_MWH,origin_03,2025-03-30 00:00:00-07:00,2025,Spring,3,384,111.3258731328125,110.56643117553394,0.7594419572785677,3.082463746845774,2.696688816045109,58.072916666666664,6.046872618755711,14.052709966719277,8.736209377322368,3.9064371011918038
warm_ramp_adjusted,Warm_Ramp_Adjusted_Forecast_MWH,origin_04,2025-04-27 00:00:00-07:00,2025,Spring,4,384,121.913576171875,123.70882104194446,-1.7952448700694479,3.0039745160309113,2.389050311252915,29.947916666666668,6.598829646191466,17.90815300048112,15.858096837232637,4.2122449482515725
warm_ramp_adjusted,Warm_Ramp_Adjusted_Forecast_MWH,origin_12,2025-12-06 23:00:00-08:00,2025,Winter,12,384,139.45845884114584,138.48227755123574,0.9761812899100802,2.9843301761380796,2.095062906114197,69.27083333333334,5.847225788629626,9.800805585380886,29.97617692852856,4.330154656172141
warm_ramp_adjusted,Warm_Ramp_Adjusted_Forecast_MWH,origin_01,2024-10-13 00:00:00-07:00,2024,Fall,10,384,116.30257716666667,114.06121218564904,2.2413649810176284,2.9717736629874936,2.3646040063208136,73.69791666666666,7.8643087744808735,16.880874440558387,8.958412126819525,4.342837505282081
warm_ramp_adjusted,Warm_Ramp_Adjusted_Forecast_MWH,origin_14,2026-01-31 23:00:00-08:00,2026,Winter,1,384,120.6618153359375,119.92613320795412,0.7356821279833851,2.882566602718656,2.2995043364604197,51.822916666666664,6.871176521871322,19.877245651836162,9.661817709306206,4.203118335682594
warm_ramp_adjusted,Warm_Ramp_Adjusted_Forecast_MWH,origin_11,2025-11-08 23:00:00-08:00,2025,Fall,11,384,122.29222068489582,121.10613429123026,1.1860863936655794,2.8262895266638157,2.2245219602220843,65.36458333333334,5.95192783417082,22.060815411627942,11.223009605622323,4.2644804501384455
warm_ramp_adjusted,Warm_Ramp_Adjusted_Forecast_MWH,origin_10,2025-10-12 00:00:00-07:00,2025,Fall,10,384,118.67937204947917,117.79245667431786,0.8869153751613105,2.3956706149655176,1.982938829623178,66.14583333333334,5.42794719116666,10.672971873341197,10.150739762297562,3.1798140501352297
cloud_solar_adjusted,Cloud_Solar_Adjusted_Forecast_MWH,origin_22,2026-07-07 00:00:00-07:00,2026,Summer,7,380,187.94545492105263,185.5854591888396,2.35999573221306,6.71935427954745,3.5097292665764037,61.05263157894737,15.395490718480843,28.610145136663817,26.546603548125518,9.025878732974784
cloud_solar_adjusted,Cloud_Solar_Adjusted_Forecast_MWH,origin_08,2025-08-17 00:00:00-07:00,2025,Summer,8,384,187.771909734375,191.8628067804232,-4.090897046048198,5.903766913348836,3.3527388792911084,23.4375,11.714989510474588,11.385051496985,39.365826634951986,7.833510579636187
cloud_solar_adjusted,Cloud_Solar_Adjusted_Forecast_MWH,origin_23,2026-07-20 00:00:00-07:00,2026,Summer,7,384,200.18689673437498,195.72698067104952,4.4599160633255055,5.8616039550794,2.7101999931894425,69.79166666666666,14.572311788198775,30.22641741385908,10.782305401607431,8.181340980600005
cloud_solar_adjusted,Cloud_Solar_Adjusted_Forecast_MWH,origin_21,2026-07-06 00:00:00-07:00,2026,Summer,7,380,185.74302035789472,185.01235091923158,0.7306694386631588,5.839169822218462,3.151797155291693,53.68421052631579,12.57125938608508,25.084308745603664,26.104018887415037,7.804422216280838
cloud_solar_adjusted,Cloud_Solar_Adjusted_Forecast_MWH,origin_07,2025-07-20 00:00:00-07:00,2025,Summer,7,384,157.82088622916666,153.15360024643857,4.6672859827281075,5.410318589264154,3.289526185363784,83.33333333333334,11.909541211105527,21.26010125341665,10.154706214916246,7.036717159145471
cloud_solar_adjusted,Cloud_Solar_Adjusted_Forecast_MWH,origin_24,2026-07-21 00:00:00-07:00,2026,Summer,7,384,200.79070704427082,196.99982906573507,3.7908779785357662,5.078791053208228,2.303907522215384,68.48958333333334,12.521744174544239,29.009150708773774,12.566462486353117,7.252219378437065
cloud_solar_adjusted,Cloud_Solar_Adjusted_Forecast_MWH,origin_17,2026-04-26 00:00:00-07:00,2026,Spring,4,384,127.136992640625,124.03898728934318,3.0980053512818153,4.786139299110037,3.617064533993499,74.73958333333334,9.999960839925837,16.479449738326224,10.354409174889085,6.034872696928489
cloud_solar_adjusted,Cloud_Solar_Adjusted_Forecast_MWH,origin_05,2025-05-25 00:00:00-07:00,2025,Spring,5,384,153.69139593489584,153.63240996252588,0.05898597236993175,4.6358332086991565,2.8953317472670714,51.041666666666664,10.282794678983688,22.256414072221617,26.678872365763283,6.507829149593958
cloud_solar_adjusted,Cloud_Solar_Adjusted_Forecast_MWH,origin_02,2024-11-09 23:00:00-08:00,2024,Fall,11,384,116.68925462760417,112.54645571140371,4.142798916200472,4.555567579215445,3.7406370605303825,88.54166666666666,8.377942237003573,16.83909708631876,9.686388253492098,5.6440385523660375
cloud_solar_adjusted,Cloud_Solar_Adjusted_Forecast_MWH,origin_18,2026-05-24 00:00:00-07:00,2026,Spring,5,384,142.90284213541665,145.8571745443733,-2.954332408956642,4.392010485854407,3.072417252213661,29.6875,10.243256481538287,8.76711946974018,23.96328310774757,5.94208588536208
cloud_solar_adjusted,Cloud_Solar_Adjusted_Forecast_MWH,origin_20,2026-05-29 00:00:00-07:00,2026,Spring,5,384,163.7729361171875,166.16491756106342,-2.391981443875915,4.182247566894163,2.6007513253859327,32.55208333333333,9.78951580186594,9.794224722236322,19.51504236394524,5.650167987610413
cloud_solar_adjusted,Cloud_Solar_Adjusted_Forecast_MWH,origin_19,2026-05-28 00:00:00-07:00,2026,Spring,5,384,158.50971714583332,159.83768712236207,-1.3279699765287403,3.9011554623942675,2.456773445985425,44.27083333333333,9.955656250201656,10.629437392037232,19.25612869818187,5.478362940688961
cloud_solar_adjusted,Cloud_Solar_Adjusted_Forecast_MWH,origin_09,2025-09-14 00:00:00-07:00,2025,Summer,9,384,162.83103684895835,164.48325939679816,-1.6522225478398251,3.8969792554214426,2.4162614066613144,39.84375,7.38944435088949,8.968275700981565,36.41334292588766,6.213723559896921
cloud_solar_adjusted,Cloud_Solar_Adjusted_Forecast_MWH,origin_06,2025-06-22 00:00:00-07:00,2025,Summer,6,384,168.52844033593752,167.08313730677662,1.4453030291608882,3.8607819956283347,2.3194947859854818,60.9375,8.428843900711124,17.918679283087954,18.116494695209667,5.183117993027545
cloud_solar_adjusted,Cloud_Solar_Adjusted_Forecast_MWH,origin_16,2026-03-29 00:00:00-07:00,2026,Spring,3,384,120.51718188281251,120.31186282976351,0.20531905304899142,3.8246865966802,3.108297389654654,53.125,8.188489420340472,18.112344588207577,15.174802020692539,5.077016517543888
cloud_solar_adjusted,Cloud_Solar_Adjusted_Forecast_MWH,origin_15,2026-02-28 23:00:00-08:00,2026,Winter,2,384,115.88717167708334,114.57194036695812,1.3152313101252215,3.222358369697446,2.7479834635718334,66.66666666666666,6.641041685911526,9.538693066911236,10.26071359974273,3.9406532102544083
cloud_solar_adjusted,Cloud_Solar_Adjusted_Forecast_MWH,origin_13,2026-01-03 23:00:00-08:00,2026,Winter,1,384,128.126853875,128.1154990555921,0.011354819407895475,3.203634873030086,2.4975408734651903,50.260416666666664,7.4028891456379045,15.710283026841452,16.809115615751466,4.493399643455046
cloud_solar_adjusted,Cloud_Solar_Adjusted_Forecast_MWH,origin_03,2025-03-30 00:00:00-07:00,2025,Spring,3,384,111.3258731328125,110.5760914930213,0.7497816397912122,3.0885307879916724,2.702846756994244,57.8125,5.971845022549857,14.157186347066357,8.736209377322368,3.8985771976695616
cloud_solar_adjusted,Cloud_Solar_Adjusted_Forecast_MWH,origin_01,2024-10-13 00:00:00-07:00,2024,Fall,10,384,116.30257716666667,113.99622392787005,2.306353238796614,3.016846993233879,2.4034134899539237,74.21875,7.926986247584439,16.979832983837127,8.958412126819525,4.414446667676914
cloud_solar_adjusted,Cloud_Solar_Adjusted_Forecast_MWH,origin_04,2025-04-27 00:00:00-07:00,2025,Spring,4,384,121.913576171875,123.71949442190702,-1.8059182500320194,3.0098398544477045,2.394621153273179,29.427083333333332,6.598829646191466,17.841023561318053,15.858096837232637,4.2132525696927425
cloud_solar_adjusted,Cloud_Solar_Adjusted_Forecast_MWH,origin_12,2025-12-06 23:00:00-08:00,2025,Winter,12,384,139.45845884114584,138.7216341133087,0.7368247278371242,2.9086005717157786,2.0486351148115065,65.88541666666666,5.4503217459499895,9.649641820971937,30.497786769467353,4.3314634718245
cloud_solar_adjusted,Cloud_Solar_Adjusted_Forecast_MWH,origin_14,2026-01-31 23:00:00-08:00,2026,Winter,1,384,120.6618153359375,119.9929591594066,0.6688561765309157,2.860144421253297,2.284534631256857,51.302083333333336,6.558599321524472,19.749193360332654,9.644495072842076,4.1482256613683814
cloud_solar_adjusted,Cloud_Solar_Adjusted_Forecast_MWH,origin_11,2025-11-08 23:00:00-08:00,2025,Fall,11,384,122.29222068489582,121.1628207319748,1.1293999529210417,2.829424384121333,2.2282958776807704,64.84375,5.936499141285813,22.244155622603586,11.259484241862125,4.255678713555679
cloud_solar_adjusted,Cloud_Solar_Adjusted_Forecast_MWH,origin_10,2025-10-12 00:00:00-07:00,2025,Fall,10,384,118.67937204947917,117.79337757257838,0.885994476900791,2.421971189615317,2.004140094085563,66.40625,5.616006933873331,10.882998215107449,10.34332394437331,3.2221977395683736
recent_corrected_simulation,Recent_Corrected_Forecast_MWH,origin_22,2026-07-07 00:00:00-07:00,2026,Summer,7,380,187.94545492105263,185.6055846991337,2.339870221918967,6.713757675907862,3.5057090843226075,60.78947368421053,15.419110013604973,28.479625822401232,26.754972098011763,9.027580834024375
recent_corrected_simulation,Recent_Corrected_Forecast_MWH,origin_08,2025-08-17 00:00:00-07:00,2025,Summer,8,384,187.771909734375,192.4340439937397,-4.662134259364688,6.309570636942092,3.6035565595206616,21.875,12.248934547386437,11.385051496985,40.53005457402719,8.263803255248439
recent_corrected_simulation,Recent_Corrected_Forecast_MWH,origin_23,2026-07-20 00:00:00-07:00,2026,Summer,7,384,200.18689673437498,195.75743480000332,4.429461934371686,5.848059667003759,2.7059143238967205,69.27083333333334,14.572311788198775,29.812550672681766,11.118388613190405,8.147329538057841
recent_corrected_simulation,Recent_Corrected_Forecast_MWH,origin_21,2026-07-06 00:00:00-07:00,2026,Summer,7,380,185.74302035789472,184.92655805851822,0.816462299376488,5.819501311489886,3.1347607139314713,54.473684210526315,12.489026309026405,25.33725649723945,26.12290499634858,7.7971986972764515
recent_corrected_simulation,Recent_Corrected_Forecast_MWH,origin_07,2025-07-20 00:00:00-07:00,2025,Summer,7,384,157.82088622916666,153.7934024284191,4.027483800747551,5.048354926859155,3.0412225197608804,79.6875,11.178599107382848,20.423193312112744,10.835720467278236,6.6670279509331705
recent_corrected_simulation,Recent_Corrected_Forecast_MWH,origin_24,2026-07-21 00:00:00-07:00,2026,Summer,7,384,200.79070704427082,197.29621073697126,3.4944963072995665,4.983191816574894,2.267988498620064,65.36458333333334,12.340295670522982,27.77045427678388,13.104205597665327,7.09148783471419
recent_corrected_simulation,Recent_Corrected_Forecast_MWH,origin_02,2024-11-09 23:00:00-08:00,2024,Fall,11,384,116.68925462760417,112.16654776899645,4.522706858607719,4.84531715374862,3.9976198329495687,90.625,8.756320885447886,16.980678547700705,9.34162041964413,5.895006047395134
recent_corrected_simulation,Recent_Corrected_Forecast_MWH,origin_05,2025-05-25 00:00:00-07:00,2025,Spring,5,384,153.69139593489584,153.5838112016781,0.10758473321774815,4.633764990826024,2.8940588849914968,51.041666666666664,10.29679539304652,22.344702290854883,26.678872365763283,6.5086302481952245
recent_corrected_simulation,Recent_Corrected_Forecast_MWH,origin_17,2026-04-26 00:00:00-07:00,2026,Spring,4,384,127.136992640625,124.47482541981255,2.662167220812448,4.59065064315746,3.4655075254177508,72.39583333333334,9.80019444638907,16.479449738326224,10.803446034399315,5.855029378930591
recent_corrected_simulation,Recent_Corrected_Forecast_MWH,origin_18,2026-05-24 00:00:00-07:00,2026,Spring,5,384,142.90284213541665,145.5831110444488,-2.6802689090321343,4.281226914555281,2.989987145860485,32.55208333333333,9.814620907356264,9.275201316861285,23.564718553575887,5.791266185964297
recent_corrected_simulation,Recent_Corrected_Forecast_MWH,origin_20,2026-05-29 00:00:00-07:00,2026,Spring,5,384,163.7729361171875,166.08389142491066,-2.3109553077231717,4.141976526852956,2.5731172380638974,33.07291666666667,9.693199526921177,10.128254346775009,19.12755035597843,5.584839534146738
recent_corrected_simulation,Recent_Corrected_Forecast_MWH,origin_09,2025-09-14 00:00:00-07:00,2025,Summer,9,384,162.83103684895835,164.91396445106503,-2.0829276021066963,4.045893811094469,2.5327550525305953,34.63541666666667,7.397169456150229,8.968275700981565,36.9277952253033,6.357374664842122
recent_corrected_simulation,Recent_Corrected_Forecast_MWH,origin_19,2026-05-28 00:00:00-07:00,2026,Spring,5,384,158.50971714583332,159.83918362448273,-1.3294664786493957,3.8851256117632573,2.4433320772761142,44.01041666666667,9.892979990988431,10.861154116529775,19.162144724341346,5.454479394098394
recent_corrected_simulation,Recent_Corrected_Forecast_MWH,origin_06,2025-06-22 00:00:00-07:00,2025,Summer,6,384,168.52844033593752,167.04470666735278,1.4837336685847076,3.8662961197182795,2.324506053086538,61.197916666666664,8.452947995362226,17.986722076692786,18.089531826796815,5.190778030655836
recent_corrected_simulation,Recent_Corrected_Forecast_MWH,origin_16,2026-03-29 00:00:00-07:00,2026,Spring,3,384,120.51718188281251,120.35518211168898,0.16199977112352917,3.8267654521019008,3.10851791862622,53.125,8.224798343370136,18.15790731830272,15.340598482009199,5.081349287654894
recent_corrected_simulation,Recent_Corrected_Forecast_MWH,origin_15,2026-02-28 23:00:00-08:00,2026,Winter,2,384,115.88717167708334,114.40072473723093,1.4864469398523943,3.26236821500952,2.7807475840713756,67.96875,6.697273942074312,9.742768761965266,9.975458015562069,3.9851888520610195
recent_corrected_simulation,Recent_Corrected_Forecast_MWH,origin_13,2026-01-03 23:00:00-08:00,2026,Winter,1,384,128.126853875,127.97134671138059,0.15550716361940412,3.1913226970374615,2.4826967815754517,51.5625,7.240855207050408,16.109686035718767,16.42124082121174,4.473019348481694
recent_corrected_simulation,Recent_Corrected_Forecast_MWH,origin_01,2024-10-13 00:00:00-07:00,2024,Fall,10,384,116.30257716666667,113.70679717093601,2.595779995730639,3.1789267433287693,2.545603042593732,79.42708333333334,8.224487059951908,17.02669542961246,8.840626742244865,4.554550694078899
recent_corrected_simulation,Recent_Corrected_Forecast_MWH,origin_03,2025-03-30 00:00:00-07:00,2025,Spring,3,384,111.3258731328125,111.0190217696005,0.3068513632120069,3.0252120349685225,2.651873503719084,55.729166666666664,5.9887155396043426,13.941118368556715,9.086698549622568,3.8342916580883637
recent_corrected_simulation,Recent_Corrected_Forecast_MWH,origin_04,2025-04-27 00:00:00-07:00,2025,Spring,4,384,121.913576171875,123.72598721430666,-1.8124110424316549,3.0141407538078373,2.4031782882450177,28.645833333333332,6.581709180501823,17.80959767877451,15.858096837232637,4.207470536801201
recent_corrected_simulation,Recent_Corrected_Forecast_MWH,origin_14,2026-01-31 23:00:00-08:00,2026,Winter,1,384,120.6618153359375,120.34095028369372,0.3208650522437748,2.86958314317784,2.2998060408916525,46.875,6.535232299538593,19.558568948032587,9.998835586624153,4.117147434421208
recent_corrected_simulation,Recent_Corrected_Forecast_MWH,origin_12,2025-12-06 23:00:00-08:00,2025,Winter,12,384,139.45845884114584,139.60374847685716,-0.14528963571133194,2.745575564122612,1.960467945300141,52.864583333333336,5.1443523366496136,8.635980252871292,31.514429840980313,4.254699133925508
recent_corrected_simulation,Recent_Corrected_Forecast_MWH,origin_11,2025-11-08 23:00:00-08:00,2025,Fall,11,384,122.29222068489582,121.45700032388277,0.8352203610130599,2.745112047253645,2.17654595651334,60.416666666666664,6.150939797960094,21.96035073265257,11.674811350869192,4.165536903781895
recent_corrected_simulation,Recent_Corrected_Forecast_MWH,origin_10,2025-10-12 00:00:00-07:00,2025,Fall,10,384,118.67937204947917,117.95073330987888,0.7286387396002852,2.386318187535613,1.9763996395786219,63.802083333333336,5.58250254750511,10.682411536894506,10.37697546125024,3.195437880985481
stage_selected_production,Stage_Selected_Forecast_MWH,origin_21,2026-07-06 00:00:00-07:00,2026,Summer,7,380,185.74302035789472,186.7888968776508,-1.045876519756099,5.266528029884315,2.8948510658177367,43.15789473684211,10.978120066582326,24.722011281830532,21.627571986009713,6.793768500003367
stage_selected_production,Stage_Selected_Forecast_MWH,origin_22,2026-07-07 00:00:00-07:00,2026,Summer,7,380,187.94545492105263,187.51702200084344,0.4284329202091901,5.238530371457163,2.8742250915057794,50.0,10.56211611343246,27.619156984331994,21.93971448762275,6.859316440945703
stage_selected_production,Stage_Selected_Forecast_MWH,origin_23,2026-07-20 00:00:00-07:00,2026,Summer,7,384,200.18689673437498,198.3814279251362,1.8054688092388034,4.777588890053251,2.336962264421197,57.8125,10.515420724098842,21.21316007171737,14.49459322265318,6.427494082456172
stage_selected_production,Stage_Selected_Forecast_MWH,origin_08,2025-08-17 00:00:00-07:00,2025,Summer,8,384,187.771909734375,191.23414402676755,-3.462234292392561,4.741054477291873,2.7907028086568904,22.135416666666664,10.271157809825114,10.282594556739639,18.98758927397887,6.0948674642689245
stage_selected_production,Stage_Selected_Forecast_MWH,origin_05,2025-05-25 00:00:00-07:00,2025,Spring,5,384,153.69139593489584,152.30263323841635,1.3887626964794746,4.420777875177953,2.758482778511979,55.989583333333336,9.595899892665082,27.18600025578172,16.678872365763283,6.277201996395828
stage_selected_production,Stage_Selected_Forecast_MWH,origin_24,2026-07-21 00:00:00-07:00,2026,Summer,7,384,200.79070704427082,199.61516080372465,1.1755462405461934,4.299489501699297,2.094397887992707,53.90625,9.550853350120843,17.79644119736315,15.666333093988726,5.654414929830718
stage_selected_production,Stage_Selected_Forecast_MWH,origin_02,2024-11-09 23:00:00-08:00,2024,Fall,11,384,116.68925462760417,112.96868309194014,3.7205715356640234,4.22653582282363,3.5495506764385003,86.71875,8.14224479771088,17.576786559937176,10.700399540257706,5.165527903246399
stage_selected_production,Stage_Selected_Forecast_MWH,origin_07,2025-07-20 00:00:00-07:00,2025,Summer,7,384,157.82088622916666,155.34693773204472,2.4739484971219436,4.124201762243905,2.6437629594911405,72.65625,8.858153862803633,18.158914845587248,14.52277262930491,5.366889127415334
stage_selected_production,Stage_Selected_Forecast_MWH,origin_20,2026-05-29 00:00:00-07:00,2026,Spring,5,384,163.7729361171875,166.06710477848188,-2.2941686612943606,4.08288164501278,2.489801396548094,31.770833333333332,8.99640274632705,17.337631435237142,20.583416883618042,5.454453016812437
stage_selected_production,Stage_Selected_Forecast_MWH,origin_06,2025-06-22 00:00:00-07:00,2025,Summer,6,384,168.52844033593752,167.84670760555028,0.6817327303872203,3.985102640988849,2.3010155423870944,56.770833333333336,9.026188851322672,16.698964061251928,17.95699447094546,5.20617263166893
stage_selected_production,Stage_Selected_Forecast_MWH,origin_17,2026-04-26 00:00:00-07:00,2026,Spring,4,384,127.136992640625,125.35889749660127,1.7780951440237331,3.9528506381251005,3.113750343171541,69.53125,8.400712285006291,13.914371827784365,10.769799746741413,4.993121137234146
stage_selected_production,Stage_Selected_Forecast_MWH,origin_16,2026-03-29 00:00:00-07:00,2026,Spring,3,384,120.51718188281251,120.26719416848617,0.24998771432633984,3.91908278661638,3.1798216216959188,52.083333333333336,8.621727747857735,17.850713511043708,16.673046255477573,5.228626206354897
stage_selected_production,Stage_Selected_Forecast_MWH,origin_18,2026-05-24 00:00:00-07:00,2026,Spring,5,384,142.90284213541665,145.3201438345913,-2.4173016991746397,3.8993540930199075,2.710267369029271,30.208333333333332,9.08812948527901,9.304669221199617,18.615964575023895,5.201730630831502
stage_selected_production,Stage_Selected_Forecast_MWH,origin_09,2025-09-14 00:00:00-07:00,2025,Summer,9,384,162.83103684895835,164.12349755257358,-1.2924607036152604,3.7430642412940407,2.3371713783170045,39.58333333333333,7.646964712599547,13.517895781192095,32.77541820133354,5.501406596050222
stage_selected_production,Stage_Selected_Forecast_MWH,origin_19,2026-05-28 00:00:00-07:00,2026,Spring,5,384,158.50971714583332,160.00836775215276,-1.4986506063194274,3.594845571852327,2.255493062032568,39.58333333333333,8.295651775224199,10.65180978625321,17.28297413079801,4.888932154954519
stage_selected_production,Stage_Selected_Forecast_MWH,origin_04,2025-04-27 00:00:00-07:00,2025,Spring,4,384,121.913576171875,123.51791484219325,-1.6043386703182494,3.174728106806492,2.554130374334949,29.6875,7.352493264669935,19.67378119048007,15.237505012526157,4.5017543726699305
stage_selected_production,Stage_Selected_Forecast_MWH,origin_15,2026-02-28 23:00:00-08:00,2026,Winter,2,384,115.88717167708334,114.25924758018249,1.6279240969008442,3.1741188633091557,2.712031450695853,67.1875,6.5352464883310395,8.925673438787811,7.9471247203088495,3.896413809479589
stage_selected_production,Stage_Selected_Forecast_MWH,origin_13,2026-01-03 23:00:00-08:00,2026,Winter,1,384,128.126853875,128.0267354095034,0.10011846549660797,3.1550924835591583,2.439233632217055,48.95833333333333,7.561231212854372,17.965594513993977,15.096337463624394,4.513174166425405
stage_selected_production,Stage_Selected_Forecast_MWH,origin_03,2025-03-30 00:00:00-07:00,2025,Spring,3,384,111.3258731328125,111.02646395391473,0.29940917889778024,3.1174387329684947,2.695032654285908,56.770833333333336,6.954793419959172,14.54074675020992,10.940377681498745,4.138529769783526
stage_selected_production,Stage_Selected_Forecast_MWH,origin_11,2025-11-08 23:00:00-08:00,2025,Fall,11,384,122.29222068489582,122.11240416984383,0.17981651505201257,2.9469277287167626,2.331294013449282,52.34375,7.290254890259719,22.988378327530427,11.757025810952982,4.39428441280953
stage_selected_production,Stage_Selected_Forecast_MWH,origin_01,2024-10-13 00:00:00-07:00,2024,Fall,10,384,116.30257716666667,114.63221514761887,1.6703620190478095,2.9094409388499822,2.3585968072397954,70.83333333333334,7.081755697580642,16.568682474039633,8.189339247180413,4.213414374880774
stage_selected_production,Stage_Selected_Forecast_MWH,origin_12,2025-12-06 23:00:00-08:00,2025,Winter,12,384,139.45845884114584,139.50202642063164,-0.04356757948580011,2.8677405175094126,2.0289751825514375,51.302083333333336,5.196600436170646,13.839307311277508,31.312049319111793,4.517872640530025
stage_selected_production,Stage_Selected_Forecast_MWH,origin_14,2026-01-31 23:00:00-08:00,2026,Winter,1,384,120.6618153359375,120.31940382089567,0.3424115150418367,2.7148823480198137,2.1844102246274644,48.17708333333333,5.981034477257516,19.82179059210945,8.135373265499624,3.895719837231212
stage_selected_production,Stage_Selected_Forecast_MWH,origin_10,2025-10-12 00:00:00-07:00,2025,Fall,10,384,118.67937204947917,118.30935184846324,0.3700202010159295,2.277496466573728,1.897183584541579,59.895833333333336,5.132483792916116,11.570315210097476,10.43795908345578,3.129641734420327
focused_shape_shadow,Focused_Shape_Adjusted_Forecast_MWH,origin_21,2026-07-06 00:00:00-07:00,2026,Summer,7,380,185.74302035789472,186.28164777062565,-0.5386274127309205,5.504694504639384,2.985075398097065,45.526315789473685,11.949509647556189,24.9341693111179,21.82609188704015,7.230486114915092
focused_shape_shadow,Focused_Shape_Adjusted_Forecast_MWH,origin_22,2026-07-07 00:00:00-07:00,2026,Summer,7,380,187.94545492105263,187.14377559966707,0.8016793213855503,5.439941558246899,2.960871020123519,52.89473684210526,11.195567892676145,27.35133144591964,21.875358972971156,7.189391938270349
focused_shape_shadow,Focused_Shape_Adjusted_Forecast_MWH,origin_23,2026-07-20 00:00:00-07:00,2026,Summer,7,384,200.18689673437498,197.79428394406577,2.3926127903092502,4.973993455558813,2.4117559769474703,60.9375,11.354791241364403,21.00801043997251,14.597954369477605,6.6757026514593205
focused_shape_shadow,Focused_Shape_Adjusted_Forecast_MWH,origin_08,2025-08-17 00:00:00-07:00,2025,Summer,8,384,187.771909734375,191.24547496709863,-3.473565232723617,4.77499980463246,2.8136498787392132,22.916666666666664,10.337904155614634,10.231181481859863,19.144801115039797,6.1042386786430125
focused_shape_shadow,Focused_Shape_Adjusted_Forecast_MWH,origin_24,2026-07-21 00:00:00-07:00,2026,Summer,7,384,200.79070704427082,199.04237767140762,1.7483293728631957,4.494316859040334,2.154542392772014,58.072916666666664,10.273154003498918,17.79644119736315,15.256094984296908,5.953273043512443
focused_shape_shadow,Focused_Shape_Adjusted_Forecast_MWH,origin_05,2025-05-25 00:00:00-07:00,2025,Spring,5,384,153.69139593489584,152.48751982411986,1.203876110775993,4.43644708058844,2.780929949518002,54.947916666666664,9.550788829425635,26.616399585996504,16.678872365763283,6.238314930805466
focused_shape_shadow,Focused_Shape_Adjusted_Forecast_MWH,origin_02,2024-11-09 23:00:00-08:00,2024,Fall,11,384,116.68925462760417,112.9261063677789,3.7631482598252766,4.226241335062977,3.5406845616210205,85.9375,8.14927653530975,16.920567094436763,9.880332289988928,5.173300732342665
focused_shape_shadow,Focused_Shape_Adjusted_Forecast_MWH,origin_07,2025-07-20 00:00:00-07:00,2025,Summer,7,384,157.82088622916666,155.30311778098812,2.517768448178556,4.156534445624595,2.659104169260901,71.09375,9.332453575010636,17.91006081544046,14.52277262930491,5.441933919035559
focused_shape_shadow,Focused_Shape_Adjusted_Forecast_MWH,origin_20,2026-05-29 00:00:00-07:00,2026,Spring,5,384,163.7729361171875,165.96508236274653,-2.1921462455590315,4.0188144338621665,2.4663800567257526,31.25,8.835103862664642,17.0884039580489,19.77599582493366,5.392026491423349
focused_shape_shadow,Focused_Shape_Adjusted_Forecast_MWH,origin_17,2026-04-26 00:00:00-07:00,2026,Spring,4,384,127.136992640625,125.28574502220151,1.8512476184234943,4.003531519050202,3.1537602769606026,70.83333333333334,8.347430543647945,14.168823536029635,10.549695735326566,5.050331058852605
focused_shape_shadow,Focused_Shape_Adjusted_Forecast_MWH,origin_06,2025-06-22 00:00:00-07:00,2025,Summer,6,384,168.52844033593752,167.6912130485536,0.8372272873838975,3.9469169674285283,2.3009150205570856,56.510416666666664,8.422910223045399,17.306136303096224,17.811204941749907,5.161311022862542
focused_shape_shadow,Focused_Shape_Adjusted_Forecast_MWH,origin_18,2026-05-24 00:00:00-07:00,2026,Spring,5,384,142.90284213541665,145.29244112604343,-2.3895989906267623,3.9086356705045056,2.7306256804552578,31.510416666666668,8.958564816282653,8.901333917027358,18.875649834219757,5.257416385361406
focused_shape_shadow,Focused_Shape_Adjusted_Forecast_MWH,origin_16,2026-03-29 00:00:00-07:00,2026,Spring,3,384,120.51718188281251,120.14469942437724,0.3724824584352568,3.8886319663577518,3.1613736297012327,53.90625,8.584030286182882,18.15790731830272,16.3405984820092,5.184245000699518
focused_shape_shadow,Focused_Shape_Adjusted_Forecast_MWH,origin_09,2025-09-14 00:00:00-07:00,2025,Summer,9,384,162.83103684895835,164.15196409337102,-1.3209272444126914,3.691298339796526,2.309236205801056,38.54166666666667,7.188713963655094,13.517895781192095,31.852428226965912,5.411016926815755
focused_shape_shadow,Focused_Shape_Adjusted_Forecast_MWH,origin_19,2026-05-28 00:00:00-07:00,2026,Spring,5,384,158.50971714583332,159.8616608377598,-1.3519436919264851,3.5880949050502564,2.2714264386438816,41.92708333333333,8.765796236129004,10.773506068682451,16.847349551010296,4.880790330201099
focused_shape_shadow,Focused_Shape_Adjusted_Forecast_MWH,origin_04,2025-04-27 00:00:00-07:00,2025,Spring,4,384,121.913576171875,123.60235691922668,-1.6887807473516798,3.2241304709617666,2.589258000906955,29.6875,7.30084610233572,19.512411472691937,14.939794634060036,4.551893743898909
focused_shape_shadow,Focused_Shape_Adjusted_Forecast_MWH,origin_13,2026-01-03 23:00:00-08:00,2026,Winter,1,384,128.126853875,127.77879984041617,0.34805403458383255,3.1874004987339943,2.4616900103827404,51.822916666666664,7.510737826668562,17.615690357685494,15.188444674711064,4.542804844998653
focused_shape_shadow,Focused_Shape_Adjusted_Forecast_MWH,origin_03,2025-03-30 00:00:00-07:00,2025,Spring,3,384,111.3258731328125,110.8664558496097,0.45941728320280034,3.1512573125371515,2.730003669484178,57.8125,6.924095236828418,14.370268246523779,10.337637329101796,4.133902456263399
focused_shape_shadow,Focused_Shape_Adjusted_Forecast_MWH,origin_15,2026-02-28 23:00:00-08:00,2026,Winter,2,384,115.88717167708334,114.3873028851055,1.49986879197784,3.138699535011519,2.6781109954761795,66.40625,6.625556706591068,9.189615738099121,8.297698130857853,3.8569305650707104
focused_shape_shadow,Focused_Shape_Adjusted_Forecast_MWH,origin_11,2025-11-08 23:00:00-08:00,2025,Fall,11,384,122.29222068489582,121.97711142776556,0.315109257130279,2.909942793596912,2.3001922753276696,52.604166666666664,7.0712662941374385,22.876495151309115,11.674811350869192,4.3384548858213545
focused_shape_shadow,Focused_Shape_Adjusted_Forecast_MWH,origin_01,2024-10-13 00:00:00-07:00,2024,Fall,10,384,116.30257716666667,114.48648524118276,1.816091925483905,2.9018770574289747,2.341882171927159,71.09375,7.122474511218215,16.655776454401575,8.297108408286874,4.244831012633474
focused_shape_shadow,Focused_Shape_Adjusted_Forecast_MWH,origin_12,2025-12-06 23:00:00-08:00,2025,Winter,12,384,139.45845884114584,139.28606930305895,0.17238953808689153,2.895006466480705,2.0465606116529917,54.6875,5.257291671132118,12.887891139694062,30.83901502518009,4.470506296077171
focused_shape_shadow,Focused_Shape_Adjusted_Forecast_MWH,origin_14,2026-01-31 23:00:00-08:00,2026,Winter,1,384,120.6618153359375,120.22319370963748,0.4386216263000204,2.7190846328463767,2.181257377892692,50.260416666666664,6.264005807691291,19.558568948032587,8.16328267514632,3.934713345230008
focused_shape_shadow,Focused_Shape_Adjusted_Forecast_MWH,origin_10,2025-10-12 00:00:00-07:00,2025,Fall,10,384,118.67937204947917,118.28221349951836,0.39715854996080874,2.243884453535251,1.8718036548685735,60.9375,5.181795386951016,11.359777671103686,10.37697546125024,3.0932712709831036
final_corrected_production,Final_Backtest_Forecast_MWH,origin_21,2026-07-06 00:00:00-07:00,2026,Summer,7,380,185.74302035789472,186.7888968776508,-1.045876519756099,5.266528029884315,2.8948510658177367,43.15789473684211,10.978120066582326,24.722011281830532,21.627571986009713,6.793768500003367
final_corrected_production,Final_Backtest_Forecast_MWH,origin_22,2026-07-07 00:00:00-07:00,2026,Summer,7,380,187.94545492105263,187.51702200084344,0.4284329202091901,5.238530371457163,2.8742250915057794,50.0,10.56211611343246,27.619156984331994,21.93971448762275,6.859316440945703
final_corrected_production,Final_Backtest_Forecast_MWH,origin_23,2026-07-20 00:00:00-07:00,2026,Summer,7,384,200.18689673437498,198.3814279251362,1.8054688092388034,4.777588890053251,2.336962264421197,57.8125,10.515420724098842,21.21316007171737,14.49459322265318,6.427494082456172
final_corrected_production,Final_Backtest_Forecast_MWH,origin_08,2025-08-17 00:00:00-07:00,2025,Summer,8,384,187.771909734375,191.23414402676755,-3.462234292392561,4.741054477291873,2.7907028086568904,22.135416666666664,10.271157809825114,10.282594556739639,18.98758927397887,6.0948674642689245
final_corrected_production,Final_Backtest_Forecast_MWH,origin_05,2025-05-25 00:00:00-07:00,2025,Spring,5,384,153.69139593489584,152.30263323841635,1.3887626964794746,4.420777875177953,2.758482778511979,55.989583333333336,9.595899892665082,27.18600025578172,16.678872365763283,6.277201996395828
final_corrected_production,Final_Backtest_Forecast_MWH,origin_24,2026-07-21 00:00:00-07:00,2026,Summer,7,384,200.79070704427082,199.61516080372465,1.1755462405461934,4.299489501699297,2.094397887992707,53.90625,9.550853350120843,17.79644119736315,15.666333093988726,5.654414929830718
final_corrected_production,Final_Backtest_Forecast_MWH,origin_02,2024-11-09 23:00:00-08:00,2024,Fall,11,384,116.68925462760417,112.96868309194014,3.7205715356640234,4.22653582282363,3.5495506764385003,86.71875,8.14224479771088,17.576786559937176,10.700399540257706,5.165527903246399
final_corrected_production,Final_Backtest_Forecast_MWH,origin_07,2025-07-20 00:00:00-07:00,2025,Summer,7,384,157.82088622916666,155.34693773204472,2.4739484971219436,4.124201762243905,2.6437629594911405,72.65625,8.858153862803633,18.158914845587248,14.52277262930491,5.366889127415334
final_corrected_production,Final_Backtest_Forecast_MWH,origin_20,2026-05-29 00:00:00-07:00,2026,Spring,5,384,163.7729361171875,166.06710477848188,-2.2941686612943606,4.08288164501278,2.489801396548094,31.770833333333332,8.99640274632705,17.337631435237142,20.583416883618042,5.454453016812437
final_corrected_production,Final_Backtest_Forecast_MWH,origin_06,2025-06-22 00:00:00-07:00,2025,Summer,6,384,168.52844033593752,167.84670760555028,0.6817327303872203,3.985102640988849,2.3010155423870944,56.770833333333336,9.026188851322672,16.698964061251928,17.95699447094546,5.20617263166893
final_corrected_production,Final_Backtest_Forecast_MWH,origin_17,2026-04-26 00:00:00-07:00,2026,Spring,4,384,127.136992640625,125.35889749660127,1.7780951440237331,3.9528506381251005,3.113750343171541,69.53125,8.400712285006291,13.914371827784365,10.769799746741413,4.993121137234146
final_corrected_production,Final_Backtest_Forecast_MWH,origin_16,2026-03-29 00:00:00-07:00,2026,Spring,3,384,120.51718188281251,120.26719416848617,0.24998771432633984,3.91908278661638,3.1798216216959188,52.083333333333336,8.621727747857735,17.850713511043708,16.673046255477573,5.228626206354897
final_corrected_production,Final_Backtest_Forecast_MWH,origin_18,2026-05-24 00:00:00-07:00,2026,Spring,5,384,142.90284213541665,145.3201438345913,-2.4173016991746397,3.8993540930199075,2.710267369029271,30.208333333333332,9.08812948527901,9.304669221199617,18.615964575023895,5.201730630831502
final_corrected_production,Final_Backtest_Forecast_MWH,origin_09,2025-09-14 00:00:00-07:00,2025,Summer,9,384,162.83103684895835,164.12349755257358,-1.2924607036152604,3.7430642412940407,2.3371713783170045,39.58333333333333,7.646964712599547,13.517895781192095,32.77541820133354,5.501406596050222
final_corrected_production,Final_Backtest_Forecast_MWH,origin_19,2026-05-28 00:00:00-07:00,2026,Spring,5,384,158.50971714583332,160.00836775215276,-1.4986506063194274,3.594845571852327,2.255493062032568,39.58333333333333,8.295651775224199,10.65180978625321,17.28297413079801,4.888932154954519
final_corrected_production,Final_Backtest_Forecast_MWH,origin_04,2025-04-27 00:00:00-07:00,2025,Spring,4,384,121.913576171875,123.51791484219325,-1.6043386703182494,3.174728106806492,2.554130374334949,29.6875,7.352493264669935,19.67378119048007,15.237505012526157,4.5017543726699305
final_corrected_production,Final_Backtest_Forecast_MWH,origin_15,2026-02-28 23:00:00-08:00,2026,Winter,2,384,115.88717167708334,114.25924758018249,1.6279240969008442,3.1741188633091557,2.712031450695853,67.1875,6.5352464883310395,8.925673438787811,7.9471247203088495,3.896413809479589
final_corrected_production,Final_Backtest_Forecast_MWH,origin_13,2026-01-03 23:00:00-08:00,2026,Winter,1,384,128.126853875,128.0267354095034,0.10011846549660797,3.1550924835591583,2.439233632217055,48.95833333333333,7.561231212854372,17.965594513993977,15.096337463624394,4.513174166425405
final_corrected_production,Final_Backtest_Forecast_MWH,origin_03,2025-03-30 00:00:00-07:00,2025,Spring,3,384,111.3258731328125,111.02646395391473,0.29940917889778024,3.1174387329684947,2.695032654285908,56.770833333333336,6.954793419959172,14.54074675020992,10.940377681498745,4.138529769783526
final_corrected_production,Final_Backtest_Forecast_MWH,origin_11,2025-11-08 23:00:00-08:00,2025,Fall,11,384,122.29222068489582,122.11240416984383,0.17981651505201257,2.9469277287167626,2.331294013449282,52.34375,7.290254890259719,22.988378327530427,11.757025810952982,4.39428441280953
final_corrected_production,Final_Backtest_Forecast_MWH,origin_01,2024-10-13 00:00:00-07:00,2024,Fall,10,384,116.30257716666667,114.63221514761887,1.6703620190478095,2.9094409388499822,2.3585968072397954,70.83333333333334,7.081755697580642,16.568682474039633,8.189339247180413,4.213414374880774
final_corrected_production,Final_Backtest_Forecast_MWH,origin_12,2025-12-06 23:00:00-08:00,2025,Winter,12,384,139.45845884114584,139.50202642063164,-0.04356757948580011,2.8677405175094126,2.0289751825514375,51.302083333333336,5.196600436170646,13.839307311277508,31.312049319111793,4.517872640530025
final_corrected_production,Final_Backtest_Forecast_MWH,origin_14,2026-01-31 23:00:00-08:00,2026,Winter,1,384,120.6618153359375,120.31940382089567,0.3424115150418367,2.7148823480198137,2.1844102246274644,48.17708333333333,5.981034477257516,19.82179059210945,8.135373265499624,3.895719837231212
final_corrected_production,Final_Backtest_Forecast_MWH,origin_10,2025-10-12 00:00:00-07:00,2025,Fall,10,384,118.67937204947917,118.30935184846324,0.3700202010159295,2.277496466573728,1.897183584541579,59.895833333333336,5.132483792916116,11.570315210097476,10.43795908345578,3.129641734420327
auto_residual_shadow,Auto_Residual_Adjusted_Forecast_MWH,origin_21,2026-07-06 00:00:00-07:00,2026,Summer,7,380,185.74302035789472,186.35205477238767,-0.6090344144929412,5.547484940777343,3.009764265371018,45.26315789473684,11.929809608576317,24.722011281830532,21.627571986009713,7.246373146789341
auto_residual_shadow,Auto_Residual_Adjusted_Forecast_MWH,origin_22,2026-07-07 00:00:00-07:00,2026,Summer,7,380,187.94545492105263,187.19596936926447,0.7494855517881375,5.451111634690113,2.963644771676169,51.31578947368421,11.350271271524807,27.619156984331994,21.93971448762275,7.205951771150101
auto_residual_shadow,Auto_Residual_Adjusted_Forecast_MWH,origin_23,2026-07-20 00:00:00-07:00,2026,Summer,7,384,200.18689673437498,197.9335112584695,2.25338547590547,4.99187423440402,2.4198465922003365,60.416666666666664,11.327713995667624,21.21316007171737,14.49459322265318,6.6999802133712105
auto_residual_shadow,Auto_Residual_Adjusted_Forecast_MWH,origin_08,2025-08-17 00:00:00-07:00,2025,Summer,8,384,187.771909734375,191.21729361368162,-3.4453838793066143,4.737071557044486,2.7894991933397173,22.135416666666664,10.271157809825114,10.282594556739639,18.98758927397887,6.0935182255135905
auto_residual_shadow,Auto_Residual_Adjusted_Forecast_MWH,origin_24,2026-07-21 00:00:00-07:00,2026,Summer,7,384,200.79070704427082,199.16203580372465,1.6286712405461934,4.516995100505501,2.176843661698956,56.25,10.18103108754596,17.79644119736315,15.666333093988726,5.954509029857928
auto_residual_shadow,Auto_Residual_Adjusted_Forecast_MWH,origin_05,2025-05-25 00:00:00-07:00,2025,Spring,5,384,153.69139593489584,152.30263323841635,1.3887626964794746,4.420777875177953,2.758482778511979,55.989583333333336,9.595899892665082,27.18600025578172,16.678872365763283,6.277201996395828
auto_residual_shadow,Auto_Residual_Adjusted_Forecast_MWH,origin_02,2024-11-09 23:00:00-08:00,2024,Fall,11,384,116.68925462760417,112.96868309194014,3.7205715356640234,4.22653582282363,3.5495506764385003,86.71875,8.14224479771088,17.576786559937176,10.700399540257706,5.165527903246399
auto_residual_shadow,Auto_Residual_Adjusted_Forecast_MWH,origin_07,2025-07-20 00:00:00-07:00,2025,Summer,7,384,157.82088622916666,155.3261043987114,2.494781830455277,4.1419548496849705,2.6530876338678016,72.91666666666666,8.858153862803633,18.158914845587248,14.52277262930491,5.380104423289334
auto_residual_shadow,Auto_Residual_Adjusted_Forecast_MWH,origin_20,2026-05-29 00:00:00-07:00,2026,Spring,5,384,163.7729361171875,166.06710477848188,-2.2941686612943606,4.08288164501278,2.489801396548094,31.770833333333332,8.99640274632705,17.337631435237142,20.583416883618042,5.454453016812437
auto_residual_shadow,Auto_Residual_Adjusted_Forecast_MWH,origin_06,2025-06-22 00:00:00-07:00,2025,Summer,6,384,168.52844033593752,167.72170760555028,0.8067327303872203,3.985102640988849,2.30721244386689,56.770833333333336,8.843596845005319,17.306136303096224,17.95699447094546,5.2376445692461076
auto_residual_shadow,Auto_Residual_Adjusted_Forecast_MWH,origin_17,2026-04-26 00:00:00-07:00,2026,Spring,4,384,127.136992640625,125.35889749660127,1.7780951440237331,3.9528506381251005,3.113750343171541,69.53125,8.400712285006291,13.914371827784365,10.769799746741413,4.993121137234146
auto_residual_shadow,Auto_Residual_Adjusted_Forecast_MWH,origin_16,2026-03-29 00:00:00-07:00,2026,Spring,3,384,120.51718188281251,120.26719416848617,0.24998771432633984,3.91908278661638,3.1798216216959188,52.083333333333336,8.621727747857735,17.850713511043708,16.673046255477573,5.228626206354897
auto_residual_shadow,Auto_Residual_Adjusted_Forecast_MWH,origin_18,2026-05-24 00:00:00-07:00,2026,Spring,5,384,142.90284213541665,145.3201438345913,-2.4173016991746397,3.8993540930199075,2.710267369029271,30.208333333333332,9.08812948527901,9.304669221199617,18.615964575023895,5.201730630831502
auto_residual_shadow,Auto_Residual_Adjusted_Forecast_MWH,origin_09,2025-09-14 00:00:00-07:00,2025,Summer,9,384,162.83103684895835,164.12349755257358,-1.2924607036152604,3.7430642412940407,2.3371713783170045,39.58333333333333,7.646964712599547,13.517895781192095,32.77541820133354,5.501406596050222
auto_residual_shadow,Auto_Residual_Adjusted_Forecast_MWH,origin_19,2026-05-28 00:00:00-07:00,2026,Spring,5,384,158.50971714583332,160.00836775215276,-1.4986506063194274,3.594845571852327,2.255493062032568,39.58333333333333,8.295651775224199,10.65180978625321,17.28297413079801,4.888932154954519
auto_residual_shadow,Auto_Residual_Adjusted_Forecast_MWH,origin_04,2025-04-27 00:00:00-07:00,2025,Spring,4,384,121.913576171875,123.51791484219325,-1.6043386703182494,3.174728106806492,2.554130374334949,29.6875,7.352493264669935,19.67378119048007,15.237505012526157,4.5017543726699305
auto_residual_shadow,Auto_Residual_Adjusted_Forecast_MWH,origin_15,2026-02-28 23:00:00-08:00,2026,Winter,2,384,115.88717167708334,114.25924758018249,1.6279240969008442,3.1741188633091557,2.712031450695853,67.1875,6.5352464883310395,8.925673438787811,7.9471247203088495,3.896413809479589
auto_residual_shadow,Auto_Residual_Adjusted_Forecast_MWH,origin_13,2026-01-03 23:00:00-08:00,2026,Winter,1,384,128.126853875,128.0267354095034,0.10011846549660797,3.1550924835591583,2.439233632217055,48.95833333333333,7.561231212854372,17.965594513993977,15.096337463624394,4.513174166425405
auto_residual_shadow,Auto_Residual_Adjusted_Forecast_MWH,origin_03,2025-03-30 00:00:00-07:00,2025,Spring,3,384,111.3258731328125,111.02646395391473,0.29940917889778024,3.1174387329684947,2.695032654285908,56.770833333333336,6.954793419959172,14.54074675020992,10.940377681498745,4.138529769783526
auto_residual_shadow,Auto_Residual_Adjusted_Forecast_MWH,origin_11,2025-11-08 23:00:00-08:00,2025,Fall,11,384,122.29222068489582,122.11240416984383,0.17981651505201257,2.9469277287167626,2.331294013449282,52.34375,7.290254890259719,22.988378327530427,11.757025810952982,4.39428441280953
auto_residual_shadow,Auto_Residual_Adjusted_Forecast_MWH,origin_01,2024-10-13 00:00:00-07:00,2024,Fall,10,384,116.30257716666667,114.63221514761887,1.6703620190478095,2.9094409388499822,2.3585968072397954,70.83333333333334,7.081755697580642,16.568682474039633,8.189339247180413,4.213414374880774
auto_residual_shadow,Auto_Residual_Adjusted_Forecast_MWH,origin_12,2025-12-06 23:00:00-08:00,2025,Winter,12,384,139.45845884114584,139.50202642063164,-0.04356757948580011,2.8677405175094126,2.0289751825514375,51.302083333333336,5.196600436170646,13.839307311277508,31.312049319111793,4.517872640530025
auto_residual_shadow,Auto_Residual_Adjusted_Forecast_MWH,origin_14,2026-01-31 23:00:00-08:00,2026,Winter,1,384,120.6618153359375,120.31940382089567,0.3424115150418367,2.7148823480198137,2.1844102246274644,48.17708333333333,5.981034477257516,19.82179059210945,8.135373265499624,3.895719837231212
auto_residual_shadow,Auto_Residual_Adjusted_Forecast_MWH,origin_10,2025-10-12 00:00:00-07:00,2025,Fall,10,384,118.67937204947917,118.30935184846324,0.3700202010159295,2.277496466573728,1.897183584541579,59.895833333333336,5.132483792916116,11.570315210097476,10.43795908345578,3.129641734420327
daily_peak_shadow,Daily_Peak_Shadow_Adjusted_Forecast_MWH,origin_21,2026-07-06 00:00:00-07:00,2026,Summer,7,380,185.74302035789472,186.34019843628485,-0.5971780783901116,5.559309376519906,3.014435615425194,45.26315789473684,11.929809608576317,24.722011281830532,21.627571986009713,7.2683117046917705
daily_peak_shadow,Daily_Peak_Shadow_Adjusted_Forecast_MWH,origin_22,2026-07-07 00:00:00-07:00,2026,Summer,7,380,187.94545492105263,187.1766677805607,0.76878714049194,5.467849417176591,2.969938469769314,51.578947368421055,11.350271271524807,27.619156984331994,21.93971448762275,7.226957552501378
daily_peak_shadow,Daily_Peak_Shadow_Adjusted_Forecast_MWH,origin_23,2026-07-20 00:00:00-07:00,2026,Summer,7,384,200.18689673437498,197.9379838567257,2.2489128776493055,4.9874016361478555,2.418257953697346,60.416666666666664,11.327713995667624,21.21316007171737,14.49459322265318,6.69412460545975
daily_peak_shadow,Daily_Peak_Shadow_Adjusted_Forecast_MWH,origin_08,2025-08-17 00:00:00-07:00,2025,Summer,8,384,187.771909734375,191.22118192940937,-3.4492721950343666,4.737995992059631,2.789783545420533,22.135416666666664,10.271157809825114,10.282594556739639,18.98758927397887,6.092839707217045
daily_peak_shadow,Daily_Peak_Shadow_Adjusted_Forecast_MWH,origin_24,2026-07-21 00:00:00-07:00,2026,Summer,7,384,200.79070704427082,199.16203580372465,1.6286712405461934,4.516995100505501,2.176843661698956,56.25,10.18103108754596,17.79644119736315,15.666333093988726,5.954509029857928
daily_peak_shadow,Daily_Peak_Shadow_Adjusted_Forecast_MWH,origin_05,2025-05-25 00:00:00-07:00,2025,Spring,5,384,153.69139593489584,152.30253197978587,1.388863955109972,4.415954772440838,2.755478291932665,56.25,9.595899892665082,27.18600025578172,16.678872365763283,6.277271696118636
daily_peak_shadow,Daily_Peak_Shadow_Adjusted_Forecast_MWH,origin_02,2024-11-09 23:00:00-08:00,2024,Fall,11,384,116.68925462760417,112.97117749695514,3.7180771306490303,4.224041490297993,3.5478091194509584,86.71875,8.14224479771088,17.576786559937176,10.700399543771368,5.162979397692798
daily_peak_shadow,Daily_Peak_Shadow_Adjusted_Forecast_MWH,origin_07,2025-07-20 00:00:00-07:00,2025,Summer,7,384,157.82088622916666,155.3359560600818,2.484930169084862,4.133475986360101,2.6489815384286586,72.91666666666666,8.858153862803633,18.158914845587248,14.52277262930491,5.374768791695866
daily_peak_shadow,Daily_Peak_Shadow_Adjusted_Forecast_MWH,origin_20,2026-05-29 00:00:00-07:00,2026,Spring,5,384,163.7729361171875,166.08665906418557,-2.313722946998075,4.091289147504759,2.493636734306058,31.510416666666668,8.99640274632705,17.337631435237142,20.583416883618042,5.461360614238421
daily_peak_shadow,Daily_Peak_Shadow_Adjusted_Forecast_MWH,origin_06,2025-06-22 00:00:00-07:00,2025,Summer,6,384,168.52844033593752,167.7312694595383,0.7971708763991945,3.980069312603001,2.3050845757077547,56.770833333333336,8.843596845005319,16.81883538229414,17.95699447094546,5.2180071668567685
daily_peak_shadow,Daily_Peak_Shadow_Adjusted_Forecast_MWH,origin_17,2026-04-26 00:00:00-07:00,2026,Spring,4,384,127.136992640625,125.36371216634488,1.7732804742801285,3.9558465144285075,3.1154705600663557,69.53125,8.400712285006291,13.914371827784365,10.769799746741413,4.9939223960880765
daily_peak_shadow,Daily_Peak_Shadow_Adjusted_Forecast_MWH,origin_16,2026-03-29 00:00:00-07:00,2026,Spring,3,384,120.51718188281251,120.27908184657205,0.23810003624044318,3.9309165909697525,3.187588987764835,52.083333333333336,8.621727747857735,17.850713511043708,17.314161796741416,5.253476872024083
daily_peak_shadow,Daily_Peak_Shadow_Adjusted_Forecast_MWH,origin_18,2026-05-24 00:00:00-07:00,2026,Spring,5,384,142.90284213541665,145.33503741846621,-2.4321952830495537,3.899801920416664,2.710650914095536,29.947916666666668,9.08812948527901,9.30466921291503,18.615964575023895,5.196311014057212
daily_peak_shadow,Daily_Peak_Shadow_Adjusted_Forecast_MWH,origin_09,2025-09-14 00:00:00-07:00,2025,Summer,9,384,162.83103684895835,164.1533122223547,-1.322275373396373,3.7617124178366184,2.344980459679681,39.0625,7.787309034633508,13.517895781191811,32.77541820133354,5.5351082479046925
daily_peak_shadow,Daily_Peak_Shadow_Adjusted_Forecast_MWH,origin_19,2026-05-28 00:00:00-07:00,2026,Spring,5,384,158.50971714583332,160.03519714548278,-1.5254799996494672,3.6012153523040222,2.258949419379983,39.58333333333333,8.295651775224199,10.65180978625321,17.28297413079801,4.893432261546154
daily_peak_shadow,Daily_Peak_Shadow_Adjusted_Forecast_MWH,origin_15,2026-02-28 23:00:00-08:00,2026,Winter,2,384,115.88717167708334,114.25924758018249,1.6279240969008442,3.1741188633091557,2.712031450695853,67.1875,6.5352464883310395,8.925673438787811,7.9471247203088495,3.896413809479589
daily_peak_shadow,Daily_Peak_Shadow_Adjusted_Forecast_MWH,origin_04,2025-04-27 00:00:00-07:00,2025,Spring,4,384,121.913576171875,123.52139259284267,-1.6078164209676729,3.1712503561570684,2.5519122269685086,29.6875,7.352493264669935,19.67378119048007,15.237505012526157,4.497529190296378
daily_peak_shadow,Daily_Peak_Shadow_Adjusted_Forecast_MWH,origin_13,2026-01-03 23:00:00-08:00,2026,Winter,1,384,128.126853875,128.03025478060553,0.09659909439446986,3.157251492238053,2.4406938366437596,48.95833333333333,7.561231212854372,17.965594513993977,15.096337463624394,4.515054932675615
daily_peak_shadow,Daily_Peak_Shadow_Adjusted_Forecast_MWH,origin_03,2025-03-30 00:00:00-07:00,2025,Spring,3,384,111.3258731328125,111.03574325262058,0.29012988019191854,3.11910222596484,2.6963089129347124,56.510416666666664,6.954793419959172,14.54074675020992,10.940377681498745,4.138099933454414
daily_peak_shadow,Daily_Peak_Shadow_Adjusted_Forecast_MWH,origin_11,2025-11-08 23:00:00-08:00,2025,Fall,11,384,122.29222068489582,122.12221638251714,0.1700043023786991,2.945485320047361,2.330291147628284,52.34375,7.290254890259719,22.988378327530427,11.757025810952982,4.398069725197114
daily_peak_shadow,Daily_Peak_Shadow_Adjusted_Forecast_MWH,origin_01,2024-10-13 00:00:00-07:00,2024,Fall,10,384,116.30257716666667,114.62325599471257,1.6793211719541048,2.9168561190467055,2.363430459040197,70.83333333333334,7.081755692744021,16.568682474039633,8.189339241793277,4.210366136525434
daily_peak_shadow,Daily_Peak_Shadow_Adjusted_Forecast_MWH,origin_12,2025-12-06 23:00:00-08:00,2025,Winter,12,384,139.45845884114584,139.5101552580324,-0.05169641688655824,2.862753666726484,2.0261367143469804,51.302083333333336,5.196600436170646,13.839307311277508,31.312049319111793,4.515102072334544
daily_peak_shadow,Daily_Peak_Shadow_Adjusted_Forecast_MWH,origin_14,2026-01-31 23:00:00-08:00,2026,Winter,1,384,120.6618153359375,120.32414818785458,0.3376671480829188,2.719626714978732,2.187543591020792,48.17708333333333,5.981034477257516,19.82179059210945,8.135373265499624,3.898088915300639
daily_peak_shadow,Daily_Peak_Shadow_Adjusted_Forecast_MWH,origin_10,2025-10-12 00:00:00-07:00,2025,Fall,10,384,118.67937204947917,118.31419467515421,0.3651773743249656,2.28046736810067,1.8992684217701556,59.895833333333336,5.21639326876406,11.570315210097476,10.43795908345578,3.133159590570869
heat_analog_shadow,Heat_Analog_Shadow_Forecast_MWH,origin_21,2026-07-06 00:00:00-07:00,2026,Summer,7,380,185.74302035789472,186.7888968776508,-1.045876519756099,5.266528029884315,2.8948510658177367,43.15789473684211,10.978120066582326,24.722011281830532,21.627571986009713,6.793768500003367
heat_analog_shadow,Heat_Analog_Shadow_Forecast_MWH,origin_22,2026-07-07 00:00:00-07:00,2026,Summer,7,380,187.94545492105263,187.51702200084344,0.4284329202091901,5.238530371457163,2.8742250915057794,50.0,10.56211611343246,27.619156984331994,21.93971448762275,6.859316440945703
heat_analog_shadow,Heat_Analog_Shadow_Forecast_MWH,origin_23,2026-07-20 00:00:00-07:00,2026,Summer,7,384,200.18689673437498,198.3814279251362,1.8054688092388034,4.777588890053251,2.336962264421197,57.8125,10.515420724098842,21.21316007171737,14.49459322265318,6.427494082456172
heat_analog_shadow,Heat_Analog_Shadow_Forecast_MWH,origin_08,2025-08-17 00:00:00-07:00,2025,Summer,8,384,187.771909734375,191.23414402676755,-3.462234292392561,4.741054477291873,2.7907028086568904,22.135416666666664,10.271157809825114,10.282594556739639,18.98758927397887,6.0948674642689245
heat_analog_shadow,Heat_Analog_Shadow_Forecast_MWH,origin_05,2025-05-25 00:00:00-07:00,2025,Spring,5,384,153.69139593489584,152.30263323841635,1.3887626964794746,4.420777875177953,2.758482778511979,55.989583333333336,9.595899892665082,27.18600025578172,16.678872365763283,6.277201996395828
heat_analog_shadow,Heat_Analog_Shadow_Forecast_MWH,origin_24,2026-07-21 00:00:00-07:00,2026,Summer,7,384,200.79070704427082,199.61516080372465,1.1755462405461934,4.299489501699297,2.094397887992707,53.90625,9.550853350120843,17.79644119736315,15.666333093988726,5.654414929830718
heat_analog_shadow,Heat_Analog_Shadow_Forecast_MWH,origin_02,2024-11-09 23:00:00-08:00,2024,Fall,11,384,116.68925462760417,112.96868309194014,3.7205715356640234,4.22653582282363,3.5495506764385003,86.71875,8.14224479771088,17.576786559937176,10.700399540257706,5.165527903246399
heat_analog_shadow,Heat_Analog_Shadow_Forecast_MWH,origin_07,2025-07-20 00:00:00-07:00,2025,Summer,7,384,157.82088622916666,155.34693773204472,2.4739484971219436,4.124201762243905,2.6437629594911405,72.65625,8.858153862803633,18.158914845587248,14.52277262930491,5.366889127415334
heat_analog_shadow,Heat_Analog_Shadow_Forecast_MWH,origin_20,2026-05-29 00:00:00-07:00,2026,Spring,5,384,163.7729361171875,166.06710477848188,-2.2941686612943606,4.08288164501278,2.489801396548094,31.770833333333332,8.99640274632705,17.337631435237142,20.583416883618042,5.454453016812437
heat_analog_shadow,Heat_Analog_Shadow_Forecast_MWH,origin_06,2025-06-22 00:00:00-07:00,2025,Summer,6,384,168.52844033593752,167.84670760555028,0.6817327303872203,3.985102640988849,2.3010155423870944,56.770833333333336,9.026188851322672,16.698964061251928,17.95699447094546,5.20617263166893
heat_analog_shadow,Heat_Analog_Shadow_Forecast_MWH,origin_17,2026-04-26 00:00:00-07:00,2026,Spring,4,384,127.136992640625,125.35889749660127,1.7780951440237331,3.9528506381251005,3.113750343171541,69.53125,8.400712285006291,13.914371827784365,10.769799746741413,4.993121137234146
heat_analog_shadow,Heat_Analog_Shadow_Forecast_MWH,origin_16,2026-03-29 00:00:00-07:00,2026,Spring,3,384,120.51718188281251,120.26719416848617,0.24998771432633984,3.91908278661638,3.1798216216959188,52.083333333333336,8.621727747857735,17.850713511043708,16.673046255477573,5.228626206354897
heat_analog_shadow,Heat_Analog_Shadow_Forecast_MWH,origin_18,2026-05-24 00:00:00-07:00,2026,Spring,5,384,142.90284213541665,145.3201438345913,-2.4173016991746397,3.8993540930199075,2.710267369029271,30.208333333333332,9.08812948527901,9.304669221199617,18.615964575023895,5.201730630831502
heat_analog_shadow,Heat_Analog_Shadow_Forecast_MWH,origin_09,2025-09-14 00:00:00-07:00,2025,Summer,9,384,162.83103684895835,164.12349755257358,-1.2924607036152604,3.7430642412940407,2.3371713783170045,39.58333333333333,7.646964712599547,13.517895781192095,32.77541820133354,5.501406596050222
heat_analog_shadow,Heat_Analog_Shadow_Forecast_MWH,origin_19,2026-05-28 00:00:00-07:00,2026,Spring,5,384,158.50971714583332,160.00836775215276,-1.4986506063194274,3.594845571852327,2.255493062032568,39.58333333333333,8.295651775224199,10.65180978625321,17.28297413079801,4.888932154954519
heat_analog_shadow,Heat_Analog_Shadow_Forecast_MWH,origin_04,2025-04-27 00:00:00-07:00,2025,Spring,4,384,121.913576171875,123.51791484219325,-1.6043386703182494,3.174728106806492,2.554130374334949,29.6875,7.352493264669935,19.67378119048007,15.237505012526157,4.5017543726699305
heat_analog_shadow,Heat_Analog_Shadow_Forecast_MWH,origin_15,2026-02-28 23:00:00-08:00,2026,Winter,2,384,115.88717167708334,114.25924758018249,1.6279240969008442,3.1741188633091557,2.712031450695853,67.1875,6.5352464883310395,8.925673438787811,7.9471247203088495,3.896413809479589
heat_analog_shadow,Heat_Analog_Shadow_Forecast_MWH,origin_13,2026-01-03 23:00:00-08:00,2026,Winter,1,384,128.126853875,128.0267354095034,0.10011846549660797,3.1550924835591583,2.439233632217055,48.95833333333333,7.561231212854372,17.965594513993977,15.096337463624394,4.513174166425405
heat_analog_shadow,Heat_Analog_Shadow_Forecast_MWH,origin_03,2025-03-30 00:00:00-07:00,2025,Spring,3,384,111.3258731328125,111.02646395391473,0.29940917889778024,3.1174387329684947,2.695032654285908,56.770833333333336,6.954793419959172,14.54074675020992,10.940377681498745,4.138529769783526
heat_analog_shadow,Heat_Analog_Shadow_Forecast_MWH,origin_11,2025-11-08 23:00:00-08:00,2025,Fall,11,384,122.29222068489582,122.11240416984383,0.17981651505201257,2.9469277287167626,2.331294013449282,52.34375,7.290254890259719,22.988378327530427,11.757025810952982,4.39428441280953
heat_analog_shadow,Heat_Analog_Shadow_Forecast_MWH,origin_01,2024-10-13 00:00:00-07:00,2024,Fall,10,384,116.30257716666667,114.63221514761887,1.6703620190478095,2.9094409388499822,2.3585968072397954,70.83333333333334,7.081755697580642,16.568682474039633,8.189339247180413,4.213414374880774
heat_analog_shadow,Heat_Analog_Shadow_Forecast_MWH,origin_12,2025-12-06 23:00:00-08:00,2025,Winter,12,384,139.45845884114584,139.50202642063164,-0.04356757948580011,2.8677405175094126,2.0289751825514375,51.302083333333336,5.196600436170646,13.839307311277508,31.312049319111793,4.517872640530025
heat_analog_shadow,Heat_Analog_Shadow_Forecast_MWH,origin_14,2026-01-31 23:00:00-08:00,2026,Winter,1,384,120.6618153359375,120.31940382089567,0.3424115150418367,2.7148823480198137,2.1844102246274644,48.17708333333333,5.981034477257516,19.82179059210945,8.135373265499624,3.895719837231212
heat_analog_shadow,Heat_Analog_Shadow_Forecast_MWH,origin_10,2025-10-12 00:00:00-07:00,2025,Fall,10,384,118.67937204947917,118.30935184846324,0.3700202010159295,2.277496466573728,1.897183584541579,59.895833333333336,5.132483792916116,11.570315210097476,10.43795908345578,3.129641734420327
auto_residual_full_shadow,Auto_Residual_Full_Shadow_Adjusted_Forecast_MWH,origin_21,2026-07-06 00:00:00-07:00,2026,Summer,7,380,185.74302035789472,186.35205477238767,-0.6090344144929412,5.547484940777343,3.009764265371018,45.26315789473684,11.929809608576317,24.722011281830532,21.627571986009713,7.246373146789341
auto_residual_full_shadow,Auto_Residual_Full_Shadow_Adjusted_Forecast_MWH,origin_22,2026-07-07 00:00:00-07:00,2026,Summer,7,380,187.94545492105263,187.19596936926447,0.7494855517881375,5.451111634690113,2.963644771676169,51.31578947368421,11.350271271524807,27.619156984331994,21.93971448762275,7.205951771150101
auto_residual_full_shadow,Auto_Residual_Full_Shadow_Adjusted_Forecast_MWH,origin_23,2026-07-20 00:00:00-07:00,2026,Summer,7,384,200.18689673437498,197.97030914130463,2.2165875930703645,4.984089135347313,2.417750324226223,60.416666666666664,11.327713995667624,21.21316007171737,14.49459322265318,6.696742312320745
auto_residual_full_shadow,Auto_Residual_Full_Shadow_Adjusted_Forecast_MWH,origin_08,2025-08-17 00:00:00-07:00,2025,Summer,8,384,187.771909734375,191.22056151812205,-3.448651783747067,4.732150870372119,2.78784169999285,21.875,10.271157809825114,10.282594556739639,18.98758927397887,6.095097399682545
auto_residual_full_shadow,Auto_Residual_Full_Shadow_Adjusted_Forecast_MWH,origin_24,2026-07-21 00:00:00-07:00,2026,Summer,7,384,200.79070704427082,199.17915389052146,1.6115531537493668,4.5079302280438425,2.1739613940205795,56.25,10.18103108754596,17.79644119736315,15.666333093988726,5.949973233260177
auto_residual_full_shadow,Auto_Residual_Full_Shadow_Adjusted_Forecast_MWH,origin_05,2025-05-25 00:00:00-07:00,2025,Spring,5,384,153.69139593489584,152.28491127445136,1.4064846604444752,4.418556073401089,2.7569992394773806,55.989583333333336,9.507614155627929,27.18600025578172,16.678872365763283,6.282114490905992
auto_residual_full_shadow,Auto_Residual_Full_Shadow_Adjusted_Forecast_MWH,origin_02,2024-11-09 23:00:00-08:00,2024,Fall,11,384,116.68925462760417,112.97098954086908,3.7182650867350837,4.226501751371476,3.5495818518710007,86.71875,8.14224479771088,17.576786559937176,10.700399540257706,5.164264472191985
auto_residual_full_shadow,Auto_Residual_Full_Shadow_Adjusted_Forecast_MWH,origin_07,2025-07-20 00:00:00-07:00,2025,Summer,7,384,157.82088622916666,155.3267388713921,2.4941473577745747,4.141320377004268,2.6525247435004227,72.91666666666666,8.858153862803633,18.158914845587248,14.52277262930491,5.378357903916948
auto_residual_full_shadow,Auto_Residual_Full_Shadow_Adjusted_Forecast_MWH,origin_20,2026-05-29 00:00:00-07:00,2026,Spring,5,384,163.7729361171875,166.04138710285517,-2.268450985667673,4.084190234648294,2.4894772407942365,32.03125,8.99640274632705,17.337631435237142,20.583416883618042,5.450013409641834
auto_residual_full_shadow,Auto_Residual_Full_Shadow_Adjusted_Forecast_MWH,origin_06,2025-06-22 00:00:00-07:00,2025,Summer,6,384,168.52844033593752,167.73471850066304,0.7937218352744767,4.004292748986573,2.313793927755087,56.770833333333336,8.843596845005319,17.306136303096224,17.95699447094546,5.277277699495065
auto_residual_full_shadow,Auto_Residual_Full_Shadow_Adjusted_Forecast_MWH,origin_17,2026-04-26 00:00:00-07:00,2026,Spring,4,384,127.136992640625,125.35889749660127,1.7780951440237331,3.9528506381251005,3.113750343171541,69.53125,8.400712285006291,13.914371827784365,10.769799746741413,4.993121137234146
auto_residual_full_shadow,Auto_Residual_Full_Shadow_Adjusted_Forecast_MWH,origin_16,2026-03-29 00:00:00-07:00,2026,Spring,3,384,120.51718188281251,120.26719416848617,0.24998771432633984,3.91908278661638,3.1798216216959188,52.083333333333336,8.621727747857735,17.850713511043708,16.673046255477573,5.228626206354897
auto_residual_full_shadow,Auto_Residual_Full_Shadow_Adjusted_Forecast_MWH,origin_18,2026-05-24 00:00:00-07:00,2026,Spring,5,384,142.90284213541665,145.28904685158736,-2.386204716170688,3.8847150032226616,2.700827478919311,30.208333333333332,9.08812948527901,9.477132060312698,18.615964575023895,5.177907099530277
auto_residual_full_shadow,Auto_Residual_Full_Shadow_Adjusted_Forecast_MWH,origin_09,2025-09-14 00:00:00-07:00,2025,Summer,9,384,162.83103684895835,164.13913743088125,-1.308100581922911,3.749087082119548,2.3401918561447927,39.32291666666667,7.655744594643715,13.517895781192095,32.77541820133354,5.515861600763461
auto_residual_full_shadow,Auto_Residual_Full_Shadow_Adjusted_Forecast_MWH,origin_19,2026-05-28 00:00:00-07:00,2026,Spring,5,384,158.50971714583332,159.99847415118566,-1.4887570053523351,3.5965594159970653,2.2565481911439593,40.10416666666667,8.295651775224199,10.65180978625321,17.28297413079801,4.889865611039479
auto_residual_full_shadow,Auto_Residual_Full_Shadow_Adjusted_Forecast_MWH,origin_04,2025-04-27 00:00:00-07:00,2025,Spring,4,384,121.913576171875,123.51791484219325,-1.6043386703182494,3.174728106806492,2.554130374334949,29.6875,7.352493264669935,19.67378119048007,15.237505012526157,4.5017543726699305
auto_residual_full_shadow,Auto_Residual_Full_Shadow_Adjusted_Forecast_MWH,origin_15,2026-02-28 23:00:00-08:00,2026,Winter,2,384,115.88717167708334,114.25924758018249,1.6279240969008442,3.1741188633091557,2.712031450695853,67.1875,6.5352464883310395,8.925673438787811,7.9471247203088495,3.896413809479589
auto_residual_full_shadow,Auto_Residual_Full_Shadow_Adjusted_Forecast_MWH,origin_13,2026-01-03 23:00:00-08:00,2026,Winter,1,384,128.126853875,128.0267449867222,0.10010888827778042,3.1550829063403305,2.4392266743027147,48.95833333333333,7.561231212854372,17.965594513993977,15.096337463624394,4.513169025945309
auto_residual_full_shadow,Auto_Residual_Full_Shadow_Adjusted_Forecast_MWH,origin_03,2025-03-30 00:00:00-07:00,2025,Spring,3,384,111.3258731328125,111.02805500574168,0.29781812707081873,3.115847681141533,2.6936770899202043,56.770833333333336,6.954793419959172,14.54074675020992,10.940377681498745,4.136573175301842
auto_residual_full_shadow,Auto_Residual_Full_Shadow_Adjusted_Forecast_MWH,origin_11,2025-11-08 23:00:00-08:00,2025,Fall,11,384,122.29222068489582,122.11240416984383,0.17981651505201257,2.9469277287167626,2.331294013449282,52.34375,7.290254890259719,22.988378327530427,11.757025810952982,4.39428441280953
auto_residual_full_shadow,Auto_Residual_Full_Shadow_Adjusted_Forecast_MWH,origin_01,2024-10-13 00:00:00-07:00,2024,Fall,10,384,116.30257716666667,114.63221514761887,1.6703620190478095,2.9094409388499822,2.3585968072397954,70.83333333333334,7.081755697580642,16.568682474039633,8.189339247180413,4.213414374880774
auto_residual_full_shadow,Auto_Residual_Full_Shadow_Adjusted_Forecast_MWH,origin_12,2025-12-06 23:00:00-08:00,2025,Winter,12,384,139.45845884114584,139.5079785710827,-0.04951972993687189,2.8738171151965397,2.0328351078616604,51.302083333333336,5.196600436170646,13.839307311277508,31.312049319111793,4.52166813172456
auto_residual_full_shadow,Auto_Residual_Full_Shadow_Adjusted_Forecast_MWH,origin_14,2026-01-31 23:00:00-08:00,2026,Winter,1,384,120.6618153359375,120.31968654965152,0.3421287862859743,2.714599619263952,2.184224460032494,48.17708333333333,5.981034477257516,19.82179059210945,8.135373265499624,3.8950858236282557
auto_residual_full_shadow,Auto_Residual_Full_Shadow_Adjusted_Forecast_MWH,origin_10,2025-10-12 00:00:00-07:00,2025,Fall,10,384,118.67937204947917,118.3096942365497,0.3696778129294603,2.277838854660197,1.8974008606668598,59.895833333333336,5.132483792916116,11.570315210097476,10.43795908345578,3.129720190416584
auto_residual_structural_hot_peak_shadow,Auto_Residual_Structural_HotPeak_Adjusted_Forecast_MWH,origin_21,2026-07-06 00:00:00-07:00,2026,Summer,7,380,185.74302035789472,186.28164777062565,-0.5386274127309205,5.504694504639384,2.985075398097065,45.526315789473685,11.949509647556189,24.9341693111179,21.82609188704015,7.230486114915092
auto_residual_structural_hot_peak_shadow,Auto_Residual_Structural_HotPeak_Adjusted_Forecast_MWH,origin_22,2026-07-07 00:00:00-07:00,2026,Summer,7,380,187.94545492105263,187.14377559966707,0.8016793213855503,5.439941558246899,2.960871020123519,52.89473684210526,11.195567892676145,27.35133144591964,21.875358972971156,7.189391938270349
auto_residual_structural_hot_peak_shadow,Auto_Residual_Structural_HotPeak_Adjusted_Forecast_MWH,origin_23,2026-07-20 00:00:00-07:00,2026,Summer,7,384,200.18689673437498,197.79428394406577,2.3926127903092502,4.973993455558813,2.4117559769474703,60.9375,11.354791241364403,21.00801043997251,14.597954369477605,6.6757026514593205
auto_residual_structural_hot_peak_shadow,Auto_Residual_Structural_HotPeak_Adjusted_Forecast_MWH,origin_08,2025-08-17 00:00:00-07:00,2025,Summer,8,384,187.771909734375,191.27704162486498,-3.505131890489979,4.792136266597643,2.8199711589650427,22.395833333333336,10.362086433480135,10.231181481859863,19.144801115039797,6.1116900074938165
auto_residual_structural_hot_peak_shadow,Auto_Residual_Structural_HotPeak_Adjusted_Forecast_MWH,origin_24,2026-07-21 00:00:00-07:00,2026,Summer,7,384,200.79070704427082,199.04237767140762,1.7483293728631957,4.494316859040334,2.154542392772014,58.072916666666664,10.273154003498918,17.79644119736315,15.256094984296908,5.953273043512443
auto_residual_structural_hot_peak_shadow,Auto_Residual_Structural_HotPeak_Adjusted_Forecast_MWH,origin_05,2025-05-25 00:00:00-07:00,2025,Spring,5,384,153.69139593489584,152.48751982411986,1.203876110775993,4.43644708058844,2.780929949518002,54.947916666666664,9.550788829425635,26.616399585996504,16.678872365763283,6.238314930805466
auto_residual_structural_hot_peak_shadow,Auto_Residual_Structural_HotPeak_Adjusted_Forecast_MWH,origin_02,2024-11-09 23:00:00-08:00,2024,Fall,11,384,116.68925462760417,112.9261063677789,3.7631482598252766,4.226241335062977,3.5406845616210205,85.9375,8.14927653530975,16.920567094436763,9.880332289988928,5.173300732342665
auto_residual_structural_hot_peak_shadow,Auto_Residual_Structural_HotPeak_Adjusted_Forecast_MWH,origin_07,2025-07-20 00:00:00-07:00,2025,Summer,7,384,157.82088622916666,155.3328566666469,2.488029562519748,4.149755683339062,2.655888621456886,70.83333333333334,9.332453575010636,17.91006081544046,14.52277262930491,5.431594307852436
auto_residual_structural_hot_peak_shadow,Auto_Residual_Structural_HotPeak_Adjusted_Forecast_MWH,origin_20,2026-05-29 00:00:00-07:00,2026,Spring,5,384,163.7729361171875,165.96508236274653,-2.1921462455590315,4.0188144338621665,2.4663800567257526,31.25,8.835103862664642,17.0884039580489,19.77599582493366,5.392026491423349
auto_residual_structural_hot_peak_shadow,Auto_Residual_Structural_HotPeak_Adjusted_Forecast_MWH,origin_17,2026-04-26 00:00:00-07:00,2026,Spring,4,384,127.136992640625,125.28574502220151,1.8512476184234943,4.003531519050202,3.1537602769606026,70.83333333333334,8.347430543647945,14.168823536029635,10.549695735326566,5.050331058852605
auto_residual_structural_hot_peak_shadow,Auto_Residual_Structural_HotPeak_Adjusted_Forecast_MWH,origin_06,2025-06-22 00:00:00-07:00,2025,Summer,6,384,168.52844033593752,167.6912130485536,0.8372272873838975,3.9469169674285283,2.3009150205570856,56.510416666666664,8.422910223045399,17.306136303096224,17.811204941749907,5.161311022862542
auto_residual_structural_hot_peak_shadow,Auto_Residual_Structural_HotPeak_Adjusted_Forecast_MWH,origin_18,2026-05-24 00:00:00-07:00,2026,Spring,5,384,142.90284213541665,145.29244112604343,-2.3895989906267623,3.9086356705045056,2.7306256804552578,31.510416666666668,8.958564816282653,8.901333917027358,18.875649834219757,5.257416385361406
auto_residual_structural_hot_peak_shadow,Auto_Residual_Structural_HotPeak_Adjusted_Forecast_MWH,origin_16,2026-03-29 00:00:00-07:00,2026,Spring,3,384,120.51718188281251,120.14469942437724,0.3724824584352568,3.8886319663577518,3.1613736297012327,53.90625,8.584030286182882,18.15790731830272,16.3405984820092,5.184245000699518
auto_residual_structural_hot_peak_shadow,Auto_Residual_Structural_HotPeak_Adjusted_Forecast_MWH,origin_09,2025-09-14 00:00:00-07:00,2025,Summer,9,384,162.83103684895835,164.19286261365968,-1.3618257647013603,3.681799954396087,2.305497017325002,37.76041666666667,7.188713963655094,13.517895781192095,31.852428226965912,5.4092332097535545
auto_residual_structural_hot_peak_shadow,Auto_Residual_Structural_HotPeak_Adjusted_Forecast_MWH,origin_19,2026-05-28 00:00:00-07:00,2026,Spring,5,384,158.50971714583332,159.8616608377598,-1.3519436919264851,3.5880949050502564,2.2714264386438816,41.92708333333333,8.765796236129004,10.773506068682451,16.847349551010296,4.880790330201099
auto_residual_structural_hot_peak_shadow,Auto_Residual_Structural_HotPeak_Adjusted_Forecast_MWH,origin_04,2025-04-27 00:00:00-07:00,2025,Spring,4,384,121.913576171875,123.60235691922668,-1.6887807473516798,3.2241304709617666,2.589258000906955,29.6875,7.30084610233572,19.512411472691937,14.939794634060036,4.551893743898909
auto_residual_structural_hot_peak_shadow,Auto_Residual_Structural_HotPeak_Adjusted_Forecast_MWH,origin_13,2026-01-03 23:00:00-08:00,2026,Winter,1,384,128.126853875,127.77879984041617,0.34805403458383255,3.1874004987339943,2.4616900103827404,51.822916666666664,7.510737826668562,17.615690357685494,15.188444674711064,4.542804844998653
auto_residual_structural_hot_peak_shadow,Auto_Residual_Structural_HotPeak_Adjusted_Forecast_MWH,origin_03,2025-03-30 00:00:00-07:00,2025,Spring,3,384,111.3258731328125,110.8664558496097,0.45941728320280034,3.1512573125371515,2.730003669484178,57.8125,6.924095236828418,14.370268246523779,10.337637329101796,4.133902456263399
auto_residual_structural_hot_peak_shadow,Auto_Residual_Structural_HotPeak_Adjusted_Forecast_MWH,origin_15,2026-02-28 23:00:00-08:00,2026,Winter,2,384,115.88717167708334,114.3873028851055,1.49986879197784,3.138699535011519,2.6781109954761795,66.40625,6.625556706591068,9.189615738099121,8.297698130857853,3.8569305650707104
auto_residual_structural_hot_peak_shadow,Auto_Residual_Structural_HotPeak_Adjusted_Forecast_MWH,origin_11,2025-11-08 23:00:00-08:00,2025,Fall,11,384,122.29222068489582,121.97711142776556,0.315109257130279,2.909942793596912,2.3001922753276696,52.604166666666664,7.0712662941374385,22.876495151309115,11.674811350869192,4.3384548858213545
auto_residual_structural_hot_peak_shadow,Auto_Residual_Structural_HotPeak_Adjusted_Forecast_MWH,origin_01,2024-10-13 00:00:00-07:00,2024,Fall,10,384,116.30257716666667,114.48648524118276,1.816091925483905,2.9018770574289747,2.341882171927159,71.09375,7.122474511218215,16.655776454401575,8.297108408286874,4.244831012633474
auto_residual_structural_hot_peak_shadow,Auto_Residual_Structural_HotPeak_Adjusted_Forecast_MWH,origin_12,2025-12-06 23:00:00-08:00,2025,Winter,12,384,139.45845884114584,139.28606930305895,0.17238953808689153,2.895006466480705,2.0465606116529917,54.6875,5.257291671132118,12.887891139694062,30.83901502518009,4.470506296077171
auto_residual_structural_hot_peak_shadow,Auto_Residual_Structural_HotPeak_Adjusted_Forecast_MWH,origin_14,2026-01-31 23:00:00-08:00,2026,Winter,1,384,120.6618153359375,120.22319370963748,0.4386216263000204,2.7190846328463767,2.181257377892692,50.260416666666664,6.264005807691291,19.558568948032587,8.16328267514632,3.934713345230008
auto_residual_structural_hot_peak_shadow,Auto_Residual_Structural_HotPeak_Adjusted_Forecast_MWH,origin_10,2025-10-12 00:00:00-07:00,2025,Fall,10,384,118.67937204947917,118.28221349951836,0.39715854996080874,2.243884453535251,1.8718036548685735,60.9375,5.181795386951016,11.359777671103686,10.37697546125024,3.0932712709831036
auto_residual_broad_hot_peak_shadow,Auto_Residual_Broad_HotPeak_Shadow_Adjusted_Forecast_MWH,origin_21,2026-07-06 00:00:00-07:00,2026,Summer,7,380,185.74302035789472,186.28164777062565,-0.5386274127309205,5.504694504639384,2.985075398097065,45.526315789473685,11.949509647556189,24.9341693111179,21.82609188704015,7.230486114915092
auto_residual_broad_hot_peak_shadow,Auto_Residual_Broad_HotPeak_Shadow_Adjusted_Forecast_MWH,origin_22,2026-07-07 00:00:00-07:00,2026,Summer,7,380,187.94545492105263,187.14767201665185,0.797782904400764,5.436045141262112,2.959665271167175,52.89473684210526,11.195567892676145,27.35133144591964,21.875358972971156,7.1877431408144865
auto_residual_broad_hot_peak_shadow,Auto_Residual_Broad_HotPeak_Shadow_Adjusted_Forecast_MWH,origin_23,2026-07-20 00:00:00-07:00,2026,Summer,7,384,200.18689673437498,197.8760729752311,2.3108237591438754,4.953233983025837,2.4058981046640384,60.416666666666664,11.354791241364403,21.00801043997251,14.597954369477605,6.6546961974210666
auto_residual_broad_hot_peak_shadow,Auto_Residual_Broad_HotPeak_Shadow_Adjusted_Forecast_MWH,origin_08,2025-08-17 00:00:00-07:00,2025,Summer,8,384,187.771909734375,191.25282598376623,-3.4809162493912313,4.77474988141245,2.8136025961375375,22.65625,10.337904155614634,10.231181481859863,19.144801115039797,6.104172327716212
auto_residual_broad_hot_peak_shadow,Auto_Residual_Broad_HotPeak_Shadow_Adjusted_Forecast_MWH,origin_24,2026-07-21 00:00:00-07:00,2026,Summer,7,384,200.79070704427082,199.11041106960502,1.680295974665791,4.462371005457935,2.1447092957580027,57.552083333333336,10.273154003498918,17.79644119736315,15.256094984296908,5.924993210211263
auto_residual_broad_hot_peak_shadow,Auto_Residual_Broad_HotPeak_Shadow_Adjusted_Forecast_MWH,origin_05,2025-05-25 00:00:00-07:00,2025,Spring,5,384,153.69139593489584,152.48751982411986,1.203876110775993,4.43644708058844,2.780929949518002,54.947916666666664,9.550788829425635,26.616399585996504,16.678872365763283,6.238314930805466
auto_residual_broad_hot_peak_shadow,Auto_Residual_Broad_HotPeak_Shadow_Adjusted_Forecast_MWH,origin_02,2024-11-09 23:00:00-08:00,2024,Fall,11,384,116.68925462760417,112.9261063677789,3.7631482598252766,4.226241335062977,3.5406845616210205,85.9375,8.14927653530975,16.920567094436763,9.880332289988928,5.173300732342665
auto_residual_broad_hot_peak_shadow,Auto_Residual_Broad_HotPeak_Shadow_Adjusted_Forecast_MWH,origin_07,2025-07-20 00:00:00-07:00,2025,Summer,7,384,157.82088622916666,155.30311778098812,2.517768448178556,4.156534445624595,2.659104169260901,71.09375,9.332453575010636,17.91006081544046,14.52277262930491,5.441933919035559
auto_residual_broad_hot_peak_shadow,Auto_Residual_Broad_HotPeak_Shadow_Adjusted_Forecast_MWH,origin_20,2026-05-29 00:00:00-07:00,2026,Spring,5,384,163.7729361171875,165.96508236274653,-2.1921462455590315,4.0188144338621665,2.4663800567257526,31.25,8.835103862664642,17.0884039580489,19.77599582493366,5.392026491423349
auto_residual_broad_hot_peak_shadow,Auto_Residual_Broad_HotPeak_Shadow_Adjusted_Forecast_MWH,origin_17,2026-04-26 00:00:00-07:00,2026,Spring,4,384,127.136992640625,125.28574502220151,1.8512476184234943,4.003531519050202,3.1537602769606026,70.83333333333334,8.347430543647945,14.168823536029635,10.549695735326566,5.050331058852605
auto_residual_broad_hot_peak_shadow,Auto_Residual_Broad_HotPeak_Shadow_Adjusted_Forecast_MWH,origin_06,2025-06-22 00:00:00-07:00,2025,Summer,6,384,168.52844033593752,167.73678539950836,0.7916549364291386,3.9896502287518008,2.316204008967566,56.510416666666664,8.461960569172682,17.306136303096224,17.811204941749907,5.23193308500225
auto_residual_broad_hot_peak_shadow,Auto_Residual_Broad_HotPeak_Shadow_Adjusted_Forecast_MWH,origin_18,2026-05-24 00:00:00-07:00,2026,Spring,5,384,142.90284213541665,145.29244112604343,-2.3895989906267623,3.9086356705045056,2.7306256804552578,31.510416666666668,8.958564816282653,8.901333917027358,18.875649834219757,5.257416385361406
auto_residual_broad_hot_peak_shadow,Auto_Residual_Broad_HotPeak_Shadow_Adjusted_Forecast_MWH,origin_16,2026-03-29 00:00:00-07:00,2026,Spring,3,384,120.51718188281251,120.14469942437724,0.3724824584352568,3.8886319663577518,3.1613736297012327,53.90625,8.584030286182882,18.15790731830272,16.3405984820092,5.184245000699518
auto_residual_broad_hot_peak_shadow,Auto_Residual_Broad_HotPeak_Shadow_Adjusted_Forecast_MWH,origin_09,2025-09-14 00:00:00-07:00,2025,Summer,9,384,162.83103684895835,164.17849736326374,-1.3474605143053997,3.6881892040920925,2.308266660266618,37.76041666666667,7.188713963655094,13.517895781192095,31.852428226965912,5.4146557489993725
auto_residual_broad_hot_peak_shadow,Auto_Residual_Broad_HotPeak_Shadow_Adjusted_Forecast_MWH,origin_19,2026-05-28 00:00:00-07:00,2026,Spring,5,384,158.50971714583332,159.8616608377598,-1.3519436919264851,3.5880949050502564,2.2714264386438816,41.92708333333333,8.765796236129004,10.773506068682451,16.847349551010296,4.880790330201099
auto_residual_broad_hot_peak_shadow,Auto_Residual_Broad_HotPeak_Shadow_Adjusted_Forecast_MWH,origin_04,2025-04-27 00:00:00-07:00,2025,Spring,4,384,121.913576171875,123.60235691922668,-1.6887807473516798,3.2241304709617666,2.589258000906955,29.6875,7.30084610233572,19.512411472691937,14.939794634060036,4.551893743898909
auto_residual_broad_hot_peak_shadow,Auto_Residual_Broad_HotPeak_Shadow_Adjusted_Forecast_MWH,origin_13,2026-01-03 23:00:00-08:00,2026,Winter,1,384,128.126853875,127.77879984041617,0.34805403458383255,3.1874004987339943,2.4616900103827404,51.822916666666664,7.510737826668562,17.615690357685494,15.188444674711064,4.542804844998653
auto_residual_broad_hot_peak_shadow,Auto_Residual_Broad_HotPeak_Shadow_Adjusted_Forecast_MWH,origin_03,2025-03-30 00:00:00-07:00,2025,Spring,3,384,111.3258731328125,110.8664558496097,0.45941728320280034,3.1512573125371515,2.730003669484178,57.8125,6.924095236828418,14.370268246523779,10.337637329101796,4.133902456263399
auto_residual_broad_hot_peak_shadow,Auto_Residual_Broad_HotPeak_Shadow_Adjusted_Forecast_MWH,origin_15,2026-02-28 23:00:00-08:00,2026,Winter,2,384,115.88717167708334,114.3873028851055,1.49986879197784,3.138699535011519,2.6781109954761795,66.40625,6.625556706591068,9.189615738099121,8.297698130857853,3.8569305650707104
auto_residual_broad_hot_peak_shadow,Auto_Residual_Broad_HotPeak_Shadow_Adjusted_Forecast_MWH,origin_11,2025-11-08 23:00:00-08:00,2025,Fall,11,384,122.29222068489582,121.97711142776556,0.315109257130279,2.909942793596912,2.3001922753276696,52.604166666666664,7.0712662941374385,22.876495151309115,11.674811350869192,4.3384548858213545
auto_residual_broad_hot_peak_shadow,Auto_Residual_Broad_HotPeak_Shadow_Adjusted_Forecast_MWH,origin_01,2024-10-13 00:00:00-07:00,2024,Fall,10,384,116.30257716666667,114.48648524118276,1.816091925483905,2.9018770574289747,2.341882171927159,71.09375,7.122474511218215,16.655776454401575,8.297108408286874,4.244831012633474
auto_residual_broad_hot_peak_shadow,Auto_Residual_Broad_HotPeak_Shadow_Adjusted_Forecast_MWH,origin_12,2025-12-06 23:00:00-08:00,2025,Winter,12,384,139.45845884114584,139.28606930305895,0.17238953808689153,2.895006466480705,2.0465606116529917,54.6875,5.257291671132118,12.887891139694062,30.83901502518009,4.470506296077171
auto_residual_broad_hot_peak_shadow,Auto_Residual_Broad_HotPeak_Shadow_Adjusted_Forecast_MWH,origin_14,2026-01-31 23:00:00-08:00,2026,Winter,1,384,120.6618153359375,120.22319370963748,0.4386216263000204,2.7190846328463767,2.181257377892692,50.260416666666664,6.264005807691291,19.558568948032587,8.16328267514632,3.934713345230008
auto_residual_broad_hot_peak_shadow,Auto_Residual_Broad_HotPeak_Shadow_Adjusted_Forecast_MWH,origin_10,2025-10-12 00:00:00-07:00,2025,Fall,10,384,118.67937204947917,118.28221349951836,0.39715854996080874,2.243884453535251,1.8718036548685735,60.9375,5.181795386951016,11.359777671103686,10.37697546125024,3.0932712709831036
hot_ramp_peak_shadow,Hot_Ramp_Peak_Shadow_Forecast_MWH,origin_21,2026-07-06 00:00:00-07:00,2026,Summer,7,380,185.74302035789472,186.7888968776508,-1.045876519756099,5.266528029884315,2.8948510658177367,43.15789473684211,10.978120066582326,24.722011281830532,21.627571986009713,6.793768500003367
hot_ramp_peak_shadow,Hot_Ramp_Peak_Shadow_Forecast_MWH,origin_22,2026-07-07 00:00:00-07:00,2026,Summer,7,380,187.94545492105263,187.51702200084344,0.4284329202091901,5.238530371457163,2.8742250915057794,50.0,10.56211611343246,27.619156984331994,21.93971448762275,6.859316440945703
hot_ramp_peak_shadow,Hot_Ramp_Peak_Shadow_Forecast_MWH,origin_23,2026-07-20 00:00:00-07:00,2026,Summer,7,384,200.18689673437498,198.3814279251362,1.8054688092388034,4.777588890053251,2.336962264421197,57.8125,10.515420724098842,21.21316007171737,14.49459322265318,6.427494082456172
hot_ramp_peak_shadow,Hot_Ramp_Peak_Shadow_Forecast_MWH,origin_08,2025-08-17 00:00:00-07:00,2025,Summer,8,384,187.771909734375,191.23414402676755,-3.462234292392561,4.741054477291873,2.7907028086568904,22.135416666666664,10.271157809825114,10.282594556739639,18.98758927397887,6.0948674642689245
hot_ramp_peak_shadow,Hot_Ramp_Peak_Shadow_Forecast_MWH,origin_05,2025-05-25 00:00:00-07:00,2025,Spring,5,384,153.69139593489584,152.30263323841635,1.3887626964794746,4.420777875177953,2.758482778511979,55.989583333333336,9.595899892665082,27.18600025578172,16.678872365763283,6.277201996395828
hot_ramp_peak_shadow,Hot_Ramp_Peak_Shadow_Forecast_MWH,origin_24,2026-07-21 00:00:00-07:00,2026,Summer,7,384,200.79070704427082,199.61516080372465,1.1755462405461934,4.299489501699297,2.094397887992707,53.90625,9.550853350120843,17.79644119736315,15.666333093988726,5.654414929830718
hot_ramp_peak_shadow,Hot_Ramp_Peak_Shadow_Forecast_MWH,origin_02,2024-11-09 23:00:00-08:00,2024,Fall,11,384,116.68925462760417,112.96868309194014,3.7205715356640234,4.22653582282363,3.5495506764385003,86.71875,8.14224479771088,17.576786559937176,10.700399540257706,5.165527903246399
hot_ramp_peak_shadow,Hot_Ramp_Peak_Shadow_Forecast_MWH,origin_07,2025-07-20 00:00:00-07:00,2025,Summer,7,384,157.82088622916666,155.34693773204472,2.4739484971219436,4.124201762243905,2.6437629594911405,72.65625,8.858153862803633,18.158914845587248,14.52277262930491,5.366889127415334
hot_ramp_peak_shadow,Hot_Ramp_Peak_Shadow_Forecast_MWH,origin_20,2026-05-29 00:00:00-07:00,2026,Spring,5,384,163.7729361171875,166.06710477848188,-2.2941686612943606,4.08288164501278,2.489801396548094,31.770833333333332,8.99640274632705,17.337631435237142,20.583416883618042,5.454453016812437
hot_ramp_peak_shadow,Hot_Ramp_Peak_Shadow_Forecast_MWH,origin_06,2025-06-22 00:00:00-07:00,2025,Summer,6,384,168.52844033593752,167.84670760555028,0.6817327303872203,3.985102640988849,2.3010155423870944,56.770833333333336,9.026188851322672,16.698964061251928,17.95699447094546,5.20617263166893
hot_ramp_peak_shadow,Hot_Ramp_Peak_Shadow_Forecast_MWH,origin_17,2026-04-26 00:00:00-07:00,2026,Spring,4,384,127.136992640625,125.35889749660127,1.7780951440237331,3.9528506381251005,3.113750343171541,69.53125,8.400712285006291,13.914371827784365,10.769799746741413,4.993121137234146
hot_ramp_peak_shadow,Hot_Ramp_Peak_Shadow_Forecast_MWH,origin_16,2026-03-29 00:00:00-07:00,2026,Spring,3,384,120.51718188281251,120.26719416848617,0.24998771432633984,3.91908278661638,3.1798216216959188,52.083333333333336,8.621727747857735,17.850713511043708,16.673046255477573,5.228626206354897
hot_ramp_peak_shadow,Hot_Ramp_Peak_Shadow_Forecast_MWH,origin_18,2026-05-24 00:00:00-07:00,2026,Spring,5,384,142.90284213541665,145.3201438345913,-2.4173016991746397,3.8993540930199075,2.710267369029271,30.208333333333332,9.08812948527901,9.304669221199617,18.615964575023895,5.201730630831502
hot_ramp_peak_shadow,Hot_Ramp_Peak_Shadow_Forecast_MWH,origin_09,2025-09-14 00:00:00-07:00,2025,Summer,9,384,162.83103684895835,164.12349755257358,-1.2924607036152604,3.7430642412940407,2.3371713783170045,39.58333333333333,7.646964712599547,13.517895781192095,32.77541820133354,5.501406596050222
hot_ramp_peak_shadow,Hot_Ramp_Peak_Shadow_Forecast_MWH,origin_19,2026-05-28 00:00:00-07:00,2026,Spring,5,384,158.50971714583332,160.00836775215276,-1.4986506063194274,3.594845571852327,2.255493062032568,39.58333333333333,8.295651775224199,10.65180978625321,17.28297413079801,4.888932154954519
hot_ramp_peak_shadow,Hot_Ramp_Peak_Shadow_Forecast_MWH,origin_04,2025-04-27 00:00:00-07:00,2025,Spring,4,384,121.913576171875,123.51791484219325,-1.6043386703182494,3.174728106806492,2.554130374334949,29.6875,7.352493264669935,19.67378119048007,15.237505012526157,4.5017543726699305
hot_ramp_peak_shadow,Hot_Ramp_Peak_Shadow_Forecast_MWH,origin_15,2026-02-28 23:00:00-08:00,2026,Winter,2,384,115.88717167708334,114.25924758018249,1.6279240969008442,3.1741188633091557,2.712031450695853,67.1875,6.5352464883310395,8.925673438787811,7.9471247203088495,3.896413809479589
hot_ramp_peak_shadow,Hot_Ramp_Peak_Shadow_Forecast_MWH,origin_13,2026-01-03 23:00:00-08:00,2026,Winter,1,384,128.126853875,128.0267354095034,0.10011846549660797,3.1550924835591583,2.439233632217055,48.95833333333333,7.561231212854372,17.965594513993977,15.096337463624394,4.513174166425405
hot_ramp_peak_shadow,Hot_Ramp_Peak_Shadow_Forecast_MWH,origin_03,2025-03-30 00:00:00-07:00,2025,Spring,3,384,111.3258731328125,111.02646395391473,0.29940917889778024,3.1174387329684947,2.695032654285908,56.770833333333336,6.954793419959172,14.54074675020992,10.940377681498745,4.138529769783526
hot_ramp_peak_shadow,Hot_Ramp_Peak_Shadow_Forecast_MWH,origin_11,2025-11-08 23:00:00-08:00,2025,Fall,11,384,122.29222068489582,122.11240416984383,0.17981651505201257,2.9469277287167626,2.331294013449282,52.34375,7.290254890259719,22.988378327530427,11.757025810952982,4.39428441280953
hot_ramp_peak_shadow,Hot_Ramp_Peak_Shadow_Forecast_MWH,origin_01,2024-10-13 00:00:00-07:00,2024,Fall,10,384,116.30257716666667,114.63221514761887,1.6703620190478095,2.9094409388499822,2.3585968072397954,70.83333333333334,7.081755697580642,16.568682474039633,8.189339247180413,4.213414374880774
hot_ramp_peak_shadow,Hot_Ramp_Peak_Shadow_Forecast_MWH,origin_12,2025-12-06 23:00:00-08:00,2025,Winter,12,384,139.45845884114584,139.50202642063164,-0.04356757948580011,2.8677405175094126,2.0289751825514375,51.302083333333336,5.196600436170646,13.839307311277508,31.312049319111793,4.517872640530025
hot_ramp_peak_shadow,Hot_Ramp_Peak_Shadow_Forecast_MWH,origin_14,2026-01-31 23:00:00-08:00,2026,Winter,1,384,120.6618153359375,120.31940382089567,0.3424115150418367,2.7148823480198137,2.1844102246274644,48.17708333333333,5.981034477257516,19.82179059210945,8.135373265499624,3.895719837231212
hot_ramp_peak_shadow,Hot_Ramp_Peak_Shadow_Forecast_MWH,origin_10,2025-10-12 00:00:00-07:00,2025,Fall,10,384,118.67937204947917,118.30935184846324,0.3700202010159295,2.277496466573728,1.897183584541579,59.895833333333336,5.132483792916116,11.570315210097476,10.43795908345578,3.129641734420327
heat_persistence_peak_shadow,Heat_Persistence_Peak_Shadow_Forecast_MWH,origin_21,2026-07-06 00:00:00-07:00,2026,Summer,7,380,185.74302035789472,186.7888968776508,-1.045876519756099,5.266528029884315,2.8948510658177367,43.15789473684211,10.978120066582326,24.722011281830532,21.627571986009713,6.793768500003367
heat_persistence_peak_shadow,Heat_Persistence_Peak_Shadow_Forecast_MWH,origin_22,2026-07-07 00:00:00-07:00,2026,Summer,7,380,187.94545492105263,187.51702200084344,0.4284329202091901,5.238530371457163,2.8742250915057794,50.0,10.56211611343246,27.619156984331994,21.93971448762275,6.859316440945703
heat_persistence_peak_shadow,Heat_Persistence_Peak_Shadow_Forecast_MWH,origin_23,2026-07-20 00:00:00-07:00,2026,Summer,7,384,200.18689673437498,198.3814279251362,1.8054688092388034,4.777588890053251,2.336962264421197,57.8125,10.515420724098842,21.21316007171737,14.49459322265318,6.427494082456172
heat_persistence_peak_shadow,Heat_Persistence_Peak_Shadow_Forecast_MWH,origin_08,2025-08-17 00:00:00-07:00,2025,Summer,8,384,187.771909734375,191.27179708910458,-3.4998873547295752,4.751014396833725,2.793733505437212,21.614583333333336,10.271157809825114,10.282594556739639,18.98758927397887,6.10545520007442
heat_persistence_peak_shadow,Heat_Persistence_Peak_Shadow_Forecast_MWH,origin_05,2025-05-25 00:00:00-07:00,2025,Spring,5,384,153.69139593489584,152.30263323841635,1.3887626964794746,4.420777875177953,2.758482778511979,55.989583333333336,9.595899892665082,27.18600025578172,16.678872365763283,6.277201996395828
heat_persistence_peak_shadow,Heat_Persistence_Peak_Shadow_Forecast_MWH,origin_24,2026-07-21 00:00:00-07:00,2026,Summer,7,384,200.79070704427082,199.61516080372465,1.1755462405461934,4.299489501699297,2.094397887992707,53.90625,9.550853350120843,17.79644119736315,15.666333093988726,5.654414929830718
heat_persistence_peak_shadow,Heat_Persistence_Peak_Shadow_Forecast_MWH,origin_02,2024-11-09 23:00:00-08:00,2024,Fall,11,384,116.68925462760417,112.96868309194014,3.7205715356640234,4.22653582282363,3.5495506764385003,86.71875,8.14224479771088,17.576786559937176,10.700399540257706,5.165527903246399
heat_persistence_peak_shadow,Heat_Persistence_Peak_Shadow_Forecast_MWH,origin_07,2025-07-20 00:00:00-07:00,2025,Summer,7,384,157.82088622916666,155.34693773204472,2.4739484971219436,4.124201762243905,2.6437629594911405,72.65625,8.858153862803633,18.158914845587248,14.52277262930491,5.366889127415334
heat_persistence_peak_shadow,Heat_Persistence_Peak_Shadow_Forecast_MWH,origin_20,2026-05-29 00:00:00-07:00,2026,Spring,5,384,163.7729361171875,166.06710477848188,-2.2941686612943606,4.08288164501278,2.489801396548094,31.770833333333332,8.99640274632705,17.337631435237142,20.583416883618042,5.454453016812437
heat_persistence_peak_shadow,Heat_Persistence_Peak_Shadow_Forecast_MWH,origin_06,2025-06-22 00:00:00-07:00,2025,Summer,6,384,168.52844033593752,167.84670760555028,0.6817327303872203,3.985102640988849,2.3010155423870944,56.770833333333336,9.026188851322672,16.698964061251928,17.95699447094546,5.20617263166893
heat_persistence_peak_shadow,Heat_Persistence_Peak_Shadow_Forecast_MWH,origin_17,2026-04-26 00:00:00-07:00,2026,Spring,4,384,127.136992640625,125.35889749660127,1.7780951440237331,3.9528506381251005,3.113750343171541,69.53125,8.400712285006291,13.914371827784365,10.769799746741413,4.993121137234146
heat_persistence_peak_shadow,Heat_Persistence_Peak_Shadow_Forecast_MWH,origin_16,2026-03-29 00:00:00-07:00,2026,Spring,3,384,120.51718188281251,120.26719416848617,0.24998771432633984,3.91908278661638,3.1798216216959188,52.083333333333336,8.621727747857735,17.850713511043708,16.673046255477573,5.228626206354897
heat_persistence_peak_shadow,Heat_Persistence_Peak_Shadow_Forecast_MWH,origin_18,2026-05-24 00:00:00-07:00,2026,Spring,5,384,142.90284213541665,145.3201438345913,-2.4173016991746397,3.8993540930199075,2.710267369029271,30.208333333333332,9.08812948527901,9.304669221199617,18.615964575023895,5.201730630831502
heat_persistence_peak_shadow,Heat_Persistence_Peak_Shadow_Forecast_MWH,origin_09,2025-09-14 00:00:00-07:00,2025,Summer,9,384,162.83103684895835,164.12349755257358,-1.2924607036152604,3.7430642412940407,2.3371713783170045,39.58333333333333,7.646964712599547,13.517895781192095,32.77541820133354,5.501406596050222
heat_persistence_peak_shadow,Heat_Persistence_Peak_Shadow_Forecast_MWH,origin_19,2026-05-28 00:00:00-07:00,2026,Spring,5,384,158.50971714583332,160.00836775215276,-1.4986506063194274,3.594845571852327,2.255493062032568,39.58333333333333,8.295651775224199,10.65180978625321,17.28297413079801,4.888932154954519
heat_persistence_peak_shadow,Heat_Persistence_Peak_Shadow_Forecast_MWH,origin_04,2025-04-27 00:00:00-07:00,2025,Spring,4,384,121.913576171875,123.51791484219325,-1.6043386703182494,3.174728106806492,2.554130374334949,29.6875,7.352493264669935,19.67378119048007,15.237505012526157,4.5017543726699305
heat_persistence_peak_shadow,Heat_Persistence_Peak_Shadow_Forecast_MWH,origin_15,2026-02-28 23:00:00-08:00,2026,Winter,2,384,115.88717167708334,114.25924758018249,1.6279240969008442,3.1741188633091557,2.712031450695853,67.1875,6.5352464883310395,8.925673438787811,7.9471247203088495,3.896413809479589
heat_persistence_peak_shadow,Heat_Persistence_Peak_Shadow_Forecast_MWH,origin_13,2026-01-03 23:00:00-08:00,2026,Winter,1,384,128.126853875,128.0267354095034,0.10011846549660797,3.1550924835591583,2.439233632217055,48.95833333333333,7.561231212854372,17.965594513993977,15.096337463624394,4.513174166425405
heat_persistence_peak_shadow,Heat_Persistence_Peak_Shadow_Forecast_MWH,origin_03,2025-03-30 00:00:00-07:00,2025,Spring,3,384,111.3258731328125,111.02646395391473,0.29940917889778024,3.1174387329684947,2.695032654285908,56.770833333333336,6.954793419959172,14.54074675020992,10.940377681498745,4.138529769783526
heat_persistence_peak_shadow,Heat_Persistence_Peak_Shadow_Forecast_MWH,origin_11,2025-11-08 23:00:00-08:00,2025,Fall,11,384,122.29222068489582,122.11240416984383,0.17981651505201257,2.9469277287167626,2.331294013449282,52.34375,7.290254890259719,22.988378327530427,11.757025810952982,4.39428441280953
heat_persistence_peak_shadow,Heat_Persistence_Peak_Shadow_Forecast_MWH,origin_01,2024-10-13 00:00:00-07:00,2024,Fall,10,384,116.30257716666667,114.63221514761887,1.6703620190478095,2.9094409388499822,2.3585968072397954,70.83333333333334,7.081755697580642,16.568682474039633,8.189339247180413,4.213414374880774
heat_persistence_peak_shadow,Heat_Persistence_Peak_Shadow_Forecast_MWH,origin_12,2025-12-06 23:00:00-08:00,2025,Winter,12,384,139.45845884114584,139.50202642063164,-0.04356757948580011,2.8677405175094126,2.0289751825514375,51.302083333333336,5.196600436170646,13.839307311277508,31.312049319111793,4.517872640530025
heat_persistence_peak_shadow,Heat_Persistence_Peak_Shadow_Forecast_MWH,origin_14,2026-01-31 23:00:00-08:00,2026,Winter,1,384,120.6618153359375,120.31940382089567,0.3424115150418367,2.7148823480198137,2.1844102246274644,48.17708333333333,5.981034477257516,19.82179059210945,8.135373265499624,3.895719837231212
heat_persistence_peak_shadow,Heat_Persistence_Peak_Shadow_Forecast_MWH,origin_10,2025-10-12 00:00:00-07:00,2025,Fall,10,384,118.67937204947917,118.30935184846324,0.3700202010159295,2.277496466573728,1.897183584541579,59.895833333333336,5.132483792916116,11.570315210097476,10.43795908345578,3.129641734420327
baseline_same_hour_yesterday,Baseline_SameHourYesterday_MWH,origin_24,2026-07-21 00:00:00-07:00,2026,Summer,7,384,200.79070704427082,204.5147627421875,-3.7240556979166666,103.53261200520832,57.41560560441972,48.95833333333333,173.38997309999996,208.83599999999998,205.527,117.69936285687288
baseline_same_hour_yesterday,Baseline_SameHourYesterday_MWH,origin_23,2026-07-20 00:00:00-07:00,2026,Summer,7,384,200.18689673437498,198.77305486458332,1.4138418697916666,102.45971123437499,56.39926482888657,50.520833333333336,173.137,208.83599999999998,205.527,116.51686853597005
baseline_same_hour_yesterday,Baseline_SameHourYesterday_MWH,origin_22,2026-07-07 00:00:00-07:00,2026,Summer,7,380,187.94545492105263,186.1185828763158,1.8268720447368423,88.39880641315789,50.84914990606197,51.31578947368421,155.220197,196.130075,192.997083,101.8831687289113
baseline_same_hour_yesterday,Baseline_SameHourYesterday_MWH,origin_21,2026-07-06 00:00:00-07:00,2026,Summer,7,380,185.74302035789472,185.28377536052633,0.45924499736842106,86.09380152894737,49.68807268104385,48.421052631578945,154.4734687,196.130075,192.997083,99.86134232567383
baseline_same_hour_yesterday,Baseline_SameHourYesterday_MWH,origin_20,2026-05-29 00:00:00-07:00,2026,Spring,5,384,163.7729361171875,164.1382087265625,-0.36527260937500006,65.457844734375,41.840866301378455,52.864583333333336,127.96946700000002,183.07319999999999,173.90324999999999,78.8602306699793
baseline_same_hour_yesterday,Baseline_SameHourYesterday_MWH,origin_19,2026-05-28 00:00:00-07:00,2026,Spring,5,384,158.50971714583332,154.06390570572918,4.445811440104166,61.29036562239583,39.384691774074064,54.947916666666664,122.20860239999999,183.07319999999999,162.00678299999998,74.7194639492007
baseline_same_hour_yesterday,Baseline_SameHourYesterday_MWH,origin_18,2026-05-24 00:00:00-07:00,2026,Spring,5,384,142.90284213541665,144.56441846875,-1.6615763333333335,44.19940730208333,30.492196808455166,49.73958333333333,103.93259079999999,128.11466700000003,151.51145799999998,58.22023656726732
baseline_same_hour_yesterday,Baseline_SameHourYesterday_MWH,origin_05,2025-05-25 00:00:00-07:00,2025,Spring,5,384,153.69139593489584,150.15266544791666,3.538730486979167,18.1360294609375,10.837063671182563,59.114583333333336,42.91304439999999,77.28132500000001,88.83647500000001,25.976213276843442
baseline_same_hour_yesterday,Baseline_SameHourYesterday_MWH,origin_09,2025-09-14 00:00:00-07:00,2025,Summer,9,384,162.83103684895835,167.14112179166668,-4.310084942708333,17.362092718750002,10.399206346370233,54.427083333333336,36.187627400000004,38.40450800000002,106.82626700000003,25.937745855850746
baseline_same_hour_yesterday,Baseline_SameHourYesterday_MWH,origin_06,2025-06-22 00:00:00-07:00,2025,Summer,6,384,168.52844033593752,167.79975491927084,0.7286854166666666,17.285620807291668,10.58036460832077,57.03125,40.7026474,64.66310800000002,99.756392,25.32597100117141
baseline_same_hour_yesterday,Baseline_SameHourYesterday_MWH,origin_08,2025-08-17 00:00:00-07:00,2025,Summer,8,384,187.771909734375,185.07215836458332,2.6997513697916666,12.458073619791667,6.487168741555763,63.541666666666664,27.9834262,53.81595800000002,69.05847499999999,17.179494043213463
baseline_same_hour_yesterday,Baseline_SameHourYesterday_MWH,origin_07,2025-07-20 00:00:00-07:00,2025,Summer,7,384,157.82088622916666,158.85897444270833,-1.0380882135416665,12.296236588541667,7.529352612497736,47.39583333333333,27.513286299999997,54.740983,51.5256,16.609439863497695
baseline_same_hour_yesterday,Baseline_SameHourYesterday_MWH,origin_04,2025-04-27 00:00:00-07:00,2025,Spring,4,384,121.913576171875,122.37519405729167,-0.4616178854166668,11.393212473958334,8.913234998989592,51.5625,23.877255599999987,33.942958000000004,88.039533,17.186889260502944
baseline_same_hour_yesterday,Baseline_SameHourYesterday_MWH,origin_17,2026-04-26 00:00:00-07:00,2026,Spring,4,384,127.136992640625,123.7593549609375,3.3776376796874996,9.012221075520834,6.599478436068409,64.0625,22.334426199999996,53.919442000000004,46.55224100000001,13.72789097595008
baseline_same_hour_yesterday,Baseline_SameHourYesterday_MWH,origin_16,2026-03-29 00:00:00-07:00,2026,Spring,3,384,120.51718188281251,121.29954002604167,-0.7823581432291666,7.599129028645834,6.220990696146083,50.520833333333336,18.663718799999987,23.001559000000015,44.31815,10.691590584405454
baseline_same_hour_yesterday,Baseline_SameHourYesterday_MWH,origin_02,2024-11-09 23:00:00-08:00,2024,Fall,11,384,116.68925462760417,115.90933802083333,0.7799166067708333,6.927386533854167,5.878936222289712,50.0,17.357116800000004,46.265000000000015,37.745757999999995,10.659194762769452
baseline_same_hour_yesterday,Baseline_SameHourYesterday_MWH,origin_03,2025-03-30 00:00:00-07:00,2025,Spring,3,384,111.3258731328125,111.65766887760417,-0.33179574479166657,6.688442276041667,5.977010332279257,51.041666666666664,17.948757700000005,27.903099999999995,37.731815999999995,9.932199402931465
baseline_same_hour_yesterday,Baseline_SameHourYesterday_MWH,origin_10,2025-10-12 00:00:00-07:00,2025,Fall,10,384,118.67937204947917,119.86195876562499,-1.1825867161458332,6.473689997395834,5.542979705813419,54.166666666666664,15.625006900000006,22.962532999999993,60.14193399999999,10.557145278226237
baseline_same_hour_yesterday,Baseline_SameHourYesterday_MWH,origin_01,2024-10-13 00:00:00-07:00,2024,Fall,10,360,115.72596856111112,116.69151120277778,-0.9655426416666665,5.754994036111111,4.7545976499279785,44.166666666666664,14.261451899999996,23.16262499999999,47.848709000000014,9.158027760036285
baseline_same_hour_yesterday,Baseline_SameHourYesterday_MWH,origin_11,2025-11-08 23:00:00-08:00,2025,Fall,11,384,122.29222068489582,121.516705625,0.7755150598958335,5.7230235651041665,4.583484864208935,53.645833333333336,15.132954999999992,36.609300000000005,27.486099999999993,8.874405796791107
baseline_same_hour_yesterday,Baseline_SameHourYesterday_MWH,origin_14,2026-01-31 23:00:00-08:00,2026,Winter,1,384,120.6618153359375,120.652290328125,0.009525007812499764,5.4910583151041665,4.426408644647192,46.875,15.362319900000005,50.669974999999994,33.031025,9.243487627220965
baseline_same_hour_yesterday,Baseline_SameHourYesterday_MWH,origin_15,2026-02-28 23:00:00-08:00,2026,Winter,2,384,115.88717167708334,116.27932818750001,-0.3921565104166666,5.102442614583333,4.372681125896313,51.041666666666664,13.706600100000001,28.629533999999992,44.019525,8.362058225468509
baseline_same_hour_yesterday,Baseline_SameHourYesterday_MWH,origin_12,2025-12-06 23:00:00-08:00,2025,Winter,12,384,139.45845884114584,139.18827768229167,0.27018115885416666,4.228117205729167,3.0100277355968825,51.041666666666664,10.50154439999999,22.621842,22.57253400000002,6.093656299239624
baseline_same_hour_yesterday,Baseline_SameHourYesterday_MWH,origin_13,2026-01-03 23:00:00-08:00,2026,Winter,1,384,128.126853875,128.24815424479166,-0.12130036979166654,4.2280307708333345,3.2824014360405944,44.01041666666667,11.175524899999989,21.483274999999992,33.633234,6.552140055646812
baseline_same_hour_7_days_ago,Baseline_SameHour7DaysAgo_MWH,origin_24,2026-07-21 00:00:00-07:00,2026,Summer,7,384,200.79070704427082,196.8531506484375,3.9375563958333326,89.82739465104167,48.19862866520278,48.95833333333333,170.8056925,230.13899999999998,184.18573300000003,108.53095380029855
baseline_same_hour_7_days_ago,Baseline_SameHour7DaysAgo_MWH,origin_23,2026-07-20 00:00:00-07:00,2026,Summer,7,384,200.18689673437498,192.79772458854166,7.389172145833334,89.30348003125,47.7766161831021,50.260416666666664,170.8056925,230.13899999999998,184.18573300000003,108.13193109770667
baseline_same_hour_7_days_ago,Baseline_SameHour7DaysAgo_MWH,origin_21,2026-07-06 00:00:00-07:00,2026,Summer,7,380,185.74302035789472,184.62771698421054,1.1153033736842108,85.60156195789473,50.53782845343382,51.578947368421055,160.1046666,228.1343,217.713741,102.4853105782705
baseline_same_hour_7_days_ago,Baseline_SameHour7DaysAgo_MWH,origin_22,2026-07-07 00:00:00-07:00,2026,Summer,7,380,187.94545492105263,188.2680454263158,-0.3225905052631574,83.92850544210526,49.65360583789383,50.26315789473684,160.1046666,228.1343,217.713741,101.54810016109758
baseline_same_hour_7_days_ago,Baseline_SameHour7DaysAgo_MWH,origin_20,2026-05-29 00:00:00-07:00,2026,Spring,5,384,163.7729361171875,148.95320777604167,14.819728341145833,58.64052762239584,35.92025168951667,59.375,124.86635749999999,208.41770000000002,163.61123299999997,74.41172538528882
baseline_same_hour_7_days_ago,Baseline_SameHour7DaysAgo_MWH,origin_19,2026-05-28 00:00:00-07:00,2026,Spring,5,384,158.50971714583332,146.97032720312498,11.539389942708333,57.642312015625,36.25485644653143,55.46875,125.23957999999998,208.41770000000002,163.61123299999997,73.76594432398412
baseline_same_hour_7_days_ago,Baseline_SameHour7DaysAgo_MWH,origin_18,2026-05-24 00:00:00-07:00,2026,Spring,5,384,142.90284213541665,143.16449466406252,-0.2616525286458334,45.15445470052083,31.033739335426674,46.875,117.4082314,143.60225000000003,163.61123299999997,61.06128393239052
baseline_same_hour_7_days_ago,Baseline_SameHour7DaysAgo_MWH,origin_06,2025-06-22 00:00:00-07:00,2025,Summer,6,384,168.52844033593752,163.27227551822918,5.256164817708332,30.636211046875,17.478993148817654,51.041666666666664,72.44082949999998,132.21515800000003,96.280834,40.517186818802806
baseline_same_hour_7_days_ago,Baseline_SameHour7DaysAgo_MWH,origin_07,2025-07-20 00:00:00-07:00,2025,Summer,7,384,157.82088622916666,156.45266731249998,1.3682189166666667,28.665631578125,16.991086749902042,58.072916666666664,63.739248599999996,99.440033,117.31048400000003,37.79417486405678
baseline_same_hour_7_days_ago,Baseline_SameHour7DaysAgo_MWH,origin_08,2025-08-17 00:00:00-07:00,2025,Summer,8,384,187.771909734375,181.11179801041666,6.660111723958333,28.052297375,14.174721521461587,49.47916666666667,66.78846499999996,102.30119199999999,71.67657500000001,37.38608166456036
baseline_same_hour_7_days_ago,Baseline_SameHour7DaysAgo_MWH,origin_05,2025-05-25 00:00:00-07:00,2025,Spring,5,384,153.69139593489584,141.43436998958333,12.2570259453125,27.100456028645834,15.310620901676055,63.020833333333336,62.802225699999994,183.10244999999998,57.51988300000002,42.609625720931156
baseline_same_hour_7_days_ago,Baseline_SameHour7DaysAgo_MWH,origin_09,2025-09-14 00:00:00-07:00,2025,Summer,9,384,162.83103684895835,176.51544565104166,-13.684408802083333,23.699530807291666,14.648597492336942,39.84375,58.78007879999999,44.237066999999996,115.324941,34.05756182487072
baseline_same_hour_7_days_ago,Baseline_SameHour7DaysAgo_MWH,origin_10,2025-10-12 00:00:00-07:00,2025,Fall,10,384,118.67937204947917,134.24124290625,-15.561870856770833,21.384602888020833,17.892198554530502,42.44791666666667,56.26675060000001,28.10024200000001,153.10531699999996,34.61827140453662
baseline_same_hour_7_days_ago,Baseline_SameHour7DaysAgo_MWH,origin_17,2026-04-26 00:00:00-07:00,2026,Spring,4,384,127.136992640625,119.87959633854166,7.257396302083333,14.732521343750001,10.171753949182893,64.84375,37.3825368,110.634683,42.046784,23.56886406739789
baseline_same_hour_7_days_ago,Baseline_SameHour7DaysAgo_MWH,origin_04,2025-04-27 00:00:00-07:00,2025,Spring,4,384,121.913576171875,114.78880097135418,7.124775200520833,14.2855361953125,10.443922065415045,63.802083333333336,30.998969300000002,96.36375,37.43112500000001,21.567316878251233
baseline_same_hour_7_days_ago,Baseline_SameHour7DaysAgo_MWH,origin_12,2025-12-06 23:00:00-08:00,2025,Winter,12,384,139.45845884114584,134.20646596614583,5.251992875,12.728912192708334,8.942729222862445,58.333333333333336,23.719189500000002,53.123075000000014,21.617942,16.275196474511578
baseline_same_hour_7_days_ago,Baseline_SameHour7DaysAgo_MWH,origin_16,2026-03-29 00:00:00-07:00,2026,Spring,3,384,120.51718188281251,119.05765241145833,1.4595294713541669,11.291403544270834,8.883461176673192,49.47916666666667,26.167000499999993,42.789367,47.476867,15.191623255866448
baseline_same_hour_7_days_ago,Baseline_SameHour7DaysAgo_MWH,origin_03,2025-03-30 00:00:00-07:00,2025,Spring,3,384,111.3258731328125,114.98318976041666,-3.657316627604167,11.199664986979167,10.005939580045517,35.67708333333333,26.865589399999998,42.007108,54.23268300000001,15.429745347600315
baseline_same_hour_7_days_ago,Baseline_SameHour7DaysAgo_MWH,origin_01,2024-10-13 00:00:00-07:00,2024,Fall,10,216,111.8920150138889,119.71466121296297,-7.822646199074074,10.306974597222222,8.797651568446108,33.7962962962963,27.340937499999995,16.477175000000003,49.07108400000001,15.315008313117733
baseline_same_hour_7_days_ago,Baseline_SameHour7DaysAgo_MWH,origin_13,2026-01-03 23:00:00-08:00,2026,Winter,1,384,128.126853875,131.74785282291666,-3.620998947916666,9.208866,7.361908427401528,37.76041666666667,21.2026902,41.04614199999999,41.74943400000001,12.416386206880604
baseline_same_hour_7_days_ago,Baseline_SameHour7DaysAgo_MWH,origin_02,2024-11-09 23:00:00-08:00,2024,Fall,11,384,116.68925462760417,112.67366535156249,4.015589276041667,8.315611661458334,6.960529846362255,70.83333333333334,20.120549499999992,40.55201699999999,34.58879999999999,11.462564054270501
baseline_same_hour_7_days_ago,Baseline_SameHour7DaysAgo_MWH,origin_15,2026-02-28 23:00:00-08:00,2026,Winter,2,384,115.88717167708334,117.8370609296875,-1.949889252604167,6.898550325520834,5.978723791240479,45.83333333333333,15.769228599999996,24.520391999999987,53.782257999999985,10.243006851242251
baseline_same_hour_7_days_ago,Baseline_SameHour7DaysAgo_MWH,origin_11,2025-11-08 23:00:00-08:00,2025,Fall,11,384,122.29222068489582,121.14363500520834,1.1485856796874998,6.4561675234375,5.353435129077519,67.1875,14.953561299999999,28.774091999999982,29.21262499999999,8.651569267905629
baseline_same_hour_7_days_ago,Baseline_SameHour7DaysAgo_MWH,origin_14,2026-01-31 23:00:00-08:00,2026,Winter,1,384,120.6618153359375,122.84748228125,-2.1856669453125,6.082682513020834,5.015024474952347,32.55208333333333,13.610142299999984,38.832224999999994,33.55328300000001,8.634744495569107
baseline_rolling_7day_same_hour_avg,Baseline_Rolling7DaySameHourAvg_MWH,origin_21,2026-07-06 00:00:00-07:00,2026,Summer,7,380,185.74302035789472,187.44894057330828,-1.7059202154135327,24.588445989097746,13.274801582804788,48.1578947368421,54.535347414285695,84.71583742857143,75.17947714285714,31.10805071740629
baseline_rolling_7day_same_hour_avg,Baseline_Rolling7DaySameHourAvg_MWH,origin_22,2026-07-07 00:00:00-07:00,2026,Summer,7,380,187.94545492105263,188.523456437594,-0.5780015165413528,23.942133233834586,12.745251510404229,51.578947368421055,52.123766800000006,84.11560257142858,75.64113014285715,30.443177941630474
baseline_rolling_7day_same_hour_avg,Baseline_Rolling7DaySameHourAvg_MWH,origin_06,2025-06-22 00:00:00-07:00,2025,Summer,6,384,168.52844033593752,167.2887861577381,1.2396541781994046,22.986462237723213,13.667767087695232,63.541666666666664,55.80711335714282,67.21160657142855,95.53254728571426,30.986339573046852
baseline_rolling_7day_same_hour_avg,Baseline_Rolling7DaySameHourAvg_MWH,origin_08,2025-08-17 00:00:00-07:00,2025,Summer,8,384,187.771909734375,182.40113033184525,5.370779402529762,21.383740718005953,10.67277037264794,55.729166666666664,46.239529371428546,87.76495742857142,58.598929571428584,27.811981904482373
baseline_rolling_7day_same_hour_avg,Baseline_Rolling7DaySameHourAvg_MWH,origin_05,2025-05-25 00:00:00-07:00,2025,Spring,5,384,153.69139593489584,145.98138424330355,7.710011691592263,19.07876570796131,11.058388083332988,50.520833333333336,38.97940801428571,116.39426428571429,39.45088899999999,30.202985349086934
baseline_rolling_7day_same_hour_avg,Baseline_Rolling7DaySameHourAvg_MWH,origin_20,2026-05-29 00:00:00-07:00,2026,Spring,5,384,163.7729361171875,153.71346006473215,10.059476052455357,18.939156867187503,10.690394868667438,74.21875,46.97725668571429,84.22378142857141,82.40982785714283,26.27846938929832
baseline_rolling_7day_same_hour_avg,Baseline_Rolling7DaySameHourAvg_MWH,origin_19,2026-05-28 00:00:00-07:00,2026,Spring,5,384,158.50971714583332,150.12523405729166,8.384483088541666,18.74241519122024,10.850156888578022,69.53125,45.45418588571426,83.63769914285712,78.71800414285715,26.093581846296477
baseline_rolling_7day_same_hour_avg,Baseline_Rolling7DaySameHourAvg_MWH,origin_09,2025-09-14 00:00:00-07:00,2025,Summer,9,384,162.83103684895835,173.57010048363097,-10.739063634672618,17.467553235863097,10.817749679829001,36.71875,41.44824088571424,41.876473571428534,90.63530114285714,25.013973103186352
baseline_rolling_7day_same_hour_avg,Baseline_Rolling7DaySameHourAvg_MWH,origin_07,2025-07-20 00:00:00-07:00,2025,Summer,7,384,157.82088622916666,156.27673506473215,1.5441511644345234,15.28978696875,8.93774748599582,46.61458333333333,36.41621131428571,74.68833314285715,53.8768562857143,21.080709526556035
baseline_rolling_7day_same_hour_avg,Baseline_Rolling7DaySameHourAvg_MWH,origin_18,2026-05-24 00:00:00-07:00,2026,Spring,5,384,142.90284213541665,146.1740200186012,-3.271177883184524,15.239322622023812,10.443031388396932,49.73958333333333,38.08265811428573,62.022846999999985,77.71167514285713,21.213924517504008
baseline_rolling_7day_same_hour_avg,Baseline_Rolling7DaySameHourAvg_MWH,origin_24,2026-07-21 00:00:00-07:00,2026,Summer,7,384,200.79070704427082,198.49297236160714,2.297734682663689,14.857133783854167,7.5751397901891275,57.8125,30.934818085714266,62.58787214285712,43.90890442857142,19.241505395614915
baseline_rolling_7day_same_hour_avg,Baseline_Rolling7DaySameHourAvg_MWH,origin_23,2026-07-20 00:00:00-07:00,2026,Summer,7,384,200.18689673437498,195.79658010491073,4.390316629464286,14.706405455357142,7.586861069611107,65.10416666666666,32.304084314285745,58.988597142857145,45.87528057142862,18.91815751422324
baseline_rolling_7day_same_hour_avg,Baseline_Rolling7DaySameHourAvg_MWH,origin_17,2026-04-26 00:00:00-07:00,2026,Spring,4,384,127.136992640625,120.72767435900299,6.409318281622023,12.858891523437501,8.83450294399098,58.854166666666664,32.32063611428571,80.7155087142857,24.687426571428546,18.930591487747556
baseline_rolling_7day_same_hour_avg,Baseline_Rolling7DaySameHourAvg_MWH,origin_04,2025-04-27 00:00:00-07:00,2025,Spring,4,384,121.913576171875,118.18443762760417,3.729138544270833,12.807473437127976,9.475713101909633,58.59375,32.71597342857141,63.73424428571428,57.74991042857141,18.64981127134011
baseline_rolling_7day_same_hour_avg,Baseline_Rolling7DaySameHourAvg_MWH,origin_10,2025-10-12 00:00:00-07:00,2025,Fall,10,384,118.67937204947917,125.80401021205357,-7.124638162574404,11.1879686953125,9.417768316178787,37.76041666666667,29.088908571428565,20.133178571428573,82.54238500000001,17.925016964394132
baseline_rolling_7day_same_hour_avg,Baseline_Rolling7DaySameHourAvg_MWH,origin_16,2026-03-29 00:00:00-07:00,2026,Spring,3,384,120.51718188281251,120.42646076674107,0.09072111607142778,9.930274265625,7.99688816724749,54.166666666666664,21.593442257142872,34.26030985714286,35.4012142857143,12.673034985495027
baseline_rolling_7day_same_hour_avg,Baseline_Rolling7DaySameHourAvg_MWH,origin_12,2025-12-06 23:00:00-08:00,2025,Winter,12,384,139.45845884114584,136.7760831547619,2.682375686383929,8.546432643973215,6.0550588774589285,53.90625,18.59649008571428,31.49050785714286,22.61326100000001,10.811437146932667
baseline_rolling_7day_same_hour_avg,Baseline_Rolling7DaySameHourAvg_MWH,origin_01,2024-10-13 00:00:00-07:00,2024,Fall,10,336,114.12753126785715,119.89590317021683,-5.768371902359694,8.187585007872732,7.03153349767374,33.33333333333333,22.263300916666672,12.542066333333324,42.559916499999986,12.456694386344264
baseline_rolling_7day_same_hour_avg,Baseline_Rolling7DaySameHourAvg_MWH,origin_03,2025-03-30 00:00:00-07:00,2025,Spring,3,384,111.3258731328125,113.16811983370536,-1.842246700892857,7.818096337053571,7.038610011350809,42.96875,19.020146799999992,34.573721285714285,32.145806142857126,10.727483380421223
baseline_rolling_7day_same_hour_avg,Baseline_Rolling7DaySameHourAvg_MWH,origin_02,2024-11-09 23:00:00-08:00,2024,Fall,11,384,116.68925462760417,114.54497317150297,2.1442814561011905,6.508195299107143,5.423349658311602,59.895833333333336,15.769554757142858,35.23690957142857,25.12440114285714,9.456418977247818
baseline_rolling_7day_same_hour_avg,Baseline_Rolling7DaySameHourAvg_MWH,origin_13,2026-01-03 23:00:00-08:00,2026,Winter,1,384,128.126853875,129.84902409598214,-1.722170220982143,5.741168533482142,4.5659842740171035,33.85416666666667,13.797964628571426,26.408347714285696,31.93489928571431,8.181584374034195
baseline_rolling_7day_same_hour_avg,Baseline_Rolling7DaySameHourAvg_MWH,origin_14,2026-01-31 23:00:00-08:00,2026,Winter,1,384,120.6618153359375,121.88103308854166,-1.2192177526041668,5.500404859747024,4.501421975295475,32.8125,11.470291657142843,38.11688957142856,20.441019999999995,7.790725774835207
baseline_rolling_7day_same_hour_avg,Baseline_Rolling7DaySameHourAvg_MWH,origin_11,2025-11-08 23:00:00-08:00,2025,Fall,11,384,122.29222068489582,121.42846773921131,0.8637529456845235,5.379038333333333,4.333944503464326,59.635416666666664,13.872579328571426,24.606543571428574,22.945923000000008,7.640904845448803
baseline_rolling_7day_same_hour_avg,Baseline_Rolling7DaySameHourAvg_MWH,origin_15,2026-02-28 23:00:00-08:00,2026,Winter,2,384,115.88717167708334,116.77992945833334,-0.8927577812500003,5.044115207589286,4.381922380357565,45.83333333333333,11.342569528571426,25.146710999999982,23.389596857142863,6.807009505760435
