Stage,ForecastColumn,Replay_Origin_ID,Replay_Origin_DT,Replay_Origin_Year,Replay_Origin_Season,Replay_Origin_Month,N,Actual_Mean_MWH,Forecast_Mean_MWH,Bias_MWH,MAE_MWH,MAPE_PCT,Underforecast_Rate_PCT,P90_AbsError_MWH,Max_Underforecast_MWH,Max_Overforecast_MWH,RMSE_MWH
xgb_component,XGB_Pred_MWH,origin_17,2026-04-26 00:00:00-07:00,2026,Spring,4,384,127.136992640625,119.20924337704976,7.927749263575236,8.577353662188212,6.384804447597792,90.36458333333334,18.027348873535157,25.16943003808595,9.747891015625001,10.434255302596917
xgb_component,XGB_Pred_MWH,origin_22,2026-07-07 00:00:00-07:00,2026,Summer,7,380,187.94545492105263,186.02902203610068,1.9164328849519432,6.674777102920692,3.5356156615143037,58.684210526315795,13.525213617675773,29.253418872070313,21.70320377539062,8.656810831292796
xgb_component,XGB_Pred_MWH,origin_07,2025-07-20 00:00:00-07:00,2025,Summer,7,384,157.82088622916666,151.69192397594452,6.128962253222148,6.542652024381002,4.045798161470495,89.58333333333334,13.632138964843747,22.947172282226575,7.400248591796867,8.243935227931338
xgb_component,XGB_Pred_MWH,origin_12,2025-12-06 23:00:00-08:00,2025,Winter,12,384,139.45845884114584,133.75463992357254,5.703818917573293,6.437440214992523,4.38728939096121,88.54166666666666,12.832844735937499,19.504711776367174,18.908302823242195,7.855058108582208
xgb_component,XGB_Pred_MWH,origin_21,2026-07-06 00:00:00-07:00,2026,Summer,7,380,185.74302035789472,185.86811226292662,-0.1250919050318665,6.067491193279709,3.325495439844279,50.526315789473685,13.03030791591797,21.523718791015625,24.221972085937495,7.774241898004911
xgb_component,XGB_Pred_MWH,origin_23,2026-07-20 00:00:00-07:00,2026,Summer,7,384,200.19178741406247,196.29646040995917,3.895327004103343,5.6811501333885195,2.622500324831993,71.875,13.845011732812498,30.492142626953125,17.210671264648425,7.951519714755306
xgb_component,XGB_Pred_MWH,origin_24,2026-07-21 00:00:00-07:00,2026,Summer,7,384,200.7955977239583,197.21264312664667,3.582954597311655,5.569856399135589,2.5113704891461723,71.09375,14.071654871874992,30.146576831054688,17.861968994140625,7.9305229245746105
xgb_component,XGB_Pred_MWH,origin_08,2025-08-17 00:00:00-07:00,2025,Summer,8,384,187.771909734375,188.32728298505148,-0.5553732506764734,4.757702263847351,2.610221498233853,48.17708333333333,9.632389003417956,14.64617561914065,32.18580256347656,6.312942886528751
xgb_component,XGB_Pred_MWH,origin_05,2025-05-25 00:00:00-07:00,2025,Spring,5,384,153.69139593489584,155.81542295217514,-2.1240270172793068,4.738269178666433,2.9855242916544356,37.5,9.911254583789054,18.183486410156263,28.418101660156253,6.4752039520312366
xgb_component,XGB_Pred_MWH,origin_19,2026-05-28 00:00:00-07:00,2026,Spring,5,384,158.50971714583332,156.73284322023392,1.776873925599416,4.7042459238853445,3.1281685307576708,70.05208333333334,9.364631435546869,16.139791500488286,16.44926284960937,5.785405541907843
xgb_component,XGB_Pred_MWH,origin_16,2026-03-29 00:00:00-07:00,2026,Spring,3,384,120.51718188281251,117.6471391916275,2.8700426911849974,4.634787972236633,3.708414759554097,72.91666666666666,10.402366027929682,20.75566325683593,13.551475048828124,6.078285677382532
xgb_component,XGB_Pred_MWH,origin_20,2026-05-29 00:00:00-07:00,2026,Spring,5,384,163.7729361171875,163.00066872437796,0.7722673928095496,4.5866676954396555,2.9638139594710577,63.28125,9.512955740771478,16.785001766601567,21.21966385058593,5.834195482302646
xgb_component,XGB_Pred_MWH,origin_18,2026-05-24 00:00:00-07:00,2026,Spring,5,384,142.90284213541665,141.52693941195807,1.3759027234586079,4.403350580493926,3.2540466074559835,67.1875,9.426965842724611,16.308286678710942,20.664747468749994,5.648287282324811
xgb_component,XGB_Pred_MWH,origin_11,2025-11-08 23:00:00-08:00,2025,Fall,11,384,122.29222068489582,118.49628063042958,3.795940054466248,4.350850421696981,3.386815643273025,87.76041666666666,8.815804774902343,23.973560311523443,7.785343017578128,5.661603100325537
xgb_component,XGB_Pred_MWH,origin_09,2025-09-14 00:00:00-07:00,2025,Summer,9,384,162.83103684895835,162.0928038160006,0.7382330329577135,4.1093233713162745,2.462635684836433,62.239583333333336,8.61484978642578,15.496845263671872,33.69527718847655,5.951393422681561
xgb_component,XGB_Pred_MWH,origin_14,2026-01-31 23:00:00-08:00,2026,Winter,1,384,120.6618153359375,117.31192861000697,3.349886725930532,4.074431550662994,3.247421269847069,82.29166666666666,9.411856162207036,24.824784115234365,8.409677083007807,5.827264536286424
xgb_component,XGB_Pred_MWH,origin_13,2026-01-03 23:00:00-08:00,2026,Winter,1,384,128.126853875,125.33399148782094,2.7928623871790568,4.051994724624634,3.10864019709976,79.16666666666666,9.209866361083977,16.450196818359387,10.410502620117185,5.2473754319938966
xgb_component,XGB_Pred_MWH,origin_03,2025-03-30 00:00:00-07:00,2025,Spring,3,384,111.3258731328125,108.26958688100179,3.0562862518107097,3.9918776912104286,3.513668487374534,80.20833333333334,7.828862979931638,16.69321883203125,5.206483825683591,4.992084597088725
xgb_component,XGB_Pred_MWH,origin_15,2026-02-28 23:00:00-08:00,2026,Winter,2,384,115.88717167708334,112.82160729169846,3.0655643853848775,3.92572210515976,3.3330266568185656,81.51041666666666,7.504727971191402,12.333517749023429,9.261458902343747,4.7132875053223
xgb_component,XGB_Pred_MWH,origin_06,2025-06-22 00:00:00-07:00,2025,Summer,6,384,168.52844033593752,167.94106004635492,0.5873802895825705,3.8380217806943264,2.2851493613942457,53.645833333333336,8.394331192578118,18.41545889550781,19.49158400878906,5.200603696076686
xgb_component,XGB_Pred_MWH,origin_10,2025-10-12 00:00:00-07:00,2025,Fall,10,384,118.67937204947917,115.56614476442337,3.113227285055796,3.791055853926341,3.1164618861221043,85.9375,7.165546912841793,13.874424186523441,7.730608520507815,4.608114813191554
xgb_component,XGB_Pred_MWH,origin_02,2024-11-09 23:00:00-08:00,2024,Fall,11,384,116.68925462760417,114.52973592281342,2.1595187047907514,3.6772885920893352,3.0124955593948575,70.83333333333334,7.963363139843738,15.142923779296865,11.214449942382814,4.74152618513161
xgb_component,XGB_Pred_MWH,origin_04,2025-04-27 00:00:00-07:00,2025,Spring,4,384,121.913576171875,123.18103108803432,-1.2674549161593118,3.470622498200734,2.7790950618152177,46.61458333333333,7.870642015332031,20.044227844238293,17.391930769531257,4.81453513867631
xgb_component,XGB_Pred_MWH,origin_01,2024-10-13 00:00:00-07:00,2024,Fall,10,384,116.30257716666667,117.57983545462291,-1.2772582879562377,3.3119057258046465,2.912832105000336,27.604166666666668,6.288368486523441,12.717503637695302,13.66763992480469,4.045711888871055
lgb_component,LGB_Pred_MWH,origin_17,2026-04-26 00:00:00-07:00,2026,Spring,4,384,127.136992640625,119.09961674129664,8.037375899328351,8.667610335439337,6.455765088161352,90.88541666666666,18.2669232311886,26.116582280175265,9.152582068204794,10.49924923186504
lgb_component,LGB_Pred_MWH,origin_07,2025-07-20 00:00:00-07:00,2025,Summer,7,384,157.82088622916666,151.66033228224754,6.1605539469191335,6.592453223669639,4.070664538459415,89.84375,13.720232814623424,23.40790407234988,7.33626836713276,8.283535140300476
lgb_component,LGB_Pred_MWH,origin_22,2026-07-07 00:00:00-07:00,2026,Summer,7,380,187.94545492105263,186.19322495709565,1.75222996395698,6.583767840201886,3.512100386788108,57.631578947368425,13.144142193342793,29.481547450913524,24.121753540401812,8.59059251011304
lgb_component,LGB_Pred_MWH,origin_12,2025-12-06 23:00:00-08:00,2025,Winter,12,384,139.45845884114584,133.7722257980578,5.686233043088024,6.436217545554272,4.385528097477493,88.80208333333334,12.899994157321611,20.48802200754912,19.99645722496291,7.898456882115524
lgb_component,LGB_Pred_MWH,origin_21,2026-07-06 00:00:00-07:00,2026,Summer,7,380,185.74302035789472,186.02487910715013,-0.28185874925539356,6.193388155791683,3.36528612666149,50.526315789473685,13.18993218067018,23.382984103182622,25.11254542671108,8.00820868908022
lgb_component,LGB_Pred_MWH,origin_23,2026-07-20 00:00:00-07:00,2026,Summer,7,384,200.19178741406247,196.38849659254132,3.8032908215211836,5.614310792418138,2.60265697362501,71.09375,13.69670415368844,30.945437540880334,17.677561011885672,7.8915272469811955
lgb_component,LGB_Pred_MWH,origin_24,2026-07-21 00:00:00-07:00,2026,Summer,7,384,200.7955977239583,197.37165763874557,3.423940085212751,5.340977833586705,2.4308474579834978,68.48958333333334,13.793068767277674,31.56485750400563,15.627977187360074,7.684458650980681
lgb_component,LGB_Pred_MWH,origin_05,2025-05-25 00:00:00-07:00,2025,Spring,5,384,153.69139593489584,155.88483211459035,-2.193436179694513,4.871724984235846,3.0636480188762607,36.97916666666667,10.08046544412981,18.167979397666386,28.18370905642996,6.6234546812789805
lgb_component,LGB_Pred_MWH,origin_08,2025-08-17 00:00:00-07:00,2025,Summer,8,384,187.771909734375,188.48664036513685,-0.7147306307618345,4.850284261862525,2.6589419899821123,48.17708333333333,9.73549899061834,15.416753159632947,32.11941062321111,6.50710352980228
lgb_component,LGB_Pred_MWH,origin_19,2026-05-28 00:00:00-07:00,2026,Spring,5,384,158.50971714583332,156.581823522566,1.9278936232673543,4.797543670544714,3.1827887473709366,70.83333333333334,9.672151238714669,18.714537850753644,16.281411198660805,5.9032418542406
lgb_component,LGB_Pred_MWH,origin_16,2026-03-29 00:00:00-07:00,2026,Spring,3,384,120.51718188281251,117.52435467454372,2.992827208268775,4.699773381008811,3.757828999864559,75.52083333333334,10.362909019007814,20.228810004127908,13.224592523472637,6.123148008489135
lgb_component,LGB_Pred_MWH,origin_20,2026-05-29 00:00:00-07:00,2026,Spring,5,384,163.7729361171875,162.92753264698524,0.8454034702022559,4.616193921353683,2.9680574449565444,64.58333333333334,10.024553099718808,15.152316074031575,20.160797292825492,5.932528444416756
lgb_component,LGB_Pred_MWH,origin_18,2026-05-24 00:00:00-07:00,2026,Spring,5,384,142.90284213541665,141.43934323676055,1.4634988986561055,4.413531659161058,3.2501160974361873,67.70833333333334,9.42507218123651,16.964653035811182,21.16663031063584,5.663823000508445
lgb_component,LGB_Pred_MWH,origin_11,2025-11-08 23:00:00-08:00,2025,Fall,11,384,122.29222068489582,118.57220989093923,3.7200107939565985,4.292523088548196,3.347700640013611,87.5,8.518931610418806,23.735243870064522,9.391667445522174,5.621202087552803
lgb_component,LGB_Pred_MWH,origin_09,2025-09-14 00:00:00-07:00,2025,Summer,9,384,162.83103684895835,162.22245654417773,0.6085803047806062,4.1605390500166495,2.4948144118991817,60.416666666666664,8.92052789832455,14.00176369705899,34.471608928489786,6.021119581765071
lgb_component,LGB_Pred_MWH,origin_14,2026-01-31 23:00:00-08:00,2026,Winter,1,384,120.6618153359375,117.26244821853483,3.3993671174026683,4.109802242813878,3.2835087393700353,84.89583333333334,9.104907370677036,25.30246721316982,7.515875957964255,5.820061195136317
lgb_component,LGB_Pred_MWH,origin_13,2026-01-03 23:00:00-08:00,2026,Winter,1,384,128.126853875,125.34913351769514,2.777720357304854,4.077333914051075,3.125231361472641,79.16666666666666,9.230581719445938,16.76183775517491,10.85381042507241,5.277904832863621
lgb_component,LGB_Pred_MWH,origin_03,2025-03-30 00:00:00-07:00,2025,Spring,3,384,111.3258731328125,108.13463320391044,3.1912399289020486,4.051442633680828,3.5624904481172703,80.20833333333334,7.990570585549031,16.10389010035736,5.155914065714597,5.098264244024142
lgb_component,LGB_Pred_MWH,origin_15,2026-02-28 23:00:00-08:00,2026,Winter,2,384,115.88717167708334,112.84494034288257,3.0422313342007707,3.9068813250372667,3.3165749294139517,81.25,7.37808460087545,12.147986705469378,8.80980997463368,4.6820110953229905
lgb_component,LGB_Pred_MWH,origin_06,2025-06-22 00:00:00-07:00,2025,Summer,6,384,168.52844033593752,168.00240319871298,0.526037137224503,3.88776721126181,2.3182663080416033,54.427083333333336,8.641161792758707,19.435594668795204,20.521885256407387,5.3018116615555195
lgb_component,LGB_Pred_MWH,origin_10,2025-10-12 00:00:00-07:00,2025,Fall,10,384,118.67937204947917,115.65759383196372,3.0217782175154393,3.80213407806076,3.1321516139895524,86.71875,7.30153173809121,13.59074845070596,8.541136141171592,4.601296721636475
lgb_component,LGB_Pred_MWH,origin_02,2024-11-09 23:00:00-08:00,2024,Fall,11,384,116.68925462760417,114.54110552880199,2.148149098802185,3.6582063552535327,2.9930500449257647,70.83333333333334,7.906531485874444,15.355585452319673,11.407017359561237,4.737865593897947
lgb_component,LGB_Pred_MWH,origin_04,2025-04-27 00:00:00-07:00,2025,Spring,4,384,121.913576171875,123.06752511475361,-1.1539489428786032,3.4047016153645155,2.7328127903280226,47.65625,7.494810069637417,17.898118169355996,15.533114671198064,4.676900206838867
lgb_component,LGB_Pred_MWH,origin_01,2024-10-13 00:00:00-07:00,2024,Fall,10,384,116.30257716666667,117.67819787431165,-1.3756207076449825,3.355229879242907,2.9686820679952177,27.34375,6.374086705474803,12.589752095517895,14.516783249258452,4.08419447471811
catboost_benchmark,CatBoost_Pred_MWH,origin_17,2026-04-26 00:00:00-07:00,2026,Spring,4,384,127.136992640625,119.47275420489638,7.6642384357286195,8.262405015460262,6.156421623121964,90.10416666666666,17.372920542809098,23.00209418660981,8.617121397915056,10.00471645042025
catboost_benchmark,CatBoost_Pred_MWH,origin_22,2026-07-07 00:00:00-07:00,2026,Summer,7,380,187.94545492105263,185.5755281223231,2.369926798729495,6.484550650867818,3.4182289077041212,61.578947368421055,13.448559302557506,27.423430302679776,21.567088001579293,8.329091719643017
catboost_benchmark,CatBoost_Pred_MWH,origin_07,2025-07-20 00:00:00-07:00,2025,Summer,7,384,157.82088622916666,151.9823646095761,5.838521619590551,6.240790908885688,3.8539258181813127,89.58333333333334,13.581626317611564,23.9323969025086,7.788676250057506,7.8190743158361835
catboost_benchmark,CatBoost_Pred_MWH,origin_21,2026-07-06 00:00:00-07:00,2026,Summer,7,380,185.74302035789472,185.46701227269034,0.2760080852043913,5.985441979439622,3.242780991243501,53.68421052631579,12.77541760262891,23.03231425864925,25.62178012925662,7.695820158268939
catboost_benchmark,CatBoost_Pred_MWH,origin_12,2025-12-06 23:00:00-08:00,2025,Winter,12,384,139.45845884114584,134.4505964993393,5.007862341806533,5.8857206581398165,3.987756339572283,84.63541666666666,12.259584335926599,20.27912960085368,19.246999503067485,7.350513933450604
catboost_benchmark,CatBoost_Pred_MWH,origin_23,2026-07-20 00:00:00-07:00,2026,Summer,7,384,200.19178741406247,195.99262528160122,4.199162132461285,5.5985212321352185,2.6234909895882232,75.26041666666666,13.677670019973085,29.1752818318391,17.028399577130955,7.7404175180758825
catboost_benchmark,CatBoost_Pred_MWH,origin_24,2026-07-21 00:00:00-07:00,2026,Summer,7,384,200.7955977239583,196.8635885602412,3.9320091637171166,5.415074542310356,2.4591716971655013,75.26041666666666,13.460075004317678,27.218365201266124,14.832089514344972,7.596036125547827
catboost_benchmark,CatBoost_Pred_MWH,origin_19,2026-05-28 00:00:00-07:00,2026,Spring,5,384,158.50971714583332,155.96289416503953,2.5468229807938005,4.986948214917727,3.293009285366606,73.69791666666666,9.997828562689934,17.623754424497577,16.595842808708767,6.084343721899776
catboost_benchmark,CatBoost_Pred_MWH,origin_20,2026-05-29 00:00:00-07:00,2026,Spring,5,384,163.7729361171875,162.2882593476019,1.4846767695856187,4.695830320766961,3.0044359087978445,66.92708333333334,9.81790608197643,15.792928126245172,18.51435192622472,5.935590488331705
catboost_benchmark,CatBoost_Pred_MWH,origin_05,2025-05-25 00:00:00-07:00,2025,Spring,5,384,153.69139593489584,155.71239067536837,-2.02099474047252,4.676774318696121,2.937212000216382,41.66666666666667,10.21114796705501,15.145246492449672,27.28341167940468,6.316706786686896
catboost_benchmark,CatBoost_Pred_MWH,origin_16,2026-03-29 00:00:00-07:00,2026,Spring,3,384,120.51718188281251,117.72002563245447,2.797156250358025,4.618617039825394,3.719332548086138,74.47916666666666,9.815143120017495,21.620094130526837,14.366464649420664,5.9907263337208185
catboost_benchmark,CatBoost_Pred_MWH,origin_08,2025-08-17 00:00:00-07:00,2025,Summer,8,384,187.771909734375,188.89555970758093,-1.123649973205936,4.524228223747109,2.4784547145459865,44.53125,8.945802368406762,13.40897839525752,34.62213829228341,6.244565819731827
catboost_benchmark,CatBoost_Pred_MWH,origin_18,2026-05-24 00:00:00-07:00,2026,Spring,5,384,142.90284213541665,140.8656756104225,2.0371665249941695,4.37237919650357,3.2388563128256664,72.91666666666666,9.19135796565832,17.110230631992323,19.192172908957616,5.592734845345464
catboost_benchmark,CatBoost_Pred_MWH,origin_11,2025-11-08 23:00:00-08:00,2025,Fall,11,384,122.29222068489582,118.86846017372282,3.4237605111730134,4.077176237926613,3.170032636441189,86.45833333333334,7.9943658230738475,22.946316615302166,8.746707636142062,5.47354723544619
catboost_benchmark,CatBoost_Pred_MWH,origin_14,2026-01-31 23:00:00-08:00,2026,Winter,1,384,120.6618153359375,117.39836355779994,3.2634517781375565,4.066603625857931,3.243650613602897,79.94791666666666,9.227732129900074,24.991008737499953,8.368241088297083,5.825895307548564
catboost_benchmark,CatBoost_Pred_MWH,origin_03,2025-03-30 00:00:00-07:00,2025,Spring,3,384,111.3258731328125,108.2440694772194,3.0818036555931045,3.9620200022179843,3.4633483268769627,80.72916666666666,8.584757132843045,16.30390783049353,9.203000545720656,5.047814698203279
catboost_benchmark,CatBoost_Pred_MWH,origin_15,2026-02-28 23:00:00-08:00,2026,Winter,2,384,115.88717167708334,112.79942657449396,3.0877451025893667,3.912958210632668,3.3179403226555095,82.8125,7.319523154426165,14.173372252973792,9.638354836914843,4.677340348505007
catboost_benchmark,CatBoost_Pred_MWH,origin_13,2026-01-03 23:00:00-08:00,2026,Winter,1,384,128.126853875,125.6142240830997,2.5126297919003147,3.867454164936919,2.965145754044489,78.38541666666666,8.804970460085924,17.483650510717,10.577641214630674,5.085443846174329
catboost_benchmark,CatBoost_Pred_MWH,origin_09,2025-09-14 00:00:00-07:00,2025,Summer,9,384,162.83103684895835,162.07554617897898,0.7554906699793521,3.8594607560154546,2.3156988569091737,60.677083333333336,8.638545241554768,15.238438389513192,33.07156641530631,5.660666985054513
catboost_benchmark,CatBoost_Pred_MWH,origin_02,2024-11-09 23:00:00-08:00,2024,Fall,11,384,116.68925462760417,114.08068700973526,2.608567617868899,3.7809180525899655,3.0891627346547517,76.5625,7.899148990225086,15.7008328119895,12.321942957536635,4.8303460980667285
catboost_benchmark,CatBoost_Pred_MWH,origin_06,2025-06-22 00:00:00-07:00,2025,Summer,6,384,168.52844033593752,167.68090383515758,0.8475365007799166,3.7795663986042243,2.2448281929865037,57.552083333333336,7.8098506759885415,18.971103814375823,21.631789458467125,5.074364071625053
catboost_benchmark,CatBoost_Pred_MWH,origin_10,2025-10-12 00:00:00-07:00,2025,Fall,10,384,118.67937204947917,116.13829218009353,2.5410798693856314,3.5137315701105023,2.878482726829295,81.25,7.102006034829818,12.274435040815831,8.949022226865722,4.351922459095836
catboost_benchmark,CatBoost_Pred_MWH,origin_04,2025-04-27 00:00:00-07:00,2025,Spring,4,384,121.913576171875,123.2509583243852,-1.3373821525101939,3.434131215821979,2.717447166258806,44.01041666666667,8.107949732939382,20.221874884800656,17.963888831334828,4.8574032915372705
catboost_benchmark,CatBoost_Pred_MWH,origin_01,2024-10-13 00:00:00-07:00,2024,Fall,10,384,116.30257716666667,117.21916687038068,-0.9165897037140226,3.155694169046177,2.7449033179163482,32.29166666666667,6.144179877431494,13.49229426884358,13.13036879323667,3.9260739594301595
raw_xgb_lgb_production,Raw_Forecast_MWH,origin_17,2026-04-26 00:00:00-07:00,2026,Spring,4,384,127.136992640625,119.24117751713187,7.89581512349313,8.511557189602376,6.339689145515098,90.625,18.01862765039804,24.550864675662865,9.024701728345406,10.304990495304885
raw_xgb_lgb_production,Raw_Forecast_MWH,origin_22,2026-07-07 00:00:00-07:00,2026,Summer,7,380,187.94545492105263,185.9606107728258,1.9848441482268508,6.501426220850925,3.452008529821858,60.26315789473684,13.059173729429125,27.554732498265622,21.924772647002897,8.433619860658862
raw_xgb_lgb_production,Raw_Forecast_MWH,origin_07,2025-07-20 00:00:00-07:00,2025,Summer,7,384,157.82088622916666,151.77620276618225,6.044683462984427,6.447203608542957,3.9796777523121345,90.625,13.624011181850701,22.479086901613726,7.404434638617261,8.08304297313605
raw_xgb_lgb_production,Raw_Forecast_MWH,origin_12,2025-12-06 23:00:00-08:00,2025,Winter,12,384,139.45845884114584,134.0078969560578,5.450561885088025,6.228178668730241,4.233618625886515,86.45833333333334,12.702706339341665,19.953238048141884,19.625331582127444,7.682112717847992
raw_xgb_lgb_production,Raw_Forecast_MWH,origin_21,2026-07-06 00:00:00-07:00,2026,Summer,7,380,185.74302035789472,185.81394903066683,-0.07092867277212223,6.046953528837618,3.2886648145778223,52.10526315789473,12.90867907153079,22.949621289492825,23.306010410889115,7.811855036515862
raw_xgb_lgb_production,Raw_Forecast_MWH,origin_23,2026-07-20 00:00:00-07:00,2026,Summer,7,384,200.19178741406247,196.24073801545407,3.9510493986084274,5.549762580853525,2.5770256902350352,72.13541666666666,13.820695185487182,29.783986552351962,17.403665534997828,7.7757935628690324
raw_xgb_lgb_production,Raw_Forecast_MWH,origin_24,2026-07-21 00:00:00-07:00,2026,Summer,7,384,200.7955977239583,197.17793201005918,3.617665713899162,5.319384415661275,2.4084023818784135,72.13541666666666,13.79501953054468,29.70126274664449,15.19756352890451,7.607281323616808
raw_xgb_lgb_production,Raw_Forecast_MWH,origin_19,2026-05-28 00:00:00-07:00,2026,Spring,5,384,158.50971714583332,156.38030021719854,2.129416928634812,4.809627863484518,3.1926492147691596,72.39583333333334,9.612096979416219,18.075289016537482,15.915282811272448,5.890625921600226
raw_xgb_lgb_production,Raw_Forecast_MWH,origin_05,2025-05-25 00:00:00-07:00,2025,Spring,5,384,153.69139593489584,155.81753669462114,-2.126140759725301,4.73837584769866,2.9769768323639525,38.80208333333333,9.775567383394092,16.68349499394037,27.82456045632813,6.437126195060494
raw_xgb_lgb_production,Raw_Forecast_MWH,origin_08,2025-08-17 00:00:00-07:00,2025,Summer,8,384,187.771909734375,188.61382639698374,-0.8419166626087397,4.663804858320193,2.5591027080437696,47.13541666666667,9.44824575988678,14.303204077464443,33.002004501412955,6.313305252471574
raw_xgb_lgb_production,Raw_Forecast_MWH,origin_16,2026-03-29 00:00:00-07:00,2026,Spring,3,384,120.51718188281251,117.60511796152088,2.9120639212916313,4.644450742309888,3.7222929860405127,75.26041666666666,10.181601273247425,20.462327028417192,13.65693602009,6.048539566587138
raw_xgb_lgb_production,Raw_Forecast_MWH,origin_20,2026-05-29 00:00:00-07:00,2026,Spring,5,384,163.7729361171875,162.71110059994035,1.0618355172471574,4.611008929858547,2.9647907130219315,65.625,9.74296030509882,15.539798861563327,19.467370288552843,5.851352256730755
raw_xgb_lgb_production,Raw_Forecast_MWH,origin_18,2026-05-24 00:00:00-07:00,2026,Spring,5,384,142.90284213541665,141.247319185062,1.6555229503546733,4.338266577927954,3.2142274534058433,68.75,9.595605667776127,16.949968558764567,20.42538193585989,5.576637404763393
raw_xgb_lgb_production,Raw_Forecast_MWH,origin_11,2025-11-08 23:00:00-08:00,2025,Fall,11,384,122.29222068489582,118.66830456386253,3.623916121033304,4.215848291145548,3.283178784803044,87.5,8.47133924847408,23.48295097504358,9.005299069444732,5.5521009780926
raw_xgb_lgb_production,Raw_Forecast_MWH,origin_14,2026-01-31 23:00:00-08:00,2026,Winter,1,384,120.6618153359375,117.31496662642485,3.3468487095126616,4.071832811449096,3.2495443767011025,84.375,9.326543773707611,24.84720051909295,7.9035838660851,5.802778515826378
raw_xgb_lgb_production,Raw_Forecast_MWH,origin_09,2025-09-14 00:00:00-07:00,2025,Summer,9,384,162.83103684895835,162.15807264354046,0.6729642054178729,4.004004038576963,2.3983653768975546,60.9375,8.440679799690471,14.146146206000367,33.90396087487426,5.8242492188677755
raw_xgb_lgb_production,Raw_Forecast_MWH,origin_03,2025-03-30 00:00:00-07:00,2025,Spring,3,384,111.3258731328125,108.18643126727773,3.139441865534781,3.9937401557438403,3.5048507145487515,80.20833333333334,8.217565419578309,16.180461429170066,5.775179909344999,5.040303784221769
raw_xgb_lgb_production,Raw_Forecast_MWH,origin_13,2026-01-03 23:00:00-08:00,2026,Winter,1,384,128.126853875,125.44040101259931,2.686452862400681,3.9888600057207806,3.0572078900705892,78.90625,8.8614565652455,16.98330812593308,10.691802116039469,5.18475494574931
raw_xgb_lgb_production,Raw_Forecast_MWH,origin_15,2026-02-28 23:00:00-08:00,2026,Winter,2,384,115.88717167708334,112.82667721882814,3.0604944582551865,3.898251678611602,3.3079014068596404,81.77083333333334,7.255253979822094,12.660486892267585,9.144965569203094,4.660232196711369
raw_xgb_lgb_production,Raw_Forecast_MWH,origin_06,2025-06-22 00:00:00-07:00,2025,Summer,6,384,168.52844033593752,167.8837441062328,0.6446962297047005,3.801646307844327,2.2654320138709787,54.947916666666664,8.423652105167381,18.446368048594053,19.837883543500652,5.1479199802619195
raw_xgb_lgb_production,Raw_Forecast_MWH,origin_02,2024-11-09 23:00:00-08:00,2024,Fall,11,384,116.68925462760417,114.37882208652978,2.310432541074388,3.6781597135882453,3.005770390041849,72.65625,8.104734510939064,15.45515586090184,11.69556647254494,4.736897610959028
raw_xgb_lgb_production,Raw_Forecast_MWH,origin_10,2025-10-12 00:00:00-07:00,2025,Fall,10,384,118.67937204947917,115.81669334705514,2.8626787024240383,3.6739603302888546,3.0187834459700276,84.63541666666666,7.246205695587796,12.952927669620777,8.325959397719174,4.482124994081355
raw_xgb_lgb_production,Raw_Forecast_MWH,origin_04,2025-04-27 00:00:00-07:00,2025,Spring,4,384,121.913576171875,123.14307733545273,-1.2295011635777342,3.3830635927290325,2.7033509068837334,46.35416666666667,7.395003082757905,18.92604398724984,15.281500134363512,4.698480165416252
raw_xgb_lgb_production,Raw_Forecast_MWH,origin_01,2024-10-13 00:00:00-07:00,2024,Fall,10,384,116.30257716666667,117.50770078096694,-1.2051236143002753,3.253919781662605,2.86198447063749,29.166666666666668,6.085425022826845,12.637528796105954,13.946623857205452,3.9899037957758248
targeted_residual_meta_adjusted,Targeted_Meta_Adjusted_Forecast_MWH,origin_17,2026-04-26 00:00:00-07:00,2026,Spring,4,384,127.136992640625,121.26576049652664,5.871232144098361,6.797237888996066,5.061323746958425,86.19791666666666,14.463283354818293,21.24932558009155,9.08309538461539,8.386294783028607
targeted_residual_meta_adjusted,Targeted_Meta_Adjusted_Forecast_MWH,origin_22,2026-07-07 00:00:00-07:00,2026,Summer,7,380,187.94545492105263,185.83708256815368,2.108372352898947,6.573164945051442,3.4629184783612734,58.42105263157895,13.673278262327589,28.214140843129286,23.778487378478417,8.612445574035423
targeted_residual_meta_adjusted,Targeted_Meta_Adjusted_Forecast_MWH,origin_21,2026-07-06 00:00:00-07:00,2026,Summer,7,380,185.74302035789472,185.60291701025864,0.14010334763608304,6.013019542334023,3.253620975239447,50.526315789473685,12.837016685025878,25.155936908309855,24.94740932864255,7.8572262771368475
targeted_residual_meta_adjusted,Targeted_Meta_Adjusted_Forecast_MWH,origin_07,2025-07-20 00:00:00-07:00,2025,Summer,7,384,157.82088622916666,152.6421791461336,5.17870708303305,5.796277614593358,3.510329266765042,85.9375,12.832075193470057,21.625459850740754,9.862013082407316,7.498140971855257
targeted_residual_meta_adjusted,Targeted_Meta_Adjusted_Forecast_MWH,origin_23,2026-07-20 00:00:00-07:00,2026,Summer,7,384,200.19178741406247,195.95035354677586,4.241433867286667,5.432939938780958,2.4796134886330905,72.65625,13.799756898666402,29.92884673716503,13.733002933754562,7.788338338978718
targeted_residual_meta_adjusted,Targeted_Meta_Adjusted_Forecast_MWH,origin_08,2025-08-17 00:00:00-07:00,2025,Summer,8,384,187.771909734375,190.1974664419988,-2.4255567076238225,5.309929287408288,2.9435945137337822,32.03125,10.911279025397805,14.303204077464443,36.653556660308965,7.097614702227473
targeted_residual_meta_adjusted,Targeted_Meta_Adjusted_Forecast_MWH,origin_24,2026-07-21 00:00:00-07:00,2026,Summer,7,384,200.7955977239583,196.647831364871,4.147766359087334,5.2974492636766675,2.3580620728856516,73.95833333333334,13.720812780086254,29.864393183730726,13.731991139770685,7.667946494464873
targeted_residual_meta_adjusted,Targeted_Meta_Adjusted_Forecast_MWH,origin_05,2025-05-25 00:00:00-07:00,2025,Spring,5,384,153.69139593489584,154.44849640911974,-0.7571004742238986,4.549250667084006,2.826220058858905,46.09375,9.754584601258511,20.768889166059978,27.82456045632813,6.452259929949559
targeted_residual_meta_adjusted,Targeted_Meta_Adjusted_Forecast_MWH,origin_02,2024-11-09 23:00:00-08:00,2024,Fall,11,384,116.68925462760417,113.00592835230492,3.6833262752992444,4.295762826176309,3.4857988631756935,82.8125,8.971128706979743,16.943894342968775,10.41113034677889,5.479445697018931
targeted_residual_meta_adjusted,Targeted_Meta_Adjusted_Forecast_MWH,origin_16,2026-03-29 00:00:00-07:00,2026,Spring,3,384,120.51718188281251,118.3333838679431,2.183798014869399,4.204244500122468,3.4045171489318555,67.70833333333334,9.230798457721262,19.204654516005803,13.284380793992028,5.497931893558365
targeted_residual_meta_adjusted,Targeted_Meta_Adjusted_Forecast_MWH,origin_20,2026-05-29 00:00:00-07:00,2026,Spring,5,384,163.7729361171875,164.36307795125757,-0.5901418340700677,4.085371949370213,2.547092531794489,48.69791666666667,9.571951586849487,13.542721935434187,19.85885257285028,5.519856980467948
targeted_residual_meta_adjusted,Targeted_Meta_Adjusted_Forecast_MWH,origin_19,2026-05-28 00:00:00-07:00,2026,Spring,5,384,158.50971714583332,158.00897996876452,0.5007371770688217,3.988266687870371,2.5516709453063333,62.239583333333336,9.219266772542335,14.018702946723863,16.08072678639536,5.227255812876002
targeted_residual_meta_adjusted,Targeted_Meta_Adjusted_Forecast_MWH,origin_18,2026-05-24 00:00:00-07:00,2026,Spring,5,384,142.90284213541665,143.32971114114676,-0.42686900573007747,3.9743411048836133,2.8492412279827506,49.21875,8.797807924002518,12.267947624823051,21.854478758295244,5.333088176209057
targeted_residual_meta_adjusted,Targeted_Meta_Adjusted_Forecast_MWH,origin_09,2025-09-14 00:00:00-07:00,2025,Summer,9,384,162.83103684895835,163.2692740400291,-0.43823719107078296,3.914068634868414,2.356939341412626,48.4375,8.349116643615336,11.774819977814218,34.75616643520837,5.956230433553288
targeted_residual_meta_adjusted,Targeted_Meta_Adjusted_Forecast_MWH,origin_12,2025-12-06 23:00:00-08:00,2025,Winter,12,384,139.45845884114584,137.08829163063703,2.3701672105087894,3.790952336583999,2.6230515858021977,78.64583333333334,7.478530204383097,11.953238048141884,27.625331582127444,4.968771978545319
targeted_residual_meta_adjusted,Targeted_Meta_Adjusted_Forecast_MWH,origin_06,2025-06-22 00:00:00-07:00,2025,Summer,6,384,168.52844033593752,167.4297303359643,1.098709999973175,3.7357220910134803,2.238065291958218,59.114583333333336,8.326684040548635,18.690850320932498,19.143135262909283,5.082424446609437
targeted_residual_meta_adjusted,Targeted_Meta_Adjusted_Forecast_MWH,origin_15,2026-02-28 23:00:00-08:00,2026,Winter,2,384,115.88717167708334,113.42252114381144,2.464650533271896,3.59619279008655,3.0647678845652155,78.38541666666666,6.918023655288871,10.681769784637183,8.960228838201374,4.321117662226138
targeted_residual_meta_adjusted,Targeted_Meta_Adjusted_Forecast_MWH,origin_13,2026-01-03 23:00:00-08:00,2026,Winter,1,384,128.126853875,126.25799762447679,1.868856250523215,3.510309698565442,2.696698934344098,71.875,8.246238832515806,17.731911384730836,11.647384484736904,4.726515602178009
targeted_residual_meta_adjusted,Targeted_Meta_Adjusted_Forecast_MWH,origin_03,2025-03-30 00:00:00-07:00,2025,Spring,3,384,111.3258731328125,109.18221083174713,2.143662301065361,3.4599691262970023,3.027048686720061,68.22916666666666,6.878623468150703,14.69158601494918,7.038414494064881,4.435830948971005
targeted_residual_meta_adjusted,Targeted_Meta_Adjusted_Forecast_MWH,origin_11,2025-11-08 23:00:00-08:00,2025,Fall,11,384,122.29222068489582,120.03969793559462,2.252522749301227,3.246221671129197,2.5343890654117174,77.34375,6.616932538122473,22.623726265828978,10.626223063151869,4.60604507435561
targeted_residual_meta_adjusted,Targeted_Meta_Adjusted_Forecast_MWH,origin_14,2026-01-31 23:00:00-08:00,2026,Winter,1,384,120.6618153359375,118.46223328293344,2.199582053004059,3.2322342436975107,2.5745292144140417,70.83333333333334,7.774407796984674,21.158548247499027,8.456695420572643,4.703336956718041
targeted_residual_meta_adjusted,Targeted_Meta_Adjusted_Forecast_MWH,origin_04,2025-04-27 00:00:00-07:00,2025,Spring,4,384,121.913576171875,123.01929192851692,-1.105715756641918,2.9392594509445025,2.3266369352708662,43.75,6.593043652279709,18.39379482709137,15.281500134363512,4.198105860847142
targeted_residual_meta_adjusted,Targeted_Meta_Adjusted_Forecast_MWH,origin_10,2025-10-12 00:00:00-07:00,2025,Fall,10,384,118.67937204947917,116.86393173627131,1.8154403132078505,2.8734719922609777,2.35518671300473,77.08333333333334,6.1612057871544135,11.220190895048802,9.59623755616019,3.6759140506195984
targeted_residual_meta_adjusted,Targeted_Meta_Adjusted_Forecast_MWH,origin_01,2024-10-13 00:00:00-07:00,2024,Fall,10,384,116.30257716666667,115.28316543409458,1.0194117325720904,2.6720996284516185,2.181384145501755,51.041666666666664,6.735635708754908,16.34231349304926,9.998720014868297,3.902110940151437
residual_calibrated,Residual_Calibrated_Forecast_MWH,origin_22,2026-07-07 00:00:00-07:00,2026,Summer,7,380,187.94545492105263,185.4525969586078,2.492857962444813,6.7915689017880485,3.534740465568236,60.78947368421053,14.964916199016459,29.4717066885855,24.82783138368893,8.99391160763613
residual_calibrated,Residual_Calibrated_Forecast_MWH,origin_21,2026-07-06 00:00:00-07:00,2026,Summer,7,380,185.74302035789472,184.96950410563898,0.7735162522557736,6.045542618438776,3.226660589702008,52.63157894736842,13.662308925525144,27.35329418890214,25.61650428287257,8.047416644916293
residual_calibrated,Residual_Calibrated_Forecast_MWH,origin_08,2025-08-17 00:00:00-07:00,2025,Summer,8,384,187.771909734375,191.85636404256311,-4.08445430818811,5.896901635937078,3.3495852093542116,23.4375,11.676744521003116,11.385051496985,39.365826634951986,7.8236430721216585
residual_calibrated,Residual_Calibrated_Forecast_MWH,origin_17,2026-04-26 00:00:00-07:00,2026,Spring,4,384,127.136992640625,122.71571783003593,4.421274810589078,5.722145586755297,4.268151128691891,79.6875,12.357336704740272,18.284253533033194,10.11372533894236,7.176402529853778
residual_calibrated,Residual_Calibrated_Forecast_MWH,origin_23,2026-07-20 00:00:00-07:00,2026,Summer,7,384,200.19178741406247,195.6032478936513,4.58853952041121,5.64243320609502,2.5761921881067074,75.78125,14.034450976704209,30.323496624582504,11.882930789563716,7.994392094453431
residual_calibrated,Residual_Calibrated_Forecast_MWH,origin_24,2026-07-21 00:00:00-07:00,2026,Summer,7,384,200.7955977239583,196.18968537738405,4.605912346574304,5.6252603515579835,2.5147579021429514,75.26041666666666,13.989307104402517,30.415865903645226,12.356965788838949,8.011535509727294
residual_calibrated,Residual_Calibrated_Forecast_MWH,origin_07,2025-07-20 00:00:00-07:00,2025,Summer,7,384,157.82088622916666,153.15557807693142,4.665308152235253,5.407042102821003,3.2865912651776004,83.33333333333334,11.909541211105527,21.26010125341665,10.336546817314627,7.035398494618621
residual_calibrated,Residual_Calibrated_Forecast_MWH,origin_02,2024-11-09 23:00:00-08:00,2024,Fall,11,384,116.68925462760417,112.49610917756287,4.193145450041288,4.624559107907712,3.7878455184154354,87.76041666666666,8.994874539671398,16.814955707561666,10.082326973066415,5.741403399883183
residual_calibrated,Residual_Calibrated_Forecast_MWH,origin_05,2025-05-25 00:00:00-07:00,2025,Spring,5,384,153.69139593489584,153.76409168783294,-0.07269575293710955,4.523056553048124,2.8211975349613727,50.260416666666664,10.282794678983688,22.256414072221617,26.678872365763283,6.4326184553475905
residual_calibrated,Residual_Calibrated_Forecast_MWH,origin_20,2026-05-29 00:00:00-07:00,2026,Spring,5,384,163.7729361171875,166.07710900500464,-2.3041728878171437,4.372379858136043,2.705471825031997,34.375,10.26550912933192,13.069034762895882,20.69738456785035,5.892161539973161
residual_calibrated,Residual_Calibrated_Forecast_MWH,origin_18,2026-05-24 00:00:00-07:00,2026,Spring,5,384,142.90284213541665,144.93737568386118,-2.0345335484445144,4.271896754171122,2.989633626189408,36.97916666666667,9.248271696302755,11.184203570957152,23.0085638148374,5.750948866829641
residual_calibrated,Residual_Calibrated_Forecast_MWH,origin_16,2026-03-29 00:00:00-07:00,2026,Spring,3,384,120.51718188281251,119.27559604719683,1.2415858356156761,3.9583171410579747,3.219938349769538,61.197916666666664,8.522904553187093,18.884948828850696,14.360432071755255,5.139147428437326
residual_calibrated,Residual_Calibrated_Forecast_MWH,origin_09,2025-09-14 00:00:00-07:00,2025,Summer,9,384,162.83103684895835,164.4819228990548,-1.650886050096462,3.8914865183932794,2.4136064797945136,39.58333333333333,7.413955521382865,8.968275700981565,35.87208726248096,6.18317262177377
residual_calibrated,Residual_Calibrated_Forecast_MWH,origin_19,2026-05-28 00:00:00-07:00,2026,Spring,5,384,158.50971714583332,159.49826222320425,-0.9885450773709202,3.8823364304521792,2.4264239917105574,45.3125,9.821360551238254,13.652124049560697,16.718159399754427,5.25799255369976
residual_calibrated,Residual_Calibrated_Forecast_MWH,origin_06,2025-06-22 00:00:00-07:00,2025,Summer,6,384,168.52844033593752,167.0889011994864,1.4395391364510886,3.8680366424700097,2.3239665024153484,60.9375,8.492261241534642,17.918679283087954,18.116494695209667,5.189543270140872
residual_calibrated,Residual_Calibrated_Forecast_MWH,origin_13,2026-01-03 23:00:00-08:00,2026,Winter,1,384,128.126853875,127.98119300422378,0.14566087077620848,3.1123953789275873,2.42102418646454,50.260416666666664,7.118874103439384,15.791586220857909,13.93842068625672,4.352284689836108
residual_calibrated,Residual_Calibrated_Forecast_MWH,origin_04,2025-04-27 00:00:00-07:00,2025,Spring,4,384,121.913576171875,123.79795859852207,-1.884382426647074,3.0584190076738325,2.435308774648696,29.6875,6.9024010460272756,17.90815300048112,15.858096837232637,4.2997816231085615
residual_calibrated,Residual_Calibrated_Forecast_MWH,origin_03,2025-03-30 00:00:00-07:00,2025,Spring,3,384,111.3258731328125,110.41482737386862,0.9110457589438751,3.0331220294009875,2.6610011390328383,58.333333333333336,6.162275586112537,14.052709966719277,7.323667448019506,3.857693129222167
residual_calibrated,Residual_Calibrated_Forecast_MWH,origin_15,2026-02-28 23:00:00-08:00,2026,Winter,2,384,115.88717167708334,114.75336901463255,1.1338026624507804,3.0292156786711164,2.5814843811971113,63.541666666666664,6.102557913943001,9.159382985541413,10.19510374517128,3.72543904471686
residual_calibrated,Residual_Calibrated_Forecast_MWH,origin_12,2025-12-06 23:00:00-08:00,2025,Winter,12,384,139.45845884114584,138.48227755123574,0.9761812899100802,2.9843301761380796,2.095062906114197,69.27083333333334,5.847225788629626,9.800805585380886,29.97617692852856,4.330154656172141
residual_calibrated,Residual_Calibrated_Forecast_MWH,origin_14,2026-01-31 23:00:00-08:00,2026,Winter,1,384,120.6618153359375,119.92613320795412,0.7356821279833851,2.882566602718656,2.2995043364604197,51.822916666666664,6.871176521871322,19.877245651836162,9.661817709306206,4.203118335682594
residual_calibrated,Residual_Calibrated_Forecast_MWH,origin_01,2024-10-13 00:00:00-07:00,2024,Fall,10,384,116.30257716666667,114.14859857216442,2.153978594502245,2.872161334058877,2.2962605501470157,73.4375,7.7184649465325945,16.972643397440038,8.958412126819525,4.24841020475417
residual_calibrated,Residual_Calibrated_Forecast_MWH,origin_11,2025-11-08 23:00:00-08:00,2025,Fall,11,384,122.29222068489582,121.0552629838795,1.2369577010163404,2.8194468190490682,2.219060197813677,65.625,5.918586587368777,22.060815411627942,11.223009605622323,4.239241499994709
residual_calibrated,Residual_Calibrated_Forecast_MWH,origin_10,2025-10-12 00:00:00-07:00,2025,Fall,10,384,118.67937204947917,117.66375881201152,1.015613237467635,2.5133007647925423,2.0626362384750396,67.70833333333334,5.741683917150683,10.672971873341197,10.150739762297562,3.3257294448395185
warm_ramp_adjusted,Warm_Ramp_Adjusted_Forecast_MWH,origin_22,2026-07-07 00:00:00-07:00,2026,Summer,7,380,187.94545492105263,185.4525969586078,2.492857962444813,6.7915689017880485,3.534740465568236,60.78947368421053,14.964916199016459,29.4717066885855,24.82783138368893,8.99391160763613
warm_ramp_adjusted,Warm_Ramp_Adjusted_Forecast_MWH,origin_21,2026-07-06 00:00:00-07:00,2026,Summer,7,380,185.74302035789472,184.96950410563898,0.7735162522557736,6.045542618438776,3.226660589702008,52.63157894736842,13.662308925525144,27.35329418890214,25.61650428287257,8.047416644916293
warm_ramp_adjusted,Warm_Ramp_Adjusted_Forecast_MWH,origin_08,2025-08-17 00:00:00-07:00,2025,Summer,8,384,187.771909734375,191.85636404256311,-4.08445430818811,5.896901635937078,3.3495852093542116,23.4375,11.676744521003116,11.385051496985,39.365826634951986,7.8236430721216585
warm_ramp_adjusted,Warm_Ramp_Adjusted_Forecast_MWH,origin_23,2026-07-20 00:00:00-07:00,2026,Summer,7,384,200.19178741406247,195.6032478936513,4.58853952041121,5.64243320609502,2.5761921881067074,75.78125,14.034450976704209,30.323496624582504,11.882930789563716,7.994392094453431
warm_ramp_adjusted,Warm_Ramp_Adjusted_Forecast_MWH,origin_24,2026-07-21 00:00:00-07:00,2026,Summer,7,384,200.7955977239583,196.18968537738405,4.605912346574304,5.6252603515579835,2.5147579021429514,75.26041666666666,13.989307104402517,30.415865903645226,12.356965788838949,8.011535509727294
warm_ramp_adjusted,Warm_Ramp_Adjusted_Forecast_MWH,origin_07,2025-07-20 00:00:00-07:00,2025,Summer,7,384,157.82088622916666,153.15557807693142,4.665308152235253,5.407042102821003,3.2865912651776004,83.33333333333334,11.909541211105527,21.26010125341665,10.336546817314627,7.035398494618621
warm_ramp_adjusted,Warm_Ramp_Adjusted_Forecast_MWH,origin_17,2026-04-26 00:00:00-07:00,2026,Spring,4,384,127.136992640625,123.26116736295221,3.875825277672788,5.3455735130893265,4.05579302058294,78.64583333333334,10.825530660276385,16.823397564369486,10.11372533894236,6.598766009574835
warm_ramp_adjusted,Warm_Ramp_Adjusted_Forecast_MWH,origin_05,2025-05-25 00:00:00-07:00,2025,Spring,5,384,153.69139593489584,153.62693531543235,0.06446061946348136,4.637434814570592,2.896751173182013,51.041666666666664,10.282794678983688,22.256414072221617,26.678872365763283,6.508914389018361
warm_ramp_adjusted,Warm_Ramp_Adjusted_Forecast_MWH,origin_02,2024-11-09 23:00:00-08:00,2024,Fall,11,384,116.68925462760417,112.49610917756287,4.193145450041288,4.624559107907712,3.7878455184154354,87.76041666666666,8.994874539671398,16.814955707561666,10.082326973066415,5.741403399883183
warm_ramp_adjusted,Warm_Ramp_Adjusted_Forecast_MWH,origin_18,2026-05-24 00:00:00-07:00,2026,Spring,5,384,142.90284213541665,145.19460422191796,-2.291762086501301,4.331245173906054,3.037031091627794,35.15625,9.322559829167309,11.184203570957152,23.0085638148374,5.858378957381482
warm_ramp_adjusted,Warm_Ramp_Adjusted_Forecast_MWH,origin_20,2026-05-29 00:00:00-07:00,2026,Spring,5,384,163.7729361171875,166.16717933836713,-2.3942432211796425,4.29409157421589,2.6584794508794687,33.33333333333333,10.26550912933192,13.069034762895882,20.69738456785035,5.853908924427106
warm_ramp_adjusted,Warm_Ramp_Adjusted_Forecast_MWH,origin_16,2026-03-29 00:00:00-07:00,2026,Spring,3,384,120.51718188281251,119.91011839131885,0.6070634914936621,3.9564904994580172,3.2282534246591066,57.552083333333336,8.158117332843059,18.884948828850696,15.531606142804264,5.179236741642474
warm_ramp_adjusted,Warm_Ramp_Adjusted_Forecast_MWH,origin_09,2025-09-14 00:00:00-07:00,2025,Summer,9,384,162.83103684895835,164.4819228990548,-1.650886050096462,3.8914865183932794,2.4136064797945136,39.58333333333333,7.413955521382865,8.968275700981565,35.87208726248096,6.18317262177377
warm_ramp_adjusted,Warm_Ramp_Adjusted_Forecast_MWH,origin_06,2025-06-22 00:00:00-07:00,2025,Summer,6,384,168.52844033593752,167.0889011994864,1.4395391364510886,3.8680366424700097,2.3239665024153484,60.9375,8.492261241534642,17.918679283087954,18.116494695209667,5.189543270140872
warm_ramp_adjusted,Warm_Ramp_Adjusted_Forecast_MWH,origin_19,2026-05-28 00:00:00-07:00,2026,Spring,5,384,158.50971714583332,159.57955098408317,-1.0698338382498498,3.816189474986165,2.3868507954102944,44.53125,9.776206460521234,13.652124049560697,16.718159399754427,5.209926522873373
warm_ramp_adjusted,Warm_Ramp_Adjusted_Forecast_MWH,origin_13,2026-01-03 23:00:00-08:00,2026,Winter,1,384,128.126853875,127.98119300422378,0.14566087077620848,3.1123953789275873,2.42102418646454,50.260416666666664,7.118874103439384,15.791586220857909,13.93842068625672,4.352284689836108
warm_ramp_adjusted,Warm_Ramp_Adjusted_Forecast_MWH,origin_03,2025-03-30 00:00:00-07:00,2025,Spring,3,384,111.3258731328125,110.56643117553394,0.7594419572785677,3.082463746845774,2.696688816045109,58.072916666666664,6.046872618755711,14.052709966719277,8.736209377322368,3.9064371011918038
warm_ramp_adjusted,Warm_Ramp_Adjusted_Forecast_MWH,origin_15,2026-02-28 23:00:00-08:00,2026,Winter,2,384,115.88717167708334,114.75336901463255,1.1338026624507804,3.0292156786711164,2.5814843811971113,63.541666666666664,6.102557913943001,9.159382985541413,10.19510374517128,3.72543904471686
warm_ramp_adjusted,Warm_Ramp_Adjusted_Forecast_MWH,origin_04,2025-04-27 00:00:00-07:00,2025,Spring,4,384,121.913576171875,123.70882104194446,-1.7952448700694479,3.0039745160309113,2.389050311252915,29.947916666666668,6.598829646191466,17.90815300048112,15.858096837232637,4.2122449482515725
warm_ramp_adjusted,Warm_Ramp_Adjusted_Forecast_MWH,origin_12,2025-12-06 23:00:00-08:00,2025,Winter,12,384,139.45845884114584,138.48227755123574,0.9761812899100802,2.9843301761380796,2.095062906114197,69.27083333333334,5.847225788629626,9.800805585380886,29.97617692852856,4.330154656172141
warm_ramp_adjusted,Warm_Ramp_Adjusted_Forecast_MWH,origin_01,2024-10-13 00:00:00-07:00,2024,Fall,10,384,116.30257716666667,114.06121218564904,2.2413649810176284,2.9717736629874936,2.3646040063208136,73.69791666666666,7.8643087744808735,16.880874440558387,8.958412126819525,4.342837505282081
warm_ramp_adjusted,Warm_Ramp_Adjusted_Forecast_MWH,origin_14,2026-01-31 23:00:00-08:00,2026,Winter,1,384,120.6618153359375,119.92613320795412,0.7356821279833851,2.882566602718656,2.2995043364604197,51.822916666666664,6.871176521871322,19.877245651836162,9.661817709306206,4.203118335682594
warm_ramp_adjusted,Warm_Ramp_Adjusted_Forecast_MWH,origin_11,2025-11-08 23:00:00-08:00,2025,Fall,11,384,122.29222068489582,121.10613429123026,1.1860863936655794,2.8262895266638157,2.2245219602220843,65.36458333333334,5.95192783417082,22.060815411627942,11.223009605622323,4.2644804501384455
warm_ramp_adjusted,Warm_Ramp_Adjusted_Forecast_MWH,origin_10,2025-10-12 00:00:00-07:00,2025,Fall,10,384,118.67937204947917,117.79245667431786,0.8869153751613105,2.3956706149655176,1.982938829623178,66.14583333333334,5.42794719116666,10.672971873341197,10.150739762297562,3.1798140501352297
cloud_solar_adjusted,Cloud_Solar_Adjusted_Forecast_MWH,origin_22,2026-07-07 00:00:00-07:00,2026,Summer,7,380,187.94545492105263,185.45310092801944,2.4923539930331806,6.786646142555587,3.5325591800811695,60.78947368421053,14.964916199016459,29.19811309432211,24.82783138368893,8.98920355949586
cloud_solar_adjusted,Cloud_Solar_Adjusted_Forecast_MWH,origin_21,2026-07-06 00:00:00-07:00,2026,Summer,7,380,185.74302035789472,184.96669008625165,0.7763302716431028,6.046464625404659,3.227003783057538,52.63157894736842,13.662308925525144,27.14299472295042,25.61650428287257,8.045977482598445
cloud_solar_adjusted,Cloud_Solar_Adjusted_Forecast_MWH,origin_08,2025-08-17 00:00:00-07:00,2025,Summer,8,384,187.771909734375,191.8628067804232,-4.090897046048198,5.903766913348836,3.3527388792911084,23.4375,11.714989510474588,11.385051496985,39.365826634951986,7.833510579636187
cloud_solar_adjusted,Cloud_Solar_Adjusted_Forecast_MWH,origin_23,2026-07-20 00:00:00-07:00,2026,Summer,7,384,200.19178741406247,195.5962905348002,4.595496879262301,5.626578102084359,2.5697286063889977,75.78125,14.147765770725378,30.323496624582504,11.054731705885786,7.984875648206864
cloud_solar_adjusted,Cloud_Solar_Adjusted_Forecast_MWH,origin_24,2026-07-21 00:00:00-07:00,2026,Summer,7,384,200.7955977239583,196.18238934325146,4.613208380706866,5.612843293168473,2.5105390537874492,75.0,13.880269379539595,30.415865903645226,12.356965788838949,8.005831244203124
cloud_solar_adjusted,Cloud_Solar_Adjusted_Forecast_MWH,origin_07,2025-07-20 00:00:00-07:00,2025,Summer,7,384,157.82088622916666,153.15360024643857,4.6672859827281075,5.410318589264154,3.289526185363784,83.33333333333334,11.909541211105527,21.26010125341665,10.154706214916246,7.036717159145471
cloud_solar_adjusted,Cloud_Solar_Adjusted_Forecast_MWH,origin_17,2026-04-26 00:00:00-07:00,2026,Spring,4,384,127.136992640625,123.29228132366096,3.8447113169640494,5.298782076401839,4.01726305722823,78.64583333333334,10.703517165766325,17.730266583394695,10.210041049655999,6.555160159627988
cloud_solar_adjusted,Cloud_Solar_Adjusted_Forecast_MWH,origin_05,2025-05-25 00:00:00-07:00,2025,Spring,5,384,153.69139593489584,153.63240996252588,0.05898597236993175,4.6358332086991565,2.8953317472670714,51.041666666666664,10.282794678983688,22.256414072221617,26.678872365763283,6.507829149593958
cloud_solar_adjusted,Cloud_Solar_Adjusted_Forecast_MWH,origin_02,2024-11-09 23:00:00-08:00,2024,Fall,11,384,116.68925462760417,112.54645571140371,4.142798916200472,4.555567579215445,3.7406370605303825,88.54166666666666,8.377942237003573,16.83909708631876,9.686388253492098,5.6440385523660375
cloud_solar_adjusted,Cloud_Solar_Adjusted_Forecast_MWH,origin_18,2026-05-24 00:00:00-07:00,2026,Spring,5,384,142.90284213541665,145.2333312080393,-2.3304890726226044,4.321093158302874,3.0295549988916517,34.89583333333333,9.337441509210871,9.453514129453225,23.0085638148374,5.849684844270535
cloud_solar_adjusted,Cloud_Solar_Adjusted_Forecast_MWH,origin_20,2026-05-29 00:00:00-07:00,2026,Spring,5,384,163.7729361171875,166.195866244224,-2.422930127036492,4.275593122566785,2.64384561504075,33.07291666666667,10.177959739732248,10.238720675851056,20.69738456785035,5.8296931126747875
cloud_solar_adjusted,Cloud_Solar_Adjusted_Forecast_MWH,origin_16,2026-03-29 00:00:00-07:00,2026,Spring,3,384,120.51718188281251,119.96126709735404,0.5559147854584565,3.9376315273257223,3.216239571153595,56.510416666666664,7.945872577750646,17.11558180279073,15.531606142804264,5.137398610628755
cloud_solar_adjusted,Cloud_Solar_Adjusted_Forecast_MWH,origin_09,2025-09-14 00:00:00-07:00,2025,Summer,9,384,162.83103684895835,164.48325939679816,-1.6522225478398251,3.8969792554214426,2.4162614066613144,39.84375,7.38944435088949,8.968275700981565,36.41334292588766,6.213723559896921
cloud_solar_adjusted,Cloud_Solar_Adjusted_Forecast_MWH,origin_06,2025-06-22 00:00:00-07:00,2025,Summer,6,384,168.52844033593752,167.08313730677662,1.4453030291608882,3.8607819956283347,2.3194947859854818,60.9375,8.428843900711124,17.918679283087954,18.116494695209667,5.183117993027545
cloud_solar_adjusted,Cloud_Solar_Adjusted_Forecast_MWH,origin_19,2026-05-28 00:00:00-07:00,2026,Spring,5,384,158.50971714583332,159.61269321114943,-1.1029760653161058,3.7934024925055336,2.3704918180153522,44.53125,9.658742135699685,11.07393875346591,16.718159399754427,5.174682125202105
cloud_solar_adjusted,Cloud_Solar_Adjusted_Forecast_MWH,origin_13,2026-01-03 23:00:00-08:00,2026,Winter,1,384,128.126853875,128.1154990555921,0.011354819407895475,3.203634873030086,2.4975408734651903,50.260416666666664,7.4028891456379045,15.710283026841452,16.809115615751466,4.493399643455046
cloud_solar_adjusted,Cloud_Solar_Adjusted_Forecast_MWH,origin_03,2025-03-30 00:00:00-07:00,2025,Spring,3,384,111.3258731328125,110.5760914930213,0.7497816397912122,3.0885307879916724,2.702846756994244,57.8125,5.971845022549857,14.157186347066357,8.736209377322368,3.8985771976695616
cloud_solar_adjusted,Cloud_Solar_Adjusted_Forecast_MWH,origin_15,2026-02-28 23:00:00-08:00,2026,Winter,2,384,115.88717167708334,114.71922753152529,1.1679441455580326,3.0468349072087264,2.596782353924444,64.0625,6.189665311550286,9.403658497308669,10.334763908704744,3.748042314875496
cloud_solar_adjusted,Cloud_Solar_Adjusted_Forecast_MWH,origin_01,2024-10-13 00:00:00-07:00,2024,Fall,10,384,116.30257716666667,113.99622392787005,2.306353238796614,3.016846993233879,2.4034134899539237,74.21875,7.926986247584439,16.979832983837127,8.958412126819525,4.414446667676914
cloud_solar_adjusted,Cloud_Solar_Adjusted_Forecast_MWH,origin_04,2025-04-27 00:00:00-07:00,2025,Spring,4,384,121.913576171875,123.71949442190702,-1.8059182500320194,3.0098398544477045,2.394621153273179,29.427083333333332,6.598829646191466,17.841023561318053,15.858096837232637,4.2132525696927425
cloud_solar_adjusted,Cloud_Solar_Adjusted_Forecast_MWH,origin_12,2025-12-06 23:00:00-08:00,2025,Winter,12,384,139.45845884114584,138.7216341133087,0.7368247278371242,2.9086005717157786,2.0486351148115065,65.88541666666666,5.4503217459499895,9.649641820971937,30.497786769467353,4.3314634718245
cloud_solar_adjusted,Cloud_Solar_Adjusted_Forecast_MWH,origin_14,2026-01-31 23:00:00-08:00,2026,Winter,1,384,120.6618153359375,119.9929591594066,0.6688561765309157,2.860144421253297,2.284534631256857,51.302083333333336,6.558599321524472,19.749193360332654,9.644495072842076,4.1482256613683814
cloud_solar_adjusted,Cloud_Solar_Adjusted_Forecast_MWH,origin_11,2025-11-08 23:00:00-08:00,2025,Fall,11,384,122.29222068489582,121.1628207319748,1.1293999529210417,2.829424384121333,2.2282958776807704,64.84375,5.936499141285813,22.244155622603586,11.259484241862125,4.255678713555679
cloud_solar_adjusted,Cloud_Solar_Adjusted_Forecast_MWH,origin_10,2025-10-12 00:00:00-07:00,2025,Fall,10,384,118.67937204947917,117.79337757257838,0.885994476900791,2.421971189615317,2.004140094085563,66.40625,5.616006933873331,10.882998215107449,10.34332394437331,3.2221977395683736
recent_corrected_simulation,Recent_Corrected_Forecast_MWH,origin_22,2026-07-07 00:00:00-07:00,2026,Summer,7,380,187.94545492105263,185.4199034756347,2.5255514454179195,6.789327826068442,3.5303024809001435,60.78947368421053,15.05348610579731,29.360199467377242,24.944386385631333,9.003956732759525
recent_corrected_simulation,Recent_Corrected_Forecast_MWH,origin_08,2025-08-17 00:00:00-07:00,2025,Summer,8,384,187.771909734375,192.4340439937397,-4.662134259364688,6.309570636942092,3.6035565595206616,21.875,12.248934547386437,11.385051496985,40.53005457402719,8.263803255248439
recent_corrected_simulation,Recent_Corrected_Forecast_MWH,origin_21,2026-07-06 00:00:00-07:00,2026,Summer,7,380,185.74302035789472,184.9251723142558,0.8178480436389477,6.025902291045189,3.2116950868279637,52.63157894736842,13.662308925525144,27.365674282369014,25.704914802416795,8.046797470210826
recent_corrected_simulation,Recent_Corrected_Forecast_MWH,origin_23,2026-07-20 00:00:00-07:00,2026,Summer,7,384,200.19178741406247,195.59396134189888,4.597826072163641,5.628614848324083,2.5747490239377107,75.78125,14.147765770725378,29.966088053867338,11.007329242939221,7.964287218242236
recent_corrected_simulation,Recent_Corrected_Forecast_MWH,origin_24,2026-07-21 00:00:00-07:00,2026,Summer,7,384,200.7955977239583,196.4720496804065,4.323548043551823,5.459029570104495,2.4408116002138005,71.875,13.85571448524667,29.07354120149151,12.822689040575966,7.825140590446605
recent_corrected_simulation,Recent_Corrected_Forecast_MWH,origin_17,2026-04-26 00:00:00-07:00,2026,Spring,4,384,127.136992640625,123.74898526931855,3.388007371306454,5.057359253862088,3.824545206634825,76.30208333333334,10.465080451280905,17.730266583394695,10.606654788046967,6.326673429355142
recent_corrected_simulation,Recent_Corrected_Forecast_MWH,origin_07,2025-07-20 00:00:00-07:00,2025,Summer,7,384,157.82088622916666,153.7934024284191,4.027483800747551,5.048354926859155,3.0412225197608804,79.6875,11.178599107382848,20.423193312112744,10.835720467278236,6.6670279509331705
recent_corrected_simulation,Recent_Corrected_Forecast_MWH,origin_02,2024-11-09 23:00:00-08:00,2024,Fall,11,384,116.68925462760417,112.16654776899645,4.522706858607719,4.84531715374862,3.9976198329495687,90.625,8.756320885447886,16.980678547700705,9.34162041964413,5.895006047395134
recent_corrected_simulation,Recent_Corrected_Forecast_MWH,origin_05,2025-05-25 00:00:00-07:00,2025,Spring,5,384,153.69139593489584,153.5838112016781,0.10758473321774815,4.633764990826024,2.8940588849914968,51.041666666666664,10.29679539304652,22.344702290854883,26.678872365763283,6.5086302481952245
recent_corrected_simulation,Recent_Corrected_Forecast_MWH,origin_20,2026-05-29 00:00:00-07:00,2026,Spring,5,384,163.7729361171875,166.13218078998318,-2.3592446727956906,4.2497018713519035,2.6254692463867015,34.11458333333333,10.108932230246003,10.561180381467949,20.351791391785753,5.77721046172244
recent_corrected_simulation,Recent_Corrected_Forecast_MWH,origin_18,2026-05-24 00:00:00-07:00,2026,Spring,5,384,142.90284213541665,144.9876062722651,-2.084764136848451,4.2458160448422735,2.976574917588927,36.71875,8.966830006287271,9.884429508027637,22.65143555712396,5.739959084533308
recent_corrected_simulation,Recent_Corrected_Forecast_MWH,origin_09,2025-09-14 00:00:00-07:00,2025,Summer,9,384,162.83103684895835,164.91396445106503,-2.0829276021066963,4.045893811094469,2.5327550525305953,34.63541666666667,7.397169456150229,8.968275700981565,36.9277952253033,6.357374664842122
recent_corrected_simulation,Recent_Corrected_Forecast_MWH,origin_16,2026-03-29 00:00:00-07:00,2026,Spring,3,384,120.51718188281251,120.00594862384584,0.5112332589666488,3.9332702730997995,3.210515316575568,56.510416666666664,7.964896547592066,17.140701532903535,15.662151721189701,5.134309534170704
recent_corrected_simulation,Recent_Corrected_Forecast_MWH,origin_06,2025-06-22 00:00:00-07:00,2025,Summer,6,384,168.52844033593752,167.04470666735278,1.4837336685847076,3.8662961197182795,2.324506053086538,61.197916666666664,8.452947995362226,17.986722076692786,18.089531826796815,5.190778030655836
recent_corrected_simulation,Recent_Corrected_Forecast_MWH,origin_19,2026-05-28 00:00:00-07:00,2026,Spring,5,384,158.50971714583332,159.5992567646728,-1.0895396188394606,3.778665287052036,2.358374206975045,42.96875,9.662011115029395,11.415838191862264,16.44654145949403,5.151007121034226
recent_corrected_simulation,Recent_Corrected_Forecast_MWH,origin_13,2026-01-03 23:00:00-08:00,2026,Winter,1,384,128.126853875,127.97134671138059,0.15550716361940412,3.1913226970374615,2.4826967815754517,51.5625,7.240855207050408,16.109686035718767,16.42124082121174,4.473019348481694
recent_corrected_simulation,Recent_Corrected_Forecast_MWH,origin_01,2024-10-13 00:00:00-07:00,2024,Fall,10,384,116.30257716666667,113.70679717093601,2.595779995730639,3.1789267433287693,2.545603042593732,79.42708333333334,8.224487059951908,17.02669542961246,8.840626742244865,4.554550694078899
recent_corrected_simulation,Recent_Corrected_Forecast_MWH,origin_15,2026-02-28 23:00:00-08:00,2026,Winter,2,384,115.88717167708334,114.54801190179813,1.3391597752852056,3.07774129021499,2.6210786821608214,65.36458333333334,6.247644602472321,9.607734192362699,10.049508324524083,3.789473436002172
recent_corrected_simulation,Recent_Corrected_Forecast_MWH,origin_03,2025-03-30 00:00:00-07:00,2025,Spring,3,384,111.3258731328125,111.0190217696005,0.3068513632120069,3.0252120349685225,2.651873503719084,55.729166666666664,5.9887155396043426,13.941118368556715,9.086698549622568,3.8342916580883637
recent_corrected_simulation,Recent_Corrected_Forecast_MWH,origin_04,2025-04-27 00:00:00-07:00,2025,Spring,4,384,121.913576171875,123.72598721430666,-1.8124110424316549,3.0141407538078373,2.4031782882450177,28.645833333333332,6.581709180501823,17.80959767877451,15.858096837232637,4.207470536801201
recent_corrected_simulation,Recent_Corrected_Forecast_MWH,origin_14,2026-01-31 23:00:00-08:00,2026,Winter,1,384,120.6618153359375,120.34095028369372,0.3208650522437748,2.86958314317784,2.2998060408916525,46.875,6.535232299538593,19.558568948032587,9.998835586624153,4.117147434421208
recent_corrected_simulation,Recent_Corrected_Forecast_MWH,origin_12,2025-12-06 23:00:00-08:00,2025,Winter,12,384,139.45845884114584,139.60374847685716,-0.14528963571133194,2.745575564122612,1.960467945300141,52.864583333333336,5.1443523366496136,8.635980252871292,31.514429840980313,4.254699133925508
recent_corrected_simulation,Recent_Corrected_Forecast_MWH,origin_11,2025-11-08 23:00:00-08:00,2025,Fall,11,384,122.29222068489582,121.45700032388277,0.8352203610130599,2.745112047253645,2.17654595651334,60.416666666666664,6.150939797960094,21.96035073265257,11.674811350869192,4.165536903781895
recent_corrected_simulation,Recent_Corrected_Forecast_MWH,origin_10,2025-10-12 00:00:00-07:00,2025,Fall,10,384,118.67937204947917,117.95073330987888,0.7286387396002852,2.386318187535613,1.9763996395786219,63.802083333333336,5.58250254750511,10.682411536894506,10.37697546125024,3.195437880985481
stage_selected_production,Stage_Selected_Forecast_MWH,origin_21,2026-07-06 00:00:00-07:00,2026,Summer,7,380,185.74302035789472,186.79569602576254,-1.0526756678677838,5.38260319993078,2.9309867808163177,42.10526315789473,11.094448040684487,26.915113279217877,22.018535567433105,6.975432783211975
stage_selected_production,Stage_Selected_Forecast_MWH,origin_22,2026-07-07 00:00:00-07:00,2026,Summer,7,380,187.94545492105263,187.23749553967167,0.7079593813809479,5.203207027166484,2.8616953893675072,51.31578947368421,10.570658226718663,29.71173654921941,21.022136507957242,6.849855504251377
stage_selected_production,Stage_Selected_Forecast_MWH,origin_08,2025-08-17 00:00:00-07:00,2025,Summer,8,384,187.771909734375,191.23414402676755,-3.462234292392561,4.741054477291873,2.7907028086568904,22.135416666666664,10.271157809825114,10.282594556739639,18.98758927397887,6.0948674642689245
stage_selected_production,Stage_Selected_Forecast_MWH,origin_23,2026-07-20 00:00:00-07:00,2026,Summer,7,384,200.19178741406247,198.26022450622932,1.931562907833179,4.545949522270429,2.209929505838926,61.71875,11.03421269353958,19.797077895743286,17.385348339928044,6.217597646104807
stage_selected_production,Stage_Selected_Forecast_MWH,origin_17,2026-04-26 00:00:00-07:00,2026,Spring,4,384,127.136992640625,124.58811987077587,2.548872769849122,4.421388111095344,3.470926178125349,75.26041666666666,8.926706689549977,14.308308889672986,10.626144604831524,5.467975209297805
stage_selected_production,Stage_Selected_Forecast_MWH,origin_05,2025-05-25 00:00:00-07:00,2025,Spring,5,384,153.69139593489584,152.30263323841635,1.3887626964794746,4.420777875177953,2.758482778511979,55.989583333333336,9.595899892665082,27.18600025578172,16.678872365763283,6.277201996395828
stage_selected_production,Stage_Selected_Forecast_MWH,origin_24,2026-07-21 00:00:00-07:00,2026,Summer,7,384,200.7955977239583,198.63765517183444,2.1579425521239015,4.414421983648581,2.1076863489222517,61.197916666666664,10.804686974761601,21.04057700578136,15.047976272669302,6.084912758726446
stage_selected_production,Stage_Selected_Forecast_MWH,origin_02,2024-11-09 23:00:00-08:00,2024,Fall,11,384,116.68925462760417,112.96868309194014,3.7205715356640234,4.22653582282363,3.5495506764385003,86.71875,8.14224479771088,17.576786559937176,10.700399540257706,5.165527903246399
stage_selected_production,Stage_Selected_Forecast_MWH,origin_20,2026-05-29 00:00:00-07:00,2026,Spring,5,384,163.7729361171875,166.2735375457061,-2.5006014285185874,4.1960966573531,2.550864082658168,29.6875,9.180549177022808,16.44286242919587,23.99783542741983,5.667879131670238
stage_selected_production,Stage_Selected_Forecast_MWH,origin_07,2025-07-20 00:00:00-07:00,2025,Summer,7,384,157.82088622916666,155.34693773204472,2.4739484971219436,4.124201762243905,2.6437629594911405,72.65625,8.858153862803633,18.158914845587248,14.52277262930491,5.366889127415334
stage_selected_production,Stage_Selected_Forecast_MWH,origin_16,2026-03-29 00:00:00-07:00,2026,Spring,3,384,120.51718188281251,119.81321884155489,0.7039630412576118,4.023276727330805,3.283884084495481,57.03125,8.536641239935815,16.671197240461467,16.886655068890775,5.233687985497793
stage_selected_production,Stage_Selected_Forecast_MWH,origin_06,2025-06-22 00:00:00-07:00,2025,Summer,6,384,168.52844033593752,167.78420760555028,0.7442327303872203,3.922602640988849,2.2801474697477015,56.770833333333336,8.78070220128928,16.698964061251928,17.95699447094546,5.091215995378593
stage_selected_production,Stage_Selected_Forecast_MWH,origin_09,2025-09-14 00:00:00-07:00,2025,Summer,9,384,162.83103684895835,164.12349755257358,-1.2924607036152604,3.7430642412940407,2.3371713783170045,39.58333333333333,7.646964712599547,13.517895781192095,32.77541820133354,5.501406596050222
stage_selected_production,Stage_Selected_Forecast_MWH,origin_18,2026-05-24 00:00:00-07:00,2026,Spring,5,384,142.90284213541665,144.76137374167772,-1.8585316062610342,3.7344176051877316,2.620426136809424,36.71875,8.501064891283207,9.290520846866002,21.52777006455611,5.099480373000031
stage_selected_production,Stage_Selected_Forecast_MWH,origin_19,2026-05-28 00:00:00-07:00,2026,Spring,5,384,158.50971714583332,159.78069011087712,-1.2709729650437929,3.447145406178052,2.1540828496957674,40.36458333333333,8.175183804934996,10.805664511505938,17.570233188979216,4.672768969900537
stage_selected_production,Stage_Selected_Forecast_MWH,origin_04,2025-04-27 00:00:00-07:00,2025,Spring,4,384,121.913576171875,123.51791484219325,-1.6043386703182494,3.174728106806492,2.554130374334949,29.6875,7.352493264669935,19.67378119048007,15.237505012526157,4.5017543726699305
stage_selected_production,Stage_Selected_Forecast_MWH,origin_13,2026-01-03 23:00:00-08:00,2026,Winter,1,384,128.126853875,128.0267354095034,0.10011846549660797,3.1550924835591583,2.439233632217055,48.95833333333333,7.561231212854372,17.965594513993977,15.096337463624394,4.513174166425405
stage_selected_production,Stage_Selected_Forecast_MWH,origin_03,2025-03-30 00:00:00-07:00,2025,Spring,3,384,111.3258731328125,111.02646395391473,0.29940917889778024,3.1174387329684947,2.695032654285908,56.770833333333336,6.954793419959172,14.54074675020992,10.940377681498745,4.138529769783526
stage_selected_production,Stage_Selected_Forecast_MWH,origin_15,2026-02-28 23:00:00-08:00,2026,Winter,2,384,115.88717167708334,114.41218213071454,1.4749895463688016,3.0100050098777,2.56969937696601,68.48958333333334,6.307025980110864,8.635506738026663,7.612192883816036,3.7122249572844654
stage_selected_production,Stage_Selected_Forecast_MWH,origin_11,2025-11-08 23:00:00-08:00,2025,Fall,11,384,122.29222068489582,122.11240416984383,0.17981651505201257,2.9469277287167626,2.331294013449282,52.34375,7.290254890259719,22.988378327530427,11.757025810952982,4.39428441280953
stage_selected_production,Stage_Selected_Forecast_MWH,origin_01,2024-10-13 00:00:00-07:00,2024,Fall,10,384,116.30257716666667,114.63221514761887,1.6703620190478095,2.9094409388499822,2.3585968072397954,70.83333333333334,7.081755697580642,16.568682474039633,8.189339247180413,4.213414374880774
stage_selected_production,Stage_Selected_Forecast_MWH,origin_12,2025-12-06 23:00:00-08:00,2025,Winter,12,384,139.45845884114584,139.50202642063164,-0.04356757948580011,2.8677405175094126,2.0289751825514375,51.302083333333336,5.196600436170646,13.839307311277508,31.312049319111793,4.517872640530025
stage_selected_production,Stage_Selected_Forecast_MWH,origin_14,2026-01-31 23:00:00-08:00,2026,Winter,1,384,120.6618153359375,120.31940382089567,0.3424115150418367,2.7148823480198137,2.1844102246274644,48.17708333333333,5.981034477257516,19.82179059210945,8.135373265499624,3.895719837231212
stage_selected_production,Stage_Selected_Forecast_MWH,origin_10,2025-10-12 00:00:00-07:00,2025,Fall,10,384,118.67937204947917,118.30935184846324,0.3700202010159295,2.277496466573728,1.897183584541579,59.895833333333336,5.132483792916116,11.570315210097476,10.43795908345578,3.129641734420327
focused_shape_shadow,Focused_Shape_Adjusted_Forecast_MWH,origin_21,2026-07-06 00:00:00-07:00,2026,Summer,7,380,185.74302035789472,186.29055171146007,-0.5475313535653131,5.638631222322575,3.0251715113443276,43.94736842105263,12.616820273783734,26.77072967686192,22.004305680172564,7.377710275839266
focused_shape_shadow,Focused_Shape_Adjusted_Forecast_MWH,origin_22,2026-07-07 00:00:00-07:00,2026,Summer,7,380,187.94545492105263,186.89315127932443,1.0523036417281941,5.422721106023411,2.9526553757969736,53.1578947368421,11.200732375575665,29.840557618399174,21.049273649758362,7.23891775090161
focused_shape_shadow,Focused_Shape_Adjusted_Forecast_MWH,origin_23,2026-07-20 00:00:00-07:00,2026,Summer,7,384,200.19178741406247,197.74439705575904,2.447390358303445,4.8008991233295175,2.3014355626085345,65.36458333333334,11.66943813270315,19.499427329815546,17.403665534997828,6.52352473058202
focused_shape_shadow,Focused_Shape_Adjusted_Forecast_MWH,origin_24,2026-07-21 00:00:00-07:00,2026,Summer,7,384,200.7955977239583,198.03861623439988,2.756981489558456,4.7955568573476866,2.2355986284536837,64.0625,11.472922633307949,21.04057700578136,15.19756352890451,6.545576611739682
focused_shape_shadow,Focused_Shape_Adjusted_Forecast_MWH,origin_08,2025-08-17 00:00:00-07:00,2025,Summer,8,384,187.771909734375,191.24547496709863,-3.473565232723617,4.77499980463246,2.8136498787392132,22.916666666666664,10.337904155614634,10.231181481859863,19.144801115039797,6.1042386786430125
focused_shape_shadow,Focused_Shape_Adjusted_Forecast_MWH,origin_17,2026-04-26 00:00:00-07:00,2026,Spring,4,384,127.136992640625,124.53175202361469,2.605240617010309,4.471454153404847,3.5126110827297228,75.78125,8.980541387724175,14.475546619598333,10.606654788046967,5.512503536747439
focused_shape_shadow,Focused_Shape_Adjusted_Forecast_MWH,origin_05,2025-05-25 00:00:00-07:00,2025,Spring,5,384,153.69139593489584,152.48751982411986,1.203876110775993,4.43644708058844,2.780929949518002,54.947916666666664,9.550788829425635,26.616399585996504,16.678872365763283,6.238314930805466
focused_shape_shadow,Focused_Shape_Adjusted_Forecast_MWH,origin_02,2024-11-09 23:00:00-08:00,2024,Fall,11,384,116.68925462760417,112.9261063677789,3.7631482598252766,4.226241335062977,3.5406845616210205,85.9375,8.14927653530975,16.920567094436763,9.880332289988928,5.173300732342665
focused_shape_shadow,Focused_Shape_Adjusted_Forecast_MWH,origin_07,2025-07-20 00:00:00-07:00,2025,Summer,7,384,157.82088622916666,155.30311778098812,2.517768448178556,4.156534445624595,2.659104169260901,71.09375,9.332453575010636,17.91006081544046,14.52277262930491,5.441933919035559
focused_shape_shadow,Focused_Shape_Adjusted_Forecast_MWH,origin_20,2026-05-29 00:00:00-07:00,2026,Spring,5,384,163.7729361171875,166.10259859608735,-2.3296624788998495,4.094714712999859,2.504221639441744,29.6875,9.11856762959741,16.490947432544957,22.99783542741983,5.546279722608721
focused_shape_shadow,Focused_Shape_Adjusted_Forecast_MWH,origin_16,2026-03-29 00:00:00-07:00,2026,Spring,3,384,120.51718188281251,119.85259148424319,0.6645903985693045,3.9709151715523916,3.245385612137308,57.8125,8.449436138043112,16.747780367743516,16.6621517211897,5.180919724319388
focused_shape_shadow,Focused_Shape_Adjusted_Forecast_MWH,origin_06,2025-06-22 00:00:00-07:00,2025,Summer,6,384,168.52844033593752,167.6912130485536,0.8372272873838975,3.9469169674285283,2.3009150205570856,56.510416666666664,8.422910223045399,17.306136303096224,17.811204941749907,5.161311022862542
focused_shape_shadow,Focused_Shape_Adjusted_Forecast_MWH,origin_18,2026-05-24 00:00:00-07:00,2026,Spring,5,384,142.90284213541665,144.73345796262893,-1.8306158272122832,3.767982291022412,2.6540716286953416,38.28125,8.455528311141853,9.171466098429079,21.725780061011648,5.162217097032226
focused_shape_shadow,Focused_Shape_Adjusted_Forecast_MWH,origin_09,2025-09-14 00:00:00-07:00,2025,Summer,9,384,162.83103684895835,164.15196409337102,-1.3209272444126914,3.691298339796526,2.309236205801056,38.54166666666667,7.188713963655094,13.517895781192095,31.852428226965912,5.411016926815755
focused_shape_shadow,Focused_Shape_Adjusted_Forecast_MWH,origin_19,2026-05-28 00:00:00-07:00,2026,Spring,5,384,158.50971714583332,159.56415237972445,-1.054435233891113,3.447455962513548,2.178594150046171,42.70833333333333,8.311850229246192,11.096452648899003,17.13338884130596,4.65772603764439
focused_shape_shadow,Focused_Shape_Adjusted_Forecast_MWH,origin_04,2025-04-27 00:00:00-07:00,2025,Spring,4,384,121.913576171875,123.60235691922668,-1.6887807473516798,3.2241304709617666,2.589258000906955,29.6875,7.30084610233572,19.512411472691937,14.939794634060036,4.551893743898909
focused_shape_shadow,Focused_Shape_Adjusted_Forecast_MWH,origin_13,2026-01-03 23:00:00-08:00,2026,Winter,1,384,128.126853875,127.77879984041617,0.34805403458383255,3.1874004987339943,2.4616900103827404,51.822916666666664,7.510737826668562,17.615690357685494,15.188444674711064,4.542804844998653
focused_shape_shadow,Focused_Shape_Adjusted_Forecast_MWH,origin_03,2025-03-30 00:00:00-07:00,2025,Spring,3,384,111.3258731328125,110.8664558496097,0.45941728320280034,3.1512573125371515,2.730003669484178,57.8125,6.924095236828418,14.370268246523779,10.337637329101796,4.133902456263399
focused_shape_shadow,Focused_Shape_Adjusted_Forecast_MWH,origin_15,2026-02-28 23:00:00-08:00,2026,Winter,2,384,115.88717167708334,114.53695805065291,1.350213626430414,2.975336586100872,2.536995368875679,65.10416666666666,6.264215455771381,8.866156644367436,7.872434598086613,3.6721624348764554
focused_shape_shadow,Focused_Shape_Adjusted_Forecast_MWH,origin_11,2025-11-08 23:00:00-08:00,2025,Fall,11,384,122.29222068489582,121.97711142776556,0.315109257130279,2.909942793596912,2.3001922753276696,52.604166666666664,7.0712662941374385,22.876495151309115,11.674811350869192,4.3384548858213545
focused_shape_shadow,Focused_Shape_Adjusted_Forecast_MWH,origin_01,2024-10-13 00:00:00-07:00,2024,Fall,10,384,116.30257716666667,114.48648524118276,1.816091925483905,2.9018770574289747,2.341882171927159,71.09375,7.122474511218215,16.655776454401575,8.297108408286874,4.244831012633474
focused_shape_shadow,Focused_Shape_Adjusted_Forecast_MWH,origin_12,2025-12-06 23:00:00-08:00,2025,Winter,12,384,139.45845884114584,139.28606930305895,0.17238953808689153,2.895006466480705,2.0465606116529917,54.6875,5.257291671132118,12.887891139694062,30.83901502518009,4.470506296077171
focused_shape_shadow,Focused_Shape_Adjusted_Forecast_MWH,origin_14,2026-01-31 23:00:00-08:00,2026,Winter,1,384,120.6618153359375,120.22319370963748,0.4386216263000204,2.7190846328463767,2.181257377892692,50.260416666666664,6.264005807691291,19.558568948032587,8.16328267514632,3.934713345230008
focused_shape_shadow,Focused_Shape_Adjusted_Forecast_MWH,origin_10,2025-10-12 00:00:00-07:00,2025,Fall,10,384,118.67937204947917,118.28221349951836,0.39715854996080874,2.243884453535251,1.8718036548685735,60.9375,5.181795386951016,11.359777671103686,10.37697546125024,3.0932712709831036
final_corrected_production,Final_Backtest_Forecast_MWH,origin_21,2026-07-06 00:00:00-07:00,2026,Summer,7,380,185.74302035789472,186.79569602576254,-1.0526756678677838,5.38260319993078,2.9309867808163177,42.10526315789473,11.094448040684487,26.915113279217877,22.018535567433105,6.975432783211975
final_corrected_production,Final_Backtest_Forecast_MWH,origin_22,2026-07-07 00:00:00-07:00,2026,Summer,7,380,187.94545492105263,187.23749553967167,0.7079593813809479,5.203207027166484,2.8616953893675072,51.31578947368421,10.570658226718663,29.71173654921941,21.022136507957242,6.849855504251377
final_corrected_production,Final_Backtest_Forecast_MWH,origin_08,2025-08-17 00:00:00-07:00,2025,Summer,8,384,187.771909734375,191.23414402676755,-3.462234292392561,4.741054477291873,2.7907028086568904,22.135416666666664,10.271157809825114,10.282594556739639,18.98758927397887,6.0948674642689245
final_corrected_production,Final_Backtest_Forecast_MWH,origin_23,2026-07-20 00:00:00-07:00,2026,Summer,7,384,200.19178741406247,198.26022450622932,1.931562907833179,4.545949522270429,2.209929505838926,61.71875,11.03421269353958,19.797077895743286,17.385348339928044,6.217597646104807
final_corrected_production,Final_Backtest_Forecast_MWH,origin_17,2026-04-26 00:00:00-07:00,2026,Spring,4,384,127.136992640625,124.58811987077587,2.548872769849122,4.421388111095344,3.470926178125349,75.26041666666666,8.926706689549977,14.308308889672986,10.626144604831524,5.467975209297805
final_corrected_production,Final_Backtest_Forecast_MWH,origin_05,2025-05-25 00:00:00-07:00,2025,Spring,5,384,153.69139593489584,152.30263323841635,1.3887626964794746,4.420777875177953,2.758482778511979,55.989583333333336,9.595899892665082,27.18600025578172,16.678872365763283,6.277201996395828
final_corrected_production,Final_Backtest_Forecast_MWH,origin_24,2026-07-21 00:00:00-07:00,2026,Summer,7,384,200.7955977239583,198.63765517183444,2.1579425521239015,4.414421983648581,2.1076863489222517,61.197916666666664,10.804686974761601,21.04057700578136,15.047976272669302,6.084912758726446
final_corrected_production,Final_Backtest_Forecast_MWH,origin_02,2024-11-09 23:00:00-08:00,2024,Fall,11,384,116.68925462760417,112.96868309194014,3.7205715356640234,4.22653582282363,3.5495506764385003,86.71875,8.14224479771088,17.576786559937176,10.700399540257706,5.165527903246399
final_corrected_production,Final_Backtest_Forecast_MWH,origin_20,2026-05-29 00:00:00-07:00,2026,Spring,5,384,163.7729361171875,166.2735375457061,-2.5006014285185874,4.1960966573531,2.550864082658168,29.6875,9.180549177022808,16.44286242919587,23.99783542741983,5.667879131670238
final_corrected_production,Final_Backtest_Forecast_MWH,origin_07,2025-07-20 00:00:00-07:00,2025,Summer,7,384,157.82088622916666,155.34693773204472,2.4739484971219436,4.124201762243905,2.6437629594911405,72.65625,8.858153862803633,18.158914845587248,14.52277262930491,5.366889127415334
final_corrected_production,Final_Backtest_Forecast_MWH,origin_16,2026-03-29 00:00:00-07:00,2026,Spring,3,384,120.51718188281251,119.81321884155489,0.7039630412576118,4.023276727330805,3.283884084495481,57.03125,8.536641239935815,16.671197240461467,16.886655068890775,5.233687985497793
final_corrected_production,Final_Backtest_Forecast_MWH,origin_06,2025-06-22 00:00:00-07:00,2025,Summer,6,384,168.52844033593752,167.78420760555028,0.7442327303872203,3.922602640988849,2.2801474697477015,56.770833333333336,8.78070220128928,16.698964061251928,17.95699447094546,5.091215995378593
final_corrected_production,Final_Backtest_Forecast_MWH,origin_09,2025-09-14 00:00:00-07:00,2025,Summer,9,384,162.83103684895835,164.12349755257358,-1.2924607036152604,3.7430642412940407,2.3371713783170045,39.58333333333333,7.646964712599547,13.517895781192095,32.77541820133354,5.501406596050222
final_corrected_production,Final_Backtest_Forecast_MWH,origin_18,2026-05-24 00:00:00-07:00,2026,Spring,5,384,142.90284213541665,144.76137374167772,-1.8585316062610342,3.7344176051877316,2.620426136809424,36.71875,8.501064891283207,9.290520846866002,21.52777006455611,5.099480373000031
final_corrected_production,Final_Backtest_Forecast_MWH,origin_19,2026-05-28 00:00:00-07:00,2026,Spring,5,384,158.50971714583332,159.78069011087712,-1.2709729650437929,3.447145406178052,2.1540828496957674,40.36458333333333,8.175183804934996,10.805664511505938,17.570233188979216,4.672768969900537
final_corrected_production,Final_Backtest_Forecast_MWH,origin_04,2025-04-27 00:00:00-07:00,2025,Spring,4,384,121.913576171875,123.51791484219325,-1.6043386703182494,3.174728106806492,2.554130374334949,29.6875,7.352493264669935,19.67378119048007,15.237505012526157,4.5017543726699305
final_corrected_production,Final_Backtest_Forecast_MWH,origin_13,2026-01-03 23:00:00-08:00,2026,Winter,1,384,128.126853875,128.0267354095034,0.10011846549660797,3.1550924835591583,2.439233632217055,48.95833333333333,7.561231212854372,17.965594513993977,15.096337463624394,4.513174166425405
final_corrected_production,Final_Backtest_Forecast_MWH,origin_03,2025-03-30 00:00:00-07:00,2025,Spring,3,384,111.3258731328125,111.02646395391473,0.29940917889778024,3.1174387329684947,2.695032654285908,56.770833333333336,6.954793419959172,14.54074675020992,10.940377681498745,4.138529769783526
final_corrected_production,Final_Backtest_Forecast_MWH,origin_15,2026-02-28 23:00:00-08:00,2026,Winter,2,384,115.88717167708334,114.41218213071454,1.4749895463688016,3.0100050098777,2.56969937696601,68.48958333333334,6.307025980110864,8.635506738026663,7.612192883816036,3.7122249572844654
final_corrected_production,Final_Backtest_Forecast_MWH,origin_11,2025-11-08 23:00:00-08:00,2025,Fall,11,384,122.29222068489582,122.11240416984383,0.17981651505201257,2.9469277287167626,2.331294013449282,52.34375,7.290254890259719,22.988378327530427,11.757025810952982,4.39428441280953
final_corrected_production,Final_Backtest_Forecast_MWH,origin_01,2024-10-13 00:00:00-07:00,2024,Fall,10,384,116.30257716666667,114.63221514761887,1.6703620190478095,2.9094409388499822,2.3585968072397954,70.83333333333334,7.081755697580642,16.568682474039633,8.189339247180413,4.213414374880774
final_corrected_production,Final_Backtest_Forecast_MWH,origin_12,2025-12-06 23:00:00-08:00,2025,Winter,12,384,139.45845884114584,139.50202642063164,-0.04356757948580011,2.8677405175094126,2.0289751825514375,51.302083333333336,5.196600436170646,13.839307311277508,31.312049319111793,4.517872640530025
final_corrected_production,Final_Backtest_Forecast_MWH,origin_14,2026-01-31 23:00:00-08:00,2026,Winter,1,384,120.6618153359375,120.31940382089567,0.3424115150418367,2.7148823480198137,2.1844102246274644,48.17708333333333,5.981034477257516,19.82179059210945,8.135373265499624,3.895719837231212
final_corrected_production,Final_Backtest_Forecast_MWH,origin_10,2025-10-12 00:00:00-07:00,2025,Fall,10,384,118.67937204947917,118.30935184846324,0.3700202010159295,2.277496466573728,1.897183584541579,59.895833333333336,5.132483792916116,11.570315210097476,10.43795908345578,3.129641734420327
auto_residual_shadow,Auto_Residual_Adjusted_Forecast_MWH,origin_21,2026-07-06 00:00:00-07:00,2026,Summer,7,380,185.74302035789472,186.4378012889204,-0.6947809310256785,5.670635347817189,3.044444468588922,43.15789473684211,12.473047502091463,26.915113279217877,22.018535567433105,7.410756902621021
auto_residual_shadow,Auto_Residual_Adjusted_Forecast_MWH,origin_22,2026-07-07 00:00:00-07:00,2026,Summer,7,380,187.94545492105263,186.96381132914536,0.9816435919072638,5.43215614289708,2.9562935298735438,51.84210526315789,11.370314618542526,29.71173654921941,21.022136507957242,7.250853184782762
auto_residual_shadow,Auto_Residual_Adjusted_Forecast_MWH,origin_24,2026-07-21 00:00:00-07:00,2026,Summer,7,384,200.7955977239583,198.16890517183444,2.6266925521239015,4.803270813890126,2.253045098800508,63.28125,11.305380913586237,21.04057700578136,15.047976272669302,6.525743847433708
auto_residual_shadow,Auto_Residual_Adjusted_Forecast_MWH,origin_23,2026-07-20 00:00:00-07:00,2026,Summer,7,384,200.19178741406247,197.90084950622932,2.2909379078331793,4.779314669223282,2.2963629109321304,63.802083333333336,11.71187838610321,19.797077895743286,17.385348339928044,6.506246669462482
auto_residual_shadow,Auto_Residual_Adjusted_Forecast_MWH,origin_08,2025-08-17 00:00:00-07:00,2025,Summer,8,384,187.771909734375,191.21729361368162,-3.4453838793066143,4.737071557044486,2.7894991933397173,22.135416666666664,10.271157809825114,10.282594556739639,18.98758927397887,6.0935182255135905
auto_residual_shadow,Auto_Residual_Adjusted_Forecast_MWH,origin_17,2026-04-26 00:00:00-07:00,2026,Spring,4,384,127.136992640625,124.58811987077587,2.548872769849122,4.421388111095344,3.470926178125349,75.26041666666666,8.926706689549977,14.308308889672986,10.626144604831524,5.467975209297805
auto_residual_shadow,Auto_Residual_Adjusted_Forecast_MWH,origin_05,2025-05-25 00:00:00-07:00,2025,Spring,5,384,153.69139593489584,152.30263323841635,1.3887626964794746,4.420777875177953,2.758482778511979,55.989583333333336,9.595899892665082,27.18600025578172,16.678872365763283,6.277201996395828
auto_residual_shadow,Auto_Residual_Adjusted_Forecast_MWH,origin_02,2024-11-09 23:00:00-08:00,2024,Fall,11,384,116.68925462760417,112.96868309194014,3.7205715356640234,4.22653582282363,3.5495506764385003,86.71875,8.14224479771088,17.576786559937176,10.700399540257706,5.165527903246399
auto_residual_shadow,Auto_Residual_Adjusted_Forecast_MWH,origin_20,2026-05-29 00:00:00-07:00,2026,Spring,5,384,163.7729361171875,166.2735375457061,-2.5006014285185874,4.1960966573531,2.550864082658168,29.6875,9.180549177022808,16.44286242919587,23.99783542741983,5.667879131670238
auto_residual_shadow,Auto_Residual_Adjusted_Forecast_MWH,origin_07,2025-07-20 00:00:00-07:00,2025,Summer,7,384,157.82088622916666,155.3261043987114,2.494781830455277,4.1419548496849705,2.6530876338678016,72.91666666666666,8.858153862803633,18.158914845587248,14.52277262930491,5.380104423289334
auto_residual_shadow,Auto_Residual_Adjusted_Forecast_MWH,origin_16,2026-03-29 00:00:00-07:00,2026,Spring,3,384,120.51718188281251,119.81321884155489,0.7039630412576118,4.023276727330805,3.283884084495481,57.03125,8.536641239935815,16.671197240461467,16.886655068890775,5.233687985497793
auto_residual_shadow,Auto_Residual_Adjusted_Forecast_MWH,origin_06,2025-06-22 00:00:00-07:00,2025,Summer,6,384,168.52844033593752,167.72170760555028,0.8067327303872203,3.985102640988849,2.30721244386689,56.770833333333336,8.843596845005319,17.306136303096224,17.95699447094546,5.2376445692461076
auto_residual_shadow,Auto_Residual_Adjusted_Forecast_MWH,origin_09,2025-09-14 00:00:00-07:00,2025,Summer,9,384,162.83103684895835,164.12349755257358,-1.2924607036152604,3.7430642412940407,2.3371713783170045,39.58333333333333,7.646964712599547,13.517895781192095,32.77541820133354,5.501406596050222
auto_residual_shadow,Auto_Residual_Adjusted_Forecast_MWH,origin_18,2026-05-24 00:00:00-07:00,2026,Spring,5,384,142.90284213541665,144.76137374167772,-1.8585316062610342,3.7344176051877316,2.620426136809424,36.71875,8.501064891283207,9.290520846866002,21.52777006455611,5.099480373000031
auto_residual_shadow,Auto_Residual_Adjusted_Forecast_MWH,origin_19,2026-05-28 00:00:00-07:00,2026,Spring,5,384,158.50971714583332,159.78069011087712,-1.2709729650437929,3.447145406178052,2.1540828496957674,40.36458333333333,8.175183804934996,10.805664511505938,17.570233188979216,4.672768969900537
auto_residual_shadow,Auto_Residual_Adjusted_Forecast_MWH,origin_04,2025-04-27 00:00:00-07:00,2025,Spring,4,384,121.913576171875,123.51791484219325,-1.6043386703182494,3.174728106806492,2.554130374334949,29.6875,7.352493264669935,19.67378119048007,15.237505012526157,4.5017543726699305
auto_residual_shadow,Auto_Residual_Adjusted_Forecast_MWH,origin_13,2026-01-03 23:00:00-08:00,2026,Winter,1,384,128.126853875,128.0267354095034,0.10011846549660797,3.1550924835591583,2.439233632217055,48.95833333333333,7.561231212854372,17.965594513993977,15.096337463624394,4.513174166425405
auto_residual_shadow,Auto_Residual_Adjusted_Forecast_MWH,origin_03,2025-03-30 00:00:00-07:00,2025,Spring,3,384,111.3258731328125,111.02646395391473,0.29940917889778024,3.1174387329684947,2.695032654285908,56.770833333333336,6.954793419959172,14.54074675020992,10.940377681498745,4.138529769783526
auto_residual_shadow,Auto_Residual_Adjusted_Forecast_MWH,origin_15,2026-02-28 23:00:00-08:00,2026,Winter,2,384,115.88717167708334,114.41218213071454,1.4749895463688016,3.0100050098777,2.56969937696601,68.48958333333334,6.307025980110864,8.635506738026663,7.612192883816036,3.7122249572844654
auto_residual_shadow,Auto_Residual_Adjusted_Forecast_MWH,origin_11,2025-11-08 23:00:00-08:00,2025,Fall,11,384,122.29222068489582,122.11240416984383,0.17981651505201257,2.9469277287167626,2.331294013449282,52.34375,7.290254890259719,22.988378327530427,11.757025810952982,4.39428441280953
auto_residual_shadow,Auto_Residual_Adjusted_Forecast_MWH,origin_01,2024-10-13 00:00:00-07:00,2024,Fall,10,384,116.30257716666667,114.63221514761887,1.6703620190478095,2.9094409388499822,2.3585968072397954,70.83333333333334,7.081755697580642,16.568682474039633,8.189339247180413,4.213414374880774
auto_residual_shadow,Auto_Residual_Adjusted_Forecast_MWH,origin_12,2025-12-06 23:00:00-08:00,2025,Winter,12,384,139.45845884114584,139.50202642063164,-0.04356757948580011,2.8677405175094126,2.0289751825514375,51.302083333333336,5.196600436170646,13.839307311277508,31.312049319111793,4.517872640530025
auto_residual_shadow,Auto_Residual_Adjusted_Forecast_MWH,origin_14,2026-01-31 23:00:00-08:00,2026,Winter,1,384,120.6618153359375,120.31940382089567,0.3424115150418367,2.7148823480198137,2.1844102246274644,48.17708333333333,5.981034477257516,19.82179059210945,8.135373265499624,3.895719837231212
auto_residual_shadow,Auto_Residual_Adjusted_Forecast_MWH,origin_10,2025-10-12 00:00:00-07:00,2025,Fall,10,384,118.67937204947917,118.30935184846324,0.3700202010159295,2.277496466573728,1.897183584541579,59.895833333333336,5.132483792916116,11.570315210097476,10.43795908345578,3.129641734420327
daily_peak_shadow,Daily_Peak_Shadow_Adjusted_Forecast_MWH,origin_21,2026-07-06 00:00:00-07:00,2026,Summer,7,380,185.74302035789472,186.42463653330847,-0.6816161754137559,5.683732670819681,3.0496961683446466,43.15789473684211,12.473047502091463,26.915113279217877,22.018535567433105,7.4268373616086985
daily_peak_shadow,Daily_Peak_Shadow_Adjusted_Forecast_MWH,origin_22,2026-07-07 00:00:00-07:00,2026,Summer,7,380,187.94545492105263,186.95503788114144,0.9904170399111997,5.434541946872851,2.9573380615500913,51.84210526315789,11.370314618542526,29.71173654921941,21.022136507957242,7.260264850364513
daily_peak_shadow,Daily_Peak_Shadow_Adjusted_Forecast_MWH,origin_24,2026-07-21 00:00:00-07:00,2026,Summer,7,384,200.7955977239583,198.16890517183444,2.6266925521239015,4.803270813890126,2.253045098800508,63.28125,11.305380913586237,21.04057700578136,15.047976272669302,6.525743847433708
daily_peak_shadow,Daily_Peak_Shadow_Adjusted_Forecast_MWH,origin_23,2026-07-20 00:00:00-07:00,2026,Summer,7,384,200.19178741406247,197.90497693413056,2.286810479931939,4.775187241352324,2.2949125230471235,63.802083333333336,11.71187838610321,19.797077895743286,17.385348339928044,6.501123523573969
daily_peak_shadow,Daily_Peak_Shadow_Adjusted_Forecast_MWH,origin_08,2025-08-17 00:00:00-07:00,2025,Summer,8,384,187.771909734375,191.22118192940937,-3.4492721950343666,4.737995992059631,2.789783545420533,22.135416666666664,10.271157809825114,10.282594556739639,18.98758927397887,6.092839707217045
daily_peak_shadow,Daily_Peak_Shadow_Adjusted_Forecast_MWH,origin_17,2026-04-26 00:00:00-07:00,2026,Spring,4,384,127.136992640625,124.59222751084633,2.544765129778669,4.417325150037356,3.4681772892742444,75.26041666666666,8.926706689549977,14.308308889672986,10.626144604831524,5.465405712674253
daily_peak_shadow,Daily_Peak_Shadow_Adjusted_Forecast_MWH,origin_05,2025-05-25 00:00:00-07:00,2025,Spring,5,384,153.69139593489584,152.30253197978587,1.388863955109972,4.415954772440838,2.755478291932665,56.25,9.595899892665082,27.18600025578172,16.678872365763283,6.277271696118636
daily_peak_shadow,Daily_Peak_Shadow_Adjusted_Forecast_MWH,origin_02,2024-11-09 23:00:00-08:00,2024,Fall,11,384,116.68925462760417,112.97117749695514,3.7180771306490303,4.224041490297993,3.5478091194509584,86.71875,8.14224479771088,17.576786559937176,10.700399543771368,5.162979397692798
daily_peak_shadow,Daily_Peak_Shadow_Adjusted_Forecast_MWH,origin_20,2026-05-29 00:00:00-07:00,2026,Spring,5,384,163.7729361171875,166.2922820092463,-2.5193458920587743,4.201855471576887,2.553402062540898,29.6875,9.180549177022808,16.44286242919587,23.99783542741983,5.675203207154644
daily_peak_shadow,Daily_Peak_Shadow_Adjusted_Forecast_MWH,origin_07,2025-07-20 00:00:00-07:00,2025,Summer,7,384,157.82088622916666,155.3359560600818,2.484930169084862,4.133475986360101,2.6489815384286586,72.91666666666666,8.858153862803633,18.158914845587248,14.52277262930491,5.374768791695866
daily_peak_shadow,Daily_Peak_Shadow_Adjusted_Forecast_MWH,origin_16,2026-03-29 00:00:00-07:00,2026,Spring,3,384,120.51718188281251,119.82309284502115,0.6940890377913469,4.033102485027157,3.2903631431565397,57.03125,8.536641239935815,16.671197240461467,17.695519448474585,5.25318501409979
daily_peak_shadow,Daily_Peak_Shadow_Adjusted_Forecast_MWH,origin_06,2025-06-22 00:00:00-07:00,2025,Summer,6,384,168.52844033593752,167.7312694595383,0.7971708763991945,3.980069312603001,2.3050845757077547,56.770833333333336,8.843596845005319,16.81883538229414,17.95699447094546,5.2180071668567685
daily_peak_shadow,Daily_Peak_Shadow_Adjusted_Forecast_MWH,origin_09,2025-09-14 00:00:00-07:00,2025,Summer,9,384,162.83103684895835,164.1533122223547,-1.322275373396373,3.7617124178366184,2.344980459679681,39.0625,7.787309034633508,13.517895781191811,32.77541820133354,5.5351082479046925
daily_peak_shadow,Daily_Peak_Shadow_Adjusted_Forecast_MWH,origin_18,2026-05-24 00:00:00-07:00,2026,Spring,5,384,142.90284213541665,144.77370785195143,-1.8708657165347538,3.730828443334323,2.6181208274685974,36.71875,8.501064891283207,9.290520840674247,21.52777006455611,5.0968481334425935
daily_peak_shadow,Daily_Peak_Shadow_Adjusted_Forecast_MWH,origin_19,2026-05-28 00:00:00-07:00,2026,Spring,5,384,158.50971714583332,159.80249078493082,-1.2927736390974796,3.4500607736571376,2.1562762807222713,40.10416666666667,8.11857895043606,10.805664511505938,17.570233188979216,4.665661169307335
daily_peak_shadow,Daily_Peak_Shadow_Adjusted_Forecast_MWH,origin_04,2025-04-27 00:00:00-07:00,2025,Spring,4,384,121.913576171875,123.52139259284267,-1.6078164209676729,3.1712503561570684,2.5519122269685086,29.6875,7.352493264669935,19.67378119048007,15.237505012526157,4.497529190296378
daily_peak_shadow,Daily_Peak_Shadow_Adjusted_Forecast_MWH,origin_13,2026-01-03 23:00:00-08:00,2026,Winter,1,384,128.126853875,128.03025478060553,0.09659909439446986,3.157251492238053,2.4406938366437596,48.95833333333333,7.561231212854372,17.965594513993977,15.096337463624394,4.515054932675615
daily_peak_shadow,Daily_Peak_Shadow_Adjusted_Forecast_MWH,origin_03,2025-03-30 00:00:00-07:00,2025,Spring,3,384,111.3258731328125,111.03574325262058,0.29012988019191854,3.11910222596484,2.6963089129347124,56.510416666666664,6.954793419959172,14.54074675020992,10.940377681498745,4.138099933454414
daily_peak_shadow,Daily_Peak_Shadow_Adjusted_Forecast_MWH,origin_15,2026-02-28 23:00:00-08:00,2026,Winter,2,384,115.88717167708334,114.41218213071454,1.4749895463688016,3.0100050098777,2.56969937696601,68.48958333333334,6.307025980110864,8.635506738026663,7.612192883816036,3.7122249572844654
daily_peak_shadow,Daily_Peak_Shadow_Adjusted_Forecast_MWH,origin_11,2025-11-08 23:00:00-08:00,2025,Fall,11,384,122.29222068489582,122.12221638251714,0.1700043023786991,2.945485320047361,2.330291147628284,52.34375,7.290254890259719,22.988378327530427,11.757025810952982,4.398069725197114
daily_peak_shadow,Daily_Peak_Shadow_Adjusted_Forecast_MWH,origin_01,2024-10-13 00:00:00-07:00,2024,Fall,10,384,116.30257716666667,114.62325599471257,1.6793211719541048,2.9168561190467055,2.363430459040197,70.83333333333334,7.081755692744021,16.568682474039633,8.189339241793277,4.210366136525434
daily_peak_shadow,Daily_Peak_Shadow_Adjusted_Forecast_MWH,origin_12,2025-12-06 23:00:00-08:00,2025,Winter,12,384,139.45845884114584,139.5101552580324,-0.05169641688655824,2.862753666726484,2.0261367143469804,51.302083333333336,5.196600436170646,13.839307311277508,31.312049319111793,4.515102072334544
daily_peak_shadow,Daily_Peak_Shadow_Adjusted_Forecast_MWH,origin_14,2026-01-31 23:00:00-08:00,2026,Winter,1,384,120.6618153359375,120.32414818785458,0.3376671480829188,2.719626714978732,2.187543591020792,48.17708333333333,5.981034477257516,19.82179059210945,8.135373265499624,3.898088915300639
daily_peak_shadow,Daily_Peak_Shadow_Adjusted_Forecast_MWH,origin_10,2025-10-12 00:00:00-07:00,2025,Fall,10,384,118.67937204947917,118.31419467515421,0.3651773743249656,2.28046736810067,1.8992684217701556,59.895833333333336,5.21639326876406,11.570315210097476,10.43795908345578,3.133159590570869
heat_analog_shadow,Heat_Analog_Shadow_Forecast_MWH,origin_21,2026-07-06 00:00:00-07:00,2026,Summer,7,380,185.74302035789472,186.79569602576254,-1.0526756678677838,5.38260319993078,2.9309867808163177,42.10526315789473,11.094448040684487,26.915113279217877,22.018535567433105,6.975432783211975
heat_analog_shadow,Heat_Analog_Shadow_Forecast_MWH,origin_22,2026-07-07 00:00:00-07:00,2026,Summer,7,380,187.94545492105263,187.23749553967167,0.7079593813809479,5.203207027166484,2.8616953893675072,51.31578947368421,10.570658226718663,29.71173654921941,21.022136507957242,6.849855504251377
heat_analog_shadow,Heat_Analog_Shadow_Forecast_MWH,origin_08,2025-08-17 00:00:00-07:00,2025,Summer,8,384,187.771909734375,191.23414402676755,-3.462234292392561,4.741054477291873,2.7907028086568904,22.135416666666664,10.271157809825114,10.282594556739639,18.98758927397887,6.0948674642689245
heat_analog_shadow,Heat_Analog_Shadow_Forecast_MWH,origin_23,2026-07-20 00:00:00-07:00,2026,Summer,7,384,200.19178741406247,198.26022450622932,1.931562907833179,4.545949522270429,2.209929505838926,61.71875,11.03421269353958,19.797077895743286,17.385348339928044,6.217597646104807
heat_analog_shadow,Heat_Analog_Shadow_Forecast_MWH,origin_17,2026-04-26 00:00:00-07:00,2026,Spring,4,384,127.136992640625,124.58811987077587,2.548872769849122,4.421388111095344,3.470926178125349,75.26041666666666,8.926706689549977,14.308308889672986,10.626144604831524,5.467975209297805
heat_analog_shadow,Heat_Analog_Shadow_Forecast_MWH,origin_05,2025-05-25 00:00:00-07:00,2025,Spring,5,384,153.69139593489584,152.30263323841635,1.3887626964794746,4.420777875177953,2.758482778511979,55.989583333333336,9.595899892665082,27.18600025578172,16.678872365763283,6.277201996395828
heat_analog_shadow,Heat_Analog_Shadow_Forecast_MWH,origin_24,2026-07-21 00:00:00-07:00,2026,Summer,7,384,200.7955977239583,198.63765517183444,2.1579425521239015,4.414421983648581,2.1076863489222517,61.197916666666664,10.804686974761601,21.04057700578136,15.047976272669302,6.084912758726446
heat_analog_shadow,Heat_Analog_Shadow_Forecast_MWH,origin_02,2024-11-09 23:00:00-08:00,2024,Fall,11,384,116.68925462760417,112.96868309194014,3.7205715356640234,4.22653582282363,3.5495506764385003,86.71875,8.14224479771088,17.576786559937176,10.700399540257706,5.165527903246399
heat_analog_shadow,Heat_Analog_Shadow_Forecast_MWH,origin_20,2026-05-29 00:00:00-07:00,2026,Spring,5,384,163.7729361171875,166.2735375457061,-2.5006014285185874,4.1960966573531,2.550864082658168,29.6875,9.180549177022808,16.44286242919587,23.99783542741983,5.667879131670238
heat_analog_shadow,Heat_Analog_Shadow_Forecast_MWH,origin_07,2025-07-20 00:00:00-07:00,2025,Summer,7,384,157.82088622916666,155.34693773204472,2.4739484971219436,4.124201762243905,2.6437629594911405,72.65625,8.858153862803633,18.158914845587248,14.52277262930491,5.366889127415334
heat_analog_shadow,Heat_Analog_Shadow_Forecast_MWH,origin_16,2026-03-29 00:00:00-07:00,2026,Spring,3,384,120.51718188281251,119.81321884155489,0.7039630412576118,4.023276727330805,3.283884084495481,57.03125,8.536641239935815,16.671197240461467,16.886655068890775,5.233687985497793
heat_analog_shadow,Heat_Analog_Shadow_Forecast_MWH,origin_06,2025-06-22 00:00:00-07:00,2025,Summer,6,384,168.52844033593752,167.78420760555028,0.7442327303872203,3.922602640988849,2.2801474697477015,56.770833333333336,8.78070220128928,16.698964061251928,17.95699447094546,5.091215995378593
heat_analog_shadow,Heat_Analog_Shadow_Forecast_MWH,origin_09,2025-09-14 00:00:00-07:00,2025,Summer,9,384,162.83103684895835,164.12349755257358,-1.2924607036152604,3.7430642412940407,2.3371713783170045,39.58333333333333,7.646964712599547,13.517895781192095,32.77541820133354,5.501406596050222
heat_analog_shadow,Heat_Analog_Shadow_Forecast_MWH,origin_18,2026-05-24 00:00:00-07:00,2026,Spring,5,384,142.90284213541665,144.76137374167772,-1.8585316062610342,3.7344176051877316,2.620426136809424,36.71875,8.501064891283207,9.290520846866002,21.52777006455611,5.099480373000031
heat_analog_shadow,Heat_Analog_Shadow_Forecast_MWH,origin_19,2026-05-28 00:00:00-07:00,2026,Spring,5,384,158.50971714583332,159.78069011087712,-1.2709729650437929,3.447145406178052,2.1540828496957674,40.36458333333333,8.175183804934996,10.805664511505938,17.570233188979216,4.672768969900537
heat_analog_shadow,Heat_Analog_Shadow_Forecast_MWH,origin_04,2025-04-27 00:00:00-07:00,2025,Spring,4,384,121.913576171875,123.51791484219325,-1.6043386703182494,3.174728106806492,2.554130374334949,29.6875,7.352493264669935,19.67378119048007,15.237505012526157,4.5017543726699305
heat_analog_shadow,Heat_Analog_Shadow_Forecast_MWH,origin_13,2026-01-03 23:00:00-08:00,2026,Winter,1,384,128.126853875,128.0267354095034,0.10011846549660797,3.1550924835591583,2.439233632217055,48.95833333333333,7.561231212854372,17.965594513993977,15.096337463624394,4.513174166425405
heat_analog_shadow,Heat_Analog_Shadow_Forecast_MWH,origin_03,2025-03-30 00:00:00-07:00,2025,Spring,3,384,111.3258731328125,111.02646395391473,0.29940917889778024,3.1174387329684947,2.695032654285908,56.770833333333336,6.954793419959172,14.54074675020992,10.940377681498745,4.138529769783526
heat_analog_shadow,Heat_Analog_Shadow_Forecast_MWH,origin_15,2026-02-28 23:00:00-08:00,2026,Winter,2,384,115.88717167708334,114.41218213071454,1.4749895463688016,3.0100050098777,2.56969937696601,68.48958333333334,6.307025980110864,8.635506738026663,7.612192883816036,3.7122249572844654
heat_analog_shadow,Heat_Analog_Shadow_Forecast_MWH,origin_11,2025-11-08 23:00:00-08:00,2025,Fall,11,384,122.29222068489582,122.11240416984383,0.17981651505201257,2.9469277287167626,2.331294013449282,52.34375,7.290254890259719,22.988378327530427,11.757025810952982,4.39428441280953
heat_analog_shadow,Heat_Analog_Shadow_Forecast_MWH,origin_01,2024-10-13 00:00:00-07:00,2024,Fall,10,384,116.30257716666667,114.63221514761887,1.6703620190478095,2.9094409388499822,2.3585968072397954,70.83333333333334,7.081755697580642,16.568682474039633,8.189339247180413,4.213414374880774
heat_analog_shadow,Heat_Analog_Shadow_Forecast_MWH,origin_12,2025-12-06 23:00:00-08:00,2025,Winter,12,384,139.45845884114584,139.50202642063164,-0.04356757948580011,2.8677405175094126,2.0289751825514375,51.302083333333336,5.196600436170646,13.839307311277508,31.312049319111793,4.517872640530025
heat_analog_shadow,Heat_Analog_Shadow_Forecast_MWH,origin_14,2026-01-31 23:00:00-08:00,2026,Winter,1,384,120.6618153359375,120.31940382089567,0.3424115150418367,2.7148823480198137,2.1844102246274644,48.17708333333333,5.981034477257516,19.82179059210945,8.135373265499624,3.895719837231212
heat_analog_shadow,Heat_Analog_Shadow_Forecast_MWH,origin_10,2025-10-12 00:00:00-07:00,2025,Fall,10,384,118.67937204947917,118.30935184846324,0.3700202010159295,2.277496466573728,1.897183584541579,59.895833333333336,5.132483792916116,11.570315210097476,10.43795908345578,3.129641734420327
auto_residual_full_shadow,Auto_Residual_Full_Shadow_Adjusted_Forecast_MWH,origin_21,2026-07-06 00:00:00-07:00,2026,Summer,7,380,185.74302035789472,186.43824566273122,-0.6952253048364653,5.670190974006402,3.04430963823326,43.15789473684211,12.473047502091463,26.915113279217877,22.018535567433105,7.410332382941091
auto_residual_full_shadow,Auto_Residual_Full_Shadow_Adjusted_Forecast_MWH,origin_22,2026-07-07 00:00:00-07:00,2026,Summer,7,380,187.94545492105263,186.96381132914536,0.9816435919072638,5.43215614289708,2.9562935298735438,51.84210526315789,11.370314618542526,29.71173654921941,21.022136507957242,7.250853184782762
auto_residual_full_shadow,Auto_Residual_Full_Shadow_Adjusted_Forecast_MWH,origin_24,2026-07-21 00:00:00-07:00,2026,Summer,7,384,200.7955977239583,198.19518838415192,2.6004093398064083,4.792729784265545,2.249810981879564,63.020833333333336,11.305380913586237,21.04057700578136,15.047976272669302,6.517852461230146
auto_residual_full_shadow,Auto_Residual_Full_Shadow_Adjusted_Forecast_MWH,origin_23,2026-07-20 00:00:00-07:00,2026,Summer,7,384,200.19178741406247,197.9253352706664,2.2664521433960827,4.76805278860977,2.292900988197104,63.802083333333336,11.71187838610321,19.797077895743286,17.385348339928044,6.498802788887147
auto_residual_full_shadow,Auto_Residual_Full_Shadow_Adjusted_Forecast_MWH,origin_08,2025-08-17 00:00:00-07:00,2025,Summer,8,384,187.771909734375,191.22056151812205,-3.448651783747067,4.732150870372119,2.78784169999285,21.875,10.271157809825114,10.282594556739639,18.98758927397887,6.095097399682545
auto_residual_full_shadow,Auto_Residual_Full_Shadow_Adjusted_Forecast_MWH,origin_17,2026-04-26 00:00:00-07:00,2026,Spring,4,384,127.136992640625,124.58811987077587,2.548872769849122,4.421388111095344,3.470926178125349,75.26041666666666,8.926706689549977,14.308308889672986,10.626144604831524,5.467975209297805
auto_residual_full_shadow,Auto_Residual_Full_Shadow_Adjusted_Forecast_MWH,origin_05,2025-05-25 00:00:00-07:00,2025,Spring,5,384,153.69139593489584,152.28491127445136,1.4064846604444752,4.418556073401089,2.7569992394773806,55.989583333333336,9.507614155627929,27.18600025578172,16.678872365763283,6.282114490905992
auto_residual_full_shadow,Auto_Residual_Full_Shadow_Adjusted_Forecast_MWH,origin_02,2024-11-09 23:00:00-08:00,2024,Fall,11,384,116.68925462760417,112.97098954086908,3.7182650867350837,4.226501751371476,3.5495818518710007,86.71875,8.14224479771088,17.576786559937176,10.700399540257706,5.164264472191985
auto_residual_full_shadow,Auto_Residual_Full_Shadow_Adjusted_Forecast_MWH,origin_20,2026-05-29 00:00:00-07:00,2026,Spring,5,384,163.7729361171875,166.25071273115307,-2.477776613965556,4.18915600542146,2.545372469314716,29.947916666666668,9.07334951718404,16.44286242919587,24.29000153287032,5.667627919505003
auto_residual_full_shadow,Auto_Residual_Full_Shadow_Adjusted_Forecast_MWH,origin_07,2025-07-20 00:00:00-07:00,2025,Summer,7,384,157.82088622916666,155.3267388713921,2.4941473577745747,4.141320377004268,2.6525247435004227,72.91666666666666,8.858153862803633,18.158914845587248,14.52277262930491,5.378357903916948
auto_residual_full_shadow,Auto_Residual_Full_Shadow_Adjusted_Forecast_MWH,origin_16,2026-03-29 00:00:00-07:00,2026,Spring,3,384,120.51718188281251,119.81328564677447,0.7038962360380236,4.023343532550394,3.2839331835580854,57.03125,8.536641239935815,16.671197240461467,16.886655068890775,5.233744339869457
auto_residual_full_shadow,Auto_Residual_Full_Shadow_Adjusted_Forecast_MWH,origin_06,2025-06-22 00:00:00-07:00,2025,Summer,6,384,168.52844033593752,167.73471850066304,0.7937218352744767,4.004292748986573,2.313793927755087,56.770833333333336,8.843596845005319,17.306136303096224,17.95699447094546,5.277277699495065
auto_residual_full_shadow,Auto_Residual_Full_Shadow_Adjusted_Forecast_MWH,origin_09,2025-09-14 00:00:00-07:00,2025,Summer,9,384,162.83103684895835,164.13913743088125,-1.308100581922911,3.749087082119548,2.3401918561447927,39.32291666666667,7.655744594643715,13.517895781192095,32.77541820133354,5.515861600763461
auto_residual_full_shadow,Auto_Residual_Full_Shadow_Adjusted_Forecast_MWH,origin_18,2026-05-24 00:00:00-07:00,2026,Spring,5,384,142.90284213541665,144.73351059888773,-1.8306684634710717,3.7188043735557152,2.610644200077888,36.97916666666667,8.501064891283207,9.381586653326139,21.52777006455611,5.070665994769834
auto_residual_full_shadow,Auto_Residual_Full_Shadow_Adjusted_Forecast_MWH,origin_19,2026-05-28 00:00:00-07:00,2026,Spring,5,384,158.50971714583332,159.76771388174862,-1.2579967359153,3.4514350572488457,2.156560317119444,40.625,8.175183804934996,10.805664511505938,17.570233188979216,4.67225624905341
auto_residual_full_shadow,Auto_Residual_Full_Shadow_Adjusted_Forecast_MWH,origin_04,2025-04-27 00:00:00-07:00,2025,Spring,4,384,121.913576171875,123.51791484219325,-1.6043386703182494,3.174728106806492,2.554130374334949,29.6875,7.352493264669935,19.67378119048007,15.237505012526157,4.5017543726699305
auto_residual_full_shadow,Auto_Residual_Full_Shadow_Adjusted_Forecast_MWH,origin_13,2026-01-03 23:00:00-08:00,2026,Winter,1,384,128.126853875,128.0267449867222,0.10010888827778042,3.1550829063403305,2.4392266743027147,48.95833333333333,7.561231212854372,17.965594513993977,15.096337463624394,4.513169025945309
auto_residual_full_shadow,Auto_Residual_Full_Shadow_Adjusted_Forecast_MWH,origin_03,2025-03-30 00:00:00-07:00,2025,Spring,3,384,111.3258731328125,111.02805500574168,0.29781812707081873,3.115847681141533,2.6936770899202043,56.770833333333336,6.954793419959172,14.54074675020992,10.940377681498745,4.136573175301842
auto_residual_full_shadow,Auto_Residual_Full_Shadow_Adjusted_Forecast_MWH,origin_15,2026-02-28 23:00:00-08:00,2026,Winter,2,384,115.88717167708334,114.41218213071454,1.4749895463688016,3.0100050098777,2.56969937696601,68.48958333333334,6.307025980110864,8.635506738026663,7.612192883816036,3.7122249572844654
auto_residual_full_shadow,Auto_Residual_Full_Shadow_Adjusted_Forecast_MWH,origin_11,2025-11-08 23:00:00-08:00,2025,Fall,11,384,122.29222068489582,122.11240416984383,0.17981651505201257,2.9469277287167626,2.331294013449282,52.34375,7.290254890259719,22.988378327530427,11.757025810952982,4.39428441280953
auto_residual_full_shadow,Auto_Residual_Full_Shadow_Adjusted_Forecast_MWH,origin_01,2024-10-13 00:00:00-07:00,2024,Fall,10,384,116.30257716666667,114.63221514761887,1.6703620190478095,2.9094409388499822,2.3585968072397954,70.83333333333334,7.081755697580642,16.568682474039633,8.189339247180413,4.213414374880774
auto_residual_full_shadow,Auto_Residual_Full_Shadow_Adjusted_Forecast_MWH,origin_12,2025-12-06 23:00:00-08:00,2025,Winter,12,384,139.45845884114584,139.5079785710827,-0.04951972993687189,2.8738171151965397,2.0328351078616604,51.302083333333336,5.196600436170646,13.839307311277508,31.312049319111793,4.52166813172456
auto_residual_full_shadow,Auto_Residual_Full_Shadow_Adjusted_Forecast_MWH,origin_14,2026-01-31 23:00:00-08:00,2026,Winter,1,384,120.6618153359375,120.31968654965152,0.3421287862859743,2.714599619263952,2.184224460032494,48.17708333333333,5.981034477257516,19.82179059210945,8.135373265499624,3.8950858236282557
auto_residual_full_shadow,Auto_Residual_Full_Shadow_Adjusted_Forecast_MWH,origin_10,2025-10-12 00:00:00-07:00,2025,Fall,10,384,118.67937204947917,118.3096942365497,0.3696778129294603,2.277838854660197,1.8974008606668598,59.895833333333336,5.132483792916116,11.570315210097476,10.43795908345578,3.129720190416584
auto_residual_structural_hot_peak_shadow,Auto_Residual_Structural_HotPeak_Adjusted_Forecast_MWH,origin_21,2026-07-06 00:00:00-07:00,2026,Summer,7,380,185.74302035789472,186.29055171146007,-0.5475313535653131,5.638631222322575,3.0251715113443276,43.94736842105263,12.616820273783734,26.77072967686192,22.004305680172564,7.377710275839266
auto_residual_structural_hot_peak_shadow,Auto_Residual_Structural_HotPeak_Adjusted_Forecast_MWH,origin_22,2026-07-07 00:00:00-07:00,2026,Summer,7,380,187.94545492105263,186.89315127932443,1.0523036417281941,5.422721106023411,2.9526553757969736,53.1578947368421,11.200732375575665,29.840557618399174,21.049273649758362,7.23891775090161
auto_residual_structural_hot_peak_shadow,Auto_Residual_Structural_HotPeak_Adjusted_Forecast_MWH,origin_23,2026-07-20 00:00:00-07:00,2026,Summer,7,384,200.19178741406247,197.74439705575904,2.447390358303445,4.8008991233295175,2.3014355626085345,65.36458333333334,11.66943813270315,19.499427329815546,17.403665534997828,6.52352473058202
auto_residual_structural_hot_peak_shadow,Auto_Residual_Structural_HotPeak_Adjusted_Forecast_MWH,origin_24,2026-07-21 00:00:00-07:00,2026,Summer,7,384,200.7955977239583,198.03861623439988,2.756981489558456,4.7955568573476866,2.2355986284536837,64.0625,11.472922633307949,21.04057700578136,15.19756352890451,6.545576611739682
auto_residual_structural_hot_peak_shadow,Auto_Residual_Structural_HotPeak_Adjusted_Forecast_MWH,origin_08,2025-08-17 00:00:00-07:00,2025,Summer,8,384,187.771909734375,191.27704162486498,-3.505131890489979,4.792136266597643,2.8199711589650427,22.395833333333336,10.362086433480135,10.231181481859863,19.144801115039797,6.1116900074938165
auto_residual_structural_hot_peak_shadow,Auto_Residual_Structural_HotPeak_Adjusted_Forecast_MWH,origin_17,2026-04-26 00:00:00-07:00,2026,Spring,4,384,127.136992640625,124.53175202361469,2.605240617010309,4.471454153404847,3.5126110827297228,75.78125,8.980541387724175,14.475546619598333,10.606654788046967,5.512503536747439
auto_residual_structural_hot_peak_shadow,Auto_Residual_Structural_HotPeak_Adjusted_Forecast_MWH,origin_05,2025-05-25 00:00:00-07:00,2025,Spring,5,384,153.69139593489584,152.48751982411986,1.203876110775993,4.43644708058844,2.780929949518002,54.947916666666664,9.550788829425635,26.616399585996504,16.678872365763283,6.238314930805466
auto_residual_structural_hot_peak_shadow,Auto_Residual_Structural_HotPeak_Adjusted_Forecast_MWH,origin_02,2024-11-09 23:00:00-08:00,2024,Fall,11,384,116.68925462760417,112.9261063677789,3.7631482598252766,4.226241335062977,3.5406845616210205,85.9375,8.14927653530975,16.920567094436763,9.880332289988928,5.173300732342665
auto_residual_structural_hot_peak_shadow,Auto_Residual_Structural_HotPeak_Adjusted_Forecast_MWH,origin_07,2025-07-20 00:00:00-07:00,2025,Summer,7,384,157.82088622916666,155.3328566666469,2.488029562519748,4.149755683339062,2.655888621456886,70.83333333333334,9.332453575010636,17.91006081544046,14.52277262930491,5.431594307852436
auto_residual_structural_hot_peak_shadow,Auto_Residual_Structural_HotPeak_Adjusted_Forecast_MWH,origin_20,2026-05-29 00:00:00-07:00,2026,Spring,5,384,163.7729361171875,166.10259859608735,-2.3296624788998495,4.094714712999859,2.504221639441744,29.6875,9.11856762959741,16.490947432544957,22.99783542741983,5.546279722608721
auto_residual_structural_hot_peak_shadow,Auto_Residual_Structural_HotPeak_Adjusted_Forecast_MWH,origin_16,2026-03-29 00:00:00-07:00,2026,Spring,3,384,120.51718188281251,119.85259148424319,0.6645903985693045,3.9709151715523916,3.245385612137308,57.8125,8.449436138043112,16.747780367743516,16.6621517211897,5.180919724319388
auto_residual_structural_hot_peak_shadow,Auto_Residual_Structural_HotPeak_Adjusted_Forecast_MWH,origin_06,2025-06-22 00:00:00-07:00,2025,Summer,6,384,168.52844033593752,167.6912130485536,0.8372272873838975,3.9469169674285283,2.3009150205570856,56.510416666666664,8.422910223045399,17.306136303096224,17.811204941749907,5.161311022862542
auto_residual_structural_hot_peak_shadow,Auto_Residual_Structural_HotPeak_Adjusted_Forecast_MWH,origin_18,2026-05-24 00:00:00-07:00,2026,Spring,5,384,142.90284213541665,144.73345796262893,-1.8306158272122832,3.767982291022412,2.6540716286953416,38.28125,8.455528311141853,9.171466098429079,21.725780061011648,5.162217097032226
auto_residual_structural_hot_peak_shadow,Auto_Residual_Structural_HotPeak_Adjusted_Forecast_MWH,origin_09,2025-09-14 00:00:00-07:00,2025,Summer,9,384,162.83103684895835,164.19286261365968,-1.3618257647013603,3.681799954396087,2.305497017325002,37.76041666666667,7.188713963655094,13.517895781192095,31.852428226965912,5.4092332097535545
auto_residual_structural_hot_peak_shadow,Auto_Residual_Structural_HotPeak_Adjusted_Forecast_MWH,origin_19,2026-05-28 00:00:00-07:00,2026,Spring,5,384,158.50971714583332,159.56415237972445,-1.054435233891113,3.447455962513548,2.178594150046171,42.70833333333333,8.311850229246192,11.096452648899003,17.13338884130596,4.65772603764439
auto_residual_structural_hot_peak_shadow,Auto_Residual_Structural_HotPeak_Adjusted_Forecast_MWH,origin_04,2025-04-27 00:00:00-07:00,2025,Spring,4,384,121.913576171875,123.60235691922668,-1.6887807473516798,3.2241304709617666,2.589258000906955,29.6875,7.30084610233572,19.512411472691937,14.939794634060036,4.551893743898909
auto_residual_structural_hot_peak_shadow,Auto_Residual_Structural_HotPeak_Adjusted_Forecast_MWH,origin_13,2026-01-03 23:00:00-08:00,2026,Winter,1,384,128.126853875,127.77879984041617,0.34805403458383255,3.1874004987339943,2.4616900103827404,51.822916666666664,7.510737826668562,17.615690357685494,15.188444674711064,4.542804844998653
auto_residual_structural_hot_peak_shadow,Auto_Residual_Structural_HotPeak_Adjusted_Forecast_MWH,origin_03,2025-03-30 00:00:00-07:00,2025,Spring,3,384,111.3258731328125,110.8664558496097,0.45941728320280034,3.1512573125371515,2.730003669484178,57.8125,6.924095236828418,14.370268246523779,10.337637329101796,4.133902456263399
auto_residual_structural_hot_peak_shadow,Auto_Residual_Structural_HotPeak_Adjusted_Forecast_MWH,origin_15,2026-02-28 23:00:00-08:00,2026,Winter,2,384,115.88717167708334,114.53695805065291,1.350213626430414,2.975336586100872,2.536995368875679,65.10416666666666,6.264215455771381,8.866156644367436,7.872434598086613,3.6721624348764554
auto_residual_structural_hot_peak_shadow,Auto_Residual_Structural_HotPeak_Adjusted_Forecast_MWH,origin_11,2025-11-08 23:00:00-08:00,2025,Fall,11,384,122.29222068489582,121.97711142776556,0.315109257130279,2.909942793596912,2.3001922753276696,52.604166666666664,7.0712662941374385,22.876495151309115,11.674811350869192,4.3384548858213545
auto_residual_structural_hot_peak_shadow,Auto_Residual_Structural_HotPeak_Adjusted_Forecast_MWH,origin_01,2024-10-13 00:00:00-07:00,2024,Fall,10,384,116.30257716666667,114.48648524118276,1.816091925483905,2.9018770574289747,2.341882171927159,71.09375,7.122474511218215,16.655776454401575,8.297108408286874,4.244831012633474
auto_residual_structural_hot_peak_shadow,Auto_Residual_Structural_HotPeak_Adjusted_Forecast_MWH,origin_12,2025-12-06 23:00:00-08:00,2025,Winter,12,384,139.45845884114584,139.28606930305895,0.17238953808689153,2.895006466480705,2.0465606116529917,54.6875,5.257291671132118,12.887891139694062,30.83901502518009,4.470506296077171
auto_residual_structural_hot_peak_shadow,Auto_Residual_Structural_HotPeak_Adjusted_Forecast_MWH,origin_14,2026-01-31 23:00:00-08:00,2026,Winter,1,384,120.6618153359375,120.22319370963748,0.4386216263000204,2.7190846328463767,2.181257377892692,50.260416666666664,6.264005807691291,19.558568948032587,8.16328267514632,3.934713345230008
auto_residual_structural_hot_peak_shadow,Auto_Residual_Structural_HotPeak_Adjusted_Forecast_MWH,origin_10,2025-10-12 00:00:00-07:00,2025,Fall,10,384,118.67937204947917,118.28221349951836,0.39715854996080874,2.243884453535251,1.8718036548685735,60.9375,5.181795386951016,11.359777671103686,10.37697546125024,3.0932712709831036
auto_residual_broad_hot_peak_shadow,Auto_Residual_Broad_HotPeak_Shadow_Adjusted_Forecast_MWH,origin_21,2026-07-06 00:00:00-07:00,2026,Summer,7,380,185.74302035789472,186.30217950076735,-0.5591591428726184,5.627003433015271,3.0215974295665853,43.94736842105263,12.466037855132454,26.77072967686192,22.004305680172564,7.36293708719786
auto_residual_broad_hot_peak_shadow,Auto_Residual_Broad_HotPeak_Shadow_Adjusted_Forecast_MWH,origin_22,2026-07-07 00:00:00-07:00,2026,Summer,7,380,187.94545492105263,186.89689875119868,1.0485561698539767,5.418973634149193,2.9514997630281607,53.1578947368421,11.200732375575665,29.840557618399174,21.049273649758362,7.237090266777594
auto_residual_broad_hot_peak_shadow,Auto_Residual_Broad_HotPeak_Shadow_Adjusted_Forecast_MWH,origin_08,2025-08-17 00:00:00-07:00,2025,Summer,8,384,187.771909734375,191.25282598376623,-3.4809162493912313,4.77474988141245,2.8136025961375375,22.65625,10.337904155614634,10.231181481859863,19.144801115039797,6.104172327716212
auto_residual_broad_hot_peak_shadow,Auto_Residual_Broad_HotPeak_Shadow_Adjusted_Forecast_MWH,origin_23,2026-07-20 00:00:00-07:00,2026,Summer,7,384,200.19178741406247,197.8290561487336,2.3627312653288954,4.759698192200734,2.288829039721953,64.58333333333334,11.66943813270315,19.499427329815546,17.403665534997828,6.486175907100431
auto_residual_broad_hot_peak_shadow,Auto_Residual_Broad_HotPeak_Shadow_Adjusted_Forecast_MWH,origin_24,2026-07-21 00:00:00-07:00,2026,Summer,7,384,200.7955977239583,198.1176623827815,2.6779353411768585,4.758229640839862,2.224205636597913,63.802083333333336,11.472922633307949,21.04057700578136,15.19756352890451,6.506064696464363
auto_residual_broad_hot_peak_shadow,Auto_Residual_Broad_HotPeak_Shadow_Adjusted_Forecast_MWH,origin_17,2026-04-26 00:00:00-07:00,2026,Spring,4,384,127.136992640625,124.53175202361469,2.605240617010309,4.471454153404847,3.5126110827297228,75.78125,8.980541387724175,14.475546619598333,10.606654788046967,5.512503536747439
auto_residual_broad_hot_peak_shadow,Auto_Residual_Broad_HotPeak_Shadow_Adjusted_Forecast_MWH,origin_05,2025-05-25 00:00:00-07:00,2025,Spring,5,384,153.69139593489584,152.48751982411986,1.203876110775993,4.43644708058844,2.780929949518002,54.947916666666664,9.550788829425635,26.616399585996504,16.678872365763283,6.238314930805466
auto_residual_broad_hot_peak_shadow,Auto_Residual_Broad_HotPeak_Shadow_Adjusted_Forecast_MWH,origin_02,2024-11-09 23:00:00-08:00,2024,Fall,11,384,116.68925462760417,112.9261063677789,3.7631482598252766,4.226241335062977,3.5406845616210205,85.9375,8.14927653530975,16.920567094436763,9.880332289988928,5.173300732342665
auto_residual_broad_hot_peak_shadow,Auto_Residual_Broad_HotPeak_Shadow_Adjusted_Forecast_MWH,origin_07,2025-07-20 00:00:00-07:00,2025,Summer,7,384,157.82088622916666,155.30311778098812,2.517768448178556,4.156534445624595,2.659104169260901,71.09375,9.332453575010636,17.91006081544046,14.52277262930491,5.441933919035559
auto_residual_broad_hot_peak_shadow,Auto_Residual_Broad_HotPeak_Shadow_Adjusted_Forecast_MWH,origin_20,2026-05-29 00:00:00-07:00,2026,Spring,5,384,163.7729361171875,166.10259859608735,-2.3296624788998495,4.094714712999859,2.504221639441744,29.6875,9.11856762959741,16.490947432544957,22.99783542741983,5.546279722608721
auto_residual_broad_hot_peak_shadow,Auto_Residual_Broad_HotPeak_Shadow_Adjusted_Forecast_MWH,origin_06,2025-06-22 00:00:00-07:00,2025,Summer,6,384,168.52844033593752,167.73678539950836,0.7916549364291386,3.9896502287518008,2.316204008967566,56.510416666666664,8.461960569172682,17.306136303096224,17.811204941749907,5.23193308500225
auto_residual_broad_hot_peak_shadow,Auto_Residual_Broad_HotPeak_Shadow_Adjusted_Forecast_MWH,origin_16,2026-03-29 00:00:00-07:00,2026,Spring,3,384,120.51718188281251,119.85259148424319,0.6645903985693045,3.9709151715523916,3.245385612137308,57.8125,8.449436138043112,16.747780367743516,16.6621517211897,5.180919724319388
auto_residual_broad_hot_peak_shadow,Auto_Residual_Broad_HotPeak_Shadow_Adjusted_Forecast_MWH,origin_18,2026-05-24 00:00:00-07:00,2026,Spring,5,384,142.90284213541665,144.73345796262893,-1.8306158272122832,3.767982291022412,2.6540716286953416,38.28125,8.455528311141853,9.171466098429079,21.725780061011648,5.162217097032226
auto_residual_broad_hot_peak_shadow,Auto_Residual_Broad_HotPeak_Shadow_Adjusted_Forecast_MWH,origin_09,2025-09-14 00:00:00-07:00,2025,Summer,9,384,162.83103684895835,164.17849736326374,-1.3474605143053997,3.6881892040920925,2.308266660266618,37.76041666666667,7.188713963655094,13.517895781192095,31.852428226965912,5.4146557489993725
auto_residual_broad_hot_peak_shadow,Auto_Residual_Broad_HotPeak_Shadow_Adjusted_Forecast_MWH,origin_19,2026-05-28 00:00:00-07:00,2026,Spring,5,384,158.50971714583332,159.56415237972445,-1.054435233891113,3.447455962513548,2.178594150046171,42.70833333333333,8.311850229246192,11.096452648899003,17.13338884130596,4.65772603764439
auto_residual_broad_hot_peak_shadow,Auto_Residual_Broad_HotPeak_Shadow_Adjusted_Forecast_MWH,origin_04,2025-04-27 00:00:00-07:00,2025,Spring,4,384,121.913576171875,123.60235691922668,-1.6887807473516798,3.2241304709617666,2.589258000906955,29.6875,7.30084610233572,19.512411472691937,14.939794634060036,4.551893743898909
auto_residual_broad_hot_peak_shadow,Auto_Residual_Broad_HotPeak_Shadow_Adjusted_Forecast_MWH,origin_13,2026-01-03 23:00:00-08:00,2026,Winter,1,384,128.126853875,127.77879984041617,0.34805403458383255,3.1874004987339943,2.4616900103827404,51.822916666666664,7.510737826668562,17.615690357685494,15.188444674711064,4.542804844998653
auto_residual_broad_hot_peak_shadow,Auto_Residual_Broad_HotPeak_Shadow_Adjusted_Forecast_MWH,origin_03,2025-03-30 00:00:00-07:00,2025,Spring,3,384,111.3258731328125,110.8664558496097,0.45941728320280034,3.1512573125371515,2.730003669484178,57.8125,6.924095236828418,14.370268246523779,10.337637329101796,4.133902456263399
auto_residual_broad_hot_peak_shadow,Auto_Residual_Broad_HotPeak_Shadow_Adjusted_Forecast_MWH,origin_15,2026-02-28 23:00:00-08:00,2026,Winter,2,384,115.88717167708334,114.53695805065291,1.350213626430414,2.975336586100872,2.536995368875679,65.10416666666666,6.264215455771381,8.866156644367436,7.872434598086613,3.6721624348764554
auto_residual_broad_hot_peak_shadow,Auto_Residual_Broad_HotPeak_Shadow_Adjusted_Forecast_MWH,origin_11,2025-11-08 23:00:00-08:00,2025,Fall,11,384,122.29222068489582,121.97711142776556,0.315109257130279,2.909942793596912,2.3001922753276696,52.604166666666664,7.0712662941374385,22.876495151309115,11.674811350869192,4.3384548858213545
auto_residual_broad_hot_peak_shadow,Auto_Residual_Broad_HotPeak_Shadow_Adjusted_Forecast_MWH,origin_01,2024-10-13 00:00:00-07:00,2024,Fall,10,384,116.30257716666667,114.48648524118276,1.816091925483905,2.9018770574289747,2.341882171927159,71.09375,7.122474511218215,16.655776454401575,8.297108408286874,4.244831012633474
auto_residual_broad_hot_peak_shadow,Auto_Residual_Broad_HotPeak_Shadow_Adjusted_Forecast_MWH,origin_12,2025-12-06 23:00:00-08:00,2025,Winter,12,384,139.45845884114584,139.28606930305895,0.17238953808689153,2.895006466480705,2.0465606116529917,54.6875,5.257291671132118,12.887891139694062,30.83901502518009,4.470506296077171
auto_residual_broad_hot_peak_shadow,Auto_Residual_Broad_HotPeak_Shadow_Adjusted_Forecast_MWH,origin_14,2026-01-31 23:00:00-08:00,2026,Winter,1,384,120.6618153359375,120.22319370963748,0.4386216263000204,2.7190846328463767,2.181257377892692,50.260416666666664,6.264005807691291,19.558568948032587,8.16328267514632,3.934713345230008
auto_residual_broad_hot_peak_shadow,Auto_Residual_Broad_HotPeak_Shadow_Adjusted_Forecast_MWH,origin_10,2025-10-12 00:00:00-07:00,2025,Fall,10,384,118.67937204947917,118.28221349951836,0.39715854996080874,2.243884453535251,1.8718036548685735,60.9375,5.181795386951016,11.359777671103686,10.37697546125024,3.0932712709831036
hot_ramp_peak_shadow,Hot_Ramp_Peak_Shadow_Forecast_MWH,origin_21,2026-07-06 00:00:00-07:00,2026,Summer,7,380,185.74302035789472,186.79569602576254,-1.0526756678677838,5.38260319993078,2.9309867808163177,42.10526315789473,11.094448040684487,26.915113279217877,22.018535567433105,6.975432783211975
hot_ramp_peak_shadow,Hot_Ramp_Peak_Shadow_Forecast_MWH,origin_22,2026-07-07 00:00:00-07:00,2026,Summer,7,380,187.94545492105263,187.23749553967167,0.7079593813809479,5.203207027166484,2.8616953893675072,51.31578947368421,10.570658226718663,29.71173654921941,21.022136507957242,6.849855504251377
hot_ramp_peak_shadow,Hot_Ramp_Peak_Shadow_Forecast_MWH,origin_08,2025-08-17 00:00:00-07:00,2025,Summer,8,384,187.771909734375,191.23414402676755,-3.462234292392561,4.741054477291873,2.7907028086568904,22.135416666666664,10.271157809825114,10.282594556739639,18.98758927397887,6.0948674642689245
hot_ramp_peak_shadow,Hot_Ramp_Peak_Shadow_Forecast_MWH,origin_23,2026-07-20 00:00:00-07:00,2026,Summer,7,384,200.19178741406247,198.26022450622932,1.931562907833179,4.545949522270429,2.209929505838926,61.71875,11.03421269353958,19.797077895743286,17.385348339928044,6.217597646104807
hot_ramp_peak_shadow,Hot_Ramp_Peak_Shadow_Forecast_MWH,origin_17,2026-04-26 00:00:00-07:00,2026,Spring,4,384,127.136992640625,124.58811987077587,2.548872769849122,4.421388111095344,3.470926178125349,75.26041666666666,8.926706689549977,14.308308889672986,10.626144604831524,5.467975209297805
hot_ramp_peak_shadow,Hot_Ramp_Peak_Shadow_Forecast_MWH,origin_05,2025-05-25 00:00:00-07:00,2025,Spring,5,384,153.69139593489584,152.30263323841635,1.3887626964794746,4.420777875177953,2.758482778511979,55.989583333333336,9.595899892665082,27.18600025578172,16.678872365763283,6.277201996395828
hot_ramp_peak_shadow,Hot_Ramp_Peak_Shadow_Forecast_MWH,origin_24,2026-07-21 00:00:00-07:00,2026,Summer,7,384,200.7955977239583,198.63765517183444,2.1579425521239015,4.414421983648581,2.1076863489222517,61.197916666666664,10.804686974761601,21.04057700578136,15.047976272669302,6.084912758726446
hot_ramp_peak_shadow,Hot_Ramp_Peak_Shadow_Forecast_MWH,origin_02,2024-11-09 23:00:00-08:00,2024,Fall,11,384,116.68925462760417,112.96868309194014,3.7205715356640234,4.22653582282363,3.5495506764385003,86.71875,8.14224479771088,17.576786559937176,10.700399540257706,5.165527903246399
hot_ramp_peak_shadow,Hot_Ramp_Peak_Shadow_Forecast_MWH,origin_20,2026-05-29 00:00:00-07:00,2026,Spring,5,384,163.7729361171875,166.2735375457061,-2.5006014285185874,4.1960966573531,2.550864082658168,29.6875,9.180549177022808,16.44286242919587,23.99783542741983,5.667879131670238
hot_ramp_peak_shadow,Hot_Ramp_Peak_Shadow_Forecast_MWH,origin_07,2025-07-20 00:00:00-07:00,2025,Summer,7,384,157.82088622916666,155.34693773204472,2.4739484971219436,4.124201762243905,2.6437629594911405,72.65625,8.858153862803633,18.158914845587248,14.52277262930491,5.366889127415334
hot_ramp_peak_shadow,Hot_Ramp_Peak_Shadow_Forecast_MWH,origin_16,2026-03-29 00:00:00-07:00,2026,Spring,3,384,120.51718188281251,119.81321884155489,0.7039630412576118,4.023276727330805,3.283884084495481,57.03125,8.536641239935815,16.671197240461467,16.886655068890775,5.233687985497793
hot_ramp_peak_shadow,Hot_Ramp_Peak_Shadow_Forecast_MWH,origin_06,2025-06-22 00:00:00-07:00,2025,Summer,6,384,168.52844033593752,167.78420760555028,0.7442327303872203,3.922602640988849,2.2801474697477015,56.770833333333336,8.78070220128928,16.698964061251928,17.95699447094546,5.091215995378593
hot_ramp_peak_shadow,Hot_Ramp_Peak_Shadow_Forecast_MWH,origin_09,2025-09-14 00:00:00-07:00,2025,Summer,9,384,162.83103684895835,164.12349755257358,-1.2924607036152604,3.7430642412940407,2.3371713783170045,39.58333333333333,7.646964712599547,13.517895781192095,32.77541820133354,5.501406596050222
hot_ramp_peak_shadow,Hot_Ramp_Peak_Shadow_Forecast_MWH,origin_18,2026-05-24 00:00:00-07:00,2026,Spring,5,384,142.90284213541665,144.76137374167772,-1.8585316062610342,3.7344176051877316,2.620426136809424,36.71875,8.501064891283207,9.290520846866002,21.52777006455611,5.099480373000031
hot_ramp_peak_shadow,Hot_Ramp_Peak_Shadow_Forecast_MWH,origin_19,2026-05-28 00:00:00-07:00,2026,Spring,5,384,158.50971714583332,159.78069011087712,-1.2709729650437929,3.447145406178052,2.1540828496957674,40.36458333333333,8.175183804934996,10.805664511505938,17.570233188979216,4.672768969900537
hot_ramp_peak_shadow,Hot_Ramp_Peak_Shadow_Forecast_MWH,origin_04,2025-04-27 00:00:00-07:00,2025,Spring,4,384,121.913576171875,123.51791484219325,-1.6043386703182494,3.174728106806492,2.554130374334949,29.6875,7.352493264669935,19.67378119048007,15.237505012526157,4.5017543726699305
hot_ramp_peak_shadow,Hot_Ramp_Peak_Shadow_Forecast_MWH,origin_13,2026-01-03 23:00:00-08:00,2026,Winter,1,384,128.126853875,128.0267354095034,0.10011846549660797,3.1550924835591583,2.439233632217055,48.95833333333333,7.561231212854372,17.965594513993977,15.096337463624394,4.513174166425405
hot_ramp_peak_shadow,Hot_Ramp_Peak_Shadow_Forecast_MWH,origin_03,2025-03-30 00:00:00-07:00,2025,Spring,3,384,111.3258731328125,111.02646395391473,0.29940917889778024,3.1174387329684947,2.695032654285908,56.770833333333336,6.954793419959172,14.54074675020992,10.940377681498745,4.138529769783526
hot_ramp_peak_shadow,Hot_Ramp_Peak_Shadow_Forecast_MWH,origin_15,2026-02-28 23:00:00-08:00,2026,Winter,2,384,115.88717167708334,114.41218213071454,1.4749895463688016,3.0100050098777,2.56969937696601,68.48958333333334,6.307025980110864,8.635506738026663,7.612192883816036,3.7122249572844654
hot_ramp_peak_shadow,Hot_Ramp_Peak_Shadow_Forecast_MWH,origin_11,2025-11-08 23:00:00-08:00,2025,Fall,11,384,122.29222068489582,122.11240416984383,0.17981651505201257,2.9469277287167626,2.331294013449282,52.34375,7.290254890259719,22.988378327530427,11.757025810952982,4.39428441280953
hot_ramp_peak_shadow,Hot_Ramp_Peak_Shadow_Forecast_MWH,origin_01,2024-10-13 00:00:00-07:00,2024,Fall,10,384,116.30257716666667,114.63221514761887,1.6703620190478095,2.9094409388499822,2.3585968072397954,70.83333333333334,7.081755697580642,16.568682474039633,8.189339247180413,4.213414374880774
hot_ramp_peak_shadow,Hot_Ramp_Peak_Shadow_Forecast_MWH,origin_12,2025-12-06 23:00:00-08:00,2025,Winter,12,384,139.45845884114584,139.50202642063164,-0.04356757948580011,2.8677405175094126,2.0289751825514375,51.302083333333336,5.196600436170646,13.839307311277508,31.312049319111793,4.517872640530025
hot_ramp_peak_shadow,Hot_Ramp_Peak_Shadow_Forecast_MWH,origin_14,2026-01-31 23:00:00-08:00,2026,Winter,1,384,120.6618153359375,120.31940382089567,0.3424115150418367,2.7148823480198137,2.1844102246274644,48.17708333333333,5.981034477257516,19.82179059210945,8.135373265499624,3.895719837231212
hot_ramp_peak_shadow,Hot_Ramp_Peak_Shadow_Forecast_MWH,origin_10,2025-10-12 00:00:00-07:00,2025,Fall,10,384,118.67937204947917,118.30935184846324,0.3700202010159295,2.277496466573728,1.897183584541579,59.895833333333336,5.132483792916116,11.570315210097476,10.43795908345578,3.129641734420327
heat_persistence_peak_shadow,Heat_Persistence_Peak_Shadow_Forecast_MWH,origin_21,2026-07-06 00:00:00-07:00,2026,Summer,7,380,185.74302035789472,186.79569602576254,-1.0526756678677838,5.38260319993078,2.9309867808163177,42.10526315789473,11.094448040684487,26.915113279217877,22.018535567433105,6.975432783211975
heat_persistence_peak_shadow,Heat_Persistence_Peak_Shadow_Forecast_MWH,origin_22,2026-07-07 00:00:00-07:00,2026,Summer,7,380,187.94545492105263,187.23749553967167,0.7079593813809479,5.203207027166484,2.8616953893675072,51.31578947368421,10.570658226718663,29.71173654921941,21.022136507957242,6.849855504251377
heat_persistence_peak_shadow,Heat_Persistence_Peak_Shadow_Forecast_MWH,origin_08,2025-08-17 00:00:00-07:00,2025,Summer,8,384,187.771909734375,191.27179708910458,-3.4998873547295752,4.751014396833725,2.793733505437212,21.614583333333336,10.271157809825114,10.282594556739639,18.98758927397887,6.10545520007442
heat_persistence_peak_shadow,Heat_Persistence_Peak_Shadow_Forecast_MWH,origin_23,2026-07-20 00:00:00-07:00,2026,Summer,7,384,200.19178741406247,198.26022450622932,1.931562907833179,4.545949522270429,2.209929505838926,61.71875,11.03421269353958,19.797077895743286,17.385348339928044,6.217597646104807
heat_persistence_peak_shadow,Heat_Persistence_Peak_Shadow_Forecast_MWH,origin_17,2026-04-26 00:00:00-07:00,2026,Spring,4,384,127.136992640625,124.58811987077587,2.548872769849122,4.421388111095344,3.470926178125349,75.26041666666666,8.926706689549977,14.308308889672986,10.626144604831524,5.467975209297805
heat_persistence_peak_shadow,Heat_Persistence_Peak_Shadow_Forecast_MWH,origin_05,2025-05-25 00:00:00-07:00,2025,Spring,5,384,153.69139593489584,152.30263323841635,1.3887626964794746,4.420777875177953,2.758482778511979,55.989583333333336,9.595899892665082,27.18600025578172,16.678872365763283,6.277201996395828
heat_persistence_peak_shadow,Heat_Persistence_Peak_Shadow_Forecast_MWH,origin_24,2026-07-21 00:00:00-07:00,2026,Summer,7,384,200.7955977239583,198.63765517183444,2.1579425521239015,4.414421983648581,2.1076863489222517,61.197916666666664,10.804686974761601,21.04057700578136,15.047976272669302,6.084912758726446
heat_persistence_peak_shadow,Heat_Persistence_Peak_Shadow_Forecast_MWH,origin_02,2024-11-09 23:00:00-08:00,2024,Fall,11,384,116.68925462760417,112.96868309194014,3.7205715356640234,4.22653582282363,3.5495506764385003,86.71875,8.14224479771088,17.576786559937176,10.700399540257706,5.165527903246399
heat_persistence_peak_shadow,Heat_Persistence_Peak_Shadow_Forecast_MWH,origin_20,2026-05-29 00:00:00-07:00,2026,Spring,5,384,163.7729361171875,166.2735375457061,-2.5006014285185874,4.1960966573531,2.550864082658168,29.6875,9.180549177022808,16.44286242919587,23.99783542741983,5.667879131670238
heat_persistence_peak_shadow,Heat_Persistence_Peak_Shadow_Forecast_MWH,origin_07,2025-07-20 00:00:00-07:00,2025,Summer,7,384,157.82088622916666,155.34693773204472,2.4739484971219436,4.124201762243905,2.6437629594911405,72.65625,8.858153862803633,18.158914845587248,14.52277262930491,5.366889127415334
heat_persistence_peak_shadow,Heat_Persistence_Peak_Shadow_Forecast_MWH,origin_16,2026-03-29 00:00:00-07:00,2026,Spring,3,384,120.51718188281251,119.81321884155489,0.7039630412576118,4.023276727330805,3.283884084495481,57.03125,8.536641239935815,16.671197240461467,16.886655068890775,5.233687985497793
heat_persistence_peak_shadow,Heat_Persistence_Peak_Shadow_Forecast_MWH,origin_06,2025-06-22 00:00:00-07:00,2025,Summer,6,384,168.52844033593752,167.78420760555028,0.7442327303872203,3.922602640988849,2.2801474697477015,56.770833333333336,8.78070220128928,16.698964061251928,17.95699447094546,5.091215995378593
heat_persistence_peak_shadow,Heat_Persistence_Peak_Shadow_Forecast_MWH,origin_09,2025-09-14 00:00:00-07:00,2025,Summer,9,384,162.83103684895835,164.12349755257358,-1.2924607036152604,3.7430642412940407,2.3371713783170045,39.58333333333333,7.646964712599547,13.517895781192095,32.77541820133354,5.501406596050222
heat_persistence_peak_shadow,Heat_Persistence_Peak_Shadow_Forecast_MWH,origin_18,2026-05-24 00:00:00-07:00,2026,Spring,5,384,142.90284213541665,144.76137374167772,-1.8585316062610342,3.7344176051877316,2.620426136809424,36.71875,8.501064891283207,9.290520846866002,21.52777006455611,5.099480373000031
heat_persistence_peak_shadow,Heat_Persistence_Peak_Shadow_Forecast_MWH,origin_19,2026-05-28 00:00:00-07:00,2026,Spring,5,384,158.50971714583332,159.78069011087712,-1.2709729650437929,3.447145406178052,2.1540828496957674,40.36458333333333,8.175183804934996,10.805664511505938,17.570233188979216,4.672768969900537
heat_persistence_peak_shadow,Heat_Persistence_Peak_Shadow_Forecast_MWH,origin_04,2025-04-27 00:00:00-07:00,2025,Spring,4,384,121.913576171875,123.51791484219325,-1.6043386703182494,3.174728106806492,2.554130374334949,29.6875,7.352493264669935,19.67378119048007,15.237505012526157,4.5017543726699305
heat_persistence_peak_shadow,Heat_Persistence_Peak_Shadow_Forecast_MWH,origin_13,2026-01-03 23:00:00-08:00,2026,Winter,1,384,128.126853875,128.0267354095034,0.10011846549660797,3.1550924835591583,2.439233632217055,48.95833333333333,7.561231212854372,17.965594513993977,15.096337463624394,4.513174166425405
heat_persistence_peak_shadow,Heat_Persistence_Peak_Shadow_Forecast_MWH,origin_03,2025-03-30 00:00:00-07:00,2025,Spring,3,384,111.3258731328125,111.02646395391473,0.29940917889778024,3.1174387329684947,2.695032654285908,56.770833333333336,6.954793419959172,14.54074675020992,10.940377681498745,4.138529769783526
heat_persistence_peak_shadow,Heat_Persistence_Peak_Shadow_Forecast_MWH,origin_15,2026-02-28 23:00:00-08:00,2026,Winter,2,384,115.88717167708334,114.41218213071454,1.4749895463688016,3.0100050098777,2.56969937696601,68.48958333333334,6.307025980110864,8.635506738026663,7.612192883816036,3.7122249572844654
heat_persistence_peak_shadow,Heat_Persistence_Peak_Shadow_Forecast_MWH,origin_11,2025-11-08 23:00:00-08:00,2025,Fall,11,384,122.29222068489582,122.11240416984383,0.17981651505201257,2.9469277287167626,2.331294013449282,52.34375,7.290254890259719,22.988378327530427,11.757025810952982,4.39428441280953
heat_persistence_peak_shadow,Heat_Persistence_Peak_Shadow_Forecast_MWH,origin_01,2024-10-13 00:00:00-07:00,2024,Fall,10,384,116.30257716666667,114.63221514761887,1.6703620190478095,2.9094409388499822,2.3585968072397954,70.83333333333334,7.081755697580642,16.568682474039633,8.189339247180413,4.213414374880774
heat_persistence_peak_shadow,Heat_Persistence_Peak_Shadow_Forecast_MWH,origin_12,2025-12-06 23:00:00-08:00,2025,Winter,12,384,139.45845884114584,139.50202642063164,-0.04356757948580011,2.8677405175094126,2.0289751825514375,51.302083333333336,5.196600436170646,13.839307311277508,31.312049319111793,4.517872640530025
heat_persistence_peak_shadow,Heat_Persistence_Peak_Shadow_Forecast_MWH,origin_14,2026-01-31 23:00:00-08:00,2026,Winter,1,384,120.6618153359375,120.31940382089567,0.3424115150418367,2.7148823480198137,2.1844102246274644,48.17708333333333,5.981034477257516,19.82179059210945,8.135373265499624,3.895719837231212
heat_persistence_peak_shadow,Heat_Persistence_Peak_Shadow_Forecast_MWH,origin_10,2025-10-12 00:00:00-07:00,2025,Fall,10,384,118.67937204947917,118.30935184846324,0.3700202010159295,2.277496466573728,1.897183584541579,59.895833333333336,5.132483792916116,11.570315210097476,10.43795908345578,3.129641734420327
baseline_same_hour_yesterday,Baseline_SameHourYesterday_MWH,origin_24,2026-07-21 00:00:00-07:00,2026,Summer,7,384,200.7955977239583,204.519653421875,-3.7240556979166666,103.53302619791667,57.414162093939346,48.95833333333333,173.34361499999997,208.83599999999998,205.527,117.69978567060143
baseline_same_hour_yesterday,Baseline_SameHourYesterday_MWH,origin_23,2026-07-20 00:00:00-07:00,2026,Summer,7,384,200.19178741406247,198.7779455442708,1.4138418697916666,102.46012542708333,56.397821318406194,50.520833333333336,173.137,208.83599999999998,205.527,116.5172956406911
baseline_same_hour_yesterday,Baseline_SameHourYesterday_MWH,origin_22,2026-07-07 00:00:00-07:00,2026,Summer,7,380,187.94545492105263,186.1185828763158,1.8268720447368423,88.39880641315789,50.84914990606197,51.31578947368421,155.220197,196.130075,192.997083,101.8831687289113
baseline_same_hour_yesterday,Baseline_SameHourYesterday_MWH,origin_21,2026-07-06 00:00:00-07:00,2026,Summer,7,380,185.74302035789472,185.28377536052633,0.45924499736842106,86.09380152894737,49.68807268104385,48.421052631578945,154.4734687,196.130075,192.997083,99.86134232567383
baseline_same_hour_yesterday,Baseline_SameHourYesterday_MWH,origin_20,2026-05-29 00:00:00-07:00,2026,Spring,5,384,163.7729361171875,164.1382087265625,-0.36527260937500006,65.457844734375,41.840866301378455,52.864583333333336,127.96946700000002,183.07319999999999,173.90324999999999,78.8602306699793
baseline_same_hour_yesterday,Baseline_SameHourYesterday_MWH,origin_19,2026-05-28 00:00:00-07:00,2026,Spring,5,384,158.50971714583332,154.06390570572918,4.445811440104166,61.29036562239583,39.384691774074064,54.947916666666664,122.20860239999999,183.07319999999999,162.00678299999998,74.7194639492007
baseline_same_hour_yesterday,Baseline_SameHourYesterday_MWH,origin_18,2026-05-24 00:00:00-07:00,2026,Spring,5,384,142.90284213541665,144.56441846875,-1.6615763333333335,44.19940730208333,30.492196808455166,49.73958333333333,103.93259079999999,128.11466700000003,151.51145799999998,58.22023656726732
baseline_same_hour_yesterday,Baseline_SameHourYesterday_MWH,origin_05,2025-05-25 00:00:00-07:00,2025,Spring,5,384,153.69139593489584,150.15266544791666,3.538730486979167,18.1360294609375,10.837063671182563,59.114583333333336,42.91304439999999,77.28132500000001,88.83647500000001,25.976213276843442
baseline_same_hour_yesterday,Baseline_SameHourYesterday_MWH,origin_09,2025-09-14 00:00:00-07:00,2025,Summer,9,384,162.83103684895835,167.14112179166668,-4.310084942708333,17.362092718750002,10.399206346370233,54.427083333333336,36.187627400000004,38.40450800000002,106.82626700000003,25.937745855850746
baseline_same_hour_yesterday,Baseline_SameHourYesterday_MWH,origin_06,2025-06-22 00:00:00-07:00,2025,Summer,6,384,168.52844033593752,167.79975491927084,0.7286854166666666,17.285620807291668,10.58036460832077,57.03125,40.7026474,64.66310800000002,99.756392,25.32597100117141
baseline_same_hour_yesterday,Baseline_SameHourYesterday_MWH,origin_08,2025-08-17 00:00:00-07:00,2025,Summer,8,384,187.771909734375,185.07215836458332,2.6997513697916666,12.458073619791667,6.487168741555763,63.541666666666664,27.9834262,53.81595800000002,69.05847499999999,17.179494043213463
baseline_same_hour_yesterday,Baseline_SameHourYesterday_MWH,origin_07,2025-07-20 00:00:00-07:00,2025,Summer,7,384,157.82088622916666,158.85897444270833,-1.0380882135416665,12.296236588541667,7.529352612497736,47.39583333333333,27.513286299999997,54.740983,51.5256,16.609439863497695
baseline_same_hour_yesterday,Baseline_SameHourYesterday_MWH,origin_04,2025-04-27 00:00:00-07:00,2025,Spring,4,384,121.913576171875,122.37519405729167,-0.4616178854166668,11.393212473958334,8.913234998989592,51.5625,23.877255599999987,33.942958000000004,88.039533,17.186889260502944
baseline_same_hour_yesterday,Baseline_SameHourYesterday_MWH,origin_17,2026-04-26 00:00:00-07:00,2026,Spring,4,384,127.136992640625,123.7593549609375,3.3776376796874996,9.012221075520834,6.599478436068409,64.0625,22.334426199999996,53.919442000000004,46.55224100000001,13.72789097595008
baseline_same_hour_yesterday,Baseline_SameHourYesterday_MWH,origin_16,2026-03-29 00:00:00-07:00,2026,Spring,3,384,120.51718188281251,121.29954002604167,-0.7823581432291666,7.599129028645834,6.220990696146083,50.520833333333336,18.663718799999987,23.001559000000015,44.31815,10.691590584405454
baseline_same_hour_yesterday,Baseline_SameHourYesterday_MWH,origin_02,2024-11-09 23:00:00-08:00,2024,Fall,11,384,116.68925462760417,115.90933802083333,0.7799166067708333,6.927386533854167,5.878936222289712,50.0,17.357116800000004,46.265000000000015,37.745757999999995,10.659194762769452
baseline_same_hour_yesterday,Baseline_SameHourYesterday_MWH,origin_03,2025-03-30 00:00:00-07:00,2025,Spring,3,384,111.3258731328125,111.65766887760417,-0.33179574479166657,6.688442276041667,5.977010332279257,51.041666666666664,17.948757700000005,27.903099999999995,37.731815999999995,9.932199402931465
baseline_same_hour_yesterday,Baseline_SameHourYesterday_MWH,origin_10,2025-10-12 00:00:00-07:00,2025,Fall,10,384,118.67937204947917,119.86195876562499,-1.1825867161458332,6.473689997395834,5.542979705813419,54.166666666666664,15.625006900000006,22.962532999999993,60.14193399999999,10.557145278226237
baseline_same_hour_yesterday,Baseline_SameHourYesterday_MWH,origin_01,2024-10-13 00:00:00-07:00,2024,Fall,10,360,115.72596856111112,116.69151120277778,-0.9655426416666665,5.754994036111111,4.7545976499279785,44.166666666666664,14.261451899999996,23.16262499999999,47.848709000000014,9.158027760036285
baseline_same_hour_yesterday,Baseline_SameHourYesterday_MWH,origin_11,2025-11-08 23:00:00-08:00,2025,Fall,11,384,122.29222068489582,121.516705625,0.7755150598958335,5.7230235651041665,4.583484864208935,53.645833333333336,15.132954999999992,36.609300000000005,27.486099999999993,8.874405796791107
baseline_same_hour_yesterday,Baseline_SameHourYesterday_MWH,origin_14,2026-01-31 23:00:00-08:00,2026,Winter,1,384,120.6618153359375,120.652290328125,0.009525007812499764,5.4910583151041665,4.426408644647192,46.875,15.362319900000005,50.669974999999994,33.031025,9.243487627220965
baseline_same_hour_yesterday,Baseline_SameHourYesterday_MWH,origin_15,2026-02-28 23:00:00-08:00,2026,Winter,2,384,115.88717167708334,116.27932818750001,-0.3921565104166666,5.102442614583333,4.372681125896313,51.041666666666664,13.706600100000001,28.629533999999992,44.019525,8.362058225468509
baseline_same_hour_yesterday,Baseline_SameHourYesterday_MWH,origin_12,2025-12-06 23:00:00-08:00,2025,Winter,12,384,139.45845884114584,139.18827768229167,0.27018115885416666,4.228117205729167,3.0100277355968825,51.041666666666664,10.50154439999999,22.621842,22.57253400000002,6.093656299239624
baseline_same_hour_yesterday,Baseline_SameHourYesterday_MWH,origin_13,2026-01-03 23:00:00-08:00,2026,Winter,1,384,128.126853875,128.24815424479166,-0.12130036979166654,4.2280307708333345,3.2824014360405944,44.01041666666667,11.175524899999989,21.483274999999992,33.633234,6.552140055646812
baseline_same_hour_7_days_ago,Baseline_SameHour7DaysAgo_MWH,origin_24,2026-07-21 00:00:00-07:00,2026,Summer,7,384,200.7955977239583,196.85804132812498,3.9375563958333326,89.8270309375,48.19690798132266,48.95833333333333,170.8056925,230.13899999999998,184.18573300000003,108.53062812594531
baseline_same_hour_7_days_ago,Baseline_SameHour7DaysAgo_MWH,origin_23,2026-07-20 00:00:00-07:00,2026,Summer,7,384,200.19178741406247,192.80261526822918,7.389172145833334,89.30311631770833,47.77489549922198,50.260416666666664,170.8056925,230.13899999999998,184.18573300000003,108.13160422156363
baseline_same_hour_7_days_ago,Baseline_SameHour7DaysAgo_MWH,origin_21,2026-07-06 00:00:00-07:00,2026,Summer,7,380,185.74302035789472,184.62771698421054,1.1153033736842108,85.60156195789473,50.53782845343382,51.578947368421055,160.1046666,228.1343,217.713741,102.4853105782705
baseline_same_hour_7_days_ago,Baseline_SameHour7DaysAgo_MWH,origin_22,2026-07-07 00:00:00-07:00,2026,Summer,7,380,187.94545492105263,188.2680454263158,-0.3225905052631574,83.92850544210526,49.65360583789383,50.26315789473684,160.1046666,228.1343,217.713741,101.54810016109758
baseline_same_hour_7_days_ago,Baseline_SameHour7DaysAgo_MWH,origin_20,2026-05-29 00:00:00-07:00,2026,Spring,5,384,163.7729361171875,148.95320777604167,14.819728341145833,58.64052762239584,35.92025168951667,59.375,124.86635749999999,208.41770000000002,163.61123299999997,74.41172538528882
baseline_same_hour_7_days_ago,Baseline_SameHour7DaysAgo_MWH,origin_19,2026-05-28 00:00:00-07:00,2026,Spring,5,384,158.50971714583332,146.97032720312498,11.539389942708333,57.642312015625,36.25485644653143,55.46875,125.23957999999998,208.41770000000002,163.61123299999997,73.76594432398412
baseline_same_hour_7_days_ago,Baseline_SameHour7DaysAgo_MWH,origin_18,2026-05-24 00:00:00-07:00,2026,Spring,5,384,142.90284213541665,143.16449466406252,-0.2616525286458334,45.15445470052083,31.033739335426674,46.875,117.4082314,143.60225000000003,163.61123299999997,61.06128393239052
baseline_same_hour_7_days_ago,Baseline_SameHour7DaysAgo_MWH,origin_06,2025-06-22 00:00:00-07:00,2025,Summer,6,384,168.52844033593752,163.27227551822918,5.256164817708332,30.636211046875,17.478993148817654,51.041666666666664,72.44082949999998,132.21515800000003,96.280834,40.517186818802806
baseline_same_hour_7_days_ago,Baseline_SameHour7DaysAgo_MWH,origin_07,2025-07-20 00:00:00-07:00,2025,Summer,7,384,157.82088622916666,156.45266731249998,1.3682189166666667,28.665631578125,16.991086749902042,58.072916666666664,63.739248599999996,99.440033,117.31048400000003,37.79417486405678
baseline_same_hour_7_days_ago,Baseline_SameHour7DaysAgo_MWH,origin_08,2025-08-17 00:00:00-07:00,2025,Summer,8,384,187.771909734375,181.11179801041666,6.660111723958333,28.052297375,14.174721521461587,49.47916666666667,66.78846499999996,102.30119199999999,71.67657500000001,37.38608166456036
baseline_same_hour_7_days_ago,Baseline_SameHour7DaysAgo_MWH,origin_05,2025-05-25 00:00:00-07:00,2025,Spring,5,384,153.69139593489584,141.43436998958333,12.2570259453125,27.100456028645834,15.310620901676055,63.020833333333336,62.802225699999994,183.10244999999998,57.51988300000002,42.609625720931156
baseline_same_hour_7_days_ago,Baseline_SameHour7DaysAgo_MWH,origin_09,2025-09-14 00:00:00-07:00,2025,Summer,9,384,162.83103684895835,176.51544565104166,-13.684408802083333,23.699530807291666,14.648597492336942,39.84375,58.78007879999999,44.237066999999996,115.324941,34.05756182487072
baseline_same_hour_7_days_ago,Baseline_SameHour7DaysAgo_MWH,origin_10,2025-10-12 00:00:00-07:00,2025,Fall,10,384,118.67937204947917,134.24124290625,-15.561870856770833,21.384602888020833,17.892198554530502,42.44791666666667,56.26675060000001,28.10024200000001,153.10531699999996,34.61827140453662
baseline_same_hour_7_days_ago,Baseline_SameHour7DaysAgo_MWH,origin_17,2026-04-26 00:00:00-07:00,2026,Spring,4,384,127.136992640625,119.87959633854166,7.257396302083333,14.732521343750001,10.171753949182893,64.84375,37.3825368,110.634683,42.046784,23.56886406739789
baseline_same_hour_7_days_ago,Baseline_SameHour7DaysAgo_MWH,origin_04,2025-04-27 00:00:00-07:00,2025,Spring,4,384,121.913576171875,114.78880097135418,7.124775200520833,14.2855361953125,10.443922065415045,63.802083333333336,30.998969300000002,96.36375,37.43112500000001,21.567316878251233
baseline_same_hour_7_days_ago,Baseline_SameHour7DaysAgo_MWH,origin_12,2025-12-06 23:00:00-08:00,2025,Winter,12,384,139.45845884114584,134.20646596614583,5.251992875,12.728912192708334,8.942729222862445,58.333333333333336,23.719189500000002,53.123075000000014,21.617942,16.275196474511578
baseline_same_hour_7_days_ago,Baseline_SameHour7DaysAgo_MWH,origin_16,2026-03-29 00:00:00-07:00,2026,Spring,3,384,120.51718188281251,119.05765241145833,1.4595294713541669,11.291403544270834,8.883461176673192,49.47916666666667,26.167000499999993,42.789367,47.476867,15.191623255866448
baseline_same_hour_7_days_ago,Baseline_SameHour7DaysAgo_MWH,origin_03,2025-03-30 00:00:00-07:00,2025,Spring,3,384,111.3258731328125,114.98318976041666,-3.657316627604167,11.199664986979167,10.005939580045517,35.67708333333333,26.865589399999998,42.007108,54.23268300000001,15.429745347600315
baseline_same_hour_7_days_ago,Baseline_SameHour7DaysAgo_MWH,origin_01,2024-10-13 00:00:00-07:00,2024,Fall,10,216,111.8920150138889,119.71466121296297,-7.822646199074074,10.306974597222222,8.797651568446108,33.7962962962963,27.340937499999995,16.477175000000003,49.07108400000001,15.315008313117733
baseline_same_hour_7_days_ago,Baseline_SameHour7DaysAgo_MWH,origin_13,2026-01-03 23:00:00-08:00,2026,Winter,1,384,128.126853875,131.74785282291666,-3.620998947916666,9.208866,7.361908427401528,37.76041666666667,21.2026902,41.04614199999999,41.74943400000001,12.416386206880604
baseline_same_hour_7_days_ago,Baseline_SameHour7DaysAgo_MWH,origin_02,2024-11-09 23:00:00-08:00,2024,Fall,11,384,116.68925462760417,112.67366535156249,4.015589276041667,8.315611661458334,6.960529846362255,70.83333333333334,20.120549499999992,40.55201699999999,34.58879999999999,11.462564054270501
baseline_same_hour_7_days_ago,Baseline_SameHour7DaysAgo_MWH,origin_15,2026-02-28 23:00:00-08:00,2026,Winter,2,384,115.88717167708334,117.8370609296875,-1.949889252604167,6.898550325520834,5.978723791240479,45.83333333333333,15.769228599999996,24.520391999999987,53.782257999999985,10.243006851242251
baseline_same_hour_7_days_ago,Baseline_SameHour7DaysAgo_MWH,origin_11,2025-11-08 23:00:00-08:00,2025,Fall,11,384,122.29222068489582,121.14363500520834,1.1485856796874998,6.4561675234375,5.353435129077519,67.1875,14.953561299999999,28.774091999999982,29.21262499999999,8.651569267905629
baseline_same_hour_7_days_ago,Baseline_SameHour7DaysAgo_MWH,origin_14,2026-01-31 23:00:00-08:00,2026,Winter,1,384,120.6618153359375,122.84748228125,-2.1856669453125,6.082682513020834,5.015024474952347,32.55208333333333,13.610142299999984,38.832224999999994,33.55328300000001,8.634744495569107
baseline_rolling_7day_same_hour_avg,Baseline_Rolling7DaySameHourAvg_MWH,origin_21,2026-07-06 00:00:00-07:00,2026,Summer,7,380,185.74302035789472,187.44894057330828,-1.7059202154135327,24.588445989097746,13.274801582804788,48.1578947368421,54.535347414285695,84.71583742857143,75.17947714285714,31.10805071740629
baseline_rolling_7day_same_hour_avg,Baseline_Rolling7DaySameHourAvg_MWH,origin_22,2026-07-07 00:00:00-07:00,2026,Summer,7,380,187.94545492105263,188.523456437594,-0.5780015165413528,23.942133233834586,12.745251510404229,51.578947368421055,52.123766800000006,84.11560257142858,75.64113014285715,30.443177941630474
baseline_rolling_7day_same_hour_avg,Baseline_Rolling7DaySameHourAvg_MWH,origin_06,2025-06-22 00:00:00-07:00,2025,Summer,6,384,168.52844033593752,167.2887861577381,1.2396541781994046,22.986462237723213,13.667767087695232,63.541666666666664,55.80711335714282,67.21160657142855,95.53254728571426,30.986339573046852
baseline_rolling_7day_same_hour_avg,Baseline_Rolling7DaySameHourAvg_MWH,origin_08,2025-08-17 00:00:00-07:00,2025,Summer,8,384,187.771909734375,182.40113033184525,5.370779402529762,21.383740718005953,10.67277037264794,55.729166666666664,46.239529371428546,87.76495742857142,58.598929571428584,27.811981904482373
baseline_rolling_7day_same_hour_avg,Baseline_Rolling7DaySameHourAvg_MWH,origin_05,2025-05-25 00:00:00-07:00,2025,Spring,5,384,153.69139593489584,145.98138424330355,7.710011691592263,19.07876570796131,11.058388083332988,50.520833333333336,38.97940801428571,116.39426428571429,39.45088899999999,30.202985349086934
baseline_rolling_7day_same_hour_avg,Baseline_Rolling7DaySameHourAvg_MWH,origin_20,2026-05-29 00:00:00-07:00,2026,Spring,5,384,163.7729361171875,153.71346006473215,10.059476052455357,18.939156867187503,10.690394868667438,74.21875,46.97725668571429,84.22378142857141,82.40982785714283,26.27846938929832
baseline_rolling_7day_same_hour_avg,Baseline_Rolling7DaySameHourAvg_MWH,origin_19,2026-05-28 00:00:00-07:00,2026,Spring,5,384,158.50971714583332,150.12523405729166,8.384483088541666,18.74241519122024,10.850156888578022,69.53125,45.45418588571426,83.63769914285712,78.71800414285715,26.093581846296477
baseline_rolling_7day_same_hour_avg,Baseline_Rolling7DaySameHourAvg_MWH,origin_09,2025-09-14 00:00:00-07:00,2025,Summer,9,384,162.83103684895835,173.57010048363097,-10.739063634672618,17.467553235863097,10.817749679829001,36.71875,41.44824088571424,41.876473571428534,90.63530114285714,25.013973103186352
baseline_rolling_7day_same_hour_avg,Baseline_Rolling7DaySameHourAvg_MWH,origin_07,2025-07-20 00:00:00-07:00,2025,Summer,7,384,157.82088622916666,156.27673506473215,1.5441511644345234,15.28978696875,8.93774748599582,46.61458333333333,36.41621131428571,74.68833314285715,53.8768562857143,21.080709526556035
baseline_rolling_7day_same_hour_avg,Baseline_Rolling7DaySameHourAvg_MWH,origin_18,2026-05-24 00:00:00-07:00,2026,Spring,5,384,142.90284213541665,146.1740200186012,-3.271177883184524,15.239322622023812,10.443031388396932,49.73958333333333,38.08265811428573,62.022846999999985,77.71167514285713,21.213924517504008
baseline_rolling_7day_same_hour_avg,Baseline_Rolling7DaySameHourAvg_MWH,origin_24,2026-07-21 00:00:00-07:00,2026,Summer,7,384,200.7955977239583,198.49794952752976,2.297648196428571,14.856967545386906,7.575481612963358,57.8125,30.91918697142858,62.58787214285712,43.90890442857142,19.240350897261635
baseline_rolling_7day_same_hour_avg,Baseline_Rolling7DaySameHourAvg_MWH,origin_23,2026-07-20 00:00:00-07:00,2026,Summer,7,384,200.19178741406247,195.8013842983631,4.390403115699406,14.70719602046131,7.58757109109995,65.36458333333334,32.289325214285725,58.988597142857145,45.87528057142862,18.917170525358376
baseline_rolling_7day_same_hour_avg,Baseline_Rolling7DaySameHourAvg_MWH,origin_17,2026-04-26 00:00:00-07:00,2026,Spring,4,384,127.136992640625,120.72767435900299,6.409318281622023,12.858891523437501,8.83450294399098,58.854166666666664,32.32063611428571,80.7155087142857,24.687426571428546,18.930591487747556
baseline_rolling_7day_same_hour_avg,Baseline_Rolling7DaySameHourAvg_MWH,origin_04,2025-04-27 00:00:00-07:00,2025,Spring,4,384,121.913576171875,118.18443762760417,3.729138544270833,12.807473437127976,9.475713101909633,58.59375,32.71597342857141,63.73424428571428,57.74991042857141,18.64981127134011
baseline_rolling_7day_same_hour_avg,Baseline_Rolling7DaySameHourAvg_MWH,origin_10,2025-10-12 00:00:00-07:00,2025,Fall,10,384,118.67937204947917,125.80401021205357,-7.124638162574404,11.1879686953125,9.417768316178787,37.76041666666667,29.088908571428565,20.133178571428573,82.54238500000001,17.925016964394132
baseline_rolling_7day_same_hour_avg,Baseline_Rolling7DaySameHourAvg_MWH,origin_16,2026-03-29 00:00:00-07:00,2026,Spring,3,384,120.51718188281251,120.42646076674107,0.09072111607142778,9.930274265625,7.99688816724749,54.166666666666664,21.593442257142872,34.26030985714286,35.4012142857143,12.673034985495027
baseline_rolling_7day_same_hour_avg,Baseline_Rolling7DaySameHourAvg_MWH,origin_12,2025-12-06 23:00:00-08:00,2025,Winter,12,384,139.45845884114584,136.7760831547619,2.682375686383929,8.546432643973215,6.0550588774589285,53.90625,18.59649008571428,31.49050785714286,22.61326100000001,10.811437146932667
baseline_rolling_7day_same_hour_avg,Baseline_Rolling7DaySameHourAvg_MWH,origin_01,2024-10-13 00:00:00-07:00,2024,Fall,10,336,114.12753126785715,119.89590317021683,-5.768371902359694,8.187585007872732,7.03153349767374,33.33333333333333,22.263300916666672,12.542066333333324,42.559916499999986,12.456694386344264
baseline_rolling_7day_same_hour_avg,Baseline_Rolling7DaySameHourAvg_MWH,origin_03,2025-03-30 00:00:00-07:00,2025,Spring,3,384,111.3258731328125,113.16811983370536,-1.842246700892857,7.818096337053571,7.038610011350809,42.96875,19.020146799999992,34.573721285714285,32.145806142857126,10.727483380421223
baseline_rolling_7day_same_hour_avg,Baseline_Rolling7DaySameHourAvg_MWH,origin_02,2024-11-09 23:00:00-08:00,2024,Fall,11,384,116.68925462760417,114.54497317150297,2.1442814561011905,6.508195299107143,5.423349658311602,59.895833333333336,15.769554757142858,35.23690957142857,25.12440114285714,9.456418977247818
baseline_rolling_7day_same_hour_avg,Baseline_Rolling7DaySameHourAvg_MWH,origin_13,2026-01-03 23:00:00-08:00,2026,Winter,1,384,128.126853875,129.84902409598214,-1.722170220982143,5.741168533482142,4.5659842740171035,33.85416666666667,13.797964628571426,26.408347714285696,31.93489928571431,8.181584374034195
baseline_rolling_7day_same_hour_avg,Baseline_Rolling7DaySameHourAvg_MWH,origin_14,2026-01-31 23:00:00-08:00,2026,Winter,1,384,120.6618153359375,121.88103308854166,-1.2192177526041668,5.500404859747024,4.501421975295475,32.8125,11.470291657142843,38.11688957142856,20.441019999999995,7.790725774835207
baseline_rolling_7day_same_hour_avg,Baseline_Rolling7DaySameHourAvg_MWH,origin_11,2025-11-08 23:00:00-08:00,2025,Fall,11,384,122.29222068489582,121.42846773921131,0.8637529456845235,5.379038333333333,4.333944503464326,59.635416666666664,13.872579328571426,24.606543571428574,22.945923000000008,7.640904845448803
baseline_rolling_7day_same_hour_avg,Baseline_Rolling7DaySameHourAvg_MWH,origin_15,2026-02-28 23:00:00-08:00,2026,Winter,2,384,115.88717167708334,116.77992945833334,-0.8927577812500003,5.044115207589286,4.381922380357565,45.83333333333333,11.342569528571426,25.146710999999982,23.389596857142863,6.807009505760435
