Stage,ForecastColumn,Replay_Origin_ID,Replay_Origin_DT,Replay_Origin_Year,Replay_Origin_Season,Replay_Origin_Month,N,Actual_Mean_MWH,Forecast_Mean_MWH,Bias_MWH,MAE_MWH,MAPE_PCT,Underforecast_Rate_PCT,P90_AbsError_MWH,Max_Underforecast_MWH,Max_Overforecast_MWH,RMSE_MWH
xgb_component,XGB_Pred_MWH,origin_17,2026-04-26 00:00:00-07:00,2026,Spring,4,384,127.136992640625,119.4137734969457,7.723219143679301,8.388736447344462,6.2166524160210885,89.58333333333334,18.14272973291016,24.660151725585933,9.45735604248047,10.294797672913113
xgb_component,XGB_Pred_MWH,origin_22,2026-07-07 00:00:00-07:00,2026,Summer,7,380,187.94545492105263,185.719136087518,2.2263188335346427,7.009039038695005,3.6674213758595857,60.0,15.56502648066405,28.0288552734375,21.457186319335932,9.118188800756158
xgb_component,XGB_Pred_MWH,origin_07,2025-07-20 00:00:00-07:00,2025,Summer,7,384,157.82088622916666,151.69192397594452,6.128962253222148,6.542652024381002,4.045798161470495,89.58333333333334,13.632138964843747,22.947172282226575,7.400248591796867,8.243935227931338
xgb_component,XGB_Pred_MWH,origin_12,2025-12-06 23:00:00-08:00,2025,Winter,12,384,139.45845884114584,133.75463992357254,5.703818917573293,6.437440214992523,4.38728939096121,88.54166666666666,12.832844735937499,19.504711776367174,18.908302823242195,7.855058108582208
xgb_component,XGB_Pred_MWH,origin_21,2026-07-06 00:00:00-07:00,2026,Summer,7,380,185.74302035789472,186.20448596352026,-0.4614656056255137,5.8501427644402755,3.2317010367183734,51.31578947368421,12.389403956640631,21.211984619140622,24.960998388671868,7.549494711456169
xgb_component,XGB_Pred_MWH,origin_23,2026-07-20 00:00:00-07:00,2026,Summer,7,384,200.18689673437498,196.42953638235727,3.7573603520177206,5.720822554847717,2.6365993096567912,68.22916666666666,13.989505937597663,30.7261208984375,16.556740600585925,8.017509531097405
xgb_component,XGB_Pred_MWH,origin_24,2026-07-21 00:00:00-07:00,2026,Summer,7,384,200.79070704427082,197.62832059462866,3.1623864496421814,5.409486839453379,2.438053658208172,67.1875,13.626083983789078,30.14317412109375,19.696511108398425,7.716016949492645
xgb_component,XGB_Pred_MWH,origin_08,2025-08-17 00:00:00-07:00,2025,Summer,8,384,187.771909734375,188.32728298505148,-0.5553732506764734,4.757702263847351,2.610221498233853,48.17708333333333,9.632389003417956,14.64617561914065,32.18580256347656,6.312942886528751
xgb_component,XGB_Pred_MWH,origin_05,2025-05-25 00:00:00-07:00,2025,Spring,5,384,153.69139593489584,155.81542295217514,-2.1240270172793068,4.738269178666433,2.9855242916544356,37.5,9.911254583789054,18.183486410156263,28.418101660156253,6.4752039520312366
xgb_component,XGB_Pred_MWH,origin_16,2026-03-29 00:00:00-07:00,2026,Spring,3,384,120.51718188281251,117.47765465577443,3.0395272270380658,4.701211667320251,3.7605608745756007,74.47916666666666,10.635423781250005,20.25159110107421,13.449546337890624,6.222790824464571
xgb_component,XGB_Pred_MWH,origin_19,2026-05-28 00:00:00-07:00,2026,Spring,5,384,158.50971714583332,157.20465524991354,1.3050618959197995,4.6291916634877515,3.037638999584448,66.14583333333334,9.407078437500006,18.228536617675786,17.044691316406244,5.906191034033728
xgb_component,XGB_Pred_MWH,origin_18,2026-05-24 00:00:00-07:00,2026,Spring,5,384,142.90284213541665,141.65501399834952,1.2478281370671591,4.568139818677266,3.351251468914215,65.88541666666666,9.236260610351566,17.500455868164067,22.930738679687494,5.823087291219927
xgb_component,XGB_Pred_MWH,origin_20,2026-05-29 00:00:00-07:00,2026,Spring,5,384,163.7729361171875,163.17142860094705,0.6015075162404374,4.502703146283467,2.9387447914520446,61.979166666666664,9.3081214086914,17.03843499414063,22.217359773437494,5.775956156694892
xgb_component,XGB_Pred_MWH,origin_11,2025-11-08 23:00:00-08:00,2025,Fall,11,384,122.29222068489582,118.49628063042958,3.795940054466248,4.350850421696981,3.386815643273025,87.76041666666666,8.815804774902343,23.973560311523443,7.785343017578128,5.661603100325537
xgb_component,XGB_Pred_MWH,origin_09,2025-09-14 00:00:00-07:00,2025,Summer,9,384,162.83103684895835,162.0928038160006,0.7382330329577135,4.1093233713162745,2.462635684836433,62.239583333333336,8.61484978642578,15.496845263671872,33.69527718847655,5.951393422681561
xgb_component,XGB_Pred_MWH,origin_15,2026-02-28 23:00:00-08:00,2026,Winter,2,384,115.88717167708334,112.64242738485336,3.2447442922299703,4.09895574494044,3.4867685516641256,82.03125,7.769273126269528,12.242972094726554,8.649421243652341,4.906503311486623
xgb_component,XGB_Pred_MWH,origin_14,2026-01-31 23:00:00-08:00,2026,Winter,1,384,120.6618153359375,117.31192861000697,3.349886725930532,4.074431550662994,3.247421269847069,82.29166666666666,9.411856162207036,24.824784115234365,8.409677083007807,5.827264536286424
xgb_component,XGB_Pred_MWH,origin_13,2026-01-03 23:00:00-08:00,2026,Winter,1,384,128.126853875,125.33399148782094,2.7928623871790568,4.051994724624634,3.10864019709976,79.16666666666666,9.209866361083977,16.450196818359387,10.410502620117185,5.2473754319938966
xgb_component,XGB_Pred_MWH,origin_03,2025-03-30 00:00:00-07:00,2025,Spring,3,384,111.3258731328125,108.26958688100179,3.0562862518107097,3.9918776912104286,3.513668487374534,80.20833333333334,7.828862979931638,16.69321883203125,5.206483825683591,4.992084597088725
xgb_component,XGB_Pred_MWH,origin_06,2025-06-22 00:00:00-07:00,2025,Summer,6,384,168.52844033593752,167.94106004635492,0.5873802895825705,3.8380217806943264,2.2851493613942457,53.645833333333336,8.394331192578118,18.41545889550781,19.49158400878906,5.200603696076686
xgb_component,XGB_Pred_MWH,origin_10,2025-10-12 00:00:00-07:00,2025,Fall,10,384,118.67937204947917,115.56614476442337,3.113227285055796,3.791055853926341,3.1164618861221043,85.9375,7.165546912841793,13.874424186523441,7.730608520507815,4.608114813191554
xgb_component,XGB_Pred_MWH,origin_02,2024-11-09 23:00:00-08:00,2024,Fall,11,384,116.68925462760417,114.52973592281342,2.1595187047907514,3.6772885920893352,3.0124955593948575,70.83333333333334,7.963363139843738,15.142923779296865,11.214449942382814,4.74152618513161
xgb_component,XGB_Pred_MWH,origin_04,2025-04-27 00:00:00-07:00,2025,Spring,4,384,121.913576171875,123.18103108803432,-1.2674549161593118,3.470622498200734,2.7790950618152177,46.61458333333333,7.870642015332031,20.044227844238293,17.391930769531257,4.81453513867631
xgb_component,XGB_Pred_MWH,origin_01,2024-10-13 00:00:00-07:00,2024,Fall,10,384,116.30257716666667,117.57983545462291,-1.2772582879562377,3.3119057258046465,2.912832105000336,27.604166666666668,6.288368486523441,12.717503637695302,13.66763992480469,4.045711888871055
lgb_component,LGB_Pred_MWH,origin_17,2026-04-26 00:00:00-07:00,2026,Spring,4,384,127.136992640625,119.34009744836767,7.796895192257328,8.460274328501805,6.270040726283305,90.10416666666666,18.14084367121214,26.20313310884245,10.144714626736516,10.37890311038293
lgb_component,LGB_Pred_MWH,origin_22,2026-07-07 00:00:00-07:00,2026,Summer,7,380,187.94545492105263,185.7511861255109,2.194268795541741,7.037012911503518,3.682846994265891,59.210526315789465,15.884510292957941,29.136403536923297,24.254931318851533,9.232705150365138
lgb_component,LGB_Pred_MWH,origin_07,2025-07-20 00:00:00-07:00,2025,Summer,7,384,157.82088622916666,151.66033228224754,6.1605539469191335,6.592453223669639,4.070664538459415,89.84375,13.720232814623424,23.40790407234988,7.33626836713276,8.283535140300476
lgb_component,LGB_Pred_MWH,origin_12,2025-12-06 23:00:00-08:00,2025,Winter,12,384,139.45845884114584,133.7722257980578,5.686233043088024,6.436217545554272,4.385528097477493,88.80208333333334,12.899994157321611,20.48802200754912,19.99645722496291,7.898456882115524
lgb_component,LGB_Pred_MWH,origin_21,2026-07-06 00:00:00-07:00,2026,Summer,7,380,185.74302035789472,186.52490495469982,-0.7818845968050644,5.923232392781111,3.2624168419342787,49.21052631578947,12.332381128137479,21.661102125910816,26.533805221675806,7.6759663838399295
lgb_component,LGB_Pred_MWH,origin_23,2026-07-20 00:00:00-07:00,2026,Summer,7,384,200.18689673437498,196.59198203594633,3.5949146984286853,5.661679134573614,2.6212586843683314,66.66666666666666,14.230455722166493,32.58931991049954,16.494140145571038,8.060469707454937
lgb_component,LGB_Pred_MWH,origin_24,2026-07-21 00:00:00-07:00,2026,Summer,7,384,200.79070704427082,197.90779284469022,2.8829141995805965,5.156116126520607,2.3445221876609468,65.36458333333334,12.537344342882289,31.212353065426072,17.547319014112446,7.386533314327561
lgb_component,LGB_Pred_MWH,origin_05,2025-05-25 00:00:00-07:00,2025,Spring,5,384,153.69139593489584,155.88483211459035,-2.193436179694513,4.871724984235846,3.0636480188762607,36.97916666666667,10.08046544412981,18.167979397666386,28.18370905642996,6.6234546812789805
lgb_component,LGB_Pred_MWH,origin_08,2025-08-17 00:00:00-07:00,2025,Summer,8,384,187.771909734375,188.48664036513685,-0.7147306307618345,4.850284261862525,2.6589419899821123,48.17708333333333,9.73549899061834,15.416753159632947,32.11941062321111,6.50710352980228
lgb_component,LGB_Pred_MWH,origin_16,2026-03-29 00:00:00-07:00,2026,Spring,3,384,120.51718188281251,117.32483148166007,3.192350401152424,4.80597733779105,3.836257413204876,77.08333333333334,10.818349908176847,21.607759180040205,13.021084034505819,6.330563952757245
lgb_component,LGB_Pred_MWH,origin_19,2026-05-28 00:00:00-07:00,2026,Spring,5,384,158.50971714583332,157.1330485358782,1.3766686099551417,4.656602233315101,3.0474419806676085,66.66666666666666,9.836410278705678,17.658511361985077,17.869738588957233,5.995056245665123
lgb_component,LGB_Pred_MWH,origin_18,2026-05-24 00:00:00-07:00,2026,Spring,5,384,142.90284213541665,141.62482416957852,1.2780179658381454,4.5804595219937125,3.3585720745423964,66.92708333333334,9.069678176267125,16.474575162697718,22.8469895035266,5.788585080274946
lgb_component,LGB_Pred_MWH,origin_20,2026-05-29 00:00:00-07:00,2026,Spring,5,384,163.7729361171875,163.1588058625073,0.6141302546801993,4.53738615445142,2.956345060706248,62.760416666666664,9.758187495695296,15.827520861334591,21.769206481720488,5.871080299208602
lgb_component,LGB_Pred_MWH,origin_11,2025-11-08 23:00:00-08:00,2025,Fall,11,384,122.29222068489582,118.57220989093923,3.7200107939565985,4.292523088548196,3.347700640013611,87.5,8.518931610418806,23.735243870064522,9.391667445522174,5.621202087552803
lgb_component,LGB_Pred_MWH,origin_09,2025-09-14 00:00:00-07:00,2025,Summer,9,384,162.83103684895835,162.22245654417773,0.6085803047806062,4.1605390500166495,2.4948144118991817,60.416666666666664,8.92052789832455,14.00176369705899,34.471608928489786,6.021119581765071
lgb_component,LGB_Pred_MWH,origin_14,2026-01-31 23:00:00-08:00,2026,Winter,1,384,120.6618153359375,117.26244821853483,3.3993671174026683,4.109802242813878,3.2835087393700353,84.89583333333334,9.104907370677036,25.30246721316982,7.515875957964255,5.820061195136317
lgb_component,LGB_Pred_MWH,origin_15,2026-02-28 23:00:00-08:00,2026,Winter,2,384,115.88717167708334,112.67002406044709,3.2171476166362454,4.09462729807145,3.485599890282098,82.03125,7.727617010274844,12.076769988832723,8.432069124243526,4.883903858155613
lgb_component,LGB_Pred_MWH,origin_13,2026-01-03 23:00:00-08:00,2026,Winter,1,384,128.126853875,125.34913351769514,2.777720357304854,4.077333914051075,3.125231361472641,79.16666666666666,9.230581719445938,16.76183775517491,10.85381042507241,5.277904832863621
lgb_component,LGB_Pred_MWH,origin_03,2025-03-30 00:00:00-07:00,2025,Spring,3,384,111.3258731328125,108.13463320391044,3.1912399289020486,4.051442633680828,3.5624904481172703,80.20833333333334,7.990570585549031,16.10389010035736,5.155914065714597,5.098264244024142
lgb_component,LGB_Pred_MWH,origin_06,2025-06-22 00:00:00-07:00,2025,Summer,6,384,168.52844033593752,168.00240319871298,0.526037137224503,3.88776721126181,2.3182663080416033,54.427083333333336,8.641161792758707,19.435594668795204,20.521885256407387,5.3018116615555195
lgb_component,LGB_Pred_MWH,origin_10,2025-10-12 00:00:00-07:00,2025,Fall,10,384,118.67937204947917,115.65759383196372,3.0217782175154393,3.80213407806076,3.1321516139895524,86.71875,7.30153173809121,13.59074845070596,8.541136141171592,4.601296721636475
lgb_component,LGB_Pred_MWH,origin_02,2024-11-09 23:00:00-08:00,2024,Fall,11,384,116.68925462760417,114.54110552880199,2.148149098802185,3.6582063552535327,2.9930500449257647,70.83333333333334,7.906531485874444,15.355585452319673,11.407017359561237,4.737865593897947
lgb_component,LGB_Pred_MWH,origin_04,2025-04-27 00:00:00-07:00,2025,Spring,4,384,121.913576171875,123.06752511475361,-1.1539489428786032,3.4047016153645155,2.7328127903280226,47.65625,7.494810069637417,17.898118169355996,15.533114671198064,4.676900206838867
lgb_component,LGB_Pred_MWH,origin_01,2024-10-13 00:00:00-07:00,2024,Fall,10,384,116.30257716666667,117.67819787431165,-1.3756207076449825,3.355229879242907,2.9686820679952177,27.34375,6.374086705474803,12.589752095517895,14.516783249258452,4.08419447471811
catboost_benchmark,CatBoost_Pred_MWH,origin_17,2026-04-26 00:00:00-07:00,2026,Spring,4,384,127.136992640625,119.63650924375396,7.500483396871027,8.131678572367456,6.0333735410306835,90.10416666666666,17.59026902850135,23.49392652676923,9.588695096068122,9.941539302305967
catboost_benchmark,CatBoost_Pred_MWH,origin_22,2026-07-07 00:00:00-07:00,2026,Summer,7,380,187.94545492105263,185.293718964847,2.6517359562056644,6.893787152132451,3.608190191799067,62.63157894736842,14.712214146314574,27.441244458697867,24.14259761572177,8.870340161669617
catboost_benchmark,CatBoost_Pred_MWH,origin_07,2025-07-20 00:00:00-07:00,2025,Summer,7,384,157.82088622916666,151.9823646095761,5.838521619590551,6.240790908885688,3.8539258181813127,89.58333333333334,13.581626317611564,23.9323969025086,7.788676250057506,7.8190743158361835
catboost_benchmark,CatBoost_Pred_MWH,origin_12,2025-12-06 23:00:00-08:00,2025,Winter,12,384,139.45845884114584,134.4505964993393,5.007862341806533,5.8857206581398165,3.987756339572283,84.63541666666666,12.259584335926599,20.27912960085368,19.246999503067485,7.350513933450604
catboost_benchmark,CatBoost_Pred_MWH,origin_21,2026-07-06 00:00:00-07:00,2026,Summer,7,380,185.74302035789472,185.79357346592624,-0.05055310803151439,5.7445379191580255,3.1334782854953365,52.89473684210526,12.611640006779295,20.97276299248864,29.617464860433614,7.444478992961217
catboost_benchmark,CatBoost_Pred_MWH,origin_23,2026-07-20 00:00:00-07:00,2026,Summer,7,384,200.18689673437498,195.93882039720913,4.248076337165895,5.739498710402246,2.66402337724491,73.69791666666666,13.697211018793515,30.73786871516691,15.769410483740614,7.916761850676483
catboost_benchmark,CatBoost_Pred_MWH,origin_24,2026-07-21 00:00:00-07:00,2026,Summer,7,384,200.79070704427082,197.2365343809154,3.5541726633554345,5.277245134590056,2.386876929947798,71.875,12.615792426244862,28.475271772085932,16.76164055708759,7.419444891862086
catboost_benchmark,CatBoost_Pred_MWH,origin_19,2026-05-28 00:00:00-07:00,2026,Spring,5,384,158.50971714583332,156.55668284435927,1.9530343014740617,4.8488382891914386,3.197894539005974,71.09375,10.119396694057999,16.945438920327945,19.547488032599404,6.097650697648048
catboost_benchmark,CatBoost_Pred_MWH,origin_16,2026-03-29 00:00:00-07:00,2026,Spring,3,384,120.51718188281251,117.53991422761759,2.9772676551949235,4.684712170156056,3.762150429187417,74.73958333333334,10.449709598708415,21.495507749267432,14.199330018504554,6.124741758578783
catboost_benchmark,CatBoost_Pred_MWH,origin_05,2025-05-25 00:00:00-07:00,2025,Spring,5,384,153.69139593489584,155.71239067536837,-2.02099474047252,4.676774318696121,2.937212000216382,41.66666666666667,10.21114796705501,15.145246492449672,27.28341167940468,6.316706786686896
catboost_benchmark,CatBoost_Pred_MWH,origin_20,2026-05-29 00:00:00-07:00,2026,Spring,5,384,163.7729361171875,162.38625210025938,1.3866840169281147,4.58585669931204,2.967784544945349,68.75,9.328808296492126,16.31285057055915,18.721883834170086,5.800703909282979
catboost_benchmark,CatBoost_Pred_MWH,origin_08,2025-08-17 00:00:00-07:00,2025,Summer,8,384,187.771909734375,188.89555970758093,-1.123649973205936,4.524228223747109,2.4784547145459865,44.53125,8.945802368406762,13.40897839525752,34.62213829228341,6.244565819731827
catboost_benchmark,CatBoost_Pred_MWH,origin_18,2026-05-24 00:00:00-07:00,2026,Spring,5,384,142.90284213541665,141.121622462362,1.7812196730546608,4.523719641865679,3.3510666856283176,68.22916666666666,9.249055420943666,17.796491744631084,20.547842491998807,5.660989391722806
catboost_benchmark,CatBoost_Pred_MWH,origin_15,2026-02-28 23:00:00-08:00,2026,Winter,2,384,115.88717167708334,112.59776768087157,3.2894039962117696,4.125498446936105,3.5078863702480985,82.55208333333334,7.712257311441555,14.322132001975106,9.686176766558077,4.9258646802079085
catboost_benchmark,CatBoost_Pred_MWH,origin_11,2025-11-08 23:00:00-08:00,2025,Fall,11,384,122.29222068489582,118.86846017372282,3.4237605111730134,4.077176237926613,3.170032636441189,86.45833333333334,7.9943658230738475,22.946316615302166,8.746707636142062,5.47354723544619
catboost_benchmark,CatBoost_Pred_MWH,origin_14,2026-01-31 23:00:00-08:00,2026,Winter,1,384,120.6618153359375,117.39836355779994,3.2634517781375565,4.066603625857931,3.243650613602897,79.94791666666666,9.227732129900074,24.991008737499953,8.368241088297083,5.825895307548564
catboost_benchmark,CatBoost_Pred_MWH,origin_03,2025-03-30 00:00:00-07:00,2025,Spring,3,384,111.3258731328125,108.2440694772194,3.0818036555931045,3.9620200022179843,3.4633483268769627,80.72916666666666,8.584757132843045,16.30390783049353,9.203000545720656,5.047814698203279
catboost_benchmark,CatBoost_Pred_MWH,origin_13,2026-01-03 23:00:00-08:00,2026,Winter,1,384,128.126853875,125.6142240830997,2.5126297919003147,3.867454164936919,2.965145754044489,78.38541666666666,8.804970460085924,17.483650510717,10.577641214630674,5.085443846174329
catboost_benchmark,CatBoost_Pred_MWH,origin_09,2025-09-14 00:00:00-07:00,2025,Summer,9,384,162.83103684895835,162.07554617897898,0.7554906699793521,3.8594607560154546,2.3156988569091737,60.677083333333336,8.638545241554768,15.238438389513192,33.07156641530631,5.660666985054513
catboost_benchmark,CatBoost_Pred_MWH,origin_02,2024-11-09 23:00:00-08:00,2024,Fall,11,384,116.68925462760417,114.08068700973526,2.608567617868899,3.7809180525899655,3.0891627346547517,76.5625,7.899148990225086,15.7008328119895,12.321942957536635,4.8303460980667285
catboost_benchmark,CatBoost_Pred_MWH,origin_06,2025-06-22 00:00:00-07:00,2025,Summer,6,384,168.52844033593752,167.68090383515758,0.8475365007799166,3.7795663986042243,2.2448281929865037,57.552083333333336,7.8098506759885415,18.971103814375823,21.631789458467125,5.074364071625053
catboost_benchmark,CatBoost_Pred_MWH,origin_10,2025-10-12 00:00:00-07:00,2025,Fall,10,384,118.67937204947917,116.13829218009353,2.5410798693856314,3.5137315701105023,2.878482726829295,81.25,7.102006034829818,12.274435040815831,8.949022226865722,4.351922459095836
catboost_benchmark,CatBoost_Pred_MWH,origin_04,2025-04-27 00:00:00-07:00,2025,Spring,4,384,121.913576171875,123.2509583243852,-1.3373821525101939,3.434131215821979,2.717447166258806,44.01041666666667,8.107949732939382,20.221874884800656,17.963888831334828,4.8574032915372705
catboost_benchmark,CatBoost_Pred_MWH,origin_01,2024-10-13 00:00:00-07:00,2024,Fall,10,384,116.30257716666667,117.21916687038068,-0.9165897037140226,3.155694169046177,2.7449033179163482,32.29166666666667,6.144179877431494,13.49229426884358,13.13036879323667,3.9260739594301595
raw_xgb_lgb_production,Raw_Forecast_MWH,origin_17,2026-04-26 00:00:00-07:00,2026,Spring,4,384,127.136992640625,119.4512091816107,7.685783459014316,8.331961704371093,6.176973953994342,90.10416666666666,17.92791422983948,24.78883433156085,9.881371932576982,10.202065299061225
raw_xgb_lgb_production,Raw_Forecast_MWH,origin_22,2026-07-07 00:00:00-07:00,2026,Summer,7,380,187.94545492105263,185.58786761547924,2.357587305573396,6.937848254183177,3.6330803055592336,61.578947368421055,15.501934919564231,27.401596730647327,22.758590257019563,9.033442878235931
raw_xgb_lgb_production,Raw_Forecast_MWH,origin_07,2025-07-20 00:00:00-07:00,2025,Summer,7,384,157.82088622916666,151.77620276618225,6.044683462984427,6.447203608542957,3.9796777523121345,90.625,13.624011181850701,22.479086901613726,7.404434638617261,8.08304297313605
raw_xgb_lgb_production,Raw_Forecast_MWH,origin_12,2025-12-06 23:00:00-08:00,2025,Winter,12,384,139.45845884114584,134.0078969560578,5.450561885088025,6.228178668730241,4.233618625886515,86.45833333333334,12.702706339341665,19.953238048141884,19.625331582127444,7.682112717847992
raw_xgb_lgb_production,Raw_Forecast_MWH,origin_21,2026-07-06 00:00:00-07:00,2026,Summer,7,380,185.74302035789472,186.23689703451112,-0.4938766766163719,5.774279269129361,3.1752889221357146,51.578947368421055,12.224573579294518,21.375271678536024,27.455805411940645,7.516928863200676
raw_xgb_lgb_production,Raw_Forecast_MWH,origin_23,2026-07-20 00:00:00-07:00,2026,Summer,7,384,200.18689673437498,196.3471308970294,3.839765837345606,5.619353985105788,2.5991262972093536,69.27083333333334,13.978471435042495,31.344341505009936,16.246744809431874,7.928725924204556
raw_xgb_lgb_production,Raw_Forecast_MWH,origin_24,2026-07-21 00:00:00-07:00,2026,Summer,7,384,200.79070704427082,197.6449051573629,3.1458018869079414,5.140817100451767,2.32242515393609,66.66666666666666,12.769257642217108,30.059772743969148,17.487250763582324,7.355158387789703
raw_xgb_lgb_production,Raw_Forecast_MWH,origin_05,2025-05-25 00:00:00-07:00,2025,Spring,5,384,153.69139593489584,155.81753669462114,-2.126140759725301,4.73837584769866,2.9769768323639525,38.80208333333333,9.775567383394092,16.68349499394037,27.82456045632813,6.437126195060494
raw_xgb_lgb_production,Raw_Forecast_MWH,origin_16,2026-03-29 00:00:00-07:00,2026,Spring,3,384,120.51718188281251,117.41539276015664,3.1017891226558594,4.732543720198174,3.785767899577607,75.52083333333334,10.635355236556508,21.087908889608443,13.276669856509201,6.225692694660722
raw_xgb_lgb_production,Raw_Forecast_MWH,origin_19,2026-05-28 00:00:00-07:00,2026,Spring,5,384,158.50971714583332,156.9384812152501,1.5712359305832244,4.6694991877804615,3.071288005183043,68.75,9.682327804664142,17.46593853297415,17.45536027006642,5.96657561863977
raw_xgb_lgb_production,Raw_Forecast_MWH,origin_08,2025-08-17 00:00:00-07:00,2025,Summer,8,384,187.771909734375,188.61382639698374,-0.8419166626087397,4.663804858320193,2.5591027080437696,47.13541666666667,9.44824575988678,14.303204077464443,33.002004501412955,6.313305252471574
raw_xgb_lgb_production,Raw_Forecast_MWH,origin_18,2026-05-24 00:00:00-07:00,2026,Spring,5,384,142.90284213541665,141.45172255492983,1.4511195804868215,4.5143116113710064,3.3277386708333627,66.66666666666666,9.297845606715617,17.039834036921036,22.050662967107968,5.6917685601413766
raw_xgb_lgb_production,Raw_Forecast_MWH,origin_20,2026-05-29 00:00:00-07:00,2026,Spring,5,384,163.7729361171875,162.8896743195645,0.8832617976229882,4.500697640763369,2.9332856158991194,65.625,9.459506239655965,16.118477672843795,20.747458884249568,5.760567465500982
raw_xgb_lgb_production,Raw_Forecast_MWH,origin_11,2025-11-08 23:00:00-08:00,2025,Fall,11,384,122.29222068489582,118.66830456386253,3.623916121033304,4.215848291145548,3.283178784803044,87.5,8.47133924847408,23.48295097504358,9.005299069444732,5.5521009780926
raw_xgb_lgb_production,Raw_Forecast_MWH,origin_15,2026-02-28 23:00:00-08:00,2026,Winter,2,384,115.88717167708334,112.64197466003628,3.245197017047048,4.092527455970458,3.48209025489848,82.03125,7.698325774339936,12.850770743676648,8.89274201099451,4.878323408995326
raw_xgb_lgb_production,Raw_Forecast_MWH,origin_14,2026-01-31 23:00:00-08:00,2026,Winter,1,384,120.6618153359375,117.31496662642485,3.3468487095126616,4.071832811449096,3.2495443767011025,84.375,9.326543773707611,24.84720051909295,7.9035838660851,5.802778515826378
raw_xgb_lgb_production,Raw_Forecast_MWH,origin_09,2025-09-14 00:00:00-07:00,2025,Summer,9,384,162.83103684895835,162.15807264354046,0.6729642054178729,4.004004038576963,2.3983653768975546,60.9375,8.440679799690471,14.146146206000367,33.90396087487426,5.8242492188677755
raw_xgb_lgb_production,Raw_Forecast_MWH,origin_03,2025-03-30 00:00:00-07:00,2025,Spring,3,384,111.3258731328125,108.18643126727773,3.139441865534781,3.9937401557438403,3.5048507145487515,80.20833333333334,8.217565419578309,16.180461429170066,5.775179909344999,5.040303784221769
raw_xgb_lgb_production,Raw_Forecast_MWH,origin_13,2026-01-03 23:00:00-08:00,2026,Winter,1,384,128.126853875,125.44040101259931,2.686452862400681,3.9888600057207806,3.0572078900705892,78.90625,8.8614565652455,16.98330812593308,10.691802116039469,5.18475494574931
raw_xgb_lgb_production,Raw_Forecast_MWH,origin_06,2025-06-22 00:00:00-07:00,2025,Summer,6,384,168.52844033593752,167.8837441062328,0.6446962297047005,3.801646307844327,2.2654320138709787,54.947916666666664,8.423652105167381,18.446368048594053,19.837883543500652,5.1479199802619195
raw_xgb_lgb_production,Raw_Forecast_MWH,origin_02,2024-11-09 23:00:00-08:00,2024,Fall,11,384,116.68925462760417,114.37882208652978,2.310432541074388,3.6781597135882453,3.005770390041849,72.65625,8.104734510939064,15.45515586090184,11.69556647254494,4.736897610959028
raw_xgb_lgb_production,Raw_Forecast_MWH,origin_10,2025-10-12 00:00:00-07:00,2025,Fall,10,384,118.67937204947917,115.81669334705514,2.8626787024240383,3.6739603302888546,3.0187834459700276,84.63541666666666,7.246205695587796,12.952927669620777,8.325959397719174,4.482124994081355
raw_xgb_lgb_production,Raw_Forecast_MWH,origin_04,2025-04-27 00:00:00-07:00,2025,Spring,4,384,121.913576171875,123.14307733545273,-1.2295011635777342,3.3830635927290325,2.7033509068837334,46.35416666666667,7.395003082757905,18.92604398724984,15.281500134363512,4.698480165416252
raw_xgb_lgb_production,Raw_Forecast_MWH,origin_01,2024-10-13 00:00:00-07:00,2024,Fall,10,384,116.30257716666667,117.50770078096694,-1.2051236143002753,3.253919781662605,2.86198447063749,29.166666666666668,6.085425022826845,12.637528796105954,13.946623857205452,3.9899037957758248
targeted_residual_meta_adjusted,Targeted_Meta_Adjusted_Forecast_MWH,origin_22,2026-07-07 00:00:00-07:00,2026,Summer,7,380,187.94545492105263,185.80402382780434,2.1414310932482876,6.8884682630871845,3.5836728280466943,58.684210526315795,16.157302542278508,27.245569253774505,23.885726419803035,9.080058198721325
targeted_residual_meta_adjusted,Targeted_Meta_Adjusted_Forecast_MWH,origin_17,2026-04-26 00:00:00-07:00,2026,Spring,4,384,127.136992640625,121.74678732024539,5.39020532037961,6.424019727695005,4.744392317682945,83.59375,13.805018205772393,21.689978720540978,9.360430216270174,8.06967252041061
targeted_residual_meta_adjusted,Targeted_Meta_Adjusted_Forecast_MWH,origin_07,2025-07-20 00:00:00-07:00,2025,Summer,7,384,157.82088622916666,152.6421791461336,5.17870708303305,5.796277614593358,3.510329266765042,85.9375,12.832075193470057,21.625459850740754,9.862013082407316,7.498140971855257
targeted_residual_meta_adjusted,Targeted_Meta_Adjusted_Forecast_MWH,origin_21,2026-07-06 00:00:00-07:00,2026,Summer,7,380,185.74302035789472,185.86550595062354,-0.12248559272880152,5.685803850754053,3.1090019598645586,50.0,12.292195416654366,22.623043723359018,27.455805411940645,7.491705184447152
targeted_residual_meta_adjusted,Targeted_Meta_Adjusted_Forecast_MWH,origin_23,2026-07-20 00:00:00-07:00,2026,Summer,7,384,200.18689673437498,196.0749468231943,4.111949911180713,5.558633302876028,2.546367151675956,69.53125,13.978471435042495,30.972836640771476,10.871187752228508,7.954019115619024
targeted_residual_meta_adjusted,Targeted_Meta_Adjusted_Forecast_MWH,origin_08,2025-08-17 00:00:00-07:00,2025,Summer,8,384,187.771909734375,190.1974664419988,-2.4255567076238225,5.309929287408288,2.9435945137337822,32.03125,10.911279025397805,14.303204077464443,36.653556660308965,7.097614702227473
targeted_residual_meta_adjusted,Targeted_Meta_Adjusted_Forecast_MWH,origin_24,2026-07-21 00:00:00-07:00,2026,Summer,7,384,200.79070704427082,197.07571328069923,3.714993763571607,5.055208902815668,2.2341335422778745,69.01041666666666,12.831840469861419,29.378413935035383,13.57603341067636,7.311322929629914
targeted_residual_meta_adjusted,Targeted_Meta_Adjusted_Forecast_MWH,origin_05,2025-05-25 00:00:00-07:00,2025,Spring,5,384,153.69139593489584,154.44849640911974,-0.7571004742238986,4.549250667084006,2.826220058858905,46.09375,9.754584601258511,20.768889166059978,27.82456045632813,6.452259929949559
targeted_residual_meta_adjusted,Targeted_Meta_Adjusted_Forecast_MWH,origin_02,2024-11-09 23:00:00-08:00,2024,Fall,11,384,116.68925462760417,113.00592835230492,3.6833262752992444,4.295762826176309,3.4857988631756935,82.8125,8.971128706979743,16.943894342968775,10.41113034677889,5.479445697018931
targeted_residual_meta_adjusted,Targeted_Meta_Adjusted_Forecast_MWH,origin_16,2026-03-29 00:00:00-07:00,2026,Spring,3,384,120.51718188281251,118.66301061525378,1.854171267558704,4.1472710720216694,3.343809576576394,63.020833333333336,9.08920031124708,20.190097107125098,13.48232419406402,5.47884627481254
targeted_residual_meta_adjusted,Targeted_Meta_Adjusted_Forecast_MWH,origin_19,2026-05-28 00:00:00-07:00,2026,Spring,5,384,158.50971714583332,158.48906197981714,0.020655166016205057,4.092865901845919,2.5833688827823726,55.208333333333336,9.879036667623463,15.052322552919804,17.656544636699607,5.567532721317857
targeted_residual_meta_adjusted,Targeted_Meta_Adjusted_Forecast_MWH,origin_18,2026-05-24 00:00:00-07:00,2026,Spring,5,384,142.90284213541665,143.45105530482167,-0.5482131694050109,4.035244128283124,2.8769948853908254,49.21875,8.797919640091694,11.584237580651546,22.793834066289946,5.401734136937268
targeted_residual_meta_adjusted,Targeted_Meta_Adjusted_Forecast_MWH,origin_20,2026-05-29 00:00:00-07:00,2026,Spring,5,384,163.7729361171875,164.4655932843321,-0.6926571671445997,4.016409880014304,2.5376544353563504,50.0,8.98444279855272,12.600616789726615,20.84538251609314,5.416987578217616
targeted_residual_meta_adjusted,Targeted_Meta_Adjusted_Forecast_MWH,origin_09,2025-09-14 00:00:00-07:00,2025,Summer,9,384,162.83103684895835,163.2692740400291,-0.43823719107078296,3.914068634868414,2.356939341412626,48.4375,8.349116643615336,11.774819977814218,34.75616643520837,5.956230433553288
targeted_residual_meta_adjusted,Targeted_Meta_Adjusted_Forecast_MWH,origin_12,2025-12-06 23:00:00-08:00,2025,Winter,12,384,139.45845884114584,137.08829163063703,2.3701672105087894,3.790952336583999,2.6230515858021977,78.64583333333334,7.478530204383097,11.953238048141884,27.625331582127444,4.968771978545319
targeted_residual_meta_adjusted,Targeted_Meta_Adjusted_Forecast_MWH,origin_15,2026-02-28 23:00:00-08:00,2026,Winter,2,384,115.88717167708334,113.23798613804762,2.649185539035724,3.7884658707694316,3.2373329282467154,78.38541666666666,7.3210188431723635,10.933910639294211,8.596619367719029,4.530120148496223
targeted_residual_meta_adjusted,Targeted_Meta_Adjusted_Forecast_MWH,origin_06,2025-06-22 00:00:00-07:00,2025,Summer,6,384,168.52844033593752,167.4297303359643,1.098709999973175,3.7357220910134803,2.238065291958218,59.114583333333336,8.326684040548635,18.690850320932498,19.143135262909283,5.082424446609437
targeted_residual_meta_adjusted,Targeted_Meta_Adjusted_Forecast_MWH,origin_13,2026-01-03 23:00:00-08:00,2026,Winter,1,384,128.126853875,126.25799762447679,1.868856250523215,3.510309698565442,2.696698934344098,71.875,8.246238832515806,17.731911384730836,11.647384484736904,4.726515602178009
targeted_residual_meta_adjusted,Targeted_Meta_Adjusted_Forecast_MWH,origin_03,2025-03-30 00:00:00-07:00,2025,Spring,3,384,111.3258731328125,109.18221083174713,2.143662301065361,3.4599691262970023,3.027048686720061,68.22916666666666,6.878623468150703,14.69158601494918,7.038414494064881,4.435830948971005
targeted_residual_meta_adjusted,Targeted_Meta_Adjusted_Forecast_MWH,origin_11,2025-11-08 23:00:00-08:00,2025,Fall,11,384,122.29222068489582,120.03969793559462,2.252522749301227,3.246221671129197,2.5343890654117174,77.34375,6.616932538122473,22.623726265828978,10.626223063151869,4.60604507435561
targeted_residual_meta_adjusted,Targeted_Meta_Adjusted_Forecast_MWH,origin_14,2026-01-31 23:00:00-08:00,2026,Winter,1,384,120.6618153359375,118.46223328293344,2.199582053004059,3.2322342436975107,2.5745292144140417,70.83333333333334,7.774407796984674,21.158548247499027,8.456695420572643,4.703336956718041
targeted_residual_meta_adjusted,Targeted_Meta_Adjusted_Forecast_MWH,origin_04,2025-04-27 00:00:00-07:00,2025,Spring,4,384,121.913576171875,123.01929192851692,-1.105715756641918,2.9392594509445025,2.3266369352708662,43.75,6.593043652279709,18.39379482709137,15.281500134363512,4.198105860847142
targeted_residual_meta_adjusted,Targeted_Meta_Adjusted_Forecast_MWH,origin_10,2025-10-12 00:00:00-07:00,2025,Fall,10,384,118.67937204947917,116.86393173627131,1.8154403132078505,2.8734719922609777,2.35518671300473,77.08333333333334,6.1612057871544135,11.220190895048802,9.59623755616019,3.6759140506195984
targeted_residual_meta_adjusted,Targeted_Meta_Adjusted_Forecast_MWH,origin_01,2024-10-13 00:00:00-07:00,2024,Fall,10,384,116.30257716666667,115.28316543409458,1.0194117325720904,2.6720996284516185,2.181384145501755,51.041666666666664,6.735635708754908,16.34231349304926,9.998720014868297,3.902110940151437
residual_calibrated,Residual_Calibrated_Forecast_MWH,origin_22,2026-07-07 00:00:00-07:00,2026,Summer,7,380,187.94545492105263,185.42541151177045,2.5200434092821675,7.079561087063134,3.646126647237734,59.473684210526315,17.038248140077474,28.121506674638397,24.75853225912644,9.380035538964636
residual_calibrated,Residual_Calibrated_Forecast_MWH,origin_08,2025-08-17 00:00:00-07:00,2025,Summer,8,384,187.771909734375,191.85636404256311,-4.08445430818811,5.896901635937078,3.3495852093542116,23.4375,11.676744521003116,11.385051496985,39.365826634951986,7.8236430721216585
residual_calibrated,Residual_Calibrated_Forecast_MWH,origin_21,2026-07-06 00:00:00-07:00,2026,Summer,7,380,185.74302035789472,185.11758440090176,0.6254359569929857,5.761052674656287,3.1023375724505033,53.421052631578945,12.458280233395703,24.890127633325278,26.243999611576356,7.715607135442271
residual_calibrated,Residual_Calibrated_Forecast_MWH,origin_23,2026-07-20 00:00:00-07:00,2026,Summer,7,384,200.18689673437498,195.8151208935711,4.371775840803921,5.749880220872536,2.644197870131673,71.61458333333334,14.455402892185267,31.2881410168321,10.689655415288371,8.142515995588903
residual_calibrated,Residual_Calibrated_Forecast_MWH,origin_07,2025-07-20 00:00:00-07:00,2025,Summer,7,384,157.82088622916666,153.15557807693142,4.665308152235253,5.407042102821003,3.2865912651776004,83.33333333333334,11.909541211105527,21.26010125341665,10.336546817314627,7.035398494618621
residual_calibrated,Residual_Calibrated_Forecast_MWH,origin_24,2026-07-21 00:00:00-07:00,2026,Summer,7,384,200.79070704427082,196.58836271793902,4.2023443263318105,5.331896023511789,2.368250426786306,72.39583333333334,13.45709212029373,29.573041332438322,12.12213652011684,7.5767818937470315
residual_calibrated,Residual_Calibrated_Forecast_MWH,origin_17,2026-04-26 00:00:00-07:00,2026,Spring,4,384,127.136992640625,123.46538994570335,3.6716026949216474,5.243606717948596,3.8743109217544274,76.04166666666666,11.474422364993377,19.163912617184252,10.230155180526907,6.735924846659571
residual_calibrated,Residual_Calibrated_Forecast_MWH,origin_02,2024-11-09 23:00:00-08:00,2024,Fall,11,384,116.68925462760417,112.49610917756287,4.193145450041288,4.624559107907712,3.7878455184154354,87.76041666666666,8.994874539671398,16.814955707561666,10.082326973066415,5.741403399883183
residual_calibrated,Residual_Calibrated_Forecast_MWH,origin_05,2025-05-25 00:00:00-07:00,2025,Spring,5,384,153.69139593489584,153.76409168783294,-0.07269575293710955,4.523056553048124,2.8211975349613727,50.260416666666664,10.282794678983688,22.256414072221617,26.678872365763283,6.4326184553475905
residual_calibrated,Residual_Calibrated_Forecast_MWH,origin_18,2026-05-24 00:00:00-07:00,2026,Spring,5,384,142.90284213541665,145.06897869786567,-2.166136562448997,4.3068318893241075,2.9941149542887224,35.67708333333333,9.396809583579309,10.76923185594535,23.759126342082965,5.846098409278333
residual_calibrated,Residual_Calibrated_Forecast_MWH,origin_20,2026-05-29 00:00:00-07:00,2026,Spring,5,384,163.7729361171875,166.1802245641027,-2.407288446915192,4.299909805108764,2.683226953277989,33.07291666666667,9.895765751866866,12.125635246072392,21.70315366448682,5.831160006264588
residual_calibrated,Residual_Calibrated_Forecast_MWH,origin_19,2026-05-28 00:00:00-07:00,2026,Spring,5,384,158.50971714583332,159.98533771604326,-1.4756205702099374,4.206811263117534,2.6012986485627696,38.80208333333333,10.027904918334709,14.406965018775878,18.767970793168587,5.752183116528822
residual_calibrated,Residual_Calibrated_Forecast_MWH,origin_16,2026-03-29 00:00:00-07:00,2026,Spring,3,384,120.51718188281251,120.0123138095427,0.5048680732698033,3.930528549090168,3.1925069384211278,53.645833333333336,8.133234474501657,19.597012644607062,14.83092236027855,5.118123313941691
residual_calibrated,Residual_Calibrated_Forecast_MWH,origin_09,2025-09-14 00:00:00-07:00,2025,Summer,9,384,162.83103684895835,164.4819228990548,-1.650886050096462,3.8914865183932794,2.4136064797945136,39.58333333333333,7.413955521382865,8.968275700981565,35.87208726248096,6.18317262177377
residual_calibrated,Residual_Calibrated_Forecast_MWH,origin_06,2025-06-22 00:00:00-07:00,2025,Summer,6,384,168.52844033593752,167.0889011994864,1.4395391364510886,3.8680366424700097,2.3239665024153484,60.9375,8.492261241534642,17.918679283087954,18.116494695209667,5.189543270140872
residual_calibrated,Residual_Calibrated_Forecast_MWH,origin_15,2026-02-28 23:00:00-08:00,2026,Winter,2,384,115.88717167708334,114.56883400886873,1.3183376682146086,3.181402856155625,2.7169375072389887,67.44791666666666,6.745127576534708,9.48368206232469,9.831494274688936,3.9041702048316975
residual_calibrated,Residual_Calibrated_Forecast_MWH,origin_13,2026-01-03 23:00:00-08:00,2026,Winter,1,384,128.126853875,127.98119300422378,0.14566087077620848,3.1123953789275873,2.42102418646454,50.260416666666664,7.118874103439384,15.791586220857909,13.93842068625672,4.352284689836108
residual_calibrated,Residual_Calibrated_Forecast_MWH,origin_04,2025-04-27 00:00:00-07:00,2025,Spring,4,384,121.913576171875,123.79795859852207,-1.884382426647074,3.0584190076738325,2.435308774648696,29.6875,6.9024010460272756,17.90815300048112,15.858096837232637,4.2997816231085615
residual_calibrated,Residual_Calibrated_Forecast_MWH,origin_03,2025-03-30 00:00:00-07:00,2025,Spring,3,384,111.3258731328125,110.41482737386862,0.9110457589438751,3.0331220294009875,2.6610011390328383,58.333333333333336,6.162275586112537,14.052709966719277,7.323667448019506,3.857693129222167
residual_calibrated,Residual_Calibrated_Forecast_MWH,origin_12,2025-12-06 23:00:00-08:00,2025,Winter,12,384,139.45845884114584,138.48227755123574,0.9761812899100802,2.9843301761380796,2.095062906114197,69.27083333333334,5.847225788629626,9.800805585380886,29.97617692852856,4.330154656172141
residual_calibrated,Residual_Calibrated_Forecast_MWH,origin_14,2026-01-31 23:00:00-08:00,2026,Winter,1,384,120.6618153359375,119.92613320795412,0.7356821279833851,2.882566602718656,2.2995043364604197,51.822916666666664,6.871176521871322,19.877245651836162,9.661817709306206,4.203118335682594
residual_calibrated,Residual_Calibrated_Forecast_MWH,origin_01,2024-10-13 00:00:00-07:00,2024,Fall,10,384,116.30257716666667,114.14859857216442,2.153978594502245,2.872161334058877,2.2962605501470157,73.4375,7.7184649465325945,16.972643397440038,8.958412126819525,4.24841020475417
residual_calibrated,Residual_Calibrated_Forecast_MWH,origin_11,2025-11-08 23:00:00-08:00,2025,Fall,11,384,122.29222068489582,121.0552629838795,1.2369577010163404,2.8194468190490682,2.219060197813677,65.625,5.918586587368777,22.060815411627942,11.223009605622323,4.239241499994709
residual_calibrated,Residual_Calibrated_Forecast_MWH,origin_10,2025-10-12 00:00:00-07:00,2025,Fall,10,384,118.67937204947917,117.66375881201152,1.015613237467635,2.5133007647925423,2.0626362384750396,67.70833333333334,5.741683917150683,10.672971873341197,10.150739762297562,3.3257294448395185
warm_ramp_adjusted,Warm_Ramp_Adjusted_Forecast_MWH,origin_22,2026-07-07 00:00:00-07:00,2026,Summer,7,380,187.94545492105263,185.42541151177045,2.5200434092821675,7.079561087063134,3.646126647237734,59.473684210526315,17.038248140077474,28.121506674638397,24.75853225912644,9.380035538964636
warm_ramp_adjusted,Warm_Ramp_Adjusted_Forecast_MWH,origin_08,2025-08-17 00:00:00-07:00,2025,Summer,8,384,187.771909734375,191.85636404256311,-4.08445430818811,5.896901635937078,3.3495852093542116,23.4375,11.676744521003116,11.385051496985,39.365826634951986,7.8236430721216585
warm_ramp_adjusted,Warm_Ramp_Adjusted_Forecast_MWH,origin_21,2026-07-06 00:00:00-07:00,2026,Summer,7,380,185.74302035789472,185.11758440090176,0.6254359569929857,5.761052674656287,3.1023375724505033,53.421052631578945,12.458280233395703,24.890127633325278,26.243999611576356,7.715607135442271
warm_ramp_adjusted,Warm_Ramp_Adjusted_Forecast_MWH,origin_23,2026-07-20 00:00:00-07:00,2026,Summer,7,384,200.18689673437498,195.8151208935711,4.371775840803921,5.749880220872536,2.644197870131673,71.61458333333334,14.455402892185267,31.2881410168321,10.689655415288371,8.142515995588903
warm_ramp_adjusted,Warm_Ramp_Adjusted_Forecast_MWH,origin_07,2025-07-20 00:00:00-07:00,2025,Summer,7,384,157.82088622916666,153.15557807693142,4.665308152235253,5.407042102821003,3.2865912651776004,83.33333333333334,11.909541211105527,21.26010125341665,10.336546817314627,7.035398494618621
warm_ramp_adjusted,Warm_Ramp_Adjusted_Forecast_MWH,origin_24,2026-07-21 00:00:00-07:00,2026,Summer,7,384,200.79070704427082,196.58836271793902,4.2023443263318105,5.331896023511789,2.368250426786306,72.39583333333334,13.45709212029373,29.573041332438322,12.12213652011684,7.5767818937470315
warm_ramp_adjusted,Warm_Ramp_Adjusted_Forecast_MWH,origin_17,2026-04-26 00:00:00-07:00,2026,Spring,4,384,127.136992640625,124.07473113559324,3.062261505031769,4.84549272535496,3.6506120652169183,74.47916666666666,9.86296668006641,19.163912617184252,10.230155180526907,6.153651125240846
warm_ramp_adjusted,Warm_Ramp_Adjusted_Forecast_MWH,origin_05,2025-05-25 00:00:00-07:00,2025,Spring,5,384,153.69139593489584,153.62693531543235,0.06446061946348136,4.637434814570592,2.896751173182013,51.041666666666664,10.282794678983688,22.256414072221617,26.678872365763283,6.508914389018361
warm_ramp_adjusted,Warm_Ramp_Adjusted_Forecast_MWH,origin_02,2024-11-09 23:00:00-08:00,2024,Fall,11,384,116.68925462760417,112.49610917756287,4.193145450041288,4.624559107907712,3.7878455184154354,87.76041666666666,8.994874539671398,16.814955707561666,10.082326973066415,5.741403399883183
warm_ramp_adjusted,Warm_Ramp_Adjusted_Forecast_MWH,origin_18,2026-05-24 00:00:00-07:00,2026,Spring,5,384,142.90284213541665,145.32142862522798,-2.4185864898113,4.4191757469761646,3.0735495121554037,33.85416666666667,9.894299118894327,10.76923185594535,23.759126342082965,5.9785885137252555
warm_ramp_adjusted,Warm_Ramp_Adjusted_Forecast_MWH,origin_20,2026-05-29 00:00:00-07:00,2026,Spring,5,384,163.7729361171875,166.2740652280279,-2.5011291108403935,4.220982087293181,2.6358731401230133,32.03125,9.895765751866866,12.125635246072392,21.70315366448682,5.790735314434727
warm_ramp_adjusted,Warm_Ramp_Adjusted_Forecast_MWH,origin_19,2026-05-28 00:00:00-07:00,2026,Spring,5,384,158.50971714583332,160.07584011447582,-1.5661229686424942,4.142852908850122,2.563892987796064,37.23958333333333,10.027904918334709,14.406965018775878,18.767970793168587,5.709500918584057
warm_ramp_adjusted,Warm_Ramp_Adjusted_Forecast_MWH,origin_16,2026-03-29 00:00:00-07:00,2026,Spring,3,384,120.51718188281251,120.65784013702755,-0.14065825421504463,3.9289436279359222,3.2049494678381287,49.73958333333333,8.18716853201181,19.597012644607062,14.83092236027855,5.14880435074371
warm_ramp_adjusted,Warm_Ramp_Adjusted_Forecast_MWH,origin_09,2025-09-14 00:00:00-07:00,2025,Summer,9,384,162.83103684895835,164.4819228990548,-1.650886050096462,3.8914865183932794,2.4136064797945136,39.58333333333333,7.413955521382865,8.968275700981565,35.87208726248096,6.18317262177377
warm_ramp_adjusted,Warm_Ramp_Adjusted_Forecast_MWH,origin_06,2025-06-22 00:00:00-07:00,2025,Summer,6,384,168.52844033593752,167.0889011994864,1.4395391364510886,3.8680366424700097,2.3239665024153484,60.9375,8.492261241534642,17.918679283087954,18.116494695209667,5.189543270140872
warm_ramp_adjusted,Warm_Ramp_Adjusted_Forecast_MWH,origin_15,2026-02-28 23:00:00-08:00,2026,Winter,2,384,115.88717167708334,114.56883400886873,1.3183376682146086,3.181402856155625,2.7169375072389887,67.44791666666666,6.745127576534708,9.48368206232469,9.831494274688936,3.9041702048316975
warm_ramp_adjusted,Warm_Ramp_Adjusted_Forecast_MWH,origin_13,2026-01-03 23:00:00-08:00,2026,Winter,1,384,128.126853875,127.98119300422378,0.14566087077620848,3.1123953789275873,2.42102418646454,50.260416666666664,7.118874103439384,15.791586220857909,13.93842068625672,4.352284689836108
warm_ramp_adjusted,Warm_Ramp_Adjusted_Forecast_MWH,origin_03,2025-03-30 00:00:00-07:00,2025,Spring,3,384,111.3258731328125,110.56643117553394,0.7594419572785677,3.082463746845774,2.696688816045109,58.072916666666664,6.046872618755711,14.052709966719277,8.736209377322368,3.9064371011918038
warm_ramp_adjusted,Warm_Ramp_Adjusted_Forecast_MWH,origin_04,2025-04-27 00:00:00-07:00,2025,Spring,4,384,121.913576171875,123.70882104194446,-1.7952448700694479,3.0039745160309113,2.389050311252915,29.947916666666668,6.598829646191466,17.90815300048112,15.858096837232637,4.2122449482515725
warm_ramp_adjusted,Warm_Ramp_Adjusted_Forecast_MWH,origin_12,2025-12-06 23:00:00-08:00,2025,Winter,12,384,139.45845884114584,138.48227755123574,0.9761812899100802,2.9843301761380796,2.095062906114197,69.27083333333334,5.847225788629626,9.800805585380886,29.97617692852856,4.330154656172141
warm_ramp_adjusted,Warm_Ramp_Adjusted_Forecast_MWH,origin_01,2024-10-13 00:00:00-07:00,2024,Fall,10,384,116.30257716666667,114.06121218564904,2.2413649810176284,2.9717736629874936,2.3646040063208136,73.69791666666666,7.8643087744808735,16.880874440558387,8.958412126819525,4.342837505282081
warm_ramp_adjusted,Warm_Ramp_Adjusted_Forecast_MWH,origin_14,2026-01-31 23:00:00-08:00,2026,Winter,1,384,120.6618153359375,119.92613320795412,0.7356821279833851,2.882566602718656,2.2995043364604197,51.822916666666664,6.871176521871322,19.877245651836162,9.661817709306206,4.203118335682594
warm_ramp_adjusted,Warm_Ramp_Adjusted_Forecast_MWH,origin_11,2025-11-08 23:00:00-08:00,2025,Fall,11,384,122.29222068489582,121.10613429123026,1.1860863936655794,2.8262895266638157,2.2245219602220843,65.36458333333334,5.95192783417082,22.060815411627942,11.223009605622323,4.2644804501384455
warm_ramp_adjusted,Warm_Ramp_Adjusted_Forecast_MWH,origin_10,2025-10-12 00:00:00-07:00,2025,Fall,10,384,118.67937204947917,117.79245667431786,0.8869153751613105,2.3956706149655176,1.982938829623178,66.14583333333334,5.42794719116666,10.672971873341197,10.150739762297562,3.1798140501352297
cloud_solar_adjusted,Cloud_Solar_Adjusted_Forecast_MWH,origin_22,2026-07-07 00:00:00-07:00,2026,Summer,7,380,187.94545492105263,185.42660398511012,2.5188509359424867,7.073740128122024,3.6433325748799645,59.473684210526315,17.038248140077474,28.121506674638397,24.75853225912644,9.372652105250786
cloud_solar_adjusted,Cloud_Solar_Adjusted_Forecast_MWH,origin_08,2025-08-17 00:00:00-07:00,2025,Summer,8,384,187.771909734375,191.8628067804232,-4.090897046048198,5.903766913348836,3.3527388792911084,23.4375,11.714989510474588,11.385051496985,39.365826634951986,7.833510579636187
cloud_solar_adjusted,Cloud_Solar_Adjusted_Forecast_MWH,origin_21,2026-07-06 00:00:00-07:00,2026,Summer,7,380,185.74302035789472,185.11553706103737,0.6274832968573625,5.762680437858742,3.1034015159299972,53.421052631578945,12.458280233395703,24.690826589756796,26.243999611576356,7.712724819058255
cloud_solar_adjusted,Cloud_Solar_Adjusted_Forecast_MWH,origin_23,2026-07-20 00:00:00-07:00,2026,Summer,7,384,200.18689673437498,195.81128394183244,4.375612792542564,5.736482854022203,2.6392221118383365,71.61458333333334,14.548702929318392,31.2881410168321,10.689655415288371,8.133349833549543
cloud_solar_adjusted,Cloud_Solar_Adjusted_Forecast_MWH,origin_07,2025-07-20 00:00:00-07:00,2025,Summer,7,384,157.82088622916666,153.15360024643857,4.6672859827281075,5.410318589264154,3.289526185363784,83.33333333333334,11.909541211105527,21.26010125341665,10.154706214916246,7.036717159145471
cloud_solar_adjusted,Cloud_Solar_Adjusted_Forecast_MWH,origin_24,2026-07-21 00:00:00-07:00,2026,Summer,7,384,200.79070704427082,196.58260399358775,4.208103050683108,5.316402906591777,2.3623103552260853,72.13541666666666,13.1317204050573,29.573041332438322,12.12213652011684,7.569382496771459
cloud_solar_adjusted,Cloud_Solar_Adjusted_Forecast_MWH,origin_17,2026-04-26 00:00:00-07:00,2026,Spring,4,384,127.136992640625,124.10236204288628,3.0346305977387136,4.798806619408668,3.6113513294972375,74.47916666666666,9.715872631414326,19.163912617184252,10.268965981708007,6.107807861855054
cloud_solar_adjusted,Cloud_Solar_Adjusted_Forecast_MWH,origin_05,2025-05-25 00:00:00-07:00,2025,Spring,5,384,153.69139593489584,153.63240996252588,0.05898597236993175,4.6358332086991565,2.8953317472670714,51.041666666666664,10.282794678983688,22.256414072221617,26.678872365763283,6.507829149593958
cloud_solar_adjusted,Cloud_Solar_Adjusted_Forecast_MWH,origin_02,2024-11-09 23:00:00-08:00,2024,Fall,11,384,116.68925462760417,112.54645571140371,4.142798916200472,4.555567579215445,3.7406370605303825,88.54166666666666,8.377942237003573,16.83909708631876,9.686388253492098,5.6440385523660375
cloud_solar_adjusted,Cloud_Solar_Adjusted_Forecast_MWH,origin_18,2026-05-24 00:00:00-07:00,2026,Spring,5,384,142.90284213541665,145.35778142513144,-2.454939289714773,4.410978088735619,3.067575541139016,33.85416666666667,9.721209817311712,10.496467337864942,23.759126342082965,5.967454584781301
cloud_solar_adjusted,Cloud_Solar_Adjusted_Forecast_MWH,origin_20,2026-05-29 00:00:00-07:00,2026,Spring,5,384,163.7729361171875,166.29935654367003,-2.5264204264825443,4.2008422353874595,2.6201951216843207,32.03125,9.76080726249331,10.423796996992763,21.70315366448682,5.7633814790429785
cloud_solar_adjusted,Cloud_Solar_Adjusted_Forecast_MWH,origin_19,2026-05-28 00:00:00-07:00,2026,Spring,5,384,158.50971714583332,160.10604868372988,-1.5963315378965641,4.118155101733007,2.5462361033965077,37.23958333333333,9.900180515871869,13.7947201950401,18.767970793168587,5.6725943893755
cloud_solar_adjusted,Cloud_Solar_Adjusted_Forecast_MWH,origin_16,2026-03-29 00:00:00-07:00,2026,Spring,3,384,120.51718188281251,120.7145623347421,-0.19738045192960674,3.900117756156114,3.1850713139997704,49.21875,8.184601085303122,17.98061908061206,14.83092236027855,5.097721550761328
cloud_solar_adjusted,Cloud_Solar_Adjusted_Forecast_MWH,origin_09,2025-09-14 00:00:00-07:00,2025,Summer,9,384,162.83103684895835,164.48325939679816,-1.6522225478398251,3.8969792554214426,2.4162614066613144,39.84375,7.38944435088949,8.968275700981565,36.41334292588766,6.213723559896921
cloud_solar_adjusted,Cloud_Solar_Adjusted_Forecast_MWH,origin_06,2025-06-22 00:00:00-07:00,2025,Summer,6,384,168.52844033593752,167.08313730677662,1.4453030291608882,3.8607819956283347,2.3194947859854818,60.9375,8.428843900711124,17.918679283087954,18.116494695209667,5.183117993027545
cloud_solar_adjusted,Cloud_Solar_Adjusted_Forecast_MWH,origin_15,2026-02-28 23:00:00-08:00,2026,Winter,2,384,115.88717167708334,114.53460529158842,1.352566385494914,3.2048783062525446,2.7380818668272577,67.70833333333334,6.845005338974433,9.48368206232469,9.971154438222399,3.930789482366248
cloud_solar_adjusted,Cloud_Solar_Adjusted_Forecast_MWH,origin_13,2026-01-03 23:00:00-08:00,2026,Winter,1,384,128.126853875,128.1154990555921,0.011354819407895475,3.203634873030086,2.4975408734651903,50.260416666666664,7.4028891456379045,15.710283026841452,16.809115615751466,4.493399643455046
cloud_solar_adjusted,Cloud_Solar_Adjusted_Forecast_MWH,origin_03,2025-03-30 00:00:00-07:00,2025,Spring,3,384,111.3258731328125,110.5760914930213,0.7497816397912122,3.0885307879916724,2.702846756994244,57.8125,5.971845022549857,14.157186347066357,8.736209377322368,3.8985771976695616
cloud_solar_adjusted,Cloud_Solar_Adjusted_Forecast_MWH,origin_01,2024-10-13 00:00:00-07:00,2024,Fall,10,384,116.30257716666667,113.99622392787005,2.306353238796614,3.016846993233879,2.4034134899539237,74.21875,7.926986247584439,16.979832983837127,8.958412126819525,4.414446667676914
cloud_solar_adjusted,Cloud_Solar_Adjusted_Forecast_MWH,origin_04,2025-04-27 00:00:00-07:00,2025,Spring,4,384,121.913576171875,123.71949442190702,-1.8059182500320194,3.0098398544477045,2.394621153273179,29.427083333333332,6.598829646191466,17.841023561318053,15.858096837232637,4.2132525696927425
cloud_solar_adjusted,Cloud_Solar_Adjusted_Forecast_MWH,origin_12,2025-12-06 23:00:00-08:00,2025,Winter,12,384,139.45845884114584,138.7216341133087,0.7368247278371242,2.9086005717157786,2.0486351148115065,65.88541666666666,5.4503217459499895,9.649641820971937,30.497786769467353,4.3314634718245
cloud_solar_adjusted,Cloud_Solar_Adjusted_Forecast_MWH,origin_14,2026-01-31 23:00:00-08:00,2026,Winter,1,384,120.6618153359375,119.9929591594066,0.6688561765309157,2.860144421253297,2.284534631256857,51.302083333333336,6.558599321524472,19.749193360332654,9.644495072842076,4.1482256613683814
cloud_solar_adjusted,Cloud_Solar_Adjusted_Forecast_MWH,origin_11,2025-11-08 23:00:00-08:00,2025,Fall,11,384,122.29222068489582,121.1628207319748,1.1293999529210417,2.829424384121333,2.2282958776807704,64.84375,5.936499141285813,22.244155622603586,11.259484241862125,4.255678713555679
cloud_solar_adjusted,Cloud_Solar_Adjusted_Forecast_MWH,origin_10,2025-10-12 00:00:00-07:00,2025,Fall,10,384,118.67937204947917,117.79337757257838,0.885994476900791,2.421971189615317,2.004140094085563,66.40625,5.616006933873331,10.882998215107449,10.34332394437331,3.2221977395683736
recent_corrected_simulation,Recent_Corrected_Forecast_MWH,origin_22,2026-07-07 00:00:00-07:00,2026,Summer,7,380,187.94545492105263,185.44768746611865,2.4977674549339897,7.068874000691969,3.6407005583899537,59.473684210526315,17.038248140077474,27.966998721168352,24.93808656979374,9.371657319249802
recent_corrected_simulation,Recent_Corrected_Forecast_MWH,origin_08,2025-08-17 00:00:00-07:00,2025,Summer,8,384,187.771909734375,192.4340439937397,-4.662134259364688,6.309570636942092,3.6035565595206616,21.875,12.248934547386437,11.385051496985,40.53005457402719,8.263803255248439
recent_corrected_simulation,Recent_Corrected_Forecast_MWH,origin_21,2026-07-06 00:00:00-07:00,2026,Summer,7,380,185.74302035789472,185.0589077558285,0.6841126020662254,5.74579536094641,3.0891450783447616,53.68421052631579,12.512553637779638,24.92294472418692,26.243999611576356,7.712588954581567
recent_corrected_simulation,Recent_Corrected_Forecast_MWH,origin_23,2026-07-20 00:00:00-07:00,2026,Summer,7,384,200.18689673437498,195.79159085598803,4.3953058783869645,5.736508936760127,2.642286663516333,71.61458333333334,14.527372847063779,30.923176189705032,10.942535022957202,8.118542124370887
recent_corrected_simulation,Recent_Corrected_Forecast_MWH,origin_24,2026-07-21 00:00:00-07:00,2026,Summer,7,384,200.79070704427082,196.87535920837925,3.91534783589158,5.183201057655581,2.3055763125505475,68.22916666666666,12.939515170405919,28.286625177480943,12.605052591558206,7.396936268713288
recent_corrected_simulation,Recent_Corrected_Forecast_MWH,origin_07,2025-07-20 00:00:00-07:00,2025,Summer,7,384,157.82088622916666,153.7934024284191,4.027483800747551,5.048354926859155,3.0412225197608804,79.6875,11.178599107382848,20.423193312112744,10.835720467278236,6.6670279509331705
recent_corrected_simulation,Recent_Corrected_Forecast_MWH,origin_02,2024-11-09 23:00:00-08:00,2024,Fall,11,384,116.68925462760417,112.16654776899645,4.522706858607719,4.84531715374862,3.9976198329495687,90.625,8.756320885447886,16.980678547700705,9.34162041964413,5.895006047395134
recent_corrected_simulation,Recent_Corrected_Forecast_MWH,origin_05,2025-05-25 00:00:00-07:00,2025,Spring,5,384,153.69139593489584,153.5838112016781,0.10758473321774815,4.633764990826024,2.8940588849914968,51.041666666666664,10.29679539304652,22.344702290854883,26.678872365763283,6.5086302481952245
recent_corrected_simulation,Recent_Corrected_Forecast_MWH,origin_17,2026-04-26 00:00:00-07:00,2026,Spring,4,384,127.136992640625,124.5304284771605,2.606564163464508,4.612434480836581,3.467455162160429,70.83333333333334,9.543384853641918,19.163912617184252,10.700630591166998,5.937710941978061
recent_corrected_simulation,Recent_Corrected_Forecast_MWH,origin_18,2026-05-24 00:00:00-07:00,2026,Spring,5,384,142.90284213541665,145.0812271297001,-2.178384994283427,4.324988574560349,3.0080617466881368,37.76041666666667,9.457013510467732,10.998551570502599,23.36685951912827,5.848855947369977
recent_corrected_simulation,Recent_Corrected_Forecast_MWH,origin_20,2026-05-29 00:00:00-07:00,2026,Spring,5,384,163.7729361171875,166.2746291211629,-2.50169300397539,4.184319416688683,2.6092833555029933,31.25,9.622961991696696,10.71046966547263,21.411863617336763,5.723761729994943
recent_corrected_simulation,Recent_Corrected_Forecast_MWH,origin_19,2026-05-28 00:00:00-07:00,2026,Spring,5,384,158.50971714583332,160.081010989916,-1.571293844082664,4.096423306293001,2.5302779908716686,37.23958333333333,9.879811657981296,13.7947201950401,18.648145383711352,5.648653340623148
recent_corrected_simulation,Recent_Corrected_Forecast_MWH,origin_09,2025-09-14 00:00:00-07:00,2025,Summer,9,384,162.83103684895835,164.91396445106503,-2.0829276021066963,4.045893811094469,2.5327550525305953,34.63541666666667,7.397169456150229,8.968275700981565,36.9277952253033,6.357374664842122
recent_corrected_simulation,Recent_Corrected_Forecast_MWH,origin_16,2026-03-29 00:00:00-07:00,2026,Spring,3,384,120.51718188281251,120.77713963052493,-0.25995774771243935,3.904776759457926,3.1881314013563027,48.95833333333333,8.144940183416011,18.007910503307315,14.883585385978762,5.10236520612884
recent_corrected_simulation,Recent_Corrected_Forecast_MWH,origin_06,2025-06-22 00:00:00-07:00,2025,Summer,6,384,168.52844033593752,167.04470666735278,1.4837336685847076,3.8662961197182795,2.324506053086538,61.197916666666664,8.452947995362226,17.986722076692786,18.089531826796815,5.190778030655836
recent_corrected_simulation,Recent_Corrected_Forecast_MWH,origin_15,2026-02-28 23:00:00-08:00,2026,Winter,2,384,115.88717167708334,114.36338966186123,1.5237820152220871,3.247885496681125,2.773693739101183,68.22916666666666,6.78939911120494,9.617420304244192,9.685898854041739,3.9798358986822038
recent_corrected_simulation,Recent_Corrected_Forecast_MWH,origin_13,2026-01-03 23:00:00-08:00,2026,Winter,1,384,128.126853875,127.97134671138059,0.15550716361940412,3.1913226970374615,2.4826967815754517,51.5625,7.240855207050408,16.109686035718767,16.42124082121174,4.473019348481694
recent_corrected_simulation,Recent_Corrected_Forecast_MWH,origin_01,2024-10-13 00:00:00-07:00,2024,Fall,10,384,116.30257716666667,113.70679717093601,2.595779995730639,3.1789267433287693,2.545603042593732,79.42708333333334,8.224487059951908,17.02669542961246,8.840626742244865,4.554550694078899
recent_corrected_simulation,Recent_Corrected_Forecast_MWH,origin_03,2025-03-30 00:00:00-07:00,2025,Spring,3,384,111.3258731328125,111.0190217696005,0.3068513632120069,3.0252120349685225,2.651873503719084,55.729166666666664,5.9887155396043426,13.941118368556715,9.086698549622568,3.8342916580883637
recent_corrected_simulation,Recent_Corrected_Forecast_MWH,origin_04,2025-04-27 00:00:00-07:00,2025,Spring,4,384,121.913576171875,123.72598721430666,-1.8124110424316549,3.0141407538078373,2.4031782882450177,28.645833333333332,6.581709180501823,17.80959767877451,15.858096837232637,4.207470536801201
recent_corrected_simulation,Recent_Corrected_Forecast_MWH,origin_14,2026-01-31 23:00:00-08:00,2026,Winter,1,384,120.6618153359375,120.34095028369372,0.3208650522437748,2.86958314317784,2.2998060408916525,46.875,6.535232299538593,19.558568948032587,9.998835586624153,4.117147434421208
recent_corrected_simulation,Recent_Corrected_Forecast_MWH,origin_12,2025-12-06 23:00:00-08:00,2025,Winter,12,384,139.45845884114584,139.60374847685716,-0.14528963571133194,2.745575564122612,1.960467945300141,52.864583333333336,5.1443523366496136,8.635980252871292,31.514429840980313,4.254699133925508
recent_corrected_simulation,Recent_Corrected_Forecast_MWH,origin_11,2025-11-08 23:00:00-08:00,2025,Fall,11,384,122.29222068489582,121.45700032388277,0.8352203610130599,2.745112047253645,2.17654595651334,60.416666666666664,6.150939797960094,21.96035073265257,11.674811350869192,4.165536903781895
recent_corrected_simulation,Recent_Corrected_Forecast_MWH,origin_10,2025-10-12 00:00:00-07:00,2025,Fall,10,384,118.67937204947917,117.95073330987888,0.7286387396002852,2.386318187535613,1.9763996395786219,63.802083333333336,5.58250254750511,10.682411536894506,10.37697546125024,3.195437880985481
stage_selected_production,Stage_Selected_Forecast_MWH,origin_22,2026-07-07 00:00:00-07:00,2026,Summer,7,380,187.94545492105263,187.33593947957417,0.6095154414784838,5.306235174954179,2.888887046290322,51.578947368421055,10.944039618043771,24.183235987981618,21.677748245560934,6.843673999353164
stage_selected_production,Stage_Selected_Forecast_MWH,origin_21,2026-07-06 00:00:00-07:00,2026,Summer,7,380,185.74302035789472,186.98701054480247,-1.2439901869077084,5.170376888562229,2.844177685643905,41.578947368421055,10.634165551698874,24.304728803169382,21.58786601003115,6.757954518541615
stage_selected_production,Stage_Selected_Forecast_MWH,origin_08,2025-08-17 00:00:00-07:00,2025,Summer,8,384,187.771909734375,191.23414402676755,-3.462234292392561,4.741054477291873,2.7907028086568904,22.135416666666664,10.271157809825114,10.282594556739639,18.98758927397887,6.0948674642689245
stage_selected_production,Stage_Selected_Forecast_MWH,origin_23,2026-07-20 00:00:00-07:00,2026,Summer,7,384,200.18689673437498,198.48897060527693,1.6979261290980678,4.4891964255591645,2.2219806725704294,56.510416666666664,10.890494066339487,20.17600826292434,17.199375914327334,6.107073768003738
stage_selected_production,Stage_Selected_Forecast_MWH,origin_05,2025-05-25 00:00:00-07:00,2025,Spring,5,384,153.69139593489584,152.30263323841635,1.3887626964794746,4.420777875177953,2.758482778511979,55.989583333333336,9.595899892665082,27.18600025578172,16.678872365763283,6.277201996395828
stage_selected_production,Stage_Selected_Forecast_MWH,origin_24,2026-07-21 00:00:00-07:00,2026,Summer,7,384,200.79070704427082,199.16477230259875,1.6259347416720729,4.3597443258990864,2.0745157903041194,58.59375,10.12695950797572,17.08907143944475,18.022283921133464,5.828772735972559
stage_selected_production,Stage_Selected_Forecast_MWH,origin_02,2024-11-09 23:00:00-08:00,2024,Fall,11,384,116.68925462760417,112.96868309194014,3.7205715356640234,4.22653582282363,3.5495506764385003,86.71875,8.14224479771088,17.576786559937176,10.700399540257706,5.165527903246399
stage_selected_production,Stage_Selected_Forecast_MWH,origin_20,2026-05-29 00:00:00-07:00,2026,Spring,5,384,163.7729361171875,166.3247466035068,-2.551810486319305,4.226414880825019,2.563628439050597,29.427083333333332,9.181749675574997,16.820622336610356,24.926661466434865,5.738327892537345
stage_selected_production,Stage_Selected_Forecast_MWH,origin_07,2025-07-20 00:00:00-07:00,2025,Summer,7,384,157.82088622916666,155.34693773204472,2.4739484971219436,4.124201762243905,2.6437629594911405,72.65625,8.858153862803633,18.158914845587248,14.52277262930491,5.366889127415334
stage_selected_production,Stage_Selected_Forecast_MWH,origin_18,2026-05-24 00:00:00-07:00,2026,Spring,5,384,142.90284213541665,144.94825132146443,-2.0454091860477717,3.9652873165551052,2.731611114433529,36.71875,9.50958120194651,10.644092396994239,20.439372333633088,5.360363220971625
stage_selected_production,Stage_Selected_Forecast_MWH,origin_17,2026-04-26 00:00:00-07:00,2026,Spring,4,384,127.136992640625,125.3917145628526,1.7452780777723929,3.951752400246973,3.1140509314258886,67.96875,8.505136670589733,14.333944444409553,10.539338969672627,5.0246357207996875
stage_selected_production,Stage_Selected_Forecast_MWH,origin_16,2026-03-29 00:00:00-07:00,2026,Spring,3,384,120.51718188281251,120.56093508582542,-0.04375320301293125,3.9502546336853706,3.225404890326819,49.73958333333333,8.481942552725439,17.434918858410512,15.17327870205827,5.153298113413001
stage_selected_production,Stage_Selected_Forecast_MWH,origin_06,2025-06-22 00:00:00-07:00,2025,Summer,6,384,168.52844033593752,167.78420760555028,0.7442327303872203,3.922602640988849,2.2801474697477015,56.770833333333336,8.78070220128928,16.698964061251928,17.95699447094546,5.091215995378593
stage_selected_production,Stage_Selected_Forecast_MWH,origin_09,2025-09-14 00:00:00-07:00,2025,Summer,9,384,162.83103684895835,164.12349755257358,-1.2924607036152604,3.7430642412940407,2.3371713783170045,39.58333333333333,7.646964712599547,13.517895781192095,32.77541820133354,5.501406596050222
stage_selected_production,Stage_Selected_Forecast_MWH,origin_19,2026-05-28 00:00:00-07:00,2026,Spring,5,384,158.50971714583332,160.22225426343826,-1.712537117604932,3.7371925985729084,2.3104256046313,35.15625,8.108394618301949,13.50865413463137,17.603052501145953,5.014390246594054
stage_selected_production,Stage_Selected_Forecast_MWH,origin_04,2025-04-27 00:00:00-07:00,2025,Spring,4,384,121.913576171875,123.51791484219325,-1.6043386703182494,3.174728106806492,2.554130374334949,29.6875,7.352493264669935,19.67378119048007,15.237505012526157,4.5017543726699305
stage_selected_production,Stage_Selected_Forecast_MWH,origin_13,2026-01-03 23:00:00-08:00,2026,Winter,1,384,128.126853875,128.0267354095034,0.10011846549660797,3.1550924835591583,2.439233632217055,48.95833333333333,7.561231212854372,17.965594513993977,15.096337463624394,4.513174166425405
stage_selected_production,Stage_Selected_Forecast_MWH,origin_15,2026-02-28 23:00:00-08:00,2026,Winter,2,384,115.88717167708334,114.22446558592371,1.6627060911596312,3.1519406349807633,2.69510686606273,69.53125,6.5718606969180655,9.531106860273894,8.463606330298276,3.8994641518229263
stage_selected_production,Stage_Selected_Forecast_MWH,origin_03,2025-03-30 00:00:00-07:00,2025,Spring,3,384,111.3258731328125,111.02646395391473,0.29940917889778024,3.1174387329684947,2.695032654285908,56.770833333333336,6.954793419959172,14.54074675020992,10.940377681498745,4.138529769783526
stage_selected_production,Stage_Selected_Forecast_MWH,origin_11,2025-11-08 23:00:00-08:00,2025,Fall,11,384,122.29222068489582,122.11240416984383,0.17981651505201257,2.9469277287167626,2.331294013449282,52.34375,7.290254890259719,22.988378327530427,11.757025810952982,4.39428441280953
stage_selected_production,Stage_Selected_Forecast_MWH,origin_01,2024-10-13 00:00:00-07:00,2024,Fall,10,384,116.30257716666667,114.63221514761887,1.6703620190478095,2.9094409388499822,2.3585968072397954,70.83333333333334,7.081755697580642,16.568682474039633,8.189339247180413,4.213414374880774
stage_selected_production,Stage_Selected_Forecast_MWH,origin_12,2025-12-06 23:00:00-08:00,2025,Winter,12,384,139.45845884114584,139.50202642063164,-0.04356757948580011,2.8677405175094126,2.0289751825514375,51.302083333333336,5.196600436170646,13.839307311277508,31.312049319111793,4.517872640530025
stage_selected_production,Stage_Selected_Forecast_MWH,origin_14,2026-01-31 23:00:00-08:00,2026,Winter,1,384,120.6618153359375,120.31940382089567,0.3424115150418367,2.7148823480198137,2.1844102246274644,48.17708333333333,5.981034477257516,19.82179059210945,8.135373265499624,3.895719837231212
stage_selected_production,Stage_Selected_Forecast_MWH,origin_10,2025-10-12 00:00:00-07:00,2025,Fall,10,384,118.67937204947917,118.30935184846324,0.3700202010159295,2.277496466573728,1.897183584541579,59.895833333333336,5.132483792916116,11.570315210097476,10.43795908345578,3.129641734420327
focused_shape_shadow,Focused_Shape_Adjusted_Forecast_MWH,origin_22,2026-07-07 00:00:00-07:00,2026,Summer,7,380,187.94545492105263,187.00581626372096,0.9396386573316845,5.5571754659704755,2.995946420810834,51.84210526315789,11.741602497412499,24.539698799174545,21.59438404357917,7.2101144608065315
focused_shape_shadow,Focused_Shape_Adjusted_Forecast_MWH,origin_21,2026-07-06 00:00:00-07:00,2026,Summer,7,380,185.74302035789472,186.46659801458222,-0.723577656687482,5.377331591233785,2.912820800691148,44.473684210526315,12.035713426978987,24.248805734532453,21.58410719329129,7.091545825685351
focused_shape_shadow,Focused_Shape_Adjusted_Forecast_MWH,origin_23,2026-07-20 00:00:00-07:00,2026,Summer,7,384,200.18689673437498,197.94004971823463,2.246847016140356,4.782484231176795,2.329735797181982,61.458333333333336,11.323914056076472,20.119046298470835,16.824969166570725,6.465144443719437
focused_shape_shadow,Focused_Shape_Adjusted_Forecast_MWH,origin_08,2025-08-17 00:00:00-07:00,2025,Summer,8,384,187.771909734375,191.24547496709863,-3.473565232723617,4.77499980463246,2.8136498787392132,22.916666666666664,10.337904155614634,10.231181481859863,19.144801115039797,6.1042386786430125
focused_shape_shadow,Focused_Shape_Adjusted_Forecast_MWH,origin_24,2026-07-21 00:00:00-07:00,2026,Summer,7,384,200.79070704427082,198.60677656537896,2.183930478891877,4.568549392213824,2.136671783136836,60.677083333333336,10.5531584064524,17.286625177480943,17.7390393936343,6.120087383242696
focused_shape_shadow,Focused_Shape_Adjusted_Forecast_MWH,origin_05,2025-05-25 00:00:00-07:00,2025,Spring,5,384,153.69139593489584,152.48751982411986,1.203876110775993,4.43644708058844,2.780929949518002,54.947916666666664,9.550788829425635,26.616399585996504,16.678872365763283,6.238314930805466
focused_shape_shadow,Focused_Shape_Adjusted_Forecast_MWH,origin_02,2024-11-09 23:00:00-08:00,2024,Fall,11,384,116.68925462760417,112.9261063677789,3.7631482598252766,4.226241335062977,3.5406845616210205,85.9375,8.14927653530975,16.920567094436763,9.880332289988928,5.173300732342665
focused_shape_shadow,Focused_Shape_Adjusted_Forecast_MWH,origin_20,2026-05-29 00:00:00-07:00,2026,Spring,5,384,163.7729361171875,166.2735933316584,-2.500657214470888,4.1902762241772615,2.5568912994638757,28.645833333333332,9.163695434578612,16.59492487253253,24.051212247720258,5.681210294087693
focused_shape_shadow,Focused_Shape_Adjusted_Forecast_MWH,origin_07,2025-07-20 00:00:00-07:00,2025,Summer,7,384,157.82088622916666,155.30311778098812,2.517768448178556,4.156534445624595,2.659104169260901,71.09375,9.332453575010636,17.91006081544046,14.52277262930491,5.441933919035559
focused_shape_shadow,Focused_Shape_Adjusted_Forecast_MWH,origin_18,2026-05-24 00:00:00-07:00,2026,Spring,5,384,142.90284213541665,144.95883125388863,-2.0559891184719534,3.9962071796283514,2.768713023506139,38.02083333333333,9.447995797269966,10.195492912222363,20.28627265052924,5.411360464024326
focused_shape_shadow,Focused_Shape_Adjusted_Forecast_MWH,origin_17,2026-04-26 00:00:00-07:00,2026,Spring,4,384,127.136992640625,125.32728927795772,1.8097033626672792,3.984933468451349,3.1420988214317194,69.01041666666666,8.67992843399242,14.410493712718278,10.591819293316533,5.069791054056741
focused_shape_shadow,Focused_Shape_Adjusted_Forecast_MWH,origin_06,2025-06-22 00:00:00-07:00,2025,Summer,6,384,168.52844033593752,167.6912130485536,0.8372272873838975,3.9469169674285283,2.3009150205570856,56.510416666666664,8.422910223045399,17.306136303096224,17.811204941749907,5.161311022862542
focused_shape_shadow,Focused_Shape_Adjusted_Forecast_MWH,origin_16,2026-03-29 00:00:00-07:00,2026,Spring,3,384,120.51718188281251,120.54387341873928,-0.02669153592678371,3.908569562977041,3.1932583477345484,50.520833333333336,8.399771370227874,17.600087810839497,15.145762005825645,5.12845442788302
focused_shape_shadow,Focused_Shape_Adjusted_Forecast_MWH,origin_19,2026-05-28 00:00:00-07:00,2026,Spring,5,384,158.50971714583332,160.07254906435927,-1.5628319185259434,3.7599638011953758,2.340449447589162,37.5,8.489797804655087,13.16994624713638,17.49063844352554,5.029551260971435
focused_shape_shadow,Focused_Shape_Adjusted_Forecast_MWH,origin_09,2025-09-14 00:00:00-07:00,2025,Summer,9,384,162.83103684895835,164.15196409337102,-1.3209272444126914,3.691298339796526,2.309236205801056,38.54166666666667,7.188713963655094,13.517895781192095,31.852428226965912,5.411016926815755
focused_shape_shadow,Focused_Shape_Adjusted_Forecast_MWH,origin_04,2025-04-27 00:00:00-07:00,2025,Spring,4,384,121.913576171875,123.60235691922668,-1.6887807473516798,3.2241304709617666,2.589258000906955,29.6875,7.30084610233572,19.512411472691937,14.939794634060036,4.551893743898909
focused_shape_shadow,Focused_Shape_Adjusted_Forecast_MWH,origin_13,2026-01-03 23:00:00-08:00,2026,Winter,1,384,128.126853875,127.77879984041617,0.34805403458383255,3.1874004987339943,2.4616900103827404,51.822916666666664,7.510737826668562,17.615690357685494,15.188444674711064,4.542804844998653
focused_shape_shadow,Focused_Shape_Adjusted_Forecast_MWH,origin_03,2025-03-30 00:00:00-07:00,2025,Spring,3,384,111.3258731328125,110.8664558496097,0.45941728320280034,3.1512573125371515,2.730003669484178,57.8125,6.924095236828418,14.370268246523779,10.337637329101796,4.133902456263399
focused_shape_shadow,Focused_Shape_Adjusted_Forecast_MWH,origin_15,2026-02-28 23:00:00-08:00,2026,Winter,2,384,115.88717167708334,114.35419066010222,1.5329810169811153,3.1212697836548924,2.665750795157696,66.92708333333334,6.617013308736745,9.617420304244192,8.79965080170247,3.860671777171643
focused_shape_shadow,Focused_Shape_Adjusted_Forecast_MWH,origin_11,2025-11-08 23:00:00-08:00,2025,Fall,11,384,122.29222068489582,121.97711142776556,0.315109257130279,2.909942793596912,2.3001922753276696,52.604166666666664,7.0712662941374385,22.876495151309115,11.674811350869192,4.3384548858213545
focused_shape_shadow,Focused_Shape_Adjusted_Forecast_MWH,origin_01,2024-10-13 00:00:00-07:00,2024,Fall,10,384,116.30257716666667,114.48648524118276,1.816091925483905,2.9018770574289747,2.341882171927159,71.09375,7.122474511218215,16.655776454401575,8.297108408286874,4.244831012633474
focused_shape_shadow,Focused_Shape_Adjusted_Forecast_MWH,origin_12,2025-12-06 23:00:00-08:00,2025,Winter,12,384,139.45845884114584,139.28606930305895,0.17238953808689153,2.895006466480705,2.0465606116529917,54.6875,5.257291671132118,12.887891139694062,30.83901502518009,4.470506296077171
focused_shape_shadow,Focused_Shape_Adjusted_Forecast_MWH,origin_14,2026-01-31 23:00:00-08:00,2026,Winter,1,384,120.6618153359375,120.22319370963748,0.4386216263000204,2.7190846328463767,2.181257377892692,50.260416666666664,6.264005807691291,19.558568948032587,8.16328267514632,3.934713345230008
focused_shape_shadow,Focused_Shape_Adjusted_Forecast_MWH,origin_10,2025-10-12 00:00:00-07:00,2025,Fall,10,384,118.67937204947917,118.28221349951836,0.39715854996080874,2.243884453535251,1.8718036548685735,60.9375,5.181795386951016,11.359777671103686,10.37697546125024,3.0932712709831036
final_corrected_production,Final_Backtest_Forecast_MWH,origin_22,2026-07-07 00:00:00-07:00,2026,Summer,7,380,187.94545492105263,187.33593947957417,0.6095154414784838,5.306235174954179,2.888887046290322,51.578947368421055,10.944039618043771,24.183235987981618,21.677748245560934,6.843673999353164
final_corrected_production,Final_Backtest_Forecast_MWH,origin_21,2026-07-06 00:00:00-07:00,2026,Summer,7,380,185.74302035789472,186.98701054480247,-1.2439901869077084,5.170376888562229,2.844177685643905,41.578947368421055,10.634165551698874,24.304728803169382,21.58786601003115,6.757954518541615
final_corrected_production,Final_Backtest_Forecast_MWH,origin_08,2025-08-17 00:00:00-07:00,2025,Summer,8,384,187.771909734375,191.23414402676755,-3.462234292392561,4.741054477291873,2.7907028086568904,22.135416666666664,10.271157809825114,10.282594556739639,18.98758927397887,6.0948674642689245
final_corrected_production,Final_Backtest_Forecast_MWH,origin_23,2026-07-20 00:00:00-07:00,2026,Summer,7,384,200.18689673437498,198.48897060527693,1.6979261290980678,4.4891964255591645,2.2219806725704294,56.510416666666664,10.890494066339487,20.17600826292434,17.199375914327334,6.107073768003738
final_corrected_production,Final_Backtest_Forecast_MWH,origin_05,2025-05-25 00:00:00-07:00,2025,Spring,5,384,153.69139593489584,152.30263323841635,1.3887626964794746,4.420777875177953,2.758482778511979,55.989583333333336,9.595899892665082,27.18600025578172,16.678872365763283,6.277201996395828
final_corrected_production,Final_Backtest_Forecast_MWH,origin_24,2026-07-21 00:00:00-07:00,2026,Summer,7,384,200.79070704427082,199.16477230259875,1.6259347416720729,4.3597443258990864,2.0745157903041194,58.59375,10.12695950797572,17.08907143944475,18.022283921133464,5.828772735972559
final_corrected_production,Final_Backtest_Forecast_MWH,origin_02,2024-11-09 23:00:00-08:00,2024,Fall,11,384,116.68925462760417,112.96868309194014,3.7205715356640234,4.22653582282363,3.5495506764385003,86.71875,8.14224479771088,17.576786559937176,10.700399540257706,5.165527903246399
final_corrected_production,Final_Backtest_Forecast_MWH,origin_20,2026-05-29 00:00:00-07:00,2026,Spring,5,384,163.7729361171875,166.3247466035068,-2.551810486319305,4.226414880825019,2.563628439050597,29.427083333333332,9.181749675574997,16.820622336610356,24.926661466434865,5.738327892537345
final_corrected_production,Final_Backtest_Forecast_MWH,origin_07,2025-07-20 00:00:00-07:00,2025,Summer,7,384,157.82088622916666,155.34693773204472,2.4739484971219436,4.124201762243905,2.6437629594911405,72.65625,8.858153862803633,18.158914845587248,14.52277262930491,5.366889127415334
final_corrected_production,Final_Backtest_Forecast_MWH,origin_18,2026-05-24 00:00:00-07:00,2026,Spring,5,384,142.90284213541665,144.94825132146443,-2.0454091860477717,3.9652873165551052,2.731611114433529,36.71875,9.50958120194651,10.644092396994239,20.439372333633088,5.360363220971625
final_corrected_production,Final_Backtest_Forecast_MWH,origin_17,2026-04-26 00:00:00-07:00,2026,Spring,4,384,127.136992640625,125.3917145628526,1.7452780777723929,3.951752400246973,3.1140509314258886,67.96875,8.505136670589733,14.333944444409553,10.539338969672627,5.0246357207996875
final_corrected_production,Final_Backtest_Forecast_MWH,origin_16,2026-03-29 00:00:00-07:00,2026,Spring,3,384,120.51718188281251,120.56093508582542,-0.04375320301293125,3.9502546336853706,3.225404890326819,49.73958333333333,8.481942552725439,17.434918858410512,15.17327870205827,5.153298113413001
final_corrected_production,Final_Backtest_Forecast_MWH,origin_06,2025-06-22 00:00:00-07:00,2025,Summer,6,384,168.52844033593752,167.78420760555028,0.7442327303872203,3.922602640988849,2.2801474697477015,56.770833333333336,8.78070220128928,16.698964061251928,17.95699447094546,5.091215995378593
final_corrected_production,Final_Backtest_Forecast_MWH,origin_09,2025-09-14 00:00:00-07:00,2025,Summer,9,384,162.83103684895835,164.12349755257358,-1.2924607036152604,3.7430642412940407,2.3371713783170045,39.58333333333333,7.646964712599547,13.517895781192095,32.77541820133354,5.501406596050222
final_corrected_production,Final_Backtest_Forecast_MWH,origin_19,2026-05-28 00:00:00-07:00,2026,Spring,5,384,158.50971714583332,160.22225426343826,-1.712537117604932,3.7371925985729084,2.3104256046313,35.15625,8.108394618301949,13.50865413463137,17.603052501145953,5.014390246594054
final_corrected_production,Final_Backtest_Forecast_MWH,origin_04,2025-04-27 00:00:00-07:00,2025,Spring,4,384,121.913576171875,123.51791484219325,-1.6043386703182494,3.174728106806492,2.554130374334949,29.6875,7.352493264669935,19.67378119048007,15.237505012526157,4.5017543726699305
final_corrected_production,Final_Backtest_Forecast_MWH,origin_13,2026-01-03 23:00:00-08:00,2026,Winter,1,384,128.126853875,128.0267354095034,0.10011846549660797,3.1550924835591583,2.439233632217055,48.95833333333333,7.561231212854372,17.965594513993977,15.096337463624394,4.513174166425405
final_corrected_production,Final_Backtest_Forecast_MWH,origin_15,2026-02-28 23:00:00-08:00,2026,Winter,2,384,115.88717167708334,114.22446558592371,1.6627060911596312,3.1519406349807633,2.69510686606273,69.53125,6.5718606969180655,9.531106860273894,8.463606330298276,3.8994641518229263
final_corrected_production,Final_Backtest_Forecast_MWH,origin_03,2025-03-30 00:00:00-07:00,2025,Spring,3,384,111.3258731328125,111.02646395391473,0.29940917889778024,3.1174387329684947,2.695032654285908,56.770833333333336,6.954793419959172,14.54074675020992,10.940377681498745,4.138529769783526
final_corrected_production,Final_Backtest_Forecast_MWH,origin_11,2025-11-08 23:00:00-08:00,2025,Fall,11,384,122.29222068489582,122.11240416984383,0.17981651505201257,2.9469277287167626,2.331294013449282,52.34375,7.290254890259719,22.988378327530427,11.757025810952982,4.39428441280953
final_corrected_production,Final_Backtest_Forecast_MWH,origin_01,2024-10-13 00:00:00-07:00,2024,Fall,10,384,116.30257716666667,114.63221514761887,1.6703620190478095,2.9094409388499822,2.3585968072397954,70.83333333333334,7.081755697580642,16.568682474039633,8.189339247180413,4.213414374880774
final_corrected_production,Final_Backtest_Forecast_MWH,origin_12,2025-12-06 23:00:00-08:00,2025,Winter,12,384,139.45845884114584,139.50202642063164,-0.04356757948580011,2.8677405175094126,2.0289751825514375,51.302083333333336,5.196600436170646,13.839307311277508,31.312049319111793,4.517872640530025
final_corrected_production,Final_Backtest_Forecast_MWH,origin_14,2026-01-31 23:00:00-08:00,2026,Winter,1,384,120.6618153359375,120.31940382089567,0.3424115150418367,2.7148823480198137,2.1844102246274644,48.17708333333333,5.981034477257516,19.82179059210945,8.135373265499624,3.895719837231212
final_corrected_production,Final_Backtest_Forecast_MWH,origin_10,2025-10-12 00:00:00-07:00,2025,Fall,10,384,118.67937204947917,118.30935184846324,0.3700202010159295,2.277496466573728,1.897183584541579,59.895833333333336,5.132483792916116,11.570315210097476,10.43795908345578,3.129641734420327
auto_residual_shadow,Auto_Residual_Adjusted_Forecast_MWH,origin_22,2026-07-07 00:00:00-07:00,2026,Summer,7,380,187.94545492105263,187.07804474273206,0.8674101783205889,5.564129911796285,2.993325656288882,51.578947368421055,11.624884827636254,24.183235987981618,21.677748245560934,7.217798750641456
auto_residual_shadow,Auto_Residual_Adjusted_Forecast_MWH,origin_21,2026-07-06 00:00:00-07:00,2026,Summer,7,380,185.74302035789472,186.60806317638142,-0.8650428184866557,5.4334051049475995,2.946476619096081,43.15789473684211,12.117577509656998,24.304728803169382,21.58786601003115,7.139306434579017
auto_residual_shadow,Auto_Residual_Adjusted_Forecast_MWH,origin_23,2026-07-20 00:00:00-07:00,2026,Summer,7,384,200.18689673437498,198.16084560527693,2.0260511290980676,4.778410509740367,2.3318178518908566,58.072916666666664,11.427006866174594,20.25948979310121,17.199375914327334,6.446962661093301
auto_residual_shadow,Auto_Residual_Adjusted_Forecast_MWH,origin_08,2025-08-17 00:00:00-07:00,2025,Summer,8,384,187.771909734375,191.21729361368162,-3.4453838793066143,4.737071557044486,2.7894991933397173,22.135416666666664,10.271157809825114,10.282594556739639,18.98758927397887,6.0935182255135905
auto_residual_shadow,Auto_Residual_Adjusted_Forecast_MWH,origin_24,2026-07-21 00:00:00-07:00,2026,Summer,7,384,200.79070704427082,198.78977230259875,2.0009347416720726,4.595469123116209,2.161083558972481,60.15625,10.355578306906557,17.349405614720695,18.022283921133464,6.106664419872385
auto_residual_shadow,Auto_Residual_Adjusted_Forecast_MWH,origin_05,2025-05-25 00:00:00-07:00,2025,Spring,5,384,153.69139593489584,152.30263323841635,1.3887626964794746,4.420777875177953,2.758482778511979,55.989583333333336,9.595899892665082,27.18600025578172,16.678872365763283,6.277201996395828
auto_residual_shadow,Auto_Residual_Adjusted_Forecast_MWH,origin_02,2024-11-09 23:00:00-08:00,2024,Fall,11,384,116.68925462760417,112.96868309194014,3.7205715356640234,4.22653582282363,3.5495506764385003,86.71875,8.14224479771088,17.576786559937176,10.700399540257706,5.165527903246399
auto_residual_shadow,Auto_Residual_Adjusted_Forecast_MWH,origin_20,2026-05-29 00:00:00-07:00,2026,Spring,5,384,163.7729361171875,166.3247466035068,-2.551810486319305,4.226414880825019,2.563628439050597,29.427083333333332,9.181749675574997,16.820622336610356,24.926661466434865,5.738327892537345
auto_residual_shadow,Auto_Residual_Adjusted_Forecast_MWH,origin_07,2025-07-20 00:00:00-07:00,2025,Summer,7,384,157.82088622916666,155.3261043987114,2.494781830455277,4.1419548496849705,2.6530876338678016,72.91666666666666,8.858153862803633,18.158914845587248,14.52277262930491,5.380104423289334
auto_residual_shadow,Auto_Residual_Adjusted_Forecast_MWH,origin_06,2025-06-22 00:00:00-07:00,2025,Summer,6,384,168.52844033593752,167.72170760555028,0.8067327303872203,3.985102640988849,2.30721244386689,56.770833333333336,8.843596845005319,17.306136303096224,17.95699447094546,5.2376445692461076
auto_residual_shadow,Auto_Residual_Adjusted_Forecast_MWH,origin_18,2026-05-24 00:00:00-07:00,2026,Spring,5,384,142.90284213541665,144.94825132146443,-2.0454091860477717,3.9652873165551052,2.731611114433529,36.71875,9.50958120194651,10.644092396994239,20.439372333633088,5.360363220971625
auto_residual_shadow,Auto_Residual_Adjusted_Forecast_MWH,origin_17,2026-04-26 00:00:00-07:00,2026,Spring,4,384,127.136992640625,125.3917145628526,1.7452780777723929,3.951752400246973,3.1140509314258886,67.96875,8.505136670589733,14.333944444409553,10.539338969672627,5.0246357207996875
auto_residual_shadow,Auto_Residual_Adjusted_Forecast_MWH,origin_16,2026-03-29 00:00:00-07:00,2026,Spring,3,384,120.51718188281251,120.56093508582542,-0.04375320301293125,3.9502546336853706,3.225404890326819,49.73958333333333,8.481942552725439,17.434918858410512,15.17327870205827,5.153298113413001
auto_residual_shadow,Auto_Residual_Adjusted_Forecast_MWH,origin_09,2025-09-14 00:00:00-07:00,2025,Summer,9,384,162.83103684895835,164.12349755257358,-1.2924607036152604,3.7430642412940407,2.3371713783170045,39.58333333333333,7.646964712599547,13.517895781192095,32.77541820133354,5.501406596050222
auto_residual_shadow,Auto_Residual_Adjusted_Forecast_MWH,origin_19,2026-05-28 00:00:00-07:00,2026,Spring,5,384,158.50971714583332,160.22225426343826,-1.712537117604932,3.7371925985729084,2.3104256046313,35.15625,8.108394618301949,13.50865413463137,17.603052501145953,5.014390246594054
auto_residual_shadow,Auto_Residual_Adjusted_Forecast_MWH,origin_04,2025-04-27 00:00:00-07:00,2025,Spring,4,384,121.913576171875,123.51791484219325,-1.6043386703182494,3.174728106806492,2.554130374334949,29.6875,7.352493264669935,19.67378119048007,15.237505012526157,4.5017543726699305
auto_residual_shadow,Auto_Residual_Adjusted_Forecast_MWH,origin_13,2026-01-03 23:00:00-08:00,2026,Winter,1,384,128.126853875,128.0267354095034,0.10011846549660797,3.1550924835591583,2.439233632217055,48.95833333333333,7.561231212854372,17.965594513993977,15.096337463624394,4.513174166425405
auto_residual_shadow,Auto_Residual_Adjusted_Forecast_MWH,origin_15,2026-02-28 23:00:00-08:00,2026,Winter,2,384,115.88717167708334,114.22446558592371,1.6627060911596312,3.1519406349807633,2.69510686606273,69.53125,6.5718606969180655,9.531106860273894,8.463606330298276,3.8994641518229263
auto_residual_shadow,Auto_Residual_Adjusted_Forecast_MWH,origin_03,2025-03-30 00:00:00-07:00,2025,Spring,3,384,111.3258731328125,111.02646395391473,0.29940917889778024,3.1174387329684947,2.695032654285908,56.770833333333336,6.954793419959172,14.54074675020992,10.940377681498745,4.138529769783526
auto_residual_shadow,Auto_Residual_Adjusted_Forecast_MWH,origin_11,2025-11-08 23:00:00-08:00,2025,Fall,11,384,122.29222068489582,122.11240416984383,0.17981651505201257,2.9469277287167626,2.331294013449282,52.34375,7.290254890259719,22.988378327530427,11.757025810952982,4.39428441280953
auto_residual_shadow,Auto_Residual_Adjusted_Forecast_MWH,origin_01,2024-10-13 00:00:00-07:00,2024,Fall,10,384,116.30257716666667,114.63221514761887,1.6703620190478095,2.9094409388499822,2.3585968072397954,70.83333333333334,7.081755697580642,16.568682474039633,8.189339247180413,4.213414374880774
auto_residual_shadow,Auto_Residual_Adjusted_Forecast_MWH,origin_12,2025-12-06 23:00:00-08:00,2025,Winter,12,384,139.45845884114584,139.50202642063164,-0.04356757948580011,2.8677405175094126,2.0289751825514375,51.302083333333336,5.196600436170646,13.839307311277508,31.312049319111793,4.517872640530025
auto_residual_shadow,Auto_Residual_Adjusted_Forecast_MWH,origin_14,2026-01-31 23:00:00-08:00,2026,Winter,1,384,120.6618153359375,120.31940382089567,0.3424115150418367,2.7148823480198137,2.1844102246274644,48.17708333333333,5.981034477257516,19.82179059210945,8.135373265499624,3.895719837231212
auto_residual_shadow,Auto_Residual_Adjusted_Forecast_MWH,origin_10,2025-10-12 00:00:00-07:00,2025,Fall,10,384,118.67937204947917,118.30935184846324,0.3700202010159295,2.277496466573728,1.897183584541579,59.895833333333336,5.132483792916116,11.570315210097476,10.43795908345578,3.129641734420327
daily_peak_shadow,Daily_Peak_Shadow_Adjusted_Forecast_MWH,origin_22,2026-07-07 00:00:00-07:00,2026,Summer,7,380,187.94545492105263,187.07125930435225,0.8741956167003818,5.570915350176078,2.9960539305117955,51.578947368421055,11.624884827636254,24.183235987981618,21.677748245560934,7.22933085247303
daily_peak_shadow,Daily_Peak_Shadow_Adjusted_Forecast_MWH,origin_21,2026-07-06 00:00:00-07:00,2026,Summer,7,380,185.74302035789472,186.58702567067658,-0.8440053127818604,5.454442610652395,2.954882647254458,43.15789473684211,12.12739895912674,24.304728803169382,21.58786601003115,7.174488091497183
daily_peak_shadow,Daily_Peak_Shadow_Adjusted_Forecast_MWH,origin_23,2026-07-20 00:00:00-07:00,2026,Summer,7,384,200.18689673437498,198.15612568137624,2.0307710529987633,4.783130433641062,2.3334965506728724,58.072916666666664,11.427006866174594,20.25948979310121,17.199375914327334,6.4587111326479185
daily_peak_shadow,Daily_Peak_Shadow_Adjusted_Forecast_MWH,origin_08,2025-08-17 00:00:00-07:00,2025,Summer,8,384,187.771909734375,191.22118192940937,-3.4492721950343666,4.737995992059631,2.789783545420533,22.135416666666664,10.271157809825114,10.282594556739639,18.98758927397887,6.092839707217045
daily_peak_shadow,Daily_Peak_Shadow_Adjusted_Forecast_MWH,origin_24,2026-07-21 00:00:00-07:00,2026,Summer,7,384,200.79070704427082,198.78863065859616,2.0020763856746555,4.596610767086339,2.1616534242435628,60.15625,10.355578306906557,17.723578940005183,18.022283921133464,6.107558820869291
daily_peak_shadow,Daily_Peak_Shadow_Adjusted_Forecast_MWH,origin_05,2025-05-25 00:00:00-07:00,2025,Spring,5,384,153.69139593489584,152.30253197978587,1.388863955109972,4.415954772440838,2.755478291932665,56.25,9.595899892665082,27.18600025578172,16.678872365763283,6.277271696118636
daily_peak_shadow,Daily_Peak_Shadow_Adjusted_Forecast_MWH,origin_20,2026-05-29 00:00:00-07:00,2026,Spring,5,384,163.7729361171875,166.34686793175305,-2.5739318145655483,4.234058806157106,2.5668511058583943,29.427083333333332,9.181749675574997,16.820622336610356,24.926661466434865,5.7458691571154406
daily_peak_shadow,Daily_Peak_Shadow_Adjusted_Forecast_MWH,origin_02,2024-11-09 23:00:00-08:00,2024,Fall,11,384,116.68925462760417,112.97117749695514,3.7180771306490303,4.224041490297993,3.5478091194509584,86.71875,8.14224479771088,17.576786559937176,10.700399543771368,5.162979397692798
daily_peak_shadow,Daily_Peak_Shadow_Adjusted_Forecast_MWH,origin_07,2025-07-20 00:00:00-07:00,2025,Summer,7,384,157.82088622916666,155.3359560600818,2.484930169084862,4.133475986360101,2.6489815384286586,72.91666666666666,8.858153862803633,18.158914845587248,14.52277262930491,5.374768791695866
daily_peak_shadow,Daily_Peak_Shadow_Adjusted_Forecast_MWH,origin_06,2025-06-22 00:00:00-07:00,2025,Summer,6,384,168.52844033593752,167.7312694595383,0.7971708763991945,3.980069312603001,2.3050845757077547,56.770833333333336,8.843596845005319,16.81883538229414,17.95699447094546,5.2180071668567685
daily_peak_shadow,Daily_Peak_Shadow_Adjusted_Forecast_MWH,origin_18,2026-05-24 00:00:00-07:00,2026,Spring,5,384,142.90284213541665,144.9530069481144,-2.050164812697736,3.9679937127513516,2.7334348047917545,36.45833333333333,9.50958120194651,10.644092396994239,20.439372333633088,5.36079604689648
daily_peak_shadow,Daily_Peak_Shadow_Adjusted_Forecast_MWH,origin_16,2026-03-29 00:00:00-07:00,2026,Spring,3,384,120.51718188281251,120.56634319356051,-0.049161310748022546,3.9556043916570798,3.229203816549314,49.73958333333333,8.481942558058087,17.434918858410512,15.17327870205827,5.1569185163819835
daily_peak_shadow,Daily_Peak_Shadow_Adjusted_Forecast_MWH,origin_17,2026-04-26 00:00:00-07:00,2026,Spring,4,384,127.136992640625,125.39498113827555,1.7420115023494545,3.9537849915614394,3.115163568346928,67.96875,8.505136670589733,14.333944444409553,10.539338969672627,5.024757817523112
daily_peak_shadow,Daily_Peak_Shadow_Adjusted_Forecast_MWH,origin_09,2025-09-14 00:00:00-07:00,2025,Summer,9,384,162.83103684895835,164.1533122223547,-1.322275373396373,3.7617124178366184,2.344980459679681,39.0625,7.787309034633508,13.517895781191811,32.77541820133354,5.5351082479046925
daily_peak_shadow,Daily_Peak_Shadow_Adjusted_Forecast_MWH,origin_19,2026-05-28 00:00:00-07:00,2026,Spring,5,384,158.50971714583332,160.2433515346649,-1.7336343888315566,3.7449426158483194,2.314823542884012,35.15625,8.161432082512363,13.50865413463137,17.603052501145953,5.019585970096742
daily_peak_shadow,Daily_Peak_Shadow_Adjusted_Forecast_MWH,origin_04,2025-04-27 00:00:00-07:00,2025,Spring,4,384,121.913576171875,123.52139259284267,-1.6078164209676729,3.1712503561570684,2.5519122269685086,29.6875,7.352493264669935,19.67378119048007,15.237505012526157,4.497529190296378
daily_peak_shadow,Daily_Peak_Shadow_Adjusted_Forecast_MWH,origin_13,2026-01-03 23:00:00-08:00,2026,Winter,1,384,128.126853875,128.03025478060553,0.09659909439446986,3.157251492238053,2.4406938366437596,48.95833333333333,7.561231212854372,17.965594513993977,15.096337463624394,4.515054932675615
daily_peak_shadow,Daily_Peak_Shadow_Adjusted_Forecast_MWH,origin_15,2026-02-28 23:00:00-08:00,2026,Winter,2,384,115.88717167708334,114.22446558592371,1.6627060911596312,3.1519406349807633,2.69510686606273,69.53125,6.5718606969180655,9.531106860273894,8.463606330298276,3.8994641518229263
daily_peak_shadow,Daily_Peak_Shadow_Adjusted_Forecast_MWH,origin_03,2025-03-30 00:00:00-07:00,2025,Spring,3,384,111.3258731328125,111.03574325262058,0.29012988019191854,3.11910222596484,2.6963089129347124,56.510416666666664,6.954793419959172,14.54074675020992,10.940377681498745,4.138099933454414
daily_peak_shadow,Daily_Peak_Shadow_Adjusted_Forecast_MWH,origin_11,2025-11-08 23:00:00-08:00,2025,Fall,11,384,122.29222068489582,122.12221638251714,0.1700043023786991,2.945485320047361,2.330291147628284,52.34375,7.290254890259719,22.988378327530427,11.757025810952982,4.398069725197114
daily_peak_shadow,Daily_Peak_Shadow_Adjusted_Forecast_MWH,origin_01,2024-10-13 00:00:00-07:00,2024,Fall,10,384,116.30257716666667,114.62325599471257,1.6793211719541048,2.9168561190467055,2.363430459040197,70.83333333333334,7.081755692744021,16.568682474039633,8.189339241793277,4.210366136525434
daily_peak_shadow,Daily_Peak_Shadow_Adjusted_Forecast_MWH,origin_12,2025-12-06 23:00:00-08:00,2025,Winter,12,384,139.45845884114584,139.5101552580324,-0.05169641688655824,2.862753666726484,2.0261367143469804,51.302083333333336,5.196600436170646,13.839307311277508,31.312049319111793,4.515102072334544
daily_peak_shadow,Daily_Peak_Shadow_Adjusted_Forecast_MWH,origin_14,2026-01-31 23:00:00-08:00,2026,Winter,1,384,120.6618153359375,120.32414818785458,0.3376671480829188,2.719626714978732,2.187543591020792,48.17708333333333,5.981034477257516,19.82179059210945,8.135373265499624,3.898088915300639
daily_peak_shadow,Daily_Peak_Shadow_Adjusted_Forecast_MWH,origin_10,2025-10-12 00:00:00-07:00,2025,Fall,10,384,118.67937204947917,118.31419467515421,0.3651773743249656,2.28046736810067,1.8992684217701556,59.895833333333336,5.21639326876406,11.570315210097476,10.43795908345578,3.133159590570869
heat_analog_shadow,Heat_Analog_Shadow_Forecast_MWH,origin_22,2026-07-07 00:00:00-07:00,2026,Summer,7,380,187.94545492105263,187.33593947957417,0.6095154414784838,5.306235174954179,2.888887046290322,51.578947368421055,10.944039618043771,24.183235987981618,21.677748245560934,6.843673999353164
heat_analog_shadow,Heat_Analog_Shadow_Forecast_MWH,origin_21,2026-07-06 00:00:00-07:00,2026,Summer,7,380,185.74302035789472,186.98701054480247,-1.2439901869077084,5.170376888562229,2.844177685643905,41.578947368421055,10.634165551698874,24.304728803169382,21.58786601003115,6.757954518541615
heat_analog_shadow,Heat_Analog_Shadow_Forecast_MWH,origin_08,2025-08-17 00:00:00-07:00,2025,Summer,8,384,187.771909734375,191.23414402676755,-3.462234292392561,4.741054477291873,2.7907028086568904,22.135416666666664,10.271157809825114,10.282594556739639,18.98758927397887,6.0948674642689245
heat_analog_shadow,Heat_Analog_Shadow_Forecast_MWH,origin_23,2026-07-20 00:00:00-07:00,2026,Summer,7,384,200.18689673437498,198.48897060527693,1.6979261290980678,4.4891964255591645,2.2219806725704294,56.510416666666664,10.890494066339487,20.17600826292434,17.199375914327334,6.107073768003738
heat_analog_shadow,Heat_Analog_Shadow_Forecast_MWH,origin_05,2025-05-25 00:00:00-07:00,2025,Spring,5,384,153.69139593489584,152.30263323841635,1.3887626964794746,4.420777875177953,2.758482778511979,55.989583333333336,9.595899892665082,27.18600025578172,16.678872365763283,6.277201996395828
heat_analog_shadow,Heat_Analog_Shadow_Forecast_MWH,origin_24,2026-07-21 00:00:00-07:00,2026,Summer,7,384,200.79070704427082,199.16477230259875,1.6259347416720729,4.3597443258990864,2.0745157903041194,58.59375,10.12695950797572,17.08907143944475,18.022283921133464,5.828772735972559
heat_analog_shadow,Heat_Analog_Shadow_Forecast_MWH,origin_02,2024-11-09 23:00:00-08:00,2024,Fall,11,384,116.68925462760417,112.96868309194014,3.7205715356640234,4.22653582282363,3.5495506764385003,86.71875,8.14224479771088,17.576786559937176,10.700399540257706,5.165527903246399
heat_analog_shadow,Heat_Analog_Shadow_Forecast_MWH,origin_20,2026-05-29 00:00:00-07:00,2026,Spring,5,384,163.7729361171875,166.3247466035068,-2.551810486319305,4.226414880825019,2.563628439050597,29.427083333333332,9.181749675574997,16.820622336610356,24.926661466434865,5.738327892537345
heat_analog_shadow,Heat_Analog_Shadow_Forecast_MWH,origin_07,2025-07-20 00:00:00-07:00,2025,Summer,7,384,157.82088622916666,155.34693773204472,2.4739484971219436,4.124201762243905,2.6437629594911405,72.65625,8.858153862803633,18.158914845587248,14.52277262930491,5.366889127415334
heat_analog_shadow,Heat_Analog_Shadow_Forecast_MWH,origin_18,2026-05-24 00:00:00-07:00,2026,Spring,5,384,142.90284213541665,144.94825132146443,-2.0454091860477717,3.9652873165551052,2.731611114433529,36.71875,9.50958120194651,10.644092396994239,20.439372333633088,5.360363220971625
heat_analog_shadow,Heat_Analog_Shadow_Forecast_MWH,origin_17,2026-04-26 00:00:00-07:00,2026,Spring,4,384,127.136992640625,125.3917145628526,1.7452780777723929,3.951752400246973,3.1140509314258886,67.96875,8.505136670589733,14.333944444409553,10.539338969672627,5.0246357207996875
heat_analog_shadow,Heat_Analog_Shadow_Forecast_MWH,origin_16,2026-03-29 00:00:00-07:00,2026,Spring,3,384,120.51718188281251,120.56093508582542,-0.04375320301293125,3.9502546336853706,3.225404890326819,49.73958333333333,8.481942552725439,17.434918858410512,15.17327870205827,5.153298113413001
heat_analog_shadow,Heat_Analog_Shadow_Forecast_MWH,origin_06,2025-06-22 00:00:00-07:00,2025,Summer,6,384,168.52844033593752,167.78420760555028,0.7442327303872203,3.922602640988849,2.2801474697477015,56.770833333333336,8.78070220128928,16.698964061251928,17.95699447094546,5.091215995378593
heat_analog_shadow,Heat_Analog_Shadow_Forecast_MWH,origin_09,2025-09-14 00:00:00-07:00,2025,Summer,9,384,162.83103684895835,164.12349755257358,-1.2924607036152604,3.7430642412940407,2.3371713783170045,39.58333333333333,7.646964712599547,13.517895781192095,32.77541820133354,5.501406596050222
heat_analog_shadow,Heat_Analog_Shadow_Forecast_MWH,origin_19,2026-05-28 00:00:00-07:00,2026,Spring,5,384,158.50971714583332,160.22225426343826,-1.712537117604932,3.7371925985729084,2.3104256046313,35.15625,8.108394618301949,13.50865413463137,17.603052501145953,5.014390246594054
heat_analog_shadow,Heat_Analog_Shadow_Forecast_MWH,origin_04,2025-04-27 00:00:00-07:00,2025,Spring,4,384,121.913576171875,123.51791484219325,-1.6043386703182494,3.174728106806492,2.554130374334949,29.6875,7.352493264669935,19.67378119048007,15.237505012526157,4.5017543726699305
heat_analog_shadow,Heat_Analog_Shadow_Forecast_MWH,origin_13,2026-01-03 23:00:00-08:00,2026,Winter,1,384,128.126853875,128.0267354095034,0.10011846549660797,3.1550924835591583,2.439233632217055,48.95833333333333,7.561231212854372,17.965594513993977,15.096337463624394,4.513174166425405
heat_analog_shadow,Heat_Analog_Shadow_Forecast_MWH,origin_15,2026-02-28 23:00:00-08:00,2026,Winter,2,384,115.88717167708334,114.22446558592371,1.6627060911596312,3.1519406349807633,2.69510686606273,69.53125,6.5718606969180655,9.531106860273894,8.463606330298276,3.8994641518229263
heat_analog_shadow,Heat_Analog_Shadow_Forecast_MWH,origin_03,2025-03-30 00:00:00-07:00,2025,Spring,3,384,111.3258731328125,111.02646395391473,0.29940917889778024,3.1174387329684947,2.695032654285908,56.770833333333336,6.954793419959172,14.54074675020992,10.940377681498745,4.138529769783526
heat_analog_shadow,Heat_Analog_Shadow_Forecast_MWH,origin_11,2025-11-08 23:00:00-08:00,2025,Fall,11,384,122.29222068489582,122.11240416984383,0.17981651505201257,2.9469277287167626,2.331294013449282,52.34375,7.290254890259719,22.988378327530427,11.757025810952982,4.39428441280953
heat_analog_shadow,Heat_Analog_Shadow_Forecast_MWH,origin_01,2024-10-13 00:00:00-07:00,2024,Fall,10,384,116.30257716666667,114.63221514761887,1.6703620190478095,2.9094409388499822,2.3585968072397954,70.83333333333334,7.081755697580642,16.568682474039633,8.189339247180413,4.213414374880774
heat_analog_shadow,Heat_Analog_Shadow_Forecast_MWH,origin_12,2025-12-06 23:00:00-08:00,2025,Winter,12,384,139.45845884114584,139.50202642063164,-0.04356757948580011,2.8677405175094126,2.0289751825514375,51.302083333333336,5.196600436170646,13.839307311277508,31.312049319111793,4.517872640530025
heat_analog_shadow,Heat_Analog_Shadow_Forecast_MWH,origin_14,2026-01-31 23:00:00-08:00,2026,Winter,1,384,120.6618153359375,120.31940382089567,0.3424115150418367,2.7148823480198137,2.1844102246274644,48.17708333333333,5.981034477257516,19.82179059210945,8.135373265499624,3.895719837231212
heat_analog_shadow,Heat_Analog_Shadow_Forecast_MWH,origin_10,2025-10-12 00:00:00-07:00,2025,Fall,10,384,118.67937204947917,118.30935184846324,0.3700202010159295,2.277496466573728,1.897183584541579,59.895833333333336,5.132483792916116,11.570315210097476,10.43795908345578,3.129641734420327
auto_residual_full_shadow,Auto_Residual_Full_Shadow_Adjusted_Forecast_MWH,origin_22,2026-07-07 00:00:00-07:00,2026,Summer,7,380,187.94545492105263,187.0780914004878,0.8673635205648432,5.564083254040539,2.993304866648904,51.578947368421055,11.624884827636254,24.183235987981618,21.677748245560934,7.217704784696805
auto_residual_full_shadow,Auto_Residual_Full_Shadow_Adjusted_Forecast_MWH,origin_21,2026-07-06 00:00:00-07:00,2026,Summer,7,380,185.74302035789472,186.60806317638142,-0.8650428184866557,5.4334051049475995,2.946476619096081,43.15789473684211,12.117577509656998,24.304728803169382,21.58786601003115,7.139306434579017
auto_residual_full_shadow,Auto_Residual_Full_Shadow_Adjusted_Forecast_MWH,origin_23,2026-07-20 00:00:00-07:00,2026,Summer,7,384,200.18689673437498,198.17435181517348,2.012544919201546,4.773921538380033,2.3305174177772225,58.072916666666664,11.427006866174594,20.25948979310121,17.199375914327334,6.4438107457248694
auto_residual_full_shadow,Auto_Residual_Full_Shadow_Adjusted_Forecast_MWH,origin_08,2025-08-17 00:00:00-07:00,2025,Summer,8,384,187.771909734375,191.22056151812205,-3.448651783747067,4.732150870372119,2.78784169999285,21.875,10.271157809825114,10.282594556739639,18.98758927397887,6.095097399682545
auto_residual_full_shadow,Auto_Residual_Full_Shadow_Adjusted_Forecast_MWH,origin_24,2026-07-21 00:00:00-07:00,2026,Summer,7,384,200.79070704427082,198.81333279667945,1.9773742475913905,4.591604014177709,2.159934317252391,60.15625,10.355578306906557,17.349405614720695,18.022283921133464,6.102578844587368
auto_residual_full_shadow,Auto_Residual_Full_Shadow_Adjusted_Forecast_MWH,origin_05,2025-05-25 00:00:00-07:00,2025,Spring,5,384,153.69139593489584,152.28491127445136,1.4064846604444752,4.418556073401089,2.7569992394773806,55.989583333333336,9.507614155627929,27.18600025578172,16.678872365763283,6.282114490905992
auto_residual_full_shadow,Auto_Residual_Full_Shadow_Adjusted_Forecast_MWH,origin_02,2024-11-09 23:00:00-08:00,2024,Fall,11,384,116.68925462760417,112.97098954086908,3.7182650867350837,4.226501751371476,3.5495818518710007,86.71875,8.14224479771088,17.576786559937176,10.700399540257706,5.164264472191985
auto_residual_full_shadow,Auto_Residual_Full_Shadow_Adjusted_Forecast_MWH,origin_20,2026-05-29 00:00:00-07:00,2026,Spring,5,384,163.7729361171875,166.29618606967617,-2.523249952488675,4.2229008300718025,2.559615216121153,29.6875,9.181749675574997,16.820622336610356,24.926661466434865,5.732404772214613
auto_residual_full_shadow,Auto_Residual_Full_Shadow_Adjusted_Forecast_MWH,origin_07,2025-07-20 00:00:00-07:00,2025,Summer,7,384,157.82088622916666,155.3267388713921,2.4941473577745747,4.141320377004268,2.6525247435004227,72.91666666666666,8.858153862803633,18.158914845587248,14.52277262930491,5.378357903916948
auto_residual_full_shadow,Auto_Residual_Full_Shadow_Adjusted_Forecast_MWH,origin_06,2025-06-22 00:00:00-07:00,2025,Summer,6,384,168.52844033593752,167.73471850066304,0.7937218352744767,4.004292748986573,2.313793927755087,56.770833333333336,8.843596845005319,17.306136303096224,17.95699447094546,5.277277699495065
auto_residual_full_shadow,Auto_Residual_Full_Shadow_Adjusted_Forecast_MWH,origin_17,2026-04-26 00:00:00-07:00,2026,Spring,4,384,127.136992640625,125.3917145628526,1.7452780777723929,3.951752400246973,3.1140509314258886,67.96875,8.505136670589733,14.333944444409553,10.539338969672627,5.0246357207996875
auto_residual_full_shadow,Auto_Residual_Full_Shadow_Adjusted_Forecast_MWH,origin_16,2026-03-29 00:00:00-07:00,2026,Spring,3,384,120.51718188281251,120.56090865816032,-0.04372677534781363,3.950281061350488,3.225425768973235,49.73958333333333,8.481942552725439,17.434918858410512,15.17327870205827,5.153352365606194
auto_residual_full_shadow,Auto_Residual_Full_Shadow_Adjusted_Forecast_MWH,origin_18,2026-05-24 00:00:00-07:00,2026,Spring,5,384,142.90284213541665,144.91949917206048,-2.0166570366438115,3.9445192946941123,2.718382575244324,36.71875,9.50958120194651,10.644092396994239,20.439372333633088,5.3281082935714705
auto_residual_full_shadow,Auto_Residual_Full_Shadow_Adjusted_Forecast_MWH,origin_09,2025-09-14 00:00:00-07:00,2025,Summer,9,384,162.83103684895835,164.13913743088125,-1.308100581922911,3.749087082119548,2.3401918561447927,39.32291666666667,7.655744594643715,13.517895781192095,32.77541820133354,5.515861600763461
auto_residual_full_shadow,Auto_Residual_Full_Shadow_Adjusted_Forecast_MWH,origin_19,2026-05-28 00:00:00-07:00,2026,Spring,5,384,158.50971714583332,160.20635636647373,-1.6966392206403826,3.7357983538686725,2.3093657254896445,35.67708333333333,8.108394618301949,13.50865413463137,17.603052501145953,5.006917455493123
auto_residual_full_shadow,Auto_Residual_Full_Shadow_Adjusted_Forecast_MWH,origin_04,2025-04-27 00:00:00-07:00,2025,Spring,4,384,121.913576171875,123.51791484219325,-1.6043386703182494,3.174728106806492,2.554130374334949,29.6875,7.352493264669935,19.67378119048007,15.237505012526157,4.5017543726699305
auto_residual_full_shadow,Auto_Residual_Full_Shadow_Adjusted_Forecast_MWH,origin_13,2026-01-03 23:00:00-08:00,2026,Winter,1,384,128.126853875,128.0267449867222,0.10010888827778042,3.1550829063403305,2.4392266743027147,48.95833333333333,7.561231212854372,17.965594513993977,15.096337463624394,4.513169025945309
auto_residual_full_shadow,Auto_Residual_Full_Shadow_Adjusted_Forecast_MWH,origin_15,2026-02-28 23:00:00-08:00,2026,Winter,2,384,115.88717167708334,114.22446558592371,1.6627060911596312,3.1519406349807633,2.69510686606273,69.53125,6.5718606969180655,9.531106860273894,8.463606330298276,3.8994641518229263
auto_residual_full_shadow,Auto_Residual_Full_Shadow_Adjusted_Forecast_MWH,origin_03,2025-03-30 00:00:00-07:00,2025,Spring,3,384,111.3258731328125,111.02805500574168,0.29781812707081873,3.115847681141533,2.6936770899202043,56.770833333333336,6.954793419959172,14.54074675020992,10.940377681498745,4.136573175301842
auto_residual_full_shadow,Auto_Residual_Full_Shadow_Adjusted_Forecast_MWH,origin_11,2025-11-08 23:00:00-08:00,2025,Fall,11,384,122.29222068489582,122.11240416984383,0.17981651505201257,2.9469277287167626,2.331294013449282,52.34375,7.290254890259719,22.988378327530427,11.757025810952982,4.39428441280953
auto_residual_full_shadow,Auto_Residual_Full_Shadow_Adjusted_Forecast_MWH,origin_01,2024-10-13 00:00:00-07:00,2024,Fall,10,384,116.30257716666667,114.63221514761887,1.6703620190478095,2.9094409388499822,2.3585968072397954,70.83333333333334,7.081755697580642,16.568682474039633,8.189339247180413,4.213414374880774
auto_residual_full_shadow,Auto_Residual_Full_Shadow_Adjusted_Forecast_MWH,origin_12,2025-12-06 23:00:00-08:00,2025,Winter,12,384,139.45845884114584,139.5079785710827,-0.04951972993687189,2.8738171151965397,2.0328351078616604,51.302083333333336,5.196600436170646,13.839307311277508,31.312049319111793,4.52166813172456
auto_residual_full_shadow,Auto_Residual_Full_Shadow_Adjusted_Forecast_MWH,origin_14,2026-01-31 23:00:00-08:00,2026,Winter,1,384,120.6618153359375,120.31968654965152,0.3421287862859743,2.714599619263952,2.184224460032494,48.17708333333333,5.981034477257516,19.82179059210945,8.135373265499624,3.8950858236282557
auto_residual_full_shadow,Auto_Residual_Full_Shadow_Adjusted_Forecast_MWH,origin_10,2025-10-12 00:00:00-07:00,2025,Fall,10,384,118.67937204947917,118.3096942365497,0.3696778129294603,2.277838854660197,1.8974008606668598,59.895833333333336,5.132483792916116,11.570315210097476,10.43795908345578,3.129720190416584
auto_residual_structural_hot_peak_shadow,Auto_Residual_Structural_HotPeak_Adjusted_Forecast_MWH,origin_22,2026-07-07 00:00:00-07:00,2026,Summer,7,380,187.94545492105263,187.00581626372096,0.9396386573316845,5.5571754659704755,2.995946420810834,51.84210526315789,11.741602497412499,24.539698799174545,21.59438404357917,7.2101144608065315
auto_residual_structural_hot_peak_shadow,Auto_Residual_Structural_HotPeak_Adjusted_Forecast_MWH,origin_21,2026-07-06 00:00:00-07:00,2026,Summer,7,380,185.74302035789472,186.46659801458222,-0.723577656687482,5.377331591233785,2.912820800691148,44.473684210526315,12.035713426978987,24.248805734532453,21.58410719329129,7.091545825685351
auto_residual_structural_hot_peak_shadow,Auto_Residual_Structural_HotPeak_Adjusted_Forecast_MWH,origin_08,2025-08-17 00:00:00-07:00,2025,Summer,8,384,187.771909734375,191.27704162486498,-3.505131890489979,4.792136266597643,2.8199711589650427,22.395833333333336,10.362086433480135,10.231181481859863,19.144801115039797,6.1116900074938165
auto_residual_structural_hot_peak_shadow,Auto_Residual_Structural_HotPeak_Adjusted_Forecast_MWH,origin_23,2026-07-20 00:00:00-07:00,2026,Summer,7,384,200.18689673437498,197.94004971823463,2.246847016140356,4.782484231176795,2.329735797181982,61.458333333333336,11.323914056076472,20.119046298470835,16.824969166570725,6.465144443719437
auto_residual_structural_hot_peak_shadow,Auto_Residual_Structural_HotPeak_Adjusted_Forecast_MWH,origin_24,2026-07-21 00:00:00-07:00,2026,Summer,7,384,200.79070704427082,198.60677656537896,2.183930478891877,4.568549392213824,2.136671783136836,60.677083333333336,10.5531584064524,17.286625177480943,17.7390393936343,6.120087383242696
auto_residual_structural_hot_peak_shadow,Auto_Residual_Structural_HotPeak_Adjusted_Forecast_MWH,origin_05,2025-05-25 00:00:00-07:00,2025,Spring,5,384,153.69139593489584,152.48751982411986,1.203876110775993,4.43644708058844,2.780929949518002,54.947916666666664,9.550788829425635,26.616399585996504,16.678872365763283,6.238314930805466
auto_residual_structural_hot_peak_shadow,Auto_Residual_Structural_HotPeak_Adjusted_Forecast_MWH,origin_02,2024-11-09 23:00:00-08:00,2024,Fall,11,384,116.68925462760417,112.9261063677789,3.7631482598252766,4.226241335062977,3.5406845616210205,85.9375,8.14927653530975,16.920567094436763,9.880332289988928,5.173300732342665
auto_residual_structural_hot_peak_shadow,Auto_Residual_Structural_HotPeak_Adjusted_Forecast_MWH,origin_20,2026-05-29 00:00:00-07:00,2026,Spring,5,384,163.7729361171875,166.2735933316584,-2.500657214470888,4.1902762241772615,2.5568912994638757,28.645833333333332,9.163695434578612,16.59492487253253,24.051212247720258,5.681210294087693
auto_residual_structural_hot_peak_shadow,Auto_Residual_Structural_HotPeak_Adjusted_Forecast_MWH,origin_07,2025-07-20 00:00:00-07:00,2025,Summer,7,384,157.82088622916666,155.3328566666469,2.488029562519748,4.149755683339062,2.655888621456886,70.83333333333334,9.332453575010636,17.91006081544046,14.52277262930491,5.431594307852436
auto_residual_structural_hot_peak_shadow,Auto_Residual_Structural_HotPeak_Adjusted_Forecast_MWH,origin_18,2026-05-24 00:00:00-07:00,2026,Spring,5,384,142.90284213541665,144.95883125388863,-2.0559891184719534,3.9962071796283514,2.768713023506139,38.02083333333333,9.447995797269966,10.195492912222363,20.28627265052924,5.411360464024326
auto_residual_structural_hot_peak_shadow,Auto_Residual_Structural_HotPeak_Adjusted_Forecast_MWH,origin_17,2026-04-26 00:00:00-07:00,2026,Spring,4,384,127.136992640625,125.32728927795772,1.8097033626672792,3.984933468451349,3.1420988214317194,69.01041666666666,8.67992843399242,14.410493712718278,10.591819293316533,5.069791054056741
auto_residual_structural_hot_peak_shadow,Auto_Residual_Structural_HotPeak_Adjusted_Forecast_MWH,origin_06,2025-06-22 00:00:00-07:00,2025,Summer,6,384,168.52844033593752,167.6912130485536,0.8372272873838975,3.9469169674285283,2.3009150205570856,56.510416666666664,8.422910223045399,17.306136303096224,17.811204941749907,5.161311022862542
auto_residual_structural_hot_peak_shadow,Auto_Residual_Structural_HotPeak_Adjusted_Forecast_MWH,origin_16,2026-03-29 00:00:00-07:00,2026,Spring,3,384,120.51718188281251,120.54387341873928,-0.02669153592678371,3.908569562977041,3.1932583477345484,50.520833333333336,8.399771370227874,17.600087810839497,15.145762005825645,5.12845442788302
auto_residual_structural_hot_peak_shadow,Auto_Residual_Structural_HotPeak_Adjusted_Forecast_MWH,origin_19,2026-05-28 00:00:00-07:00,2026,Spring,5,384,158.50971714583332,160.07254906435927,-1.5628319185259434,3.7599638011953758,2.340449447589162,37.5,8.489797804655087,13.16994624713638,17.49063844352554,5.029551260971435
auto_residual_structural_hot_peak_shadow,Auto_Residual_Structural_HotPeak_Adjusted_Forecast_MWH,origin_09,2025-09-14 00:00:00-07:00,2025,Summer,9,384,162.83103684895835,164.19286261365968,-1.3618257647013603,3.681799954396087,2.305497017325002,37.76041666666667,7.188713963655094,13.517895781192095,31.852428226965912,5.4092332097535545
auto_residual_structural_hot_peak_shadow,Auto_Residual_Structural_HotPeak_Adjusted_Forecast_MWH,origin_04,2025-04-27 00:00:00-07:00,2025,Spring,4,384,121.913576171875,123.60235691922668,-1.6887807473516798,3.2241304709617666,2.589258000906955,29.6875,7.30084610233572,19.512411472691937,14.939794634060036,4.551893743898909
auto_residual_structural_hot_peak_shadow,Auto_Residual_Structural_HotPeak_Adjusted_Forecast_MWH,origin_13,2026-01-03 23:00:00-08:00,2026,Winter,1,384,128.126853875,127.77879984041617,0.34805403458383255,3.1874004987339943,2.4616900103827404,51.822916666666664,7.510737826668562,17.615690357685494,15.188444674711064,4.542804844998653
auto_residual_structural_hot_peak_shadow,Auto_Residual_Structural_HotPeak_Adjusted_Forecast_MWH,origin_03,2025-03-30 00:00:00-07:00,2025,Spring,3,384,111.3258731328125,110.8664558496097,0.45941728320280034,3.1512573125371515,2.730003669484178,57.8125,6.924095236828418,14.370268246523779,10.337637329101796,4.133902456263399
auto_residual_structural_hot_peak_shadow,Auto_Residual_Structural_HotPeak_Adjusted_Forecast_MWH,origin_15,2026-02-28 23:00:00-08:00,2026,Winter,2,384,115.88717167708334,114.35419066010222,1.5329810169811153,3.1212697836548924,2.665750795157696,66.92708333333334,6.617013308736745,9.617420304244192,8.79965080170247,3.860671777171643
auto_residual_structural_hot_peak_shadow,Auto_Residual_Structural_HotPeak_Adjusted_Forecast_MWH,origin_11,2025-11-08 23:00:00-08:00,2025,Fall,11,384,122.29222068489582,121.97711142776556,0.315109257130279,2.909942793596912,2.3001922753276696,52.604166666666664,7.0712662941374385,22.876495151309115,11.674811350869192,4.3384548858213545
auto_residual_structural_hot_peak_shadow,Auto_Residual_Structural_HotPeak_Adjusted_Forecast_MWH,origin_01,2024-10-13 00:00:00-07:00,2024,Fall,10,384,116.30257716666667,114.48648524118276,1.816091925483905,2.9018770574289747,2.341882171927159,71.09375,7.122474511218215,16.655776454401575,8.297108408286874,4.244831012633474
auto_residual_structural_hot_peak_shadow,Auto_Residual_Structural_HotPeak_Adjusted_Forecast_MWH,origin_12,2025-12-06 23:00:00-08:00,2025,Winter,12,384,139.45845884114584,139.28606930305895,0.17238953808689153,2.895006466480705,2.0465606116529917,54.6875,5.257291671132118,12.887891139694062,30.83901502518009,4.470506296077171
auto_residual_structural_hot_peak_shadow,Auto_Residual_Structural_HotPeak_Adjusted_Forecast_MWH,origin_14,2026-01-31 23:00:00-08:00,2026,Winter,1,384,120.6618153359375,120.22319370963748,0.4386216263000204,2.7190846328463767,2.181257377892692,50.260416666666664,6.264005807691291,19.558568948032587,8.16328267514632,3.934713345230008
auto_residual_structural_hot_peak_shadow,Auto_Residual_Structural_HotPeak_Adjusted_Forecast_MWH,origin_10,2025-10-12 00:00:00-07:00,2025,Fall,10,384,118.67937204947917,118.28221349951836,0.39715854996080874,2.243884453535251,1.8718036548685735,60.9375,5.181795386951016,11.359777671103686,10.37697546125024,3.0932712709831036
auto_residual_broad_hot_peak_shadow,Auto_Residual_Broad_HotPeak_Shadow_Adjusted_Forecast_MWH,origin_22,2026-07-07 00:00:00-07:00,2026,Summer,7,380,187.94545492105263,187.00655489118273,0.9389000298698976,5.556436838508689,2.9957179003643337,51.84210526315789,11.554345325091253,24.539698799174545,21.59438404357917,7.208926302020657
auto_residual_broad_hot_peak_shadow,Auto_Residual_Broad_HotPeak_Shadow_Adjusted_Forecast_MWH,origin_21,2026-07-06 00:00:00-07:00,2026,Summer,7,380,185.74302035789472,186.47258631597137,-0.7295659580766547,5.371343289844613,2.910993376681574,44.473684210526315,12.035713426978987,24.248805734532453,21.58410719329129,7.087252075664716
auto_residual_broad_hot_peak_shadow,Auto_Residual_Broad_HotPeak_Shadow_Adjusted_Forecast_MWH,origin_08,2025-08-17 00:00:00-07:00,2025,Summer,8,384,187.771909734375,191.25282598376623,-3.4809162493912313,4.77474988141245,2.8136025961375375,22.65625,10.337904155614634,10.231181481859863,19.144801115039797,6.104172327716212
auto_residual_broad_hot_peak_shadow,Auto_Residual_Broad_HotPeak_Shadow_Adjusted_Forecast_MWH,origin_23,2026-07-20 00:00:00-07:00,2026,Summer,7,384,200.18689673437498,198.003327030667,2.1835697037080046,4.759884893326691,2.323058215767922,60.677083333333336,11.323914056076472,20.119046298470835,16.824969166570725,6.435502195450012
auto_residual_broad_hot_peak_shadow,Auto_Residual_Broad_HotPeak_Shadow_Adjusted_Forecast_MWH,origin_24,2026-07-21 00:00:00-07:00,2026,Summer,7,384,200.79070704427082,198.67443890074193,2.1162681435289055,4.550792369361307,2.1315194649523588,60.416666666666664,10.390099817711924,17.286625177480943,17.7390393936343,6.0939711952981845
auto_residual_broad_hot_peak_shadow,Auto_Residual_Broad_HotPeak_Shadow_Adjusted_Forecast_MWH,origin_05,2025-05-25 00:00:00-07:00,2025,Spring,5,384,153.69139593489584,152.48751982411986,1.203876110775993,4.43644708058844,2.780929949518002,54.947916666666664,9.550788829425635,26.616399585996504,16.678872365763283,6.238314930805466
auto_residual_broad_hot_peak_shadow,Auto_Residual_Broad_HotPeak_Shadow_Adjusted_Forecast_MWH,origin_02,2024-11-09 23:00:00-08:00,2024,Fall,11,384,116.68925462760417,112.9261063677789,3.7631482598252766,4.226241335062977,3.5406845616210205,85.9375,8.14927653530975,16.920567094436763,9.880332289988928,5.173300732342665
auto_residual_broad_hot_peak_shadow,Auto_Residual_Broad_HotPeak_Shadow_Adjusted_Forecast_MWH,origin_20,2026-05-29 00:00:00-07:00,2026,Spring,5,384,163.7729361171875,166.2735933316584,-2.500657214470888,4.1902762241772615,2.5568912994638757,28.645833333333332,9.163695434578612,16.59492487253253,24.051212247720258,5.681210294087693
auto_residual_broad_hot_peak_shadow,Auto_Residual_Broad_HotPeak_Shadow_Adjusted_Forecast_MWH,origin_07,2025-07-20 00:00:00-07:00,2025,Summer,7,384,157.82088622916666,155.30311778098812,2.517768448178556,4.156534445624595,2.659104169260901,71.09375,9.332453575010636,17.91006081544046,14.52277262930491,5.441933919035559
auto_residual_broad_hot_peak_shadow,Auto_Residual_Broad_HotPeak_Shadow_Adjusted_Forecast_MWH,origin_18,2026-05-24 00:00:00-07:00,2026,Spring,5,384,142.90284213541665,144.95883125388863,-2.0559891184719534,3.9962071796283514,2.768713023506139,38.02083333333333,9.447995797269966,10.195492912222363,20.28627265052924,5.411360464024326
auto_residual_broad_hot_peak_shadow,Auto_Residual_Broad_HotPeak_Shadow_Adjusted_Forecast_MWH,origin_06,2025-06-22 00:00:00-07:00,2025,Summer,6,384,168.52844033593752,167.73678539950836,0.7916549364291386,3.9896502287518008,2.316204008967566,56.510416666666664,8.461960569172682,17.306136303096224,17.811204941749907,5.23193308500225
auto_residual_broad_hot_peak_shadow,Auto_Residual_Broad_HotPeak_Shadow_Adjusted_Forecast_MWH,origin_17,2026-04-26 00:00:00-07:00,2026,Spring,4,384,127.136992640625,125.32728927795772,1.8097033626672792,3.984933468451349,3.1420988214317194,69.01041666666666,8.67992843399242,14.410493712718278,10.591819293316533,5.069791054056741
auto_residual_broad_hot_peak_shadow,Auto_Residual_Broad_HotPeak_Shadow_Adjusted_Forecast_MWH,origin_16,2026-03-29 00:00:00-07:00,2026,Spring,3,384,120.51718188281251,120.54387341873928,-0.02669153592678371,3.908569562977041,3.1932583477345484,50.520833333333336,8.399771370227874,17.600087810839497,15.145762005825645,5.12845442788302
auto_residual_broad_hot_peak_shadow,Auto_Residual_Broad_HotPeak_Shadow_Adjusted_Forecast_MWH,origin_19,2026-05-28 00:00:00-07:00,2026,Spring,5,384,158.50971714583332,160.07254906435927,-1.5628319185259434,3.7599638011953758,2.340449447589162,37.5,8.489797804655087,13.16994624713638,17.49063844352554,5.029551260971435
auto_residual_broad_hot_peak_shadow,Auto_Residual_Broad_HotPeak_Shadow_Adjusted_Forecast_MWH,origin_09,2025-09-14 00:00:00-07:00,2025,Summer,9,384,162.83103684895835,164.17849736326374,-1.3474605143053997,3.6881892040920925,2.308266660266618,37.76041666666667,7.188713963655094,13.517895781192095,31.852428226965912,5.4146557489993725
auto_residual_broad_hot_peak_shadow,Auto_Residual_Broad_HotPeak_Shadow_Adjusted_Forecast_MWH,origin_04,2025-04-27 00:00:00-07:00,2025,Spring,4,384,121.913576171875,123.60235691922668,-1.6887807473516798,3.2241304709617666,2.589258000906955,29.6875,7.30084610233572,19.512411472691937,14.939794634060036,4.551893743898909
auto_residual_broad_hot_peak_shadow,Auto_Residual_Broad_HotPeak_Shadow_Adjusted_Forecast_MWH,origin_13,2026-01-03 23:00:00-08:00,2026,Winter,1,384,128.126853875,127.77879984041617,0.34805403458383255,3.1874004987339943,2.4616900103827404,51.822916666666664,7.510737826668562,17.615690357685494,15.188444674711064,4.542804844998653
auto_residual_broad_hot_peak_shadow,Auto_Residual_Broad_HotPeak_Shadow_Adjusted_Forecast_MWH,origin_03,2025-03-30 00:00:00-07:00,2025,Spring,3,384,111.3258731328125,110.8664558496097,0.45941728320280034,3.1512573125371515,2.730003669484178,57.8125,6.924095236828418,14.370268246523779,10.337637329101796,4.133902456263399
auto_residual_broad_hot_peak_shadow,Auto_Residual_Broad_HotPeak_Shadow_Adjusted_Forecast_MWH,origin_15,2026-02-28 23:00:00-08:00,2026,Winter,2,384,115.88717167708334,114.35419066010222,1.5329810169811153,3.1212697836548924,2.665750795157696,66.92708333333334,6.617013308736745,9.617420304244192,8.79965080170247,3.860671777171643
auto_residual_broad_hot_peak_shadow,Auto_Residual_Broad_HotPeak_Shadow_Adjusted_Forecast_MWH,origin_11,2025-11-08 23:00:00-08:00,2025,Fall,11,384,122.29222068489582,121.97711142776556,0.315109257130279,2.909942793596912,2.3001922753276696,52.604166666666664,7.0712662941374385,22.876495151309115,11.674811350869192,4.3384548858213545
auto_residual_broad_hot_peak_shadow,Auto_Residual_Broad_HotPeak_Shadow_Adjusted_Forecast_MWH,origin_01,2024-10-13 00:00:00-07:00,2024,Fall,10,384,116.30257716666667,114.48648524118276,1.816091925483905,2.9018770574289747,2.341882171927159,71.09375,7.122474511218215,16.655776454401575,8.297108408286874,4.244831012633474
auto_residual_broad_hot_peak_shadow,Auto_Residual_Broad_HotPeak_Shadow_Adjusted_Forecast_MWH,origin_12,2025-12-06 23:00:00-08:00,2025,Winter,12,384,139.45845884114584,139.28606930305895,0.17238953808689153,2.895006466480705,2.0465606116529917,54.6875,5.257291671132118,12.887891139694062,30.83901502518009,4.470506296077171
auto_residual_broad_hot_peak_shadow,Auto_Residual_Broad_HotPeak_Shadow_Adjusted_Forecast_MWH,origin_14,2026-01-31 23:00:00-08:00,2026,Winter,1,384,120.6618153359375,120.22319370963748,0.4386216263000204,2.7190846328463767,2.181257377892692,50.260416666666664,6.264005807691291,19.558568948032587,8.16328267514632,3.934713345230008
auto_residual_broad_hot_peak_shadow,Auto_Residual_Broad_HotPeak_Shadow_Adjusted_Forecast_MWH,origin_10,2025-10-12 00:00:00-07:00,2025,Fall,10,384,118.67937204947917,118.28221349951836,0.39715854996080874,2.243884453535251,1.8718036548685735,60.9375,5.181795386951016,11.359777671103686,10.37697546125024,3.0932712709831036
hot_ramp_peak_shadow,Hot_Ramp_Peak_Shadow_Forecast_MWH,origin_22,2026-07-07 00:00:00-07:00,2026,Summer,7,380,187.94545492105263,187.33593947957417,0.6095154414784838,5.306235174954179,2.888887046290322,51.578947368421055,10.944039618043771,24.183235987981618,21.677748245560934,6.843673999353164
hot_ramp_peak_shadow,Hot_Ramp_Peak_Shadow_Forecast_MWH,origin_21,2026-07-06 00:00:00-07:00,2026,Summer,7,380,185.74302035789472,186.98701054480247,-1.2439901869077084,5.170376888562229,2.844177685643905,41.578947368421055,10.634165551698874,24.304728803169382,21.58786601003115,6.757954518541615
hot_ramp_peak_shadow,Hot_Ramp_Peak_Shadow_Forecast_MWH,origin_08,2025-08-17 00:00:00-07:00,2025,Summer,8,384,187.771909734375,191.23414402676755,-3.462234292392561,4.741054477291873,2.7907028086568904,22.135416666666664,10.271157809825114,10.282594556739639,18.98758927397887,6.0948674642689245
hot_ramp_peak_shadow,Hot_Ramp_Peak_Shadow_Forecast_MWH,origin_23,2026-07-20 00:00:00-07:00,2026,Summer,7,384,200.18689673437498,198.48897060527693,1.6979261290980678,4.4891964255591645,2.2219806725704294,56.510416666666664,10.890494066339487,20.17600826292434,17.199375914327334,6.107073768003738
hot_ramp_peak_shadow,Hot_Ramp_Peak_Shadow_Forecast_MWH,origin_05,2025-05-25 00:00:00-07:00,2025,Spring,5,384,153.69139593489584,152.30263323841635,1.3887626964794746,4.420777875177953,2.758482778511979,55.989583333333336,9.595899892665082,27.18600025578172,16.678872365763283,6.277201996395828
hot_ramp_peak_shadow,Hot_Ramp_Peak_Shadow_Forecast_MWH,origin_24,2026-07-21 00:00:00-07:00,2026,Summer,7,384,200.79070704427082,199.16477230259875,1.6259347416720729,4.3597443258990864,2.0745157903041194,58.59375,10.12695950797572,17.08907143944475,18.022283921133464,5.828772735972559
hot_ramp_peak_shadow,Hot_Ramp_Peak_Shadow_Forecast_MWH,origin_02,2024-11-09 23:00:00-08:00,2024,Fall,11,384,116.68925462760417,112.96868309194014,3.7205715356640234,4.22653582282363,3.5495506764385003,86.71875,8.14224479771088,17.576786559937176,10.700399540257706,5.165527903246399
hot_ramp_peak_shadow,Hot_Ramp_Peak_Shadow_Forecast_MWH,origin_20,2026-05-29 00:00:00-07:00,2026,Spring,5,384,163.7729361171875,166.3247466035068,-2.551810486319305,4.226414880825019,2.563628439050597,29.427083333333332,9.181749675574997,16.820622336610356,24.926661466434865,5.738327892537345
hot_ramp_peak_shadow,Hot_Ramp_Peak_Shadow_Forecast_MWH,origin_07,2025-07-20 00:00:00-07:00,2025,Summer,7,384,157.82088622916666,155.34693773204472,2.4739484971219436,4.124201762243905,2.6437629594911405,72.65625,8.858153862803633,18.158914845587248,14.52277262930491,5.366889127415334
hot_ramp_peak_shadow,Hot_Ramp_Peak_Shadow_Forecast_MWH,origin_18,2026-05-24 00:00:00-07:00,2026,Spring,5,384,142.90284213541665,144.94825132146443,-2.0454091860477717,3.9652873165551052,2.731611114433529,36.71875,9.50958120194651,10.644092396994239,20.439372333633088,5.360363220971625
hot_ramp_peak_shadow,Hot_Ramp_Peak_Shadow_Forecast_MWH,origin_17,2026-04-26 00:00:00-07:00,2026,Spring,4,384,127.136992640625,125.3917145628526,1.7452780777723929,3.951752400246973,3.1140509314258886,67.96875,8.505136670589733,14.333944444409553,10.539338969672627,5.0246357207996875
hot_ramp_peak_shadow,Hot_Ramp_Peak_Shadow_Forecast_MWH,origin_16,2026-03-29 00:00:00-07:00,2026,Spring,3,384,120.51718188281251,120.56093508582542,-0.04375320301293125,3.9502546336853706,3.225404890326819,49.73958333333333,8.481942552725439,17.434918858410512,15.17327870205827,5.153298113413001
hot_ramp_peak_shadow,Hot_Ramp_Peak_Shadow_Forecast_MWH,origin_06,2025-06-22 00:00:00-07:00,2025,Summer,6,384,168.52844033593752,167.78420760555028,0.7442327303872203,3.922602640988849,2.2801474697477015,56.770833333333336,8.78070220128928,16.698964061251928,17.95699447094546,5.091215995378593
hot_ramp_peak_shadow,Hot_Ramp_Peak_Shadow_Forecast_MWH,origin_09,2025-09-14 00:00:00-07:00,2025,Summer,9,384,162.83103684895835,164.12349755257358,-1.2924607036152604,3.7430642412940407,2.3371713783170045,39.58333333333333,7.646964712599547,13.517895781192095,32.77541820133354,5.501406596050222
hot_ramp_peak_shadow,Hot_Ramp_Peak_Shadow_Forecast_MWH,origin_19,2026-05-28 00:00:00-07:00,2026,Spring,5,384,158.50971714583332,160.22225426343826,-1.712537117604932,3.7371925985729084,2.3104256046313,35.15625,8.108394618301949,13.50865413463137,17.603052501145953,5.014390246594054
hot_ramp_peak_shadow,Hot_Ramp_Peak_Shadow_Forecast_MWH,origin_04,2025-04-27 00:00:00-07:00,2025,Spring,4,384,121.913576171875,123.51791484219325,-1.6043386703182494,3.174728106806492,2.554130374334949,29.6875,7.352493264669935,19.67378119048007,15.237505012526157,4.5017543726699305
hot_ramp_peak_shadow,Hot_Ramp_Peak_Shadow_Forecast_MWH,origin_13,2026-01-03 23:00:00-08:00,2026,Winter,1,384,128.126853875,128.0267354095034,0.10011846549660797,3.1550924835591583,2.439233632217055,48.95833333333333,7.561231212854372,17.965594513993977,15.096337463624394,4.513174166425405
hot_ramp_peak_shadow,Hot_Ramp_Peak_Shadow_Forecast_MWH,origin_15,2026-02-28 23:00:00-08:00,2026,Winter,2,384,115.88717167708334,114.22446558592371,1.6627060911596312,3.1519406349807633,2.69510686606273,69.53125,6.5718606969180655,9.531106860273894,8.463606330298276,3.8994641518229263
hot_ramp_peak_shadow,Hot_Ramp_Peak_Shadow_Forecast_MWH,origin_03,2025-03-30 00:00:00-07:00,2025,Spring,3,384,111.3258731328125,111.02646395391473,0.29940917889778024,3.1174387329684947,2.695032654285908,56.770833333333336,6.954793419959172,14.54074675020992,10.940377681498745,4.138529769783526
hot_ramp_peak_shadow,Hot_Ramp_Peak_Shadow_Forecast_MWH,origin_11,2025-11-08 23:00:00-08:00,2025,Fall,11,384,122.29222068489582,122.11240416984383,0.17981651505201257,2.9469277287167626,2.331294013449282,52.34375,7.290254890259719,22.988378327530427,11.757025810952982,4.39428441280953
hot_ramp_peak_shadow,Hot_Ramp_Peak_Shadow_Forecast_MWH,origin_01,2024-10-13 00:00:00-07:00,2024,Fall,10,384,116.30257716666667,114.63221514761887,1.6703620190478095,2.9094409388499822,2.3585968072397954,70.83333333333334,7.081755697580642,16.568682474039633,8.189339247180413,4.213414374880774
hot_ramp_peak_shadow,Hot_Ramp_Peak_Shadow_Forecast_MWH,origin_12,2025-12-06 23:00:00-08:00,2025,Winter,12,384,139.45845884114584,139.50202642063164,-0.04356757948580011,2.8677405175094126,2.0289751825514375,51.302083333333336,5.196600436170646,13.839307311277508,31.312049319111793,4.517872640530025
hot_ramp_peak_shadow,Hot_Ramp_Peak_Shadow_Forecast_MWH,origin_14,2026-01-31 23:00:00-08:00,2026,Winter,1,384,120.6618153359375,120.31940382089567,0.3424115150418367,2.7148823480198137,2.1844102246274644,48.17708333333333,5.981034477257516,19.82179059210945,8.135373265499624,3.895719837231212
hot_ramp_peak_shadow,Hot_Ramp_Peak_Shadow_Forecast_MWH,origin_10,2025-10-12 00:00:00-07:00,2025,Fall,10,384,118.67937204947917,118.30935184846324,0.3700202010159295,2.277496466573728,1.897183584541579,59.895833333333336,5.132483792916116,11.570315210097476,10.43795908345578,3.129641734420327
heat_persistence_peak_shadow,Heat_Persistence_Peak_Shadow_Forecast_MWH,origin_22,2026-07-07 00:00:00-07:00,2026,Summer,7,380,187.94545492105263,187.33593947957417,0.6095154414784838,5.306235174954179,2.888887046290322,51.578947368421055,10.944039618043771,24.183235987981618,21.677748245560934,6.843673999353164
heat_persistence_peak_shadow,Heat_Persistence_Peak_Shadow_Forecast_MWH,origin_21,2026-07-06 00:00:00-07:00,2026,Summer,7,380,185.74302035789472,186.98701054480247,-1.2439901869077084,5.170376888562229,2.844177685643905,41.578947368421055,10.634165551698874,24.304728803169382,21.58786601003115,6.757954518541615
heat_persistence_peak_shadow,Heat_Persistence_Peak_Shadow_Forecast_MWH,origin_08,2025-08-17 00:00:00-07:00,2025,Summer,8,384,187.771909734375,191.27179708910458,-3.4998873547295752,4.751014396833725,2.793733505437212,21.614583333333336,10.271157809825114,10.282594556739639,18.98758927397887,6.10545520007442
heat_persistence_peak_shadow,Heat_Persistence_Peak_Shadow_Forecast_MWH,origin_23,2026-07-20 00:00:00-07:00,2026,Summer,7,384,200.18689673437498,198.48897060527693,1.6979261290980678,4.4891964255591645,2.2219806725704294,56.510416666666664,10.890494066339487,20.17600826292434,17.199375914327334,6.107073768003738
heat_persistence_peak_shadow,Heat_Persistence_Peak_Shadow_Forecast_MWH,origin_05,2025-05-25 00:00:00-07:00,2025,Spring,5,384,153.69139593489584,152.30263323841635,1.3887626964794746,4.420777875177953,2.758482778511979,55.989583333333336,9.595899892665082,27.18600025578172,16.678872365763283,6.277201996395828
heat_persistence_peak_shadow,Heat_Persistence_Peak_Shadow_Forecast_MWH,origin_24,2026-07-21 00:00:00-07:00,2026,Summer,7,384,200.79070704427082,199.16477230259875,1.6259347416720729,4.3597443258990864,2.0745157903041194,58.59375,10.12695950797572,17.08907143944475,18.022283921133464,5.828772735972559
heat_persistence_peak_shadow,Heat_Persistence_Peak_Shadow_Forecast_MWH,origin_02,2024-11-09 23:00:00-08:00,2024,Fall,11,384,116.68925462760417,112.96868309194014,3.7205715356640234,4.22653582282363,3.5495506764385003,86.71875,8.14224479771088,17.576786559937176,10.700399540257706,5.165527903246399
heat_persistence_peak_shadow,Heat_Persistence_Peak_Shadow_Forecast_MWH,origin_20,2026-05-29 00:00:00-07:00,2026,Spring,5,384,163.7729361171875,166.3247466035068,-2.551810486319305,4.226414880825019,2.563628439050597,29.427083333333332,9.181749675574997,16.820622336610356,24.926661466434865,5.738327892537345
heat_persistence_peak_shadow,Heat_Persistence_Peak_Shadow_Forecast_MWH,origin_07,2025-07-20 00:00:00-07:00,2025,Summer,7,384,157.82088622916666,155.34693773204472,2.4739484971219436,4.124201762243905,2.6437629594911405,72.65625,8.858153862803633,18.158914845587248,14.52277262930491,5.366889127415334
heat_persistence_peak_shadow,Heat_Persistence_Peak_Shadow_Forecast_MWH,origin_18,2026-05-24 00:00:00-07:00,2026,Spring,5,384,142.90284213541665,144.94825132146443,-2.0454091860477717,3.9652873165551052,2.731611114433529,36.71875,9.50958120194651,10.644092396994239,20.439372333633088,5.360363220971625
heat_persistence_peak_shadow,Heat_Persistence_Peak_Shadow_Forecast_MWH,origin_17,2026-04-26 00:00:00-07:00,2026,Spring,4,384,127.136992640625,125.3917145628526,1.7452780777723929,3.951752400246973,3.1140509314258886,67.96875,8.505136670589733,14.333944444409553,10.539338969672627,5.0246357207996875
heat_persistence_peak_shadow,Heat_Persistence_Peak_Shadow_Forecast_MWH,origin_16,2026-03-29 00:00:00-07:00,2026,Spring,3,384,120.51718188281251,120.56093508582542,-0.04375320301293125,3.9502546336853706,3.225404890326819,49.73958333333333,8.481942552725439,17.434918858410512,15.17327870205827,5.153298113413001
heat_persistence_peak_shadow,Heat_Persistence_Peak_Shadow_Forecast_MWH,origin_06,2025-06-22 00:00:00-07:00,2025,Summer,6,384,168.52844033593752,167.78420760555028,0.7442327303872203,3.922602640988849,2.2801474697477015,56.770833333333336,8.78070220128928,16.698964061251928,17.95699447094546,5.091215995378593
heat_persistence_peak_shadow,Heat_Persistence_Peak_Shadow_Forecast_MWH,origin_09,2025-09-14 00:00:00-07:00,2025,Summer,9,384,162.83103684895835,164.12349755257358,-1.2924607036152604,3.7430642412940407,2.3371713783170045,39.58333333333333,7.646964712599547,13.517895781192095,32.77541820133354,5.501406596050222
heat_persistence_peak_shadow,Heat_Persistence_Peak_Shadow_Forecast_MWH,origin_19,2026-05-28 00:00:00-07:00,2026,Spring,5,384,158.50971714583332,160.22225426343826,-1.712537117604932,3.7371925985729084,2.3104256046313,35.15625,8.108394618301949,13.50865413463137,17.603052501145953,5.014390246594054
heat_persistence_peak_shadow,Heat_Persistence_Peak_Shadow_Forecast_MWH,origin_04,2025-04-27 00:00:00-07:00,2025,Spring,4,384,121.913576171875,123.51791484219325,-1.6043386703182494,3.174728106806492,2.554130374334949,29.6875,7.352493264669935,19.67378119048007,15.237505012526157,4.5017543726699305
heat_persistence_peak_shadow,Heat_Persistence_Peak_Shadow_Forecast_MWH,origin_13,2026-01-03 23:00:00-08:00,2026,Winter,1,384,128.126853875,128.0267354095034,0.10011846549660797,3.1550924835591583,2.439233632217055,48.95833333333333,7.561231212854372,17.965594513993977,15.096337463624394,4.513174166425405
heat_persistence_peak_shadow,Heat_Persistence_Peak_Shadow_Forecast_MWH,origin_15,2026-02-28 23:00:00-08:00,2026,Winter,2,384,115.88717167708334,114.22446558592371,1.6627060911596312,3.1519406349807633,2.69510686606273,69.53125,6.5718606969180655,9.531106860273894,8.463606330298276,3.8994641518229263
heat_persistence_peak_shadow,Heat_Persistence_Peak_Shadow_Forecast_MWH,origin_03,2025-03-30 00:00:00-07:00,2025,Spring,3,384,111.3258731328125,111.02646395391473,0.29940917889778024,3.1174387329684947,2.695032654285908,56.770833333333336,6.954793419959172,14.54074675020992,10.940377681498745,4.138529769783526
heat_persistence_peak_shadow,Heat_Persistence_Peak_Shadow_Forecast_MWH,origin_11,2025-11-08 23:00:00-08:00,2025,Fall,11,384,122.29222068489582,122.11240416984383,0.17981651505201257,2.9469277287167626,2.331294013449282,52.34375,7.290254890259719,22.988378327530427,11.757025810952982,4.39428441280953
heat_persistence_peak_shadow,Heat_Persistence_Peak_Shadow_Forecast_MWH,origin_01,2024-10-13 00:00:00-07:00,2024,Fall,10,384,116.30257716666667,114.63221514761887,1.6703620190478095,2.9094409388499822,2.3585968072397954,70.83333333333334,7.081755697580642,16.568682474039633,8.189339247180413,4.213414374880774
heat_persistence_peak_shadow,Heat_Persistence_Peak_Shadow_Forecast_MWH,origin_12,2025-12-06 23:00:00-08:00,2025,Winter,12,384,139.45845884114584,139.50202642063164,-0.04356757948580011,2.8677405175094126,2.0289751825514375,51.302083333333336,5.196600436170646,13.839307311277508,31.312049319111793,4.517872640530025
heat_persistence_peak_shadow,Heat_Persistence_Peak_Shadow_Forecast_MWH,origin_14,2026-01-31 23:00:00-08:00,2026,Winter,1,384,120.6618153359375,120.31940382089567,0.3424115150418367,2.7148823480198137,2.1844102246274644,48.17708333333333,5.981034477257516,19.82179059210945,8.135373265499624,3.895719837231212
heat_persistence_peak_shadow,Heat_Persistence_Peak_Shadow_Forecast_MWH,origin_10,2025-10-12 00:00:00-07:00,2025,Fall,10,384,118.67937204947917,118.30935184846324,0.3700202010159295,2.277496466573728,1.897183584541579,59.895833333333336,5.132483792916116,11.570315210097476,10.43795908345578,3.129641734420327
baseline_same_hour_yesterday,Baseline_SameHourYesterday_MWH,origin_24,2026-07-21 00:00:00-07:00,2026,Summer,7,384,200.79070704427082,204.5147627421875,-3.7240556979166666,103.53261200520832,57.41560560441972,48.95833333333333,173.38997309999996,208.83599999999998,205.527,117.69936285687288
baseline_same_hour_yesterday,Baseline_SameHourYesterday_MWH,origin_23,2026-07-20 00:00:00-07:00,2026,Summer,7,384,200.18689673437498,198.77305486458332,1.4138418697916666,102.45971123437499,56.39926482888657,50.520833333333336,173.137,208.83599999999998,205.527,116.51686853597005
baseline_same_hour_yesterday,Baseline_SameHourYesterday_MWH,origin_22,2026-07-07 00:00:00-07:00,2026,Summer,7,380,187.94545492105263,186.1185828763158,1.8268720447368423,88.39880641315789,50.84914990606197,51.31578947368421,155.220197,196.130075,192.997083,101.8831687289113
baseline_same_hour_yesterday,Baseline_SameHourYesterday_MWH,origin_21,2026-07-06 00:00:00-07:00,2026,Summer,7,380,185.74302035789472,185.28377536052633,0.45924499736842106,86.09380152894737,49.68807268104385,48.421052631578945,154.4734687,196.130075,192.997083,99.86134232567383
baseline_same_hour_yesterday,Baseline_SameHourYesterday_MWH,origin_20,2026-05-29 00:00:00-07:00,2026,Spring,5,384,163.7729361171875,164.1382087265625,-0.36527260937500006,65.457844734375,41.840866301378455,52.864583333333336,127.96946700000002,183.07319999999999,173.90324999999999,78.8602306699793
baseline_same_hour_yesterday,Baseline_SameHourYesterday_MWH,origin_19,2026-05-28 00:00:00-07:00,2026,Spring,5,384,158.50971714583332,154.06390570572918,4.445811440104166,61.29036562239583,39.384691774074064,54.947916666666664,122.20860239999999,183.07319999999999,162.00678299999998,74.7194639492007
baseline_same_hour_yesterday,Baseline_SameHourYesterday_MWH,origin_18,2026-05-24 00:00:00-07:00,2026,Spring,5,384,142.90284213541665,144.56441846875,-1.6615763333333335,44.19940730208333,30.492196808455166,49.73958333333333,103.93259079999999,128.11466700000003,151.51145799999998,58.22023656726732
baseline_same_hour_yesterday,Baseline_SameHourYesterday_MWH,origin_05,2025-05-25 00:00:00-07:00,2025,Spring,5,384,153.69139593489584,150.15266544791666,3.538730486979167,18.1360294609375,10.837063671182563,59.114583333333336,42.91304439999999,77.28132500000001,88.83647500000001,25.976213276843442
baseline_same_hour_yesterday,Baseline_SameHourYesterday_MWH,origin_09,2025-09-14 00:00:00-07:00,2025,Summer,9,384,162.83103684895835,167.14112179166668,-4.310084942708333,17.362092718750002,10.399206346370233,54.427083333333336,36.187627400000004,38.40450800000002,106.82626700000003,25.937745855850746
baseline_same_hour_yesterday,Baseline_SameHourYesterday_MWH,origin_06,2025-06-22 00:00:00-07:00,2025,Summer,6,384,168.52844033593752,167.79975491927084,0.7286854166666666,17.285620807291668,10.58036460832077,57.03125,40.7026474,64.66310800000002,99.756392,25.32597100117141
baseline_same_hour_yesterday,Baseline_SameHourYesterday_MWH,origin_08,2025-08-17 00:00:00-07:00,2025,Summer,8,384,187.771909734375,185.07215836458332,2.6997513697916666,12.458073619791667,6.487168741555763,63.541666666666664,27.9834262,53.81595800000002,69.05847499999999,17.179494043213463
baseline_same_hour_yesterday,Baseline_SameHourYesterday_MWH,origin_07,2025-07-20 00:00:00-07:00,2025,Summer,7,384,157.82088622916666,158.85897444270833,-1.0380882135416665,12.296236588541667,7.529352612497736,47.39583333333333,27.513286299999997,54.740983,51.5256,16.609439863497695
baseline_same_hour_yesterday,Baseline_SameHourYesterday_MWH,origin_04,2025-04-27 00:00:00-07:00,2025,Spring,4,384,121.913576171875,122.37519405729167,-0.4616178854166668,11.393212473958334,8.913234998989592,51.5625,23.877255599999987,33.942958000000004,88.039533,17.186889260502944
baseline_same_hour_yesterday,Baseline_SameHourYesterday_MWH,origin_17,2026-04-26 00:00:00-07:00,2026,Spring,4,384,127.136992640625,123.7593549609375,3.3776376796874996,9.012221075520834,6.599478436068409,64.0625,22.334426199999996,53.919442000000004,46.55224100000001,13.72789097595008
baseline_same_hour_yesterday,Baseline_SameHourYesterday_MWH,origin_16,2026-03-29 00:00:00-07:00,2026,Spring,3,384,120.51718188281251,121.29954002604167,-0.7823581432291666,7.599129028645834,6.220990696146083,50.520833333333336,18.663718799999987,23.001559000000015,44.31815,10.691590584405454
baseline_same_hour_yesterday,Baseline_SameHourYesterday_MWH,origin_02,2024-11-09 23:00:00-08:00,2024,Fall,11,384,116.68925462760417,115.90933802083333,0.7799166067708333,6.927386533854167,5.878936222289712,50.0,17.357116800000004,46.265000000000015,37.745757999999995,10.659194762769452
baseline_same_hour_yesterday,Baseline_SameHourYesterday_MWH,origin_03,2025-03-30 00:00:00-07:00,2025,Spring,3,384,111.3258731328125,111.65766887760417,-0.33179574479166657,6.688442276041667,5.977010332279257,51.041666666666664,17.948757700000005,27.903099999999995,37.731815999999995,9.932199402931465
baseline_same_hour_yesterday,Baseline_SameHourYesterday_MWH,origin_10,2025-10-12 00:00:00-07:00,2025,Fall,10,384,118.67937204947917,119.86195876562499,-1.1825867161458332,6.473689997395834,5.542979705813419,54.166666666666664,15.625006900000006,22.962532999999993,60.14193399999999,10.557145278226237
baseline_same_hour_yesterday,Baseline_SameHourYesterday_MWH,origin_01,2024-10-13 00:00:00-07:00,2024,Fall,10,360,115.72596856111112,116.69151120277778,-0.9655426416666665,5.754994036111111,4.7545976499279785,44.166666666666664,14.261451899999996,23.16262499999999,47.848709000000014,9.158027760036285
baseline_same_hour_yesterday,Baseline_SameHourYesterday_MWH,origin_11,2025-11-08 23:00:00-08:00,2025,Fall,11,384,122.29222068489582,121.516705625,0.7755150598958335,5.7230235651041665,4.583484864208935,53.645833333333336,15.132954999999992,36.609300000000005,27.486099999999993,8.874405796791107
baseline_same_hour_yesterday,Baseline_SameHourYesterday_MWH,origin_14,2026-01-31 23:00:00-08:00,2026,Winter,1,384,120.6618153359375,120.652290328125,0.009525007812499764,5.4910583151041665,4.426408644647192,46.875,15.362319900000005,50.669974999999994,33.031025,9.243487627220965
baseline_same_hour_yesterday,Baseline_SameHourYesterday_MWH,origin_15,2026-02-28 23:00:00-08:00,2026,Winter,2,384,115.88717167708334,116.27932818750001,-0.3921565104166666,5.102442614583333,4.372681125896313,51.041666666666664,13.706600100000001,28.629533999999992,44.019525,8.362058225468509
baseline_same_hour_yesterday,Baseline_SameHourYesterday_MWH,origin_12,2025-12-06 23:00:00-08:00,2025,Winter,12,384,139.45845884114584,139.18827768229167,0.27018115885416666,4.228117205729167,3.0100277355968825,51.041666666666664,10.50154439999999,22.621842,22.57253400000002,6.093656299239624
baseline_same_hour_yesterday,Baseline_SameHourYesterday_MWH,origin_13,2026-01-03 23:00:00-08:00,2026,Winter,1,384,128.126853875,128.24815424479166,-0.12130036979166654,4.2280307708333345,3.2824014360405944,44.01041666666667,11.175524899999989,21.483274999999992,33.633234,6.552140055646812
baseline_same_hour_7_days_ago,Baseline_SameHour7DaysAgo_MWH,origin_24,2026-07-21 00:00:00-07:00,2026,Summer,7,384,200.79070704427082,196.8531506484375,3.9375563958333326,89.82739465104167,48.19862866520278,48.95833333333333,170.8056925,230.13899999999998,184.18573300000003,108.53095380029855
baseline_same_hour_7_days_ago,Baseline_SameHour7DaysAgo_MWH,origin_23,2026-07-20 00:00:00-07:00,2026,Summer,7,384,200.18689673437498,192.79772458854166,7.389172145833334,89.30348003125,47.7766161831021,50.260416666666664,170.8056925,230.13899999999998,184.18573300000003,108.13193109770667
baseline_same_hour_7_days_ago,Baseline_SameHour7DaysAgo_MWH,origin_21,2026-07-06 00:00:00-07:00,2026,Summer,7,380,185.74302035789472,184.62771698421054,1.1153033736842108,85.60156195789473,50.53782845343382,51.578947368421055,160.1046666,228.1343,217.713741,102.4853105782705
baseline_same_hour_7_days_ago,Baseline_SameHour7DaysAgo_MWH,origin_22,2026-07-07 00:00:00-07:00,2026,Summer,7,380,187.94545492105263,188.2680454263158,-0.3225905052631574,83.92850544210526,49.65360583789383,50.26315789473684,160.1046666,228.1343,217.713741,101.54810016109758
baseline_same_hour_7_days_ago,Baseline_SameHour7DaysAgo_MWH,origin_20,2026-05-29 00:00:00-07:00,2026,Spring,5,384,163.7729361171875,148.95320777604167,14.819728341145833,58.64052762239584,35.92025168951667,59.375,124.86635749999999,208.41770000000002,163.61123299999997,74.41172538528882
baseline_same_hour_7_days_ago,Baseline_SameHour7DaysAgo_MWH,origin_19,2026-05-28 00:00:00-07:00,2026,Spring,5,384,158.50971714583332,146.97032720312498,11.539389942708333,57.642312015625,36.25485644653143,55.46875,125.23957999999998,208.41770000000002,163.61123299999997,73.76594432398412
baseline_same_hour_7_days_ago,Baseline_SameHour7DaysAgo_MWH,origin_18,2026-05-24 00:00:00-07:00,2026,Spring,5,384,142.90284213541665,143.16449466406252,-0.2616525286458334,45.15445470052083,31.033739335426674,46.875,117.4082314,143.60225000000003,163.61123299999997,61.06128393239052
baseline_same_hour_7_days_ago,Baseline_SameHour7DaysAgo_MWH,origin_06,2025-06-22 00:00:00-07:00,2025,Summer,6,384,168.52844033593752,163.27227551822918,5.256164817708332,30.636211046875,17.478993148817654,51.041666666666664,72.44082949999998,132.21515800000003,96.280834,40.517186818802806
baseline_same_hour_7_days_ago,Baseline_SameHour7DaysAgo_MWH,origin_07,2025-07-20 00:00:00-07:00,2025,Summer,7,384,157.82088622916666,156.45266731249998,1.3682189166666667,28.665631578125,16.991086749902042,58.072916666666664,63.739248599999996,99.440033,117.31048400000003,37.79417486405678
baseline_same_hour_7_days_ago,Baseline_SameHour7DaysAgo_MWH,origin_08,2025-08-17 00:00:00-07:00,2025,Summer,8,384,187.771909734375,181.11179801041666,6.660111723958333,28.052297375,14.174721521461587,49.47916666666667,66.78846499999996,102.30119199999999,71.67657500000001,37.38608166456036
baseline_same_hour_7_days_ago,Baseline_SameHour7DaysAgo_MWH,origin_05,2025-05-25 00:00:00-07:00,2025,Spring,5,384,153.69139593489584,141.43436998958333,12.2570259453125,27.100456028645834,15.310620901676055,63.020833333333336,62.802225699999994,183.10244999999998,57.51988300000002,42.609625720931156
baseline_same_hour_7_days_ago,Baseline_SameHour7DaysAgo_MWH,origin_09,2025-09-14 00:00:00-07:00,2025,Summer,9,384,162.83103684895835,176.51544565104166,-13.684408802083333,23.699530807291666,14.648597492336942,39.84375,58.78007879999999,44.237066999999996,115.324941,34.05756182487072
baseline_same_hour_7_days_ago,Baseline_SameHour7DaysAgo_MWH,origin_10,2025-10-12 00:00:00-07:00,2025,Fall,10,384,118.67937204947917,134.24124290625,-15.561870856770833,21.384602888020833,17.892198554530502,42.44791666666667,56.26675060000001,28.10024200000001,153.10531699999996,34.61827140453662
baseline_same_hour_7_days_ago,Baseline_SameHour7DaysAgo_MWH,origin_17,2026-04-26 00:00:00-07:00,2026,Spring,4,384,127.136992640625,119.87959633854166,7.257396302083333,14.732521343750001,10.171753949182893,64.84375,37.3825368,110.634683,42.046784,23.56886406739789
baseline_same_hour_7_days_ago,Baseline_SameHour7DaysAgo_MWH,origin_04,2025-04-27 00:00:00-07:00,2025,Spring,4,384,121.913576171875,114.78880097135418,7.124775200520833,14.2855361953125,10.443922065415045,63.802083333333336,30.998969300000002,96.36375,37.43112500000001,21.567316878251233
baseline_same_hour_7_days_ago,Baseline_SameHour7DaysAgo_MWH,origin_12,2025-12-06 23:00:00-08:00,2025,Winter,12,384,139.45845884114584,134.20646596614583,5.251992875,12.728912192708334,8.942729222862445,58.333333333333336,23.719189500000002,53.123075000000014,21.617942,16.275196474511578
baseline_same_hour_7_days_ago,Baseline_SameHour7DaysAgo_MWH,origin_16,2026-03-29 00:00:00-07:00,2026,Spring,3,384,120.51718188281251,119.05765241145833,1.4595294713541669,11.291403544270834,8.883461176673192,49.47916666666667,26.167000499999993,42.789367,47.476867,15.191623255866448
baseline_same_hour_7_days_ago,Baseline_SameHour7DaysAgo_MWH,origin_03,2025-03-30 00:00:00-07:00,2025,Spring,3,384,111.3258731328125,114.98318976041666,-3.657316627604167,11.199664986979167,10.005939580045517,35.67708333333333,26.865589399999998,42.007108,54.23268300000001,15.429745347600315
baseline_same_hour_7_days_ago,Baseline_SameHour7DaysAgo_MWH,origin_01,2024-10-13 00:00:00-07:00,2024,Fall,10,216,111.8920150138889,119.71466121296297,-7.822646199074074,10.306974597222222,8.797651568446108,33.7962962962963,27.340937499999995,16.477175000000003,49.07108400000001,15.315008313117733
baseline_same_hour_7_days_ago,Baseline_SameHour7DaysAgo_MWH,origin_13,2026-01-03 23:00:00-08:00,2026,Winter,1,384,128.126853875,131.74785282291666,-3.620998947916666,9.208866,7.361908427401528,37.76041666666667,21.2026902,41.04614199999999,41.74943400000001,12.416386206880604
baseline_same_hour_7_days_ago,Baseline_SameHour7DaysAgo_MWH,origin_02,2024-11-09 23:00:00-08:00,2024,Fall,11,384,116.68925462760417,112.67366535156249,4.015589276041667,8.315611661458334,6.960529846362255,70.83333333333334,20.120549499999992,40.55201699999999,34.58879999999999,11.462564054270501
baseline_same_hour_7_days_ago,Baseline_SameHour7DaysAgo_MWH,origin_15,2026-02-28 23:00:00-08:00,2026,Winter,2,384,115.88717167708334,117.8370609296875,-1.949889252604167,6.898550325520834,5.978723791240479,45.83333333333333,15.769228599999996,24.520391999999987,53.782257999999985,10.243006851242251
baseline_same_hour_7_days_ago,Baseline_SameHour7DaysAgo_MWH,origin_11,2025-11-08 23:00:00-08:00,2025,Fall,11,384,122.29222068489582,121.14363500520834,1.1485856796874998,6.4561675234375,5.353435129077519,67.1875,14.953561299999999,28.774091999999982,29.21262499999999,8.651569267905629
baseline_same_hour_7_days_ago,Baseline_SameHour7DaysAgo_MWH,origin_14,2026-01-31 23:00:00-08:00,2026,Winter,1,384,120.6618153359375,122.84748228125,-2.1856669453125,6.082682513020834,5.015024474952347,32.55208333333333,13.610142299999984,38.832224999999994,33.55328300000001,8.634744495569107
baseline_rolling_7day_same_hour_avg,Baseline_Rolling7DaySameHourAvg_MWH,origin_21,2026-07-06 00:00:00-07:00,2026,Summer,7,380,185.74302035789472,187.44894057330828,-1.7059202154135327,24.588445989097746,13.274801582804788,48.1578947368421,54.535347414285695,84.71583742857143,75.17947714285714,31.10805071740629
baseline_rolling_7day_same_hour_avg,Baseline_Rolling7DaySameHourAvg_MWH,origin_22,2026-07-07 00:00:00-07:00,2026,Summer,7,380,187.94545492105263,188.523456437594,-0.5780015165413528,23.942133233834586,12.745251510404229,51.578947368421055,52.123766800000006,84.11560257142858,75.64113014285715,30.443177941630474
baseline_rolling_7day_same_hour_avg,Baseline_Rolling7DaySameHourAvg_MWH,origin_06,2025-06-22 00:00:00-07:00,2025,Summer,6,384,168.52844033593752,167.2887861577381,1.2396541781994046,22.986462237723213,13.667767087695232,63.541666666666664,55.80711335714282,67.21160657142855,95.53254728571426,30.986339573046852
baseline_rolling_7day_same_hour_avg,Baseline_Rolling7DaySameHourAvg_MWH,origin_08,2025-08-17 00:00:00-07:00,2025,Summer,8,384,187.771909734375,182.40113033184525,5.370779402529762,21.383740718005953,10.67277037264794,55.729166666666664,46.239529371428546,87.76495742857142,58.598929571428584,27.811981904482373
baseline_rolling_7day_same_hour_avg,Baseline_Rolling7DaySameHourAvg_MWH,origin_05,2025-05-25 00:00:00-07:00,2025,Spring,5,384,153.69139593489584,145.98138424330355,7.710011691592263,19.07876570796131,11.058388083332988,50.520833333333336,38.97940801428571,116.39426428571429,39.45088899999999,30.202985349086934
baseline_rolling_7day_same_hour_avg,Baseline_Rolling7DaySameHourAvg_MWH,origin_20,2026-05-29 00:00:00-07:00,2026,Spring,5,384,163.7729361171875,153.71346006473215,10.059476052455357,18.939156867187503,10.690394868667438,74.21875,46.97725668571429,84.22378142857141,82.40982785714283,26.27846938929832
baseline_rolling_7day_same_hour_avg,Baseline_Rolling7DaySameHourAvg_MWH,origin_19,2026-05-28 00:00:00-07:00,2026,Spring,5,384,158.50971714583332,150.12523405729166,8.384483088541666,18.74241519122024,10.850156888578022,69.53125,45.45418588571426,83.63769914285712,78.71800414285715,26.093581846296477
baseline_rolling_7day_same_hour_avg,Baseline_Rolling7DaySameHourAvg_MWH,origin_09,2025-09-14 00:00:00-07:00,2025,Summer,9,384,162.83103684895835,173.57010048363097,-10.739063634672618,17.467553235863097,10.817749679829001,36.71875,41.44824088571424,41.876473571428534,90.63530114285714,25.013973103186352
baseline_rolling_7day_same_hour_avg,Baseline_Rolling7DaySameHourAvg_MWH,origin_07,2025-07-20 00:00:00-07:00,2025,Summer,7,384,157.82088622916666,156.27673506473215,1.5441511644345234,15.28978696875,8.93774748599582,46.61458333333333,36.41621131428571,74.68833314285715,53.8768562857143,21.080709526556035
baseline_rolling_7day_same_hour_avg,Baseline_Rolling7DaySameHourAvg_MWH,origin_18,2026-05-24 00:00:00-07:00,2026,Spring,5,384,142.90284213541665,146.1740200186012,-3.271177883184524,15.239322622023812,10.443031388396932,49.73958333333333,38.08265811428573,62.022846999999985,77.71167514285713,21.213924517504008
baseline_rolling_7day_same_hour_avg,Baseline_Rolling7DaySameHourAvg_MWH,origin_24,2026-07-21 00:00:00-07:00,2026,Summer,7,384,200.79070704427082,198.49297236160714,2.297734682663689,14.857133783854167,7.5751397901891275,57.8125,30.934818085714266,62.58787214285712,43.90890442857142,19.241505395614915
baseline_rolling_7day_same_hour_avg,Baseline_Rolling7DaySameHourAvg_MWH,origin_23,2026-07-20 00:00:00-07:00,2026,Summer,7,384,200.18689673437498,195.79658010491073,4.390316629464286,14.706405455357142,7.586861069611107,65.10416666666666,32.304084314285745,58.988597142857145,45.87528057142862,18.91815751422324
baseline_rolling_7day_same_hour_avg,Baseline_Rolling7DaySameHourAvg_MWH,origin_17,2026-04-26 00:00:00-07:00,2026,Spring,4,384,127.136992640625,120.72767435900299,6.409318281622023,12.858891523437501,8.83450294399098,58.854166666666664,32.32063611428571,80.7155087142857,24.687426571428546,18.930591487747556
baseline_rolling_7day_same_hour_avg,Baseline_Rolling7DaySameHourAvg_MWH,origin_04,2025-04-27 00:00:00-07:00,2025,Spring,4,384,121.913576171875,118.18443762760417,3.729138544270833,12.807473437127976,9.475713101909633,58.59375,32.71597342857141,63.73424428571428,57.74991042857141,18.64981127134011
baseline_rolling_7day_same_hour_avg,Baseline_Rolling7DaySameHourAvg_MWH,origin_10,2025-10-12 00:00:00-07:00,2025,Fall,10,384,118.67937204947917,125.80401021205357,-7.124638162574404,11.1879686953125,9.417768316178787,37.76041666666667,29.088908571428565,20.133178571428573,82.54238500000001,17.925016964394132
baseline_rolling_7day_same_hour_avg,Baseline_Rolling7DaySameHourAvg_MWH,origin_16,2026-03-29 00:00:00-07:00,2026,Spring,3,384,120.51718188281251,120.42646076674107,0.09072111607142778,9.930274265625,7.99688816724749,54.166666666666664,21.593442257142872,34.26030985714286,35.4012142857143,12.673034985495027
baseline_rolling_7day_same_hour_avg,Baseline_Rolling7DaySameHourAvg_MWH,origin_12,2025-12-06 23:00:00-08:00,2025,Winter,12,384,139.45845884114584,136.7760831547619,2.682375686383929,8.546432643973215,6.0550588774589285,53.90625,18.59649008571428,31.49050785714286,22.61326100000001,10.811437146932667
baseline_rolling_7day_same_hour_avg,Baseline_Rolling7DaySameHourAvg_MWH,origin_01,2024-10-13 00:00:00-07:00,2024,Fall,10,336,114.12753126785715,119.89590317021683,-5.768371902359694,8.187585007872732,7.03153349767374,33.33333333333333,22.263300916666672,12.542066333333324,42.559916499999986,12.456694386344264
baseline_rolling_7day_same_hour_avg,Baseline_Rolling7DaySameHourAvg_MWH,origin_03,2025-03-30 00:00:00-07:00,2025,Spring,3,384,111.3258731328125,113.16811983370536,-1.842246700892857,7.818096337053571,7.038610011350809,42.96875,19.020146799999992,34.573721285714285,32.145806142857126,10.727483380421223
baseline_rolling_7day_same_hour_avg,Baseline_Rolling7DaySameHourAvg_MWH,origin_02,2024-11-09 23:00:00-08:00,2024,Fall,11,384,116.68925462760417,114.54497317150297,2.1442814561011905,6.508195299107143,5.423349658311602,59.895833333333336,15.769554757142858,35.23690957142857,25.12440114285714,9.456418977247818
baseline_rolling_7day_same_hour_avg,Baseline_Rolling7DaySameHourAvg_MWH,origin_13,2026-01-03 23:00:00-08:00,2026,Winter,1,384,128.126853875,129.84902409598214,-1.722170220982143,5.741168533482142,4.5659842740171035,33.85416666666667,13.797964628571426,26.408347714285696,31.93489928571431,8.181584374034195
baseline_rolling_7day_same_hour_avg,Baseline_Rolling7DaySameHourAvg_MWH,origin_14,2026-01-31 23:00:00-08:00,2026,Winter,1,384,120.6618153359375,121.88103308854166,-1.2192177526041668,5.500404859747024,4.501421975295475,32.8125,11.470291657142843,38.11688957142856,20.441019999999995,7.790725774835207
baseline_rolling_7day_same_hour_avg,Baseline_Rolling7DaySameHourAvg_MWH,origin_11,2025-11-08 23:00:00-08:00,2025,Fall,11,384,122.29222068489582,121.42846773921131,0.8637529456845235,5.379038333333333,4.333944503464326,59.635416666666664,13.872579328571426,24.606543571428574,22.945923000000008,7.640904845448803
baseline_rolling_7day_same_hour_avg,Baseline_Rolling7DaySameHourAvg_MWH,origin_15,2026-02-28 23:00:00-08:00,2026,Winter,2,384,115.88717167708334,116.77992945833334,-0.8927577812500003,5.044115207589286,4.381922380357565,45.83333333333333,11.342569528571426,25.146710999999982,23.389596857142863,6.807009505760435
