Stage,ForecastColumn,Replay_Origin_ID,Replay_Origin_DT,Replay_Origin_Year,Replay_Origin_Season,Replay_Origin_Month,N,Actual_Mean_MWH,Forecast_Mean_MWH,Bias_MWH,MAE_MWH,MAPE_PCT,Underforecast_Rate_PCT,P90_AbsError_MWH,Max_Underforecast_MWH,Max_Overforecast_MWH,RMSE_MWH
xgb_component,XGB_Pred_MWH,origin_17,2026-04-26 00:00:00-07:00,2026,Spring,4,384,127.136992640625,119.2067555586497,7.9302370819753,8.493199103792827,6.3096646025773,90.625,18.480351721191404,25.35007787304687,8.138157901367194,10.35786285154463
xgb_component,XGB_Pred_MWH,origin_22,2026-07-07 00:00:00-07:00,2026,Summer,7,380,187.94545492105263,185.6007293299625,2.3447255910901523,6.899965205013877,3.6326314563166706,61.05263157894737,14.537618639843735,30.3195046875,21.533571817382807,8.931129541423648
xgb_component,XGB_Pred_MWH,origin_07,2025-07-20 00:00:00-07:00,2025,Summer,7,384,157.82088622916666,151.69192397594452,6.128962253222148,6.542652024381002,4.045798161470495,89.58333333333334,13.632138964843747,22.947172282226575,7.400248591796867,8.243935227931338
xgb_component,XGB_Pred_MWH,origin_12,2025-12-06 23:00:00-08:00,2025,Winter,12,384,139.45845884114584,133.75463992357254,5.703818917573293,6.437440214992523,4.38728939096121,88.54166666666666,12.832844735937499,19.504711776367174,18.908302823242195,7.855058108582208
xgb_component,XGB_Pred_MWH,origin_21,2026-07-06 00:00:00-07:00,2026,Summer,7,380,185.74302035789472,185.6910241377981,0.05199622009662855,5.9686055707236845,3.250963564510207,52.368421052631575,12.712943695703139,23.359415039062497,21.960924722656245,7.714143930418794
xgb_component,XGB_Pred_MWH,origin_23,2026-07-20 00:00:00-07:00,2026,Summer,7,384,200.18197833593752,196.88833439350128,3.293643942436218,5.664965836850484,2.6177434627805605,63.020833333333336,13.255659574218747,30.402008959960938,17.460076171874988,7.8362598034769615
xgb_component,XGB_Pred_MWH,origin_24,2026-07-21 00:00:00-07:00,2026,Summer,7,384,200.78578864583335,197.780112127463,3.00567651837031,5.365034095783233,2.4497407597177783,66.66666666666666,13.020814594531238,30.832550952148438,16.777557373046875,7.599447566354677
xgb_component,XGB_Pred_MWH,origin_08,2025-08-17 00:00:00-07:00,2025,Summer,8,384,187.771909734375,188.32728298505148,-0.5553732506764734,4.757702263847351,2.610221498233853,48.17708333333333,9.632389003417956,14.64617561914065,32.18580256347656,6.312942886528751
xgb_component,XGB_Pred_MWH,origin_05,2025-05-25 00:00:00-07:00,2025,Spring,5,384,153.69139593489584,155.81542295217514,-2.1240270172793068,4.738269178666433,2.9855242916544356,37.5,9.911254583789054,18.183486410156263,28.418101660156253,6.4752039520312366
xgb_component,XGB_Pred_MWH,origin_16,2026-03-29 00:00:00-07:00,2026,Spring,3,384,120.51718188281251,117.51150818665822,3.0056736961542767,4.638867656267801,3.7126073416053793,73.69791666666666,10.562122256884766,21.903826098632805,14.795875073242186,6.203621865006897
xgb_component,XGB_Pred_MWH,origin_20,2026-05-29 00:00:00-07:00,2026,Spring,5,384,163.7729361171875,162.54640525579453,1.2265308613929744,4.5450417505200695,2.948193133294227,67.1875,9.550343837890619,16.633321773925786,20.868253938476556,5.782534040356992
xgb_component,XGB_Pred_MWH,origin_19,2026-05-28 00:00:00-07:00,2026,Spring,5,384,158.50971714583332,156.95333552360535,1.5563816222279865,4.498271187121072,2.9774190690833517,67.70833333333334,8.903091027246088,18.271375667968755,15.809995881835931,5.608425739335345
xgb_component,XGB_Pred_MWH,origin_11,2025-11-08 23:00:00-08:00,2025,Fall,11,384,122.29222068489582,118.49628063042958,3.795940054466248,4.350850421696981,3.386815643273025,87.76041666666666,8.815804774902343,23.973560311523443,7.785343017578128,5.661603100325537
xgb_component,XGB_Pred_MWH,origin_18,2026-05-24 00:00:00-07:00,2026,Spring,5,384,142.90284213541665,141.97728914022446,0.92555299519221,4.296902912616729,3.1536366412936716,64.58333333333334,8.748844762548824,17.47398186914063,22.398771516601556,5.538316078106717
xgb_component,XGB_Pred_MWH,origin_15,2026-02-28 23:00:00-08:00,2026,Winter,2,384,115.88717167708334,112.57215454181035,3.3150171352729796,4.150141249345144,3.5301171349805194,82.55208333333334,7.821433136718746,12.202551562499991,8.600493936523435,4.923988254265097
xgb_component,XGB_Pred_MWH,origin_09,2025-09-14 00:00:00-07:00,2025,Summer,9,384,162.83103684895835,162.0928038160006,0.7382330329577135,4.1093233713162745,2.462635684836433,62.239583333333336,8.61484978642578,15.496845263671872,33.69527718847655,5.951393422681561
xgb_component,XGB_Pred_MWH,origin_14,2026-01-31 23:00:00-08:00,2026,Winter,1,384,120.6618153359375,117.31192861000697,3.349886725930532,4.074431550662994,3.247421269847069,82.29166666666666,9.411856162207036,24.824784115234365,8.409677083007807,5.827264536286424
xgb_component,XGB_Pred_MWH,origin_13,2026-01-03 23:00:00-08:00,2026,Winter,1,384,128.126853875,125.33399148782094,2.7928623871790568,4.051994724624634,3.10864019709976,79.16666666666666,9.209866361083977,16.450196818359387,10.410502620117185,5.2473754319938966
xgb_component,XGB_Pred_MWH,origin_03,2025-03-30 00:00:00-07:00,2025,Spring,3,384,111.3258731328125,108.26958688100179,3.0562862518107097,3.9918776912104286,3.513668487374534,80.20833333333334,7.828862979931638,16.69321883203125,5.206483825683591,4.992084597088725
xgb_component,XGB_Pred_MWH,origin_06,2025-06-22 00:00:00-07:00,2025,Summer,6,384,168.52844033593752,167.94106004635492,0.5873802895825705,3.8380217806943264,2.2851493613942457,53.645833333333336,8.394331192578118,18.41545889550781,19.49158400878906,5.200603696076686
xgb_component,XGB_Pred_MWH,origin_10,2025-10-12 00:00:00-07:00,2025,Fall,10,384,118.67937204947917,115.56614476442337,3.113227285055796,3.791055853926341,3.1164618861221043,85.9375,7.165546912841793,13.874424186523441,7.730608520507815,4.608114813191554
xgb_component,XGB_Pred_MWH,origin_02,2024-11-09 23:00:00-08:00,2024,Fall,11,384,116.68925462760417,114.52973592281342,2.1595187047907514,3.6772885920893352,3.0124955593948575,70.83333333333334,7.963363139843738,15.142923779296865,11.214449942382814,4.74152618513161
xgb_component,XGB_Pred_MWH,origin_04,2025-04-27 00:00:00-07:00,2025,Spring,4,384,121.913576171875,123.18103108803432,-1.2674549161593118,3.470622498200734,2.7790950618152177,46.61458333333333,7.870642015332031,20.044227844238293,17.391930769531257,4.81453513867631
xgb_component,XGB_Pred_MWH,origin_01,2024-10-13 00:00:00-07:00,2024,Fall,10,384,116.30257716666667,117.57983545462291,-1.2772582879562377,3.3119057258046465,2.912832105000336,27.604166666666668,6.288368486523441,12.717503637695302,13.66763992480469,4.045711888871055
lgb_component,LGB_Pred_MWH,origin_17,2026-04-26 00:00:00-07:00,2026,Spring,4,384,127.136992640625,119.18123245259837,7.955760188026622,8.534700229985187,6.36062730105353,90.88541666666666,17.761986323203043,26.08073738907524,8.749537391315812,10.335429059781013
lgb_component,LGB_Pred_MWH,origin_22,2026-07-07 00:00:00-07:00,2026,Summer,7,380,187.94545492105263,185.70905880576194,2.2363961152906837,6.932480468977246,3.6510000764976334,59.210526315789465,14.54367199280269,30.055501609216464,20.657959096404966,9.083802077912013
lgb_component,LGB_Pred_MWH,origin_07,2025-07-20 00:00:00-07:00,2025,Summer,7,384,157.82088622916666,151.66033228224754,6.1605539469191335,6.592453223669639,4.070664538459415,89.84375,13.720232814623424,23.40790407234988,7.33626836713276,8.283535140300476
lgb_component,LGB_Pred_MWH,origin_12,2025-12-06 23:00:00-08:00,2025,Winter,12,384,139.45845884114584,133.7722257980578,5.686233043088024,6.436217545554272,4.385528097477493,88.80208333333334,12.899994157321611,20.48802200754912,19.99645722496291,7.898456882115524
lgb_component,LGB_Pred_MWH,origin_21,2026-07-06 00:00:00-07:00,2026,Summer,7,380,185.74302035789472,185.88348733453927,-0.14046697664453522,6.1064432242178635,3.317062058895953,51.05263157894737,12.586969990521572,24.38804587814809,25.52680668509896,7.903137065406876
lgb_component,LGB_Pred_MWH,origin_23,2026-07-20 00:00:00-07:00,2026,Summer,7,384,200.18197833593752,197.1745824100304,3.007395925907087,5.494943377762962,2.553864283200822,61.979166666666664,12.388235430815637,30.30330697179798,16.685484917627548,7.655851573022938
lgb_component,LGB_Pred_MWH,origin_24,2026-07-21 00:00:00-07:00,2026,Summer,7,384,200.78578864583335,197.96574696535254,2.8200416804807884,5.186353117289563,2.396760672704955,65.10416666666666,12.382881563163698,32.2867202727555,16.411280521527317,7.327073337569483
lgb_component,LGB_Pred_MWH,origin_05,2025-05-25 00:00:00-07:00,2025,Spring,5,384,153.69139593489584,155.88483211459035,-2.193436179694513,4.871724984235846,3.0636480188762607,36.97916666666667,10.08046544412981,18.167979397666386,28.18370905642996,6.6234546812789805
lgb_component,LGB_Pred_MWH,origin_08,2025-08-17 00:00:00-07:00,2025,Summer,8,384,187.771909734375,188.48664036513685,-0.7147306307618345,4.850284261862525,2.6589419899821123,48.17708333333333,9.73549899061834,15.416753159632947,32.11941062321111,6.50710352980228
lgb_component,LGB_Pred_MWH,origin_16,2026-03-29 00:00:00-07:00,2026,Spring,3,384,120.51718188281251,117.30793737134091,3.2092445114715904,4.722390243790355,3.7707856402368125,77.34375,10.742142393377536,21.80441795246655,13.509530509247469,6.2819620626905275
lgb_component,LGB_Pred_MWH,origin_20,2026-05-29 00:00:00-07:00,2026,Spring,5,384,163.7729361171875,162.50140039979456,1.2715357173929362,4.552290158493238,2.940303967603215,68.75,9.9396322557314,15.302114105616326,19.960812270750665,5.863372126182857
lgb_component,LGB_Pred_MWH,origin_19,2026-05-28 00:00:00-07:00,2026,Spring,5,384,158.50971714583332,156.8538286668596,1.6558884789737291,4.420744020422284,2.920758732781889,68.75,9.132820379032282,16.730074255049416,16.056281521080194,5.5720693848660625
lgb_component,LGB_Pred_MWH,origin_11,2025-11-08 23:00:00-08:00,2025,Fall,11,384,122.29222068489582,118.57220989093923,3.7200107939565985,4.292523088548196,3.347700640013611,87.5,8.518931610418806,23.735243870064522,9.391667445522174,5.621202087552803
lgb_component,LGB_Pred_MWH,origin_18,2026-05-24 00:00:00-07:00,2026,Spring,5,384,142.90284213541665,142.0038766304632,0.898965504953471,4.256736445250197,3.1246418651971735,64.32291666666666,8.850002170840487,16.258859162221256,21.927206455297636,5.492944335710014
lgb_component,LGB_Pred_MWH,origin_09,2025-09-14 00:00:00-07:00,2025,Summer,9,384,162.83103684895835,162.22245654417773,0.6085803047806062,4.1605390500166495,2.4948144118991817,60.416666666666664,8.92052789832455,14.00176369705899,34.471608928489786,6.021119581765071
lgb_component,LGB_Pred_MWH,origin_15,2026-02-28 23:00:00-08:00,2026,Winter,2,384,115.88717167708334,112.59043992926637,3.2967317478169798,4.123612943484132,3.5124399518448026,82.03125,7.669975284157859,12.21023379168841,8.071127976191804,4.887728991909816
lgb_component,LGB_Pred_MWH,origin_14,2026-01-31 23:00:00-08:00,2026,Winter,1,384,120.6618153359375,117.26244821853483,3.3993671174026683,4.109802242813878,3.2835087393700353,84.89583333333334,9.104907370677036,25.30246721316982,7.515875957964255,5.820061195136317
lgb_component,LGB_Pred_MWH,origin_13,2026-01-03 23:00:00-08:00,2026,Winter,1,384,128.126853875,125.34913351769514,2.777720357304854,4.077333914051075,3.125231361472641,79.16666666666666,9.230581719445938,16.76183775517491,10.85381042507241,5.277904832863621
lgb_component,LGB_Pred_MWH,origin_03,2025-03-30 00:00:00-07:00,2025,Spring,3,384,111.3258731328125,108.13463320391044,3.1912399289020486,4.051442633680828,3.5624904481172703,80.20833333333334,7.990570585549031,16.10389010035736,5.155914065714597,5.098264244024142
lgb_component,LGB_Pred_MWH,origin_06,2025-06-22 00:00:00-07:00,2025,Summer,6,384,168.52844033593752,168.00240319871298,0.526037137224503,3.88776721126181,2.3182663080416033,54.427083333333336,8.641161792758707,19.435594668795204,20.521885256407387,5.3018116615555195
lgb_component,LGB_Pred_MWH,origin_10,2025-10-12 00:00:00-07:00,2025,Fall,10,384,118.67937204947917,115.65759383196372,3.0217782175154393,3.80213407806076,3.1321516139895524,86.71875,7.30153173809121,13.59074845070596,8.541136141171592,4.601296721636475
lgb_component,LGB_Pred_MWH,origin_02,2024-11-09 23:00:00-08:00,2024,Fall,11,384,116.68925462760417,114.54110552880199,2.148149098802185,3.6582063552535327,2.9930500449257647,70.83333333333334,7.906531485874444,15.355585452319673,11.407017359561237,4.737865593897947
lgb_component,LGB_Pred_MWH,origin_04,2025-04-27 00:00:00-07:00,2025,Spring,4,384,121.913576171875,123.06752511475361,-1.1539489428786032,3.4047016153645155,2.7328127903280226,47.65625,7.494810069637417,17.898118169355996,15.533114671198064,4.676900206838867
lgb_component,LGB_Pred_MWH,origin_01,2024-10-13 00:00:00-07:00,2024,Fall,10,384,116.30257716666667,117.67819787431165,-1.3756207076449825,3.355229879242907,2.9686820679952177,27.34375,6.374086705474803,12.589752095517895,14.516783249258452,4.08419447471811
catboost_benchmark,CatBoost_Pred_MWH,origin_17,2026-04-26 00:00:00-07:00,2026,Spring,4,384,127.136992640625,119.48428583741077,7.65270680321423,8.224500208076222,6.131093632492636,90.88541666666666,17.6540225747712,22.915773480865454,7.8912422175100545,9.943652734755512
catboost_benchmark,CatBoost_Pred_MWH,origin_22,2026-07-07 00:00:00-07:00,2026,Summer,7,380,187.94545492105263,185.2265243655145,2.7189305555381247,6.709215261515172,3.5205640914961758,63.68421052631579,14.223460752780314,26.94025052360226,24.03662334394062,8.71173420996029
catboost_benchmark,CatBoost_Pred_MWH,origin_07,2025-07-20 00:00:00-07:00,2025,Summer,7,384,157.82088622916666,151.9823646095761,5.838521619590551,6.240790908885688,3.8539258181813127,89.58333333333334,13.581626317611564,23.9323969025086,7.788676250057506,7.8190743158361835
catboost_benchmark,CatBoost_Pred_MWH,origin_21,2026-07-06 00:00:00-07:00,2026,Summer,7,380,185.74302035789472,185.21104535548588,0.5319750024088734,5.966078757038737,3.19442464119052,53.94736842105263,12.842316968308122,25.52129858604917,21.84496854241283,7.707199762085007
catboost_benchmark,CatBoost_Pred_MWH,origin_12,2025-12-06 23:00:00-08:00,2025,Winter,12,384,139.45845884114584,134.4505964993393,5.007862341806533,5.8857206581398165,3.987756339572283,84.63541666666666,12.259584335926599,20.27912960085368,19.246999503067485,7.350513933450604
catboost_benchmark,CatBoost_Pred_MWH,origin_23,2026-07-20 00:00:00-07:00,2026,Summer,7,384,200.18197833593752,196.63459659092317,3.54738174501434,5.271896608834242,2.463446142296942,68.22916666666666,12.698761363539878,27.87649496202107,15.699287410100197,7.354720853805909
catboost_benchmark,CatBoost_Pred_MWH,origin_24,2026-07-21 00:00:00-07:00,2026,Summer,7,384,200.78578864583335,197.37349883187517,3.4122898139581532,5.226788191642176,2.399588350817601,69.01041666666666,12.809436269225449,28.071425477942398,14.186086408053598,7.29619378803194
catboost_benchmark,CatBoost_Pred_MWH,origin_20,2026-05-29 00:00:00-07:00,2026,Spring,5,384,163.7729361171875,161.84495288961367,1.927983227573846,4.7788823458980865,3.059029925468991,72.13541666666666,9.938498022989556,15.985883344716527,19.026416004227087,6.003070341331339
catboost_benchmark,CatBoost_Pred_MWH,origin_19,2026-05-28 00:00:00-07:00,2026,Spring,5,384,158.50971714583332,156.2029040623867,2.306813083446626,4.713171741627008,3.1094468179397885,73.69791666666666,9.479056683206853,16.718091263733754,19.777630699528743,5.847463540524168
catboost_benchmark,CatBoost_Pred_MWH,origin_05,2025-05-25 00:00:00-07:00,2025,Spring,5,384,153.69139593489584,155.71239067536837,-2.02099474047252,4.676774318696121,2.937212000216382,41.66666666666667,10.21114796705501,15.145246492449672,27.28341167940468,6.316706786686896
catboost_benchmark,CatBoost_Pred_MWH,origin_16,2026-03-29 00:00:00-07:00,2026,Spring,3,384,120.51718188281251,117.56835714726203,2.9488247355504686,4.667304352096646,3.752721298493256,75.52083333333334,10.256055540234792,21.974793987084524,15.386636476557968,6.115359239487509
catboost_benchmark,CatBoost_Pred_MWH,origin_08,2025-08-17 00:00:00-07:00,2025,Summer,8,384,187.771909734375,188.89555970758093,-1.123649973205936,4.524228223747109,2.4784547145459865,44.53125,8.945802368406762,13.40897839525752,34.62213829228341,6.244565819731827
catboost_benchmark,CatBoost_Pred_MWH,origin_18,2026-05-24 00:00:00-07:00,2026,Spring,5,384,142.90284213541665,141.33633922386358,1.5665029115530842,4.240803998862216,3.1517157230133184,69.53125,8.9513441514425,17.398081805622382,19.182120318502797,5.385813611884879
catboost_benchmark,CatBoost_Pred_MWH,origin_15,2026-02-28 23:00:00-08:00,2026,Winter,2,384,115.88717167708334,112.52647127318768,3.3607004038956565,4.160802181720619,3.534258264941944,83.33333333333334,7.519939786508935,14.109995311271021,9.079663188181215,4.92343348160149
catboost_benchmark,CatBoost_Pred_MWH,origin_11,2025-11-08 23:00:00-08:00,2025,Fall,11,384,122.29222068489582,118.86846017372282,3.4237605111730134,4.077176237926613,3.170032636441189,86.45833333333334,7.9943658230738475,22.946316615302166,8.746707636142062,5.47354723544619
catboost_benchmark,CatBoost_Pred_MWH,origin_14,2026-01-31 23:00:00-08:00,2026,Winter,1,384,120.6618153359375,117.39836355779994,3.2634517781375565,4.066603625857931,3.243650613602897,79.94791666666666,9.227732129900074,24.991008737499953,8.368241088297083,5.825895307548564
catboost_benchmark,CatBoost_Pred_MWH,origin_03,2025-03-30 00:00:00-07:00,2025,Spring,3,384,111.3258731328125,108.2440694772194,3.0818036555931045,3.9620200022179843,3.4633483268769627,80.72916666666666,8.584757132843045,16.30390783049353,9.203000545720656,5.047814698203279
catboost_benchmark,CatBoost_Pred_MWH,origin_13,2026-01-03 23:00:00-08:00,2026,Winter,1,384,128.126853875,125.6142240830997,2.5126297919003147,3.867454164936919,2.965145754044489,78.38541666666666,8.804970460085924,17.483650510717,10.577641214630674,5.085443846174329
catboost_benchmark,CatBoost_Pred_MWH,origin_09,2025-09-14 00:00:00-07:00,2025,Summer,9,384,162.83103684895835,162.07554617897898,0.7554906699793521,3.8594607560154546,2.3156988569091737,60.677083333333336,8.638545241554768,15.238438389513192,33.07156641530631,5.660666985054513
catboost_benchmark,CatBoost_Pred_MWH,origin_02,2024-11-09 23:00:00-08:00,2024,Fall,11,384,116.68925462760417,114.08068700973526,2.608567617868899,3.7809180525899655,3.0891627346547517,76.5625,7.899148990225086,15.7008328119895,12.321942957536635,4.8303460980667285
catboost_benchmark,CatBoost_Pred_MWH,origin_06,2025-06-22 00:00:00-07:00,2025,Summer,6,384,168.52844033593752,167.68090383515758,0.8475365007799166,3.7795663986042243,2.2448281929865037,57.552083333333336,7.8098506759885415,18.971103814375823,21.631789458467125,5.074364071625053
catboost_benchmark,CatBoost_Pred_MWH,origin_10,2025-10-12 00:00:00-07:00,2025,Fall,10,384,118.67937204947917,116.13829218009353,2.5410798693856314,3.5137315701105023,2.878482726829295,81.25,7.102006034829818,12.274435040815831,8.949022226865722,4.351922459095836
catboost_benchmark,CatBoost_Pred_MWH,origin_04,2025-04-27 00:00:00-07:00,2025,Spring,4,384,121.913576171875,123.2509583243852,-1.3373821525101939,3.434131215821979,2.717447166258806,44.01041666666667,8.107949732939382,20.221874884800656,17.963888831334828,4.8574032915372705
catboost_benchmark,CatBoost_Pred_MWH,origin_01,2024-10-13 00:00:00-07:00,2024,Fall,10,384,116.30257716666667,117.21916687038068,-0.9165897037140226,3.155694169046177,2.7449033179163482,32.29166666666667,6.144179877431494,13.49229426884358,13.13036879323667,3.9260739594301595
raw_xgb_lgb_production,Raw_Forecast_MWH,origin_17,2026-04-26 00:00:00-07:00,2026,Spring,4,384,127.136992640625,119.28985344788786,7.847139192737148,8.415062565976504,6.269607509987618,90.625,17.851569923965123,24.248216928509606,8.373386557172537,10.184352876130683
raw_xgb_lgb_production,Raw_Forecast_MWH,origin_22,2026-07-07 00:00:00-07:00,2026,Summer,7,380,187.94545492105263,185.52933880409543,2.416116116957229,6.800312930429017,3.5773734720587527,61.8421052631579,14.56552932982625,27.972984138981644,21.599857852669516,8.874890097463004
raw_xgb_lgb_production,Raw_Forecast_MWH,origin_07,2025-07-20 00:00:00-07:00,2025,Summer,7,384,157.82088622916666,151.77620276618225,6.044683462984427,6.447203608542957,3.9796777523121345,90.625,13.624011181850701,22.479086901613726,7.404434638617261,8.08304297313605
raw_xgb_lgb_production,Raw_Forecast_MWH,origin_12,2025-12-06 23:00:00-08:00,2025,Winter,12,384,139.45845884114584,134.0078969560578,5.450561885088025,6.228178668730241,4.233618625886515,86.45833333333334,12.702706339341665,19.953238048141884,19.625331582127444,7.682112717847992
raw_xgb_lgb_production,Raw_Forecast_MWH,origin_21,2026-07-06 00:00:00-07:00,2026,Summer,7,380,185.74302035789472,185.62888632219645,0.11413403569826801,5.998748529817755,3.2455878718435236,52.10526315789473,12.650467454218491,23.529144659155122,22.32773967093297,7.749507082178718
raw_xgb_lgb_production,Raw_Forecast_MWH,origin_23,2026-07-20 00:00:00-07:00,2026,Summer,7,384,200.18197833593752,196.95696257168996,3.2250157642475323,5.380844562513031,2.496716363295941,63.541666666666664,12.38686814170744,29.10940300574771,16.417774915417738,7.490439336521462
raw_xgb_lgb_production,Raw_Forecast_MWH,origin_24,2026-07-21 00:00:00-07:00,2026,Summer,7,384,200.78578864583335,197.73989663484653,3.0458920109868117,5.126167926983809,2.3561595087907454,66.14583333333334,12.290156434885663,30.28608996525162,14.772163633039554,7.243306598983774
raw_xgb_lgb_production,Raw_Forecast_MWH,origin_05,2025-05-25 00:00:00-07:00,2025,Spring,5,384,153.69139593489584,155.81753669462114,-2.126140759725301,4.73837584769866,2.9769768323639525,38.80208333333333,9.775567383394092,16.68349499394037,27.82456045632813,6.437126195060494
raw_xgb_lgb_production,Raw_Forecast_MWH,origin_16,2026-03-29 00:00:00-07:00,2026,Spring,3,384,120.51718188281251,117.41944137444504,3.097740508367462,4.674454616220058,3.741154711955417,76.30208333333334,10.462440723898359,21.840181674365482,14.295152054205616,6.1921909346764386
raw_xgb_lgb_production,Raw_Forecast_MWH,origin_08,2025-08-17 00:00:00-07:00,2025,Summer,8,384,187.771909734375,188.61382639698374,-0.8419166626087397,4.663804858320193,2.5591027080437696,47.13541666666667,9.44824575988678,14.303204077464443,33.002004501412955,6.313305252471574
raw_xgb_lgb_production,Raw_Forecast_MWH,origin_20,2026-05-29 00:00:00-07:00,2026,Spring,5,384,163.7729361171875,162.27614425683126,1.496791860356254,4.58117215108826,2.957901309247557,70.05208333333334,9.78878038105035,15.674554106132348,19.183502564731356,5.83281113254056
raw_xgb_lgb_production,Raw_Forecast_MWH,origin_19,2026-05-28 00:00:00-07:00,2026,Spring,5,384,158.50971714583332,156.63595574096868,1.8737614048646647,4.476064173928466,2.962154279337986,71.35416666666666,8.932260433652397,16.868021242971196,16.694823136240245,5.602758905584534
raw_xgb_lgb_production,Raw_Forecast_MWH,origin_11,2025-11-08 23:00:00-08:00,2025,Fall,11,384,122.29222068489582,118.66830456386253,3.623916121033304,4.215848291145548,3.283178784803044,87.5,8.47133924847408,23.48295097504358,9.005299069444732,5.5521009780926
raw_xgb_lgb_production,Raw_Forecast_MWH,origin_18,2026-05-24 00:00:00-07:00,2026,Spring,5,384,142.90284213541665,141.76757978912946,1.1352623462872051,4.198001806124618,3.1033714839208915,65.625,8.811728559066703,16.779099358103593,21.013582813549846,5.3995227876390315
raw_xgb_lgb_production,Raw_Forecast_MWH,origin_15,2026-02-28 23:00:00-08:00,2026,Winter,2,384,115.88717167708334,112.56622236089322,3.3209493161901134,4.1250257138174975,3.509980235059667,83.07291666666666,7.628250104291656,12.258234952925918,8.413969277003062,4.881642256030338
raw_xgb_lgb_production,Raw_Forecast_MWH,origin_14,2026-01-31 23:00:00-08:00,2026,Winter,1,384,120.6618153359375,117.31496662642485,3.3468487095126616,4.071832811449096,3.2495443767011025,84.375,9.326543773707611,24.84720051909295,7.9035838660851,5.802778515826378
raw_xgb_lgb_production,Raw_Forecast_MWH,origin_09,2025-09-14 00:00:00-07:00,2025,Summer,9,384,162.83103684895835,162.15807264354046,0.6729642054178729,4.004004038576963,2.3983653768975546,60.9375,8.440679799690471,14.146146206000367,33.90396087487426,5.8242492188677755
raw_xgb_lgb_production,Raw_Forecast_MWH,origin_03,2025-03-30 00:00:00-07:00,2025,Spring,3,384,111.3258731328125,108.18643126727773,3.139441865534781,3.9937401557438403,3.5048507145487515,80.20833333333334,8.217565419578309,16.180461429170066,5.775179909344999,5.040303784221769
raw_xgb_lgb_production,Raw_Forecast_MWH,origin_13,2026-01-03 23:00:00-08:00,2026,Winter,1,384,128.126853875,125.44040101259931,2.686452862400681,3.9888600057207806,3.0572078900705892,78.90625,8.8614565652455,16.98330812593308,10.691802116039469,5.18475494574931
raw_xgb_lgb_production,Raw_Forecast_MWH,origin_06,2025-06-22 00:00:00-07:00,2025,Summer,6,384,168.52844033593752,167.8837441062328,0.6446962297047005,3.801646307844327,2.2654320138709787,54.947916666666664,8.423652105167381,18.446368048594053,19.837883543500652,5.1479199802619195
raw_xgb_lgb_production,Raw_Forecast_MWH,origin_02,2024-11-09 23:00:00-08:00,2024,Fall,11,384,116.68925462760417,114.37882208652978,2.310432541074388,3.6781597135882453,3.005770390041849,72.65625,8.104734510939064,15.45515586090184,11.69556647254494,4.736897610959028
raw_xgb_lgb_production,Raw_Forecast_MWH,origin_10,2025-10-12 00:00:00-07:00,2025,Fall,10,384,118.67937204947917,115.81669334705514,2.8626787024240383,3.6739603302888546,3.0187834459700276,84.63541666666666,7.246205695587796,12.952927669620777,8.325959397719174,4.482124994081355
raw_xgb_lgb_production,Raw_Forecast_MWH,origin_04,2025-04-27 00:00:00-07:00,2025,Spring,4,384,121.913576171875,123.14307733545273,-1.2295011635777342,3.3830635927290325,2.7033509068837334,46.35416666666667,7.395003082757905,18.92604398724984,15.281500134363512,4.698480165416252
raw_xgb_lgb_production,Raw_Forecast_MWH,origin_01,2024-10-13 00:00:00-07:00,2024,Fall,10,384,116.30257716666667,117.50770078096694,-1.2051236143002753,3.253919781662605,2.86198447063749,29.166666666666668,6.085425022826845,12.637528796105954,13.946623857205452,3.9899037957758248
targeted_residual_meta_adjusted,Targeted_Meta_Adjusted_Forecast_MWH,origin_22,2026-07-07 00:00:00-07:00,2026,Summer,7,380,187.94545492105263,185.520634038834,2.4248208822186244,6.803488262511732,3.548738456887077,59.73684210526316,15.163889502734182,28.408080306861166,21.599857852669516,8.95267680954991
targeted_residual_meta_adjusted,Targeted_Meta_Adjusted_Forecast_MWH,origin_17,2026-04-26 00:00:00-07:00,2026,Spring,4,384,127.136992640625,121.71377997824237,5.423212662382627,6.383294997139171,4.743132984882033,85.15625,13.988049696405916,20.402481779428996,9.959676255691704,7.937690705623881
targeted_residual_meta_adjusted,Targeted_Meta_Adjusted_Forecast_MWH,origin_21,2026-07-06 00:00:00-07:00,2026,Summer,7,380,185.74302035789472,185.34174516709533,0.40127519079942015,5.92950905960377,3.187520999475048,51.05263157894737,12.926078619028601,24.8910068602045,23.114263410287947,7.753427865113145
targeted_residual_meta_adjusted,Targeted_Meta_Adjusted_Forecast_MWH,origin_07,2025-07-20 00:00:00-07:00,2025,Summer,7,384,157.82088622916666,152.6421791461336,5.17870708303305,5.796277614593358,3.510329266765042,85.9375,12.832075193470057,21.625459850740754,9.862013082407316,7.498140971855257
targeted_residual_meta_adjusted,Targeted_Meta_Adjusted_Forecast_MWH,origin_23,2026-07-20 00:00:00-07:00,2026,Summer,7,384,200.18197833593752,196.57704755358031,3.6049307823571755,5.3163229142988575,2.4324685147980687,66.92708333333334,12.405472099532847,28.842009539453898,11.777498819333147,7.518764520587486
targeted_residual_meta_adjusted,Targeted_Meta_Adjusted_Forecast_MWH,origin_08,2025-08-17 00:00:00-07:00,2025,Summer,8,384,187.771909734375,190.1974664419988,-2.4255567076238225,5.309929287408288,2.9435945137337822,32.03125,10.911279025397805,14.303204077464443,36.653556660308965,7.097614702227473
targeted_residual_meta_adjusted,Targeted_Meta_Adjusted_Forecast_MWH,origin_24,2026-07-21 00:00:00-07:00,2026,Summer,7,384,200.78578864583335,197.26534802088884,3.5204406249444786,5.0041009856850005,2.2522178478736183,67.96875,11.952550115755331,30.33283472895775,12.594052714820634,7.256490657830777
targeted_residual_meta_adjusted,Targeted_Meta_Adjusted_Forecast_MWH,origin_05,2025-05-25 00:00:00-07:00,2025,Spring,5,384,153.69139593489584,154.44849640911974,-0.7571004742238986,4.549250667084006,2.826220058858905,46.09375,9.754584601258511,20.768889166059978,27.82456045632813,6.452259929949559
targeted_residual_meta_adjusted,Targeted_Meta_Adjusted_Forecast_MWH,origin_02,2024-11-09 23:00:00-08:00,2024,Fall,11,384,116.68925462760417,113.00592835230492,3.6833262752992444,4.295762826176309,3.4857988631756935,82.8125,8.971128706979743,16.943894342968775,10.41113034677889,5.479445697018931
targeted_residual_meta_adjusted,Targeted_Meta_Adjusted_Forecast_MWH,origin_16,2026-03-29 00:00:00-07:00,2026,Spring,3,384,120.51718188281251,118.48733091584091,2.0298509669715887,4.185453871251254,3.374555183000581,63.802083333333336,9.103018620524292,21.633728802345672,14.277328010904313,5.55405701986971
targeted_residual_meta_adjusted,Targeted_Meta_Adjusted_Forecast_MWH,origin_20,2026-05-29 00:00:00-07:00,2026,Spring,5,384,163.7729361171875,164.01429235207524,-0.24135623488774674,3.9932870731372216,2.4873849179203016,54.166666666666664,9.109230628683648,12.255971866054452,19.41061926305545,5.429493200057638
targeted_residual_meta_adjusted,Targeted_Meta_Adjusted_Forecast_MWH,origin_18,2026-05-24 00:00:00-07:00,2026,Spring,5,384,142.90284213541665,143.74783594213739,-0.8449938067207189,3.924902267972339,2.795093189841818,47.91666666666667,8.157997562645887,12.044576854130383,22.08360695899387,5.330307532265045
targeted_residual_meta_adjusted,Targeted_Meta_Adjusted_Forecast_MWH,origin_09,2025-09-14 00:00:00-07:00,2025,Summer,9,384,162.83103684895835,163.2692740400291,-0.43823719107078296,3.914068634868414,2.356939341412626,48.4375,8.349116643615336,11.774819977814218,34.75616643520837,5.956230433553288
targeted_residual_meta_adjusted,Targeted_Meta_Adjusted_Forecast_MWH,origin_15,2026-02-28 23:00:00-08:00,2026,Winter,2,384,115.88717167708334,113.16209866213103,2.7250730149522995,3.8165081900319886,3.2619724978737565,78.38541666666666,7.329388659994239,10.788740152195729,8.598781034961348,4.518586649098771
targeted_residual_meta_adjusted,Targeted_Meta_Adjusted_Forecast_MWH,origin_12,2025-12-06 23:00:00-08:00,2025,Winter,12,384,139.45845884114584,137.08829163063703,2.3701672105087894,3.790952336583999,2.6230515858021977,78.64583333333334,7.478530204383097,11.953238048141884,27.625331582127444,4.968771978545319
targeted_residual_meta_adjusted,Targeted_Meta_Adjusted_Forecast_MWH,origin_19,2026-05-28 00:00:00-07:00,2026,Spring,5,384,158.50971714583332,158.34678845609125,0.16292868974209132,3.785963289134744,2.4060701737769437,57.8125,8.327486432255586,12.830887771516416,15.999303268721917,5.032167493848608
targeted_residual_meta_adjusted,Targeted_Meta_Adjusted_Forecast_MWH,origin_06,2025-06-22 00:00:00-07:00,2025,Summer,6,384,168.52844033593752,167.4297303359643,1.098709999973175,3.7357220910134803,2.238065291958218,59.114583333333336,8.326684040548635,18.690850320932498,19.143135262909283,5.082424446609437
targeted_residual_meta_adjusted,Targeted_Meta_Adjusted_Forecast_MWH,origin_13,2026-01-03 23:00:00-08:00,2026,Winter,1,384,128.126853875,126.25799762447679,1.868856250523215,3.510309698565442,2.696698934344098,71.875,8.246238832515806,17.731911384730836,11.647384484736904,4.726515602178009
targeted_residual_meta_adjusted,Targeted_Meta_Adjusted_Forecast_MWH,origin_03,2025-03-30 00:00:00-07:00,2025,Spring,3,384,111.3258731328125,109.18221083174713,2.143662301065361,3.4599691262970023,3.027048686720061,68.22916666666666,6.878623468150703,14.69158601494918,7.038414494064881,4.435830948971005
targeted_residual_meta_adjusted,Targeted_Meta_Adjusted_Forecast_MWH,origin_11,2025-11-08 23:00:00-08:00,2025,Fall,11,384,122.29222068489582,120.03969793559462,2.252522749301227,3.246221671129197,2.5343890654117174,77.34375,6.616932538122473,22.623726265828978,10.626223063151869,4.60604507435561
targeted_residual_meta_adjusted,Targeted_Meta_Adjusted_Forecast_MWH,origin_14,2026-01-31 23:00:00-08:00,2026,Winter,1,384,120.6618153359375,118.46223328293344,2.199582053004059,3.2322342436975107,2.5745292144140417,70.83333333333334,7.774407796984674,21.158548247499027,8.456695420572643,4.703336956718041
targeted_residual_meta_adjusted,Targeted_Meta_Adjusted_Forecast_MWH,origin_04,2025-04-27 00:00:00-07:00,2025,Spring,4,384,121.913576171875,123.01929192851692,-1.105715756641918,2.9392594509445025,2.3266369352708662,43.75,6.593043652279709,18.39379482709137,15.281500134363512,4.198105860847142
targeted_residual_meta_adjusted,Targeted_Meta_Adjusted_Forecast_MWH,origin_10,2025-10-12 00:00:00-07:00,2025,Fall,10,384,118.67937204947917,116.86393173627131,1.8154403132078505,2.8734719922609777,2.35518671300473,77.08333333333334,6.1612057871544135,11.220190895048802,9.59623755616019,3.6759140506195984
targeted_residual_meta_adjusted,Targeted_Meta_Adjusted_Forecast_MWH,origin_01,2024-10-13 00:00:00-07:00,2024,Fall,10,384,116.30257716666667,115.28316543409458,1.0194117325720904,2.6720996284516185,2.181384145501755,51.041666666666664,6.735635708754908,16.34231349304926,9.998720014868297,3.902110940151437
residual_calibrated,Residual_Calibrated_Forecast_MWH,origin_22,2026-07-07 00:00:00-07:00,2026,Summer,7,380,187.94545492105263,185.09100527219647,2.8544496488561686,6.968394474012528,3.5899486425773897,61.31578947368421,15.800856640144096,29.229709072110296,21.133585045965788,9.249071056545699
residual_calibrated,Residual_Calibrated_Forecast_MWH,origin_21,2026-07-06 00:00:00-07:00,2026,Summer,7,380,185.74302035789472,184.71941786241243,1.023602495482312,6.038480064381556,3.19580824540407,53.94736842105263,13.427406545780087,27.117289083532256,23.82733020390276,8.043174645148044
residual_calibrated,Residual_Calibrated_Forecast_MWH,origin_08,2025-08-17 00:00:00-07:00,2025,Summer,8,384,187.771909734375,191.85636404256311,-4.08445430818811,5.896901635937078,3.3495852093542116,23.4375,11.676744521003116,11.385051496985,39.365826634951986,7.8236430721216585
residual_calibrated,Residual_Calibrated_Forecast_MWH,origin_23,2026-07-20 00:00:00-07:00,2026,Summer,7,384,200.18197833593752,196.12716260102692,4.0548157349106,5.692374498330845,2.6156364619758077,70.3125,13.349626945260155,29.3157274946619,10.9472116017688,7.856619449111059
residual_calibrated,Residual_Calibrated_Forecast_MWH,origin_07,2025-07-20 00:00:00-07:00,2025,Summer,7,384,157.82088622916666,153.15557807693142,4.665308152235253,5.407042102821003,3.2865912651776004,83.33333333333334,11.909541211105527,21.26010125341665,10.336546817314627,7.035398494618621
residual_calibrated,Residual_Calibrated_Forecast_MWH,origin_24,2026-07-21 00:00:00-07:00,2026,Summer,7,384,200.78578864583335,196.82535463690365,3.9604340089296772,5.300223738277922,2.384214439908465,70.3125,12.441469024740506,30.917313509451418,11.351795059805227,7.583609710318199
residual_calibrated,Residual_Calibrated_Forecast_MWH,origin_17,2026-04-26 00:00:00-07:00,2026,Spring,4,384,127.136992640625,123.4457933795216,3.6911992611034052,5.146332549102154,3.823584265447224,77.08333333333334,11.373648725708456,17.214068891215334,11.166973182917417,6.578432943782283
residual_calibrated,Residual_Calibrated_Forecast_MWH,origin_02,2024-11-09 23:00:00-08:00,2024,Fall,11,384,116.68925462760417,112.49610917756287,4.193145450041288,4.624559107907712,3.7878455184154354,87.76041666666666,8.994874539671398,16.814955707561666,10.082326973066415,5.741403399883183
residual_calibrated,Residual_Calibrated_Forecast_MWH,origin_05,2025-05-25 00:00:00-07:00,2025,Spring,5,384,153.69139593489584,153.76409168783294,-0.07269575293710955,4.523056553048124,2.8211975349613727,50.260416666666664,10.282794678983688,22.256414072221617,26.678872365763283,6.4326184553475905
residual_calibrated,Residual_Calibrated_Forecast_MWH,origin_18,2026-05-24 00:00:00-07:00,2026,Spring,5,384,142.90284213541665,145.34653466540874,-2.443692529992067,4.250566716830911,2.939753012285422,35.41666666666667,9.169239901878486,11.11955793273333,23.17356249541794,5.874244686721093
residual_calibrated,Residual_Calibrated_Forecast_MWH,origin_20,2026-05-29 00:00:00-07:00,2026,Spring,5,384,163.7729361171875,165.79370588379857,-2.020769766611058,4.115558079605956,2.525358572319921,37.5,9.689590150214439,11.668304706167959,20.377273406250538,5.745819025764369
residual_calibrated,Residual_Calibrated_Forecast_MWH,origin_16,2026-03-29 00:00:00-07:00,2026,Spring,3,384,120.51718188281251,119.81507595973602,0.7021059230764873,3.937654288172425,3.1978195934792253,54.6875,8.200273696257623,21.044321743397376,15.297893498508031,5.183243362480209
residual_calibrated,Residual_Calibrated_Forecast_MWH,origin_09,2025-09-14 00:00:00-07:00,2025,Summer,9,384,162.83103684895835,164.4819228990548,-1.650886050096462,3.8914865183932794,2.4136064797945136,39.58333333333333,7.413955521382865,8.968275700981565,35.87208726248096,6.18317262177377
residual_calibrated,Residual_Calibrated_Forecast_MWH,origin_06,2025-06-22 00:00:00-07:00,2025,Summer,6,384,168.52844033593752,167.0889011994864,1.4395391364510886,3.8680366424700097,2.3239665024153484,60.9375,8.492261241534642,17.918679283087954,18.116494695209667,5.189543270140872
residual_calibrated,Residual_Calibrated_Forecast_MWH,origin_19,2026-05-28 00:00:00-07:00,2026,Spring,5,384,158.50971714583332,159.93949248618983,-1.429775340356487,3.8183385481151286,2.366494153569777,40.36458333333333,9.146691264483948,12.307065135129278,17.461414942410897,5.205406124807589
residual_calibrated,Residual_Calibrated_Forecast_MWH,origin_15,2026-02-28 23:00:00-08:00,2026,Winter,2,384,115.88717167708334,114.49294653295215,1.394225144131184,3.17754337467909,2.7135142236222265,67.70833333333334,6.449349483927417,9.266353353099959,9.833655941931255,3.862698623122828
residual_calibrated,Residual_Calibrated_Forecast_MWH,origin_13,2026-01-03 23:00:00-08:00,2026,Winter,1,384,128.126853875,127.98119300422378,0.14566087077620848,3.1123953789275873,2.42102418646454,50.260416666666664,7.118874103439384,15.791586220857909,13.93842068625672,4.352284689836108
residual_calibrated,Residual_Calibrated_Forecast_MWH,origin_04,2025-04-27 00:00:00-07:00,2025,Spring,4,384,121.913576171875,123.79795859852207,-1.884382426647074,3.0584190076738325,2.435308774648696,29.6875,6.9024010460272756,17.90815300048112,15.858096837232637,4.2997816231085615
residual_calibrated,Residual_Calibrated_Forecast_MWH,origin_03,2025-03-30 00:00:00-07:00,2025,Spring,3,384,111.3258731328125,110.41482737386862,0.9110457589438751,3.0331220294009875,2.6610011390328383,58.333333333333336,6.162275586112537,14.052709966719277,7.323667448019506,3.857693129222167
residual_calibrated,Residual_Calibrated_Forecast_MWH,origin_12,2025-12-06 23:00:00-08:00,2025,Winter,12,384,139.45845884114584,138.48227755123574,0.9761812899100802,2.9843301761380796,2.095062906114197,69.27083333333334,5.847225788629626,9.800805585380886,29.97617692852856,4.330154656172141
residual_calibrated,Residual_Calibrated_Forecast_MWH,origin_14,2026-01-31 23:00:00-08:00,2026,Winter,1,384,120.6618153359375,119.92613320795412,0.7356821279833851,2.882566602718656,2.2995043364604197,51.822916666666664,6.871176521871322,19.877245651836162,9.661817709306206,4.203118335682594
residual_calibrated,Residual_Calibrated_Forecast_MWH,origin_01,2024-10-13 00:00:00-07:00,2024,Fall,10,384,116.30257716666667,114.14859857216442,2.153978594502245,2.872161334058877,2.2962605501470157,73.4375,7.7184649465325945,16.972643397440038,8.958412126819525,4.24841020475417
residual_calibrated,Residual_Calibrated_Forecast_MWH,origin_11,2025-11-08 23:00:00-08:00,2025,Fall,11,384,122.29222068489582,121.0552629838795,1.2369577010163404,2.8194468190490682,2.219060197813677,65.625,5.918586587368777,22.060815411627942,11.223009605622323,4.239241499994709
residual_calibrated,Residual_Calibrated_Forecast_MWH,origin_10,2025-10-12 00:00:00-07:00,2025,Fall,10,384,118.67937204947917,117.66375881201152,1.015613237467635,2.5133007647925423,2.0626362384750396,67.70833333333334,5.741683917150683,10.672971873341197,10.150739762297562,3.3257294448395185
warm_ramp_adjusted,Warm_Ramp_Adjusted_Forecast_MWH,origin_22,2026-07-07 00:00:00-07:00,2026,Summer,7,380,187.94545492105263,185.09100527219647,2.8544496488561686,6.968394474012528,3.5899486425773897,61.31578947368421,15.800856640144096,29.229709072110296,21.133585045965788,9.249071056545699
warm_ramp_adjusted,Warm_Ramp_Adjusted_Forecast_MWH,origin_21,2026-07-06 00:00:00-07:00,2026,Summer,7,380,185.74302035789472,184.71941786241243,1.023602495482312,6.038480064381556,3.19580824540407,53.94736842105263,13.427406545780087,27.117289083532256,23.82733020390276,8.043174645148044
warm_ramp_adjusted,Warm_Ramp_Adjusted_Forecast_MWH,origin_08,2025-08-17 00:00:00-07:00,2025,Summer,8,384,187.771909734375,191.85636404256311,-4.08445430818811,5.896901635937078,3.3495852093542116,23.4375,11.676744521003116,11.385051496985,39.365826634951986,7.8236430721216585
warm_ramp_adjusted,Warm_Ramp_Adjusted_Forecast_MWH,origin_23,2026-07-20 00:00:00-07:00,2026,Summer,7,384,200.18197833593752,196.12716260102692,4.0548157349106,5.692374498330845,2.6156364619758077,70.3125,13.349626945260155,29.3157274946619,10.9472116017688,7.856619449111059
warm_ramp_adjusted,Warm_Ramp_Adjusted_Forecast_MWH,origin_07,2025-07-20 00:00:00-07:00,2025,Summer,7,384,157.82088622916666,153.15557807693142,4.665308152235253,5.407042102821003,3.2865912651776004,83.33333333333334,11.909541211105527,21.26010125341665,10.336546817314627,7.035398494618621
warm_ramp_adjusted,Warm_Ramp_Adjusted_Forecast_MWH,origin_24,2026-07-21 00:00:00-07:00,2026,Summer,7,384,200.78578864583335,196.82535463690365,3.9604340089296772,5.300223738277922,2.384214439908465,70.3125,12.441469024740506,30.917313509451418,11.351795059805227,7.583609710318199
warm_ramp_adjusted,Warm_Ramp_Adjusted_Forecast_MWH,origin_17,2026-04-26 00:00:00-07:00,2026,Spring,4,384,127.136992640625,124.04926702428246,3.0877256163425475,4.760556750281919,3.6072486293359414,75.0,9.864263728812505,16.33336911268526,11.166973182917417,5.998724401352806
warm_ramp_adjusted,Warm_Ramp_Adjusted_Forecast_MWH,origin_05,2025-05-25 00:00:00-07:00,2025,Spring,5,384,153.69139593489584,153.62693531543235,0.06446061946348136,4.637434814570592,2.896751173182013,51.041666666666664,10.282794678983688,22.256414072221617,26.678872365763283,6.508914389018361
warm_ramp_adjusted,Warm_Ramp_Adjusted_Forecast_MWH,origin_02,2024-11-09 23:00:00-08:00,2024,Fall,11,384,116.68925462760417,112.49610917756287,4.193145450041288,4.624559107907712,3.7878455184154354,87.76041666666666,8.994874539671398,16.814955707561666,10.082326973066415,5.741403399883183
warm_ramp_adjusted,Warm_Ramp_Adjusted_Forecast_MWH,origin_18,2026-05-24 00:00:00-07:00,2026,Spring,5,384,142.90284213541665,145.6137260140797,-2.7108838786630316,4.385012602273362,3.029974217711001,32.55208333333333,9.676686761525012,11.11955793273333,23.17356249541794,6.051055571903396
warm_ramp_adjusted,Warm_Ramp_Adjusted_Forecast_MWH,origin_20,2026-05-29 00:00:00-07:00,2026,Spring,5,384,163.7729361171875,165.89492543489044,-2.1219893177029294,4.030868847063446,2.4747465944492886,36.45833333333333,9.689590150214439,11.668304706167959,20.377273406250538,5.703448070203326
warm_ramp_adjusted,Warm_Ramp_Adjusted_Forecast_MWH,origin_16,2026-03-29 00:00:00-07:00,2026,Spring,3,384,120.51718188281251,120.4186833437282,0.09849853908429558,3.9210823488915163,3.1976580096874687,51.822916666666664,8.216576335189432,21.044321743397376,15.297893498508031,5.21217393225315
warm_ramp_adjusted,Warm_Ramp_Adjusted_Forecast_MWH,origin_09,2025-09-14 00:00:00-07:00,2025,Summer,9,384,162.83103684895835,164.4819228990548,-1.650886050096462,3.8914865183932794,2.4136064797945136,39.58333333333333,7.413955521382865,8.968275700981565,35.87208726248096,6.18317262177377
warm_ramp_adjusted,Warm_Ramp_Adjusted_Forecast_MWH,origin_06,2025-06-22 00:00:00-07:00,2025,Summer,6,384,168.52844033593752,167.0889011994864,1.4395391364510886,3.8680366424700097,2.3239665024153484,60.9375,8.492261241534642,17.918679283087954,18.116494695209667,5.189543270140872
warm_ramp_adjusted,Warm_Ramp_Adjusted_Forecast_MWH,origin_19,2026-05-28 00:00:00-07:00,2026,Spring,5,384,158.50971714583332,160.04063085206002,-1.5309137062266858,3.7508479303610573,2.3269455092425386,38.54166666666667,8.653151146669554,12.307065135129278,17.461414942410897,5.147215677401617
warm_ramp_adjusted,Warm_Ramp_Adjusted_Forecast_MWH,origin_15,2026-02-28 23:00:00-08:00,2026,Winter,2,384,115.88717167708334,114.49294653295215,1.394225144131184,3.17754337467909,2.7135142236222265,67.70833333333334,6.449349483927417,9.266353353099959,9.833655941931255,3.862698623122828
warm_ramp_adjusted,Warm_Ramp_Adjusted_Forecast_MWH,origin_13,2026-01-03 23:00:00-08:00,2026,Winter,1,384,128.126853875,127.98119300422378,0.14566087077620848,3.1123953789275873,2.42102418646454,50.260416666666664,7.118874103439384,15.791586220857909,13.93842068625672,4.352284689836108
warm_ramp_adjusted,Warm_Ramp_Adjusted_Forecast_MWH,origin_03,2025-03-30 00:00:00-07:00,2025,Spring,3,384,111.3258731328125,110.56643117553394,0.7594419572785677,3.082463746845774,2.696688816045109,58.072916666666664,6.046872618755711,14.052709966719277,8.736209377322368,3.9064371011918038
warm_ramp_adjusted,Warm_Ramp_Adjusted_Forecast_MWH,origin_04,2025-04-27 00:00:00-07:00,2025,Spring,4,384,121.913576171875,123.70882104194446,-1.7952448700694479,3.0039745160309113,2.389050311252915,29.947916666666668,6.598829646191466,17.90815300048112,15.858096837232637,4.2122449482515725
warm_ramp_adjusted,Warm_Ramp_Adjusted_Forecast_MWH,origin_12,2025-12-06 23:00:00-08:00,2025,Winter,12,384,139.45845884114584,138.48227755123574,0.9761812899100802,2.9843301761380796,2.095062906114197,69.27083333333334,5.847225788629626,9.800805585380886,29.97617692852856,4.330154656172141
warm_ramp_adjusted,Warm_Ramp_Adjusted_Forecast_MWH,origin_01,2024-10-13 00:00:00-07:00,2024,Fall,10,384,116.30257716666667,114.06121218564904,2.2413649810176284,2.9717736629874936,2.3646040063208136,73.69791666666666,7.8643087744808735,16.880874440558387,8.958412126819525,4.342837505282081
warm_ramp_adjusted,Warm_Ramp_Adjusted_Forecast_MWH,origin_14,2026-01-31 23:00:00-08:00,2026,Winter,1,384,120.6618153359375,119.92613320795412,0.7356821279833851,2.882566602718656,2.2995043364604197,51.822916666666664,6.871176521871322,19.877245651836162,9.661817709306206,4.203118335682594
warm_ramp_adjusted,Warm_Ramp_Adjusted_Forecast_MWH,origin_11,2025-11-08 23:00:00-08:00,2025,Fall,11,384,122.29222068489582,121.10613429123026,1.1860863936655794,2.8262895266638157,2.2245219602220843,65.36458333333334,5.95192783417082,22.060815411627942,11.223009605622323,4.2644804501384455
warm_ramp_adjusted,Warm_Ramp_Adjusted_Forecast_MWH,origin_10,2025-10-12 00:00:00-07:00,2025,Fall,10,384,118.67937204947917,117.79245667431786,0.8869153751613105,2.3956706149655176,1.982938829623178,66.14583333333334,5.42794719116666,10.672971873341197,10.150739762297562,3.1798140501352297
cloud_solar_adjusted,Cloud_Solar_Adjusted_Forecast_MWH,origin_22,2026-07-07 00:00:00-07:00,2026,Summer,7,380,187.94545492105263,185.08503023359233,2.8604246874602843,6.965234562025788,3.5885040693526884,61.05263157894737,15.800856640144096,29.229709072110296,21.133585045965788,9.245553552621566
cloud_solar_adjusted,Cloud_Solar_Adjusted_Forecast_MWH,origin_21,2026-07-06 00:00:00-07:00,2026,Summer,7,380,185.74302035789472,184.71676389916948,1.0262564587252485,6.03920274808352,3.1963982418449124,53.94736842105263,13.459377098721962,26.900280339118183,23.82733020390276,8.041409456632199
cloud_solar_adjusted,Cloud_Solar_Adjusted_Forecast_MWH,origin_08,2025-08-17 00:00:00-07:00,2025,Summer,8,384,187.771909734375,191.8628067804232,-4.090897046048198,5.903766913348836,3.3527388792911084,23.4375,11.714989510474588,11.385051496985,39.365826634951986,7.833510579636187
cloud_solar_adjusted,Cloud_Solar_Adjusted_Forecast_MWH,origin_23,2026-07-20 00:00:00-07:00,2026,Summer,7,384,200.18197833593752,196.11853568319262,4.063442652744857,5.681046405908856,2.61160126115333,70.3125,13.349626945260155,29.3157274946619,10.9472116017688,7.849564023777158
cloud_solar_adjusted,Cloud_Solar_Adjusted_Forecast_MWH,origin_07,2025-07-20 00:00:00-07:00,2025,Summer,7,384,157.82088622916666,153.15360024643857,4.6672859827281075,5.410318589264154,3.289526185363784,83.33333333333334,11.909541211105527,21.26010125341665,10.154706214916246,7.036717159145471
cloud_solar_adjusted,Cloud_Solar_Adjusted_Forecast_MWH,origin_24,2026-07-21 00:00:00-07:00,2026,Summer,7,384,200.78578864583335,196.81432311727482,3.9714655285585114,5.28611465316864,2.3785078695098925,70.05208333333334,12.676016203991608,30.917313509451418,11.351795059805227,7.57884216205786
cloud_solar_adjusted,Cloud_Solar_Adjusted_Forecast_MWH,origin_17,2026-04-26 00:00:00-07:00,2026,Spring,4,384,127.136992640625,124.08147059674211,3.055522043882903,4.71407410496242,3.5687734457154754,75.0,9.821270056882991,16.33336911268526,11.255114619176268,5.949228252825983
cloud_solar_adjusted,Cloud_Solar_Adjusted_Forecast_MWH,origin_05,2025-05-25 00:00:00-07:00,2025,Spring,5,384,153.69139593489584,153.63240996252588,0.05898597236993175,4.6358332086991565,2.8953317472670714,51.041666666666664,10.282794678983688,22.256414072221617,26.678872365763283,6.507829149593958
cloud_solar_adjusted,Cloud_Solar_Adjusted_Forecast_MWH,origin_02,2024-11-09 23:00:00-08:00,2024,Fall,11,384,116.68925462760417,112.54645571140371,4.142798916200472,4.555567579215445,3.7406370605303825,88.54166666666666,8.377942237003573,16.83909708631876,9.686388253492098,5.6440385523660375
cloud_solar_adjusted,Cloud_Solar_Adjusted_Forecast_MWH,origin_18,2026-05-24 00:00:00-07:00,2026,Spring,5,384,142.90284213541665,145.64751532360825,-2.744673188191562,4.373081662436271,3.021015259378403,32.55208333333333,9.661021931190403,10.80224488054003,23.17356249541794,6.041041480353698
cloud_solar_adjusted,Cloud_Solar_Adjusted_Forecast_MWH,origin_20,2026-05-29 00:00:00-07:00,2026,Spring,5,384,163.7729361171875,165.92271814368115,-2.149782026493647,4.008802294613953,2.458748169649945,36.45833333333333,9.514561107767104,11.008358147067668,20.377273406250538,5.681227616059155
cloud_solar_adjusted,Cloud_Solar_Adjusted_Forecast_MWH,origin_09,2025-09-14 00:00:00-07:00,2025,Summer,9,384,162.83103684895835,164.48325939679816,-1.6522225478398251,3.8969792554214426,2.4162614066613144,39.84375,7.38944435088949,8.968275700981565,36.41334292588766,6.213723559896921
cloud_solar_adjusted,Cloud_Solar_Adjusted_Forecast_MWH,origin_16,2026-03-29 00:00:00-07:00,2026,Spring,3,384,120.51718188281251,120.47827359303164,0.03890828978085292,3.885917421796089,3.1726481860789484,50.78125,8.362950860029752,17.465585870660007,15.297893498508031,5.146776301206472
cloud_solar_adjusted,Cloud_Solar_Adjusted_Forecast_MWH,origin_06,2025-06-22 00:00:00-07:00,2025,Summer,6,384,168.52844033593752,167.08313730677662,1.4453030291608882,3.8607819956283347,2.3194947859854818,60.9375,8.428843900711124,17.918679283087954,18.116494695209667,5.183117993027545
cloud_solar_adjusted,Cloud_Solar_Adjusted_Forecast_MWH,origin_19,2026-05-28 00:00:00-07:00,2026,Spring,5,384,158.50971714583332,160.07115049901705,-1.5614333531837186,3.7268542235127815,2.309824147560215,38.80208333333333,8.633966208468475,11.089213949264206,17.461414942410897,5.117144184395382
cloud_solar_adjusted,Cloud_Solar_Adjusted_Forecast_MWH,origin_13,2026-01-03 23:00:00-08:00,2026,Winter,1,384,128.126853875,128.1154990555921,0.011354819407895475,3.203634873030086,2.4975408734651903,50.260416666666664,7.4028891456379045,15.710283026841452,16.809115615751466,4.493399643455046
cloud_solar_adjusted,Cloud_Solar_Adjusted_Forecast_MWH,origin_15,2026-02-28 23:00:00-08:00,2026,Winter,2,384,115.88717167708334,114.4587135672589,1.428458109824428,3.201508836769383,2.7348880466078036,68.22916666666666,6.483770296755225,9.510628864867215,9.973316105464718,3.8890814173980415
cloud_solar_adjusted,Cloud_Solar_Adjusted_Forecast_MWH,origin_03,2025-03-30 00:00:00-07:00,2025,Spring,3,384,111.3258731328125,110.5760914930213,0.7497816397912122,3.0885307879916724,2.702846756994244,57.8125,5.971845022549857,14.157186347066357,8.736209377322368,3.8985771976695616
cloud_solar_adjusted,Cloud_Solar_Adjusted_Forecast_MWH,origin_01,2024-10-13 00:00:00-07:00,2024,Fall,10,384,116.30257716666667,113.99622392787005,2.306353238796614,3.016846993233879,2.4034134899539237,74.21875,7.926986247584439,16.979832983837127,8.958412126819525,4.414446667676914
cloud_solar_adjusted,Cloud_Solar_Adjusted_Forecast_MWH,origin_04,2025-04-27 00:00:00-07:00,2025,Spring,4,384,121.913576171875,123.71949442190702,-1.8059182500320194,3.0098398544477045,2.394621153273179,29.427083333333332,6.598829646191466,17.841023561318053,15.858096837232637,4.2132525696927425
cloud_solar_adjusted,Cloud_Solar_Adjusted_Forecast_MWH,origin_12,2025-12-06 23:00:00-08:00,2025,Winter,12,384,139.45845884114584,138.7216341133087,0.7368247278371242,2.9086005717157786,2.0486351148115065,65.88541666666666,5.4503217459499895,9.649641820971937,30.497786769467353,4.3314634718245
cloud_solar_adjusted,Cloud_Solar_Adjusted_Forecast_MWH,origin_14,2026-01-31 23:00:00-08:00,2026,Winter,1,384,120.6618153359375,119.9929591594066,0.6688561765309157,2.860144421253297,2.284534631256857,51.302083333333336,6.558599321524472,19.749193360332654,9.644495072842076,4.1482256613683814
cloud_solar_adjusted,Cloud_Solar_Adjusted_Forecast_MWH,origin_11,2025-11-08 23:00:00-08:00,2025,Fall,11,384,122.29222068489582,121.1628207319748,1.1293999529210417,2.829424384121333,2.2282958776807704,64.84375,5.936499141285813,22.244155622603586,11.259484241862125,4.255678713555679
cloud_solar_adjusted,Cloud_Solar_Adjusted_Forecast_MWH,origin_10,2025-10-12 00:00:00-07:00,2025,Fall,10,384,118.67937204947917,117.79337757257838,0.885994476900791,2.421971189615317,2.004140094085563,66.40625,5.616006933873331,10.882998215107449,10.34332394437331,3.2221977395683736
recent_corrected_simulation,Recent_Corrected_Forecast_MWH,origin_22,2026-07-07 00:00:00-07:00,2026,Summer,7,380,187.94545492105263,185.03861803472572,2.906836886326934,6.9644455736377235,3.584461561896982,61.31578947368421,15.805421842994035,29.21754157538774,21.133585045965788,9.257375777370774
recent_corrected_simulation,Recent_Corrected_Forecast_MWH,origin_08,2025-08-17 00:00:00-07:00,2025,Summer,8,384,187.771909734375,192.4340439937397,-4.662134259364688,6.309570636942092,3.6035565595206616,21.875,12.248934547386437,11.385051496985,40.53005457402719,8.263803255248439
recent_corrected_simulation,Recent_Corrected_Forecast_MWH,origin_21,2026-07-06 00:00:00-07:00,2026,Summer,7,380,185.74302035789472,184.70772267904303,1.0352976788517254,6.029808129411009,3.188849257028401,53.94736842105263,13.580179083777775,27.065416691715768,23.96795835151903,8.04876741708943
recent_corrected_simulation,Recent_Corrected_Forecast_MWH,origin_23,2026-07-20 00:00:00-07:00,2026,Summer,7,384,200.18197833593752,196.0963802057778,4.085598130159691,5.6924319707304205,2.620849853357751,70.05208333333334,13.283448739229266,29.0465102106902,11.214085471635599,7.841692649808768
recent_corrected_simulation,Recent_Corrected_Forecast_MWH,origin_24,2026-07-21 00:00:00-07:00,2026,Summer,7,384,200.78578864583335,197.11618771874734,3.669600927086,5.187539025195128,2.340694862730253,67.44791666666666,12.494566146546921,29.609263588756193,11.881869254873493,7.416647645588873
recent_corrected_simulation,Recent_Corrected_Forecast_MWH,origin_07,2025-07-20 00:00:00-07:00,2025,Summer,7,384,157.82088622916666,153.7934024284191,4.027483800747551,5.048354926859155,3.0412225197608804,79.6875,11.178599107382848,20.423193312112744,10.835720467278236,6.6670279509331705
recent_corrected_simulation,Recent_Corrected_Forecast_MWH,origin_02,2024-11-09 23:00:00-08:00,2024,Fall,11,384,116.68925462760417,112.16654776899645,4.522706858607719,4.84531715374862,3.9976198329495687,90.625,8.756320885447886,16.980678547700705,9.34162041964413,5.895006047395134
recent_corrected_simulation,Recent_Corrected_Forecast_MWH,origin_05,2025-05-25 00:00:00-07:00,2025,Spring,5,384,153.69139593489584,153.5838112016781,0.10758473321774815,4.633764990826024,2.8940588849914968,51.041666666666664,10.29679539304652,22.344702290854883,26.678872365763283,6.5086302481952245
recent_corrected_simulation,Recent_Corrected_Forecast_MWH,origin_17,2026-04-26 00:00:00-07:00,2026,Spring,4,384,127.136992640625,124.52907040936033,2.607922231264668,4.51801799140195,3.4154700847849977,71.61458333333334,9.406237864972741,16.33336911268526,11.652758534694001,5.763678052429978
recent_corrected_simulation,Recent_Corrected_Forecast_MWH,origin_18,2026-05-24 00:00:00-07:00,2026,Spring,5,384,142.90284213541665,145.38706108356166,-2.4842189481449894,4.296099879573204,2.967694763792432,35.41666666666667,9.361580369969293,11.180840029403612,22.83795112514659,5.925072211295417
recent_corrected_simulation,Recent_Corrected_Forecast_MWH,origin_09,2025-09-14 00:00:00-07:00,2025,Summer,9,384,162.83103684895835,164.91396445106503,-2.0829276021066963,4.045893811094469,2.5327550525305953,34.63541666666667,7.397169456150229,8.968275700981565,36.9277952253033,6.357374664842122
recent_corrected_simulation,Recent_Corrected_Forecast_MWH,origin_20,2026-05-29 00:00:00-07:00,2026,Spring,5,384,163.7729361171875,165.86949780803005,-2.0965616908425537,3.9820730866940846,2.4407345167923737,36.71875,9.344356760079688,11.317930311747034,20.066998897757685,5.635999515728517
recent_corrected_simulation,Recent_Corrected_Forecast_MWH,origin_16,2026-03-29 00:00:00-07:00,2026,Spring,3,384,120.51718188281251,120.5348726622763,-0.017690779463789424,3.891674294396495,3.1764836848323412,50.260416666666664,8.419933841069723,17.509206212325708,15.34057207743146,5.150504113160095
recent_corrected_simulation,Recent_Corrected_Forecast_MWH,origin_06,2025-06-22 00:00:00-07:00,2025,Summer,6,384,168.52844033593752,167.04470666735278,1.4837336685847076,3.8662961197182795,2.324506053086538,61.197916666666664,8.452947995362226,17.986722076692786,18.089531826796815,5.190778030655836
recent_corrected_simulation,Recent_Corrected_Forecast_MWH,origin_19,2026-05-28 00:00:00-07:00,2026,Spring,5,384,158.50971714583332,160.07563754332972,-1.5659203974963827,3.7126557315118305,2.297892540171028,38.54166666666667,8.717958885132147,11.292321553738503,17.379330917187332,5.1001261344094635
recent_corrected_simulation,Recent_Corrected_Forecast_MWH,origin_15,2026-02-28 23:00:00-08:00,2026,Winter,2,384,115.88717167708334,114.28749793753173,1.5996737395516012,3.246823611476739,2.772606038548177,69.53125,6.497975950901437,9.714704559921245,9.688060521284058,3.942525939771319
recent_corrected_simulation,Recent_Corrected_Forecast_MWH,origin_13,2026-01-03 23:00:00-08:00,2026,Winter,1,384,128.126853875,127.97134671138059,0.15550716361940412,3.1913226970374615,2.4826967815754517,51.5625,7.240855207050408,16.109686035718767,16.42124082121174,4.473019348481694
recent_corrected_simulation,Recent_Corrected_Forecast_MWH,origin_01,2024-10-13 00:00:00-07:00,2024,Fall,10,384,116.30257716666667,113.70679717093601,2.595779995730639,3.1789267433287693,2.545603042593732,79.42708333333334,8.224487059951908,17.02669542961246,8.840626742244865,4.554550694078899
recent_corrected_simulation,Recent_Corrected_Forecast_MWH,origin_03,2025-03-30 00:00:00-07:00,2025,Spring,3,384,111.3258731328125,111.0190217696005,0.3068513632120069,3.0252120349685225,2.651873503719084,55.729166666666664,5.9887155396043426,13.941118368556715,9.086698549622568,3.8342916580883637
recent_corrected_simulation,Recent_Corrected_Forecast_MWH,origin_04,2025-04-27 00:00:00-07:00,2025,Spring,4,384,121.913576171875,123.72598721430666,-1.8124110424316549,3.0141407538078373,2.4031782882450177,28.645833333333332,6.581709180501823,17.80959767877451,15.858096837232637,4.207470536801201
recent_corrected_simulation,Recent_Corrected_Forecast_MWH,origin_14,2026-01-31 23:00:00-08:00,2026,Winter,1,384,120.6618153359375,120.34095028369372,0.3208650522437748,2.86958314317784,2.2998060408916525,46.875,6.535232299538593,19.558568948032587,9.998835586624153,4.117147434421208
recent_corrected_simulation,Recent_Corrected_Forecast_MWH,origin_12,2025-12-06 23:00:00-08:00,2025,Winter,12,384,139.45845884114584,139.60374847685716,-0.14528963571133194,2.745575564122612,1.960467945300141,52.864583333333336,5.1443523366496136,8.635980252871292,31.514429840980313,4.254699133925508
recent_corrected_simulation,Recent_Corrected_Forecast_MWH,origin_11,2025-11-08 23:00:00-08:00,2025,Fall,11,384,122.29222068489582,121.45700032388277,0.8352203610130599,2.745112047253645,2.17654595651334,60.416666666666664,6.150939797960094,21.96035073265257,11.674811350869192,4.165536903781895
recent_corrected_simulation,Recent_Corrected_Forecast_MWH,origin_10,2025-10-12 00:00:00-07:00,2025,Fall,10,384,118.67937204947917,117.95073330987888,0.7286387396002852,2.386318187535613,1.9763996395786219,63.802083333333336,5.58250254750511,10.682411536894506,10.37697546125024,3.195437880985481
stage_selected_production,Stage_Selected_Forecast_MWH,origin_22,2026-07-07 00:00:00-07:00,2026,Summer,7,380,187.94545492105263,186.9409288693376,1.0045260517150325,5.3494662322824675,2.9057957283225075,52.89473684210526,10.967757417473695,28.112993481486313,19.632454424743912,6.946276890163554
stage_selected_production,Stage_Selected_Forecast_MWH,origin_21,2026-07-06 00:00:00-07:00,2026,Summer,7,380,185.74302035789472,186.4230205039742,-0.6800001460794333,5.216934618021125,2.8493012313976855,44.473684210526315,11.079450614085054,27.065416691715768,21.929593568564314,6.849882919340601
stage_selected_production,Stage_Selected_Forecast_MWH,origin_08,2025-08-17 00:00:00-07:00,2025,Summer,8,384,187.771909734375,191.27026670010295,-3.4983569657279414,4.778142498409072,2.8146172363045356,22.65625,10.337904155614634,10.231181481859863,19.144801115039797,6.105150794429924
stage_selected_production,Stage_Selected_Forecast_MWH,origin_23,2026-07-20 00:00:00-07:00,2026,Summer,7,384,200.18197833593752,198.7525903276855,1.4293880082519816,4.772765386177221,2.30815281268728,55.46875,10.886395699606853,20.89128481131104,16.417774915417738,6.311413928022873
stage_selected_production,Stage_Selected_Forecast_MWH,origin_05,2025-05-25 00:00:00-07:00,2025,Spring,5,384,153.69139593489584,152.48751982411986,1.203876110775993,4.43644708058844,2.780929949518002,54.947916666666664,9.550788829425635,26.616399585996504,16.678872365763283,6.238314930805466
stage_selected_production,Stage_Selected_Forecast_MWH,origin_24,2026-07-21 00:00:00-07:00,2026,Summer,7,384,200.78578864583335,199.30583768016336,1.4799509656699643,4.422776738546651,2.1028985041492128,55.989583333333336,9.81884882883915,21.1872435146376,16.973843295972273,6.000529207432342
stage_selected_production,Stage_Selected_Forecast_MWH,origin_07,2025-07-20 00:00:00-07:00,2025,Summer,7,384,157.82088622916666,155.51145111432143,2.3094351148452223,4.324629352107779,2.7199583799930327,70.57291666666666,9.880077530240872,17.91006081544046,14.52277262930491,5.635233152246669
stage_selected_production,Stage_Selected_Forecast_MWH,origin_02,2024-11-09 23:00:00-08:00,2024,Fall,11,384,116.68925462760417,112.9261063677789,3.7631482598252766,4.226241335062977,3.5406845616210205,85.9375,8.14927653530975,16.920567094436763,9.880332289988928,5.173300732342665
stage_selected_production,Stage_Selected_Forecast_MWH,origin_18,2026-05-24 00:00:00-07:00,2026,Spring,5,384,142.90284213541665,145.21615565734848,-2.3133135219318057,4.119792471690036,2.81700860615304,34.89583333333333,8.789520729696497,10.319549343700942,21.15345086175725,5.52186122910238
stage_selected_production,Stage_Selected_Forecast_MWH,origin_17,2026-04-26 00:00:00-07:00,2026,Spring,4,384,127.136992640625,125.2748936839226,1.8620989567023907,4.029291939100172,3.163306834362103,70.05208333333334,8.810394759566675,14.717664134020353,11.187076143947124,5.082151353662441
stage_selected_production,Stage_Selected_Forecast_MWH,origin_06,2025-06-22 00:00:00-07:00,2025,Summer,6,384,168.52844033593752,167.91907706617502,0.6093632697624721,3.9948585620851342,2.3128637461174057,56.510416666666664,8.650342517487,16.698964061251928,23.01998456855341,5.272308760994179
stage_selected_production,Stage_Selected_Forecast_MWH,origin_20,2026-05-29 00:00:00-07:00,2026,Spring,5,384,163.7729361171875,165.97035612112893,-2.197420003941421,3.962266796574889,2.371178565852411,33.07291666666667,9.445495484397586,16.20083068990978,22.308726580424917,5.491134807630885
stage_selected_production,Stage_Selected_Forecast_MWH,origin_16,2026-03-29 00:00:00-07:00,2026,Spring,3,384,120.51718188281251,120.27614675028832,0.24103513252418393,3.930106457011014,3.2054251607679554,51.302083333333336,8.561204406195005,17.509206212325708,15.460091068948714,5.226810392753789
stage_selected_production,Stage_Selected_Forecast_MWH,origin_09,2025-09-14 00:00:00-07:00,2025,Summer,9,384,162.83103684895835,164.17851111159646,-1.3474742626381218,3.6881754557593704,2.308260850329651,37.76041666666667,7.188713963655094,13.517895781192095,31.852428226965912,5.414652785397944
stage_selected_production,Stage_Selected_Forecast_MWH,origin_19,2026-05-28 00:00:00-07:00,2026,Spring,5,384,158.50971714583332,160.05802056814906,-1.5483034223157197,3.5187845921257104,2.163958650456229,38.02083333333333,8.001439401904134,11.027155938850598,17.984837670445245,4.707321987944385
stage_selected_production,Stage_Selected_Forecast_MWH,origin_04,2025-04-27 00:00:00-07:00,2025,Spring,4,384,121.913576171875,123.60235691922668,-1.6887807473516798,3.2241304709617666,2.589258000906955,29.6875,7.30084610233572,19.512411472691937,14.939794634060036,4.551893743898909
stage_selected_production,Stage_Selected_Forecast_MWH,origin_13,2026-01-03 23:00:00-08:00,2026,Winter,1,384,128.126853875,127.77879984041617,0.34805403458383255,3.1874004987339943,2.4616900103827404,51.822916666666664,7.510737826668562,17.615690357685494,15.188444674711064,4.542804844998653
stage_selected_production,Stage_Selected_Forecast_MWH,origin_03,2025-03-30 00:00:00-07:00,2025,Spring,3,384,111.3258731328125,110.8664558496097,0.45941728320280034,3.1512573125371515,2.730003669484178,57.8125,6.924095236828418,14.370268246523779,10.337637329101796,4.133902456263399
stage_selected_production,Stage_Selected_Forecast_MWH,origin_15,2026-02-28 23:00:00-08:00,2026,Winter,2,384,115.88717167708334,114.27608788114657,1.6110837959367734,3.117206616415474,2.6644873326673992,68.48958333333334,6.419136896496736,9.042810452767029,7.582733237597324,3.823281228438524
stage_selected_production,Stage_Selected_Forecast_MWH,origin_11,2025-11-08 23:00:00-08:00,2025,Fall,11,384,122.29222068489582,121.97711142776556,0.315109257130279,2.909942793596912,2.3001922753276696,52.604166666666664,7.0712662941374385,22.876495151309115,11.674811350869192,4.3384548858213545
stage_selected_production,Stage_Selected_Forecast_MWH,origin_01,2024-10-13 00:00:00-07:00,2024,Fall,10,384,116.30257716666667,114.48648524118276,1.816091925483905,2.9018770574289747,2.341882171927159,71.09375,7.122474511218215,16.655776454401575,8.297108408286874,4.244831012633474
stage_selected_production,Stage_Selected_Forecast_MWH,origin_12,2025-12-06 23:00:00-08:00,2025,Winter,12,384,139.45845884114584,139.28606930305895,0.17238953808689153,2.895006466480705,2.0465606116529917,54.6875,5.257291671132118,12.887891139694062,30.83901502518009,4.470506296077171
stage_selected_production,Stage_Selected_Forecast_MWH,origin_14,2026-01-31 23:00:00-08:00,2026,Winter,1,384,120.6618153359375,120.22319370963748,0.4386216263000204,2.7190846328463767,2.181257377892692,50.260416666666664,6.264005807691291,19.558568948032587,8.16328267514632,3.934713345230008
stage_selected_production,Stage_Selected_Forecast_MWH,origin_10,2025-10-12 00:00:00-07:00,2025,Fall,10,384,118.67937204947917,118.28221349951836,0.39715854996080874,2.243884453535251,1.8718036548685735,60.9375,5.181795386951016,11.359777671103686,10.37697546125024,3.0932712709831036
focused_shape_shadow,Focused_Shape_Adjusted_Forecast_MWH,origin_22,2026-07-07 00:00:00-07:00,2026,Summer,7,380,187.94545492105263,186.63508291102332,1.3103720100293186,5.638815964934659,3.0200269141029343,53.421052631578945,11.968657470283457,28.112993481486313,19.632454424743912,7.360045531937333
focused_shape_shadow,Focused_Shape_Adjusted_Forecast_MWH,origin_21,2026-07-06 00:00:00-07:00,2026,Summer,7,380,185.74302035789472,186.01851463802095,-0.27549428012620664,5.480206749948242,2.9513942372138953,45.78947368421053,11.697308469328464,27.065416691715768,21.929593568564314,7.260608531306903
focused_shape_shadow,Focused_Shape_Adjusted_Forecast_MWH,origin_23,2026-07-20 00:00:00-07:00,2026,Summer,7,384,200.18197833593752,198.25996027534094,1.9220180605965689,4.916736566960976,2.3639590264829606,57.8125,11.308206102453317,20.89128481131104,16.417774915417738,6.508677404148576
focused_shape_shadow,Focused_Shape_Adjusted_Forecast_MWH,origin_08,2025-08-17 00:00:00-07:00,2025,Summer,8,384,187.771909734375,191.24547496709863,-3.473565232723617,4.77499980463246,2.8136498787392132,22.916666666666664,10.337904155614634,10.231181481859863,19.144801115039797,6.1042386786430125
focused_shape_shadow,Focused_Shape_Adjusted_Forecast_MWH,origin_24,2026-07-21 00:00:00-07:00,2026,Summer,7,384,200.78578864583335,198.71239771937846,2.07339092645488,4.658824244843461,2.1940980314633673,59.114583333333336,10.680810132814827,21.1872435146376,16.973843295972273,6.342928442096922
focused_shape_shadow,Focused_Shape_Adjusted_Forecast_MWH,origin_05,2025-05-25 00:00:00-07:00,2025,Spring,5,384,153.69139593489584,152.48751982411986,1.203876110775993,4.43644708058844,2.780929949518002,54.947916666666664,9.550788829425635,26.616399585996504,16.678872365763283,6.238314930805466
focused_shape_shadow,Focused_Shape_Adjusted_Forecast_MWH,origin_02,2024-11-09 23:00:00-08:00,2024,Fall,11,384,116.68925462760417,112.9261063677789,3.7631482598252766,4.226241335062977,3.5406845616210205,85.9375,8.14927653530975,16.920567094436763,9.880332289988928,5.173300732342665
focused_shape_shadow,Focused_Shape_Adjusted_Forecast_MWH,origin_07,2025-07-20 00:00:00-07:00,2025,Summer,7,384,157.82088622916666,155.30311778098812,2.517768448178556,4.156534445624595,2.659104169260901,71.09375,9.332453575010636,17.91006081544046,14.52277262930491,5.441933919035559
focused_shape_shadow,Focused_Shape_Adjusted_Forecast_MWH,origin_18,2026-05-24 00:00:00-07:00,2026,Spring,5,384,142.90284213541665,145.21615565734848,-2.3133135219318057,4.119792471690036,2.81700860615304,34.89583333333333,8.789520729696497,10.319549343700942,21.15345086175725,5.52186122910238
focused_shape_shadow,Focused_Shape_Adjusted_Forecast_MWH,origin_17,2026-04-26 00:00:00-07:00,2026,Spring,4,384,127.136992640625,125.2748936839226,1.8620989567023907,4.029291939100172,3.163306834362103,70.05208333333334,8.810394759566675,14.717664134020353,11.187076143947124,5.082151353662441
focused_shape_shadow,Focused_Shape_Adjusted_Forecast_MWH,origin_06,2025-06-22 00:00:00-07:00,2025,Summer,6,384,168.52844033593752,167.6912130485536,0.8372272873838975,3.9469169674285283,2.3009150205570856,56.510416666666664,8.422910223045399,17.306136303096224,17.811204941749907,5.161311022862542
focused_shape_shadow,Focused_Shape_Adjusted_Forecast_MWH,origin_16,2026-03-29 00:00:00-07:00,2026,Spring,3,384,120.51718188281251,120.27614675028832,0.24103513252418393,3.930106457011014,3.2054251607679554,51.302083333333336,8.561204406195005,17.509206212325708,15.460091068948714,5.226810392753789
focused_shape_shadow,Focused_Shape_Adjusted_Forecast_MWH,origin_20,2026-05-29 00:00:00-07:00,2026,Spring,5,384,163.7729361171875,165.8010852877956,-2.028149170608088,3.8518674949462053,2.3335578105659636,33.85416666666667,8.669825372755469,16.20083068990978,22.308726580424917,5.331253037381185
focused_shape_shadow,Focused_Shape_Adjusted_Forecast_MWH,origin_09,2025-09-14 00:00:00-07:00,2025,Summer,9,384,162.83103684895835,164.15196409337102,-1.3209272444126914,3.691298339796526,2.309236205801056,38.54166666666667,7.188713963655094,13.517895781192095,31.852428226965912,5.411016926815755
focused_shape_shadow,Focused_Shape_Adjusted_Forecast_MWH,origin_19,2026-05-28 00:00:00-07:00,2026,Spring,5,384,158.50971714583332,159.92781223481572,-1.4180950889823862,3.4320376007299527,2.134428528013132,38.80208333333333,7.740717474452818,11.027155938850598,17.984837670445245,4.601491377288954
focused_shape_shadow,Focused_Shape_Adjusted_Forecast_MWH,origin_04,2025-04-27 00:00:00-07:00,2025,Spring,4,384,121.913576171875,123.60235691922668,-1.6887807473516798,3.2241304709617666,2.589258000906955,29.6875,7.30084610233572,19.512411472691937,14.939794634060036,4.551893743898909
focused_shape_shadow,Focused_Shape_Adjusted_Forecast_MWH,origin_13,2026-01-03 23:00:00-08:00,2026,Winter,1,384,128.126853875,127.77879984041617,0.34805403458383255,3.1874004987339943,2.4616900103827404,51.822916666666664,7.510737826668562,17.615690357685494,15.188444674711064,4.542804844998653
focused_shape_shadow,Focused_Shape_Adjusted_Forecast_MWH,origin_03,2025-03-30 00:00:00-07:00,2025,Spring,3,384,111.3258731328125,110.8664558496097,0.45941728320280034,3.1512573125371515,2.730003669484178,57.8125,6.924095236828418,14.370268246523779,10.337637329101796,4.133902456263399
focused_shape_shadow,Focused_Shape_Adjusted_Forecast_MWH,origin_15,2026-02-28 23:00:00-08:00,2026,Winter,2,384,115.88717167708334,114.27608788114657,1.6110837959367734,3.117206616415474,2.6644873326673992,68.48958333333334,6.419136896496736,9.042810452767029,7.582733237597324,3.823281228438524
focused_shape_shadow,Focused_Shape_Adjusted_Forecast_MWH,origin_11,2025-11-08 23:00:00-08:00,2025,Fall,11,384,122.29222068489582,121.97711142776556,0.315109257130279,2.909942793596912,2.3001922753276696,52.604166666666664,7.0712662941374385,22.876495151309115,11.674811350869192,4.3384548858213545
focused_shape_shadow,Focused_Shape_Adjusted_Forecast_MWH,origin_01,2024-10-13 00:00:00-07:00,2024,Fall,10,384,116.30257716666667,114.48648524118276,1.816091925483905,2.9018770574289747,2.341882171927159,71.09375,7.122474511218215,16.655776454401575,8.297108408286874,4.244831012633474
focused_shape_shadow,Focused_Shape_Adjusted_Forecast_MWH,origin_12,2025-12-06 23:00:00-08:00,2025,Winter,12,384,139.45845884114584,139.28606930305895,0.17238953808689153,2.895006466480705,2.0465606116529917,54.6875,5.257291671132118,12.887891139694062,30.83901502518009,4.470506296077171
focused_shape_shadow,Focused_Shape_Adjusted_Forecast_MWH,origin_14,2026-01-31 23:00:00-08:00,2026,Winter,1,384,120.6618153359375,120.22319370963748,0.4386216263000204,2.7190846328463767,2.181257377892692,50.260416666666664,6.264005807691291,19.558568948032587,8.16328267514632,3.934713345230008
focused_shape_shadow,Focused_Shape_Adjusted_Forecast_MWH,origin_10,2025-10-12 00:00:00-07:00,2025,Fall,10,384,118.67937204947917,118.28221349951836,0.39715854996080874,2.243884453535251,1.8718036548685735,60.9375,5.181795386951016,11.359777671103686,10.37697546125024,3.0932712709831036
final_corrected_production,Final_Backtest_Forecast_MWH,origin_22,2026-07-07 00:00:00-07:00,2026,Summer,7,380,187.94545492105263,186.9409288693376,1.0045260517150325,5.3494662322824675,2.9057957283225075,52.89473684210526,10.967757417473695,28.112993481486313,19.632454424743912,6.946276890163554
final_corrected_production,Final_Backtest_Forecast_MWH,origin_21,2026-07-06 00:00:00-07:00,2026,Summer,7,380,185.74302035789472,186.4230205039742,-0.6800001460794333,5.216934618021125,2.8493012313976855,44.473684210526315,11.079450614085054,27.065416691715768,21.929593568564314,6.849882919340601
final_corrected_production,Final_Backtest_Forecast_MWH,origin_08,2025-08-17 00:00:00-07:00,2025,Summer,8,384,187.771909734375,191.27026670010295,-3.4983569657279414,4.778142498409072,2.8146172363045356,22.65625,10.337904155614634,10.231181481859863,19.144801115039797,6.105150794429924
final_corrected_production,Final_Backtest_Forecast_MWH,origin_23,2026-07-20 00:00:00-07:00,2026,Summer,7,384,200.18197833593752,198.7525903276855,1.4293880082519816,4.772765386177221,2.30815281268728,55.46875,10.886395699606853,20.89128481131104,16.417774915417738,6.311413928022873
final_corrected_production,Final_Backtest_Forecast_MWH,origin_05,2025-05-25 00:00:00-07:00,2025,Spring,5,384,153.69139593489584,152.48751982411986,1.203876110775993,4.43644708058844,2.780929949518002,54.947916666666664,9.550788829425635,26.616399585996504,16.678872365763283,6.238314930805466
final_corrected_production,Final_Backtest_Forecast_MWH,origin_24,2026-07-21 00:00:00-07:00,2026,Summer,7,384,200.78578864583335,199.30583768016336,1.4799509656699643,4.422776738546651,2.1028985041492128,55.989583333333336,9.81884882883915,21.1872435146376,16.973843295972273,6.000529207432342
final_corrected_production,Final_Backtest_Forecast_MWH,origin_07,2025-07-20 00:00:00-07:00,2025,Summer,7,384,157.82088622916666,155.51145111432143,2.3094351148452223,4.324629352107779,2.7199583799930327,70.57291666666666,9.880077530240872,17.91006081544046,14.52277262930491,5.635233152246669
final_corrected_production,Final_Backtest_Forecast_MWH,origin_02,2024-11-09 23:00:00-08:00,2024,Fall,11,384,116.68925462760417,112.9261063677789,3.7631482598252766,4.226241335062977,3.5406845616210205,85.9375,8.14927653530975,16.920567094436763,9.880332289988928,5.173300732342665
final_corrected_production,Final_Backtest_Forecast_MWH,origin_18,2026-05-24 00:00:00-07:00,2026,Spring,5,384,142.90284213541665,145.21615565734848,-2.3133135219318057,4.119792471690036,2.81700860615304,34.89583333333333,8.789520729696497,10.319549343700942,21.15345086175725,5.52186122910238
final_corrected_production,Final_Backtest_Forecast_MWH,origin_17,2026-04-26 00:00:00-07:00,2026,Spring,4,384,127.136992640625,125.2748936839226,1.8620989567023907,4.029291939100172,3.163306834362103,70.05208333333334,8.810394759566675,14.717664134020353,11.187076143947124,5.082151353662441
final_corrected_production,Final_Backtest_Forecast_MWH,origin_06,2025-06-22 00:00:00-07:00,2025,Summer,6,384,168.52844033593752,167.91907706617502,0.6093632697624721,3.9948585620851342,2.3128637461174057,56.510416666666664,8.650342517487,16.698964061251928,23.01998456855341,5.272308760994179
final_corrected_production,Final_Backtest_Forecast_MWH,origin_20,2026-05-29 00:00:00-07:00,2026,Spring,5,384,163.7729361171875,165.97035612112893,-2.197420003941421,3.962266796574889,2.371178565852411,33.07291666666667,9.445495484397586,16.20083068990978,22.308726580424917,5.491134807630885
final_corrected_production,Final_Backtest_Forecast_MWH,origin_16,2026-03-29 00:00:00-07:00,2026,Spring,3,384,120.51718188281251,120.27614675028832,0.24103513252418393,3.930106457011014,3.2054251607679554,51.302083333333336,8.561204406195005,17.509206212325708,15.460091068948714,5.226810392753789
final_corrected_production,Final_Backtest_Forecast_MWH,origin_09,2025-09-14 00:00:00-07:00,2025,Summer,9,384,162.83103684895835,164.17851111159646,-1.3474742626381218,3.6881754557593704,2.308260850329651,37.76041666666667,7.188713963655094,13.517895781192095,31.852428226965912,5.414652785397944
final_corrected_production,Final_Backtest_Forecast_MWH,origin_19,2026-05-28 00:00:00-07:00,2026,Spring,5,384,158.50971714583332,160.05802056814906,-1.5483034223157197,3.5187845921257104,2.163958650456229,38.02083333333333,8.001439401904134,11.027155938850598,17.984837670445245,4.707321987944385
final_corrected_production,Final_Backtest_Forecast_MWH,origin_04,2025-04-27 00:00:00-07:00,2025,Spring,4,384,121.913576171875,123.60235691922668,-1.6887807473516798,3.2241304709617666,2.589258000906955,29.6875,7.30084610233572,19.512411472691937,14.939794634060036,4.551893743898909
final_corrected_production,Final_Backtest_Forecast_MWH,origin_13,2026-01-03 23:00:00-08:00,2026,Winter,1,384,128.126853875,127.77879984041617,0.34805403458383255,3.1874004987339943,2.4616900103827404,51.822916666666664,7.510737826668562,17.615690357685494,15.188444674711064,4.542804844998653
final_corrected_production,Final_Backtest_Forecast_MWH,origin_03,2025-03-30 00:00:00-07:00,2025,Spring,3,384,111.3258731328125,110.8664558496097,0.45941728320280034,3.1512573125371515,2.730003669484178,57.8125,6.924095236828418,14.370268246523779,10.337637329101796,4.133902456263399
final_corrected_production,Final_Backtest_Forecast_MWH,origin_15,2026-02-28 23:00:00-08:00,2026,Winter,2,384,115.88717167708334,114.27608788114657,1.6110837959367734,3.117206616415474,2.6644873326673992,68.48958333333334,6.419136896496736,9.042810452767029,7.582733237597324,3.823281228438524
final_corrected_production,Final_Backtest_Forecast_MWH,origin_11,2025-11-08 23:00:00-08:00,2025,Fall,11,384,122.29222068489582,121.97711142776556,0.315109257130279,2.909942793596912,2.3001922753276696,52.604166666666664,7.0712662941374385,22.876495151309115,11.674811350869192,4.3384548858213545
final_corrected_production,Final_Backtest_Forecast_MWH,origin_01,2024-10-13 00:00:00-07:00,2024,Fall,10,384,116.30257716666667,114.48648524118276,1.816091925483905,2.9018770574289747,2.341882171927159,71.09375,7.122474511218215,16.655776454401575,8.297108408286874,4.244831012633474
final_corrected_production,Final_Backtest_Forecast_MWH,origin_12,2025-12-06 23:00:00-08:00,2025,Winter,12,384,139.45845884114584,139.28606930305895,0.17238953808689153,2.895006466480705,2.0465606116529917,54.6875,5.257291671132118,12.887891139694062,30.83901502518009,4.470506296077171
final_corrected_production,Final_Backtest_Forecast_MWH,origin_14,2026-01-31 23:00:00-08:00,2026,Winter,1,384,120.6618153359375,120.22319370963748,0.4386216263000204,2.7190846328463767,2.181257377892692,50.260416666666664,6.264005807691291,19.558568948032587,8.16328267514632,3.934713345230008
final_corrected_production,Final_Backtest_Forecast_MWH,origin_10,2025-10-12 00:00:00-07:00,2025,Fall,10,384,118.67937204947917,118.28221349951836,0.39715854996080874,2.243884453535251,1.8718036548685735,60.9375,5.181795386951016,11.359777671103686,10.37697546125024,3.0932712709831036
auto_residual_shadow,Auto_Residual_Adjusted_Forecast_MWH,origin_22,2026-07-07 00:00:00-07:00,2026,Summer,7,380,187.94545492105263,186.63566571144287,1.3097892096097694,5.6382331645151105,3.0198459549258425,53.421052631578945,11.968657470283457,28.112993481486313,19.632454424743912,7.359206429945565
auto_residual_shadow,Auto_Residual_Adjusted_Forecast_MWH,origin_21,2026-07-06 00:00:00-07:00,2026,Summer,7,380,185.74302035789472,186.02828366186893,-0.2852633039741701,5.470437726100279,2.94836958885154,45.78947368421053,11.697308469328464,27.065416691715768,21.929593568564314,7.245847363583913
auto_residual_shadow,Auto_Residual_Adjusted_Forecast_MWH,origin_23,2026-07-20 00:00:00-07:00,2026,Summer,7,384,200.18197833593752,198.3150903276855,1.8668880082519816,4.895509988526709,2.3576159032933055,57.8125,11.308206102453317,20.89128481131104,16.417774915417738,6.483158797056015
auto_residual_shadow,Auto_Residual_Adjusted_Forecast_MWH,origin_08,2025-08-17 00:00:00-07:00,2025,Summer,8,384,187.771909734375,191.253416287017,-3.4815065526419944,4.774159578161686,2.813413620987363,22.65625,10.337904155614634,10.231181481859863,19.144801115039797,6.103803828793215
auto_residual_shadow,Auto_Residual_Adjusted_Forecast_MWH,origin_24,2026-07-21 00:00:00-07:00,2026,Summer,7,384,200.78578864583335,198.7641710134967,2.021617632336631,4.628530191992093,2.184591025864123,58.854166666666664,10.680810132814827,21.1872435146376,16.973843295972273,6.318159660058265
auto_residual_shadow,Auto_Residual_Adjusted_Forecast_MWH,origin_05,2025-05-25 00:00:00-07:00,2025,Spring,5,384,153.69139593489584,152.48751982411986,1.203876110775993,4.43644708058844,2.780929949518002,54.947916666666664,9.550788829425635,26.616399585996504,16.678872365763283,6.238314930805466
auto_residual_shadow,Auto_Residual_Adjusted_Forecast_MWH,origin_02,2024-11-09 23:00:00-08:00,2024,Fall,11,384,116.68925462760417,112.9261063677789,3.7631482598252766,4.226241335062977,3.5406845616210205,85.9375,8.14927653530975,16.920567094436763,9.880332289988928,5.173300732342665
auto_residual_shadow,Auto_Residual_Adjusted_Forecast_MWH,origin_07,2025-07-20 00:00:00-07:00,2025,Summer,7,384,157.82088622916666,155.30311778098812,2.517768448178556,4.156534445624595,2.659104169260901,71.09375,9.332453575010636,17.91006081544046,14.52277262930491,5.441933919035559
auto_residual_shadow,Auto_Residual_Adjusted_Forecast_MWH,origin_18,2026-05-24 00:00:00-07:00,2026,Spring,5,384,142.90284213541665,145.21615565734848,-2.3133135219318057,4.119792471690036,2.81700860615304,34.89583333333333,8.789520729696497,10.319549343700942,21.15345086175725,5.52186122910238
auto_residual_shadow,Auto_Residual_Adjusted_Forecast_MWH,origin_17,2026-04-26 00:00:00-07:00,2026,Spring,4,384,127.136992640625,125.2748936839226,1.8620989567023907,4.029291939100172,3.163306834362103,70.05208333333334,8.810394759566675,14.717664134020353,11.187076143947124,5.082151353662441
auto_residual_shadow,Auto_Residual_Adjusted_Forecast_MWH,origin_06,2025-06-22 00:00:00-07:00,2025,Summer,6,384,168.52844033593752,167.73678539950836,0.7916549364291386,3.9896502287518008,2.316204008967566,56.510416666666664,8.461960569172682,17.306136303096224,17.811204941749907,5.23193308500225
auto_residual_shadow,Auto_Residual_Adjusted_Forecast_MWH,origin_16,2026-03-29 00:00:00-07:00,2026,Spring,3,384,120.51718188281251,120.27614675028832,0.24103513252418393,3.930106457011014,3.2054251607679554,51.302083333333336,8.561204406195005,17.509206212325708,15.460091068948714,5.226810392753789
auto_residual_shadow,Auto_Residual_Adjusted_Forecast_MWH,origin_20,2026-05-29 00:00:00-07:00,2026,Spring,5,384,163.7729361171875,165.8010852877956,-2.028149170608088,3.8518674949462053,2.3335578105659636,33.85416666666667,8.669825372755469,16.20083068990978,22.308726580424917,5.331253037381185
auto_residual_shadow,Auto_Residual_Adjusted_Forecast_MWH,origin_09,2025-09-14 00:00:00-07:00,2025,Summer,9,384,162.83103684895835,164.17851111159646,-1.3474742626381218,3.6881754557593704,2.308260850329651,37.76041666666667,7.188713963655094,13.517895781192095,31.852428226965912,5.414652785397944
auto_residual_shadow,Auto_Residual_Adjusted_Forecast_MWH,origin_19,2026-05-28 00:00:00-07:00,2026,Spring,5,384,158.50971714583332,159.92781223481572,-1.4180950889823862,3.4320376007299527,2.134428528013132,38.80208333333333,7.740717474452818,11.027155938850598,17.984837670445245,4.601491377288954
auto_residual_shadow,Auto_Residual_Adjusted_Forecast_MWH,origin_04,2025-04-27 00:00:00-07:00,2025,Spring,4,384,121.913576171875,123.60235691922668,-1.6887807473516798,3.2241304709617666,2.589258000906955,29.6875,7.30084610233572,19.512411472691937,14.939794634060036,4.551893743898909
auto_residual_shadow,Auto_Residual_Adjusted_Forecast_MWH,origin_13,2026-01-03 23:00:00-08:00,2026,Winter,1,384,128.126853875,127.77879984041617,0.34805403458383255,3.1874004987339943,2.4616900103827404,51.822916666666664,7.510737826668562,17.615690357685494,15.188444674711064,4.542804844998653
auto_residual_shadow,Auto_Residual_Adjusted_Forecast_MWH,origin_03,2025-03-30 00:00:00-07:00,2025,Spring,3,384,111.3258731328125,110.8664558496097,0.45941728320280034,3.1512573125371515,2.730003669484178,57.8125,6.924095236828418,14.370268246523779,10.337637329101796,4.133902456263399
auto_residual_shadow,Auto_Residual_Adjusted_Forecast_MWH,origin_15,2026-02-28 23:00:00-08:00,2026,Winter,2,384,115.88717167708334,114.27608788114657,1.6110837959367734,3.117206616415474,2.6644873326673992,68.48958333333334,6.419136896496736,9.042810452767029,7.582733237597324,3.823281228438524
auto_residual_shadow,Auto_Residual_Adjusted_Forecast_MWH,origin_11,2025-11-08 23:00:00-08:00,2025,Fall,11,384,122.29222068489582,121.97711142776556,0.315109257130279,2.909942793596912,2.3001922753276696,52.604166666666664,7.0712662941374385,22.876495151309115,11.674811350869192,4.3384548858213545
auto_residual_shadow,Auto_Residual_Adjusted_Forecast_MWH,origin_01,2024-10-13 00:00:00-07:00,2024,Fall,10,384,116.30257716666667,114.48648524118276,1.816091925483905,2.9018770574289747,2.341882171927159,71.09375,7.122474511218215,16.655776454401575,8.297108408286874,4.244831012633474
auto_residual_shadow,Auto_Residual_Adjusted_Forecast_MWH,origin_12,2025-12-06 23:00:00-08:00,2025,Winter,12,384,139.45845884114584,139.28606930305895,0.17238953808689153,2.895006466480705,2.0465606116529917,54.6875,5.257291671132118,12.887891139694062,30.83901502518009,4.470506296077171
auto_residual_shadow,Auto_Residual_Adjusted_Forecast_MWH,origin_14,2026-01-31 23:00:00-08:00,2026,Winter,1,384,120.6618153359375,120.22319370963748,0.4386216263000204,2.7190846328463767,2.181257377892692,50.260416666666664,6.264005807691291,19.558568948032587,8.16328267514632,3.934713345230008
auto_residual_shadow,Auto_Residual_Adjusted_Forecast_MWH,origin_10,2025-10-12 00:00:00-07:00,2025,Fall,10,384,118.67937204947917,118.28221349951836,0.39715854996080874,2.243884453535251,1.8718036548685735,60.9375,5.181795386951016,11.359777671103686,10.37697546125024,3.0932712709831036
daily_peak_shadow,Daily_Peak_Shadow_Adjusted_Forecast_MWH,origin_22,2026-07-07 00:00:00-07:00,2026,Summer,7,380,187.94545492105263,186.63174370781064,1.313711213241971,5.642155168147313,3.0214229055682327,53.421052631578945,11.968657470283457,28.112993481486313,19.632454424743912,7.365834996239145
daily_peak_shadow,Daily_Peak_Shadow_Adjusted_Forecast_MWH,origin_21,2026-07-06 00:00:00-07:00,2026,Summer,7,380,185.74302035789472,186.0128933457094,-0.26987298781467084,5.485828042259778,2.9545833684966443,45.78947368421053,11.985986435758718,27.065416691715768,21.929593568564314,7.2735231444960915
daily_peak_shadow,Daily_Peak_Shadow_Adjusted_Forecast_MWH,origin_23,2026-07-20 00:00:00-07:00,2026,Summer,7,384,200.18197833593752,198.32175732278952,1.8602210131479608,4.888842993422688,2.3551451397732603,57.8125,11.308206102453317,20.89128481131104,16.417774915417738,6.468046251721161
daily_peak_shadow,Daily_Peak_Shadow_Adjusted_Forecast_MWH,origin_08,2025-08-17 00:00:00-07:00,2025,Summer,8,384,187.771909734375,191.25117408133414,-3.4792643469591336,4.7717843310627,2.8125255226007333,22.916666666666664,10.337904155614634,10.231181481859863,19.144801115039797,6.102496463252631
daily_peak_shadow,Daily_Peak_Shadow_Adjusted_Forecast_MWH,origin_24,2026-07-21 00:00:00-07:00,2026,Summer,7,384,200.78578864583335,198.77862741528028,2.007161230553043,4.614073790208505,2.1792994425044134,58.854166666666664,10.66209727330133,21.1872435146376,16.973843295972273,6.285386968837574
daily_peak_shadow,Daily_Peak_Shadow_Adjusted_Forecast_MWH,origin_05,2025-05-25 00:00:00-07:00,2025,Spring,5,384,153.69139593489584,152.47901062390602,1.2123853109898086,4.438534559553045,2.7815658160868506,55.208333333333336,9.550788829425635,26.616399585996504,16.678872365763283,6.242175192015094
daily_peak_shadow,Daily_Peak_Shadow_Adjusted_Forecast_MWH,origin_02,2024-11-09 23:00:00-08:00,2024,Fall,11,384,116.68925462760417,112.9261063677789,3.7631482598252766,4.226241335062977,3.5406845616210205,85.9375,8.14927653530975,16.920567094436763,9.880332289988928,5.173300732342665
daily_peak_shadow,Daily_Peak_Shadow_Adjusted_Forecast_MWH,origin_07,2025-07-20 00:00:00-07:00,2025,Summer,7,384,157.82088622916666,155.32039631353044,2.5004899156362446,4.141620838700514,2.651893515144153,71.09375,9.328541870246253,17.91006081544046,14.52277262930491,5.433587448108222
daily_peak_shadow,Daily_Peak_Shadow_Adjusted_Forecast_MWH,origin_18,2026-05-24 00:00:00-07:00,2026,Spring,5,384,142.90284213541665,145.22749787394943,-2.324655738532778,4.117251872121561,2.8154112907666806,34.89583333333333,8.789520729696497,10.319549338589212,21.15345086175725,5.520786363458298
daily_peak_shadow,Daily_Peak_Shadow_Adjusted_Forecast_MWH,origin_17,2026-04-26 00:00:00-07:00,2026,Spring,4,384,127.136992640625,125.2802391633495,1.8567534772754943,4.024004602728132,3.159660662561191,70.05208333333334,8.810394759566675,14.717664134020353,11.187076143947124,5.079195011426785
daily_peak_shadow,Daily_Peak_Shadow_Adjusted_Forecast_MWH,origin_06,2025-06-22 00:00:00-07:00,2025,Summer,6,384,168.52844033593752,167.72648615582443,0.8019541801130631,3.994762150486819,2.3183595899471805,56.510416666666664,8.463670197977926,17.306136303096224,17.811204941749907,5.245665289676361
daily_peak_shadow,Daily_Peak_Shadow_Adjusted_Forecast_MWH,origin_16,2026-03-29 00:00:00-07:00,2026,Spring,3,384,120.51718188281251,120.28409510894717,0.2330867738653207,3.938019425592678,3.211192342258107,51.302083333333336,8.568850656236695,17.509206212325708,15.460091068948714,5.236561050836387
daily_peak_shadow,Daily_Peak_Shadow_Adjusted_Forecast_MWH,origin_20,2026-05-29 00:00:00-07:00,2026,Spring,5,384,163.7729361171875,165.81916259670766,-2.0462264795201546,3.856552552351662,2.3353078261882287,33.85416666666667,8.669835845768343,16.20083068990978,22.308726580424917,5.33710813033182
daily_peak_shadow,Daily_Peak_Shadow_Adjusted_Forecast_MWH,origin_09,2025-09-14 00:00:00-07:00,2025,Summer,9,384,162.83103684895835,164.2003672280844,-1.3693303791260398,3.695431607087784,2.311342289422854,37.23958333333333,7.204492589089552,13.517895781191953,31.852428226965912,5.426926861514651
daily_peak_shadow,Daily_Peak_Shadow_Adjusted_Forecast_MWH,origin_19,2026-05-28 00:00:00-07:00,2026,Spring,5,384,158.50971714583332,159.95076410145836,-1.441046955625012,3.4375253641440957,2.1373798446527976,38.80208333333333,7.716391767333008,11.027155938850598,17.984837670445245,4.598305753474409
daily_peak_shadow,Daily_Peak_Shadow_Adjusted_Forecast_MWH,origin_04,2025-04-27 00:00:00-07:00,2025,Spring,4,384,121.913576171875,123.60606125871278,-1.6924850868377985,3.220426131475648,2.586895332704478,29.6875,7.30084610233572,19.512411472691937,14.939794634060036,4.547783253249705
daily_peak_shadow,Daily_Peak_Shadow_Adjusted_Forecast_MWH,origin_13,2026-01-03 23:00:00-08:00,2026,Winter,1,384,128.126853875,127.78354881580725,0.34330505919275106,3.191272131375736,2.464282575762192,51.822916666666664,7.510737826668562,17.615690357685494,15.188444674711064,4.5453220057895996
daily_peak_shadow,Daily_Peak_Shadow_Adjusted_Forecast_MWH,origin_03,2025-03-30 00:00:00-07:00,2025,Spring,3,384,111.3258731328125,110.87445456850486,0.45141856430764227,3.1516167597705524,2.7303429755316277,57.8125,6.924095236828418,14.370268246523779,10.337637329101796,4.132113747141433
daily_peak_shadow,Daily_Peak_Shadow_Adjusted_Forecast_MWH,origin_15,2026-02-28 23:00:00-08:00,2026,Winter,2,384,115.88717167708334,114.27608788114657,1.6110837959367734,3.117206616415474,2.6644873326673992,68.48958333333334,6.419136896496736,9.042810452767029,7.582733237597324,3.823281228438524
daily_peak_shadow,Daily_Peak_Shadow_Adjusted_Forecast_MWH,origin_11,2025-11-08 23:00:00-08:00,2025,Fall,11,384,122.29222068489582,121.9912956718523,0.3009250130435288,2.9008149979404987,2.294142906284025,52.604166666666664,7.111602420318598,22.876495151309115,11.674811350869192,4.333604582648742
daily_peak_shadow,Daily_Peak_Shadow_Adjusted_Forecast_MWH,origin_01,2024-10-13 00:00:00-07:00,2024,Fall,10,384,116.30257716666667,114.4917954957891,1.810781670877561,2.8965669571427752,2.338375284817251,71.09375,7.047213261369575,16.655776454401575,8.297108415766985,4.238228270601987
daily_peak_shadow,Daily_Peak_Shadow_Adjusted_Forecast_MWH,origin_12,2025-12-06 23:00:00-08:00,2025,Winter,12,384,139.45845884114584,139.29708470520623,0.16137413593959896,2.8873783690220187,2.0421762919443585,54.6875,5.257291671132118,12.887891139694062,30.83901502518009,4.465391788489481
daily_peak_shadow,Daily_Peak_Shadow_Adjusted_Forecast_MWH,origin_14,2026-01-31 23:00:00-08:00,2026,Winter,1,384,120.6618153359375,120.22575658789987,0.4360587480376324,2.7216475111087646,2.1829500034183087,50.260416666666664,6.264005807691291,19.558568948032587,8.16328267514632,3.9357108405311005
daily_peak_shadow,Daily_Peak_Shadow_Adjusted_Forecast_MWH,origin_10,2025-10-12 00:00:00-07:00,2025,Fall,10,384,118.67937204947917,118.28899041769972,0.39038163177943996,2.2446262968457735,1.8723221836210442,60.677083333333336,5.204537024072025,11.359777671103686,10.37697546125024,3.0949337797217518
heat_analog_shadow,Heat_Analog_Shadow_Forecast_MWH,origin_22,2026-07-07 00:00:00-07:00,2026,Summer,7,380,187.94545492105263,186.9409288693376,1.0045260517150325,5.3494662322824675,2.9057957283225075,52.89473684210526,10.967757417473695,28.112993481486313,19.632454424743912,6.946276890163554
heat_analog_shadow,Heat_Analog_Shadow_Forecast_MWH,origin_21,2026-07-06 00:00:00-07:00,2026,Summer,7,380,185.74302035789472,186.4230205039742,-0.6800001460794333,5.216934618021125,2.8493012313976855,44.473684210526315,11.079450614085054,27.065416691715768,21.929593568564314,6.849882919340601
heat_analog_shadow,Heat_Analog_Shadow_Forecast_MWH,origin_08,2025-08-17 00:00:00-07:00,2025,Summer,8,384,187.771909734375,191.27026670010295,-3.4983569657279414,4.778142498409072,2.8146172363045356,22.65625,10.337904155614634,10.231181481859863,19.144801115039797,6.105150794429924
heat_analog_shadow,Heat_Analog_Shadow_Forecast_MWH,origin_23,2026-07-20 00:00:00-07:00,2026,Summer,7,384,200.18197833593752,198.7525903276855,1.4293880082519816,4.772765386177221,2.30815281268728,55.46875,10.886395699606853,20.89128481131104,16.417774915417738,6.311413928022873
heat_analog_shadow,Heat_Analog_Shadow_Forecast_MWH,origin_05,2025-05-25 00:00:00-07:00,2025,Spring,5,384,153.69139593489584,152.48751982411986,1.203876110775993,4.43644708058844,2.780929949518002,54.947916666666664,9.550788829425635,26.616399585996504,16.678872365763283,6.238314930805466
heat_analog_shadow,Heat_Analog_Shadow_Forecast_MWH,origin_24,2026-07-21 00:00:00-07:00,2026,Summer,7,384,200.78578864583335,199.30583768016336,1.4799509656699643,4.422776738546651,2.1028985041492128,55.989583333333336,9.81884882883915,21.1872435146376,16.973843295972273,6.000529207432342
heat_analog_shadow,Heat_Analog_Shadow_Forecast_MWH,origin_07,2025-07-20 00:00:00-07:00,2025,Summer,7,384,157.82088622916666,155.51145111432143,2.3094351148452223,4.324629352107779,2.7199583799930327,70.57291666666666,9.880077530240872,17.91006081544046,14.52277262930491,5.635233152246669
heat_analog_shadow,Heat_Analog_Shadow_Forecast_MWH,origin_02,2024-11-09 23:00:00-08:00,2024,Fall,11,384,116.68925462760417,112.9261063677789,3.7631482598252766,4.226241335062977,3.5406845616210205,85.9375,8.14927653530975,16.920567094436763,9.880332289988928,5.173300732342665
heat_analog_shadow,Heat_Analog_Shadow_Forecast_MWH,origin_18,2026-05-24 00:00:00-07:00,2026,Spring,5,384,142.90284213541665,145.21615565734848,-2.3133135219318057,4.119792471690036,2.81700860615304,34.89583333333333,8.789520729696497,10.319549343700942,21.15345086175725,5.52186122910238
heat_analog_shadow,Heat_Analog_Shadow_Forecast_MWH,origin_17,2026-04-26 00:00:00-07:00,2026,Spring,4,384,127.136992640625,125.2748936839226,1.8620989567023907,4.029291939100172,3.163306834362103,70.05208333333334,8.810394759566675,14.717664134020353,11.187076143947124,5.082151353662441
heat_analog_shadow,Heat_Analog_Shadow_Forecast_MWH,origin_06,2025-06-22 00:00:00-07:00,2025,Summer,6,384,168.52844033593752,167.91907706617502,0.6093632697624721,3.9948585620851342,2.3128637461174057,56.510416666666664,8.650342517487,16.698964061251928,23.01998456855341,5.272308760994179
heat_analog_shadow,Heat_Analog_Shadow_Forecast_MWH,origin_20,2026-05-29 00:00:00-07:00,2026,Spring,5,384,163.7729361171875,165.97035612112893,-2.197420003941421,3.962266796574889,2.371178565852411,33.07291666666667,9.445495484397586,16.20083068990978,22.308726580424917,5.491134807630885
heat_analog_shadow,Heat_Analog_Shadow_Forecast_MWH,origin_16,2026-03-29 00:00:00-07:00,2026,Spring,3,384,120.51718188281251,120.27614675028832,0.24103513252418393,3.930106457011014,3.2054251607679554,51.302083333333336,8.561204406195005,17.509206212325708,15.460091068948714,5.226810392753789
heat_analog_shadow,Heat_Analog_Shadow_Forecast_MWH,origin_09,2025-09-14 00:00:00-07:00,2025,Summer,9,384,162.83103684895835,164.17851111159646,-1.3474742626381218,3.6881754557593704,2.308260850329651,37.76041666666667,7.188713963655094,13.517895781192095,31.852428226965912,5.414652785397944
heat_analog_shadow,Heat_Analog_Shadow_Forecast_MWH,origin_19,2026-05-28 00:00:00-07:00,2026,Spring,5,384,158.50971714583332,160.05802056814906,-1.5483034223157197,3.5187845921257104,2.163958650456229,38.02083333333333,8.001439401904134,11.027155938850598,17.984837670445245,4.707321987944385
heat_analog_shadow,Heat_Analog_Shadow_Forecast_MWH,origin_04,2025-04-27 00:00:00-07:00,2025,Spring,4,384,121.913576171875,123.60235691922668,-1.6887807473516798,3.2241304709617666,2.589258000906955,29.6875,7.30084610233572,19.512411472691937,14.939794634060036,4.551893743898909
heat_analog_shadow,Heat_Analog_Shadow_Forecast_MWH,origin_13,2026-01-03 23:00:00-08:00,2026,Winter,1,384,128.126853875,127.77879984041617,0.34805403458383255,3.1874004987339943,2.4616900103827404,51.822916666666664,7.510737826668562,17.615690357685494,15.188444674711064,4.542804844998653
heat_analog_shadow,Heat_Analog_Shadow_Forecast_MWH,origin_03,2025-03-30 00:00:00-07:00,2025,Spring,3,384,111.3258731328125,110.8664558496097,0.45941728320280034,3.1512573125371515,2.730003669484178,57.8125,6.924095236828418,14.370268246523779,10.337637329101796,4.133902456263399
heat_analog_shadow,Heat_Analog_Shadow_Forecast_MWH,origin_15,2026-02-28 23:00:00-08:00,2026,Winter,2,384,115.88717167708334,114.27608788114657,1.6110837959367734,3.117206616415474,2.6644873326673992,68.48958333333334,6.419136896496736,9.042810452767029,7.582733237597324,3.823281228438524
heat_analog_shadow,Heat_Analog_Shadow_Forecast_MWH,origin_11,2025-11-08 23:00:00-08:00,2025,Fall,11,384,122.29222068489582,121.97711142776556,0.315109257130279,2.909942793596912,2.3001922753276696,52.604166666666664,7.0712662941374385,22.876495151309115,11.674811350869192,4.3384548858213545
heat_analog_shadow,Heat_Analog_Shadow_Forecast_MWH,origin_01,2024-10-13 00:00:00-07:00,2024,Fall,10,384,116.30257716666667,114.48648524118276,1.816091925483905,2.9018770574289747,2.341882171927159,71.09375,7.122474511218215,16.655776454401575,8.297108408286874,4.244831012633474
heat_analog_shadow,Heat_Analog_Shadow_Forecast_MWH,origin_12,2025-12-06 23:00:00-08:00,2025,Winter,12,384,139.45845884114584,139.28606930305895,0.17238953808689153,2.895006466480705,2.0465606116529917,54.6875,5.257291671132118,12.887891139694062,30.83901502518009,4.470506296077171
heat_analog_shadow,Heat_Analog_Shadow_Forecast_MWH,origin_14,2026-01-31 23:00:00-08:00,2026,Winter,1,384,120.6618153359375,120.22319370963748,0.4386216263000204,2.7190846328463767,2.181257377892692,50.260416666666664,6.264005807691291,19.558568948032587,8.16328267514632,3.934713345230008
heat_analog_shadow,Heat_Analog_Shadow_Forecast_MWH,origin_10,2025-10-12 00:00:00-07:00,2025,Fall,10,384,118.67937204947917,118.28221349951836,0.39715854996080874,2.243884453535251,1.8718036548685735,60.9375,5.181795386951016,11.359777671103686,10.37697546125024,3.0932712709831036
auto_residual_full_shadow,Auto_Residual_Full_Shadow_Adjusted_Forecast_MWH,origin_22,2026-07-07 00:00:00-07:00,2026,Summer,7,380,187.94545492105263,186.6678342005474,1.2776207205052443,5.652267019194976,3.023085094503045,53.421052631578945,12.038770661557622,28.28309944962507,19.78256463066998,7.37446571831766
auto_residual_full_shadow,Auto_Residual_Full_Shadow_Adjusted_Forecast_MWH,origin_21,2026-07-06 00:00:00-07:00,2026,Summer,7,380,185.74302035789472,186.1080653982243,-0.36504504032957796,5.485049741483721,2.9552274217569545,44.73684210526316,12.00066889830969,27.27058992248115,21.91668264957144,7.256050657358946
auto_residual_full_shadow,Auto_Residual_Full_Shadow_Adjusted_Forecast_MWH,origin_23,2026-07-20 00:00:00-07:00,2026,Summer,7,384,200.18197833593752,198.4595426583381,1.7224356775994039,4.939143892348839,2.387937753430296,56.770833333333336,11.445817832840643,20.777087555209192,16.482723045799702,6.493404342620646
auto_residual_full_shadow,Auto_Residual_Full_Shadow_Adjusted_Forecast_MWH,origin_08,2025-08-17 00:00:00-07:00,2025,Summer,8,384,187.771909734375,191.22056151812205,-3.448651783747067,4.732150870372119,2.78784169999285,21.875,10.271157809825114,10.282594556739639,18.98758927397887,6.095097399682545
auto_residual_full_shadow,Auto_Residual_Full_Shadow_Adjusted_Forecast_MWH,origin_24,2026-07-21 00:00:00-07:00,2026,Summer,7,384,200.78578864583335,198.87220549581332,1.9135831500200071,4.6317883503138235,2.191154513035801,57.552083333333336,10.710908513969015,21.1872435146376,16.788831401398795,6.3072441103125865
auto_residual_full_shadow,Auto_Residual_Full_Shadow_Adjusted_Forecast_MWH,origin_05,2025-05-25 00:00:00-07:00,2025,Spring,5,384,153.69139593489584,152.28491127445136,1.4064846604444752,4.418556073401089,2.7569992394773806,55.989583333333336,9.507614155627929,27.18600025578172,16.678872365763283,6.282114490905992
auto_residual_full_shadow,Auto_Residual_Full_Shadow_Adjusted_Forecast_MWH,origin_02,2024-11-09 23:00:00-08:00,2024,Fall,11,384,116.68925462760417,112.97098954086908,3.7182650867350837,4.226501751371476,3.5495818518710007,86.71875,8.14224479771088,17.576786559937176,10.700399540257706,5.164264472191985
auto_residual_full_shadow,Auto_Residual_Full_Shadow_Adjusted_Forecast_MWH,origin_07,2025-07-20 00:00:00-07:00,2025,Summer,7,384,157.82088622916666,155.3267388713921,2.4941473577745747,4.141320377004268,2.6525247435004227,72.91666666666666,8.858153862803633,18.158914845587248,14.52277262930491,5.378357903916948
auto_residual_full_shadow,Auto_Residual_Full_Shadow_Adjusted_Forecast_MWH,origin_18,2026-05-24 00:00:00-07:00,2026,Spring,5,384,142.90284213541665,145.1947926628769,-2.291950527460233,4.0868348113685,2.7755347495541076,35.67708333333333,9.065014129563025,10.449790759664893,21.434761523824676,5.491226177579477
auto_residual_full_shadow,Auto_Residual_Full_Shadow_Adjusted_Forecast_MWH,origin_06,2025-06-22 00:00:00-07:00,2025,Summer,6,384,168.52844033593752,167.73471850066304,0.7937218352744767,4.004292748986573,2.313793927755087,56.770833333333336,8.843596845005319,17.306136303096224,17.95699447094546,5.277277699495065
auto_residual_full_shadow,Auto_Residual_Full_Shadow_Adjusted_Forecast_MWH,origin_16,2026-03-29 00:00:00-07:00,2026,Spring,3,384,120.51718188281251,120.31387501346184,0.20330686935065975,3.9941426316222572,3.2554416791312426,50.260416666666664,8.357086455434015,17.221535841602318,15.242226259563068,5.276829503226287
auto_residual_full_shadow,Auto_Residual_Full_Shadow_Adjusted_Forecast_MWH,origin_17,2026-04-26 00:00:00-07:00,2026,Spring,4,384,127.136992640625,125.37018477112157,1.7668078695034255,3.9578279561281726,3.104020532754822,68.75,8.606090271898719,14.854064776143872,11.126664963845698,5.018007867648919
auto_residual_full_shadow,Auto_Residual_Full_Shadow_Adjusted_Forecast_MWH,origin_20,2026-05-29 00:00:00-07:00,2026,Spring,5,384,163.7729361171875,165.84819787565868,-2.0752617584711768,3.86292787998736,2.3243773562919396,31.510416666666668,8.280156504787007,16.181946902370868,23.143046799471193,5.3487660560293975
auto_residual_full_shadow,Auto_Residual_Full_Shadow_Adjusted_Forecast_MWH,origin_09,2025-09-14 00:00:00-07:00,2025,Summer,9,384,162.83103684895835,164.13913743088125,-1.308100581922911,3.749087082119548,2.3401918561447927,39.32291666666667,7.655744594643715,13.517895781192095,32.77541820133354,5.515861600763461
auto_residual_full_shadow,Auto_Residual_Full_Shadow_Adjusted_Forecast_MWH,origin_19,2026-05-28 00:00:00-07:00,2026,Spring,5,384,158.50971714583332,160.0064722011118,-1.4967550552784685,3.443138034819091,2.125003362152552,37.76041666666667,7.959376681245291,10.940302084428737,18.59295875591738,4.639384519369721
auto_residual_full_shadow,Auto_Residual_Full_Shadow_Adjusted_Forecast_MWH,origin_04,2025-04-27 00:00:00-07:00,2025,Spring,4,384,121.913576171875,123.51791484219325,-1.6043386703182494,3.174728106806492,2.554130374334949,29.6875,7.352493264669935,19.67378119048007,15.237505012526157,4.5017543726699305
auto_residual_full_shadow,Auto_Residual_Full_Shadow_Adjusted_Forecast_MWH,origin_13,2026-01-03 23:00:00-08:00,2026,Winter,1,384,128.126853875,128.0267449867222,0.10010888827778042,3.1550829063403305,2.4392266743027147,48.95833333333333,7.561231212854372,17.965594513993977,15.096337463624394,4.513169025945309
auto_residual_full_shadow,Auto_Residual_Full_Shadow_Adjusted_Forecast_MWH,origin_15,2026-02-28 23:00:00-08:00,2026,Winter,2,384,115.88717167708334,114.14178952213719,1.7453821549461395,3.1486408784029614,2.696426360319487,71.35416666666666,6.382169543677497,9.142077679229686,7.505914910108217,3.861588900252574
auto_residual_full_shadow,Auto_Residual_Full_Shadow_Adjusted_Forecast_MWH,origin_03,2025-03-30 00:00:00-07:00,2025,Spring,3,384,111.3258731328125,111.02805500574168,0.29781812707081873,3.115847681141533,2.6936770899202043,56.770833333333336,6.954793419959172,14.54074675020992,10.940377681498745,4.136573175301842
auto_residual_full_shadow,Auto_Residual_Full_Shadow_Adjusted_Forecast_MWH,origin_11,2025-11-08 23:00:00-08:00,2025,Fall,11,384,122.29222068489582,122.11240416984383,0.17981651505201257,2.9469277287167626,2.331294013449282,52.34375,7.290254890259719,22.988378327530427,11.757025810952982,4.39428441280953
auto_residual_full_shadow,Auto_Residual_Full_Shadow_Adjusted_Forecast_MWH,origin_01,2024-10-13 00:00:00-07:00,2024,Fall,10,384,116.30257716666667,114.63221514761887,1.6703620190478095,2.9094409388499822,2.3585968072397954,70.83333333333334,7.081755697580642,16.568682474039633,8.189339247180413,4.213414374880774
auto_residual_full_shadow,Auto_Residual_Full_Shadow_Adjusted_Forecast_MWH,origin_12,2025-12-06 23:00:00-08:00,2025,Winter,12,384,139.45845884114584,139.5079785710827,-0.04951972993687189,2.8738171151965397,2.0328351078616604,51.302083333333336,5.196600436170646,13.839307311277508,31.312049319111793,4.52166813172456
auto_residual_full_shadow,Auto_Residual_Full_Shadow_Adjusted_Forecast_MWH,origin_14,2026-01-31 23:00:00-08:00,2026,Winter,1,384,120.6618153359375,120.31968654965152,0.3421287862859743,2.714599619263952,2.184224460032494,48.17708333333333,5.981034477257516,19.82179059210945,8.135373265499624,3.8950858236282557
auto_residual_full_shadow,Auto_Residual_Full_Shadow_Adjusted_Forecast_MWH,origin_10,2025-10-12 00:00:00-07:00,2025,Fall,10,384,118.67937204947917,118.3096942365497,0.3696778129294603,2.277838854660197,1.8974008606668598,59.895833333333336,5.132483792916116,11.570315210097476,10.43795908345578,3.129720190416584
auto_residual_structural_hot_peak_shadow,Auto_Residual_Structural_HotPeak_Adjusted_Forecast_MWH,origin_22,2026-07-07 00:00:00-07:00,2026,Summer,7,380,187.94545492105263,186.63508291102332,1.3103720100293186,5.638815964934659,3.0200269141029343,53.421052631578945,11.968657470283457,28.112993481486313,19.632454424743912,7.360045531937333
auto_residual_structural_hot_peak_shadow,Auto_Residual_Structural_HotPeak_Adjusted_Forecast_MWH,origin_21,2026-07-06 00:00:00-07:00,2026,Summer,7,380,185.74302035789472,186.01851463802095,-0.27549428012620664,5.480206749948242,2.9513942372138953,45.78947368421053,11.697308469328464,27.065416691715768,21.929593568564314,7.260608531306903
auto_residual_structural_hot_peak_shadow,Auto_Residual_Structural_HotPeak_Adjusted_Forecast_MWH,origin_23,2026-07-20 00:00:00-07:00,2026,Summer,7,384,200.18197833593752,198.25996027534094,1.9220180605965689,4.916736566960976,2.3639590264829606,57.8125,11.308206102453317,20.89128481131104,16.417774915417738,6.508677404148576
auto_residual_structural_hot_peak_shadow,Auto_Residual_Structural_HotPeak_Adjusted_Forecast_MWH,origin_08,2025-08-17 00:00:00-07:00,2025,Summer,8,384,187.771909734375,191.27704162486498,-3.505131890489979,4.792136266597643,2.8199711589650427,22.395833333333336,10.362086433480135,10.231181481859863,19.144801115039797,6.1116900074938165
auto_residual_structural_hot_peak_shadow,Auto_Residual_Structural_HotPeak_Adjusted_Forecast_MWH,origin_24,2026-07-21 00:00:00-07:00,2026,Summer,7,384,200.78578864583335,198.71239771937846,2.07339092645488,4.658824244843461,2.1940980314633673,59.114583333333336,10.680810132814827,21.1872435146376,16.973843295972273,6.342928442096922
auto_residual_structural_hot_peak_shadow,Auto_Residual_Structural_HotPeak_Adjusted_Forecast_MWH,origin_05,2025-05-25 00:00:00-07:00,2025,Spring,5,384,153.69139593489584,152.48751982411986,1.203876110775993,4.43644708058844,2.780929949518002,54.947916666666664,9.550788829425635,26.616399585996504,16.678872365763283,6.238314930805466
auto_residual_structural_hot_peak_shadow,Auto_Residual_Structural_HotPeak_Adjusted_Forecast_MWH,origin_02,2024-11-09 23:00:00-08:00,2024,Fall,11,384,116.68925462760417,112.9261063677789,3.7631482598252766,4.226241335062977,3.5406845616210205,85.9375,8.14927653530975,16.920567094436763,9.880332289988928,5.173300732342665
auto_residual_structural_hot_peak_shadow,Auto_Residual_Structural_HotPeak_Adjusted_Forecast_MWH,origin_07,2025-07-20 00:00:00-07:00,2025,Summer,7,384,157.82088622916666,155.3328566666469,2.488029562519748,4.149755683339062,2.655888621456886,70.83333333333334,9.332453575010636,17.91006081544046,14.52277262930491,5.431594307852436
auto_residual_structural_hot_peak_shadow,Auto_Residual_Structural_HotPeak_Adjusted_Forecast_MWH,origin_18,2026-05-24 00:00:00-07:00,2026,Spring,5,384,142.90284213541665,145.21615565734848,-2.3133135219318057,4.119792471690036,2.81700860615304,34.89583333333333,8.789520729696497,10.319549343700942,21.15345086175725,5.52186122910238
auto_residual_structural_hot_peak_shadow,Auto_Residual_Structural_HotPeak_Adjusted_Forecast_MWH,origin_17,2026-04-26 00:00:00-07:00,2026,Spring,4,384,127.136992640625,125.2748936839226,1.8620989567023907,4.029291939100172,3.163306834362103,70.05208333333334,8.810394759566675,14.717664134020353,11.187076143947124,5.082151353662441
auto_residual_structural_hot_peak_shadow,Auto_Residual_Structural_HotPeak_Adjusted_Forecast_MWH,origin_06,2025-06-22 00:00:00-07:00,2025,Summer,6,384,168.52844033593752,167.6912130485536,0.8372272873838975,3.9469169674285283,2.3009150205570856,56.510416666666664,8.422910223045399,17.306136303096224,17.811204941749907,5.161311022862542
auto_residual_structural_hot_peak_shadow,Auto_Residual_Structural_HotPeak_Adjusted_Forecast_MWH,origin_16,2026-03-29 00:00:00-07:00,2026,Spring,3,384,120.51718188281251,120.27614675028832,0.24103513252418393,3.930106457011014,3.2054251607679554,51.302083333333336,8.561204406195005,17.509206212325708,15.460091068948714,5.226810392753789
auto_residual_structural_hot_peak_shadow,Auto_Residual_Structural_HotPeak_Adjusted_Forecast_MWH,origin_20,2026-05-29 00:00:00-07:00,2026,Spring,5,384,163.7729361171875,165.8010852877956,-2.028149170608088,3.8518674949462053,2.3335578105659636,33.85416666666667,8.669825372755469,16.20083068990978,22.308726580424917,5.331253037381185
auto_residual_structural_hot_peak_shadow,Auto_Residual_Structural_HotPeak_Adjusted_Forecast_MWH,origin_09,2025-09-14 00:00:00-07:00,2025,Summer,9,384,162.83103684895835,164.19286261365968,-1.3618257647013603,3.681799954396087,2.305497017325002,37.76041666666667,7.188713963655094,13.517895781192095,31.852428226965912,5.4092332097535545
auto_residual_structural_hot_peak_shadow,Auto_Residual_Structural_HotPeak_Adjusted_Forecast_MWH,origin_19,2026-05-28 00:00:00-07:00,2026,Spring,5,384,158.50971714583332,159.92781223481572,-1.4180950889823862,3.4320376007299527,2.134428528013132,38.80208333333333,7.740717474452818,11.027155938850598,17.984837670445245,4.601491377288954
auto_residual_structural_hot_peak_shadow,Auto_Residual_Structural_HotPeak_Adjusted_Forecast_MWH,origin_04,2025-04-27 00:00:00-07:00,2025,Spring,4,384,121.913576171875,123.60235691922668,-1.6887807473516798,3.2241304709617666,2.589258000906955,29.6875,7.30084610233572,19.512411472691937,14.939794634060036,4.551893743898909
auto_residual_structural_hot_peak_shadow,Auto_Residual_Structural_HotPeak_Adjusted_Forecast_MWH,origin_13,2026-01-03 23:00:00-08:00,2026,Winter,1,384,128.126853875,127.77879984041617,0.34805403458383255,3.1874004987339943,2.4616900103827404,51.822916666666664,7.510737826668562,17.615690357685494,15.188444674711064,4.542804844998653
auto_residual_structural_hot_peak_shadow,Auto_Residual_Structural_HotPeak_Adjusted_Forecast_MWH,origin_03,2025-03-30 00:00:00-07:00,2025,Spring,3,384,111.3258731328125,110.8664558496097,0.45941728320280034,3.1512573125371515,2.730003669484178,57.8125,6.924095236828418,14.370268246523779,10.337637329101796,4.133902456263399
auto_residual_structural_hot_peak_shadow,Auto_Residual_Structural_HotPeak_Adjusted_Forecast_MWH,origin_15,2026-02-28 23:00:00-08:00,2026,Winter,2,384,115.88717167708334,114.27608788114657,1.6110837959367734,3.117206616415474,2.6644873326673992,68.48958333333334,6.419136896496736,9.042810452767029,7.582733237597324,3.823281228438524
auto_residual_structural_hot_peak_shadow,Auto_Residual_Structural_HotPeak_Adjusted_Forecast_MWH,origin_11,2025-11-08 23:00:00-08:00,2025,Fall,11,384,122.29222068489582,121.97711142776556,0.315109257130279,2.909942793596912,2.3001922753276696,52.604166666666664,7.0712662941374385,22.876495151309115,11.674811350869192,4.3384548858213545
auto_residual_structural_hot_peak_shadow,Auto_Residual_Structural_HotPeak_Adjusted_Forecast_MWH,origin_01,2024-10-13 00:00:00-07:00,2024,Fall,10,384,116.30257716666667,114.48648524118276,1.816091925483905,2.9018770574289747,2.341882171927159,71.09375,7.122474511218215,16.655776454401575,8.297108408286874,4.244831012633474
auto_residual_structural_hot_peak_shadow,Auto_Residual_Structural_HotPeak_Adjusted_Forecast_MWH,origin_12,2025-12-06 23:00:00-08:00,2025,Winter,12,384,139.45845884114584,139.28606930305895,0.17238953808689153,2.895006466480705,2.0465606116529917,54.6875,5.257291671132118,12.887891139694062,30.83901502518009,4.470506296077171
auto_residual_structural_hot_peak_shadow,Auto_Residual_Structural_HotPeak_Adjusted_Forecast_MWH,origin_14,2026-01-31 23:00:00-08:00,2026,Winter,1,384,120.6618153359375,120.22319370963748,0.4386216263000204,2.7190846328463767,2.181257377892692,50.260416666666664,6.264005807691291,19.558568948032587,8.16328267514632,3.934713345230008
auto_residual_structural_hot_peak_shadow,Auto_Residual_Structural_HotPeak_Adjusted_Forecast_MWH,origin_10,2025-10-12 00:00:00-07:00,2025,Fall,10,384,118.67937204947917,118.28221349951836,0.39715854996080874,2.243884453535251,1.8718036548685735,60.9375,5.181795386951016,11.359777671103686,10.37697546125024,3.0932712709831036
auto_residual_broad_hot_peak_shadow,Auto_Residual_Broad_HotPeak_Shadow_Adjusted_Forecast_MWH,origin_22,2026-07-07 00:00:00-07:00,2026,Summer,7,380,187.94545492105263,186.63508291102332,1.3103720100293186,5.638815964934659,3.0200269141029343,53.421052631578945,11.968657470283457,28.112993481486313,19.632454424743912,7.360045531937333
auto_residual_broad_hot_peak_shadow,Auto_Residual_Broad_HotPeak_Shadow_Adjusted_Forecast_MWH,origin_21,2026-07-06 00:00:00-07:00,2026,Summer,7,380,185.74302035789472,186.02828366186893,-0.2852633039741701,5.470437726100279,2.94836958885154,45.78947368421053,11.697308469328464,27.065416691715768,21.929593568564314,7.245847363583913
auto_residual_broad_hot_peak_shadow,Auto_Residual_Broad_HotPeak_Shadow_Adjusted_Forecast_MWH,origin_23,2026-07-20 00:00:00-07:00,2026,Summer,7,384,200.18197833593752,198.31474264811766,1.8672356878198555,4.895857668094583,2.357736725669738,57.8125,11.308206102453317,20.89128481131104,16.417774915417738,6.4835443264532415
auto_residual_broad_hot_peak_shadow,Auto_Residual_Broad_HotPeak_Shadow_Adjusted_Forecast_MWH,origin_08,2025-08-17 00:00:00-07:00,2025,Summer,8,384,187.771909734375,191.25282598376623,-3.4809162493912313,4.77474988141245,2.8136025961375375,22.65625,10.337904155614634,10.231181481859863,19.144801115039797,6.104172327716212
auto_residual_broad_hot_peak_shadow,Auto_Residual_Broad_HotPeak_Shadow_Adjusted_Forecast_MWH,origin_24,2026-07-21 00:00:00-07:00,2026,Summer,7,384,200.78578864583335,198.7634002916553,2.022388354178046,4.629012837990592,2.1847481211330044,58.854166666666664,10.680810132814827,21.1872435146376,16.973843295972273,6.319026364799157
auto_residual_broad_hot_peak_shadow,Auto_Residual_Broad_HotPeak_Shadow_Adjusted_Forecast_MWH,origin_05,2025-05-25 00:00:00-07:00,2025,Spring,5,384,153.69139593489584,152.48751982411986,1.203876110775993,4.43644708058844,2.780929949518002,54.947916666666664,9.550788829425635,26.616399585996504,16.678872365763283,6.238314930805466
auto_residual_broad_hot_peak_shadow,Auto_Residual_Broad_HotPeak_Shadow_Adjusted_Forecast_MWH,origin_02,2024-11-09 23:00:00-08:00,2024,Fall,11,384,116.68925462760417,112.9261063677789,3.7631482598252766,4.226241335062977,3.5406845616210205,85.9375,8.14927653530975,16.920567094436763,9.880332289988928,5.173300732342665
auto_residual_broad_hot_peak_shadow,Auto_Residual_Broad_HotPeak_Shadow_Adjusted_Forecast_MWH,origin_07,2025-07-20 00:00:00-07:00,2025,Summer,7,384,157.82088622916666,155.30311778098812,2.517768448178556,4.156534445624595,2.659104169260901,71.09375,9.332453575010636,17.91006081544046,14.52277262930491,5.441933919035559
auto_residual_broad_hot_peak_shadow,Auto_Residual_Broad_HotPeak_Shadow_Adjusted_Forecast_MWH,origin_18,2026-05-24 00:00:00-07:00,2026,Spring,5,384,142.90284213541665,145.21615565734848,-2.3133135219318057,4.119792471690036,2.81700860615304,34.89583333333333,8.789520729696497,10.319549343700942,21.15345086175725,5.52186122910238
auto_residual_broad_hot_peak_shadow,Auto_Residual_Broad_HotPeak_Shadow_Adjusted_Forecast_MWH,origin_17,2026-04-26 00:00:00-07:00,2026,Spring,4,384,127.136992640625,125.2748936839226,1.8620989567023907,4.029291939100172,3.163306834362103,70.05208333333334,8.810394759566675,14.717664134020353,11.187076143947124,5.082151353662441
auto_residual_broad_hot_peak_shadow,Auto_Residual_Broad_HotPeak_Shadow_Adjusted_Forecast_MWH,origin_06,2025-06-22 00:00:00-07:00,2025,Summer,6,384,168.52844033593752,167.73678539950836,0.7916549364291386,3.9896502287518008,2.316204008967566,56.510416666666664,8.461960569172682,17.306136303096224,17.811204941749907,5.23193308500225
auto_residual_broad_hot_peak_shadow,Auto_Residual_Broad_HotPeak_Shadow_Adjusted_Forecast_MWH,origin_16,2026-03-29 00:00:00-07:00,2026,Spring,3,384,120.51718188281251,120.27614675028832,0.24103513252418393,3.930106457011014,3.2054251607679554,51.302083333333336,8.561204406195005,17.509206212325708,15.460091068948714,5.226810392753789
auto_residual_broad_hot_peak_shadow,Auto_Residual_Broad_HotPeak_Shadow_Adjusted_Forecast_MWH,origin_20,2026-05-29 00:00:00-07:00,2026,Spring,5,384,163.7729361171875,165.8010852877956,-2.028149170608088,3.8518674949462053,2.3335578105659636,33.85416666666667,8.669825372755469,16.20083068990978,22.308726580424917,5.331253037381185
auto_residual_broad_hot_peak_shadow,Auto_Residual_Broad_HotPeak_Shadow_Adjusted_Forecast_MWH,origin_09,2025-09-14 00:00:00-07:00,2025,Summer,9,384,162.83103684895835,164.17849736326374,-1.3474605143053997,3.6881892040920925,2.308266660266618,37.76041666666667,7.188713963655094,13.517895781192095,31.852428226965912,5.4146557489993725
auto_residual_broad_hot_peak_shadow,Auto_Residual_Broad_HotPeak_Shadow_Adjusted_Forecast_MWH,origin_19,2026-05-28 00:00:00-07:00,2026,Spring,5,384,158.50971714583332,159.92781223481572,-1.4180950889823862,3.4320376007299527,2.134428528013132,38.80208333333333,7.740717474452818,11.027155938850598,17.984837670445245,4.601491377288954
auto_residual_broad_hot_peak_shadow,Auto_Residual_Broad_HotPeak_Shadow_Adjusted_Forecast_MWH,origin_04,2025-04-27 00:00:00-07:00,2025,Spring,4,384,121.913576171875,123.60235691922668,-1.6887807473516798,3.2241304709617666,2.589258000906955,29.6875,7.30084610233572,19.512411472691937,14.939794634060036,4.551893743898909
auto_residual_broad_hot_peak_shadow,Auto_Residual_Broad_HotPeak_Shadow_Adjusted_Forecast_MWH,origin_13,2026-01-03 23:00:00-08:00,2026,Winter,1,384,128.126853875,127.77879984041617,0.34805403458383255,3.1874004987339943,2.4616900103827404,51.822916666666664,7.510737826668562,17.615690357685494,15.188444674711064,4.542804844998653
auto_residual_broad_hot_peak_shadow,Auto_Residual_Broad_HotPeak_Shadow_Adjusted_Forecast_MWH,origin_03,2025-03-30 00:00:00-07:00,2025,Spring,3,384,111.3258731328125,110.8664558496097,0.45941728320280034,3.1512573125371515,2.730003669484178,57.8125,6.924095236828418,14.370268246523779,10.337637329101796,4.133902456263399
auto_residual_broad_hot_peak_shadow,Auto_Residual_Broad_HotPeak_Shadow_Adjusted_Forecast_MWH,origin_15,2026-02-28 23:00:00-08:00,2026,Winter,2,384,115.88717167708334,114.27608788114657,1.6110837959367734,3.117206616415474,2.6644873326673992,68.48958333333334,6.419136896496736,9.042810452767029,7.582733237597324,3.823281228438524
auto_residual_broad_hot_peak_shadow,Auto_Residual_Broad_HotPeak_Shadow_Adjusted_Forecast_MWH,origin_11,2025-11-08 23:00:00-08:00,2025,Fall,11,384,122.29222068489582,121.97711142776556,0.315109257130279,2.909942793596912,2.3001922753276696,52.604166666666664,7.0712662941374385,22.876495151309115,11.674811350869192,4.3384548858213545
auto_residual_broad_hot_peak_shadow,Auto_Residual_Broad_HotPeak_Shadow_Adjusted_Forecast_MWH,origin_01,2024-10-13 00:00:00-07:00,2024,Fall,10,384,116.30257716666667,114.48648524118276,1.816091925483905,2.9018770574289747,2.341882171927159,71.09375,7.122474511218215,16.655776454401575,8.297108408286874,4.244831012633474
auto_residual_broad_hot_peak_shadow,Auto_Residual_Broad_HotPeak_Shadow_Adjusted_Forecast_MWH,origin_12,2025-12-06 23:00:00-08:00,2025,Winter,12,384,139.45845884114584,139.28606930305895,0.17238953808689153,2.895006466480705,2.0465606116529917,54.6875,5.257291671132118,12.887891139694062,30.83901502518009,4.470506296077171
auto_residual_broad_hot_peak_shadow,Auto_Residual_Broad_HotPeak_Shadow_Adjusted_Forecast_MWH,origin_14,2026-01-31 23:00:00-08:00,2026,Winter,1,384,120.6618153359375,120.22319370963748,0.4386216263000204,2.7190846328463767,2.181257377892692,50.260416666666664,6.264005807691291,19.558568948032587,8.16328267514632,3.934713345230008
auto_residual_broad_hot_peak_shadow,Auto_Residual_Broad_HotPeak_Shadow_Adjusted_Forecast_MWH,origin_10,2025-10-12 00:00:00-07:00,2025,Fall,10,384,118.67937204947917,118.28221349951836,0.39715854996080874,2.243884453535251,1.8718036548685735,60.9375,5.181795386951016,11.359777671103686,10.37697546125024,3.0932712709831036
hot_ramp_peak_shadow,Hot_Ramp_Peak_Shadow_Forecast_MWH,origin_22,2026-07-07 00:00:00-07:00,2026,Summer,7,380,187.94545492105263,186.9409288693376,1.0045260517150325,5.3494662322824675,2.9057957283225075,52.89473684210526,10.967757417473695,28.112993481486313,19.632454424743912,6.946276890163554
hot_ramp_peak_shadow,Hot_Ramp_Peak_Shadow_Forecast_MWH,origin_21,2026-07-06 00:00:00-07:00,2026,Summer,7,380,185.74302035789472,186.4230205039742,-0.6800001460794333,5.216934618021125,2.8493012313976855,44.473684210526315,11.079450614085054,27.065416691715768,21.929593568564314,6.849882919340601
hot_ramp_peak_shadow,Hot_Ramp_Peak_Shadow_Forecast_MWH,origin_08,2025-08-17 00:00:00-07:00,2025,Summer,8,384,187.771909734375,191.27026670010295,-3.4983569657279414,4.778142498409072,2.8146172363045356,22.65625,10.337904155614634,10.231181481859863,19.144801115039797,6.105150794429924
hot_ramp_peak_shadow,Hot_Ramp_Peak_Shadow_Forecast_MWH,origin_23,2026-07-20 00:00:00-07:00,2026,Summer,7,384,200.18197833593752,198.7525903276855,1.4293880082519816,4.772765386177221,2.30815281268728,55.46875,10.886395699606853,20.89128481131104,16.417774915417738,6.311413928022873
hot_ramp_peak_shadow,Hot_Ramp_Peak_Shadow_Forecast_MWH,origin_05,2025-05-25 00:00:00-07:00,2025,Spring,5,384,153.69139593489584,152.48751982411986,1.203876110775993,4.43644708058844,2.780929949518002,54.947916666666664,9.550788829425635,26.616399585996504,16.678872365763283,6.238314930805466
hot_ramp_peak_shadow,Hot_Ramp_Peak_Shadow_Forecast_MWH,origin_24,2026-07-21 00:00:00-07:00,2026,Summer,7,384,200.78578864583335,199.30583768016336,1.4799509656699643,4.422776738546651,2.1028985041492128,55.989583333333336,9.81884882883915,21.1872435146376,16.973843295972273,6.000529207432342
hot_ramp_peak_shadow,Hot_Ramp_Peak_Shadow_Forecast_MWH,origin_07,2025-07-20 00:00:00-07:00,2025,Summer,7,384,157.82088622916666,155.51145111432143,2.3094351148452223,4.324629352107779,2.7199583799930327,70.57291666666666,9.880077530240872,17.91006081544046,14.52277262930491,5.635233152246669
hot_ramp_peak_shadow,Hot_Ramp_Peak_Shadow_Forecast_MWH,origin_02,2024-11-09 23:00:00-08:00,2024,Fall,11,384,116.68925462760417,112.9261063677789,3.7631482598252766,4.226241335062977,3.5406845616210205,85.9375,8.14927653530975,16.920567094436763,9.880332289988928,5.173300732342665
hot_ramp_peak_shadow,Hot_Ramp_Peak_Shadow_Forecast_MWH,origin_18,2026-05-24 00:00:00-07:00,2026,Spring,5,384,142.90284213541665,145.21615565734848,-2.3133135219318057,4.119792471690036,2.81700860615304,34.89583333333333,8.789520729696497,10.319549343700942,21.15345086175725,5.52186122910238
hot_ramp_peak_shadow,Hot_Ramp_Peak_Shadow_Forecast_MWH,origin_17,2026-04-26 00:00:00-07:00,2026,Spring,4,384,127.136992640625,125.2748936839226,1.8620989567023907,4.029291939100172,3.163306834362103,70.05208333333334,8.810394759566675,14.717664134020353,11.187076143947124,5.082151353662441
hot_ramp_peak_shadow,Hot_Ramp_Peak_Shadow_Forecast_MWH,origin_06,2025-06-22 00:00:00-07:00,2025,Summer,6,384,168.52844033593752,167.91907706617502,0.6093632697624721,3.9948585620851342,2.3128637461174057,56.510416666666664,8.650342517487,16.698964061251928,23.01998456855341,5.272308760994179
hot_ramp_peak_shadow,Hot_Ramp_Peak_Shadow_Forecast_MWH,origin_20,2026-05-29 00:00:00-07:00,2026,Spring,5,384,163.7729361171875,165.97035612112893,-2.197420003941421,3.962266796574889,2.371178565852411,33.07291666666667,9.445495484397586,16.20083068990978,22.308726580424917,5.491134807630885
hot_ramp_peak_shadow,Hot_Ramp_Peak_Shadow_Forecast_MWH,origin_16,2026-03-29 00:00:00-07:00,2026,Spring,3,384,120.51718188281251,120.27614675028832,0.24103513252418393,3.930106457011014,3.2054251607679554,51.302083333333336,8.561204406195005,17.509206212325708,15.460091068948714,5.226810392753789
hot_ramp_peak_shadow,Hot_Ramp_Peak_Shadow_Forecast_MWH,origin_09,2025-09-14 00:00:00-07:00,2025,Summer,9,384,162.83103684895835,164.17851111159646,-1.3474742626381218,3.6881754557593704,2.308260850329651,37.76041666666667,7.188713963655094,13.517895781192095,31.852428226965912,5.414652785397944
hot_ramp_peak_shadow,Hot_Ramp_Peak_Shadow_Forecast_MWH,origin_19,2026-05-28 00:00:00-07:00,2026,Spring,5,384,158.50971714583332,160.05802056814906,-1.5483034223157197,3.5187845921257104,2.163958650456229,38.02083333333333,8.001439401904134,11.027155938850598,17.984837670445245,4.707321987944385
hot_ramp_peak_shadow,Hot_Ramp_Peak_Shadow_Forecast_MWH,origin_04,2025-04-27 00:00:00-07:00,2025,Spring,4,384,121.913576171875,123.60235691922668,-1.6887807473516798,3.2241304709617666,2.589258000906955,29.6875,7.30084610233572,19.512411472691937,14.939794634060036,4.551893743898909
hot_ramp_peak_shadow,Hot_Ramp_Peak_Shadow_Forecast_MWH,origin_13,2026-01-03 23:00:00-08:00,2026,Winter,1,384,128.126853875,127.77879984041617,0.34805403458383255,3.1874004987339943,2.4616900103827404,51.822916666666664,7.510737826668562,17.615690357685494,15.188444674711064,4.542804844998653
hot_ramp_peak_shadow,Hot_Ramp_Peak_Shadow_Forecast_MWH,origin_03,2025-03-30 00:00:00-07:00,2025,Spring,3,384,111.3258731328125,110.8664558496097,0.45941728320280034,3.1512573125371515,2.730003669484178,57.8125,6.924095236828418,14.370268246523779,10.337637329101796,4.133902456263399
hot_ramp_peak_shadow,Hot_Ramp_Peak_Shadow_Forecast_MWH,origin_15,2026-02-28 23:00:00-08:00,2026,Winter,2,384,115.88717167708334,114.27608788114657,1.6110837959367734,3.117206616415474,2.6644873326673992,68.48958333333334,6.419136896496736,9.042810452767029,7.582733237597324,3.823281228438524
hot_ramp_peak_shadow,Hot_Ramp_Peak_Shadow_Forecast_MWH,origin_11,2025-11-08 23:00:00-08:00,2025,Fall,11,384,122.29222068489582,121.97711142776556,0.315109257130279,2.909942793596912,2.3001922753276696,52.604166666666664,7.0712662941374385,22.876495151309115,11.674811350869192,4.3384548858213545
hot_ramp_peak_shadow,Hot_Ramp_Peak_Shadow_Forecast_MWH,origin_01,2024-10-13 00:00:00-07:00,2024,Fall,10,384,116.30257716666667,114.48648524118276,1.816091925483905,2.9018770574289747,2.341882171927159,71.09375,7.122474511218215,16.655776454401575,8.297108408286874,4.244831012633474
hot_ramp_peak_shadow,Hot_Ramp_Peak_Shadow_Forecast_MWH,origin_12,2025-12-06 23:00:00-08:00,2025,Winter,12,384,139.45845884114584,139.28606930305895,0.17238953808689153,2.895006466480705,2.0465606116529917,54.6875,5.257291671132118,12.887891139694062,30.83901502518009,4.470506296077171
hot_ramp_peak_shadow,Hot_Ramp_Peak_Shadow_Forecast_MWH,origin_14,2026-01-31 23:00:00-08:00,2026,Winter,1,384,120.6618153359375,120.22319370963748,0.4386216263000204,2.7190846328463767,2.181257377892692,50.260416666666664,6.264005807691291,19.558568948032587,8.16328267514632,3.934713345230008
hot_ramp_peak_shadow,Hot_Ramp_Peak_Shadow_Forecast_MWH,origin_10,2025-10-12 00:00:00-07:00,2025,Fall,10,384,118.67937204947917,118.28221349951836,0.39715854996080874,2.243884453535251,1.8718036548685735,60.9375,5.181795386951016,11.359777671103686,10.37697546125024,3.0932712709831036
heat_persistence_peak_shadow,Heat_Persistence_Peak_Shadow_Forecast_MWH,origin_22,2026-07-07 00:00:00-07:00,2026,Summer,7,380,187.94545492105263,186.9409288693376,1.0045260517150325,5.3494662322824675,2.9057957283225075,52.89473684210526,10.967757417473695,28.112993481486313,19.632454424743912,6.946276890163554
heat_persistence_peak_shadow,Heat_Persistence_Peak_Shadow_Forecast_MWH,origin_21,2026-07-06 00:00:00-07:00,2026,Summer,7,380,185.74302035789472,186.4230205039742,-0.6800001460794333,5.216934618021125,2.8493012313976855,44.473684210526315,11.079450614085054,27.065416691715768,21.929593568564314,6.849882919340601
heat_persistence_peak_shadow,Heat_Persistence_Peak_Shadow_Forecast_MWH,origin_08,2025-08-17 00:00:00-07:00,2025,Summer,8,384,187.771909734375,191.30791976243995,-3.5360100280649562,4.788102417950924,2.817647933084858,22.135416666666664,10.337904155614634,10.231181481859863,19.144801115039797,6.115720727423726
heat_persistence_peak_shadow,Heat_Persistence_Peak_Shadow_Forecast_MWH,origin_23,2026-07-20 00:00:00-07:00,2026,Summer,7,384,200.18197833593752,198.7525903276855,1.4293880082519816,4.772765386177221,2.30815281268728,55.46875,10.886395699606853,20.89128481131104,16.417774915417738,6.311413928022873
heat_persistence_peak_shadow,Heat_Persistence_Peak_Shadow_Forecast_MWH,origin_05,2025-05-25 00:00:00-07:00,2025,Spring,5,384,153.69139593489584,152.48751982411986,1.203876110775993,4.43644708058844,2.780929949518002,54.947916666666664,9.550788829425635,26.616399585996504,16.678872365763283,6.238314930805466
heat_persistence_peak_shadow,Heat_Persistence_Peak_Shadow_Forecast_MWH,origin_24,2026-07-21 00:00:00-07:00,2026,Summer,7,384,200.78578864583335,199.30583768016336,1.4799509656699643,4.422776738546651,2.1028985041492128,55.989583333333336,9.81884882883915,21.1872435146376,16.973843295972273,6.000529207432342
heat_persistence_peak_shadow,Heat_Persistence_Peak_Shadow_Forecast_MWH,origin_07,2025-07-20 00:00:00-07:00,2025,Summer,7,384,157.82088622916666,155.51145111432143,2.3094351148452223,4.324629352107779,2.7199583799930327,70.57291666666666,9.880077530240872,17.91006081544046,14.52277262930491,5.635233152246669
heat_persistence_peak_shadow,Heat_Persistence_Peak_Shadow_Forecast_MWH,origin_02,2024-11-09 23:00:00-08:00,2024,Fall,11,384,116.68925462760417,112.9261063677789,3.7631482598252766,4.226241335062977,3.5406845616210205,85.9375,8.14927653530975,16.920567094436763,9.880332289988928,5.173300732342665
heat_persistence_peak_shadow,Heat_Persistence_Peak_Shadow_Forecast_MWH,origin_18,2026-05-24 00:00:00-07:00,2026,Spring,5,384,142.90284213541665,145.21615565734848,-2.3133135219318057,4.119792471690036,2.81700860615304,34.89583333333333,8.789520729696497,10.319549343700942,21.15345086175725,5.52186122910238
heat_persistence_peak_shadow,Heat_Persistence_Peak_Shadow_Forecast_MWH,origin_17,2026-04-26 00:00:00-07:00,2026,Spring,4,384,127.136992640625,125.2748936839226,1.8620989567023907,4.029291939100172,3.163306834362103,70.05208333333334,8.810394759566675,14.717664134020353,11.187076143947124,5.082151353662441
heat_persistence_peak_shadow,Heat_Persistence_Peak_Shadow_Forecast_MWH,origin_06,2025-06-22 00:00:00-07:00,2025,Summer,6,384,168.52844033593752,167.91907706617502,0.6093632697624721,3.9948585620851342,2.3128637461174057,56.510416666666664,8.650342517487,16.698964061251928,23.01998456855341,5.272308760994179
heat_persistence_peak_shadow,Heat_Persistence_Peak_Shadow_Forecast_MWH,origin_20,2026-05-29 00:00:00-07:00,2026,Spring,5,384,163.7729361171875,165.97035612112893,-2.197420003941421,3.962266796574889,2.371178565852411,33.07291666666667,9.445495484397586,16.20083068990978,22.308726580424917,5.491134807630885
heat_persistence_peak_shadow,Heat_Persistence_Peak_Shadow_Forecast_MWH,origin_16,2026-03-29 00:00:00-07:00,2026,Spring,3,384,120.51718188281251,120.27614675028832,0.24103513252418393,3.930106457011014,3.2054251607679554,51.302083333333336,8.561204406195005,17.509206212325708,15.460091068948714,5.226810392753789
heat_persistence_peak_shadow,Heat_Persistence_Peak_Shadow_Forecast_MWH,origin_09,2025-09-14 00:00:00-07:00,2025,Summer,9,384,162.83103684895835,164.17851111159646,-1.3474742626381218,3.6881754557593704,2.308260850329651,37.76041666666667,7.188713963655094,13.517895781192095,31.852428226965912,5.414652785397944
heat_persistence_peak_shadow,Heat_Persistence_Peak_Shadow_Forecast_MWH,origin_19,2026-05-28 00:00:00-07:00,2026,Spring,5,384,158.50971714583332,160.05802056814906,-1.5483034223157197,3.5187845921257104,2.163958650456229,38.02083333333333,8.001439401904134,11.027155938850598,17.984837670445245,4.707321987944385
heat_persistence_peak_shadow,Heat_Persistence_Peak_Shadow_Forecast_MWH,origin_04,2025-04-27 00:00:00-07:00,2025,Spring,4,384,121.913576171875,123.60235691922668,-1.6887807473516798,3.2241304709617666,2.589258000906955,29.6875,7.30084610233572,19.512411472691937,14.939794634060036,4.551893743898909
heat_persistence_peak_shadow,Heat_Persistence_Peak_Shadow_Forecast_MWH,origin_13,2026-01-03 23:00:00-08:00,2026,Winter,1,384,128.126853875,127.77879984041617,0.34805403458383255,3.1874004987339943,2.4616900103827404,51.822916666666664,7.510737826668562,17.615690357685494,15.188444674711064,4.542804844998653
heat_persistence_peak_shadow,Heat_Persistence_Peak_Shadow_Forecast_MWH,origin_03,2025-03-30 00:00:00-07:00,2025,Spring,3,384,111.3258731328125,110.8664558496097,0.45941728320280034,3.1512573125371515,2.730003669484178,57.8125,6.924095236828418,14.370268246523779,10.337637329101796,4.133902456263399
heat_persistence_peak_shadow,Heat_Persistence_Peak_Shadow_Forecast_MWH,origin_15,2026-02-28 23:00:00-08:00,2026,Winter,2,384,115.88717167708334,114.27608788114657,1.6110837959367734,3.117206616415474,2.6644873326673992,68.48958333333334,6.419136896496736,9.042810452767029,7.582733237597324,3.823281228438524
heat_persistence_peak_shadow,Heat_Persistence_Peak_Shadow_Forecast_MWH,origin_11,2025-11-08 23:00:00-08:00,2025,Fall,11,384,122.29222068489582,121.97711142776556,0.315109257130279,2.909942793596912,2.3001922753276696,52.604166666666664,7.0712662941374385,22.876495151309115,11.674811350869192,4.3384548858213545
heat_persistence_peak_shadow,Heat_Persistence_Peak_Shadow_Forecast_MWH,origin_01,2024-10-13 00:00:00-07:00,2024,Fall,10,384,116.30257716666667,114.48648524118276,1.816091925483905,2.9018770574289747,2.341882171927159,71.09375,7.122474511218215,16.655776454401575,8.297108408286874,4.244831012633474
heat_persistence_peak_shadow,Heat_Persistence_Peak_Shadow_Forecast_MWH,origin_12,2025-12-06 23:00:00-08:00,2025,Winter,12,384,139.45845884114584,139.28606930305895,0.17238953808689153,2.895006466480705,2.0465606116529917,54.6875,5.257291671132118,12.887891139694062,30.83901502518009,4.470506296077171
heat_persistence_peak_shadow,Heat_Persistence_Peak_Shadow_Forecast_MWH,origin_14,2026-01-31 23:00:00-08:00,2026,Winter,1,384,120.6618153359375,120.22319370963748,0.4386216263000204,2.7190846328463767,2.181257377892692,50.260416666666664,6.264005807691291,19.558568948032587,8.16328267514632,3.934713345230008
heat_persistence_peak_shadow,Heat_Persistence_Peak_Shadow_Forecast_MWH,origin_10,2025-10-12 00:00:00-07:00,2025,Fall,10,384,118.67937204947917,118.28221349951836,0.39715854996080874,2.243884453535251,1.8718036548685735,60.9375,5.181795386951016,11.359777671103686,10.37697546125024,3.0932712709831036
baseline_same_hour_yesterday,Baseline_SameHourYesterday_MWH,origin_24,2026-07-21 00:00:00-07:00,2026,Summer,7,384,200.78578864583335,204.50984434375002,-3.7240556979166666,103.53224251041667,57.41710471220957,48.95833333333333,173.3415,208.83599999999998,205.527,117.69866725477588
baseline_same_hour_yesterday,Baseline_SameHourYesterday_MWH,origin_23,2026-07-20 00:00:00-07:00,2026,Summer,7,384,200.18197833593752,198.76813646614585,1.4138418697916666,102.45934173958334,56.40076393667642,50.520833333333336,173.137,208.83599999999998,205.527,116.51616587437623
baseline_same_hour_yesterday,Baseline_SameHourYesterday_MWH,origin_22,2026-07-07 00:00:00-07:00,2026,Summer,7,380,187.94545492105263,186.1185828763158,1.8268720447368423,88.39880641315789,50.84914990606197,51.31578947368421,155.220197,196.130075,192.997083,101.8831687289113
baseline_same_hour_yesterday,Baseline_SameHourYesterday_MWH,origin_21,2026-07-06 00:00:00-07:00,2026,Summer,7,380,185.74302035789472,185.28377536052633,0.45924499736842106,86.09380152894737,49.68807268104385,48.421052631578945,154.4734687,196.130075,192.997083,99.86134232567383
baseline_same_hour_yesterday,Baseline_SameHourYesterday_MWH,origin_20,2026-05-29 00:00:00-07:00,2026,Spring,5,384,163.7729361171875,164.1382087265625,-0.36527260937500006,65.457844734375,41.840866301378455,52.864583333333336,127.96946700000002,183.07319999999999,173.90324999999999,78.8602306699793
baseline_same_hour_yesterday,Baseline_SameHourYesterday_MWH,origin_19,2026-05-28 00:00:00-07:00,2026,Spring,5,384,158.50971714583332,154.06390570572918,4.445811440104166,61.29036562239583,39.384691774074064,54.947916666666664,122.20860239999999,183.07319999999999,162.00678299999998,74.7194639492007
baseline_same_hour_yesterday,Baseline_SameHourYesterday_MWH,origin_18,2026-05-24 00:00:00-07:00,2026,Spring,5,384,142.90284213541665,144.56441846875,-1.6615763333333335,44.19940730208333,30.492196808455166,49.73958333333333,103.93259079999999,128.11466700000003,151.51145799999998,58.22023656726732
baseline_same_hour_yesterday,Baseline_SameHourYesterday_MWH,origin_05,2025-05-25 00:00:00-07:00,2025,Spring,5,384,153.69139593489584,150.15266544791666,3.538730486979167,18.1360294609375,10.837063671182563,59.114583333333336,42.91304439999999,77.28132500000001,88.83647500000001,25.976213276843442
baseline_same_hour_yesterday,Baseline_SameHourYesterday_MWH,origin_09,2025-09-14 00:00:00-07:00,2025,Summer,9,384,162.83103684895835,167.14112179166668,-4.310084942708333,17.362092718750002,10.399206346370233,54.427083333333336,36.187627400000004,38.40450800000002,106.82626700000003,25.937745855850746
baseline_same_hour_yesterday,Baseline_SameHourYesterday_MWH,origin_06,2025-06-22 00:00:00-07:00,2025,Summer,6,384,168.52844033593752,167.79975491927084,0.7286854166666666,17.285620807291668,10.58036460832077,57.03125,40.7026474,64.66310800000002,99.756392,25.32597100117141
baseline_same_hour_yesterday,Baseline_SameHourYesterday_MWH,origin_08,2025-08-17 00:00:00-07:00,2025,Summer,8,384,187.771909734375,185.07215836458332,2.6997513697916666,12.458073619791667,6.487168741555763,63.541666666666664,27.9834262,53.81595800000002,69.05847499999999,17.179494043213463
baseline_same_hour_yesterday,Baseline_SameHourYesterday_MWH,origin_07,2025-07-20 00:00:00-07:00,2025,Summer,7,384,157.82088622916666,158.85897444270833,-1.0380882135416665,12.296236588541667,7.529352612497736,47.39583333333333,27.513286299999997,54.740983,51.5256,16.609439863497695
baseline_same_hour_yesterday,Baseline_SameHourYesterday_MWH,origin_04,2025-04-27 00:00:00-07:00,2025,Spring,4,384,121.913576171875,122.37519405729167,-0.4616178854166668,11.393212473958334,8.913234998989592,51.5625,23.877255599999987,33.942958000000004,88.039533,17.186889260502944
baseline_same_hour_yesterday,Baseline_SameHourYesterday_MWH,origin_17,2026-04-26 00:00:00-07:00,2026,Spring,4,384,127.136992640625,123.7593549609375,3.3776376796874996,9.012221075520834,6.599478436068409,64.0625,22.334426199999996,53.919442000000004,46.55224100000001,13.72789097595008
baseline_same_hour_yesterday,Baseline_SameHourYesterday_MWH,origin_16,2026-03-29 00:00:00-07:00,2026,Spring,3,384,120.51718188281251,121.29954002604167,-0.7823581432291666,7.599129028645834,6.220990696146083,50.520833333333336,18.663718799999987,23.001559000000015,44.31815,10.691590584405454
baseline_same_hour_yesterday,Baseline_SameHourYesterday_MWH,origin_02,2024-11-09 23:00:00-08:00,2024,Fall,11,384,116.68925462760417,115.90933802083333,0.7799166067708333,6.927386533854167,5.878936222289712,50.0,17.357116800000004,46.265000000000015,37.745757999999995,10.659194762769452
baseline_same_hour_yesterday,Baseline_SameHourYesterday_MWH,origin_03,2025-03-30 00:00:00-07:00,2025,Spring,3,384,111.3258731328125,111.65766887760417,-0.33179574479166657,6.688442276041667,5.977010332279257,51.041666666666664,17.948757700000005,27.903099999999995,37.731815999999995,9.932199402931465
baseline_same_hour_yesterday,Baseline_SameHourYesterday_MWH,origin_10,2025-10-12 00:00:00-07:00,2025,Fall,10,384,118.67937204947917,119.86195876562499,-1.1825867161458332,6.473689997395834,5.542979705813419,54.166666666666664,15.625006900000006,22.962532999999993,60.14193399999999,10.557145278226237
baseline_same_hour_yesterday,Baseline_SameHourYesterday_MWH,origin_01,2024-10-13 00:00:00-07:00,2024,Fall,10,360,115.72596856111112,116.69151120277778,-0.9655426416666665,5.754994036111111,4.7545976499279785,44.166666666666664,14.261451899999996,23.16262499999999,47.848709000000014,9.158027760036285
baseline_same_hour_yesterday,Baseline_SameHourYesterday_MWH,origin_11,2025-11-08 23:00:00-08:00,2025,Fall,11,384,122.29222068489582,121.516705625,0.7755150598958335,5.7230235651041665,4.583484864208935,53.645833333333336,15.132954999999992,36.609300000000005,27.486099999999993,8.874405796791107
baseline_same_hour_yesterday,Baseline_SameHourYesterday_MWH,origin_14,2026-01-31 23:00:00-08:00,2026,Winter,1,384,120.6618153359375,120.652290328125,0.009525007812499764,5.4910583151041665,4.426408644647192,46.875,15.362319900000005,50.669974999999994,33.031025,9.243487627220965
baseline_same_hour_yesterday,Baseline_SameHourYesterday_MWH,origin_15,2026-02-28 23:00:00-08:00,2026,Winter,2,384,115.88717167708334,116.27932818750001,-0.3921565104166666,5.102442614583333,4.372681125896313,51.041666666666664,13.706600100000001,28.629533999999992,44.019525,8.362058225468509
baseline_same_hour_yesterday,Baseline_SameHourYesterday_MWH,origin_12,2025-12-06 23:00:00-08:00,2025,Winter,12,384,139.45845884114584,139.18827768229167,0.27018115885416666,4.228117205729167,3.0100277355968825,51.041666666666664,10.50154439999999,22.621842,22.57253400000002,6.093656299239624
baseline_same_hour_yesterday,Baseline_SameHourYesterday_MWH,origin_13,2026-01-03 23:00:00-08:00,2026,Winter,1,384,128.126853875,128.24815424479166,-0.12130036979166654,4.2280307708333345,3.2824014360405944,44.01041666666667,11.175524899999989,21.483274999999992,33.633234,6.552140055646812
baseline_same_hour_7_days_ago,Baseline_SameHour7DaysAgo_MWH,origin_24,2026-07-21 00:00:00-07:00,2026,Summer,7,384,200.78578864583335,196.84823225,3.937556395833333,89.82662359375,48.19981396524176,48.95833333333333,170.829385,230.13899999999998,184.18573300000003,108.53001221195937
baseline_same_hour_7_days_ago,Baseline_SameHour7DaysAgo_MWH,origin_23,2026-07-20 00:00:00-07:00,2026,Summer,7,384,200.18197833593752,192.7928061901042,7.389172145833334,89.30270897395833,47.777801483141076,50.260416666666664,170.829385,230.13899999999998,184.18573300000003,108.13098603473797
baseline_same_hour_7_days_ago,Baseline_SameHour7DaysAgo_MWH,origin_21,2026-07-06 00:00:00-07:00,2026,Summer,7,380,185.74302035789472,184.62771698421054,1.1153033736842108,85.60156195789473,50.53782845343382,51.578947368421055,160.1046666,228.1343,217.713741,102.4853105782705
baseline_same_hour_7_days_ago,Baseline_SameHour7DaysAgo_MWH,origin_22,2026-07-07 00:00:00-07:00,2026,Summer,7,380,187.94545492105263,188.2680454263158,-0.3225905052631574,83.92850544210526,49.65360583789383,50.26315789473684,160.1046666,228.1343,217.713741,101.54810016109758
baseline_same_hour_7_days_ago,Baseline_SameHour7DaysAgo_MWH,origin_20,2026-05-29 00:00:00-07:00,2026,Spring,5,384,163.7729361171875,148.95320777604167,14.819728341145833,58.64052762239584,35.92025168951667,59.375,124.86635749999999,208.41770000000002,163.61123299999997,74.41172538528882
baseline_same_hour_7_days_ago,Baseline_SameHour7DaysAgo_MWH,origin_19,2026-05-28 00:00:00-07:00,2026,Spring,5,384,158.50971714583332,146.97032720312498,11.539389942708333,57.642312015625,36.25485644653143,55.46875,125.23957999999998,208.41770000000002,163.61123299999997,73.76594432398412
baseline_same_hour_7_days_ago,Baseline_SameHour7DaysAgo_MWH,origin_18,2026-05-24 00:00:00-07:00,2026,Spring,5,384,142.90284213541665,143.16449466406252,-0.2616525286458334,45.15445470052083,31.033739335426674,46.875,117.4082314,143.60225000000003,163.61123299999997,61.06128393239052
baseline_same_hour_7_days_ago,Baseline_SameHour7DaysAgo_MWH,origin_06,2025-06-22 00:00:00-07:00,2025,Summer,6,384,168.52844033593752,163.27227551822918,5.256164817708332,30.636211046875,17.478993148817654,51.041666666666664,72.44082949999998,132.21515800000003,96.280834,40.517186818802806
baseline_same_hour_7_days_ago,Baseline_SameHour7DaysAgo_MWH,origin_07,2025-07-20 00:00:00-07:00,2025,Summer,7,384,157.82088622916666,156.45266731249998,1.3682189166666667,28.665631578125,16.991086749902042,58.072916666666664,63.739248599999996,99.440033,117.31048400000003,37.79417486405678
baseline_same_hour_7_days_ago,Baseline_SameHour7DaysAgo_MWH,origin_08,2025-08-17 00:00:00-07:00,2025,Summer,8,384,187.771909734375,181.11179801041666,6.660111723958333,28.052297375,14.174721521461587,49.47916666666667,66.78846499999996,102.30119199999999,71.67657500000001,37.38608166456036
baseline_same_hour_7_days_ago,Baseline_SameHour7DaysAgo_MWH,origin_05,2025-05-25 00:00:00-07:00,2025,Spring,5,384,153.69139593489584,141.43436998958333,12.2570259453125,27.100456028645834,15.310620901676055,63.020833333333336,62.802225699999994,183.10244999999998,57.51988300000002,42.609625720931156
baseline_same_hour_7_days_ago,Baseline_SameHour7DaysAgo_MWH,origin_09,2025-09-14 00:00:00-07:00,2025,Summer,9,384,162.83103684895835,176.51544565104166,-13.684408802083333,23.699530807291666,14.648597492336942,39.84375,58.78007879999999,44.237066999999996,115.324941,34.05756182487072
baseline_same_hour_7_days_ago,Baseline_SameHour7DaysAgo_MWH,origin_10,2025-10-12 00:00:00-07:00,2025,Fall,10,384,118.67937204947917,134.24124290625,-15.561870856770833,21.384602888020833,17.892198554530502,42.44791666666667,56.26675060000001,28.10024200000001,153.10531699999996,34.61827140453662
baseline_same_hour_7_days_ago,Baseline_SameHour7DaysAgo_MWH,origin_17,2026-04-26 00:00:00-07:00,2026,Spring,4,384,127.136992640625,119.87959633854166,7.257396302083333,14.732521343750001,10.171753949182893,64.84375,37.3825368,110.634683,42.046784,23.56886406739789
baseline_same_hour_7_days_ago,Baseline_SameHour7DaysAgo_MWH,origin_04,2025-04-27 00:00:00-07:00,2025,Spring,4,384,121.913576171875,114.78880097135418,7.124775200520833,14.2855361953125,10.443922065415045,63.802083333333336,30.998969300000002,96.36375,37.43112500000001,21.567316878251233
baseline_same_hour_7_days_ago,Baseline_SameHour7DaysAgo_MWH,origin_12,2025-12-06 23:00:00-08:00,2025,Winter,12,384,139.45845884114584,134.20646596614583,5.251992875,12.728912192708334,8.942729222862445,58.333333333333336,23.719189500000002,53.123075000000014,21.617942,16.275196474511578
baseline_same_hour_7_days_ago,Baseline_SameHour7DaysAgo_MWH,origin_16,2026-03-29 00:00:00-07:00,2026,Spring,3,384,120.51718188281251,119.05765241145833,1.4595294713541669,11.291403544270834,8.883461176673192,49.47916666666667,26.167000499999993,42.789367,47.476867,15.191623255866448
baseline_same_hour_7_days_ago,Baseline_SameHour7DaysAgo_MWH,origin_03,2025-03-30 00:00:00-07:00,2025,Spring,3,384,111.3258731328125,114.98318976041666,-3.657316627604167,11.199664986979167,10.005939580045517,35.67708333333333,26.865589399999998,42.007108,54.23268300000001,15.429745347600315
baseline_same_hour_7_days_ago,Baseline_SameHour7DaysAgo_MWH,origin_01,2024-10-13 00:00:00-07:00,2024,Fall,10,216,111.8920150138889,119.71466121296297,-7.822646199074074,10.306974597222222,8.797651568446108,33.7962962962963,27.340937499999995,16.477175000000003,49.07108400000001,15.315008313117733
baseline_same_hour_7_days_ago,Baseline_SameHour7DaysAgo_MWH,origin_13,2026-01-03 23:00:00-08:00,2026,Winter,1,384,128.126853875,131.74785282291666,-3.620998947916666,9.208866,7.361908427401528,37.76041666666667,21.2026902,41.04614199999999,41.74943400000001,12.416386206880604
baseline_same_hour_7_days_ago,Baseline_SameHour7DaysAgo_MWH,origin_02,2024-11-09 23:00:00-08:00,2024,Fall,11,384,116.68925462760417,112.67366535156249,4.015589276041667,8.315611661458334,6.960529846362255,70.83333333333334,20.120549499999992,40.55201699999999,34.58879999999999,11.462564054270501
baseline_same_hour_7_days_ago,Baseline_SameHour7DaysAgo_MWH,origin_15,2026-02-28 23:00:00-08:00,2026,Winter,2,384,115.88717167708334,117.8370609296875,-1.949889252604167,6.898550325520834,5.978723791240479,45.83333333333333,15.769228599999996,24.520391999999987,53.782257999999985,10.243006851242251
baseline_same_hour_7_days_ago,Baseline_SameHour7DaysAgo_MWH,origin_11,2025-11-08 23:00:00-08:00,2025,Fall,11,384,122.29222068489582,121.14363500520834,1.1485856796874998,6.4561675234375,5.353435129077519,67.1875,14.953561299999999,28.774091999999982,29.21262499999999,8.651569267905629
baseline_same_hour_7_days_ago,Baseline_SameHour7DaysAgo_MWH,origin_14,2026-01-31 23:00:00-08:00,2026,Winter,1,384,120.6618153359375,122.84748228125,-2.1856669453125,6.082682513020834,5.015024474952347,32.55208333333333,13.610142299999984,38.832224999999994,33.55328300000001,8.634744495569107
baseline_rolling_7day_same_hour_avg,Baseline_Rolling7DaySameHourAvg_MWH,origin_21,2026-07-06 00:00:00-07:00,2026,Summer,7,380,185.74302035789472,187.44894057330828,-1.7059202154135327,24.588445989097746,13.274801582804788,48.1578947368421,54.535347414285695,84.71583742857143,75.17947714285714,31.10805071740629
baseline_rolling_7day_same_hour_avg,Baseline_Rolling7DaySameHourAvg_MWH,origin_22,2026-07-07 00:00:00-07:00,2026,Summer,7,380,187.94545492105263,188.523456437594,-0.5780015165413528,23.942133233834586,12.745251510404229,51.578947368421055,52.123766800000006,84.11560257142858,75.64113014285715,30.443177941630474
baseline_rolling_7day_same_hour_avg,Baseline_Rolling7DaySameHourAvg_MWH,origin_06,2025-06-22 00:00:00-07:00,2025,Summer,6,384,168.52844033593752,167.2887861577381,1.2396541781994046,22.986462237723213,13.667767087695232,63.541666666666664,55.80711335714282,67.21160657142855,95.53254728571426,30.986339573046852
baseline_rolling_7day_same_hour_avg,Baseline_Rolling7DaySameHourAvg_MWH,origin_08,2025-08-17 00:00:00-07:00,2025,Summer,8,384,187.771909734375,182.40113033184525,5.370779402529762,21.383740718005953,10.67277037264794,55.729166666666664,46.239529371428546,87.76495742857142,58.598929571428584,27.811981904482373
baseline_rolling_7day_same_hour_avg,Baseline_Rolling7DaySameHourAvg_MWH,origin_05,2025-05-25 00:00:00-07:00,2025,Spring,5,384,153.69139593489584,145.98138424330355,7.710011691592263,19.07876570796131,11.058388083332988,50.520833333333336,38.97940801428571,116.39426428571429,39.45088899999999,30.202985349086934
baseline_rolling_7day_same_hour_avg,Baseline_Rolling7DaySameHourAvg_MWH,origin_20,2026-05-29 00:00:00-07:00,2026,Spring,5,384,163.7729361171875,153.71346006473215,10.059476052455357,18.939156867187503,10.690394868667438,74.21875,46.97725668571429,84.22378142857141,82.40982785714283,26.27846938929832
baseline_rolling_7day_same_hour_avg,Baseline_Rolling7DaySameHourAvg_MWH,origin_19,2026-05-28 00:00:00-07:00,2026,Spring,5,384,158.50971714583332,150.12523405729166,8.384483088541666,18.74241519122024,10.850156888578022,69.53125,45.45418588571426,83.63769914285712,78.71800414285715,26.093581846296477
baseline_rolling_7day_same_hour_avg,Baseline_Rolling7DaySameHourAvg_MWH,origin_09,2025-09-14 00:00:00-07:00,2025,Summer,9,384,162.83103684895835,173.57010048363097,-10.739063634672618,17.467553235863097,10.817749679829001,36.71875,41.44824088571424,41.876473571428534,90.63530114285714,25.013973103186352
baseline_rolling_7day_same_hour_avg,Baseline_Rolling7DaySameHourAvg_MWH,origin_07,2025-07-20 00:00:00-07:00,2025,Summer,7,384,157.82088622916666,156.27673506473215,1.5441511644345234,15.28978696875,8.93774748599582,46.61458333333333,36.41621131428571,74.68833314285715,53.8768562857143,21.080709526556035
baseline_rolling_7day_same_hour_avg,Baseline_Rolling7DaySameHourAvg_MWH,origin_18,2026-05-24 00:00:00-07:00,2026,Spring,5,384,142.90284213541665,146.1740200186012,-3.271177883184524,15.239322622023812,10.443031388396932,49.73958333333333,38.08265811428573,62.022846999999985,77.71167514285713,21.213924517504008
baseline_rolling_7day_same_hour_avg,Baseline_Rolling7DaySameHourAvg_MWH,origin_24,2026-07-21 00:00:00-07:00,2026,Summer,7,384,200.78578864583335,198.48791700372024,2.2978716421130945,14.855054814732144,7.5738880836851195,58.072916666666664,30.943232185714294,62.58787214285712,43.90890442857142,19.239538686697145
baseline_rolling_7day_same_hour_avg,Baseline_Rolling7DaySameHourAvg_MWH,origin_23,2026-07-20 00:00:00-07:00,2026,Summer,7,384,200.18197833593752,195.79179866592264,4.390179670014882,14.70455337983631,7.5857070972090135,65.36458333333334,32.30887931428573,58.988597142857145,45.87528057142862,18.91561683110941
baseline_rolling_7day_same_hour_avg,Baseline_Rolling7DaySameHourAvg_MWH,origin_17,2026-04-26 00:00:00-07:00,2026,Spring,4,384,127.136992640625,120.72767435900299,6.409318281622023,12.858891523437501,8.83450294399098,58.854166666666664,32.32063611428571,80.7155087142857,24.687426571428546,18.930591487747556
baseline_rolling_7day_same_hour_avg,Baseline_Rolling7DaySameHourAvg_MWH,origin_04,2025-04-27 00:00:00-07:00,2025,Spring,4,384,121.913576171875,118.18443762760417,3.729138544270833,12.807473437127976,9.475713101909633,58.59375,32.71597342857141,63.73424428571428,57.74991042857141,18.64981127134011
baseline_rolling_7day_same_hour_avg,Baseline_Rolling7DaySameHourAvg_MWH,origin_10,2025-10-12 00:00:00-07:00,2025,Fall,10,384,118.67937204947917,125.80401021205357,-7.124638162574404,11.1879686953125,9.417768316178787,37.76041666666667,29.088908571428565,20.133178571428573,82.54238500000001,17.925016964394132
baseline_rolling_7day_same_hour_avg,Baseline_Rolling7DaySameHourAvg_MWH,origin_16,2026-03-29 00:00:00-07:00,2026,Spring,3,384,120.51718188281251,120.42646076674107,0.09072111607142778,9.930274265625,7.99688816724749,54.166666666666664,21.593442257142872,34.26030985714286,35.4012142857143,12.673034985495027
baseline_rolling_7day_same_hour_avg,Baseline_Rolling7DaySameHourAvg_MWH,origin_12,2025-12-06 23:00:00-08:00,2025,Winter,12,384,139.45845884114584,136.7760831547619,2.682375686383929,8.546432643973215,6.0550588774589285,53.90625,18.59649008571428,31.49050785714286,22.61326100000001,10.811437146932667
baseline_rolling_7day_same_hour_avg,Baseline_Rolling7DaySameHourAvg_MWH,origin_01,2024-10-13 00:00:00-07:00,2024,Fall,10,336,114.12753126785715,119.89590317021683,-5.768371902359694,8.187585007872732,7.03153349767374,33.33333333333333,22.263300916666672,12.542066333333324,42.559916499999986,12.456694386344264
baseline_rolling_7day_same_hour_avg,Baseline_Rolling7DaySameHourAvg_MWH,origin_03,2025-03-30 00:00:00-07:00,2025,Spring,3,384,111.3258731328125,113.16811983370536,-1.842246700892857,7.818096337053571,7.038610011350809,42.96875,19.020146799999992,34.573721285714285,32.145806142857126,10.727483380421223
baseline_rolling_7day_same_hour_avg,Baseline_Rolling7DaySameHourAvg_MWH,origin_02,2024-11-09 23:00:00-08:00,2024,Fall,11,384,116.68925462760417,114.54497317150297,2.1442814561011905,6.508195299107143,5.423349658311602,59.895833333333336,15.769554757142858,35.23690957142857,25.12440114285714,9.456418977247818
baseline_rolling_7day_same_hour_avg,Baseline_Rolling7DaySameHourAvg_MWH,origin_13,2026-01-03 23:00:00-08:00,2026,Winter,1,384,128.126853875,129.84902409598214,-1.722170220982143,5.741168533482142,4.5659842740171035,33.85416666666667,13.797964628571426,26.408347714285696,31.93489928571431,8.181584374034195
baseline_rolling_7day_same_hour_avg,Baseline_Rolling7DaySameHourAvg_MWH,origin_14,2026-01-31 23:00:00-08:00,2026,Winter,1,384,120.6618153359375,121.88103308854166,-1.2192177526041668,5.500404859747024,4.501421975295475,32.8125,11.470291657142843,38.11688957142856,20.441019999999995,7.790725774835207
baseline_rolling_7day_same_hour_avg,Baseline_Rolling7DaySameHourAvg_MWH,origin_11,2025-11-08 23:00:00-08:00,2025,Fall,11,384,122.29222068489582,121.42846773921131,0.8637529456845235,5.379038333333333,4.333944503464326,59.635416666666664,13.872579328571426,24.606543571428574,22.945923000000008,7.640904845448803
baseline_rolling_7day_same_hour_avg,Baseline_Rolling7DaySameHourAvg_MWH,origin_15,2026-02-28 23:00:00-08:00,2026,Winter,2,384,115.88717167708334,116.77992945833334,-0.8927577812500003,5.044115207589286,4.381922380357565,45.83333333333333,11.342569528571426,25.146710999999982,23.389596857142863,6.807009505760435
