Stage,ForecastColumn,Replay_Origin_ID,Replay_Origin_DT,Replay_Origin_Year,Replay_Origin_Season,Replay_Origin_Month,N,Actual_Mean_MWH,Forecast_Mean_MWH,Bias_MWH,MAE_MWH,MAPE_PCT,Underforecast_Rate_PCT,P90_AbsError_MWH,Max_Underforecast_MWH,Max_Overforecast_MWH,RMSE_MWH
xgb_component,XGB_Pred_MWH,origin_07,2025-07-20 00:00:00-07:00,2025,Summer,7,384,157.82088622916666,146.64676241079965,11.174123818367006,11.176223069455466,6.825237484318303,99.73958333333334,21.98904265273437,34.53464032421874,0.403056208984367,13.113686491485355
xgb_component,XGB_Pred_MWH,origin_17,2026-04-26 00:00:00-07:00,2026,Spring,4,384,127.136992640625,116.30322033166885,10.833772308956148,11.12047973617681,8.148239507954486,92.96875,23.433667654003905,38.09440739746094,6.699421939453131,13.817129023529464
xgb_component,XGB_Pred_MWH,origin_12,2025-12-06 23:00:00-08:00,2025,Winter,12,384,139.45845884114584,129.9060311714808,9.552427669665018,9.631473019556681,6.63270519928708,97.91666666666666,17.987476278906247,27.552388680664052,6.524406949218758,11.196197659812249
xgb_component,XGB_Pred_MWH,origin_23,2026-07-20 00:00:00-07:00,2026,Summer,7,384,200.19178741406247,192.34829449653625,7.843492917526245,8.447749017710368,3.9622234493417174,91.92708333333334,18.223804698535172,34.77043896484378,12.561196166992175,10.713155763601701
xgb_component,XGB_Pred_MWH,origin_24,2026-07-21 00:00:00-07:00,2026,Summer,7,384,200.7955977239583,193.31511708100638,7.480480642951965,8.208037518414814,3.7766281178872156,91.92708333333334,17.724725747070316,31.504425952148438,14.191857177734363,10.481950041134922
xgb_component,XGB_Pred_MWH,origin_22,2026-07-07 00:00:00-07:00,2026,Summer,7,380,187.94545492105263,181.79414933857166,6.151305582480983,8.044594539699837,4.1160862303986665,75.78947368421053,17.736644130664036,33.01206396484375,17.156924707031237,10.398515338026465
xgb_component,XGB_Pred_MWH,origin_13,2026-01-03 23:00:00-08:00,2026,Winter,1,384,128.126853875,120.90221514304478,7.22463873195521,7.542787867890676,5.7868103951874055,94.53125,13.295152966552742,22.80922086621095,7.631365909179692,8.581229567743005
xgb_component,XGB_Pred_MWH,origin_21,2026-07-06 00:00:00-07:00,2026,Summer,7,380,185.74302035789472,180.33458988792017,5.408430469974558,7.39782827985583,3.8693867695952946,74.47368421052632,15.604712949804696,29.32849328613281,23.580313443359387,9.421223799931978
xgb_component,XGB_Pred_MWH,origin_19,2026-05-28 00:00:00-07:00,2026,Spring,5,384,158.50971714583332,151.7244779864947,6.785239159338633,7.217936926357269,4.728550903247821,90.36458333333334,14.251331289062493,25.037168961914062,7.779722444335931,8.62949275857125
xgb_component,XGB_Pred_MWH,origin_18,2026-05-24 00:00:00-07:00,2026,Spring,5,384,142.90284213541665,136.4202108581861,6.482631277230581,7.198448143779754,5.17865617093415,89.84375,13.0621123980957,24.884459000976562,9.851484529296869,8.533609475553282
xgb_component,XGB_Pred_MWH,origin_20,2026-05-29 00:00:00-07:00,2026,Spring,5,384,163.7729361171875,157.1154685219129,6.657467595274607,7.070514099702199,4.4563910167681495,92.44791666666666,12.86215828876953,23.64996889648438,6.835499128906264,8.40060043252139
xgb_component,XGB_Pred_MWH,origin_11,2025-11-08 23:00:00-08:00,2025,Fall,11,384,122.29222068489582,115.48157652219136,6.810644162704468,6.962123900591532,5.508232647463419,94.79166666666666,12.104263116064455,25.333072640625005,5.628116455078128,8.20914730764368
xgb_component,XGB_Pred_MWH,origin_10,2025-10-12 00:00:00-07:00,2025,Fall,10,384,118.67937204947917,112.04911828041077,6.6302537690684,6.830008442441304,5.616133547123645,95.57291666666666,11.47282879785156,17.19635673046875,5.873441088867182,7.730074996473207
xgb_component,XGB_Pred_MWH,origin_14,2026-01-31 23:00:00-08:00,2026,Winter,1,384,120.6618153359375,114.2996597091357,6.362155626801809,6.658569919368745,5.355281740042902,93.48958333333334,12.528737801660148,31.54497607080077,6.792779499999995,8.373903008991627
xgb_component,XGB_Pred_MWH,origin_16,2026-03-29 00:00:00-07:00,2026,Spring,3,384,120.51718188281251,114.64490596453349,5.872275918279012,6.587631887527466,5.290413669265043,88.80208333333334,13.033400125732415,22.416890218750012,11.078101635742186,8.078627770531607
xgb_component,XGB_Pred_MWH,origin_08,2025-08-17 00:00:00-07:00,2025,Summer,8,384,187.771909734375,182.6795594493548,5.092350285020192,6.5321350417594894,3.2443868256284216,81.25,14.171970028710925,25.324343261718752,22.939571484374994,8.409411917517003
xgb_component,XGB_Pred_MWH,origin_09,2025-09-14 00:00:00-07:00,2025,Summer,9,384,162.83103684895835,157.66414695978165,5.166889889176687,6.499007430088043,3.890581228017531,88.80208333333334,12.456524594824222,20.29730607910156,28.69135567968749,7.896758611886375
xgb_component,XGB_Pred_MWH,origin_15,2026-02-28 23:00:00-08:00,2026,Winter,2,384,115.88717167708334,109.8486925760905,6.038479100992839,6.339496692278544,5.386429218929269,94.01041666666666,10.970329618652343,15.987598002441416,6.1496424960937475,7.193817879262118
xgb_component,XGB_Pred_MWH,origin_06,2025-06-22 00:00:00-07:00,2025,Summer,6,384,168.52844033593752,163.55270795027414,4.975732385663351,6.068766968597412,3.368474665755766,77.08333333333334,13.864025808300767,30.9814113125,15.583304589843749,8.191839911026342
xgb_component,XGB_Pred_MWH,origin_02,2024-11-09 23:00:00-08:00,2024,Fall,11,384,116.68925462760417,112.2742539246877,4.415000702916463,5.316122497413635,4.275605210913519,80.20833333333334,11.173569887304687,20.08820576171874,9.495120108398439,6.651948102530414
xgb_component,XGB_Pred_MWH,origin_03,2025-03-30 00:00:00-07:00,2025,Spring,3,384,111.3258731328125,106.5319372812907,4.79393585152181,5.053860258822123,4.408125311463469,90.88541666666666,9.442193224511715,17.71684357910155,4.81511877441406,6.1100290040879095
xgb_component,XGB_Pred_MWH,origin_05,2025-05-25 00:00:00-07:00,2025,Spring,5,384,153.69139593489584,150.41855597496033,3.2728399599355065,4.999065824081421,3.107492384219082,69.27083333333334,12.862851384472648,29.304753776367193,22.039894734374997,7.204402323263299
xgb_component,XGB_Pred_MWH,origin_01,2024-10-13 00:00:00-07:00,2024,Fall,10,384,116.30257716666667,114.8217452565829,1.480831910083771,3.511035006076812,2.865306022934558,56.510416666666664,7.778499929199215,20.390820915039058,11.466574861328127,4.847417813313076
xgb_component,XGB_Pred_MWH,origin_04,2025-04-27 00:00:00-07:00,2025,Spring,4,384,121.913576171875,120.24637945493062,1.6671967169443767,3.440097877291361,2.8381940950345825,71.09375,6.437541863964838,18.936470275878918,9.953834985351563,4.226726196210909
lgb_component,LGB_Pred_MWH,origin_07,2025-07-20 00:00:00-07:00,2025,Summer,7,384,157.82088622916666,146.62474690617518,11.196139322991497,11.197063848491007,6.849472009607019,99.47916666666666,21.901020297867767,33.6762253358732,0.12281379536773329,13.122992660247414
lgb_component,LGB_Pred_MWH,origin_17,2026-04-26 00:00:00-07:00,2026,Spring,4,384,127.136992640625,116.3561798721987,10.780812768426307,11.114048488493978,8.14106847865658,93.48958333333334,22.960876399172285,37.48982381204655,7.833452049187358,13.820800989164061
lgb_component,LGB_Pred_MWH,origin_12,2025-12-06 23:00:00-08:00,2025,Winter,12,384,139.45845884114584,130.01050698184108,9.447951859304757,9.547587823322047,6.579127768388912,97.39583333333334,17.956032992311613,27.932578654906962,6.750993494839747,11.062044151006432
lgb_component,LGB_Pred_MWH,origin_23,2026-07-20 00:00:00-07:00,2026,Summer,7,384,200.19178741406247,192.50884773219528,7.68293968186721,8.27691633305061,3.8818486118922944,91.66666666666666,18.304304962241204,34.144291924694954,12.88101360327093,10.59103292347087
lgb_component,LGB_Pred_MWH,origin_24,2026-07-21 00:00:00-07:00,2026,Summer,7,384,200.7955977239583,193.46643378032437,7.329163943633948,8.03696505872624,3.714165926709388,90.625,17.86247356222526,29.592507779329026,13.552489299896308,10.260877964073625
lgb_component,LGB_Pred_MWH,origin_22,2026-07-07 00:00:00-07:00,2026,Summer,7,380,187.94545492105263,182.10411304047747,5.84134188057517,7.771271931915638,3.994014965559367,74.73684210526315,17.302370451092646,30.68354635534274,16.97784699345752,10.015324114394799
lgb_component,LGB_Pred_MWH,origin_13,2026-01-03 23:00:00-08:00,2026,Winter,1,384,128.126853875,120.9163352459513,7.210518629048702,7.503403633247413,5.756832665515398,95.05208333333334,13.25774592872146,23.852530786813418,7.31762869792972,8.562805139296438
lgb_component,LGB_Pred_MWH,origin_21,2026-07-06 00:00:00-07:00,2026,Summer,7,380,185.74302035789472,180.553503824124,5.189516533770734,7.3406899448287986,3.848524453222624,72.89473684210527,15.48466017238434,27.65517151126582,24.15215931441176,9.34167006887538
lgb_component,LGB_Pred_MWH,origin_19,2026-05-28 00:00:00-07:00,2026,Spring,5,384,158.50971714583332,151.73360504150867,6.77611210432467,7.227972637230518,4.7415056792038195,90.10416666666666,14.056519409699941,23.45078246968353,7.370953751638069,8.622856887267307
lgb_component,LGB_Pred_MWH,origin_18,2026-05-24 00:00:00-07:00,2026,Spring,5,384,142.90284213541665,136.46104204407428,6.441800091342402,7.171760044939432,5.159996886634592,90.10416666666666,13.050758676544572,24.085919377447055,9.55618522310067,8.475598855111807
lgb_component,LGB_Pred_MWH,origin_20,2026-05-29 00:00:00-07:00,2026,Spring,5,384,163.7729361171875,157.14400701443154,6.628929102755969,7.105952399271476,4.484097410048067,92.1875,12.976362264210563,22.773737187562574,8.08404388299428,8.428264715542646
lgb_component,LGB_Pred_MWH,origin_11,2025-11-08 23:00:00-08:00,2025,Fall,11,384,122.29222068489582,115.52628851185187,6.765932173043955,6.940469028588523,5.5068431098678365,94.79166666666666,11.825006559878243,24.91824303801475,7.141353342354634,8.156657589854804
lgb_component,LGB_Pred_MWH,origin_10,2025-10-12 00:00:00-07:00,2025,Fall,10,384,118.67937204947917,112.09364354720346,6.585728502275713,6.791251682087773,5.579367996637836,95.3125,11.534504024459602,17.153955694295007,6.862475273583328,7.707169020429192
lgb_component,LGB_Pred_MWH,origin_14,2026-01-31 23:00:00-08:00,2026,Winter,1,384,120.6618153359375,114.362108039129,6.2997072968085,6.630948194623652,5.332002986817052,93.75,12.365113962261209,30.893467775969327,7.37436385372844,8.367591409126247
lgb_component,LGB_Pred_MWH,origin_16,2026-03-29 00:00:00-07:00,2026,Spring,3,384,120.51718188281251,114.59132170921406,5.9258601735984575,6.593667286155132,5.292783013592833,89.0625,13.264542797181894,23.35354212928884,10.040274159370227,8.132471272052403
lgb_component,LGB_Pred_MWH,origin_08,2025-08-17 00:00:00-07:00,2025,Summer,8,384,187.771909734375,182.73014804629474,5.041761688080251,6.5600709576018055,3.259597871230836,80.46875,13.768732539176735,27.263939907687984,24.863954759170156,8.426162639868954
lgb_component,LGB_Pred_MWH,origin_09,2025-09-14 00:00:00-07:00,2025,Summer,9,384,162.83103684895835,157.67308234689622,5.157954502062115,6.520390459443223,3.8901962337868436,88.02083333333334,12.56612147465957,22.30966985044128,30.161477215905364,7.9928362373336865
lgb_component,LGB_Pred_MWH,origin_15,2026-02-28 23:00:00-08:00,2026,Winter,2,384,115.88717167708334,109.84081250917434,6.046359167908993,6.342001060953649,5.38993085524978,94.53125,10.861898001599084,15.086283874827956,6.65920885563817,7.188681851842516
lgb_component,LGB_Pred_MWH,origin_06,2025-06-22 00:00:00-07:00,2025,Summer,6,384,168.52844033593752,163.65588096223175,4.872559373705756,6.067849892994311,3.3894109829815195,76.5625,14.1961996385275,29.64918623396653,15.652249637248815,8.225474111847554
lgb_component,LGB_Pred_MWH,origin_02,2024-11-09 23:00:00-08:00,2024,Fall,11,384,116.68925462760417,112.29846040142316,4.39079422618101,5.28027409472148,4.245798325914545,81.25,11.040780559264862,20.224660894779277,9.326516981957127,6.6148691912521285
lgb_component,LGB_Pred_MWH,origin_03,2025-03-30 00:00:00-07:00,2025,Spring,3,384,111.3258731328125,106.44517944152676,4.880693691285749,5.130758300365982,4.480749885315983,91.14583333333334,9.674367276086393,16.719873095715442,5.1021987251037615,6.159867315893756
lgb_component,LGB_Pred_MWH,origin_05,2025-05-25 00:00:00-07:00,2025,Spring,5,384,153.69139593489584,150.3302415982207,3.3611543366751313,5.103202437101259,3.1833251440126555,67.1875,12.961653974305579,29.149724880768332,21.56407775968566,7.309962669827437
lgb_component,LGB_Pred_MWH,origin_04,2025-04-27 00:00:00-07:00,2025,Spring,4,384,121.913576171875,120.1628308160593,1.750745355815696,3.5332970965071318,2.9120598524978916,70.57291666666666,6.623113210880268,18.74971600090305,9.135295401698144,4.285364998079637
lgb_component,LGB_Pred_MWH,origin_01,2024-10-13 00:00:00-07:00,2024,Fall,10,384,116.30257716666667,114.90258404361448,1.399993123052184,3.531126249299105,2.8896135748424516,56.25,7.806980929541363,21.146095985631376,10.872326013200706,4.870439386965518
catboost_benchmark,CatBoost_Pred_MWH,origin_17,2026-04-26 00:00:00-07:00,2026,Spring,4,384,127.136992640625,115.48786236264424,11.649130277980767,11.82658486554505,8.711729069391684,95.3125,24.2853819518255,36.32203378202124,5.517638174047519,14.423053110408949
catboost_benchmark,CatBoost_Pred_MWH,origin_07,2025-07-20 00:00:00-07:00,2025,Summer,7,384,157.82088622916666,146.0020960945252,11.81879013464147,11.824790202599614,7.272380658206376,99.47916666666666,21.950033033492275,33.30609672240894,0.5797676644026524,13.533760530284084
catboost_benchmark,CatBoost_Pred_MWH,origin_12,2025-12-06 23:00:00-08:00,2025,Winter,12,384,139.45845884114584,129.02678395069873,10.43167489044712,10.46398907472035,7.19301728328687,98.95833333333334,19.660197498290753,29.95203332387983,4.763541063691804,12.04856632921171
catboost_benchmark,CatBoost_Pred_MWH,origin_23,2026-07-20 00:00:00-07:00,2026,Summer,7,384,200.19178741406247,190.57083214486477,9.620955269197749,9.93927200556476,4.723228594563353,95.3125,20.4256444425382,34.54351995107379,11.947884787967865,12.048784513975509
catboost_benchmark,CatBoost_Pred_MWH,origin_24,2026-07-21 00:00:00-07:00,2026,Summer,7,384,200.7955977239583,191.70614670027615,9.089451023682184,9.49701965303586,4.4371094542112335,94.79166666666666,19.57691277008735,30.314338096622805,12.812403961498148,11.654858622427032
catboost_benchmark,CatBoost_Pred_MWH,origin_22,2026-07-07 00:00:00-07:00,2026,Summer,7,380,187.94545492105263,180.03463166996272,7.910823251089921,9.009040190114186,4.602502290441471,83.15789473684211,19.099915768455563,32.931419982975626,14.013036983583504,11.384907853236674
catboost_benchmark,CatBoost_Pred_MWH,origin_20,2026-05-29 00:00:00-07:00,2026,Spring,5,384,163.7729361171875,155.34516814245487,8.427767974732646,8.650203164949138,5.3933545406044585,95.05208333333334,15.426118103530339,25.03497019481847,5.947164847498868,9.977383291581951
catboost_benchmark,CatBoost_Pred_MWH,origin_19,2026-05-28 00:00:00-07:00,2026,Spring,5,384,158.50971714583332,150.0621882271814,8.447528918651953,8.627846807286149,5.597205991501504,94.01041666666666,15.871710495447271,26.256313296852,6.973231147527116,10.041396254086152
catboost_benchmark,CatBoost_Pred_MWH,origin_18,2026-05-24 00:00:00-07:00,2026,Spring,5,384,142.90284213541665,134.8195131741892,8.08332896122745,8.539930607297787,6.057140419773012,93.22916666666666,15.216465125795438,26.62448647893558,8.84286702944155,9.858390082008055
catboost_benchmark,CatBoost_Pred_MWH,origin_13,2026-01-03 23:00:00-08:00,2026,Winter,1,384,128.126853875,119.91784326003408,8.209010614965925,8.420895005533689,6.458887804901408,95.83333333333334,14.317112368392637,24.368027561264483,7.051781391009783,9.491002159477606
catboost_benchmark,CatBoost_Pred_MWH,origin_21,2026-07-06 00:00:00-07:00,2026,Summer,7,380,185.74302035789472,178.48860505530234,7.254415302592396,8.385945694555893,4.348341110179233,84.73684210526315,17.288223805692844,31.744453536931303,21.089909666307307,10.564263278824795
catboost_benchmark,CatBoost_Pred_MWH,origin_11,2025-11-08 23:00:00-08:00,2025,Fall,11,384,122.29222068489582,114.7387746524281,7.553446032467721,7.661966848141336,6.050032121073624,96.35416666666666,13.139381596252688,27.024140264196063,4.374903810485705,8.947187108292795
catboost_benchmark,CatBoost_Pred_MWH,origin_14,2026-01-31 23:00:00-08:00,2026,Winter,1,384,120.6618153359375,113.38730821799464,7.274507117942849,7.514183352359208,6.039707145235635,95.3125,13.967138164190155,32.066801844343686,6.285567122522863,9.236461830770894
catboost_benchmark,CatBoost_Pred_MWH,origin_10,2025-10-12 00:00:00-07:00,2025,Fall,10,384,118.67937204947917,111.4019753615563,7.277396687922878,7.466718761573915,6.115672802309374,95.83333333333334,13.078466979125905,18.399584036381015,5.246963008367956,8.460819905988322
catboost_benchmark,CatBoost_Pred_MWH,origin_16,2026-03-29 00:00:00-07:00,2026,Spring,3,384,120.51718188281251,113.6896764565498,6.8275054262626975,7.438999826005258,6.014139690981858,91.66666666666666,13.882944961889383,26.032381231857357,10.27828470628387,8.87105539820822
catboost_benchmark,CatBoost_Pred_MWH,origin_09,2025-09-14 00:00:00-07:00,2025,Summer,9,384,162.83103684895835,156.43113832555346,6.399898523404879,7.414502010819863,4.5061364073315895,92.70833333333334,13.517580798660038,21.890196136927443,26.953698923065474,8.7258625535926
catboost_benchmark,CatBoost_Pred_MWH,origin_15,2026-02-28 23:00:00-08:00,2026,Winter,2,384,115.88717167708334,108.98365463123328,6.903517045850052,7.146165389943577,6.0484100927610145,95.83333333333334,11.911109217998835,20.075359723178337,7.58307393419679,8.004575672888178
catboost_benchmark,CatBoost_Pred_MWH,origin_08,2025-08-17 00:00:00-07:00,2025,Summer,8,384,187.771909734375,181.81413589460672,5.9577738397682625,7.043153604999522,3.5250544704307,84.89583333333334,14.760535391376234,24.47613100495016,24.11814267301864,8.904051928515285
catboost_benchmark,CatBoost_Pred_MWH,origin_06,2025-06-22 00:00:00-07:00,2025,Summer,6,384,168.52844033593752,162.3024087792142,6.226031556723298,6.75119821773044,3.7735763637902155,87.5,14.769248887789953,29.354938517516672,12.365966002713208,8.804748785344145
catboost_benchmark,CatBoost_Pred_MWH,origin_02,2024-11-09 23:00:00-08:00,2024,Fall,11,384,116.68925462760417,111.060065180989,5.629189446615158,6.201864413529133,4.9918705372551155,86.71875,12.332675415736354,20.928822012478705,7.310030079247824,7.569333782931648
catboost_benchmark,CatBoost_Pred_MWH,origin_03,2025-03-30 00:00:00-07:00,2025,Spring,3,384,111.3258731328125,105.76647350154356,5.559399631268931,5.7320127243686825,4.971374158062999,94.01041666666666,10.75457441066768,20.175314773717815,3.757410448135616,6.856857073378995
catboost_benchmark,CatBoost_Pred_MWH,origin_05,2025-05-25 00:00:00-07:00,2025,Spring,5,384,153.69139593489584,148.9796969603008,4.71169897459503,5.66612403785098,3.582689575976422,79.16666666666666,13.69200790076157,28.37563916913541,20.329913266462626,7.829513322094134
catboost_benchmark,CatBoost_Pred_MWH,origin_01,2024-10-13 00:00:00-07:00,2024,Fall,10,384,116.30257716666667,113.715632724602,2.586944442064668,3.9325401433431444,3.1327955827413896,66.14583333333334,9.159693799531675,21.747815541459488,9.33594845998843,5.502716059467233
catboost_benchmark,CatBoost_Pred_MWH,origin_04,2025-04-27 00:00:00-07:00,2025,Spring,4,384,121.913576171875,119.17160529362424,2.7419708782507484,3.904884699127999,3.2068317462638873,79.16666666666666,7.387295976925964,21.459209325722895,6.820024827772954,4.757947007257928
raw_xgb_lgb_production,Raw_Forecast_MWH,origin_07,2025-07-20 00:00:00-07:00,2025,Summer,7,384,157.82088622916666,146.40902067256013,11.411865556606534,11.41450612404707,6.994939617099401,99.47916666666666,22.280457048701212,32.71078829017591,0.26960685016896946,13.246275551738488
raw_xgb_lgb_production,Raw_Forecast_MWH,origin_17,2026-04-26 00:00:00-07:00,2026,Spring,4,384,127.136992640625,116.04697278980166,11.090019850823348,11.354620047231123,8.333037527762928,94.27083333333334,23.514334983020365,37.14155566007912,6.787355675535096,14.017203804882742
raw_xgb_lgb_production,Raw_Forecast_MWH,origin_12,2025-12-06 23:00:00-08:00,2025,Winter,12,384,139.45845884114584,129.65575633990522,9.802702501240605,9.868482573181174,6.792675799236974,97.39583333333334,18.711478971173886,28.601368791623173,6.032726489375875,11.40912409932065
raw_xgb_lgb_production,Raw_Forecast_MWH,origin_23,2026-07-20 00:00:00-07:00,2026,Summer,7,384,200.19178741406247,191.8144869530637,8.377300460998796,8.844244917438123,4.169719263227695,94.01041666666666,19.057003872766014,33.98037700553823,12.522436774286945,11.049010929696385
raw_xgb_lgb_production,Raw_Forecast_MWH,origin_24,2026-07-21 00:00:00-07:00,2026,Summer,7,384,200.7955977239583,192.8352016323757,7.960396091582626,8.534615855425118,3.955828520195808,92.44791666666666,18.414486284640923,29.35656333146551,13.35739621924077,10.71703486129255
raw_xgb_lgb_production,Raw_Forecast_MWH,origin_22,2026-07-07 00:00:00-07:00,2026,Summer,7,380,187.94545492105263,181.34879819060671,6.5966567304459085,8.17461478828617,4.184234520006241,77.36842105263158,18.140265617448662,30.796390122509507,15.472521693335295,10.460203518125592
raw_xgb_lgb_production,Raw_Forecast_MWH,origin_13,2026-01-03 23:00:00-08:00,2026,Winter,1,384,128.126853875,120.56545104058962,7.561402834410377,7.82474353172253,6.002508220586485,95.3125,13.626449387531752,23.928623665811045,7.116375946138405,8.871973426382361
raw_xgb_lgb_production,Raw_Forecast_MWH,origin_19,2026-05-28 00:00:00-07:00,2026,Spring,5,384,158.50971714583332,151.14769645099273,7.362020694840609,7.678674404746276,5.015802619174031,91.40625,14.542762590834085,23.40142183411004,7.27262770946902,9.070567109469705
raw_xgb_lgb_production,Raw_Forecast_MWH,origin_18,2026-05-24 00:00:00-07:00,2026,Spring,5,384,142.90284213541665,135.8824238210257,7.020418314390983,7.630434027926391,5.458894611007434,91.14583333333334,13.592814266192482,24.419149494070098,8.966241366342388,8.92287136705439
raw_xgb_lgb_production,Raw_Forecast_MWH,origin_21,2026-07-06 00:00:00-07:00,2026,Summer,7,380,185.74302035789472,179.80889786141603,5.934122496478691,7.629208048193109,3.972251095295617,76.84210526315789,16.210030958388618,29.25375239773541,22.84216709988405,9.699730200402655
raw_xgb_lgb_production,Raw_Forecast_MWH,origin_20,2026-05-29 00:00:00-07:00,2026,Spring,5,384,163.7729361171875,156.51155955998783,7.2613765571996645,7.620972025190046,4.78441787814774,92.96875,13.64827441760873,23.074515583272955,7.208745153365214,8.910547811017377
raw_xgb_lgb_production,Raw_Forecast_MWH,origin_11,2025-11-08 23:00:00-08:00,2025,Fall,11,384,122.29222068489582,115.2461874620875,7.046033222808322,7.190323239885701,5.693140205826929,95.83333333333334,12.162233158077825,25.696790027439235,6.021772317472852,8.423190578864398
raw_xgb_lgb_production,Raw_Forecast_MWH,origin_10,2025-10-12 00:00:00-07:00,2025,Fall,10,384,118.67937204947917,111.84710715554769,6.8322648939314865,7.027181983606369,5.766872946426861,95.57291666666666,12.139309069330396,17.47062848615468,6.061275894991169,7.956552185523601
raw_xgb_lgb_production,Raw_Forecast_MWH,origin_14,2026-01-31 23:00:00-08:00,2026,Winter,1,384,120.6618153359375,114.01468326873265,6.64713206720485,6.931907645176254,5.572403181209276,94.53125,12.879142085901513,31.36928552938349,6.935126562433652,8.654262429716672
raw_xgb_lgb_production,Raw_Forecast_MWH,origin_16,2026-03-29 00:00:00-07:00,2026,Spring,3,384,120.51718188281251,114.28110429631352,6.236077586498993,6.878821107067932,5.536261466485462,90.10416666666666,13.601878451719651,24.145915687952282,10.227360598427211,8.360826655322787
raw_xgb_lgb_production,Raw_Forecast_MWH,origin_09,2025-09-14 00:00:00-07:00,2025,Summer,9,384,162.83103684895835,157.2375084007148,5.593528448243536,6.801964709731405,4.084574157397623,90.36458333333334,12.898039903687398,21.96161767357745,28.8917426597896,8.190953558991398
raw_xgb_lgb_production,Raw_Forecast_MWH,origin_08,2025-08-17 00:00:00-07:00,2025,Summer,8,384,187.771909734375,182.40448493350996,5.3674248008650425,6.694776163286035,3.3293418550542264,81.77083333333334,14.006529816870941,26.094247127132803,24.410482201537604,8.54073666820869
raw_xgb_lgb_production,Raw_Forecast_MWH,origin_15,2026-02-28 23:00:00-08:00,2026,Winter,2,384,115.88717167708334,109.5415952585866,6.345576418496745,6.616426423176718,5.613820324513864,94.53125,11.20922972237159,16.59847993419629,6.9316049971792495,7.455334944725928
raw_xgb_lgb_production,Raw_Forecast_MWH,origin_06,2025-06-22 00:00:00-07:00,2025,Summer,6,384,168.52844033593752,163.17184839697987,5.356591938957648,6.215217246989897,3.460644866195398,80.72916666666666,14.503509202637748,29.679422041062423,14.495155860420851,8.368057235106052
raw_xgb_lgb_production,Raw_Forecast_MWH,origin_02,2024-11-09 23:00:00-08:00,2024,Fall,11,384,116.68925462760417,111.86260142659766,4.826653201006504,5.584610767018788,4.488991839517612,83.59375,11.38189615862382,20.457471772668015,8.47357149242876,6.923836666191317
raw_xgb_lgb_production,Raw_Forecast_MWH,origin_03,2025-03-30 00:00:00-07:00,2025,Spring,3,384,111.3258731328125,106.21630814650904,5.109564986303465,5.3162245444917895,4.62939295296512,92.1875,9.894834120261523,18.02897473135488,4.498556894405652,6.372119878359374
raw_xgb_lgb_production,Raw_Forecast_MWH,origin_05,2025-05-25 00:00:00-07:00,2025,Spring,5,384,153.69139593489584,149.8663824126227,3.8250135222731285,5.194671339816653,3.2546632643087055,75.78125,12.890983384378584,28.894297771256674,21.179701884526537,7.420719980994459
raw_xgb_lgb_production,Raw_Forecast_MWH,origin_01,2024-10-13 00:00:00-07:00,2024,Fall,10,384,116.30257716666667,114.47906720325695,1.8235099634097087,3.6313299061672173,2.937692790056172,59.114583333333336,8.464121101633166,21.232598903269945,10.394018754389151,5.04289544950561
raw_xgb_lgb_production,Raw_Forecast_MWH,origin_04,2025-04-27 00:00:00-07:00,2025,Spring,4,384,121.913576171875,119.82425674709417,2.0893194247808284,3.606296594129159,2.9699239171804517,74.47916666666666,6.794300329333344,19.716714092087585,7.997925764397834,4.370633383742025
targeted_residual_meta_adjusted,Targeted_Meta_Adjusted_Forecast_MWH,origin_07,2025-07-20 00:00:00-07:00,2025,Summer,7,384,157.82088622916666,148.53693328954202,9.283952939624665,9.388806787523231,5.568510857941608,97.91666666666666,20.19604811493541,32.389681576499726,5.522416376889026,11.52254629488909
targeted_residual_meta_adjusted,Targeted_Meta_Adjusted_Forecast_MWH,origin_17,2026-04-26 00:00:00-07:00,2026,Spring,4,384,127.136992640625,119.71079871858353,7.426193922041471,8.351238938058195,6.061110249978252,85.9375,18.160787434467096,33.669150881184635,8.74911006537711,10.752934681472569
targeted_residual_meta_adjusted,Targeted_Meta_Adjusted_Forecast_MWH,origin_23,2026-07-20 00:00:00-07:00,2026,Summer,7,384,200.19178741406247,192.86281067357424,7.328976740488268,7.916213842790217,3.6163668277132004,90.88541666666666,18.295286136809587,31.789624411679938,12.55737453176971,10.401444567195469
targeted_residual_meta_adjusted,Targeted_Meta_Adjusted_Forecast_MWH,origin_24,2026-07-21 00:00:00-07:00,2026,Summer,7,384,200.7955977239583,193.88581872656695,6.909778997391395,7.538711269786577,3.374518510378749,91.40625,17.80194702566408,29.257784391978362,11.299424102275253,9.978459619391579
targeted_residual_meta_adjusted,Targeted_Meta_Adjusted_Forecast_MWH,origin_22,2026-07-07 00:00:00-07:00,2026,Summer,7,380,187.94545492105263,183.1542708543803,4.791184066672352,7.333523131289501,3.7178329923618296,69.47368421052632,16.85642233180675,30.796390122509507,17.10021355695639,9.517204958993792
targeted_residual_meta_adjusted,Targeted_Meta_Adjusted_Forecast_MWH,origin_21,2026-07-06 00:00:00-07:00,2026,Summer,7,380,185.74302035789472,181.52838415080976,4.214636207084971,6.900231799632024,3.529199594821619,68.94736842105263,15.364503367907082,29.25375239773541,22.84216709988405,8.96958455187498
targeted_residual_meta_adjusted,Targeted_Meta_Adjusted_Forecast_MWH,origin_02,2024-11-09 23:00:00-08:00,2024,Fall,11,384,116.68925462760417,111.32546896101553,5.363785666588627,5.779012181254465,4.6674095864795,87.76041666666666,11.298703761777011,20.2719414585099,8.134015125460962,7.110716210682758
targeted_residual_meta_adjusted,Targeted_Meta_Adjusted_Forecast_MWH,origin_13,2026-01-03 23:00:00-08:00,2026,Winter,1,384,128.126853875,123.12579551256097,5.001058362439024,5.747713769532807,4.398563019401236,88.80208333333334,10.364317160801189,21.84275512653673,9.878912446844595,6.786559727955103
targeted_residual_meta_adjusted,Targeted_Meta_Adjusted_Forecast_MWH,origin_12,2025-12-06 23:00:00-08:00,2025,Winter,12,384,139.45845884114584,134.40602117714346,5.052437664002382,5.556893976920581,3.8242217360200583,89.58333333333334,11.039199903545645,20.601368791623173,14.032726489375875,6.834935149693353
targeted_residual_meta_adjusted,Targeted_Meta_Adjusted_Forecast_MWH,origin_08,2025-08-17 00:00:00-07:00,2025,Summer,8,384,187.771909734375,185.42742926705242,2.3444804673225756,5.536570943169895,2.7769497749529877,64.0625,12.00339299998443,26.094247127132803,30.410482201537604,7.453186168186988
targeted_residual_meta_adjusted,Targeted_Meta_Adjusted_Forecast_MWH,origin_06,2025-06-22 00:00:00-07:00,2025,Summer,6,384,168.52844033593752,164.15841272980398,4.370027606133518,5.519046639758517,3.058200621693699,77.34375,13.452799744165342,29.679422041062423,15.794193072227074,7.7387318139906185
targeted_residual_meta_adjusted,Targeted_Meta_Adjusted_Forecast_MWH,origin_19,2026-05-28 00:00:00-07:00,2026,Spring,5,384,158.50971714583332,154.54493343988807,3.964783705945255,5.425016233385603,3.4313005957768516,79.94791666666666,11.11598393333216,19.985074006349095,11.404135951689398,6.77513388816835
targeted_residual_meta_adjusted,Targeted_Meta_Adjusted_Forecast_MWH,origin_18,2026-05-24 00:00:00-07:00,2026,Spring,5,384,142.90284213541665,139.52879637994738,3.37404575546929,5.362558604491823,3.792481990285841,73.17708333333334,10.39396126942436,19.122681587941145,14.966241366342388,6.582919011375102
targeted_residual_meta_adjusted,Targeted_Meta_Adjusted_Forecast_MWH,origin_05,2025-05-25 00:00:00-07:00,2025,Spring,5,384,153.69139593489584,149.7457591925377,3.9456367423581398,5.3425909761140895,3.302549257565349,74.73958333333334,13.20793236457999,29.402673188102085,21.179701884526537,7.656010442692083
targeted_residual_meta_adjusted,Targeted_Meta_Adjusted_Forecast_MWH,origin_20,2026-05-29 00:00:00-07:00,2026,Spring,5,384,163.7729361171875,160.12699750937202,3.6459386078154847,5.2240371779962205,3.143662490207543,77.86458333333334,11.049125154988676,22.74244761611044,12.196525326559964,6.658494497399323
targeted_residual_meta_adjusted,Targeted_Meta_Adjusted_Forecast_MWH,origin_16,2026-03-29 00:00:00-07:00,2026,Spring,3,384,120.51718188281251,116.90531302696144,3.6118688558510637,5.055508016437535,4.082574978278617,78.125,10.687740626150482,22.869682270200812,11.014287844576899,6.392976811979479
targeted_residual_meta_adjusted,Targeted_Meta_Adjusted_Forecast_MWH,origin_09,2025-09-14 00:00:00-07:00,2025,Summer,9,384,162.83103684895835,160.5476791575548,2.283357691403545,4.783085645982949,2.7889943487215962,71.09375,10.503466024521284,15.436896773651966,35.85152949955318,6.535783017101918
targeted_residual_meta_adjusted,Targeted_Meta_Adjusted_Forecast_MWH,origin_10,2025-10-12 00:00:00-07:00,2025,Fall,10,384,118.67937204947917,114.63175663739298,4.047615412086189,4.709899864715968,3.8393550365207667,87.23958333333334,8.623269554994954,13.523794236435947,9.276414386542285,5.569335352922887
targeted_residual_meta_adjusted,Targeted_Meta_Adjusted_Forecast_MWH,origin_15,2026-02-28 23:00:00-08:00,2026,Winter,2,384,115.88717167708334,112.04738460383236,3.8397870732509864,4.6073402258702565,3.9189241479746237,84.89583333333334,8.604320386200603,12.469764405917317,8.88557271529723,5.404784706321663
targeted_residual_meta_adjusted,Targeted_Meta_Adjusted_Forecast_MWH,origin_11,2025-11-08 23:00:00-08:00,2025,Fall,11,384,122.29222068489582,118.43827264157854,3.8539480433172852,4.522784352950141,3.5959359171598853,85.41666666666666,8.400198380042832,21.40433606225855,10.224357754377806,5.73270365190306
targeted_residual_meta_adjusted,Targeted_Meta_Adjusted_Forecast_MWH,origin_14,2026-01-31 23:00:00-08:00,2026,Winter,1,384,120.6618153359375,117.26251540055951,3.3992999353779916,4.461238365850856,3.572367251308656,76.82291666666666,9.285550606882218,24.005802513937653,10.886908088333172,6.075660287106146
targeted_residual_meta_adjusted,Targeted_Meta_Adjusted_Forecast_MWH,origin_03,2025-03-30 00:00:00-07:00,2025,Spring,3,384,111.3258731328125,108.27469834628847,3.0511747865240206,3.7490181968640566,3.2746399810224767,81.51041666666666,7.3924937941027045,15.820911132306307,5.7064640370573585,4.752140333196063
targeted_residual_meta_adjusted,Targeted_Meta_Adjusted_Forecast_MWH,origin_01,2024-10-13 00:00:00-07:00,2024,Fall,10,384,116.30257716666667,113.8205114605792,2.482065706087465,3.490692839051157,2.770576338187279,67.1875,8.585777602936446,21.141183701204284,9.242170486639338,5.056990171460314
targeted_residual_meta_adjusted,Targeted_Meta_Adjusted_Forecast_MWH,origin_04,2025-04-27 00:00:00-07:00,2025,Spring,4,384,121.913576171875,121.12884191282456,0.7847342590504444,2.9071206790639903,2.34945863318803,64.58333333333334,6.142037214216103,17.54648891150974,9.183730934572168,3.738587583136083
residual_calibrated,Residual_Calibrated_Forecast_MWH,origin_07,2025-07-20 00:00:00-07:00,2025,Summer,7,384,157.82088622916666,150.78810768148736,7.032778547679302,7.293988589824657,4.320011924204548,93.48958333333334,16.35904376616976,26.81227665729449,7.7802738721108256,9.262216958388853
residual_calibrated,Residual_Calibrated_Forecast_MWH,origin_23,2026-07-20 00:00:00-07:00,2026,Summer,7,384,200.19178741406247,194.18461261863823,6.007174795424281,6.870633078963682,3.1078050550936562,83.33333333333334,16.38293629208759,30.2113250817209,12.812417508186456,9.29934447521141
residual_calibrated,Residual_Calibrated_Forecast_MWH,origin_22,2026-07-07 00:00:00-07:00,2026,Summer,7,380,187.94545492105263,184.7345857651251,3.2108691559275377,6.698196464381704,3.4557542248104083,62.63157894736842,15.705618148191187,28.62687964918743,19.851765001734123,8.68045581762747
residual_calibrated,Residual_Calibrated_Forecast_MWH,origin_24,2026-07-21 00:00:00-07:00,2026,Summer,7,384,200.7955977239583,195.2124535999276,5.583144124030724,6.427257638687443,2.8408642034315723,82.29166666666666,15.652298597320673,26.159569588876252,11.772225199713802,8.80583519026311
residual_calibrated,Residual_Calibrated_Forecast_MWH,origin_17,2026-04-26 00:00:00-07:00,2026,Spring,4,384,127.136992640625,122.60933811285867,4.527654527766338,6.377927573184659,4.597907003313147,77.08333333333334,13.768016936882422,29.642049596472418,11.419741673573128,8.53392315234163
residual_calibrated,Residual_Calibrated_Forecast_MWH,origin_21,2026-07-06 00:00:00-07:00,2026,Summer,7,380,185.74302035789472,183.0404405488751,2.702579809019639,6.350029388941768,3.295269901337311,59.73684210526316,14.49443642974465,27.799892511289528,24.4966178067547,8.279823509642219
residual_calibrated,Residual_Calibrated_Forecast_MWH,origin_02,2024-11-09 23:00:00-08:00,2024,Fall,11,384,116.68925462760417,111.56773378621493,5.121520841389242,5.55519114679661,4.522425808042559,88.54166666666666,10.858506007942005,19.000137730890117,8.589980294089727,6.7737580823573
residual_calibrated,Residual_Calibrated_Forecast_MWH,origin_05,2025-05-25 00:00:00-07:00,2025,Spring,5,384,153.69139593489584,150.21632369251472,3.475072242381117,5.176326381837099,3.170817272811714,70.83333333333334,13.09404317031683,29.409069757667368,21.590473524551925,7.553005438071139
residual_calibrated,Residual_Calibrated_Forecast_MWH,origin_06,2025-06-22 00:00:00-07:00,2025,Summer,6,384,168.52844033593752,165.2548906084118,3.2735497275256873,4.871818443992409,2.748031041979859,72.13541666666666,11.619313489088679,27.01727250067529,16.2283000588898,6.900271498020139
residual_calibrated,Residual_Calibrated_Forecast_MWH,origin_08,2025-08-17 00:00:00-07:00,2025,Summer,8,384,187.771909734375,188.9448406748584,-1.1729309404833905,4.8468574967801,2.6958892554275433,37.5,10.000932661948372,19.98347413351513,35.69841181338694,6.625761671352605
residual_calibrated,Residual_Calibrated_Forecast_MWH,origin_18,2026-05-24 00:00:00-07:00,2026,Spring,5,384,142.90284213541665,142.59270713779406,0.3101349976226034,4.450295463600701,3.1677555124828136,57.291666666666664,8.647783145919314,14.818078051046513,18.152298636605877,5.654831286569151
residual_calibrated,Residual_Calibrated_Forecast_MWH,origin_19,2026-05-28 00:00:00-07:00,2026,Spring,5,384,158.50971714583332,157.54102254271368,0.96869460311965,4.117566568130786,2.584976000134748,59.375,8.914130679104707,16.850992015136057,13.982355708763237,5.479884871388779
residual_calibrated,Residual_Calibrated_Forecast_MWH,origin_20,2026-05-29 00:00:00-07:00,2026,Spring,5,384,163.7729361171875,163.51477722737738,0.2581588898101362,4.063655329377174,2.4783808020675173,50.0,9.479138546228963,18.868897194834233,15.186079769748204,5.433430269557679
residual_calibrated,Residual_Calibrated_Forecast_MWH,origin_16,2026-03-29 00:00:00-07:00,2026,Spring,3,384,120.51718188281251,119.4335403824187,1.0836415003938031,4.036619585195777,3.264597234274705,58.854166666666664,8.476633491171416,21.565987892586293,13.610815895715461,5.260232532099057
residual_calibrated,Residual_Calibrated_Forecast_MWH,origin_09,2025-09-14 00:00:00-07:00,2025,Summer,9,384,162.83103684895835,163.74648611525427,-0.9154492662959198,3.841076571257611,2.384586276710697,48.95833333333333,7.180106476351249,11.395198535786875,39.57215159543159,6.056226761625206
residual_calibrated,Residual_Calibrated_Forecast_MWH,origin_13,2026-01-03 23:00:00-08:00,2026,Winter,1,384,128.126853875,126.9461098677978,1.1807440072022073,3.7973583837320715,2.945462204221744,68.75,8.328484465680473,17.203733056301616,15.821928509689386,5.061417917265505
residual_calibrated,Residual_Calibrated_Forecast_MWH,origin_14,2026-01-31 23:00:00-08:00,2026,Winter,1,384,120.6618153359375,120.79657503284314,-0.13475969690564868,3.61479810644404,2.9198785488386108,45.05208333333333,7.424428306870265,19.11858441780629,13.931450323461405,4.968121158501543
residual_calibrated,Residual_Calibrated_Forecast_MWH,origin_12,2025-12-06 23:00:00-08:00,2025,Winter,12,384,139.45845884114584,137.28704044580317,2.1714183953426462,3.6043416118148905,2.502772175956632,74.21875,7.750829948939492,15.944788938457037,18.365738374430123,4.770951630057731
residual_calibrated,Residual_Calibrated_Forecast_MWH,origin_10,2025-10-12 00:00:00-07:00,2025,Fall,10,384,118.67937204947917,116.58949637072708,2.089875678752096,3.40632699271476,2.780449918939256,73.95833333333334,6.895598436832503,10.401686336717916,10.677386745617525,4.21271089069811
residual_calibrated,Residual_Calibrated_Forecast_MWH,origin_01,2024-10-13 00:00:00-07:00,2024,Fall,10,384,116.30257716666667,113.87608025284275,2.4264969138239185,3.350311366018729,2.6732101370810146,70.57291666666666,8.263960301787264,20.39249418480398,10.229550467404607,4.884177729505969
residual_calibrated,Residual_Calibrated_Forecast_MWH,origin_11,2025-11-08 23:00:00-08:00,2025,Fall,11,384,122.29222068489582,120.59180796511659,1.7004127197792425,3.348353117956124,2.661870756001235,66.14583333333334,6.3589883865028405,19.809856732124857,11.73241868590054,4.556758732956969
residual_calibrated,Residual_Calibrated_Forecast_MWH,origin_15,2026-02-28 23:00:00-08:00,2026,Winter,2,384,115.88717167708334,115.10300362786194,0.7841680492213898,3.0100824728990223,2.57116156553173,59.375,6.249603744421777,9.391086094616156,11.443983103849746,3.8021459073501487
residual_calibrated,Residual_Calibrated_Forecast_MWH,origin_03,2025-03-30 00:00:00-07:00,2025,Spring,3,384,111.3258731328125,110.1432626413255,1.1826104914870001,2.768812136780614,2.427925864299116,62.5,5.833479574906571,12.896160695693624,7.871492528786973,3.6796891062721726
residual_calibrated,Residual_Calibrated_Forecast_MWH,origin_04,2025-04-27 00:00:00-07:00,2025,Spring,4,384,121.913576171875,122.80710511950451,-0.8935289476295053,2.6778554210696477,2.1644008773494723,41.40625,6.253054670421062,16.458697262884087,10.632584320351086,3.6494380912691127
warm_ramp_adjusted,Warm_Ramp_Adjusted_Forecast_MWH,origin_07,2025-07-20 00:00:00-07:00,2025,Summer,7,384,157.82088622916666,150.78810768148736,7.032778547679302,7.293988589824657,4.320011924204548,93.48958333333334,16.35904376616976,26.81227665729449,7.7802738721108256,9.262216958388853
warm_ramp_adjusted,Warm_Ramp_Adjusted_Forecast_MWH,origin_23,2026-07-20 00:00:00-07:00,2026,Summer,7,384,200.19178741406247,194.18461261863823,6.007174795424281,6.870633078963682,3.1078050550936562,83.33333333333334,16.38293629208759,30.2113250817209,12.812417508186456,9.29934447521141
warm_ramp_adjusted,Warm_Ramp_Adjusted_Forecast_MWH,origin_22,2026-07-07 00:00:00-07:00,2026,Summer,7,380,187.94545492105263,184.7345857651251,3.2108691559275377,6.698196464381704,3.4557542248104083,62.63157894736842,15.705618148191187,28.62687964918743,19.851765001734123,8.68045581762747
warm_ramp_adjusted,Warm_Ramp_Adjusted_Forecast_MWH,origin_24,2026-07-21 00:00:00-07:00,2026,Summer,7,384,200.7955977239583,195.2124535999276,5.583144124030724,6.427257638687443,2.8408642034315723,82.29166666666666,15.652298597320673,26.159569588876252,11.772225199713802,8.80583519026311
warm_ramp_adjusted,Warm_Ramp_Adjusted_Forecast_MWH,origin_21,2026-07-06 00:00:00-07:00,2026,Summer,7,380,185.74302035789472,183.0404405488751,2.702579809019639,6.350029388941768,3.295269901337311,59.73684210526316,14.49443642974465,27.799892511289528,24.4966178067547,8.279823509642219
warm_ramp_adjusted,Warm_Ramp_Adjusted_Forecast_MWH,origin_17,2026-04-26 00:00:00-07:00,2026,Spring,4,384,127.136992640625,123.55897840639328,3.578014234231725,5.7620340617536465,4.249449373368589,74.73958333333334,11.24122171616939,29.642049596472418,11.730495786850128,7.7032373483169305
warm_ramp_adjusted,Warm_Ramp_Adjusted_Forecast_MWH,origin_02,2024-11-09 23:00:00-08:00,2024,Fall,11,384,116.68925462760417,111.56773378621493,5.121520841389242,5.55519114679661,4.522425808042559,88.54166666666666,10.858506007942005,19.000137730890117,8.589980294089727,6.7737580823573
warm_ramp_adjusted,Warm_Ramp_Adjusted_Forecast_MWH,origin_05,2025-05-25 00:00:00-07:00,2025,Spring,5,384,153.69139593489584,150.26185611166468,3.429539823231137,5.167096505907451,3.1697360781488073,70.83333333333334,13.096531101592806,29.409069757667368,21.590473524551925,7.523107822333498
warm_ramp_adjusted,Warm_Ramp_Adjusted_Forecast_MWH,origin_06,2025-06-22 00:00:00-07:00,2025,Summer,6,384,168.52844033593752,165.2548906084118,3.2735497275256873,4.871818443992409,2.748031041979859,72.13541666666666,11.619313489088679,27.01727250067529,16.2283000588898,6.900271498020139
warm_ramp_adjusted,Warm_Ramp_Adjusted_Forecast_MWH,origin_08,2025-08-17 00:00:00-07:00,2025,Summer,8,384,187.771909734375,188.9448406748584,-1.1729309404833905,4.8468574967801,2.6958892554275433,37.5,10.000932661948372,19.98347413351513,35.69841181338694,6.625761671352605
warm_ramp_adjusted,Warm_Ramp_Adjusted_Forecast_MWH,origin_18,2026-05-24 00:00:00-07:00,2026,Spring,5,384,142.90284213541665,143.1009769107146,-0.19813477529794235,4.5671903356789825,3.261832193124508,54.6875,9.259738414979928,13.356959563634149,19.62344001699867,5.913945615973953
warm_ramp_adjusted,Warm_Ramp_Adjusted_Forecast_MWH,origin_16,2026-03-29 00:00:00-07:00,2026,Spring,3,384,120.51718188281251,120.46497846461317,0.05220341819933202,4.123713388700595,3.350045329799796,53.125,9.101607374996979,21.565987892586293,18.755525501289185,5.462519132637688
warm_ramp_adjusted,Warm_Ramp_Adjusted_Forecast_MWH,origin_19,2026-05-28 00:00:00-07:00,2026,Spring,5,384,158.50971714583332,157.74699160254582,0.7627255432875267,3.9127660277325824,2.4589157617034525,59.114583333333336,8.785979741149726,16.850992015136057,13.982355708763237,5.2296218214864245
warm_ramp_adjusted,Warm_Ramp_Adjusted_Forecast_MWH,origin_20,2026-05-29 00:00:00-07:00,2026,Spring,5,384,163.7729361171875,163.74698662067894,0.025949496508577623,3.8627180547444575,2.357952940553601,48.95833333333333,8.565213051558587,18.868897194834233,15.186079769748204,5.209524619593581
warm_ramp_adjusted,Warm_Ramp_Adjusted_Forecast_MWH,origin_09,2025-09-14 00:00:00-07:00,2025,Summer,9,384,162.83103684895835,163.74648611525427,-0.9154492662959198,3.841076571257611,2.384586276710697,48.95833333333333,7.180106476351249,11.395198535786875,39.57215159543159,6.056226761625206
warm_ramp_adjusted,Warm_Ramp_Adjusted_Forecast_MWH,origin_13,2026-01-03 23:00:00-08:00,2026,Winter,1,384,128.126853875,126.9461098677978,1.1807440072022073,3.7973583837320715,2.945462204221744,68.75,8.328484465680473,17.203733056301616,15.821928509689386,5.061417917265505
warm_ramp_adjusted,Warm_Ramp_Adjusted_Forecast_MWH,origin_14,2026-01-31 23:00:00-08:00,2026,Winter,1,384,120.6618153359375,120.79657503284314,-0.13475969690564868,3.61479810644404,2.9198785488386108,45.05208333333333,7.424428306870265,19.11858441780629,13.931450323461405,4.968121158501543
warm_ramp_adjusted,Warm_Ramp_Adjusted_Forecast_MWH,origin_12,2025-12-06 23:00:00-08:00,2025,Winter,12,384,139.45845884114584,137.28704044580317,2.1714183953426462,3.6043416118148905,2.502772175956632,74.21875,7.750829948939492,15.944788938457037,18.365738374430123,4.770951630057731
warm_ramp_adjusted,Warm_Ramp_Adjusted_Forecast_MWH,origin_11,2025-11-08 23:00:00-08:00,2025,Fall,11,384,122.29222068489582,120.68815228528312,1.604068399612709,3.3925811609134997,2.694314637202687,65.36458333333334,6.629867886991015,19.809856732124857,11.73241868590054,4.619606570784972
warm_ramp_adjusted,Warm_Ramp_Adjusted_Forecast_MWH,origin_01,2024-10-13 00:00:00-07:00,2024,Fall,10,384,116.30257716666667,113.95385136140241,2.348725805264264,3.325592529153504,2.655140140440678,69.53125,8.366630741137808,19.871995784825145,10.229550467404607,4.827909943386522
warm_ramp_adjusted,Warm_Ramp_Adjusted_Forecast_MWH,origin_10,2025-10-12 00:00:00-07:00,2025,Fall,10,384,118.67937204947917,116.83068718825469,1.8486848612244744,3.1699156073612156,2.616352982179602,73.4375,6.214683054529906,10.014537637129337,10.677386745617525,3.8686769107824497
warm_ramp_adjusted,Warm_Ramp_Adjusted_Forecast_MWH,origin_15,2026-02-28 23:00:00-08:00,2026,Winter,2,384,115.88717167708334,115.10300362786194,0.7841680492213898,3.0100824728990223,2.57116156553173,59.375,6.249603744421777,9.391086094616156,11.443983103849746,3.8021459073501487
warm_ramp_adjusted,Warm_Ramp_Adjusted_Forecast_MWH,origin_04,2025-04-27 00:00:00-07:00,2025,Spring,4,384,121.913576171875,123.06428296728554,-1.1507067954105412,2.805369521238134,2.273067685940808,39.84375,6.2820778259644525,16.458697262884087,11.852185600287953,3.8615598942031077
warm_ramp_adjusted,Warm_Ramp_Adjusted_Forecast_MWH,origin_03,2025-03-30 00:00:00-07:00,2025,Spring,3,384,111.3258731328125,110.40866348304849,0.9172096497640091,2.774079232673904,2.4312549137812125,61.197916666666664,5.785113954192066,12.896160695693624,8.163080017439825,3.6677397683476234
cloud_solar_adjusted,Cloud_Solar_Adjusted_Forecast_MWH,origin_07,2025-07-20 00:00:00-07:00,2025,Summer,7,384,157.82088622916666,150.8061652117114,7.014721017455258,7.281363085311114,4.313289620697547,93.48958333333334,16.35904376616976,26.81227665729449,7.838682028852219,9.248205738446783
cloud_solar_adjusted,Cloud_Solar_Adjusted_Forecast_MWH,origin_23,2026-07-20 00:00:00-07:00,2026,Summer,7,384,200.19178741406247,194.19113453850878,6.000652875553726,6.8567677922433115,3.1025891573839304,83.33333333333334,16.38293629208759,30.2113250817209,12.812417508186456,9.287091173808882
cloud_solar_adjusted,Cloud_Solar_Adjusted_Forecast_MWH,origin_22,2026-07-07 00:00:00-07:00,2026,Summer,7,380,187.94545492105263,184.7443098953332,3.201145025719425,6.690504499216997,3.4518899028583525,62.63157894736842,15.559494102477423,28.62687964918743,19.851765001734123,8.668096990605767
cloud_solar_adjusted,Cloud_Solar_Adjusted_Forecast_MWH,origin_24,2026-07-21 00:00:00-07:00,2026,Summer,7,384,200.7955977239583,195.22401065083093,5.571587073127406,6.412520611834515,2.8356266140177344,82.29166666666666,15.652298597320673,26.159569588876252,11.772225199713802,8.794245291453151
cloud_solar_adjusted,Cloud_Solar_Adjusted_Forecast_MWH,origin_21,2026-07-06 00:00:00-07:00,2026,Summer,7,380,185.74302035789472,183.05047866875051,2.692541689144228,6.347544628657986,3.294105231825272,59.73684210526316,14.49443642974465,27.799892511289528,24.4966178067547,8.271187052762086
cloud_solar_adjusted,Cloud_Solar_Adjusted_Forecast_MWH,origin_17,2026-04-26 00:00:00-07:00,2026,Spring,4,384,127.136992640625,123.58076710166914,3.556225538955859,5.724354147792653,4.216879830888948,74.47916666666666,11.157144895039382,31.149085042206707,11.63513054073627,7.689508143365624
cloud_solar_adjusted,Cloud_Solar_Adjusted_Forecast_MWH,origin_02,2024-11-09 23:00:00-08:00,2024,Fall,11,384,116.68925462760417,111.66404351820626,5.025211109397902,5.450379380719448,4.4494530058661805,89.0625,10.470205013706844,19.063374436661064,8.220107682240808,6.6411339299949095
cloud_solar_adjusted,Cloud_Solar_Adjusted_Forecast_MWH,origin_05,2025-05-25 00:00:00-07:00,2025,Spring,5,384,153.69139593489584,150.27020249517992,3.4211934397159354,5.162078240118716,3.1658113839545634,70.83333333333334,13.096531101592806,29.408389833313095,21.590473524551925,7.519873619802146
cloud_solar_adjusted,Cloud_Solar_Adjusted_Forecast_MWH,origin_06,2025-06-22 00:00:00-07:00,2025,Summer,6,384,168.52844033593752,165.26893714046597,3.2595031954715417,4.866259985527582,2.7457272307908993,71.875,11.501560439020514,27.01727250067529,16.2283000588898,6.892316217131038
cloud_solar_adjusted,Cloud_Solar_Adjusted_Forecast_MWH,origin_08,2025-08-17 00:00:00-07:00,2025,Summer,8,384,187.771909734375,188.97958795122804,-1.2076782168530287,4.86540055486204,2.7074381957114007,37.5,10.29607830009065,19.576415979588262,35.69841181338694,6.657333567650394
cloud_solar_adjusted,Cloud_Solar_Adjusted_Forecast_MWH,origin_18,2026-05-24 00:00:00-07:00,2026,Spring,5,384,142.90284213541665,143.15086908661107,-0.24802695119439763,4.548457671485835,3.251460945194507,54.427083333333336,8.987154458642328,13.254128429076701,20.288553065649126,5.898500776756649
cloud_solar_adjusted,Cloud_Solar_Adjusted_Forecast_MWH,origin_16,2026-03-29 00:00:00-07:00,2026,Spring,3,384,120.51718188281251,120.53281651381508,-0.015634631002585442,4.111357045435793,3.3430028091553257,52.34375,9.101607374996979,18.712504939286347,18.755525501289185,5.411475081517419
cloud_solar_adjusted,Cloud_Solar_Adjusted_Forecast_MWH,origin_13,2026-01-03 23:00:00-08:00,2026,Winter,1,384,128.126853875,127.22433291371242,0.9025209612875823,3.9732711512787002,3.0929055260468594,67.96875,8.405337105394214,17.203733056301616,18.638695103977767,5.350973815893006
cloud_solar_adjusted,Cloud_Solar_Adjusted_Forecast_MWH,origin_19,2026-05-28 00:00:00-07:00,2026,Spring,5,384,158.50971714583332,157.78501367819868,0.7247034676346487,3.890285996923808,2.4450701766893723,59.114583333333336,8.758585849462753,15.876367106152316,14.496975792688488,5.187945313382508
cloud_solar_adjusted,Cloud_Solar_Adjusted_Forecast_MWH,origin_09,2025-09-14 00:00:00-07:00,2025,Summer,9,384,162.83103684895835,163.798826472641,-0.967789623682657,3.860921576109753,2.3948022820304344,49.21875,7.292209842418984,10.720531562797476,40.378792968519804,6.130766729355255
cloud_solar_adjusted,Cloud_Solar_Adjusted_Forecast_MWH,origin_20,2026-05-29 00:00:00-07:00,2026,Spring,5,384,163.7729361171875,163.78200403238836,-0.009067915200845711,3.833980649259296,2.3388055874043525,48.69791666666667,8.347036555196443,18.868897194834233,15.86623269941137,5.172152739753847
cloud_solar_adjusted,Cloud_Solar_Adjusted_Forecast_MWH,origin_14,2026-01-31 23:00:00-08:00,2026,Winter,1,384,120.6618153359375,120.93269311799675,-0.2708777820592489,3.5966309425577663,2.9144714545423667,44.27083333333333,7.566616651293462,19.11858441780629,14.0719149694268,4.888612942996023
cloud_solar_adjusted,Cloud_Solar_Adjusted_Forecast_MWH,origin_12,2025-12-06 23:00:00-08:00,2025,Winter,12,384,139.45845884114584,137.6717638270101,1.7866950141357216,3.455415353064827,2.4127200307634102,72.65625,7.239148019040317,15.706617936547218,19.081609111170565,4.573645999235866
cloud_solar_adjusted,Cloud_Solar_Adjusted_Forecast_MWH,origin_11,2025-11-08 23:00:00-08:00,2025,Fall,11,384,122.29222068489582,120.75052893289467,1.5416917520011697,3.4070692143891512,2.706460430171841,64.0625,6.573545246857284,20.09216222350966,11.800372453739612,4.615598722349855
cloud_solar_adjusted,Cloud_Solar_Adjusted_Forecast_MWH,origin_01,2024-10-13 00:00:00-07:00,2024,Fall,10,384,116.30257716666667,113.92845626908866,2.374120897578016,3.3421569776166646,2.6682966632390683,69.79166666666666,8.478043253314073,19.797211733631315,10.229550467404607,4.856172232392193
cloud_solar_adjusted,Cloud_Solar_Adjusted_Forecast_MWH,origin_10,2025-10-12 00:00:00-07:00,2025,Fall,10,384,118.67937204947917,116.88108063091028,1.7982914185688907,3.199854262594858,2.6404567302966586,73.17708333333334,6.269728813912763,10.014537637129337,10.714099528329854,3.906846852822387
cloud_solar_adjusted,Cloud_Solar_Adjusted_Forecast_MWH,origin_15,2026-02-28 23:00:00-08:00,2026,Winter,2,384,115.88717167708334,115.09960453053039,0.7875671465529447,3.0306012044958894,2.590009087776817,59.635416666666664,6.328339636430579,9.391086094616156,11.6735632830123,3.829255510159513
cloud_solar_adjusted,Cloud_Solar_Adjusted_Forecast_MWH,origin_04,2025-04-27 00:00:00-07:00,2025,Spring,4,384,121.913576171875,123.07707367244446,-1.1634975005694694,2.804086162011533,2.272809206380592,39.84375,6.2820778259644525,16.389619762868293,11.975431016951333,3.8604176107148147
cloud_solar_adjusted,Cloud_Solar_Adjusted_Forecast_MWH,origin_03,2025-03-30 00:00:00-07:00,2025,Spring,3,384,111.3258731328125,110.44050965804973,0.885363474762773,2.7680282775426135,2.427181132481907,61.197916666666664,5.767594943533702,12.680803140917845,8.401537990991244,3.639782791758352
recent_corrected_simulation,Recent_Corrected_Forecast_MWH,origin_23,2026-07-20 00:00:00-07:00,2026,Summer,7,384,200.19178741406247,194.42236731184434,5.769420102218163,6.72816734730075,3.0346091622371447,81.77083333333334,16.38293629208759,29.396337413543307,13.500405482184846,9.1652121563539
recent_corrected_simulation,Recent_Corrected_Forecast_MWH,origin_22,2026-07-07 00:00:00-07:00,2026,Summer,7,380,187.94545492105263,185.05356470113904,2.8918902199136105,6.663470692550685,3.4516152670506477,60.78947368421053,15.564230023105099,28.62687964918743,20.446427785397702,8.604959036322457
recent_corrected_simulation,Recent_Corrected_Forecast_MWH,origin_07,2025-07-20 00:00:00-07:00,2025,Summer,7,384,157.82088622916666,151.72583323652572,6.095052992640956,6.552268449756057,3.7948710702883464,88.80208333333334,15.912630342342332,26.81227665729449,8.895159687662556,8.66219375498051
recent_corrected_simulation,Recent_Corrected_Forecast_MWH,origin_21,2026-07-06 00:00:00-07:00,2026,Summer,7,380,185.74302035789472,183.41356767679036,2.329452681104345,6.356661304725029,3.319275585177539,57.631578947368425,14.484554254604785,27.799892511289528,24.4966178067547,8.251953820470975
recent_corrected_simulation,Recent_Corrected_Forecast_MWH,origin_24,2026-07-21 00:00:00-07:00,2026,Summer,7,384,200.7955977239583,195.65506518958898,5.140532534369333,6.180334990730009,2.7173128585743527,79.42708333333334,15.549952554682681,26.159569588876252,12.661576527270483,8.57108051745644
recent_corrected_simulation,Recent_Corrected_Forecast_MWH,origin_02,2024-11-09 23:00:00-08:00,2024,Fall,11,384,116.68925462760417,111.43873184556735,5.250522782036823,5.6174936806101385,4.602798371427906,90.88541666666666,10.601204843605004,19.03113420259936,8.069409282363878,6.770578371465724
recent_corrected_simulation,Recent_Corrected_Forecast_MWH,origin_17,2026-04-26 00:00:00-07:00,2026,Spring,4,384,127.136992640625,124.14454361524663,2.992449025378358,5.510918751375957,4.053498616206752,68.22916666666666,11.43434124900242,31.149085042206707,12.442531035702672,7.493754981302278
recent_corrected_simulation,Recent_Corrected_Forecast_MWH,origin_08,2025-08-17 00:00:00-07:00,2025,Summer,8,384,187.771909734375,189.75544260199123,-1.9835328676162238,5.219653744222051,2.9463865716603856,33.33333333333333,11.240646590758189,19.576415979588262,37.15687433299951,7.022507532735791
recent_corrected_simulation,Recent_Corrected_Forecast_MWH,origin_05,2025-05-25 00:00:00-07:00,2025,Spring,5,384,153.69139593489584,150.38513748573843,3.306258449157413,5.109392520407165,3.128648069931506,69.53125,13.005590926118064,29.257732348722413,21.590473524551925,7.467872700185596
recent_corrected_simulation,Recent_Corrected_Forecast_MWH,origin_06,2025-06-22 00:00:00-07:00,2025,Summer,6,384,168.52844033593752,165.32445651800649,3.2039838179309985,4.852783240153597,2.7413289391843665,71.09375,11.501560439020514,27.01727250067529,16.367182826903843,6.8767049258368
recent_corrected_simulation,Recent_Corrected_Forecast_MWH,origin_18,2026-05-24 00:00:00-07:00,2026,Spring,5,384,142.90284213541665,143.02827879855462,-0.12543666313797286,4.539998374014984,3.245019460928949,54.6875,9.225187338971585,13.254128429076701,20.099236500480856,5.8682089968658415
recent_corrected_simulation,Recent_Corrected_Forecast_MWH,origin_16,2026-03-29 00:00:00-07:00,2026,Spring,3,384,120.51718188281251,120.61741150898973,-0.1002296261772383,4.09229169632074,3.325010042351403,51.5625,9.055621079819447,18.696401422539893,18.77569278705164,5.396033197919035
recent_corrected_simulation,Recent_Corrected_Forecast_MWH,origin_09,2025-09-14 00:00:00-07:00,2025,Summer,9,384,162.83103684895835,164.57139963526348,-1.7403627863051379,3.966374288557104,2.493077314369455,41.92708333333333,7.473874347976052,9.774801455833853,41.491603687484826,6.341086221324478
recent_corrected_simulation,Recent_Corrected_Forecast_MWH,origin_13,2026-01-03 23:00:00-08:00,2026,Winter,1,384,128.126853875,127.20135732492743,0.925496550072561,3.923171587294512,3.0486191903612974,66.14583333333334,8.47586745103673,17.339918145157895,18.296021953959183,5.299018045070881
recent_corrected_simulation,Recent_Corrected_Forecast_MWH,origin_19,2026-05-28 00:00:00-07:00,2026,Spring,5,384,158.50971714583332,157.98903528134912,0.5206818644842147,3.874474201192687,2.4281414033030475,55.46875,8.724673799223785,15.876367106152316,14.50744670484275,5.183375067502081
recent_corrected_simulation,Recent_Corrected_Forecast_MWH,origin_20,2026-05-29 00:00:00-07:00,2026,Spring,5,384,163.7729361171875,163.96071198254063,-0.18777586535313842,3.867424495433774,2.366914576947732,46.35416666666667,8.409286890733636,18.868897194834233,15.86409127253026,5.197668793644128
recent_corrected_simulation,Recent_Corrected_Forecast_MWH,origin_14,2026-01-31 23:00:00-08:00,2026,Winter,1,384,120.6618153359375,121.55112587629236,-0.8893105403548561,3.7057284880317023,3.0220820794357603,39.58333333333333,7.548725982336709,18.409319879757646,14.618490187101358,4.978606782995632
recent_corrected_simulation,Recent_Corrected_Forecast_MWH,origin_01,2024-10-13 00:00:00-07:00,2024,Fall,10,384,116.30257716666667,113.85048762409878,2.4520895425678857,3.3735019075770474,2.7000765828041584,72.65625,8.470802165092037,19.5936822125677,10.490383624027857,4.8706739047981635
recent_corrected_simulation,Recent_Corrected_Forecast_MWH,origin_11,2025-11-08 23:00:00-08:00,2025,Fall,11,384,122.29222068489582,121.16818627056871,1.124034414327125,3.294998144243736,2.6285636425513235,61.197916666666664,6.313639077618101,19.77137029238017,12.284321148525152,4.4853484575892555
recent_corrected_simulation,Recent_Corrected_Forecast_MWH,origin_10,2025-10-12 00:00:00-07:00,2025,Fall,10,384,118.67937204947917,117.33352338756426,1.3458486619149124,3.019661709826043,2.5043246080288415,69.27083333333334,6.160084785969135,9.662495301270397,11.48206600980106,3.725453513044876
recent_corrected_simulation,Recent_Corrected_Forecast_MWH,origin_15,2026-02-28 23:00:00-08:00,2026,Winter,2,384,115.88717167708334,115.29800357630226,0.58916810078107,3.002226521930013,2.5728802519529643,56.770833333333336,6.33058287740438,9.124446765781926,11.63918197360573,3.7837158000729834
recent_corrected_simulation,Recent_Corrected_Forecast_MWH,origin_12,2025-12-06 23:00:00-08:00,2025,Winter,12,384,139.45845884114584,139.2910583420527,0.16740049909314023,2.9729690130605673,2.116450899983469,55.208333333333336,6.632722428244782,13.96848939220257,20.86125649295593,4.190836790374012
recent_corrected_simulation,Recent_Corrected_Forecast_MWH,origin_04,2025-04-27 00:00:00-07:00,2025,Spring,4,384,121.913576171875,123.30427597807956,-1.3906998062045595,2.8435946224417634,2.31504081176671,34.375,6.411047962001034,16.133424124807078,12.06064822160701,3.905428677427145
recent_corrected_simulation,Recent_Corrected_Forecast_MWH,origin_03,2025-03-30 00:00:00-07:00,2025,Spring,3,384,111.3258731328125,110.91349907174144,0.4123740610710556,2.700827296772769,2.372865561839761,53.385416666666664,5.510793463818042,12.28544738168614,8.769191316279148,3.5550182294043635
stage_selected_production,Stage_Selected_Forecast_MWH,origin_05,2025-05-25 00:00:00-07:00,2025,Spring,5,384,153.69139593489584,149.29941651131705,4.391979423578793,5.583249258420306,3.3407992510373643,75.78125,12.983550911699057,31.80747864789592,11.313557040508101,8.200727518737674
stage_selected_production,Stage_Selected_Forecast_MWH,origin_07,2025-07-20 00:00:00-07:00,2025,Summer,7,384,157.82088622916666,153.28097671455336,4.539909514613314,5.14757789490145,3.221560948903831,87.23958333333334,10.980962470739385,18.894302484551616,13.372124919901268,6.473992598506372
stage_selected_production,Stage_Selected_Forecast_MWH,origin_21,2026-07-06 00:00:00-07:00,2026,Summer,7,380,185.74302035789472,185.50128334655253,0.2417370113422051,5.110678044940074,2.7829168225018353,48.421052631578945,10.82021657579952,19.64238370916715,22.224283847937414,6.508676432195711
stage_selected_production,Stage_Selected_Forecast_MWH,origin_23,2026-07-20 00:00:00-07:00,2026,Summer,7,384,200.19178741406247,197.09545992046228,3.0963274936002265,5.055780106153959,2.4297737847484484,71.09375,11.916181066880432,22.400841901087688,14.794663362110725,6.886234865846703
stage_selected_production,Stage_Selected_Forecast_MWH,origin_22,2026-07-07 00:00:00-07:00,2026,Summer,7,380,187.94545492105263,187.37498260612622,0.5704723149264033,4.981624676614525,2.703997362545155,52.63157894736842,10.119553708349274,19.771815571464515,19.129823117031407,6.2037914168841
stage_selected_production,Stage_Selected_Forecast_MWH,origin_24,2026-07-21 00:00:00-07:00,2026,Summer,7,384,200.7955977239583,197.74851379653467,3.047083927423669,4.948942267391359,2.3085800178784686,70.3125,11.663595178277557,27.667934304564085,14.754234307735942,7.006659812218177
stage_selected_production,Stage_Selected_Forecast_MWH,origin_02,2024-11-09 23:00:00-08:00,2024,Fall,11,384,116.68925462760417,112.16599729382341,4.52325733378075,4.9411121591617055,4.120326255884679,89.58333333333334,9.22284808159101,16.394624998488766,10.45888982743783,5.9020497252130335
stage_selected_production,Stage_Selected_Forecast_MWH,origin_06,2025-06-22 00:00:00-07:00,2025,Summer,6,384,168.52844033593752,166.0402016857625,2.4882386501749982,4.537961854524252,2.596076052555133,70.05208333333334,9.836971111513705,20.43484424045326,16.511559767567718,6.040147452174419
stage_selected_production,Stage_Selected_Forecast_MWH,origin_17,2026-04-26 00:00:00-07:00,2026,Spring,4,384,127.136992640625,125.01655893729266,2.120433703332341,4.513999858742286,3.517546982923779,69.53125,9.4440755220737,19.758120988808486,13.976591892056206,5.796777417564345
stage_selected_production,Stage_Selected_Forecast_MWH,origin_08,2025-08-17 00:00:00-07:00,2025,Summer,8,384,187.771909734375,188.674718145345,-0.9028084109699885,4.217847888202774,2.4243643557629517,38.54166666666667,8.702419207008854,16.529174553766637,17.059922753194513,5.327084219579128
stage_selected_production,Stage_Selected_Forecast_MWH,origin_16,2026-03-29 00:00:00-07:00,2026,Spring,3,384,120.51718188281251,120.13388781690576,0.383294065906758,4.136633908744887,3.358234503861254,54.427083333333336,9.394537984869501,17.59149362375041,20.027540191719623,5.457384663410715
stage_selected_production,Stage_Selected_Forecast_MWH,origin_13,2026-01-03 23:00:00-08:00,2026,Winter,1,384,128.126853875,127.18236318000099,0.9444906949990047,3.961605360250631,3.050395290637874,61.979166666666664,9.883600320554576,20.299148048126852,18.051498805290322,5.622525814124907
stage_selected_production,Stage_Selected_Forecast_MWH,origin_09,2025-09-14 00:00:00-07:00,2025,Summer,9,384,162.83103684895835,164.06544939215186,-1.234412543193521,3.7850305967462066,2.375815632649925,46.09375,7.608691864119971,14.07913022434255,37.865352223995444,5.9580939405522315
stage_selected_production,Stage_Selected_Forecast_MWH,origin_18,2026-05-24 00:00:00-07:00,2026,Spring,5,384,142.90284213541665,142.82241162959352,0.08043050582315818,3.7516064311917297,2.7142654826114083,54.6875,7.557996513584909,15.636351407369517,18.484391542876494,4.890763400836396
stage_selected_production,Stage_Selected_Forecast_MWH,origin_20,2026-05-29 00:00:00-07:00,2026,Spring,5,384,163.7729361171875,163.8899523214369,-0.11701620424940022,3.5662658197497237,2.252476412490187,45.83333333333333,7.531146530072792,19.370217891729084,17.549825287409476,4.810432312493191
stage_selected_production,Stage_Selected_Forecast_MWH,origin_19,2026-05-28 00:00:00-07:00,2026,Spring,5,384,158.50971714583332,158.08125113088389,0.42846601494946124,3.450853349604263,2.1899687247680935,54.947916666666664,7.627975579140705,15.714502081414082,16.543336294206682,4.644727835899269
stage_selected_production,Stage_Selected_Forecast_MWH,origin_14,2026-01-31 23:00:00-08:00,2026,Winter,1,384,120.6618153359375,121.19086430670677,-0.5290489707692783,3.3959382088004575,2.758967296266533,40.10416666666667,6.908728092196889,18.19724688344273,10.266290296979946,4.5817469995124815
stage_selected_production,Stage_Selected_Forecast_MWH,origin_04,2025-04-27 00:00:00-07:00,2025,Spring,4,384,121.913576171875,123.06594124526946,-1.1523650733944555,3.3637045095043896,2.6651366607728355,35.41666666666667,8.897568545229433,20.9548818880626,17.03263518504653,5.025096515640033
stage_selected_production,Stage_Selected_Forecast_MWH,origin_11,2025-11-08 23:00:00-08:00,2025,Fall,11,384,122.29222068489582,121.77963986522668,0.5125808196691352,3.305717007693072,2.63548023973449,54.166666666666664,7.332337812043079,20.758640913332783,12.344611891581678,4.639675061673508
stage_selected_production,Stage_Selected_Forecast_MWH,origin_01,2024-10-13 00:00:00-07:00,2024,Fall,10,384,116.30257716666667,114.85837097972235,1.4442061869443066,3.271988979547267,2.65519965926607,65.10416666666666,7.448893483796647,19.656158832048447,9.247952344823716,4.759989889733116
stage_selected_production,Stage_Selected_Forecast_MWH,origin_03,2025-03-30 00:00:00-07:00,2025,Spring,3,384,111.3258731328125,110.97962570197677,0.3462474308357355,2.829333824239473,2.4521914174897024,52.864583333333336,6.725602453964991,12.472665997194923,10.758036637233033,3.8624817531502447
stage_selected_production,Stage_Selected_Forecast_MWH,origin_12,2025-12-06 23:00:00-08:00,2025,Winter,12,384,139.45845884114584,139.42897825378597,0.029480587359872246,2.773570131293186,1.9690745970570587,53.90625,5.960940238525087,13.486042849280778,23.325456622623022,4.105506670576214
stage_selected_production,Stage_Selected_Forecast_MWH,origin_15,2026-02-28 23:00:00-08:00,2026,Winter,2,384,115.88717167708334,115.18736199294891,0.6998096841344238,2.772418703098518,2.3697517803254575,57.8125,5.882864615546763,11.266637884961852,10.762638542891239,3.516916851336972
stage_selected_production,Stage_Selected_Forecast_MWH,origin_10,2025-10-12 00:00:00-07:00,2025,Fall,10,384,118.67937204947917,117.72521554246094,0.9541565070182267,2.601963916383363,2.1785883717464025,63.802083333333336,5.421925384154139,9.862383139180963,11.083616544444368,3.362962295632184
focused_shape_shadow,Focused_Shape_Adjusted_Forecast_MWH,origin_05,2025-05-25 00:00:00-07:00,2025,Spring,5,384,153.69139593489584,149.32050483505188,4.37089109984395,5.587560181769592,3.359738928919194,75.78125,13.44616860740498,31.746403896218908,11.313557040508101,8.178222415417329
focused_shape_shadow,Focused_Shape_Adjusted_Forecast_MWH,origin_23,2026-07-20 00:00:00-07:00,2026,Summer,7,384,200.19178741406247,196.4275555105598,3.764231903502696,5.509795863806278,2.6123747500949572,75.26041666666666,13.00903954739334,22.400841901087688,14.794663362110725,7.432388559239071
focused_shape_shadow,Focused_Shape_Adjusted_Forecast_MWH,origin_21,2026-07-06 00:00:00-07:00,2026,Summer,7,380,185.74302035789472,184.74196012028256,1.001060237612178,5.3308982570323025,2.861274788184148,51.84210526315789,11.271019726992353,20.65559703981023,22.224283847937414,6.892218083636588
focused_shape_shadow,Focused_Shape_Adjusted_Forecast_MWH,origin_24,2026-07-21 00:00:00-07:00,2026,Summer,7,384,200.7955977239583,197.1158358701338,3.6797618538245387,5.287685683343639,2.4324691834082235,75.52083333333334,12.621848733279386,27.667934304564085,14.198516627533479,7.362466422021251
focused_shape_shadow,Focused_Shape_Adjusted_Forecast_MWH,origin_22,2026-07-07 00:00:00-07:00,2026,Summer,7,380,187.94545492105263,186.90389248353267,1.0415624375199632,5.206893511768723,2.801241288571933,53.94736842105263,10.616582142525438,20.56801070487188,18.725103053573662,6.550206975234919
focused_shape_shadow,Focused_Shape_Adjusted_Forecast_MWH,origin_07,2025-07-20 00:00:00-07:00,2025,Summer,7,384,157.82088622916666,153.24842295788474,4.572463271281926,5.180686205970973,3.2304005259298054,88.28125,11.219536188249387,18.894302484551616,13.372124919901268,6.55302593950583
focused_shape_shadow,Focused_Shape_Adjusted_Forecast_MWH,origin_02,2024-11-09 23:00:00-08:00,2024,Fall,11,384,116.68925462760417,112.17554668596632,4.513707941637834,4.940783098465453,4.113150541560812,89.84375,9.356952540714355,16.161502418116427,9.45888982743783,5.8955524514354325
focused_shape_shadow,Focused_Shape_Adjusted_Forecast_MWH,origin_17,2026-04-26 00:00:00-07:00,2026,Spring,4,384,127.136992640625,124.87886052075675,2.2581321198682507,4.615344664310805,3.5956798513976547,69.79166666666666,9.81689807467219,19.758120988808486,13.442531035702672,5.907270679703379
focused_shape_shadow,Focused_Shape_Adjusted_Forecast_MWH,origin_06,2025-06-22 00:00:00-07:00,2025,Summer,6,384,168.52844033593752,165.92594783927564,2.6024924966618594,4.571021737416366,2.6137329069628876,68.75,10.039663446678723,20.43484424045326,16.109028416513183,6.102603460316086
focused_shape_shadow,Focused_Shape_Adjusted_Forecast_MWH,origin_08,2025-08-17 00:00:00-07:00,2025,Summer,8,384,187.771909734375,188.46278123857425,-0.690871504199241,4.189115176021757,2.40799319724749,39.58333333333333,8.649257176080075,17.063999320841987,16.961836684786732,5.322644081178429
focused_shape_shadow,Focused_Shape_Adjusted_Forecast_MWH,origin_13,2026-01-03 23:00:00-08:00,2026,Winter,1,384,128.126853875,126.83058575622118,1.2962681187788243,4.108392175741841,3.1561746713922276,67.1875,9.651978064757408,20.166206820290228,17.71440776609103,5.681606978743482
focused_shape_shadow,Focused_Shape_Adjusted_Forecast_MWH,origin_16,2026-03-29 00:00:00-07:00,2026,Spring,3,384,120.51718188281251,120.08285376882982,0.4343281139826758,4.085284156712542,3.323712849531583,54.427083333333336,9.167765801030882,17.703815738982485,19.77569278705164,5.397179539490022
focused_shape_shadow,Focused_Shape_Adjusted_Forecast_MWH,origin_18,2026-05-24 00:00:00-07:00,2026,Spring,5,384,142.90284213541665,142.71350656152637,0.18933557389028458,3.8784691813400456,2.8248954254272594,56.510416666666664,7.740505474755038,15.636351407369517,19.484391542876494,5.049125274176209
focused_shape_shadow,Focused_Shape_Adjusted_Forecast_MWH,origin_09,2025-09-14 00:00:00-07:00,2025,Summer,9,384,162.83103684895835,164.00586146248926,-1.1748246135309166,3.7610518935154693,2.3690651374807508,45.83333333333333,7.518315897168229,14.07913022434255,37.385611681753204,5.8619127089375125
focused_shape_shadow,Focused_Shape_Adjusted_Forecast_MWH,origin_20,2026-05-29 00:00:00-07:00,2026,Spring,5,384,163.7729361171875,163.7264007610776,0.04653535610988183,3.55396170959417,2.2526167113988858,48.17708333333333,7.5088966529892245,19.19787173777638,17.244377554596355,4.801172273781598
focused_shape_shadow,Focused_Shape_Adjusted_Forecast_MWH,origin_19,2026-05-28 00:00:00-07:00,2026,Spring,5,384,158.50971714583332,157.91410568210162,0.5956114637317071,3.5099600813675367,2.254136432925192,58.072916666666664,7.580410879097998,15.596766196432071,16.223393101801463,4.709628549713162
focused_shape_shadow,Focused_Shape_Adjusted_Forecast_MWH,origin_11,2025-11-08 23:00:00-08:00,2025,Fall,11,384,122.29222068489582,121.5564239076947,0.7357967772011452,3.356041303381956,2.672837278273659,57.03125,7.200596339232439,20.853621924515878,12.284321148525152,4.653926120005725
focused_shape_shadow,Focused_Shape_Adjusted_Forecast_MWH,origin_14,2026-01-31 23:00:00-08:00,2026,Winter,1,384,120.6618153359375,121.11000926451486,-0.4481939285773516,3.347330037995022,2.715521029821073,41.14583333333333,6.750877271321764,18.409319879757646,10.170874663531862,4.53774967862729
focused_shape_shadow,Focused_Shape_Adjusted_Forecast_MWH,origin_04,2025-04-27 00:00:00-07:00,2025,Spring,4,384,121.913576171875,123.07789057238016,-1.1643144005051582,3.3122701264618204,2.6266344982563123,35.9375,8.795271112451433,20.648455424439263,16.839857510284816,4.972560992739439
focused_shape_shadow,Focused_Shape_Adjusted_Forecast_MWH,origin_01,2024-10-13 00:00:00-07:00,2024,Fall,10,384,116.30257716666667,114.71528028373645,1.5872968829302059,3.2497369045945543,2.630155530476513,64.58333333333334,7.409928439648565,19.955383004663133,9.575091994108845,4.743255064056864
focused_shape_shadow,Focused_Shape_Adjusted_Forecast_MWH,origin_12,2025-12-06 23:00:00-08:00,2025,Winter,12,384,139.45845884114584,139.05365600574675,0.40480283539909495,2.8589411790946593,2.0186474186666254,58.072916666666664,6.1042228677188115,12.896357670318622,22.63092474612432,4.124032555835813
focused_shape_shadow,Focused_Shape_Adjusted_Forecast_MWH,origin_15,2026-02-28 23:00:00-08:00,2026,Winter,2,384,115.88717167708334,115.10712792107735,0.7800437560059746,2.834502103778996,2.420658632444347,57.291666666666664,6.168691394212338,10.60310441028443,10.66149030473349,3.5865046904084137
focused_shape_shadow,Focused_Shape_Adjusted_Forecast_MWH,origin_03,2025-03-30 00:00:00-07:00,2025,Spring,3,384,111.3258731328125,110.7380416813105,0.5878314515020018,2.8148071044140757,2.4441917208846013,54.947916666666664,6.674746581860146,12.28544738168614,9.758036637233033,3.822569571555179
focused_shape_shadow,Focused_Shape_Adjusted_Forecast_MWH,origin_10,2025-10-12 00:00:00-07:00,2025,Fall,10,384,118.67937204947917,117.47122741656524,1.2081446329139267,2.6807258129197398,2.2371179990751853,68.48958333333334,5.39338182091393,9.662495301270397,11.022624148807836,3.4289238612394453
final_corrected_production,Final_Backtest_Forecast_MWH,origin_05,2025-05-25 00:00:00-07:00,2025,Spring,5,384,153.69139593489584,149.29941651131705,4.391979423578793,5.583249258420306,3.3407992510373643,75.78125,12.983550911699057,31.80747864789592,11.313557040508101,8.200727518737674
final_corrected_production,Final_Backtest_Forecast_MWH,origin_07,2025-07-20 00:00:00-07:00,2025,Summer,7,384,157.82088622916666,153.28097671455336,4.539909514613314,5.14757789490145,3.221560948903831,87.23958333333334,10.980962470739385,18.894302484551616,13.372124919901268,6.473992598506372
final_corrected_production,Final_Backtest_Forecast_MWH,origin_21,2026-07-06 00:00:00-07:00,2026,Summer,7,380,185.74302035789472,185.50128334655253,0.2417370113422051,5.110678044940074,2.7829168225018353,48.421052631578945,10.82021657579952,19.64238370916715,22.224283847937414,6.508676432195711
final_corrected_production,Final_Backtest_Forecast_MWH,origin_23,2026-07-20 00:00:00-07:00,2026,Summer,7,384,200.19178741406247,197.09545992046228,3.0963274936002265,5.055780106153959,2.4297737847484484,71.09375,11.916181066880432,22.400841901087688,14.794663362110725,6.886234865846703
final_corrected_production,Final_Backtest_Forecast_MWH,origin_22,2026-07-07 00:00:00-07:00,2026,Summer,7,380,187.94545492105263,187.37498260612622,0.5704723149264033,4.981624676614525,2.703997362545155,52.63157894736842,10.119553708349274,19.771815571464515,19.129823117031407,6.2037914168841
final_corrected_production,Final_Backtest_Forecast_MWH,origin_24,2026-07-21 00:00:00-07:00,2026,Summer,7,384,200.7955977239583,197.74851379653467,3.047083927423669,4.948942267391359,2.3085800178784686,70.3125,11.663595178277557,27.667934304564085,14.754234307735942,7.006659812218177
final_corrected_production,Final_Backtest_Forecast_MWH,origin_02,2024-11-09 23:00:00-08:00,2024,Fall,11,384,116.68925462760417,112.16599729382341,4.52325733378075,4.9411121591617055,4.120326255884679,89.58333333333334,9.22284808159101,16.394624998488766,10.45888982743783,5.9020497252130335
final_corrected_production,Final_Backtest_Forecast_MWH,origin_06,2025-06-22 00:00:00-07:00,2025,Summer,6,384,168.52844033593752,166.0402016857625,2.4882386501749982,4.537961854524252,2.596076052555133,70.05208333333334,9.836971111513705,20.43484424045326,16.511559767567718,6.040147452174419
final_corrected_production,Final_Backtest_Forecast_MWH,origin_17,2026-04-26 00:00:00-07:00,2026,Spring,4,384,127.136992640625,125.01655893729266,2.120433703332341,4.513999858742286,3.517546982923779,69.53125,9.4440755220737,19.758120988808486,13.976591892056206,5.796777417564345
final_corrected_production,Final_Backtest_Forecast_MWH,origin_08,2025-08-17 00:00:00-07:00,2025,Summer,8,384,187.771909734375,188.674718145345,-0.9028084109699885,4.217847888202774,2.4243643557629517,38.54166666666667,8.702419207008854,16.529174553766637,17.059922753194513,5.327084219579128
final_corrected_production,Final_Backtest_Forecast_MWH,origin_16,2026-03-29 00:00:00-07:00,2026,Spring,3,384,120.51718188281251,120.13388781690576,0.383294065906758,4.136633908744887,3.358234503861254,54.427083333333336,9.394537984869501,17.59149362375041,20.027540191719623,5.457384663410715
final_corrected_production,Final_Backtest_Forecast_MWH,origin_13,2026-01-03 23:00:00-08:00,2026,Winter,1,384,128.126853875,127.18236318000099,0.9444906949990047,3.961605360250631,3.050395290637874,61.979166666666664,9.883600320554576,20.299148048126852,18.051498805290322,5.622525814124907
final_corrected_production,Final_Backtest_Forecast_MWH,origin_09,2025-09-14 00:00:00-07:00,2025,Summer,9,384,162.83103684895835,164.06544939215186,-1.234412543193521,3.7850305967462066,2.375815632649925,46.09375,7.608691864119971,14.07913022434255,37.865352223995444,5.9580939405522315
final_corrected_production,Final_Backtest_Forecast_MWH,origin_18,2026-05-24 00:00:00-07:00,2026,Spring,5,384,142.90284213541665,142.82241162959352,0.08043050582315818,3.7516064311917297,2.7142654826114083,54.6875,7.557996513584909,15.636351407369517,18.484391542876494,4.890763400836396
final_corrected_production,Final_Backtest_Forecast_MWH,origin_20,2026-05-29 00:00:00-07:00,2026,Spring,5,384,163.7729361171875,163.8899523214369,-0.11701620424940022,3.5662658197497237,2.252476412490187,45.83333333333333,7.531146530072792,19.370217891729084,17.549825287409476,4.810432312493191
final_corrected_production,Final_Backtest_Forecast_MWH,origin_19,2026-05-28 00:00:00-07:00,2026,Spring,5,384,158.50971714583332,158.08125113088389,0.42846601494946124,3.450853349604263,2.1899687247680935,54.947916666666664,7.627975579140705,15.714502081414082,16.543336294206682,4.644727835899269
final_corrected_production,Final_Backtest_Forecast_MWH,origin_14,2026-01-31 23:00:00-08:00,2026,Winter,1,384,120.6618153359375,121.19086430670677,-0.5290489707692783,3.3959382088004575,2.758967296266533,40.10416666666667,6.908728092196889,18.19724688344273,10.266290296979946,4.5817469995124815
final_corrected_production,Final_Backtest_Forecast_MWH,origin_04,2025-04-27 00:00:00-07:00,2025,Spring,4,384,121.913576171875,123.06594124526946,-1.1523650733944555,3.3637045095043896,2.6651366607728355,35.41666666666667,8.897568545229433,20.9548818880626,17.03263518504653,5.025096515640033
final_corrected_production,Final_Backtest_Forecast_MWH,origin_11,2025-11-08 23:00:00-08:00,2025,Fall,11,384,122.29222068489582,121.77963986522668,0.5125808196691352,3.305717007693072,2.63548023973449,54.166666666666664,7.332337812043079,20.758640913332783,12.344611891581678,4.639675061673508
final_corrected_production,Final_Backtest_Forecast_MWH,origin_01,2024-10-13 00:00:00-07:00,2024,Fall,10,384,116.30257716666667,114.85837097972235,1.4442061869443066,3.271988979547267,2.65519965926607,65.10416666666666,7.448893483796647,19.656158832048447,9.247952344823716,4.759989889733116
final_corrected_production,Final_Backtest_Forecast_MWH,origin_03,2025-03-30 00:00:00-07:00,2025,Spring,3,384,111.3258731328125,110.97962570197677,0.3462474308357355,2.829333824239473,2.4521914174897024,52.864583333333336,6.725602453964991,12.472665997194923,10.758036637233033,3.8624817531502447
final_corrected_production,Final_Backtest_Forecast_MWH,origin_12,2025-12-06 23:00:00-08:00,2025,Winter,12,384,139.45845884114584,139.42897825378597,0.029480587359872246,2.773570131293186,1.9690745970570587,53.90625,5.960940238525087,13.486042849280778,23.325456622623022,4.105506670576214
final_corrected_production,Final_Backtest_Forecast_MWH,origin_15,2026-02-28 23:00:00-08:00,2026,Winter,2,384,115.88717167708334,115.18736199294891,0.6998096841344238,2.772418703098518,2.3697517803254575,57.8125,5.882864615546763,11.266637884961852,10.762638542891239,3.516916851336972
final_corrected_production,Final_Backtest_Forecast_MWH,origin_10,2025-10-12 00:00:00-07:00,2025,Fall,10,384,118.67937204947917,117.72521554246094,0.9541565070182267,2.601963916383363,2.1785883717464025,63.802083333333336,5.421925384154139,9.862383139180963,11.083616544444368,3.362962295632184
auto_residual_shadow,Auto_Residual_Adjusted_Forecast_MWH,origin_05,2025-05-25 00:00:00-07:00,2025,Spring,5,384,153.69139593489584,149.29941651131705,4.391979423578793,5.583249258420306,3.3407992510373643,75.78125,12.983550911699057,31.80747864789592,11.313557040508101,8.200727518737674
auto_residual_shadow,Auto_Residual_Adjusted_Forecast_MWH,origin_23,2026-07-20 00:00:00-07:00,2026,Summer,7,384,200.19178741406247,196.7100432537956,3.4817441602668935,5.36322512463943,2.544739907541122,72.13541666666666,12.633692725920655,22.400841901087688,14.794663362110725,7.298859820075958
auto_residual_shadow,Auto_Residual_Adjusted_Forecast_MWH,origin_21,2026-07-06 00:00:00-07:00,2026,Summer,7,380,185.74302035789472,185.04865176760515,0.6943685902895735,5.323679184352563,2.8606201344630624,50.526315789473685,11.214659881901333,20.04608522367937,22.224283847937414,6.863728665025341
auto_residual_shadow,Auto_Residual_Adjusted_Forecast_MWH,origin_24,2026-07-21 00:00:00-07:00,2026,Summer,7,384,200.7955977239583,197.31101379653467,3.484583927423669,5.198575296251479,2.398567077813152,72.65625,12.553905908148272,27.667934304564085,14.754234307735942,7.281369734945281
auto_residual_shadow,Auto_Residual_Adjusted_Forecast_MWH,origin_22,2026-07-07 00:00:00-07:00,2026,Summer,7,380,187.94545492105263,187.1170878692841,0.8283670517685086,5.178461929010588,2.788895942411001,53.68421052631579,10.702299855892903,20.111650700546562,19.129823117031407,6.533324984092032
auto_residual_shadow,Auto_Residual_Adjusted_Forecast_MWH,origin_07,2025-07-20 00:00:00-07:00,2025,Summer,7,384,157.82088622916666,153.26014338122002,4.560742847946647,5.168411228234784,3.2325034990466537,87.23958333333334,11.007532747647444,18.894302484551616,13.372124919901268,6.496263907348698
auto_residual_shadow,Auto_Residual_Adjusted_Forecast_MWH,origin_02,2024-11-09 23:00:00-08:00,2024,Fall,11,384,116.68925462760417,112.16599729382341,4.52325733378075,4.9411121591617055,4.120326255884679,89.58333333333334,9.22284808159101,16.394624998488766,10.45888982743783,5.9020497252130335
auto_residual_shadow,Auto_Residual_Adjusted_Forecast_MWH,origin_06,2025-06-22 00:00:00-07:00,2025,Summer,6,384,168.52844033593752,165.9914837007868,2.536956635150683,4.5839458611260335,2.6161013104621933,70.05208333333334,9.937093488213096,20.43484424045326,16.511559767567718,6.110072433966289
auto_residual_shadow,Auto_Residual_Adjusted_Forecast_MWH,origin_17,2026-04-26 00:00:00-07:00,2026,Spring,4,384,127.136992640625,125.01655893729266,2.120433703332341,4.513999858742286,3.517546982923779,69.53125,9.4440755220737,19.758120988808486,13.976591892056206,5.796777417564345
auto_residual_shadow,Auto_Residual_Adjusted_Forecast_MWH,origin_08,2025-08-17 00:00:00-07:00,2025,Summer,8,384,187.771909734375,188.674718145345,-0.9028084109699885,4.217847888202774,2.4243643557629517,38.54166666666667,8.702419207008854,16.529174553766637,17.059922753194513,5.327084219579128
auto_residual_shadow,Auto_Residual_Adjusted_Forecast_MWH,origin_16,2026-03-29 00:00:00-07:00,2026,Spring,3,384,120.51718188281251,120.13388781690576,0.383294065906758,4.136633908744887,3.358234503861254,54.427083333333336,9.394537984869501,17.59149362375041,20.027540191719623,5.457384663410715
auto_residual_shadow,Auto_Residual_Adjusted_Forecast_MWH,origin_13,2026-01-03 23:00:00-08:00,2026,Winter,1,384,128.126853875,127.18236318000099,0.9444906949990047,3.961605360250631,3.050395290637874,61.979166666666664,9.883600320554576,20.299148048126852,18.051498805290322,5.622525814124907
auto_residual_shadow,Auto_Residual_Adjusted_Forecast_MWH,origin_09,2025-09-14 00:00:00-07:00,2025,Summer,9,384,162.83103684895835,164.06544939215186,-1.234412543193521,3.7850305967462066,2.375815632649925,46.09375,7.608691864119971,14.07913022434255,37.865352223995444,5.9580939405522315
auto_residual_shadow,Auto_Residual_Adjusted_Forecast_MWH,origin_18,2026-05-24 00:00:00-07:00,2026,Spring,5,384,142.90284213541665,142.82241162959352,0.08043050582315818,3.7516064311917297,2.7142654826114083,54.6875,7.557996513584909,15.636351407369517,18.484391542876494,4.890763400836396
auto_residual_shadow,Auto_Residual_Adjusted_Forecast_MWH,origin_20,2026-05-29 00:00:00-07:00,2026,Spring,5,384,163.7729361171875,163.8899523214369,-0.11701620424940022,3.5662658197497237,2.252476412490187,45.83333333333333,7.531146530072792,19.370217891729084,17.549825287409476,4.810432312493191
auto_residual_shadow,Auto_Residual_Adjusted_Forecast_MWH,origin_19,2026-05-28 00:00:00-07:00,2026,Spring,5,384,158.50971714583332,158.08125113088389,0.42846601494946124,3.450853349604263,2.1899687247680935,54.947916666666664,7.627975579140705,15.714502081414082,16.543336294206682,4.644727835899269
auto_residual_shadow,Auto_Residual_Adjusted_Forecast_MWH,origin_14,2026-01-31 23:00:00-08:00,2026,Winter,1,384,120.6618153359375,121.19086430670677,-0.5290489707692783,3.3959382088004575,2.758967296266533,40.10416666666667,6.908728092196889,18.19724688344273,10.266290296979946,4.5817469995124815
auto_residual_shadow,Auto_Residual_Adjusted_Forecast_MWH,origin_04,2025-04-27 00:00:00-07:00,2025,Spring,4,384,121.913576171875,123.06594124526946,-1.1523650733944555,3.3637045095043896,2.6651366607728355,35.41666666666667,8.897568545229433,20.9548818880626,17.03263518504653,5.025096515640033
auto_residual_shadow,Auto_Residual_Adjusted_Forecast_MWH,origin_11,2025-11-08 23:00:00-08:00,2025,Fall,11,384,122.29222068489582,121.77963986522668,0.5125808196691352,3.305717007693072,2.63548023973449,54.166666666666664,7.332337812043079,20.758640913332783,12.344611891581678,4.639675061673508
auto_residual_shadow,Auto_Residual_Adjusted_Forecast_MWH,origin_01,2024-10-13 00:00:00-07:00,2024,Fall,10,384,116.30257716666667,114.85837097972235,1.4442061869443066,3.271988979547267,2.65519965926607,65.10416666666666,7.448893483796647,19.656158832048447,9.247952344823716,4.759989889733116
auto_residual_shadow,Auto_Residual_Adjusted_Forecast_MWH,origin_03,2025-03-30 00:00:00-07:00,2025,Spring,3,384,111.3258731328125,110.97962570197677,0.3462474308357355,2.829333824239473,2.4521914174897024,52.864583333333336,6.725602453964991,12.472665997194923,10.758036637233033,3.8624817531502447
auto_residual_shadow,Auto_Residual_Adjusted_Forecast_MWH,origin_12,2025-12-06 23:00:00-08:00,2025,Winter,12,384,139.45845884114584,139.42897825378597,0.029480587359872246,2.773570131293186,1.9690745970570587,53.90625,5.960940238525087,13.486042849280778,23.325456622623022,4.105506670576214
auto_residual_shadow,Auto_Residual_Adjusted_Forecast_MWH,origin_15,2026-02-28 23:00:00-08:00,2026,Winter,2,384,115.88717167708334,115.18736199294891,0.6998096841344238,2.772418703098518,2.3697517803254575,57.8125,5.882864615546763,11.266637884961852,10.762638542891239,3.516916851336972
auto_residual_shadow,Auto_Residual_Adjusted_Forecast_MWH,origin_10,2025-10-12 00:00:00-07:00,2025,Fall,10,384,118.67937204947917,117.72521554246094,0.9541565070182267,2.601963916383363,2.1785883717464025,63.802083333333336,5.421925384154139,9.862383139180963,11.083616544444368,3.362962295632184
daily_peak_shadow,Daily_Peak_Shadow_Adjusted_Forecast_MWH,origin_05,2025-05-25 00:00:00-07:00,2025,Spring,5,384,153.69139593489584,149.30414056033172,4.387255374564108,5.578525209405622,3.3378804188720754,75.78125,12.848175581304998,31.80747864789592,11.313557040508101,8.197131383502471
daily_peak_shadow,Daily_Peak_Shadow_Adjusted_Forecast_MWH,origin_23,2026-07-20 00:00:00-07:00,2026,Summer,7,384,200.19178741406247,196.71519810983457,3.4765893042278972,5.358070268600435,2.542778736545584,72.13541666666666,12.633692725920655,22.400841901087688,14.794663362110725,7.288007154804685
daily_peak_shadow,Daily_Peak_Shadow_Adjusted_Forecast_MWH,origin_21,2026-07-06 00:00:00-07:00,2026,Summer,7,380,185.74302035789472,185.0532360906822,0.6897842672125623,5.319094861275551,2.859315429034914,50.526315789473685,11.214659881901333,19.642352656788518,22.224283847937414,6.843897904437918
daily_peak_shadow,Daily_Peak_Shadow_Adjusted_Forecast_MWH,origin_24,2026-07-21 00:00:00-07:00,2026,Summer,7,384,200.7955977239583,197.33257043177522,3.463027292183112,5.177018661073945,2.390656308832922,72.65625,12.521038609014516,27.667934304564085,14.754234307735942,7.251821530453851
daily_peak_shadow,Daily_Peak_Shadow_Adjusted_Forecast_MWH,origin_22,2026-07-07 00:00:00-07:00,2026,Summer,7,380,187.94545492105263,187.1328414022082,0.8126135188444359,5.163471877794694,2.783416238262592,53.421052631578945,10.674755123174629,20.111650700546562,19.129823117031407,6.515535342263007
daily_peak_shadow,Daily_Peak_Shadow_Adjusted_Forecast_MWH,origin_07,2025-07-20 00:00:00-07:00,2025,Summer,7,384,157.82088622916666,153.26719404761295,4.553692181553712,5.162488043227392,3.2296017199310385,87.23958333333334,10.906179844838066,18.894302484551616,13.372124919901268,6.490166841650011
daily_peak_shadow,Daily_Peak_Shadow_Adjusted_Forecast_MWH,origin_02,2024-11-09 23:00:00-08:00,2024,Fall,11,384,116.68925462760417,112.17364844077325,4.515606186830916,4.933461234560176,4.114984337329713,89.58333333333334,9.22284808159101,16.394624998488766,10.45888983821537,5.893250477397692
daily_peak_shadow,Daily_Peak_Shadow_Adjusted_Forecast_MWH,origin_06,2025-06-22 00:00:00-07:00,2025,Summer,6,384,168.52844033593752,166.00151380833674,2.5269265276007715,4.573915753649708,2.6119186256099076,70.05208333333334,9.937093488213096,20.43484424045326,16.511559767567718,6.089060405304344
daily_peak_shadow,Daily_Peak_Shadow_Adjusted_Forecast_MWH,origin_17,2026-04-26 00:00:00-07:00,2026,Spring,4,384,127.136992640625,125.02254012058285,2.114452520042151,4.519086564882147,3.520606953034036,69.53125,9.509197836552342,19.758120988808486,13.976612641140605,5.801554736998358
daily_peak_shadow,Daily_Peak_Shadow_Adjusted_Forecast_MWH,origin_08,2025-08-17 00:00:00-07:00,2025,Summer,8,384,187.771909734375,188.6900928260251,-0.9181830916500994,4.231619118608124,2.4298596453963577,38.54166666666667,8.702419207008854,16.529174553766637,17.059922753194513,5.338001388930418
daily_peak_shadow,Daily_Peak_Shadow_Adjusted_Forecast_MWH,origin_16,2026-03-29 00:00:00-07:00,2026,Spring,3,384,120.51718188281251,120.14494950611002,0.37223237670248926,4.147619417267838,3.3657516125387725,54.427083333333336,9.394537984869501,17.59149362375041,20.316162834565148,5.476841489005902
daily_peak_shadow,Daily_Peak_Shadow_Adjusted_Forecast_MWH,origin_13,2026-01-03 23:00:00-08:00,2026,Winter,1,384,128.126853875,127.1904730114854,0.9363808635146021,3.964097453436334,3.0521704220172654,61.979166666666664,9.883600320554576,20.299148048126852,18.051498805290322,5.624014670051661
daily_peak_shadow,Daily_Peak_Shadow_Adjusted_Forecast_MWH,origin_09,2025-09-14 00:00:00-07:00,2025,Summer,9,384,162.83103684895835,164.10464088934017,-1.2736040403818596,3.8136301258886363,2.38740679384135,45.57291666666667,7.778556644789752,14.079130224342208,37.865352223995444,5.9973145146619915
daily_peak_shadow,Daily_Peak_Shadow_Adjusted_Forecast_MWH,origin_18,2026-05-24 00:00:00-07:00,2026,Spring,5,384,142.90284213541665,142.82697758540982,0.07586455000685226,3.7485721224314434,2.7122607376591374,54.6875,7.556164782375437,15.636351407369517,18.478285772178253,4.881609756553936
daily_peak_shadow,Daily_Peak_Shadow_Adjusted_Forecast_MWH,origin_20,2026-05-29 00:00:00-07:00,2026,Spring,5,384,163.7729361171875,163.93472336010205,-0.16178724291456445,3.541350261310218,2.2422935325152964,45.3125,7.439480913403634,19.370217891729084,17.549825287409476,4.782985517517834
daily_peak_shadow,Daily_Peak_Shadow_Adjusted_Forecast_MWH,origin_19,2026-05-28 00:00:00-07:00,2026,Spring,5,384,158.50971714583332,158.10091556433443,0.40880158149888796,3.4311892401302195,2.181060846890961,54.947916666666664,7.627975579140705,15.714502081414082,16.543336294206682,4.6289384744428705
daily_peak_shadow,Daily_Peak_Shadow_Adjusted_Forecast_MWH,origin_14,2026-01-31 23:00:00-08:00,2026,Winter,1,384,120.6618153359375,121.19634172918107,-0.5345263932435619,3.401415631274741,2.7625848013312964,40.10416666666667,6.908749480342393,18.19724688344273,10.266290296979946,4.586896762379795
daily_peak_shadow,Daily_Peak_Shadow_Adjusted_Forecast_MWH,origin_04,2025-04-27 00:00:00-07:00,2025,Spring,4,384,121.913576171875,123.07093547145452,-1.1573592995795163,3.3587646057745943,2.661986794854153,35.41666666666667,8.897568545229433,20.9548818880626,17.03263518504653,5.0227795153449195
daily_peak_shadow,Daily_Peak_Shadow_Adjusted_Forecast_MWH,origin_11,2025-11-08 23:00:00-08:00,2025,Fall,11,384,122.29222068489582,121.78933152601724,0.5028891588785955,3.2974605448933016,2.6300352634314867,53.645833333333336,7.332337812043079,20.758640913332783,12.344611891581678,4.635978897906274
daily_peak_shadow,Daily_Peak_Shadow_Adjusted_Forecast_MWH,origin_01,2024-10-13 00:00:00-07:00,2024,Fall,10,384,116.30257716666667,114.8559974878333,1.4465796788333538,3.273445032188214,2.6562124458177814,65.10416666666666,7.448893483796647,19.656158832048447,9.247952344823716,4.760183097183461
daily_peak_shadow,Daily_Peak_Shadow_Adjusted_Forecast_MWH,origin_03,2025-03-30 00:00:00-07:00,2025,Spring,3,384,111.3258731328125,110.98925878332868,0.33661434948382324,2.8302904432260068,2.453048585126234,52.864583333333336,6.725602453964991,12.472665997194923,10.758036637233033,3.863258504828041
daily_peak_shadow,Daily_Peak_Shadow_Adjusted_Forecast_MWH,origin_15,2026-02-28 23:00:00-08:00,2026,Winter,2,384,115.88717167708334,115.18736199294891,0.6998096841344238,2.772418703098518,2.3697517803254575,57.8125,5.882864615546763,11.266637884961852,10.762638542891239,3.516916851336972
daily_peak_shadow,Daily_Peak_Shadow_Adjusted_Forecast_MWH,origin_12,2025-12-06 23:00:00-08:00,2025,Winter,12,384,139.45845884114584,139.43909915348453,0.019359687661299585,2.768274975424266,1.966063394535384,53.645833333333336,5.960940238525087,13.486042849280778,23.325456622623022,4.104212091410404
daily_peak_shadow,Daily_Peak_Shadow_Adjusted_Forecast_MWH,origin_10,2025-10-12 00:00:00-07:00,2025,Fall,10,384,118.67937204947917,117.74332624240368,0.9360458070754758,2.6089882469548167,2.183661087054058,63.541666666666664,5.38815434674089,9.862383139180963,11.091104128704046,3.3656005785195853
heat_analog_shadow,Heat_Analog_Shadow_Forecast_MWH,origin_05,2025-05-25 00:00:00-07:00,2025,Spring,5,384,153.69139593489584,149.29941651131705,4.391979423578793,5.583249258420306,3.3407992510373643,75.78125,12.983550911699057,31.80747864789592,11.313557040508101,8.200727518737674
heat_analog_shadow,Heat_Analog_Shadow_Forecast_MWH,origin_07,2025-07-20 00:00:00-07:00,2025,Summer,7,384,157.82088622916666,153.28097671455336,4.539909514613314,5.14757789490145,3.221560948903831,87.23958333333334,10.980962470739385,18.894302484551616,13.372124919901268,6.473992598506372
heat_analog_shadow,Heat_Analog_Shadow_Forecast_MWH,origin_21,2026-07-06 00:00:00-07:00,2026,Summer,7,380,185.74302035789472,185.50128334655253,0.2417370113422051,5.110678044940074,2.7829168225018353,48.421052631578945,10.82021657579952,19.64238370916715,22.224283847937414,6.508676432195711
heat_analog_shadow,Heat_Analog_Shadow_Forecast_MWH,origin_23,2026-07-20 00:00:00-07:00,2026,Summer,7,384,200.19178741406247,197.09545992046228,3.0963274936002265,5.055780106153959,2.4297737847484484,71.09375,11.916181066880432,22.400841901087688,14.794663362110725,6.886234865846703
heat_analog_shadow,Heat_Analog_Shadow_Forecast_MWH,origin_22,2026-07-07 00:00:00-07:00,2026,Summer,7,380,187.94545492105263,187.37498260612622,0.5704723149264033,4.981624676614525,2.703997362545155,52.63157894736842,10.119553708349274,19.771815571464515,19.129823117031407,6.2037914168841
heat_analog_shadow,Heat_Analog_Shadow_Forecast_MWH,origin_24,2026-07-21 00:00:00-07:00,2026,Summer,7,384,200.7955977239583,197.74851379653467,3.047083927423669,4.948942267391359,2.3085800178784686,70.3125,11.663595178277557,27.667934304564085,14.754234307735942,7.006659812218177
heat_analog_shadow,Heat_Analog_Shadow_Forecast_MWH,origin_02,2024-11-09 23:00:00-08:00,2024,Fall,11,384,116.68925462760417,112.16599729382341,4.52325733378075,4.9411121591617055,4.120326255884679,89.58333333333334,9.22284808159101,16.394624998488766,10.45888982743783,5.9020497252130335
heat_analog_shadow,Heat_Analog_Shadow_Forecast_MWH,origin_06,2025-06-22 00:00:00-07:00,2025,Summer,6,384,168.52844033593752,166.0402016857625,2.4882386501749982,4.537961854524252,2.596076052555133,70.05208333333334,9.836971111513705,20.43484424045326,16.511559767567718,6.040147452174419
heat_analog_shadow,Heat_Analog_Shadow_Forecast_MWH,origin_17,2026-04-26 00:00:00-07:00,2026,Spring,4,384,127.136992640625,125.01655893729266,2.120433703332341,4.513999858742286,3.517546982923779,69.53125,9.4440755220737,19.758120988808486,13.976591892056206,5.796777417564345
heat_analog_shadow,Heat_Analog_Shadow_Forecast_MWH,origin_08,2025-08-17 00:00:00-07:00,2025,Summer,8,384,187.771909734375,188.674718145345,-0.9028084109699885,4.217847888202774,2.4243643557629517,38.54166666666667,8.702419207008854,16.529174553766637,17.059922753194513,5.327084219579128
heat_analog_shadow,Heat_Analog_Shadow_Forecast_MWH,origin_16,2026-03-29 00:00:00-07:00,2026,Spring,3,384,120.51718188281251,120.13388781690576,0.383294065906758,4.136633908744887,3.358234503861254,54.427083333333336,9.394537984869501,17.59149362375041,20.027540191719623,5.457384663410715
heat_analog_shadow,Heat_Analog_Shadow_Forecast_MWH,origin_13,2026-01-03 23:00:00-08:00,2026,Winter,1,384,128.126853875,127.18236318000099,0.9444906949990047,3.961605360250631,3.050395290637874,61.979166666666664,9.883600320554576,20.299148048126852,18.051498805290322,5.622525814124907
heat_analog_shadow,Heat_Analog_Shadow_Forecast_MWH,origin_09,2025-09-14 00:00:00-07:00,2025,Summer,9,384,162.83103684895835,164.06544939215186,-1.234412543193521,3.7850305967462066,2.375815632649925,46.09375,7.608691864119971,14.07913022434255,37.865352223995444,5.9580939405522315
heat_analog_shadow,Heat_Analog_Shadow_Forecast_MWH,origin_18,2026-05-24 00:00:00-07:00,2026,Spring,5,384,142.90284213541665,142.82241162959352,0.08043050582315818,3.7516064311917297,2.7142654826114083,54.6875,7.557996513584909,15.636351407369517,18.484391542876494,4.890763400836396
heat_analog_shadow,Heat_Analog_Shadow_Forecast_MWH,origin_20,2026-05-29 00:00:00-07:00,2026,Spring,5,384,163.7729361171875,163.8899523214369,-0.11701620424940022,3.5662658197497237,2.252476412490187,45.83333333333333,7.531146530072792,19.370217891729084,17.549825287409476,4.810432312493191
heat_analog_shadow,Heat_Analog_Shadow_Forecast_MWH,origin_19,2026-05-28 00:00:00-07:00,2026,Spring,5,384,158.50971714583332,158.08125113088389,0.42846601494946124,3.450853349604263,2.1899687247680935,54.947916666666664,7.627975579140705,15.714502081414082,16.543336294206682,4.644727835899269
heat_analog_shadow,Heat_Analog_Shadow_Forecast_MWH,origin_14,2026-01-31 23:00:00-08:00,2026,Winter,1,384,120.6618153359375,121.19086430670677,-0.5290489707692783,3.3959382088004575,2.758967296266533,40.10416666666667,6.908728092196889,18.19724688344273,10.266290296979946,4.5817469995124815
heat_analog_shadow,Heat_Analog_Shadow_Forecast_MWH,origin_04,2025-04-27 00:00:00-07:00,2025,Spring,4,384,121.913576171875,123.06594124526946,-1.1523650733944555,3.3637045095043896,2.6651366607728355,35.41666666666667,8.897568545229433,20.9548818880626,17.03263518504653,5.025096515640033
heat_analog_shadow,Heat_Analog_Shadow_Forecast_MWH,origin_11,2025-11-08 23:00:00-08:00,2025,Fall,11,384,122.29222068489582,121.77963986522668,0.5125808196691352,3.305717007693072,2.63548023973449,54.166666666666664,7.332337812043079,20.758640913332783,12.344611891581678,4.639675061673508
heat_analog_shadow,Heat_Analog_Shadow_Forecast_MWH,origin_01,2024-10-13 00:00:00-07:00,2024,Fall,10,384,116.30257716666667,114.85837097972235,1.4442061869443066,3.271988979547267,2.65519965926607,65.10416666666666,7.448893483796647,19.656158832048447,9.247952344823716,4.759989889733116
heat_analog_shadow,Heat_Analog_Shadow_Forecast_MWH,origin_03,2025-03-30 00:00:00-07:00,2025,Spring,3,384,111.3258731328125,110.97962570197677,0.3462474308357355,2.829333824239473,2.4521914174897024,52.864583333333336,6.725602453964991,12.472665997194923,10.758036637233033,3.8624817531502447
heat_analog_shadow,Heat_Analog_Shadow_Forecast_MWH,origin_12,2025-12-06 23:00:00-08:00,2025,Winter,12,384,139.45845884114584,139.42897825378597,0.029480587359872246,2.773570131293186,1.9690745970570587,53.90625,5.960940238525087,13.486042849280778,23.325456622623022,4.105506670576214
heat_analog_shadow,Heat_Analog_Shadow_Forecast_MWH,origin_15,2026-02-28 23:00:00-08:00,2026,Winter,2,384,115.88717167708334,115.18736199294891,0.6998096841344238,2.772418703098518,2.3697517803254575,57.8125,5.882864615546763,11.266637884961852,10.762638542891239,3.516916851336972
heat_analog_shadow,Heat_Analog_Shadow_Forecast_MWH,origin_10,2025-10-12 00:00:00-07:00,2025,Fall,10,384,118.67937204947917,117.72521554246094,0.9541565070182267,2.601963916383363,2.1785883717464025,63.802083333333336,5.421925384154139,9.862383139180963,11.083616544444368,3.362962295632184
auto_residual_full_shadow,Auto_Residual_Full_Shadow_Adjusted_Forecast_MWH,origin_05,2025-05-25 00:00:00-07:00,2025,Spring,5,384,153.69139593489584,149.29211342423886,4.399282510656972,5.5904846946248155,3.344031012585449,75.78125,12.983550911699057,31.80747864789592,11.313557040508101,8.211497281965485
auto_residual_full_shadow,Auto_Residual_Full_Shadow_Adjusted_Forecast_MWH,origin_23,2026-07-20 00:00:00-07:00,2026,Summer,7,384,200.19178741406247,196.79114871670853,3.4006386973539566,5.312604404429172,2.528583749456056,71.35416666666666,12.633692725920655,22.400841901087688,14.794663362110725,7.25210357461833
auto_residual_full_shadow,Auto_Residual_Full_Shadow_Adjusted_Forecast_MWH,origin_21,2026-07-06 00:00:00-07:00,2026,Summer,7,380,185.74302035789472,185.06190534929868,0.6811150085960338,5.310677989724837,2.856632534273648,50.526315789473685,11.214659881901333,20.04608522367937,22.224283847937414,6.854002134147107
auto_residual_full_shadow,Auto_Residual_Full_Shadow_Adjusted_Forecast_MWH,origin_24,2026-07-21 00:00:00-07:00,2026,Summer,7,384,200.7955977239583,197.38501292790542,3.4105847960529143,5.169889300305754,2.3897346875375622,71.09375,12.553905908148272,27.667934304564085,14.754234307735942,7.26689544529989
auto_residual_full_shadow,Auto_Residual_Full_Shadow_Adjusted_Forecast_MWH,origin_07,2025-07-20 00:00:00-07:00,2025,Summer,7,384,157.82088622916666,153.2610092679785,4.559876961188173,5.167545341476308,3.232100301351976,87.23958333333334,11.007532747647444,18.894302484551616,13.372124919901268,6.494823187606561
auto_residual_full_shadow,Auto_Residual_Full_Shadow_Adjusted_Forecast_MWH,origin_22,2026-07-07 00:00:00-07:00,2026,Summer,7,380,187.94545492105263,187.1508595105019,0.7945954105507229,5.15102085226871,2.780037142855937,53.421052631578945,10.674655436754103,20.111650700546562,19.129823117031407,6.50506475376525
auto_residual_full_shadow,Auto_Residual_Full_Shadow_Adjusted_Forecast_MWH,origin_02,2024-11-09 23:00:00-08:00,2024,Fall,11,384,116.68925462760417,112.16803869678647,4.521215930817706,4.939619529487556,4.11927387712841,89.58333333333334,9.22284808159101,16.394624998488766,10.564254298905269,5.8994295760598
auto_residual_full_shadow,Auto_Residual_Full_Shadow_Adjusted_Forecast_MWH,origin_06,2025-06-22 00:00:00-07:00,2025,Summer,6,384,168.52844033593752,166.03430995557514,2.494130380362355,4.592993555710229,2.618258521535909,70.05208333333334,9.937093488213096,20.43484424045326,16.511559767567718,6.120229923831707
auto_residual_full_shadow,Auto_Residual_Full_Shadow_Adjusted_Forecast_MWH,origin_17,2026-04-26 00:00:00-07:00,2026,Spring,4,384,127.136992640625,125.01669702324408,2.1202956173809304,4.513861772790876,3.5174710022253426,69.53125,9.4440755220737,19.758120988808486,13.976591892056206,5.796641496447364
auto_residual_full_shadow,Auto_Residual_Full_Shadow_Adjusted_Forecast_MWH,origin_08,2025-08-17 00:00:00-07:00,2025,Summer,8,384,187.771909734375,188.70742812154694,-0.9355183871719497,4.238276259184095,2.432090063518635,38.28125,8.702419207008854,16.529174553766637,17.059922753194513,5.338821589319119
auto_residual_full_shadow,Auto_Residual_Full_Shadow_Adjusted_Forecast_MWH,origin_16,2026-03-29 00:00:00-07:00,2026,Spring,3,384,120.51718188281251,120.13388781690576,0.383294065906758,4.136633908744887,3.358234503861254,54.427083333333336,9.394537984869501,17.59149362375041,20.027540191719623,5.457384663410715
auto_residual_full_shadow,Auto_Residual_Full_Shadow_Adjusted_Forecast_MWH,origin_13,2026-01-03 23:00:00-08:00,2026,Winter,1,384,128.126853875,127.18397069390971,0.9428831810902812,3.9631696503890605,3.0515524617516614,61.979166666666664,9.883600320554576,20.299148048126852,18.051498805290322,5.623709171954019
auto_residual_full_shadow,Auto_Residual_Full_Shadow_Adjusted_Forecast_MWH,origin_09,2025-09-14 00:00:00-07:00,2025,Summer,9,384,162.83103684895835,164.13007105244307,-1.2990342034847284,3.8366308156215143,2.396120297261696,45.05208333333333,7.608691864119971,14.07913022434255,37.865352223995444,6.001318096552986
auto_residual_full_shadow,Auto_Residual_Full_Shadow_Adjusted_Forecast_MWH,origin_18,2026-05-24 00:00:00-07:00,2026,Spring,5,384,142.90284213541665,142.83191786777243,0.07092426764423077,3.7458717723239787,2.708405163053858,54.947916666666664,7.678619788186799,15.636351407369517,17.535519245886547,4.862791191838924
auto_residual_full_shadow,Auto_Residual_Full_Shadow_Adjusted_Forecast_MWH,origin_20,2026-05-29 00:00:00-07:00,2026,Spring,5,384,163.7729361171875,163.9673207518143,-0.19438463462680422,3.6009986706906894,2.267962400351669,44.79166666666667,7.7860279477668595,19.370217891729084,17.549825287409476,4.874773795308621
auto_residual_full_shadow,Auto_Residual_Full_Shadow_Adjusted_Forecast_MWH,origin_19,2026-05-28 00:00:00-07:00,2026,Spring,5,384,158.50971714583332,158.11293422974504,0.3967829160883009,3.4760775802821624,2.2016300068091357,54.947916666666664,7.59948711114274,15.714502081414082,16.543336294206682,4.667267923302649
auto_residual_full_shadow,Auto_Residual_Full_Shadow_Adjusted_Forecast_MWH,origin_14,2026-01-31 23:00:00-08:00,2026,Winter,1,384,120.6618153359375,121.19086430670677,-0.5290489707692783,3.3959382088004575,2.758967296266533,40.10416666666667,6.908728092196889,18.19724688344273,10.266290296979946,4.5817469995124815
auto_residual_full_shadow,Auto_Residual_Full_Shadow_Adjusted_Forecast_MWH,origin_04,2025-04-27 00:00:00-07:00,2025,Spring,4,384,121.913576171875,123.06673072040212,-1.1531545485271153,3.36449398463705,2.6657201463050533,35.41666666666667,8.897568545229433,20.9548818880626,17.03263518504653,5.025942180649081
auto_residual_full_shadow,Auto_Residual_Full_Shadow_Adjusted_Forecast_MWH,origin_11,2025-11-08 23:00:00-08:00,2025,Fall,11,384,122.29222068489582,121.77963986522668,0.5125808196691352,3.305717007693072,2.63548023973449,54.166666666666664,7.332337812043079,20.758640913332783,12.344611891581678,4.639675061673508
auto_residual_full_shadow,Auto_Residual_Full_Shadow_Adjusted_Forecast_MWH,origin_01,2024-10-13 00:00:00-07:00,2024,Fall,10,384,116.30257716666667,114.86519905356204,1.4373781131046377,3.274637682980261,2.6573162443218856,65.10416666666666,7.541970100767621,19.656158832048447,9.247952344823716,4.7627184271460035
auto_residual_full_shadow,Auto_Residual_Full_Shadow_Adjusted_Forecast_MWH,origin_03,2025-03-30 00:00:00-07:00,2025,Spring,3,384,111.3258731328125,110.98360120957632,0.34227192323617245,2.8306188944913018,2.4528728008705443,52.864583333333336,6.725602453964991,12.472665997194923,10.776339426705476,3.863204977471437
auto_residual_full_shadow,Auto_Residual_Full_Shadow_Adjusted_Forecast_MWH,origin_12,2025-12-06 23:00:00-08:00,2025,Winter,12,384,139.45845884114584,139.46340921475775,-0.004950373611915933,2.785509783873753,1.9768744327444032,53.90625,5.960940238525087,13.486042849280778,23.47142861431726,4.12460827134314
auto_residual_full_shadow,Auto_Residual_Full_Shadow_Adjusted_Forecast_MWH,origin_15,2026-02-28 23:00:00-08:00,2026,Winter,2,384,115.88717167708334,115.18736199294891,0.6998096841344238,2.772418703098518,2.3697517803254575,57.8125,5.882864615546763,11.266637884961852,10.762638542891239,3.516916851336972
auto_residual_full_shadow,Auto_Residual_Full_Shadow_Adjusted_Forecast_MWH,origin_10,2025-10-12 00:00:00-07:00,2025,Fall,10,384,118.67937204947917,117.72822023706784,0.9511518124113257,2.603719478315008,2.179736992956026,63.802083333333336,5.421925384154139,9.862383139180963,11.083616544444368,3.363335727912781
auto_residual_structural_hot_peak_shadow,Auto_Residual_Structural_HotPeak_Adjusted_Forecast_MWH,origin_05,2025-05-25 00:00:00-07:00,2025,Spring,5,384,153.69139593489584,149.32050483505188,4.37089109984395,5.587560181769592,3.359738928919194,75.78125,13.44616860740498,31.746403896218908,11.313557040508101,8.178222415417329
auto_residual_structural_hot_peak_shadow,Auto_Residual_Structural_HotPeak_Adjusted_Forecast_MWH,origin_23,2026-07-20 00:00:00-07:00,2026,Summer,7,384,200.19178741406247,196.4275555105598,3.764231903502696,5.509795863806278,2.6123747500949572,75.26041666666666,13.00903954739334,22.400841901087688,14.794663362110725,7.432388559239071
auto_residual_structural_hot_peak_shadow,Auto_Residual_Structural_HotPeak_Adjusted_Forecast_MWH,origin_21,2026-07-06 00:00:00-07:00,2026,Summer,7,380,185.74302035789472,184.74196012028256,1.001060237612178,5.3308982570323025,2.861274788184148,51.84210526315789,11.271019726992353,20.65559703981023,22.224283847937414,6.892218083636588
auto_residual_structural_hot_peak_shadow,Auto_Residual_Structural_HotPeak_Adjusted_Forecast_MWH,origin_24,2026-07-21 00:00:00-07:00,2026,Summer,7,384,200.7955977239583,197.1158358701338,3.6797618538245387,5.287685683343639,2.4324691834082235,75.52083333333334,12.621848733279386,27.667934304564085,14.198516627533479,7.362466422021251
auto_residual_structural_hot_peak_shadow,Auto_Residual_Structural_HotPeak_Adjusted_Forecast_MWH,origin_22,2026-07-07 00:00:00-07:00,2026,Summer,7,380,187.94545492105263,186.90389248353267,1.0415624375199632,5.206893511768723,2.801241288571933,53.94736842105263,10.616582142525438,20.56801070487188,18.725103053573662,6.550206975234919
auto_residual_structural_hot_peak_shadow,Auto_Residual_Structural_HotPeak_Adjusted_Forecast_MWH,origin_07,2025-07-20 00:00:00-07:00,2025,Summer,7,384,157.82088622916666,153.36941354642929,4.451472682737364,5.090527376850743,3.19086620623427,88.28125,11.219536188249387,18.894302484551616,14.22777827759677,6.457085620849991
auto_residual_structural_hot_peak_shadow,Auto_Residual_Structural_HotPeak_Adjusted_Forecast_MWH,origin_02,2024-11-09 23:00:00-08:00,2024,Fall,11,384,116.68925462760417,112.17554668596632,4.513707941637834,4.940783098465453,4.113150541560812,89.84375,9.356952540714355,16.161502418116427,9.45888982743783,5.8955524514354325
auto_residual_structural_hot_peak_shadow,Auto_Residual_Structural_HotPeak_Adjusted_Forecast_MWH,origin_17,2026-04-26 00:00:00-07:00,2026,Spring,4,384,127.136992640625,124.87886052075675,2.2581321198682507,4.615344664310805,3.5956798513976547,69.79166666666666,9.81689807467219,19.758120988808486,13.442531035702672,5.907270679703379
auto_residual_structural_hot_peak_shadow,Auto_Residual_Structural_HotPeak_Adjusted_Forecast_MWH,origin_06,2025-06-22 00:00:00-07:00,2025,Summer,6,384,168.52844033593752,165.92594783927564,2.6024924966618594,4.571021737416366,2.6137329069628876,68.75,10.039663446678723,20.43484424045326,16.109028416513183,6.102603460316086
auto_residual_structural_hot_peak_shadow,Auto_Residual_Structural_HotPeak_Adjusted_Forecast_MWH,origin_08,2025-08-17 00:00:00-07:00,2025,Summer,8,384,187.771909734375,188.6017214770436,-0.829811742668593,4.1584973977631465,2.3975379664111443,37.5,8.519069143629856,17.063999320841987,16.961836684786732,5.296014420734557
auto_residual_structural_hot_peak_shadow,Auto_Residual_Structural_HotPeak_Adjusted_Forecast_MWH,origin_13,2026-01-03 23:00:00-08:00,2026,Winter,1,384,128.126853875,126.83058575622118,1.2962681187788243,4.108392175741841,3.1561746713922276,67.1875,9.651978064757408,20.166206820290228,17.71440776609103,5.681606978743482
auto_residual_structural_hot_peak_shadow,Auto_Residual_Structural_HotPeak_Adjusted_Forecast_MWH,origin_16,2026-03-29 00:00:00-07:00,2026,Spring,3,384,120.51718188281251,120.08285376882982,0.4343281139826758,4.085284156712542,3.323712849531583,54.427083333333336,9.167765801030882,17.703815738982485,19.77569278705164,5.397179539490022
auto_residual_structural_hot_peak_shadow,Auto_Residual_Structural_HotPeak_Adjusted_Forecast_MWH,origin_18,2026-05-24 00:00:00-07:00,2026,Spring,5,384,142.90284213541665,142.71350656152637,0.18933557389028458,3.8784691813400456,2.8248954254272594,56.510416666666664,7.740505474755038,15.636351407369517,19.484391542876494,5.049125274176209
auto_residual_structural_hot_peak_shadow,Auto_Residual_Structural_HotPeak_Adjusted_Forecast_MWH,origin_09,2025-09-14 00:00:00-07:00,2025,Summer,9,384,162.83103684895835,164.1986842850131,-1.3676474360547546,3.839179410672271,2.3997322436861652,43.75,7.481682554421431,12.356043699016595,37.385611681753204,5.93986996271946
auto_residual_structural_hot_peak_shadow,Auto_Residual_Structural_HotPeak_Adjusted_Forecast_MWH,origin_20,2026-05-29 00:00:00-07:00,2026,Spring,5,384,163.7729361171875,163.7264007610776,0.04653535610988183,3.55396170959417,2.2526167113988858,48.17708333333333,7.5088966529892245,19.19787173777638,17.244377554596355,4.801172273781598
auto_residual_structural_hot_peak_shadow,Auto_Residual_Structural_HotPeak_Adjusted_Forecast_MWH,origin_19,2026-05-28 00:00:00-07:00,2026,Spring,5,384,158.50971714583332,157.91410568210162,0.5956114637317071,3.5099600813675367,2.254136432925192,58.072916666666664,7.580410879097998,15.596766196432071,16.223393101801463,4.709628549713162
auto_residual_structural_hot_peak_shadow,Auto_Residual_Structural_HotPeak_Adjusted_Forecast_MWH,origin_11,2025-11-08 23:00:00-08:00,2025,Fall,11,384,122.29222068489582,121.5564239076947,0.7357967772011452,3.356041303381956,2.672837278273659,57.03125,7.200596339232439,20.853621924515878,12.284321148525152,4.653926120005725
auto_residual_structural_hot_peak_shadow,Auto_Residual_Structural_HotPeak_Adjusted_Forecast_MWH,origin_14,2026-01-31 23:00:00-08:00,2026,Winter,1,384,120.6618153359375,121.11000926451486,-0.4481939285773516,3.347330037995022,2.715521029821073,41.14583333333333,6.750877271321764,18.409319879757646,10.170874663531862,4.53774967862729
auto_residual_structural_hot_peak_shadow,Auto_Residual_Structural_HotPeak_Adjusted_Forecast_MWH,origin_04,2025-04-27 00:00:00-07:00,2025,Spring,4,384,121.913576171875,123.07789057238016,-1.1643144005051582,3.3122701264618204,2.6266344982563123,35.9375,8.795271112451433,20.648455424439263,16.839857510284816,4.972560992739439
auto_residual_structural_hot_peak_shadow,Auto_Residual_Structural_HotPeak_Adjusted_Forecast_MWH,origin_01,2024-10-13 00:00:00-07:00,2024,Fall,10,384,116.30257716666667,114.71528028373645,1.5872968829302059,3.2497369045945543,2.630155530476513,64.58333333333334,7.409928439648565,19.955383004663133,9.575091994108845,4.743255064056864
auto_residual_structural_hot_peak_shadow,Auto_Residual_Structural_HotPeak_Adjusted_Forecast_MWH,origin_12,2025-12-06 23:00:00-08:00,2025,Winter,12,384,139.45845884114584,139.05365600574675,0.40480283539909495,2.8589411790946593,2.0186474186666254,58.072916666666664,6.1042228677188115,12.896357670318622,22.63092474612432,4.124032555835813
auto_residual_structural_hot_peak_shadow,Auto_Residual_Structural_HotPeak_Adjusted_Forecast_MWH,origin_15,2026-02-28 23:00:00-08:00,2026,Winter,2,384,115.88717167708334,115.10712792107735,0.7800437560059746,2.834502103778996,2.420658632444347,57.291666666666664,6.168691394212338,10.60310441028443,10.66149030473349,3.5865046904084137
auto_residual_structural_hot_peak_shadow,Auto_Residual_Structural_HotPeak_Adjusted_Forecast_MWH,origin_03,2025-03-30 00:00:00-07:00,2025,Spring,3,384,111.3258731328125,110.7380416813105,0.5878314515020018,2.8148071044140757,2.4441917208846013,54.947916666666664,6.674746581860146,12.28544738168614,9.758036637233033,3.822569571555179
auto_residual_structural_hot_peak_shadow,Auto_Residual_Structural_HotPeak_Adjusted_Forecast_MWH,origin_10,2025-10-12 00:00:00-07:00,2025,Fall,10,384,118.67937204947917,117.47122741656524,1.2081446329139267,2.6807258129197398,2.2371179990751853,68.48958333333334,5.39338182091393,9.662495301270397,11.022624148807836,3.4289238612394453
auto_residual_broad_hot_peak_shadow,Auto_Residual_Broad_HotPeak_Shadow_Adjusted_Forecast_MWH,origin_05,2025-05-25 00:00:00-07:00,2025,Spring,5,384,153.69139593489584,149.32050483505188,4.37089109984395,5.587560181769592,3.359738928919194,75.78125,13.44616860740498,31.746403896218908,11.313557040508101,8.178222415417329
auto_residual_broad_hot_peak_shadow,Auto_Residual_Broad_HotPeak_Shadow_Adjusted_Forecast_MWH,origin_23,2026-07-20 00:00:00-07:00,2026,Summer,7,384,200.19178741406247,196.5761165437207,3.615670870341791,5.408171097901193,2.5804409015601757,74.47916666666666,13.006095634795562,22.400841901087688,14.794663362110725,7.3324825359638135
auto_residual_broad_hot_peak_shadow,Auto_Residual_Broad_HotPeak_Shadow_Adjusted_Forecast_MWH,origin_21,2026-07-06 00:00:00-07:00,2026,Summer,7,380,185.74302035789472,184.77422903545738,0.968791322437348,5.298629341857473,2.851074153116267,51.84210526315789,11.271019726992353,20.04608522367937,22.224283847937414,6.8540118817678595
auto_residual_broad_hot_peak_shadow,Auto_Residual_Broad_HotPeak_Shadow_Adjusted_Forecast_MWH,origin_24,2026-07-21 00:00:00-07:00,2026,Summer,7,384,200.7955977239583,197.24751602394971,3.5480817000086105,5.215777935328424,2.4099921360473053,73.69791666666666,12.621848733279386,27.667934304564085,14.198516627533479,7.326178390914735
auto_residual_broad_hot_peak_shadow,Auto_Residual_Broad_HotPeak_Shadow_Adjusted_Forecast_MWH,origin_07,2025-07-20 00:00:00-07:00,2025,Summer,7,384,157.82088622916666,153.25346280735326,4.567423421813422,5.17564635650247,3.228581143558175,88.28125,11.219536188249387,18.894302484551616,13.372124919901268,6.546378604302877
auto_residual_broad_hot_peak_shadow,Auto_Residual_Broad_HotPeak_Shadow_Adjusted_Forecast_MWH,origin_22,2026-07-07 00:00:00-07:00,2026,Summer,7,380,187.94545492105263,186.9604972919616,0.9849576290910637,5.155538313800503,2.7845516286186256,53.68421052631579,10.616582142525438,20.56801070487188,18.725103053573662,6.490730670975826
auto_residual_broad_hot_peak_shadow,Auto_Residual_Broad_HotPeak_Shadow_Adjusted_Forecast_MWH,origin_02,2024-11-09 23:00:00-08:00,2024,Fall,11,384,116.68925462760417,112.17554668596632,4.513707941637834,4.940783098465453,4.113150541560812,89.84375,9.356952540714355,16.161502418116427,9.45888982743783,5.8955524514354325
auto_residual_broad_hot_peak_shadow,Auto_Residual_Broad_HotPeak_Shadow_Adjusted_Forecast_MWH,origin_17,2026-04-26 00:00:00-07:00,2026,Spring,4,384,127.136992640625,124.87886052075675,2.2581321198682507,4.615344664310805,3.5956798513976547,69.79166666666666,9.81689807467219,19.758120988808486,13.442531035702672,5.907270679703379
auto_residual_broad_hot_peak_shadow,Auto_Residual_Broad_HotPeak_Shadow_Adjusted_Forecast_MWH,origin_06,2025-06-22 00:00:00-07:00,2025,Summer,6,384,168.52844033593752,165.98236037574483,2.546079960192669,4.572903285147212,2.6119505434042103,68.75,10.039663446678723,20.43484424045326,16.109028416513183,6.0953047058942245
auto_residual_broad_hot_peak_shadow,Auto_Residual_Broad_HotPeak_Shadow_Adjusted_Forecast_MWH,origin_08,2025-08-17 00:00:00-07:00,2025,Summer,8,384,187.771909734375,188.50339519150268,-0.7314854571276787,4.194905454428928,2.409938559952136,39.0625,8.649257176080075,17.063999320841987,16.961836684786732,5.325002902124766
auto_residual_broad_hot_peak_shadow,Auto_Residual_Broad_HotPeak_Shadow_Adjusted_Forecast_MWH,origin_13,2026-01-03 23:00:00-08:00,2026,Winter,1,384,128.126853875,126.83058575622118,1.2962681187788243,4.108392175741841,3.1561746713922276,67.1875,9.651978064757408,20.166206820290228,17.71440776609103,5.681606978743482
auto_residual_broad_hot_peak_shadow,Auto_Residual_Broad_HotPeak_Shadow_Adjusted_Forecast_MWH,origin_16,2026-03-29 00:00:00-07:00,2026,Spring,3,384,120.51718188281251,120.08285376882982,0.4343281139826758,4.085284156712542,3.323712849531583,54.427083333333336,9.167765801030882,17.703815738982485,19.77569278705164,5.397179539490022
auto_residual_broad_hot_peak_shadow,Auto_Residual_Broad_HotPeak_Shadow_Adjusted_Forecast_MWH,origin_18,2026-05-24 00:00:00-07:00,2026,Spring,5,384,142.90284213541665,142.71350656152637,0.18933557389028458,3.8784691813400456,2.8248954254272594,56.510416666666664,7.740505474755038,15.636351407369517,19.484391542876494,5.049125274176209
auto_residual_broad_hot_peak_shadow,Auto_Residual_Broad_HotPeak_Shadow_Adjusted_Forecast_MWH,origin_09,2025-09-14 00:00:00-07:00,2025,Summer,9,384,162.83103684895835,164.09044178810254,-1.2594049391442201,3.8110770634047406,2.3881090232867224,44.79166666666667,7.518315897168229,14.07913022434255,37.385611681753204,5.892419190077219
auto_residual_broad_hot_peak_shadow,Auto_Residual_Broad_HotPeak_Shadow_Adjusted_Forecast_MWH,origin_20,2026-05-29 00:00:00-07:00,2026,Spring,5,384,163.7729361171875,163.7264007610776,0.04653535610988183,3.55396170959417,2.2526167113988858,48.17708333333333,7.5088966529892245,19.19787173777638,17.244377554596355,4.801172273781598
auto_residual_broad_hot_peak_shadow,Auto_Residual_Broad_HotPeak_Shadow_Adjusted_Forecast_MWH,origin_19,2026-05-28 00:00:00-07:00,2026,Spring,5,384,158.50971714583332,157.91410568210162,0.5956114637317071,3.5099600813675367,2.254136432925192,58.072916666666664,7.580410879097998,15.596766196432071,16.223393101801463,4.709628549713162
auto_residual_broad_hot_peak_shadow,Auto_Residual_Broad_HotPeak_Shadow_Adjusted_Forecast_MWH,origin_11,2025-11-08 23:00:00-08:00,2025,Fall,11,384,122.29222068489582,121.5564239076947,0.7357967772011452,3.356041303381956,2.672837278273659,57.03125,7.200596339232439,20.853621924515878,12.284321148525152,4.653926120005725
auto_residual_broad_hot_peak_shadow,Auto_Residual_Broad_HotPeak_Shadow_Adjusted_Forecast_MWH,origin_14,2026-01-31 23:00:00-08:00,2026,Winter,1,384,120.6618153359375,121.11000926451486,-0.4481939285773516,3.347330037995022,2.715521029821073,41.14583333333333,6.750877271321764,18.409319879757646,10.170874663531862,4.53774967862729
auto_residual_broad_hot_peak_shadow,Auto_Residual_Broad_HotPeak_Shadow_Adjusted_Forecast_MWH,origin_04,2025-04-27 00:00:00-07:00,2025,Spring,4,384,121.913576171875,123.07789057238016,-1.1643144005051582,3.3122701264618204,2.6266344982563123,35.9375,8.795271112451433,20.648455424439263,16.839857510284816,4.972560992739439
auto_residual_broad_hot_peak_shadow,Auto_Residual_Broad_HotPeak_Shadow_Adjusted_Forecast_MWH,origin_01,2024-10-13 00:00:00-07:00,2024,Fall,10,384,116.30257716666667,114.71528028373645,1.5872968829302059,3.2497369045945543,2.630155530476513,64.58333333333334,7.409928439648565,19.955383004663133,9.575091994108845,4.743255064056864
auto_residual_broad_hot_peak_shadow,Auto_Residual_Broad_HotPeak_Shadow_Adjusted_Forecast_MWH,origin_12,2025-12-06 23:00:00-08:00,2025,Winter,12,384,139.45845884114584,139.05365600574675,0.40480283539909495,2.8589411790946593,2.0186474186666254,58.072916666666664,6.1042228677188115,12.896357670318622,22.63092474612432,4.124032555835813
auto_residual_broad_hot_peak_shadow,Auto_Residual_Broad_HotPeak_Shadow_Adjusted_Forecast_MWH,origin_15,2026-02-28 23:00:00-08:00,2026,Winter,2,384,115.88717167708334,115.10712792107735,0.7800437560059746,2.834502103778996,2.420658632444347,57.291666666666664,6.168691394212338,10.60310441028443,10.66149030473349,3.5865046904084137
auto_residual_broad_hot_peak_shadow,Auto_Residual_Broad_HotPeak_Shadow_Adjusted_Forecast_MWH,origin_03,2025-03-30 00:00:00-07:00,2025,Spring,3,384,111.3258731328125,110.7380416813105,0.5878314515020018,2.8148071044140757,2.4441917208846013,54.947916666666664,6.674746581860146,12.28544738168614,9.758036637233033,3.822569571555179
auto_residual_broad_hot_peak_shadow,Auto_Residual_Broad_HotPeak_Shadow_Adjusted_Forecast_MWH,origin_10,2025-10-12 00:00:00-07:00,2025,Fall,10,384,118.67937204947917,117.47122741656524,1.2081446329139267,2.6807258129197398,2.2371179990751853,68.48958333333334,5.39338182091393,9.662495301270397,11.022624148807836,3.4289238612394453
hot_ramp_peak_shadow,Hot_Ramp_Peak_Shadow_Forecast_MWH,origin_05,2025-05-25 00:00:00-07:00,2025,Spring,5,384,153.69139593489584,149.29941651131705,4.391979423578793,5.583249258420306,3.3407992510373643,75.78125,12.983550911699057,31.80747864789592,11.313557040508101,8.200727518737674
hot_ramp_peak_shadow,Hot_Ramp_Peak_Shadow_Forecast_MWH,origin_07,2025-07-20 00:00:00-07:00,2025,Summer,7,384,157.82088622916666,153.28097671455336,4.539909514613314,5.14757789490145,3.221560948903831,87.23958333333334,10.980962470739385,18.894302484551616,13.372124919901268,6.473992598506372
hot_ramp_peak_shadow,Hot_Ramp_Peak_Shadow_Forecast_MWH,origin_21,2026-07-06 00:00:00-07:00,2026,Summer,7,380,185.74302035789472,185.50128334655253,0.2417370113422051,5.110678044940074,2.7829168225018353,48.421052631578945,10.82021657579952,19.64238370916715,22.224283847937414,6.508676432195711
hot_ramp_peak_shadow,Hot_Ramp_Peak_Shadow_Forecast_MWH,origin_23,2026-07-20 00:00:00-07:00,2026,Summer,7,384,200.19178741406247,197.09545992046228,3.0963274936002265,5.055780106153959,2.4297737847484484,71.09375,11.916181066880432,22.400841901087688,14.794663362110725,6.886234865846703
hot_ramp_peak_shadow,Hot_Ramp_Peak_Shadow_Forecast_MWH,origin_22,2026-07-07 00:00:00-07:00,2026,Summer,7,380,187.94545492105263,187.37498260612622,0.5704723149264033,4.981624676614525,2.703997362545155,52.63157894736842,10.119553708349274,19.771815571464515,19.129823117031407,6.2037914168841
hot_ramp_peak_shadow,Hot_Ramp_Peak_Shadow_Forecast_MWH,origin_24,2026-07-21 00:00:00-07:00,2026,Summer,7,384,200.7955977239583,197.74851379653467,3.047083927423669,4.948942267391359,2.3085800178784686,70.3125,11.663595178277557,27.667934304564085,14.754234307735942,7.006659812218177
hot_ramp_peak_shadow,Hot_Ramp_Peak_Shadow_Forecast_MWH,origin_02,2024-11-09 23:00:00-08:00,2024,Fall,11,384,116.68925462760417,112.16599729382341,4.52325733378075,4.9411121591617055,4.120326255884679,89.58333333333334,9.22284808159101,16.394624998488766,10.45888982743783,5.9020497252130335
hot_ramp_peak_shadow,Hot_Ramp_Peak_Shadow_Forecast_MWH,origin_06,2025-06-22 00:00:00-07:00,2025,Summer,6,384,168.52844033593752,166.0402016857625,2.4882386501749982,4.537961854524252,2.596076052555133,70.05208333333334,9.836971111513705,20.43484424045326,16.511559767567718,6.040147452174419
hot_ramp_peak_shadow,Hot_Ramp_Peak_Shadow_Forecast_MWH,origin_17,2026-04-26 00:00:00-07:00,2026,Spring,4,384,127.136992640625,125.01655893729266,2.120433703332341,4.513999858742286,3.517546982923779,69.53125,9.4440755220737,19.758120988808486,13.976591892056206,5.796777417564345
hot_ramp_peak_shadow,Hot_Ramp_Peak_Shadow_Forecast_MWH,origin_08,2025-08-17 00:00:00-07:00,2025,Summer,8,384,187.771909734375,188.674718145345,-0.9028084109699885,4.217847888202774,2.4243643557629517,38.54166666666667,8.702419207008854,16.529174553766637,17.059922753194513,5.327084219579128
hot_ramp_peak_shadow,Hot_Ramp_Peak_Shadow_Forecast_MWH,origin_16,2026-03-29 00:00:00-07:00,2026,Spring,3,384,120.51718188281251,120.13388781690576,0.383294065906758,4.136633908744887,3.358234503861254,54.427083333333336,9.394537984869501,17.59149362375041,20.027540191719623,5.457384663410715
hot_ramp_peak_shadow,Hot_Ramp_Peak_Shadow_Forecast_MWH,origin_13,2026-01-03 23:00:00-08:00,2026,Winter,1,384,128.126853875,127.18236318000099,0.9444906949990047,3.961605360250631,3.050395290637874,61.979166666666664,9.883600320554576,20.299148048126852,18.051498805290322,5.622525814124907
hot_ramp_peak_shadow,Hot_Ramp_Peak_Shadow_Forecast_MWH,origin_09,2025-09-14 00:00:00-07:00,2025,Summer,9,384,162.83103684895835,164.06544939215186,-1.234412543193521,3.7850305967462066,2.375815632649925,46.09375,7.608691864119971,14.07913022434255,37.865352223995444,5.9580939405522315
hot_ramp_peak_shadow,Hot_Ramp_Peak_Shadow_Forecast_MWH,origin_18,2026-05-24 00:00:00-07:00,2026,Spring,5,384,142.90284213541665,142.82241162959352,0.08043050582315818,3.7516064311917297,2.7142654826114083,54.6875,7.557996513584909,15.636351407369517,18.484391542876494,4.890763400836396
hot_ramp_peak_shadow,Hot_Ramp_Peak_Shadow_Forecast_MWH,origin_20,2026-05-29 00:00:00-07:00,2026,Spring,5,384,163.7729361171875,163.8899523214369,-0.11701620424940022,3.5662658197497237,2.252476412490187,45.83333333333333,7.531146530072792,19.370217891729084,17.549825287409476,4.810432312493191
hot_ramp_peak_shadow,Hot_Ramp_Peak_Shadow_Forecast_MWH,origin_19,2026-05-28 00:00:00-07:00,2026,Spring,5,384,158.50971714583332,158.08125113088389,0.42846601494946124,3.450853349604263,2.1899687247680935,54.947916666666664,7.627975579140705,15.714502081414082,16.543336294206682,4.644727835899269
hot_ramp_peak_shadow,Hot_Ramp_Peak_Shadow_Forecast_MWH,origin_14,2026-01-31 23:00:00-08:00,2026,Winter,1,384,120.6618153359375,121.19086430670677,-0.5290489707692783,3.3959382088004575,2.758967296266533,40.10416666666667,6.908728092196889,18.19724688344273,10.266290296979946,4.5817469995124815
hot_ramp_peak_shadow,Hot_Ramp_Peak_Shadow_Forecast_MWH,origin_04,2025-04-27 00:00:00-07:00,2025,Spring,4,384,121.913576171875,123.06594124526946,-1.1523650733944555,3.3637045095043896,2.6651366607728355,35.41666666666667,8.897568545229433,20.9548818880626,17.03263518504653,5.025096515640033
hot_ramp_peak_shadow,Hot_Ramp_Peak_Shadow_Forecast_MWH,origin_11,2025-11-08 23:00:00-08:00,2025,Fall,11,384,122.29222068489582,121.77963986522668,0.5125808196691352,3.305717007693072,2.63548023973449,54.166666666666664,7.332337812043079,20.758640913332783,12.344611891581678,4.639675061673508
hot_ramp_peak_shadow,Hot_Ramp_Peak_Shadow_Forecast_MWH,origin_01,2024-10-13 00:00:00-07:00,2024,Fall,10,384,116.30257716666667,114.85837097972235,1.4442061869443066,3.271988979547267,2.65519965926607,65.10416666666666,7.448893483796647,19.656158832048447,9.247952344823716,4.759989889733116
hot_ramp_peak_shadow,Hot_Ramp_Peak_Shadow_Forecast_MWH,origin_03,2025-03-30 00:00:00-07:00,2025,Spring,3,384,111.3258731328125,110.97962570197677,0.3462474308357355,2.829333824239473,2.4521914174897024,52.864583333333336,6.725602453964991,12.472665997194923,10.758036637233033,3.8624817531502447
hot_ramp_peak_shadow,Hot_Ramp_Peak_Shadow_Forecast_MWH,origin_12,2025-12-06 23:00:00-08:00,2025,Winter,12,384,139.45845884114584,139.42897825378597,0.029480587359872246,2.773570131293186,1.9690745970570587,53.90625,5.960940238525087,13.486042849280778,23.325456622623022,4.105506670576214
hot_ramp_peak_shadow,Hot_Ramp_Peak_Shadow_Forecast_MWH,origin_15,2026-02-28 23:00:00-08:00,2026,Winter,2,384,115.88717167708334,115.18736199294891,0.6998096841344238,2.772418703098518,2.3697517803254575,57.8125,5.882864615546763,11.266637884961852,10.762638542891239,3.516916851336972
hot_ramp_peak_shadow,Hot_Ramp_Peak_Shadow_Forecast_MWH,origin_10,2025-10-12 00:00:00-07:00,2025,Fall,10,384,118.67937204947917,117.72521554246094,0.9541565070182267,2.601963916383363,2.1785883717464025,63.802083333333336,5.421925384154139,9.862383139180963,11.083616544444368,3.362962295632184
heat_persistence_peak_shadow,Heat_Persistence_Peak_Shadow_Forecast_MWH,origin_05,2025-05-25 00:00:00-07:00,2025,Spring,5,384,153.69139593489584,149.29941651131705,4.391979423578793,5.583249258420306,3.3407992510373643,75.78125,12.983550911699057,31.80747864789592,11.313557040508101,8.200727518737674
heat_persistence_peak_shadow,Heat_Persistence_Peak_Shadow_Forecast_MWH,origin_07,2025-07-20 00:00:00-07:00,2025,Summer,7,384,157.82088622916666,153.28097671455336,4.539909514613314,5.14757789490145,3.221560948903831,87.23958333333334,10.980962470739385,18.894302484551616,13.372124919901268,6.473992598506372
heat_persistence_peak_shadow,Heat_Persistence_Peak_Shadow_Forecast_MWH,origin_21,2026-07-06 00:00:00-07:00,2026,Summer,7,380,185.74302035789472,185.50128334655253,0.2417370113422051,5.110678044940074,2.7829168225018353,48.421052631578945,10.82021657579952,19.64238370916715,22.224283847937414,6.508676432195711
heat_persistence_peak_shadow,Heat_Persistence_Peak_Shadow_Forecast_MWH,origin_23,2026-07-20 00:00:00-07:00,2026,Summer,7,384,200.19178741406247,197.09545992046228,3.0963274936002265,5.055780106153959,2.4297737847484484,71.09375,11.916181066880432,22.400841901087688,14.794663362110725,6.886234865846703
heat_persistence_peak_shadow,Heat_Persistence_Peak_Shadow_Forecast_MWH,origin_22,2026-07-07 00:00:00-07:00,2026,Summer,7,380,187.94545492105263,187.37498260612622,0.5704723149264033,4.981624676614525,2.703997362545155,52.63157894736842,10.119553708349274,19.771815571464515,19.129823117031407,6.2037914168841
heat_persistence_peak_shadow,Heat_Persistence_Peak_Shadow_Forecast_MWH,origin_24,2026-07-21 00:00:00-07:00,2026,Summer,7,384,200.7955977239583,197.74851379653467,3.047083927423669,4.948942267391359,2.3085800178784686,70.3125,11.663595178277557,27.667934304564085,14.754234307735942,7.006659812218177
heat_persistence_peak_shadow,Heat_Persistence_Peak_Shadow_Forecast_MWH,origin_02,2024-11-09 23:00:00-08:00,2024,Fall,11,384,116.68925462760417,112.16599729382341,4.52325733378075,4.9411121591617055,4.120326255884679,89.58333333333334,9.22284808159101,16.394624998488766,10.45888982743783,5.9020497252130335
heat_persistence_peak_shadow,Heat_Persistence_Peak_Shadow_Forecast_MWH,origin_06,2025-06-22 00:00:00-07:00,2025,Summer,6,384,168.52844033593752,166.0402016857625,2.4882386501749982,4.537961854524252,2.596076052555133,70.05208333333334,9.836971111513705,20.43484424045326,16.511559767567718,6.040147452174419
heat_persistence_peak_shadow,Heat_Persistence_Peak_Shadow_Forecast_MWH,origin_17,2026-04-26 00:00:00-07:00,2026,Spring,4,384,127.136992640625,125.01655893729266,2.120433703332341,4.513999858742286,3.517546982923779,69.53125,9.4440755220737,19.758120988808486,13.976591892056206,5.796777417564345
heat_persistence_peak_shadow,Heat_Persistence_Peak_Shadow_Forecast_MWH,origin_08,2025-08-17 00:00:00-07:00,2025,Summer,8,384,187.771909734375,188.71237120768203,-0.9404614733070034,4.227069825865759,2.4271662254099637,38.54166666666667,8.727231437737553,16.529174553766637,17.059922753194513,5.33825604483989
heat_persistence_peak_shadow,Heat_Persistence_Peak_Shadow_Forecast_MWH,origin_16,2026-03-29 00:00:00-07:00,2026,Spring,3,384,120.51718188281251,120.13388781690576,0.383294065906758,4.136633908744887,3.358234503861254,54.427083333333336,9.394537984869501,17.59149362375041,20.027540191719623,5.457384663410715
heat_persistence_peak_shadow,Heat_Persistence_Peak_Shadow_Forecast_MWH,origin_13,2026-01-03 23:00:00-08:00,2026,Winter,1,384,128.126853875,127.18236318000099,0.9444906949990047,3.961605360250631,3.050395290637874,61.979166666666664,9.883600320554576,20.299148048126852,18.051498805290322,5.622525814124907
heat_persistence_peak_shadow,Heat_Persistence_Peak_Shadow_Forecast_MWH,origin_09,2025-09-14 00:00:00-07:00,2025,Summer,9,384,162.83103684895835,164.06544939215186,-1.234412543193521,3.7850305967462066,2.375815632649925,46.09375,7.608691864119971,14.07913022434255,37.865352223995444,5.9580939405522315
heat_persistence_peak_shadow,Heat_Persistence_Peak_Shadow_Forecast_MWH,origin_18,2026-05-24 00:00:00-07:00,2026,Spring,5,384,142.90284213541665,142.82241162959352,0.08043050582315818,3.7516064311917297,2.7142654826114083,54.6875,7.557996513584909,15.636351407369517,18.484391542876494,4.890763400836396
heat_persistence_peak_shadow,Heat_Persistence_Peak_Shadow_Forecast_MWH,origin_20,2026-05-29 00:00:00-07:00,2026,Spring,5,384,163.7729361171875,163.8899523214369,-0.11701620424940022,3.5662658197497237,2.252476412490187,45.83333333333333,7.531146530072792,19.370217891729084,17.549825287409476,4.810432312493191
heat_persistence_peak_shadow,Heat_Persistence_Peak_Shadow_Forecast_MWH,origin_19,2026-05-28 00:00:00-07:00,2026,Spring,5,384,158.50971714583332,158.08125113088389,0.42846601494946124,3.450853349604263,2.1899687247680935,54.947916666666664,7.627975579140705,15.714502081414082,16.543336294206682,4.644727835899269
heat_persistence_peak_shadow,Heat_Persistence_Peak_Shadow_Forecast_MWH,origin_14,2026-01-31 23:00:00-08:00,2026,Winter,1,384,120.6618153359375,121.19086430670677,-0.5290489707692783,3.3959382088004575,2.758967296266533,40.10416666666667,6.908728092196889,18.19724688344273,10.266290296979946,4.5817469995124815
heat_persistence_peak_shadow,Heat_Persistence_Peak_Shadow_Forecast_MWH,origin_04,2025-04-27 00:00:00-07:00,2025,Spring,4,384,121.913576171875,123.06594124526946,-1.1523650733944555,3.3637045095043896,2.6651366607728355,35.41666666666667,8.897568545229433,20.9548818880626,17.03263518504653,5.025096515640033
heat_persistence_peak_shadow,Heat_Persistence_Peak_Shadow_Forecast_MWH,origin_11,2025-11-08 23:00:00-08:00,2025,Fall,11,384,122.29222068489582,121.77963986522668,0.5125808196691352,3.305717007693072,2.63548023973449,54.166666666666664,7.332337812043079,20.758640913332783,12.344611891581678,4.639675061673508
heat_persistence_peak_shadow,Heat_Persistence_Peak_Shadow_Forecast_MWH,origin_01,2024-10-13 00:00:00-07:00,2024,Fall,10,384,116.30257716666667,114.85837097972235,1.4442061869443066,3.271988979547267,2.65519965926607,65.10416666666666,7.448893483796647,19.656158832048447,9.247952344823716,4.759989889733116
heat_persistence_peak_shadow,Heat_Persistence_Peak_Shadow_Forecast_MWH,origin_03,2025-03-30 00:00:00-07:00,2025,Spring,3,384,111.3258731328125,110.97962570197677,0.3462474308357355,2.829333824239473,2.4521914174897024,52.864583333333336,6.725602453964991,12.472665997194923,10.758036637233033,3.8624817531502447
heat_persistence_peak_shadow,Heat_Persistence_Peak_Shadow_Forecast_MWH,origin_12,2025-12-06 23:00:00-08:00,2025,Winter,12,384,139.45845884114584,139.42897825378597,0.029480587359872246,2.773570131293186,1.9690745970570587,53.90625,5.960940238525087,13.486042849280778,23.325456622623022,4.105506670576214
heat_persistence_peak_shadow,Heat_Persistence_Peak_Shadow_Forecast_MWH,origin_15,2026-02-28 23:00:00-08:00,2026,Winter,2,384,115.88717167708334,115.18736199294891,0.6998096841344238,2.772418703098518,2.3697517803254575,57.8125,5.882864615546763,11.266637884961852,10.762638542891239,3.516916851336972
heat_persistence_peak_shadow,Heat_Persistence_Peak_Shadow_Forecast_MWH,origin_10,2025-10-12 00:00:00-07:00,2025,Fall,10,384,118.67937204947917,117.72521554246094,0.9541565070182267,2.601963916383363,2.1785883717464025,63.802083333333336,5.421925384154139,9.862383139180963,11.083616544444368,3.362962295632184
baseline_same_hour_yesterday,Baseline_SameHourYesterday_MWH,origin_24,2026-07-21 00:00:00-07:00,2026,Summer,7,384,200.7955977239583,204.519653421875,-3.7240556979166666,103.53302619791667,57.414162093939346,48.95833333333333,173.34361499999997,208.83599999999998,205.527,117.69978567060143
baseline_same_hour_yesterday,Baseline_SameHourYesterday_MWH,origin_23,2026-07-20 00:00:00-07:00,2026,Summer,7,384,200.19178741406247,198.7779455442708,1.4138418697916666,102.46012542708333,56.397821318406194,50.520833333333336,173.137,208.83599999999998,205.527,116.5172956406911
baseline_same_hour_yesterday,Baseline_SameHourYesterday_MWH,origin_22,2026-07-07 00:00:00-07:00,2026,Summer,7,380,187.94545492105263,186.1185828763158,1.8268720447368423,88.39880641315789,50.84914990606197,51.31578947368421,155.220197,196.130075,192.997083,101.8831687289113
baseline_same_hour_yesterday,Baseline_SameHourYesterday_MWH,origin_21,2026-07-06 00:00:00-07:00,2026,Summer,7,380,185.74302035789472,185.28377536052633,0.45924499736842106,86.09380152894737,49.68807268104385,48.421052631578945,154.4734687,196.130075,192.997083,99.86134232567383
baseline_same_hour_yesterday,Baseline_SameHourYesterday_MWH,origin_20,2026-05-29 00:00:00-07:00,2026,Spring,5,384,163.7729361171875,164.1382087265625,-0.36527260937500006,65.457844734375,41.840866301378455,52.864583333333336,127.96946700000002,183.07319999999999,173.90324999999999,78.8602306699793
baseline_same_hour_yesterday,Baseline_SameHourYesterday_MWH,origin_19,2026-05-28 00:00:00-07:00,2026,Spring,5,384,158.50971714583332,154.06390570572918,4.445811440104166,61.29036562239583,39.384691774074064,54.947916666666664,122.20860239999999,183.07319999999999,162.00678299999998,74.7194639492007
baseline_same_hour_yesterday,Baseline_SameHourYesterday_MWH,origin_18,2026-05-24 00:00:00-07:00,2026,Spring,5,384,142.90284213541665,144.56441846875,-1.6615763333333335,44.19940730208333,30.492196808455166,49.73958333333333,103.93259079999999,128.11466700000003,151.51145799999998,58.22023656726732
baseline_same_hour_yesterday,Baseline_SameHourYesterday_MWH,origin_05,2025-05-25 00:00:00-07:00,2025,Spring,5,384,153.69139593489584,150.15266544791666,3.538730486979167,18.1360294609375,10.837063671182563,59.114583333333336,42.91304439999999,77.28132500000001,88.83647500000001,25.976213276843442
baseline_same_hour_yesterday,Baseline_SameHourYesterday_MWH,origin_09,2025-09-14 00:00:00-07:00,2025,Summer,9,384,162.83103684895835,167.14112179166668,-4.310084942708333,17.362092718750002,10.399206346370233,54.427083333333336,36.187627400000004,38.40450800000002,106.82626700000003,25.937745855850746
baseline_same_hour_yesterday,Baseline_SameHourYesterday_MWH,origin_06,2025-06-22 00:00:00-07:00,2025,Summer,6,384,168.52844033593752,167.79975491927084,0.7286854166666666,17.285620807291668,10.58036460832077,57.03125,40.7026474,64.66310800000002,99.756392,25.32597100117141
baseline_same_hour_yesterday,Baseline_SameHourYesterday_MWH,origin_08,2025-08-17 00:00:00-07:00,2025,Summer,8,384,187.771909734375,185.07215836458332,2.6997513697916666,12.458073619791667,6.487168741555763,63.541666666666664,27.9834262,53.81595800000002,69.05847499999999,17.179494043213463
baseline_same_hour_yesterday,Baseline_SameHourYesterday_MWH,origin_07,2025-07-20 00:00:00-07:00,2025,Summer,7,384,157.82088622916666,158.85897444270833,-1.0380882135416665,12.296236588541667,7.529352612497736,47.39583333333333,27.513286299999997,54.740983,51.5256,16.609439863497695
baseline_same_hour_yesterday,Baseline_SameHourYesterday_MWH,origin_04,2025-04-27 00:00:00-07:00,2025,Spring,4,384,121.913576171875,122.37519405729167,-0.4616178854166668,11.393212473958334,8.913234998989592,51.5625,23.877255599999987,33.942958000000004,88.039533,17.186889260502944
baseline_same_hour_yesterday,Baseline_SameHourYesterday_MWH,origin_17,2026-04-26 00:00:00-07:00,2026,Spring,4,384,127.136992640625,123.7593549609375,3.3776376796874996,9.012221075520834,6.599478436068409,64.0625,22.334426199999996,53.919442000000004,46.55224100000001,13.72789097595008
baseline_same_hour_yesterday,Baseline_SameHourYesterday_MWH,origin_16,2026-03-29 00:00:00-07:00,2026,Spring,3,384,120.51718188281251,121.29954002604167,-0.7823581432291666,7.599129028645834,6.220990696146083,50.520833333333336,18.663718799999987,23.001559000000015,44.31815,10.691590584405454
baseline_same_hour_yesterday,Baseline_SameHourYesterday_MWH,origin_02,2024-11-09 23:00:00-08:00,2024,Fall,11,384,116.68925462760417,115.90933802083333,0.7799166067708333,6.927386533854167,5.878936222289712,50.0,17.357116800000004,46.265000000000015,37.745757999999995,10.659194762769452
baseline_same_hour_yesterday,Baseline_SameHourYesterday_MWH,origin_03,2025-03-30 00:00:00-07:00,2025,Spring,3,384,111.3258731328125,111.65766887760417,-0.33179574479166657,6.688442276041667,5.977010332279257,51.041666666666664,17.948757700000005,27.903099999999995,37.731815999999995,9.932199402931465
baseline_same_hour_yesterday,Baseline_SameHourYesterday_MWH,origin_10,2025-10-12 00:00:00-07:00,2025,Fall,10,384,118.67937204947917,119.86195876562499,-1.1825867161458332,6.473689997395834,5.542979705813419,54.166666666666664,15.625006900000006,22.962532999999993,60.14193399999999,10.557145278226237
baseline_same_hour_yesterday,Baseline_SameHourYesterday_MWH,origin_01,2024-10-13 00:00:00-07:00,2024,Fall,10,360,115.72596856111112,116.69151120277778,-0.9655426416666665,5.754994036111111,4.7545976499279785,44.166666666666664,14.261451899999996,23.16262499999999,47.848709000000014,9.158027760036285
baseline_same_hour_yesterday,Baseline_SameHourYesterday_MWH,origin_11,2025-11-08 23:00:00-08:00,2025,Fall,11,384,122.29222068489582,121.516705625,0.7755150598958335,5.7230235651041665,4.583484864208935,53.645833333333336,15.132954999999992,36.609300000000005,27.486099999999993,8.874405796791107
baseline_same_hour_yesterday,Baseline_SameHourYesterday_MWH,origin_14,2026-01-31 23:00:00-08:00,2026,Winter,1,384,120.6618153359375,120.652290328125,0.009525007812499764,5.4910583151041665,4.426408644647192,46.875,15.362319900000005,50.669974999999994,33.031025,9.243487627220965
baseline_same_hour_yesterday,Baseline_SameHourYesterday_MWH,origin_15,2026-02-28 23:00:00-08:00,2026,Winter,2,384,115.88717167708334,116.27932818750001,-0.3921565104166666,5.102442614583333,4.372681125896313,51.041666666666664,13.706600100000001,28.629533999999992,44.019525,8.362058225468509
baseline_same_hour_yesterday,Baseline_SameHourYesterday_MWH,origin_12,2025-12-06 23:00:00-08:00,2025,Winter,12,384,139.45845884114584,139.18827768229167,0.27018115885416666,4.228117205729167,3.0100277355968825,51.041666666666664,10.50154439999999,22.621842,22.57253400000002,6.093656299239624
baseline_same_hour_yesterday,Baseline_SameHourYesterday_MWH,origin_13,2026-01-03 23:00:00-08:00,2026,Winter,1,384,128.126853875,128.24815424479166,-0.12130036979166654,4.2280307708333345,3.2824014360405944,44.01041666666667,11.175524899999989,21.483274999999992,33.633234,6.552140055646812
baseline_same_hour_7_days_ago,Baseline_SameHour7DaysAgo_MWH,origin_24,2026-07-21 00:00:00-07:00,2026,Summer,7,384,200.7955977239583,196.85804132812498,3.9375563958333326,89.8270309375,48.19690798132266,48.95833333333333,170.8056925,230.13899999999998,184.18573300000003,108.53062812594531
baseline_same_hour_7_days_ago,Baseline_SameHour7DaysAgo_MWH,origin_23,2026-07-20 00:00:00-07:00,2026,Summer,7,384,200.19178741406247,192.80261526822918,7.389172145833334,89.30311631770833,47.77489549922198,50.260416666666664,170.8056925,230.13899999999998,184.18573300000003,108.13160422156363
baseline_same_hour_7_days_ago,Baseline_SameHour7DaysAgo_MWH,origin_21,2026-07-06 00:00:00-07:00,2026,Summer,7,380,185.74302035789472,184.62771698421054,1.1153033736842108,85.60156195789473,50.53782845343382,51.578947368421055,160.1046666,228.1343,217.713741,102.4853105782705
baseline_same_hour_7_days_ago,Baseline_SameHour7DaysAgo_MWH,origin_22,2026-07-07 00:00:00-07:00,2026,Summer,7,380,187.94545492105263,188.2680454263158,-0.3225905052631574,83.92850544210526,49.65360583789383,50.26315789473684,160.1046666,228.1343,217.713741,101.54810016109758
baseline_same_hour_7_days_ago,Baseline_SameHour7DaysAgo_MWH,origin_20,2026-05-29 00:00:00-07:00,2026,Spring,5,384,163.7729361171875,148.95320777604167,14.819728341145833,58.64052762239584,35.92025168951667,59.375,124.86635749999999,208.41770000000002,163.61123299999997,74.41172538528882
baseline_same_hour_7_days_ago,Baseline_SameHour7DaysAgo_MWH,origin_19,2026-05-28 00:00:00-07:00,2026,Spring,5,384,158.50971714583332,146.97032720312498,11.539389942708333,57.642312015625,36.25485644653143,55.46875,125.23957999999998,208.41770000000002,163.61123299999997,73.76594432398412
baseline_same_hour_7_days_ago,Baseline_SameHour7DaysAgo_MWH,origin_18,2026-05-24 00:00:00-07:00,2026,Spring,5,384,142.90284213541665,143.16449466406252,-0.2616525286458334,45.15445470052083,31.033739335426674,46.875,117.4082314,143.60225000000003,163.61123299999997,61.06128393239052
baseline_same_hour_7_days_ago,Baseline_SameHour7DaysAgo_MWH,origin_06,2025-06-22 00:00:00-07:00,2025,Summer,6,384,168.52844033593752,163.27227551822918,5.256164817708332,30.636211046875,17.478993148817654,51.041666666666664,72.44082949999998,132.21515800000003,96.280834,40.517186818802806
baseline_same_hour_7_days_ago,Baseline_SameHour7DaysAgo_MWH,origin_07,2025-07-20 00:00:00-07:00,2025,Summer,7,384,157.82088622916666,156.45266731249998,1.3682189166666667,28.665631578125,16.991086749902042,58.072916666666664,63.739248599999996,99.440033,117.31048400000003,37.79417486405678
baseline_same_hour_7_days_ago,Baseline_SameHour7DaysAgo_MWH,origin_08,2025-08-17 00:00:00-07:00,2025,Summer,8,384,187.771909734375,181.11179801041666,6.660111723958333,28.052297375,14.174721521461587,49.47916666666667,66.78846499999996,102.30119199999999,71.67657500000001,37.38608166456036
baseline_same_hour_7_days_ago,Baseline_SameHour7DaysAgo_MWH,origin_05,2025-05-25 00:00:00-07:00,2025,Spring,5,384,153.69139593489584,141.43436998958333,12.2570259453125,27.100456028645834,15.310620901676055,63.020833333333336,62.802225699999994,183.10244999999998,57.51988300000002,42.609625720931156
baseline_same_hour_7_days_ago,Baseline_SameHour7DaysAgo_MWH,origin_09,2025-09-14 00:00:00-07:00,2025,Summer,9,384,162.83103684895835,176.51544565104166,-13.684408802083333,23.699530807291666,14.648597492336942,39.84375,58.78007879999999,44.237066999999996,115.324941,34.05756182487072
baseline_same_hour_7_days_ago,Baseline_SameHour7DaysAgo_MWH,origin_10,2025-10-12 00:00:00-07:00,2025,Fall,10,384,118.67937204947917,134.24124290625,-15.561870856770833,21.384602888020833,17.892198554530502,42.44791666666667,56.26675060000001,28.10024200000001,153.10531699999996,34.61827140453662
baseline_same_hour_7_days_ago,Baseline_SameHour7DaysAgo_MWH,origin_17,2026-04-26 00:00:00-07:00,2026,Spring,4,384,127.136992640625,119.87959633854166,7.257396302083333,14.732521343750001,10.171753949182893,64.84375,37.3825368,110.634683,42.046784,23.56886406739789
baseline_same_hour_7_days_ago,Baseline_SameHour7DaysAgo_MWH,origin_04,2025-04-27 00:00:00-07:00,2025,Spring,4,384,121.913576171875,114.78880097135418,7.124775200520833,14.2855361953125,10.443922065415045,63.802083333333336,30.998969300000002,96.36375,37.43112500000001,21.567316878251233
baseline_same_hour_7_days_ago,Baseline_SameHour7DaysAgo_MWH,origin_12,2025-12-06 23:00:00-08:00,2025,Winter,12,384,139.45845884114584,134.20646596614583,5.251992875,12.728912192708334,8.942729222862445,58.333333333333336,23.719189500000002,53.123075000000014,21.617942,16.275196474511578
baseline_same_hour_7_days_ago,Baseline_SameHour7DaysAgo_MWH,origin_16,2026-03-29 00:00:00-07:00,2026,Spring,3,384,120.51718188281251,119.05765241145833,1.4595294713541669,11.291403544270834,8.883461176673192,49.47916666666667,26.167000499999993,42.789367,47.476867,15.191623255866448
baseline_same_hour_7_days_ago,Baseline_SameHour7DaysAgo_MWH,origin_03,2025-03-30 00:00:00-07:00,2025,Spring,3,384,111.3258731328125,114.98318976041666,-3.657316627604167,11.199664986979167,10.005939580045517,35.67708333333333,26.865589399999998,42.007108,54.23268300000001,15.429745347600315
baseline_same_hour_7_days_ago,Baseline_SameHour7DaysAgo_MWH,origin_01,2024-10-13 00:00:00-07:00,2024,Fall,10,216,111.8920150138889,119.71466121296297,-7.822646199074074,10.306974597222222,8.797651568446108,33.7962962962963,27.340937499999995,16.477175000000003,49.07108400000001,15.315008313117733
baseline_same_hour_7_days_ago,Baseline_SameHour7DaysAgo_MWH,origin_13,2026-01-03 23:00:00-08:00,2026,Winter,1,384,128.126853875,131.74785282291666,-3.620998947916666,9.208866,7.361908427401528,37.76041666666667,21.2026902,41.04614199999999,41.74943400000001,12.416386206880604
baseline_same_hour_7_days_ago,Baseline_SameHour7DaysAgo_MWH,origin_02,2024-11-09 23:00:00-08:00,2024,Fall,11,384,116.68925462760417,112.67366535156249,4.015589276041667,8.315611661458334,6.960529846362255,70.83333333333334,20.120549499999992,40.55201699999999,34.58879999999999,11.462564054270501
baseline_same_hour_7_days_ago,Baseline_SameHour7DaysAgo_MWH,origin_15,2026-02-28 23:00:00-08:00,2026,Winter,2,384,115.88717167708334,117.8370609296875,-1.949889252604167,6.898550325520834,5.978723791240479,45.83333333333333,15.769228599999996,24.520391999999987,53.782257999999985,10.243006851242251
baseline_same_hour_7_days_ago,Baseline_SameHour7DaysAgo_MWH,origin_11,2025-11-08 23:00:00-08:00,2025,Fall,11,384,122.29222068489582,121.14363500520834,1.1485856796874998,6.4561675234375,5.353435129077519,67.1875,14.953561299999999,28.774091999999982,29.21262499999999,8.651569267905629
baseline_same_hour_7_days_ago,Baseline_SameHour7DaysAgo_MWH,origin_14,2026-01-31 23:00:00-08:00,2026,Winter,1,384,120.6618153359375,122.84748228125,-2.1856669453125,6.082682513020834,5.015024474952347,32.55208333333333,13.610142299999984,38.832224999999994,33.55328300000001,8.634744495569107
baseline_rolling_7day_same_hour_avg,Baseline_Rolling7DaySameHourAvg_MWH,origin_21,2026-07-06 00:00:00-07:00,2026,Summer,7,380,185.74302035789472,187.44894057330828,-1.7059202154135327,24.588445989097746,13.274801582804788,48.1578947368421,54.535347414285695,84.71583742857143,75.17947714285714,31.10805071740629
baseline_rolling_7day_same_hour_avg,Baseline_Rolling7DaySameHourAvg_MWH,origin_22,2026-07-07 00:00:00-07:00,2026,Summer,7,380,187.94545492105263,188.523456437594,-0.5780015165413528,23.942133233834586,12.745251510404229,51.578947368421055,52.123766800000006,84.11560257142858,75.64113014285715,30.443177941630474
baseline_rolling_7day_same_hour_avg,Baseline_Rolling7DaySameHourAvg_MWH,origin_06,2025-06-22 00:00:00-07:00,2025,Summer,6,384,168.52844033593752,167.2887861577381,1.2396541781994046,22.986462237723213,13.667767087695232,63.541666666666664,55.80711335714282,67.21160657142855,95.53254728571426,30.986339573046852
baseline_rolling_7day_same_hour_avg,Baseline_Rolling7DaySameHourAvg_MWH,origin_08,2025-08-17 00:00:00-07:00,2025,Summer,8,384,187.771909734375,182.40113033184525,5.370779402529762,21.383740718005953,10.67277037264794,55.729166666666664,46.239529371428546,87.76495742857142,58.598929571428584,27.811981904482373
baseline_rolling_7day_same_hour_avg,Baseline_Rolling7DaySameHourAvg_MWH,origin_05,2025-05-25 00:00:00-07:00,2025,Spring,5,384,153.69139593489584,145.98138424330355,7.710011691592263,19.07876570796131,11.058388083332988,50.520833333333336,38.97940801428571,116.39426428571429,39.45088899999999,30.202985349086934
baseline_rolling_7day_same_hour_avg,Baseline_Rolling7DaySameHourAvg_MWH,origin_20,2026-05-29 00:00:00-07:00,2026,Spring,5,384,163.7729361171875,153.71346006473215,10.059476052455357,18.939156867187503,10.690394868667438,74.21875,46.97725668571429,84.22378142857141,82.40982785714283,26.27846938929832
baseline_rolling_7day_same_hour_avg,Baseline_Rolling7DaySameHourAvg_MWH,origin_19,2026-05-28 00:00:00-07:00,2026,Spring,5,384,158.50971714583332,150.12523405729166,8.384483088541666,18.74241519122024,10.850156888578022,69.53125,45.45418588571426,83.63769914285712,78.71800414285715,26.093581846296477
baseline_rolling_7day_same_hour_avg,Baseline_Rolling7DaySameHourAvg_MWH,origin_09,2025-09-14 00:00:00-07:00,2025,Summer,9,384,162.83103684895835,173.57010048363097,-10.739063634672618,17.467553235863097,10.817749679829001,36.71875,41.44824088571424,41.876473571428534,90.63530114285714,25.013973103186352
baseline_rolling_7day_same_hour_avg,Baseline_Rolling7DaySameHourAvg_MWH,origin_07,2025-07-20 00:00:00-07:00,2025,Summer,7,384,157.82088622916666,156.27673506473215,1.5441511644345234,15.28978696875,8.93774748599582,46.61458333333333,36.41621131428571,74.68833314285715,53.8768562857143,21.080709526556035
baseline_rolling_7day_same_hour_avg,Baseline_Rolling7DaySameHourAvg_MWH,origin_18,2026-05-24 00:00:00-07:00,2026,Spring,5,384,142.90284213541665,146.1740200186012,-3.271177883184524,15.239322622023812,10.443031388396932,49.73958333333333,38.08265811428573,62.022846999999985,77.71167514285713,21.213924517504008
baseline_rolling_7day_same_hour_avg,Baseline_Rolling7DaySameHourAvg_MWH,origin_24,2026-07-21 00:00:00-07:00,2026,Summer,7,384,200.7955977239583,198.49794952752976,2.297648196428571,14.856967545386906,7.575481612963358,57.8125,30.91918697142858,62.58787214285712,43.90890442857142,19.240350897261635
baseline_rolling_7day_same_hour_avg,Baseline_Rolling7DaySameHourAvg_MWH,origin_23,2026-07-20 00:00:00-07:00,2026,Summer,7,384,200.19178741406247,195.8013842983631,4.390403115699406,14.70719602046131,7.58757109109995,65.36458333333334,32.289325214285725,58.988597142857145,45.87528057142862,18.917170525358376
baseline_rolling_7day_same_hour_avg,Baseline_Rolling7DaySameHourAvg_MWH,origin_17,2026-04-26 00:00:00-07:00,2026,Spring,4,384,127.136992640625,120.72767435900299,6.409318281622023,12.858891523437501,8.83450294399098,58.854166666666664,32.32063611428571,80.7155087142857,24.687426571428546,18.930591487747556
baseline_rolling_7day_same_hour_avg,Baseline_Rolling7DaySameHourAvg_MWH,origin_04,2025-04-27 00:00:00-07:00,2025,Spring,4,384,121.913576171875,118.18443762760417,3.729138544270833,12.807473437127976,9.475713101909633,58.59375,32.71597342857141,63.73424428571428,57.74991042857141,18.64981127134011
baseline_rolling_7day_same_hour_avg,Baseline_Rolling7DaySameHourAvg_MWH,origin_10,2025-10-12 00:00:00-07:00,2025,Fall,10,384,118.67937204947917,125.80401021205357,-7.124638162574404,11.1879686953125,9.417768316178787,37.76041666666667,29.088908571428565,20.133178571428573,82.54238500000001,17.925016964394132
baseline_rolling_7day_same_hour_avg,Baseline_Rolling7DaySameHourAvg_MWH,origin_16,2026-03-29 00:00:00-07:00,2026,Spring,3,384,120.51718188281251,120.42646076674107,0.09072111607142778,9.930274265625,7.99688816724749,54.166666666666664,21.593442257142872,34.26030985714286,35.4012142857143,12.673034985495027
baseline_rolling_7day_same_hour_avg,Baseline_Rolling7DaySameHourAvg_MWH,origin_12,2025-12-06 23:00:00-08:00,2025,Winter,12,384,139.45845884114584,136.7760831547619,2.682375686383929,8.546432643973215,6.0550588774589285,53.90625,18.59649008571428,31.49050785714286,22.61326100000001,10.811437146932667
baseline_rolling_7day_same_hour_avg,Baseline_Rolling7DaySameHourAvg_MWH,origin_01,2024-10-13 00:00:00-07:00,2024,Fall,10,336,114.12753126785715,119.89590317021683,-5.768371902359694,8.187585007872732,7.03153349767374,33.33333333333333,22.263300916666672,12.542066333333324,42.559916499999986,12.456694386344264
baseline_rolling_7day_same_hour_avg,Baseline_Rolling7DaySameHourAvg_MWH,origin_03,2025-03-30 00:00:00-07:00,2025,Spring,3,384,111.3258731328125,113.16811983370536,-1.842246700892857,7.818096337053571,7.038610011350809,42.96875,19.020146799999992,34.573721285714285,32.145806142857126,10.727483380421223
baseline_rolling_7day_same_hour_avg,Baseline_Rolling7DaySameHourAvg_MWH,origin_02,2024-11-09 23:00:00-08:00,2024,Fall,11,384,116.68925462760417,114.54497317150297,2.1442814561011905,6.508195299107143,5.423349658311602,59.895833333333336,15.769554757142858,35.23690957142857,25.12440114285714,9.456418977247818
baseline_rolling_7day_same_hour_avg,Baseline_Rolling7DaySameHourAvg_MWH,origin_13,2026-01-03 23:00:00-08:00,2026,Winter,1,384,128.126853875,129.84902409598214,-1.722170220982143,5.741168533482142,4.5659842740171035,33.85416666666667,13.797964628571426,26.408347714285696,31.93489928571431,8.181584374034195
baseline_rolling_7day_same_hour_avg,Baseline_Rolling7DaySameHourAvg_MWH,origin_14,2026-01-31 23:00:00-08:00,2026,Winter,1,384,120.6618153359375,121.88103308854166,-1.2192177526041668,5.500404859747024,4.501421975295475,32.8125,11.470291657142843,38.11688957142856,20.441019999999995,7.790725774835207
baseline_rolling_7day_same_hour_avg,Baseline_Rolling7DaySameHourAvg_MWH,origin_11,2025-11-08 23:00:00-08:00,2025,Fall,11,384,122.29222068489582,121.42846773921131,0.8637529456845235,5.379038333333333,4.333944503464326,59.635416666666664,13.872579328571426,24.606543571428574,22.945923000000008,7.640904845448803
baseline_rolling_7day_same_hour_avg,Baseline_Rolling7DaySameHourAvg_MWH,origin_15,2026-02-28 23:00:00-08:00,2026,Winter,2,384,115.88717167708334,116.77992945833334,-0.8927577812500003,5.044115207589286,4.381922380357565,45.83333333333333,11.342569528571426,25.146710999999982,23.389596857142863,6.807009505760435
