Stage,ForecastColumn,Replay_Origin_ID,Replay_Origin_DT,Replay_Origin_Year,Replay_Origin_Season,Replay_Origin_Month,N,Actual_Mean_MWH,Forecast_Mean_MWH,Bias_MWH,MAE_MWH,MAPE_PCT,Underforecast_Rate_PCT,P90_AbsError_MWH,Max_Underforecast_MWH,Max_Overforecast_MWH,RMSE_MWH
xgb_component,XGB_Pred_MWH,origin_07,2025-07-20 00:00:00-07:00,2025,Summer,7,384,157.82088622916666,137.4972659945488,20.32362023461787,20.32362023461787,12.482281557778292,100.0,38.190786913476565,53.8551085859375,0.0,23.206148155647508
xgb_component,XGB_Pred_MWH,origin_08,2025-08-17 00:00:00-07:00,2025,Summer,8,384,187.771909734375,174.00905772050223,13.762852013872783,14.120573920031228,7.190727197846809,94.01041666666666,26.926385826562512,38.27226766796878,12.499279125976557,16.69905698248281
xgb_component,XGB_Pred_MWH,origin_12,2025-12-06 23:00:00-08:00,2025,Winter,12,384,139.45845884114584,126.85243050257365,12.606028338572186,12.615048788991293,8.755427360789517,99.73958333333334,22.48978637167969,31.786975651367186,1.7319264804687577,14.148724267054028
xgb_component,XGB_Pred_MWH,origin_17,2026-04-26 00:00:00-07:00,2026,Spring,4,384,127.136992640625,115.69990718364716,11.437085456977846,11.744989975619,8.595885687374533,94.53125,24.05828564345702,43.09452946777344,6.983334598144538,14.58577253787921
xgb_component,XGB_Pred_MWH,origin_11,2025-11-08 23:00:00-08:00,2025,Fall,11,384,122.29222068489582,111.52254937092464,10.769671313971202,10.787046738056183,8.601595069382428,99.21875,17.105897143066418,29.580333687988286,2.669582214355472,11.952017358162061
xgb_component,XGB_Pred_MWH,origin_23,2026-07-20 00:00:00-07:00,2026,Summer,7,384,200.19178741406247,190.6273138920466,9.56447352201589,9.862004093493143,4.64222195144037,95.3125,19.8576721435547,32.29164868164065,10.075341064453113,11.923031531690679
xgb_component,XGB_Pred_MWH,origin_24,2026-07-21 00:00:00-07:00,2026,Summer,7,384,200.7955977239583,192.2295847336451,8.566012990313212,9.159946376569112,4.254678685107172,92.96875,18.339817689843773,30.217857177734402,11.635918457031238,11.252181530064812
xgb_component,XGB_Pred_MWH,origin_13,2026-01-03 23:00:00-08:00,2026,Winter,1,384,128.126853875,120.09546899795532,8.031384877044678,8.285721219103495,6.356337032559349,95.05208333333334,13.941689009033205,23.532838419921887,6.977496280273442,9.30939099929378
xgb_component,XGB_Pred_MWH,origin_22,2026-07-07 00:00:00-07:00,2026,Summer,7,380,187.94545492105263,181.46212718361303,6.483327737439608,8.263623645832906,4.248122305794044,75.52631578947368,17.731637231738283,34.468912109375,16.809695703124987,10.635220562988145
xgb_component,XGB_Pred_MWH,origin_09,2025-09-14 00:00:00-07:00,2025,Summer,9,384,162.83103684895835,156.03513006369272,6.795906785265605,7.782832099037171,4.633114662267686,90.36458333333334,14.766512921874995,21.206684130859372,21.380290005859365,9.172221367933473
xgb_component,XGB_Pred_MWH,origin_18,2026-05-24 00:00:00-07:00,2026,Spring,5,384,142.90284213541665,136.16725480556488,6.7355873298517865,7.447322466016133,5.371812335094046,88.80208333333334,13.528761898193352,22.595793229492187,8.710701578124997,8.700374914933535
xgb_component,XGB_Pred_MWH,origin_21,2026-07-06 00:00:00-07:00,2026,Summer,7,380,185.74302035789472,180.19064646269146,5.55237389520328,7.398727400440738,3.900224673070538,76.05263157894737,15.92926273217773,28.89306848144531,18.519339322265637,9.534225698229486
xgb_component,XGB_Pred_MWH,origin_14,2026-01-31 23:00:00-08:00,2026,Winter,1,384,120.6618153359375,113.57536496718724,7.086450368750255,7.324785093354543,5.897746584536377,94.53125,13.05158481948242,31.806488827148428,6.082940632812495,8.899794090111131
xgb_component,XGB_Pred_MWH,origin_10,2025-10-12 00:00:00-07:00,2025,Fall,10,384,118.67937204947917,111.60017559925716,7.079196450222015,7.253257114449819,5.983300472777857,95.57291666666666,12.225525822900392,17.559729533203125,5.7781575805664005,8.158233960986204
xgb_component,XGB_Pred_MWH,origin_19,2026-05-28 00:00:00-07:00,2026,Spring,5,384,158.50971714583332,151.7809287905693,6.728788355264027,7.198442066448211,4.689642802526625,91.14583333333334,13.130925019531256,22.315038476562506,9.255567781249994,8.429579456405923
xgb_component,XGB_Pred_MWH,origin_20,2026-05-29 00:00:00-07:00,2026,Spring,5,384,163.7729361171875,157.00352144241333,6.769414674774169,7.049154906880696,4.496112441844545,91.92708333333334,13.010389584960926,21.62505543652344,5.775633088867181,8.262249446517659
xgb_component,XGB_Pred_MWH,origin_04,2025-04-27 00:00:00-07:00,2025,Spring,4,384,121.913576171875,115.09317022562027,6.820405946254731,6.993369826018015,5.609174252210402,94.53125,13.308243253417976,22.66987634277345,3.916923974609375,8.295421261501247
xgb_component,XGB_Pred_MWH,origin_15,2026-02-28 23:00:00-08:00,2026,Winter,2,384,115.88717167708334,109.25670442978542,6.630467247297923,6.89984089454778,5.842177973895154,95.05208333333334,11.803908591552732,17.19740635205079,6.19702103613281,7.831935634566086
xgb_component,XGB_Pred_MWH,origin_16,2026-03-29 00:00:00-07:00,2026,Spring,3,384,120.51718188281251,114.1754119793574,6.3417699034550985,6.893409220461528,5.538259177053361,91.92708333333334,13.183837384667974,24.556141927734387,9.806342602539061,8.430996812270587
xgb_component,XGB_Pred_MWH,origin_06,2025-06-22 00:00:00-07:00,2025,Summer,6,384,168.52844033593752,164.68284477790198,3.845595558035533,5.437384529404959,3.052201168093722,75.0,12.234255668457036,22.92974112207031,17.417594140625,7.036197441208071
xgb_component,XGB_Pred_MWH,origin_05,2025-05-25 00:00:00-07:00,2025,Spring,5,384,153.69139593489584,150.1894298195839,3.501966115311941,5.308491589013417,3.3591029831607497,67.96875,12.87020711386718,26.705403800781255,22.02228609179687,7.446052072749549
xgb_component,XGB_Pred_MWH,origin_03,2025-03-30 00:00:00-07:00,2025,Spring,3,384,111.3258731328125,106.27715859810512,5.048714534707387,5.2797438534406025,4.612508870950707,92.1875,10.021059008398442,17.864341354003898,4.820619567871091,6.404152365959252
xgb_component,XGB_Pred_MWH,origin_02,2024-11-09 23:00:00-08:00,2024,Fall,11,384,116.68925462760417,112.71536340316136,3.9738912244428,4.954310315413157,3.959153142530411,78.38541666666666,11.03254770703124,20.290338940429677,8.942362845214845,6.3783702355108325
xgb_component,XGB_Pred_MWH,origin_01,2024-10-13 00:00:00-07:00,2024,Fall,10,384,116.30257716666667,116.09536294142406,0.2072142252426148,3.256123434872945,2.7789174621898916,46.61458333333333,6.102290179296877,17.308361596679674,11.47574539355469,4.260591889068954
lgb_component,LGB_Pred_MWH,origin_07,2025-07-20 00:00:00-07:00,2025,Summer,7,384,157.82088622916666,137.4671769171604,20.35370931200628,20.35370931200628,12.52234549172926,100.0,37.77454698476721,55.01790525214696,0.0,23.23150075135195
lgb_component,LGB_Pred_MWH,origin_08,2025-08-17 00:00:00-07:00,2025,Summer,8,384,187.771909734375,174.05712285841244,13.714786875962538,14.17224060059062,7.212760508637945,93.75,27.29724982401375,38.07922150495159,13.677693063245215,16.765815187024867
lgb_component,LGB_Pred_MWH,origin_12,2025-12-06 23:00:00-08:00,2025,Winter,12,384,139.45845884114584,126.90336447473355,12.555094366412296,12.565055188694743,8.721720588175094,99.73958333333334,22.026458555654273,30.63244200538395,1.9124778782294527,14.074149288072094
lgb_component,LGB_Pred_MWH,origin_17,2026-04-26 00:00:00-07:00,2026,Spring,4,384,127.136992640625,115.72752848404122,11.409464156583786,11.708093724601264,8.560843784639605,93.75,24.57723430534635,42.478841771833686,6.8369231354066216,14.584183513920527
lgb_component,LGB_Pred_MWH,origin_11,2025-11-08 23:00:00-08:00,2025,Fall,11,384,122.29222068489582,111.48453335973373,10.807687325162101,10.83177472117346,8.650203950374229,99.21875,17.605171831524046,29.436254827254672,3.6889184743062344,11.99678345381746
lgb_component,LGB_Pred_MWH,origin_23,2026-07-20 00:00:00-07:00,2026,Summer,7,384,200.19178741406247,190.73442460499803,9.457362809064488,9.719686514561277,4.5822330152675415,96.09375,19.7264711606312,27.779743625585837,10.21776053212713,11.71714001073325
lgb_component,LGB_Pred_MWH,origin_24,2026-07-21 00:00:00-07:00,2026,Summer,7,384,200.7955977239583,192.33144430686482,8.4641534170935,9.042291471998865,4.200489212451486,92.70833333333334,18.931875482588374,28.284017358740755,12.923619127975797,11.120433332284923
lgb_component,LGB_Pred_MWH,origin_13,2026-01-03 23:00:00-08:00,2026,Winter,1,384,128.126853875,120.08391171512712,8.042942159872885,8.288748476101405,6.358271721785601,95.3125,13.972290494385625,24.57398806629388,7.209283226237758,9.322357577280867
lgb_component,LGB_Pred_MWH,origin_22,2026-07-07 00:00:00-07:00,2026,Summer,7,380,187.94545492105263,181.65149911529875,6.293955805753865,8.107500415602575,4.1737641055643895,75.52631578947368,17.351563274844032,32.887186278176216,16.628586474092174,10.377091378357266
lgb_component,LGB_Pred_MWH,origin_09,2025-09-14 00:00:00-07:00,2025,Summer,9,384,162.83103684895835,155.98049247647953,6.850544372478815,7.860238460510704,4.666652770232198,89.84375,15.206888319881571,23.966442257598175,23.39666119960944,9.321252628146523
lgb_component,LGB_Pred_MWH,origin_18,2026-05-24 00:00:00-07:00,2026,Spring,5,384,142.90284213541665,136.1026585825707,6.800183552845951,7.532391468554446,5.437949139445673,89.84375,13.5455190003866,23.483472452685675,8.195509101484049,8.777224869745401
lgb_component,LGB_Pred_MWH,origin_14,2026-01-31 23:00:00-08:00,2026,Winter,1,384,120.6618153359375,113.6493176672984,7.012497668639096,7.28901175632933,5.865250780518539,94.53125,13.255533865561503,31.250679611942417,6.511906706539605,8.8962422968933
lgb_component,LGB_Pred_MWH,origin_21,2026-07-06 00:00:00-07:00,2026,Summer,7,380,185.74302035789472,180.43096538940804,5.312054968486698,7.2748948628016405,3.8529616326110285,75.0,16.27960043638537,29.166785900212574,19.864472516133787,9.377087757338415
lgb_component,LGB_Pred_MWH,origin_19,2026-05-28 00:00:00-07:00,2026,Spring,5,384,158.50971714583332,151.75619496199664,6.753522183836686,7.230061315563905,4.690094381452487,91.66666666666666,13.793471019990141,23.40381265361526,9.493117845068923,8.503607657682865
lgb_component,LGB_Pred_MWH,origin_10,2025-10-12 00:00:00-07:00,2025,Fall,10,384,118.67937204947917,111.64484958082427,7.034522468654891,7.213982757009315,5.947726009890771,95.57291666666666,11.98501689938995,17.385725121382762,6.862475273583328,8.128362469951954
lgb_component,LGB_Pred_MWH,origin_04,2025-04-27 00:00:00-07:00,2025,Spring,4,384,121.913576171875,114.97625044465708,6.937325727217906,7.1019455350454415,5.684004196282015,94.01041666666666,13.552094435249197,23.279455756376578,4.2781838405578725,8.44925765575344
lgb_component,LGB_Pred_MWH,origin_20,2026-05-29 00:00:00-07:00,2026,Spring,5,384,163.7729361171875,157.12415999290738,6.648776124280126,6.981279016999451,4.452110591578152,91.66666666666666,12.997527917527275,21.974904566488192,6.564252693869548,8.178196228621754
lgb_component,LGB_Pred_MWH,origin_15,2026-02-28 23:00:00-08:00,2026,Winter,2,384,115.88717167708334,109.26433961149543,6.622832065587896,6.894508390005807,5.833425218153839,95.05208333333334,11.526484263563091,17.549540751717046,6.687135632808776,7.826665776787054
lgb_component,LGB_Pred_MWH,origin_16,2026-03-29 00:00:00-07:00,2026,Spring,3,384,120.51718188281251,114.15428090336208,6.362900979450416,6.877179174217918,5.522374599964434,91.14583333333334,13.12620962522389,24.417645140326613,9.621186044631756,8.434868590799434
lgb_component,LGB_Pred_MWH,origin_06,2025-06-22 00:00:00-07:00,2025,Summer,6,384,168.52844033593752,164.69407320527338,3.834367130664134,5.452337867449834,3.0725581772114725,75.78125,12.389368418444404,22.55579390804121,17.079694557148372,7.092533159221587
lgb_component,LGB_Pred_MWH,origin_05,2025-05-25 00:00:00-07:00,2025,Spring,5,384,153.69139593489584,150.0954106289088,3.595985305987041,5.415204591012661,3.43198630837791,68.75,12.995326271906013,27.81215823896511,23.303367560166265,7.57119465125675
lgb_component,LGB_Pred_MWH,origin_03,2025-03-30 00:00:00-07:00,2025,Spring,3,384,111.3258731328125,106.21061753828366,5.115255594528841,5.350745019522524,4.68246860034501,91.40625,10.331540371505929,16.989816159663434,4.761650444487856,6.419963189611752
lgb_component,LGB_Pred_MWH,origin_02,2024-11-09 23:00:00-08:00,2024,Fall,11,384,116.68925462760417,112.74819541897017,3.941059208634,4.920091004333059,3.9332493931195036,78.90625,10.619554103296743,19.902586624250233,8.878960617710547,6.327201980481621
lgb_component,LGB_Pred_MWH,origin_01,2024-10-13 00:00:00-07:00,2024,Fall,10,384,116.30257716666667,116.12489352138196,0.17768364528471112,3.2569233621721847,2.7772171918560993,46.35416666666667,6.446982234029812,16.779528655042583,10.417398588716082,4.27470821687861
catboost_benchmark,CatBoost_Pred_MWH,origin_07,2025-07-20 00:00:00-07:00,2025,Summer,7,384,157.82088622916666,135.5232630075155,22.297623221651175,22.297623221651175,13.924802934011119,100.0,37.85575788243456,53.59673549490864,0.0,24.55461641803751
catboost_benchmark,CatBoost_Pred_MWH,origin_08,2025-08-17 00:00:00-07:00,2025,Summer,8,384,187.771909734375,171.68035313560733,16.09155659876766,16.25241304503941,8.516406204899296,97.65625,28.983234175672315,39.228768036105635,12.153480708927816,18.581250684296336
catboost_benchmark,CatBoost_Pred_MWH,origin_12,2025-12-06 23:00:00-08:00,2025,Winter,12,384,139.45845884114584,125.04884562351653,14.409613217629293,14.409885326704826,10.014606799971995,99.73958333333334,24.923975554584064,34.28965358087956,0.05224494250219891,15.912575619874891
catboost_benchmark,CatBoost_Pred_MWH,origin_11,2025-11-08 23:00:00-08:00,2025,Fall,11,384,122.29222068489582,108.48785875594189,13.80436192895395,13.80436192895395,11.040592830445634,100.0,20.73317733010103,32.272497663090135,0.0,14.901740965566308
catboost_benchmark,CatBoost_Pred_MWH,origin_17,2026-04-26 00:00:00-07:00,2026,Spring,4,384,127.136992640625,114.58582466654552,12.551167974079492,12.710764126607392,9.342586636785828,95.83333333333334,25.447031508534714,41.36856020059582,4.897797640080043,15.546302589486336
catboost_benchmark,CatBoost_Pred_MWH,origin_23,2026-07-20 00:00:00-07:00,2026,Summer,7,384,200.19178741406247,188.3670972141986,11.824690199863896,11.964441546698524,5.710190896746486,98.17708333333334,22.704429021217063,33.172123732109185,10.548289461344353,13.947150172055741
catboost_benchmark,CatBoost_Pred_MWH,origin_24,2026-07-21 00:00:00-07:00,2026,Summer,7,384,200.7955977239583,190.3139440276398,10.481653696318526,10.802534228110543,5.080848911076058,95.57291666666666,21.64873199049991,29.93933683594321,13.753112751824773,12.838147320141008
catboost_benchmark,CatBoost_Pred_MWH,origin_04,2025-04-27 00:00:00-07:00,2025,Spring,4,384,121.913576171875,112.36866911422926,9.544907057645736,9.59329809149838,7.799474975912617,98.17708333333334,15.646523715197764,27.64368437300182,2.2513494879631537,10.691779455111002
catboost_benchmark,CatBoost_Pred_MWH,origin_13,2026-01-03 23:00:00-08:00,2026,Winter,1,384,128.126853875,118.7874155959113,9.339438279088688,9.512558964543695,7.296494315486069,97.13541666666666,15.474738179003387,25.529292949549273,5.585808614151077,10.507465412148319
catboost_benchmark,CatBoost_Pred_MWH,origin_22,2026-07-07 00:00:00-07:00,2026,Summer,7,380,187.94545492105263,179.45211824151326,8.49333667953935,9.478879816163321,4.832070322828321,83.6842105263158,19.889658675956134,31.41550497270333,13.483243413572836,11.91348541873024
catboost_benchmark,CatBoost_Pred_MWH,origin_09,2025-09-14 00:00:00-07:00,2025,Summer,9,384,162.83103684895835,154.52469184733823,8.306345001620084,9.030890839689922,5.455407186920987,93.75,16.514719259582353,23.340655992322013,20.501535654098177,10.441163417997496
catboost_benchmark,CatBoost_Pred_MWH,origin_18,2026-05-24 00:00:00-07:00,2026,Spring,5,384,142.90284213541665,134.38348639177283,8.519355743643837,8.871893742349553,6.319069369722065,93.22916666666666,15.496853626500224,24.57836568085756,8.963173174145794,10.173728035386226
catboost_benchmark,CatBoost_Pred_MWH,origin_20,2026-05-29 00:00:00-07:00,2026,Spring,5,384,163.7729361171875,155.06515518974194,8.70778092744557,8.785763508523024,5.508212490128095,97.39583333333334,16.02729179921277,24.364396686440585,5.4103941302032865,10.051918219003356
catboost_benchmark,CatBoost_Pred_MWH,origin_21,2026-07-06 00:00:00-07:00,2026,Summer,7,380,185.74302035789472,178.0641404868531,7.678879871041654,8.749330187851372,4.569204817096018,85.26315789473684,18.538330401985093,30.73846450305058,15.923139578694418,10.929086320325277
catboost_benchmark,CatBoost_Pred_MWH,origin_19,2026-05-28 00:00:00-07:00,2026,Spring,5,384,158.50971714583332,149.99793912868466,8.51177801714867,8.713635467283407,5.583167975593535,94.53125,15.977138413389012,23.57863064354615,7.5298504842616865,10.05174818383427
catboost_benchmark,CatBoost_Pred_MWH,origin_14,2026-01-31 23:00:00-08:00,2026,Winter,1,384,120.6618153359375,112.4720672720282,8.189748063909303,8.38891805451616,6.755107033497076,95.3125,15.251094771467136,33.32609379191405,6.070074377959699,9.981875729159299
catboost_benchmark,CatBoost_Pred_MWH,origin_10,2025-10-12 00:00:00-07:00,2025,Fall,10,384,118.67937204947917,110.65147057296382,8.027901476515359,8.162527802037344,6.711806750561503,96.35416666666666,13.766168141095932,19.950048834896137,4.96227067491958,9.146294919444207
catboost_benchmark,CatBoost_Pred_MWH,origin_16,2026-03-29 00:00:00-07:00,2026,Spring,3,384,120.51718188281251,113.07746106844816,7.439720814364331,7.869843188540174,6.359490839920074,94.01041666666666,14.451102124015023,25.63704112971658,8.842189147910375,9.321536785458413
catboost_benchmark,CatBoost_Pred_MWH,origin_15,2026-02-28 23:00:00-08:00,2026,Winter,2,384,115.88717167708334,108.26153665704264,7.625635020040705,7.827964262159416,6.614257345908645,96.875,13.091569317372544,20.300558778787902,7.426172339705502,8.755435753089063
catboost_benchmark,CatBoost_Pred_MWH,origin_03,2025-03-30 00:00:00-07:00,2025,Spring,3,384,111.3258731328125,105.33010868595902,5.995764446853495,6.158276694465986,5.3563769943701915,95.3125,11.214850108766042,20.24122111739787,3.3005017826036465,7.3022318978432965
catboost_benchmark,CatBoost_Pred_MWH,origin_06,2025-06-22 00:00:00-07:00,2025,Summer,6,384,168.52844033593752,163.69819948973546,4.830240846202037,5.8933853440807695,3.323105831095024,83.59375,12.869618404023072,23.80752342418762,16.671470960896528,7.476451882802557
catboost_benchmark,CatBoost_Pred_MWH,origin_05,2025-05-25 00:00:00-07:00,2025,Spring,5,384,153.69139593489584,148.79680768772263,4.894588247173206,5.850914753032094,3.788812787553889,82.03125,12.742579068408505,28.049533841160695,19.229817895767553,7.86775766785113
catboost_benchmark,CatBoost_Pred_MWH,origin_02,2024-11-09 23:00:00-08:00,2024,Fall,11,384,116.68925462760417,111.68919965345286,5.000054974151305,5.696976240196457,4.549995084288924,84.375,11.702381374619948,20.841429626443087,7.759261325054467,7.141754976110685
catboost_benchmark,CatBoost_Pred_MWH,origin_01,2024-10-13 00:00:00-07:00,2024,Fall,10,384,116.30257716666667,115.33414712447022,0.9684300421964537,3.446531566114722,2.8673816076202017,51.041666666666664,7.350618634941151,19.34691107259738,9.66835282380967,4.689805240583356
raw_xgb_lgb_production,Raw_Forecast_MWH,origin_07,2025-07-20 00:00:00-07:00,2025,Summer,7,384,157.82088622916666,136.7898159565235,21.03107027264315,21.03107027264315,13.00919920313281,100.0,37.621281979548854,54.40421617049259,0.0,23.660135145930372
raw_xgb_lgb_production,Raw_Forecast_MWH,origin_08,2025-08-17 00:00:00-07:00,2025,Summer,8,384,187.771909734375,173.22044694163966,14.55146279273535,14.84712505774486,7.631352975342551,95.3125,27.671579813507634,38.31962515539942,13.026377345507285,17.351132105531416
raw_xgb_lgb_production,Raw_Forecast_MWH,origin_12,2025-12-06 23:00:00-08:00,2025,Winter,12,384,139.45845884114584,126.2491894795916,13.20926936155423,13.215745097027922,9.177601439565448,99.73958333333334,23.048672761593146,31.929471405487774,1.2433412109488415,14.714094152025238
raw_xgb_lgb_production,Raw_Forecast_MWH,origin_17,2026-04-26 00:00:00-07:00,2026,Spring,4,384,127.136992640625,115.3251700178783,11.811822622746687,12.053280593360986,8.829438821662833,94.79166666666666,24.900292275775215,41.94834371369868,6.162759837954795,14.907202307496949
raw_xgb_lgb_production,Raw_Forecast_MWH,origin_11,2025-11-08 23:00:00-08:00,2025,Fall,11,384,122.29222068489582,110.43949884952569,11.852721835370154,11.862170287457028,9.476843110268607,99.73958333333334,18.562950039334787,30.347636124455164,1.81410280067999,12.988082586087435
raw_xgb_lgb_production,Raw_Forecast_MWH,origin_23,2026-07-20 00:00:00-07:00,2026,Summer,7,384,200.19178741406247,189.8951489469231,10.296638467139415,10.494032348212112,4.970648354388997,96.35416666666666,20.83635080284711,29.284092580489727,10.319203710585754,12.464051405491588
raw_xgb_lgb_production,Raw_Forecast_MWH,origin_24,2026-07-21 00:00:00-07:00,2026,Summer,7,384,200.7955977239583,191.61513325181411,9.180464472144225,9.647258712408915,4.500825400835384,93.75,19.724076287371716,28.277840498220144,13.0851718292285,11.680853815483143
raw_xgb_lgb_production,Raw_Forecast_MWH,origin_13,2026-01-03 23:00:00-08:00,2026,Winter,1,384,128.126853875,119.63129380168441,8.495560073315591,8.701765142646368,6.673980711090092,96.35416666666666,14.42968995406925,24.80422981079606,6.4010457968663985,9.71914134871035
raw_xgb_lgb_production,Raw_Forecast_MWH,origin_22,2026-07-07 00:00:00-07:00,2026,Summer,7,380,187.94545492105263,180.86277861630526,7.082676304747352,8.543574260394642,4.375427263959581,78.6842105263158,18.10413938675448,32.5170898401669,15.386014710188704,10.862616248140016
raw_xgb_lgb_production,Raw_Forecast_MWH,origin_09,2025-09-14 00:00:00-07:00,2025,Summer,9,384,162.83103684895835,155.4764260150014,7.354610833956933,8.238344247084525,4.92082932618958,90.625,15.584064066292035,23.471441252077625,22.1817301393055,9.650720659855116
raw_xgb_lgb_production,Raw_Forecast_MWH,origin_18,2026-05-24 00:00:00-07:00,2026,Spring,5,384,142.90284213541665,135.5074079380909,7.395434197325791,7.951960032593565,5.716599211256503,91.14583333333334,14.16483268465949,23.068180003727008,8.352488200620911,9.213054367026459
raw_xgb_lgb_production,Raw_Forecast_MWH,origin_04,2025-04-27 00:00:00-07:00,2025,Spring,4,384,121.913576171875,114.07528895710368,7.8382872147713245,7.933319992334006,6.392118818463646,96.61458333333334,14.386929192634332,24.745977830835102,2.849297675624129,9.154589812531393
raw_xgb_lgb_production,Raw_Forecast_MWH,origin_21,2026-07-06 00:00:00-07:00,2026,Summer,7,380,185.74302035789472,179.57854478084215,6.164475577052583,7.706001492772768,4.053647176843748,79.73684210526316,16.670207437011083,28.5728216652536,18.3504926686432,9.846391505402599
raw_xgb_lgb_production,Raw_Forecast_MWH,origin_19,2026-05-28 00:00:00-07:00,2026,Spring,5,384,158.50971714583332,151.14327880319473,7.3664383426386095,7.704511014577629,4.976930970508167,93.22916666666666,14.405044077826249,23.202089279778306,8.78221926240451,8.987240827773821
raw_xgb_lgb_production,Raw_Forecast_MWH,origin_14,2026-01-31 23:00:00-08:00,2026,Winter,1,384,120.6618153359375,113.22988475894272,7.43193057699478,7.672132215827041,6.175077551009917,95.05208333333334,13.915371462781152,32.03265549645309,6.314368784163918,9.258845769304273
raw_xgb_lgb_production,Raw_Forecast_MWH,origin_20,2026-05-29 00:00:00-07:00,2026,Spring,5,384,163.7729361171875,156.39144445675007,7.3814916604374305,7.576732727234549,4.8002136492459195,94.27083333333334,13.619692890992006,22.77624189547504,6.081540236086113,8.786582566026873
raw_xgb_lgb_production,Raw_Forecast_MWH,origin_10,2025-10-12 00:00:00-07:00,2025,Fall,10,384,118.67937204947917,111.29269952991639,7.3866725195627625,7.544964711645907,6.214324457825735,95.83333333333334,12.562743316823909,18.163349359500273,6.088971894749321,8.472390907573589
raw_xgb_lgb_production,Raw_Forecast_MWH,origin_16,2026-03-29 00:00:00-07:00,2026,Spring,3,384,120.51718188281251,113.77950706874175,6.7376748140707505,7.213935673183279,5.806544541408669,92.70833333333334,13.764680007090083,24.66447051368985,9.296422789343126,8.72169895414459
raw_xgb_lgb_production,Raw_Forecast_MWH,origin_15,2026-02-28 23:00:00-08:00,2026,Winter,2,384,115.88717167708334,108.91259505926597,6.974576617817378,7.211424891659558,6.098094287466591,95.3125,12.33736473612674,17.418691056861974,6.896787020555024,8.134452816822389
raw_xgb_lgb_production,Raw_Forecast_MWH,origin_03,2025-03-30 00:00:00-07:00,2025,Spring,3,384,111.3258731328125,105.90909354595219,5.416779586860321,5.598156394041834,4.8846581930778274,92.44791666666666,10.528555071944027,18.15736368554586,4.237285753214607,6.700197541680269
raw_xgb_lgb_production,Raw_Forecast_MWH,origin_06,2025-06-22 00:00:00-07:00,2025,Summer,6,384,168.52844033593752,164.34439456209796,4.184045773839535,5.53954984248423,3.1121210392626484,78.64583333333334,12.282254138498605,22.510742224720104,16.970606256807883,7.161983974721109
raw_xgb_lgb_production,Raw_Forecast_MWH,origin_05,2025-05-25 00:00:00-07:00,2025,Spring,5,384,153.69139593489584,149.65030151856115,4.041094416334683,5.471487530525931,3.4864068415252443,74.21875,12.754276558976708,27.7845642559152,21.749517030789804,7.598782446058033
raw_xgb_lgb_production,Raw_Forecast_MWH,origin_02,2024-11-09 23:00:00-08:00,2024,Fall,11,384,116.68925462760417,112.37426369945824,4.314990928145933,5.174365081904051,4.131862271272848,80.46875,11.037609607404333,20.269956906635684,7.9015999205291365,6.588193747899349
raw_xgb_lgb_production,Raw_Forecast_MWH,origin_01,2024-10-13 00:00:00-07:00,2024,Fall,10,384,116.30257716666667,115.84517922446706,0.45739794219960733,3.3026320915979337,2.7926761339176314,48.4375,6.6133822221676795,17.68394275892308,10.2610672514827,4.377375238306942
targeted_residual_meta_adjusted,Targeted_Meta_Adjusted_Forecast_MWH,origin_07,2025-07-20 00:00:00-07:00,2025,Summer,7,384,157.82088622916666,140.284602023889,17.536284205277685,17.542166146015422,10.541774946624377,99.47916666666666,34.31677505403011,52.1662290034742,0.6054874926565503,20.586262274926195
targeted_residual_meta_adjusted,Targeted_Meta_Adjusted_Forecast_MWH,origin_08,2025-08-17 00:00:00-07:00,2025,Summer,8,384,187.771909734375,176.87009335673687,10.901816377638136,11.44071351804079,5.593201216522416,91.40625,25.74651002181858,37.73694728727986,19.026377345507285,14.395132393749787
targeted_residual_meta_adjusted,Targeted_Meta_Adjusted_Forecast_MWH,origin_23,2026-07-20 00:00:00-07:00,2026,Summer,7,384,200.19178741406247,191.78186172709664,8.409925686965849,8.805421265968098,4.021039983228454,93.48958333333334,19.988463379310947,28.52070798639801,10.73005067485093,11.145703385031792
targeted_residual_meta_adjusted,Targeted_Meta_Adjusted_Forecast_MWH,origin_11,2025-11-08 23:00:00-08:00,2025,Fall,11,384,122.29222068489582,113.79420454421357,8.498016140682267,8.558424315185714,6.8395049414032085,97.91666666666666,14.141750747051049,27.19933413940798,5.602359280683487,9.80384925187758
targeted_residual_meta_adjusted,Targeted_Meta_Adjusted_Forecast_MWH,origin_17,2026-04-26 00:00:00-07:00,2026,Spring,4,384,127.136992640625,119.71113032537454,7.425862315250451,8.539954867728662,6.135363326359777,84.89583333333334,19.26983152801132,41.22436865570691,10.288490029675472,11.32940064152572
targeted_residual_meta_adjusted,Targeted_Meta_Adjusted_Forecast_MWH,origin_24,2026-07-21 00:00:00-07:00,2026,Summer,7,384,200.7955977239583,193.69753493181122,7.098062792147128,7.8031441124812,3.4588879184157046,89.0625,18.73511860110772,28.277840498220144,14.226608786985594,10.355155051174158
targeted_residual_meta_adjusted,Targeted_Meta_Adjusted_Forecast_MWH,origin_12,2025-12-06 23:00:00-08:00,2025,Winter,12,384,139.45845884114584,132.10899116227498,7.349467678870841,7.643628351960603,5.245528241775223,93.48958333333334,15.993074324602217,23.92947140548776,9.243341210948842,9.204191097982406
targeted_residual_meta_adjusted,Targeted_Meta_Adjusted_Forecast_MWH,origin_22,2026-07-07 00:00:00-07:00,2026,Summer,7,380,187.94545492105263,183.3511556975825,4.594299223470122,7.336327483647908,3.70855578312997,67.63157894736842,16.021280421268457,28.239740421041972,16.793679474379957,9.515965270218375
targeted_residual_meta_adjusted,Targeted_Meta_Adjusted_Forecast_MWH,origin_04,2025-04-27 00:00:00-07:00,2025,Spring,4,384,121.913576171875,115.5619498113113,6.351626360563713,6.607958821471939,5.237087762933189,92.70833333333334,13.013283858796111,22.60640789094201,5.1280483052766215,7.9155721856498635
targeted_residual_meta_adjusted,Targeted_Meta_Adjusted_Forecast_MWH,origin_21,2026-07-06 00:00:00-07:00,2026,Summer,7,380,185.74302035789472,182.38221060465534,3.3608097532393915,6.574341097225118,3.3988435572641045,63.94736842105263,14.763201113994347,28.567525863054982,18.3504926686432,8.633050236481383
targeted_residual_meta_adjusted,Targeted_Meta_Adjusted_Forecast_MWH,origin_02,2024-11-09 23:00:00-08:00,2024,Fall,11,384,116.68925462760417,111.46818810990139,5.221066517702783,5.623281790874789,4.502474878255031,88.28125,11.869238293719311,21.647070853393572,6.850203874776156,7.146752867407068
targeted_residual_meta_adjusted,Targeted_Meta_Adjusted_Forecast_MWH,origin_09,2025-09-14 00:00:00-07:00,2025,Summer,9,384,162.83103684895835,159.19818213262496,3.632854716333369,5.5492246388026105,3.186277534311515,77.34375,11.711104578667198,18.483237291099925,29.524914666419676,7.226288057435292
targeted_residual_meta_adjusted,Targeted_Meta_Adjusted_Forecast_MWH,origin_18,2026-05-24 00:00:00-07:00,2026,Spring,5,384,142.90284213541665,139.7219236041442,3.180918531272464,5.422495278008295,3.8101372933053317,75.26041666666666,11.170167259066591,20.586751843053918,13.789136563787878,6.6218889747585425
targeted_residual_meta_adjusted,Targeted_Meta_Adjusted_Forecast_MWH,origin_19,2026-05-28 00:00:00-07:00,2026,Spring,5,384,158.50971714583332,155.2429172932014,3.2667998526319253,5.104996364586847,3.1297734770000036,74.73958333333334,10.757390808025095,23.202089279778306,12.82151385257822,6.466594406367215
targeted_residual_meta_adjusted,Targeted_Meta_Adjusted_Forecast_MWH,origin_20,2026-05-29 00:00:00-07:00,2026,Spring,5,384,163.7729361171875,160.23715782591253,3.5357782912749642,5.0567722982347645,3.0819852135125316,77.60416666666666,10.42598486843347,19.251507506138466,12.197514109706333,6.349608150948667
targeted_residual_meta_adjusted,Targeted_Meta_Adjusted_Forecast_MWH,origin_10,2025-10-12 00:00:00-07:00,2025,Fall,10,384,118.67937204947917,114.53434130145492,4.145030748024252,4.9226312653400015,4.037736649674911,85.9375,8.845733410758651,13.933652109997126,11.16874424305783,5.76837035878134
targeted_residual_meta_adjusted,Targeted_Meta_Adjusted_Forecast_MWH,origin_13,2026-01-03 23:00:00-08:00,2026,Winter,1,384,128.126853875,124.88362806287246,3.2432258121275335,4.815221301225347,3.6807204254961623,81.25,9.416933396752352,17.588416705163453,14.34196115465862,5.836883817023608
targeted_residual_meta_adjusted,Targeted_Meta_Adjusted_Forecast_MWH,origin_16,2026-03-29 00:00:00-07:00,2026,Spring,3,384,120.51718188281251,117.28033905744526,3.2368428253672312,4.725638074073269,3.81279527782462,72.91666666666666,9.434366515594112,20.603180752296566,11.212022831813641,6.064777182558699
targeted_residual_meta_adjusted,Targeted_Meta_Adjusted_Forecast_MWH,origin_05,2025-05-25 00:00:00-07:00,2025,Spring,5,384,153.69139593489584,152.6865266697109,1.0048692651849473,4.547150358292535,2.854961824201245,50.260416666666664,10.334413023577888,23.39877447297843,21.749517030789804,6.230821654030486
targeted_residual_meta_adjusted,Targeted_Meta_Adjusted_Forecast_MWH,origin_06,2025-06-22 00:00:00-07:00,2025,Summer,6,384,168.52844033593752,167.57018111198988,0.958259223947619,4.5264706368705925,2.6194792996701723,50.260416666666664,12.436686062460113,22.09032091663269,20.56989317618647,6.417393011584842
targeted_residual_meta_adjusted,Targeted_Meta_Adjusted_Forecast_MWH,origin_15,2026-02-28 23:00:00-08:00,2026,Winter,2,384,115.88717167708334,112.37188549087188,3.5152861862114615,4.513630104485211,3.824275998736448,82.03125,8.682458314065048,12.699028355347963,9.928689858373545,5.352021396745448
targeted_residual_meta_adjusted,Targeted_Meta_Adjusted_Forecast_MWH,origin_14,2026-01-31 23:00:00-08:00,2026,Winter,1,384,120.6618153359375,117.55089588566669,3.110919450270815,4.40205901998022,3.5165893789989013,76.30208333333334,9.051212276266172,24.08901601305189,11.606797502632759,5.980776967088619
targeted_residual_meta_adjusted,Targeted_Meta_Adjusted_Forecast_MWH,origin_03,2025-03-30 00:00:00-07:00,2025,Spring,3,384,111.3258731328125,108.41833864601618,2.9075344867963273,3.7674619573856147,3.2909422094496477,79.16666666666666,7.714874402550149,15.6828379683204,6.618038159201504,4.779140522662658
targeted_residual_meta_adjusted,Targeted_Meta_Adjusted_Forecast_MWH,origin_01,2024-10-13 00:00:00-07:00,2024,Fall,10,384,116.30257716666667,115.10584069992252,1.196736466744145,3.0276158196048897,2.4817476484259227,54.427083333333336,6.816854400073771,17.577422375653043,8.864108290552394,4.276264867704018
residual_calibrated,Residual_Calibrated_Forecast_MWH,origin_07,2025-07-20 00:00:00-07:00,2025,Summer,7,384,157.82088622916666,144.79496814607054,13.025918083096137,13.080726769223523,7.823398757342169,98.4375,26.9110650188845,41.8463017459452,3.056940540308659,15.792293495379715
residual_calibrated,Residual_Calibrated_Forecast_MWH,origin_08,2025-08-17 00:00:00-07:00,2025,Summer,8,384,187.771909734375,182.32925872147868,5.442651012896337,7.263560141342569,3.5540490056765996,75.52083333333334,16.80754520006679,28.88516582755011,27.758210223898914,9.648441160101832
residual_calibrated,Residual_Calibrated_Forecast_MWH,origin_23,2026-07-20 00:00:00-07:00,2026,Summer,7,384,200.19178741406247,194.3840560567354,5.807731357327078,6.576960256992049,2.9721217703734033,84.375,14.940423837146383,22.800203014897306,11.628191373186866,8.69251308863981
residual_calibrated,Residual_Calibrated_Forecast_MWH,origin_22,2026-07-07 00:00:00-07:00,2026,Summer,7,380,187.94545492105263,185.6946400912646,2.2508148297880375,6.426206062314778,3.349050595031066,56.57894736842105,13.758668365762324,24.752215465666296,20.721348774468623,8.275984389732745
residual_calibrated,Residual_Calibrated_Forecast_MWH,origin_11,2025-11-08 23:00:00-08:00,2025,Fall,11,384,122.29222068489582,116.19876573861517,6.093454946280672,6.376098147336637,5.0497052988961,91.66666666666666,11.38849547386218,25.561923800286763,7.344286269039358,7.7798000750113445
residual_calibrated,Residual_Calibrated_Forecast_MWH,origin_17,2026-04-26 00:00:00-07:00,2026,Spring,4,384,127.136992640625,123.40117504045709,3.735817600167914,6.2852407883645744,4.494950358275269,69.79166666666666,13.150457133856413,35.909047221106164,13.67751729468597,8.710642263915345
residual_calibrated,Residual_Calibrated_Forecast_MWH,origin_24,2026-07-21 00:00:00-07:00,2026,Summer,7,384,200.7955977239583,196.3518422342627,4.443755489695605,5.827054838479328,2.583961459727099,72.65625,14.623898961908699,22.378632239652745,15.370493392075929,7.955939037325502
residual_calibrated,Residual_Calibrated_Forecast_MWH,origin_21,2026-07-06 00:00:00-07:00,2026,Summer,7,380,185.74302035789472,185.31802862665734,0.42499173123739536,5.724392946573971,3.101366035798218,46.578947368421055,11.880298754957575,24.357211263114976,22.9839304926532,7.436547032155618
residual_calibrated,Residual_Calibrated_Forecast_MWH,origin_02,2024-11-09 23:00:00-08:00,2024,Fall,11,384,116.68925462760417,111.38189717887484,5.307357448729325,5.641859316102025,4.553883871348385,89.84375,11.527396784088111,20.89873547902191,6.868490130604258,7.066872239482846
residual_calibrated,Residual_Calibrated_Forecast_MWH,origin_13,2026-01-03 23:00:00-08:00,2026,Winter,1,384,128.126853875,132.69926973807844,-4.572415863078434,5.331173890082296,4.285852972225523,14.583333333333334,12.117963225337334,11.085952856677608,24.832327965559173,7.044164006100202
residual_calibrated,Residual_Calibrated_Forecast_MWH,origin_04,2025-04-27 00:00:00-07:00,2025,Spring,4,384,121.913576171875,117.45089920197144,4.4626769699035655,5.10143334364682,3.9646956741709087,86.45833333333334,11.14132420764217,21.30050617842403,6.350862691868144,6.5064461632744015
residual_calibrated,Residual_Calibrated_Forecast_MWH,origin_06,2025-06-22 00:00:00-07:00,2025,Summer,6,384,168.52844033593752,171.48509344782656,-2.956653111889048,5.044634356640818,3.3019529911937178,22.916666666666664,9.88167060441857,13.843665721622301,22.846245584136682,6.484630081558494
residual_calibrated,Residual_Calibrated_Forecast_MWH,origin_05,2025-05-25 00:00:00-07:00,2025,Spring,5,384,153.69139593489584,155.45821648404967,-1.7668205491538398,4.885193780438802,3.1997611277199343,31.770833333333332,9.983662306308482,20.623874842339234,25.118838127629573,6.324258518322674
residual_calibrated,Residual_Calibrated_Forecast_MWH,origin_18,2026-05-24 00:00:00-07:00,2026,Spring,5,384,142.90284213541665,143.4488873523899,-0.5460452169732201,4.558151527558181,3.2173371090253546,50.520833333333336,9.751126839184998,15.867707926442108,17.55554121305414,5.894779978257602
residual_calibrated,Residual_Calibrated_Forecast_MWH,origin_12,2025-12-06 23:00:00-08:00,2025,Winter,12,384,139.45845884114584,136.12634104835274,3.3321177927930847,4.4960207239026895,3.1019134304440743,77.86458333333334,10.99621217528997,18.24255460272451,14.615377373633322,5.981291566320928
residual_calibrated,Residual_Calibrated_Forecast_MWH,origin_19,2026-05-28 00:00:00-07:00,2026,Spring,5,384,158.50971714583332,158.89654307976056,-0.38682593392721315,4.019892298628099,2.495791899783266,48.4375,8.505122951451577,18.964268700300295,16.137052374952304,5.332927090845707
residual_calibrated,Residual_Calibrated_Forecast_MWH,origin_09,2025-09-14 00:00:00-07:00,2025,Summer,9,384,162.83103684895835,163.2114453094165,-0.3804084604581502,3.9470613834213935,2.4147975905010948,50.520833333333336,8.039447814565074,12.24891248512563,34.30383434643559,5.82065522936785
residual_calibrated,Residual_Calibrated_Forecast_MWH,origin_14,2026-01-31 23:00:00-08:00,2026,Winter,1,384,120.6618153359375,122.25226334210252,-1.5904480061650272,3.9227020486129915,3.2307370974979466,28.90625,8.103762313545275,18.26648850316755,15.756342006991048,5.237253227916375
residual_calibrated,Residual_Calibrated_Forecast_MWH,origin_20,2026-05-29 00:00:00-07:00,2026,Spring,5,384,163.7729361171875,163.74213704252995,0.03079907465755379,3.8976147558239824,2.3849373898451716,51.041666666666664,8.316923308357746,15.403043389897988,15.227946178795492,5.08110479555586
residual_calibrated,Residual_Calibrated_Forecast_MWH,origin_16,2026-03-29 00:00:00-07:00,2026,Spring,3,384,120.51718188281251,120.57903470524106,-0.06185282242855402,3.8936589054407498,3.1682616920348377,50.520833333333336,7.894208772165452,18.639269020245536,15.092766426028902,4.993205265233791
residual_calibrated,Residual_Calibrated_Forecast_MWH,origin_10,2025-10-12 00:00:00-07:00,2025,Fall,10,384,118.67937204947917,116.77720028825438,1.9021717612248026,3.453468884948354,2.8405771668219093,75.0,6.920600857878512,10.404916426874308,12.466308294157926,4.279635211864316
residual_calibrated,Residual_Calibrated_Forecast_MWH,origin_15,2026-02-28 23:00:00-08:00,2026,Winter,2,384,115.88717167708334,116.4834782223597,-0.5963065452763617,3.053628897795368,2.645256045061348,46.35416666666667,6.172015288304628,8.45699542209735,13.455733416924133,3.9353486535569764
residual_calibrated,Residual_Calibrated_Forecast_MWH,origin_03,2025-03-30 00:00:00-07:00,2025,Spring,3,384,111.3258731328125,110.53514069404092,0.7907324387715858,2.83498107292891,2.4833001491671456,58.333333333333336,5.956831953696273,12.244317629918427,9.305616145677874,3.7178367931977685
residual_calibrated,Residual_Calibrated_Forecast_MWH,origin_01,2024-10-13 00:00:00-07:00,2024,Fall,10,384,116.30257716666667,115.3446957278669,0.9578814387997543,2.822134991868548,2.321813737335681,52.864583333333336,6.259981406284454,16.4703199918946,10.12401904841758,4.04120745183638
warm_ramp_adjusted,Warm_Ramp_Adjusted_Forecast_MWH,origin_07,2025-07-20 00:00:00-07:00,2025,Summer,7,384,157.82088622916666,144.79496814607054,13.025918083096137,13.080726769223523,7.823398757342169,98.4375,26.9110650188845,41.8463017459452,3.056940540308659,15.792293495379715
warm_ramp_adjusted,Warm_Ramp_Adjusted_Forecast_MWH,origin_08,2025-08-17 00:00:00-07:00,2025,Summer,8,384,187.771909734375,182.32925872147868,5.442651012896337,7.263560141342569,3.5540490056765996,75.52083333333334,16.80754520006679,28.88516582755011,27.758210223898914,9.648441160101832
warm_ramp_adjusted,Warm_Ramp_Adjusted_Forecast_MWH,origin_23,2026-07-20 00:00:00-07:00,2026,Summer,7,384,200.19178741406247,194.3840560567354,5.807731357327078,6.576960256992049,2.9721217703734033,84.375,14.940423837146383,22.800203014897306,11.628191373186866,8.69251308863981
warm_ramp_adjusted,Warm_Ramp_Adjusted_Forecast_MWH,origin_22,2026-07-07 00:00:00-07:00,2026,Summer,7,380,187.94545492105263,185.6946400912646,2.2508148297880375,6.426206062314778,3.349050595031066,56.57894736842105,13.758668365762324,24.752215465666296,20.721348774468623,8.275984389732745
warm_ramp_adjusted,Warm_Ramp_Adjusted_Forecast_MWH,origin_11,2025-11-08 23:00:00-08:00,2025,Fall,11,384,122.29222068489582,116.30805656097944,5.984164123916396,6.351203562941049,5.032045191764047,90.36458333333334,11.38849547386218,25.561923800286763,7.344286269039358,7.75650711626083
warm_ramp_adjusted,Warm_Ramp_Adjusted_Forecast_MWH,origin_24,2026-07-21 00:00:00-07:00,2026,Summer,7,384,200.7955977239583,196.3518422342627,4.443755489695605,5.827054838479328,2.583961459727099,72.65625,14.623898961908699,22.378632239652745,15.370493392075929,7.955939037325502
warm_ramp_adjusted,Warm_Ramp_Adjusted_Forecast_MWH,origin_21,2026-07-06 00:00:00-07:00,2026,Summer,7,380,185.74302035789472,185.31802862665734,0.42499173123739536,5.724392946573971,3.101366035798218,46.578947368421055,11.880298754957575,24.357211263114976,22.9839304926532,7.436547032155618
warm_ramp_adjusted,Warm_Ramp_Adjusted_Forecast_MWH,origin_17,2026-04-26 00:00:00-07:00,2026,Spring,4,384,127.136992640625,124.63352979977638,2.5034628408486284,5.6541123522156775,4.159504148433984,66.40625,11.276892911714082,35.909047221106164,17.120691017929772,7.88499231917701
warm_ramp_adjusted,Warm_Ramp_Adjusted_Forecast_MWH,origin_02,2024-11-09 23:00:00-08:00,2024,Fall,11,384,116.68925462760417,111.38189717887484,5.307357448729325,5.641859316102025,4.553883871348385,89.84375,11.527396784088111,20.89873547902191,6.868490130604258,7.066872239482846
warm_ramp_adjusted,Warm_Ramp_Adjusted_Forecast_MWH,origin_13,2026-01-03 23:00:00-08:00,2026,Winter,1,384,128.126853875,132.69926973807844,-4.572415863078434,5.331173890082296,4.285852972225523,14.583333333333334,12.117963225337334,11.085952856677608,24.832327965559173,7.044164006100202
warm_ramp_adjusted,Warm_Ramp_Adjusted_Forecast_MWH,origin_06,2025-06-22 00:00:00-07:00,2025,Summer,6,384,168.52844033593752,171.48509344782656,-2.956653111889048,5.044634356640818,3.3019529911937178,22.916666666666664,9.88167060441857,13.843665721622301,22.846245584136682,6.484630081558494
warm_ramp_adjusted,Warm_Ramp_Adjusted_Forecast_MWH,origin_04,2025-04-27 00:00:00-07:00,2025,Spring,4,384,121.913576171875,117.75492610177342,4.158650070101587,4.995847324485221,3.88935194475833,84.11458333333334,10.782748555715836,21.30050617842403,7.622508296536964,6.38950645960724
warm_ramp_adjusted,Warm_Ramp_Adjusted_Forecast_MWH,origin_05,2025-05-25 00:00:00-07:00,2025,Spring,5,384,153.69139593489584,155.82572778339184,-2.1343318484959948,4.9704120217373,3.274075079379027,29.6875,10.134479809833062,20.623874842339234,25.118838127629573,6.42552480573809
warm_ramp_adjusted,Warm_Ramp_Adjusted_Forecast_MWH,origin_18,2026-05-24 00:00:00-07:00,2026,Spring,5,384,142.90284213541665,144.09633540272148,-1.193493267304803,4.859132308159102,3.440387583213866,48.4375,10.85900411200801,15.867707926442108,23.15858022977011,6.47413571819002
warm_ramp_adjusted,Warm_Ramp_Adjusted_Forecast_MWH,origin_12,2025-12-06 23:00:00-08:00,2025,Winter,12,384,139.45845884114584,136.12634104835274,3.3321177927930847,4.4960207239026895,3.1019134304440743,77.86458333333334,10.99621217528997,18.24255460272451,14.615377373633322,5.981291566320928
warm_ramp_adjusted,Warm_Ramp_Adjusted_Forecast_MWH,origin_16,2026-03-29 00:00:00-07:00,2026,Spring,3,384,120.51718188281251,121.85926086152755,-1.3420789787150322,4.384211835803394,3.5448752748460666,43.48958333333333,9.527829900500715,18.639269020245536,18.659553784739217,5.731962162802709
warm_ramp_adjusted,Warm_Ramp_Adjusted_Forecast_MWH,origin_19,2026-05-28 00:00:00-07:00,2026,Spring,5,384,158.50971714583332,159.1589315873085,-0.6492144414751779,3.952627486969218,2.4656244962245197,46.61458333333333,8.499510643356095,18.964268700300295,16.137052374952304,5.24153805711998
warm_ramp_adjusted,Warm_Ramp_Adjusted_Forecast_MWH,origin_09,2025-09-14 00:00:00-07:00,2025,Summer,9,384,162.83103684895835,163.2114453094165,-0.3804084604581502,3.9470613834213935,2.4147975905010948,50.520833333333336,8.039447814565074,12.24891248512563,34.30383434643559,5.82065522936785
warm_ramp_adjusted,Warm_Ramp_Adjusted_Forecast_MWH,origin_14,2026-01-31 23:00:00-08:00,2026,Winter,1,384,120.6618153359375,122.25226334210252,-1.5904480061650272,3.9227020486129915,3.2307370974979466,28.90625,8.103762313545275,18.26648850316755,15.756342006991048,5.237253227916375
warm_ramp_adjusted,Warm_Ramp_Adjusted_Forecast_MWH,origin_20,2026-05-29 00:00:00-07:00,2026,Spring,5,384,163.7729361171875,163.9767612451427,-0.20382512795520913,3.8085201195889535,2.340700567212727,49.21875,7.985656527360395,15.403043389897988,15.227946178795492,4.954907195939312
warm_ramp_adjusted,Warm_Ramp_Adjusted_Forecast_MWH,origin_10,2025-10-12 00:00:00-07:00,2025,Fall,10,384,118.67937204947917,117.04661853435867,1.6327535151205073,3.192004360563013,2.659200908666919,74.47916666666666,6.374479451117355,9.913150777762297,12.466308294157926,3.925891614012492
warm_ramp_adjusted,Warm_Ramp_Adjusted_Forecast_MWH,origin_15,2026-02-28 23:00:00-08:00,2026,Winter,2,384,115.88717167708334,116.4834782223597,-0.5963065452763617,3.053628897795368,2.645256045061348,46.35416666666667,6.172015288304628,8.45699542209735,13.455733416924133,3.9353486535569764
warm_ramp_adjusted,Warm_Ramp_Adjusted_Forecast_MWH,origin_03,2025-03-30 00:00:00-07:00,2025,Spring,3,384,111.3258731328125,110.83883075785646,0.4870423749560315,2.914269954155994,2.542001458140785,56.510416666666664,6.136061610386365,12.244317629918427,9.305616145677874,3.808838738011829
warm_ramp_adjusted,Warm_Ramp_Adjusted_Forecast_MWH,origin_01,2024-10-13 00:00:00-07:00,2024,Fall,10,384,116.30257716666667,115.35255651753221,0.9500206491344588,2.863658224695165,2.354922385102976,53.385416666666664,6.416721966135456,16.256130381574252,10.12401904841758,4.0597031997451305
cloud_solar_adjusted,Cloud_Solar_Adjusted_Forecast_MWH,origin_07,2025-07-20 00:00:00-07:00,2025,Summer,7,384,157.82088622916666,144.88854017986952,12.93234604929713,12.988777814682967,7.764511444876046,98.4375,26.9110650188845,41.8463017459452,3.056940540308659,15.707719513944463
cloud_solar_adjusted,Cloud_Solar_Adjusted_Forecast_MWH,origin_08,2025-08-17 00:00:00-07:00,2025,Summer,8,384,187.771909734375,182.445874400197,5.326035334177997,7.2314302305209885,3.5427989849172032,74.47916666666666,16.745461455774432,28.88516582755011,27.758210223898914,9.60988054261133
cloud_solar_adjusted,Cloud_Solar_Adjusted_Forecast_MWH,origin_23,2026-07-20 00:00:00-07:00,2026,Summer,7,384,200.19178741406247,194.40261428601283,5.789173128049666,6.557715939128364,2.9649314026558717,84.375,15.004401744197676,22.800203014897306,11.399032054969098,8.677424021673023
cloud_solar_adjusted,Cloud_Solar_Adjusted_Forecast_MWH,origin_22,2026-07-07 00:00:00-07:00,2026,Summer,7,380,187.94545492105263,185.70897328517734,2.236481635875295,6.417674884920461,3.3449025729986195,56.57894736842105,13.758668365762324,24.752215465666296,20.721348774468623,8.26159287784634
cloud_solar_adjusted,Cloud_Solar_Adjusted_Forecast_MWH,origin_11,2025-11-08 23:00:00-08:00,2025,Fall,11,384,122.29222068489582,116.41365274623763,5.8785679386582,6.28822244772181,4.986859879815153,89.32291666666666,11.38849547386218,25.70509222917559,7.407569023426603,7.6965000381352136
cloud_solar_adjusted,Cloud_Solar_Adjusted_Forecast_MWH,origin_24,2026-07-21 00:00:00-07:00,2026,Summer,7,384,200.7955977239583,196.37866273913824,4.416934984820105,5.815126744683396,2.5795122464990237,72.39583333333334,14.623898961908699,22.378632239652745,15.16077005517647,7.945009226650351
cloud_solar_adjusted,Cloud_Solar_Adjusted_Forecast_MWH,origin_13,2026-01-03 23:00:00-08:00,2026,Winter,1,384,128.126853875,133.2022302063785,-5.075376331378485,5.812613742343537,4.668203872670231,14.0625,14.027771967134305,11.085952856677608,29.616798919332922,7.899055986346198
cloud_solar_adjusted,Cloud_Solar_Adjusted_Forecast_MWH,origin_21,2026-07-06 00:00:00-07:00,2026,Summer,7,380,185.74302035789472,185.33450347879722,0.40851687909751483,5.723421272379566,3.1005781391746057,46.578947368421055,11.869024395219835,24.357211263114976,22.9839304926532,7.427278801424209
cloud_solar_adjusted,Cloud_Solar_Adjusted_Forecast_MWH,origin_17,2026-04-26 00:00:00-07:00,2026,Spring,4,384,127.136992640625,124.66390397543474,2.4730886651902666,5.6210275376782555,4.1305298762058,65.625,11.239050601266026,37.47145063339579,17.120691017929772,7.886859449630906
cloud_solar_adjusted,Cloud_Solar_Adjusted_Forecast_MWH,origin_02,2024-11-09 23:00:00-08:00,2024,Fall,11,384,116.68925462760417,111.46984434649279,5.219410281111364,5.544404258576884,4.487109896014573,89.84375,11.20724165640853,20.96128004979981,6.455318738074325,6.924650187137804
cloud_solar_adjusted,Cloud_Solar_Adjusted_Forecast_MWH,origin_06,2025-06-22 00:00:00-07:00,2025,Summer,6,384,168.52844033593752,171.5851866417607,-3.05674630582319,5.128807443684196,3.3568258091169483,22.916666666666664,9.905479975176801,13.843665721622301,22.846245584136682,6.597684180274632
cloud_solar_adjusted,Cloud_Solar_Adjusted_Forecast_MWH,origin_04,2025-04-27 00:00:00-07:00,2025,Spring,4,384,121.913576171875,117.7674736425351,4.146102529339903,4.985258798359903,3.8797406806335597,83.85416666666666,10.776152250114652,21.22231777153695,7.6810450182561,6.385094823634387
cloud_solar_adjusted,Cloud_Solar_Adjusted_Forecast_MWH,origin_05,2025-05-25 00:00:00-07:00,2025,Spring,5,384,153.69139593489584,155.8064794401853,-2.1150835052894905,4.976926637558667,3.2766262982634546,29.6875,10.121890270608308,20.623874842339234,25.118838127629573,6.434878600675737
cloud_solar_adjusted,Cloud_Solar_Adjusted_Forecast_MWH,origin_18,2026-05-24 00:00:00-07:00,2026,Spring,5,384,142.90284213541665,144.14407306523972,-1.2412309298230526,4.843253802363377,3.4316702349668198,48.17708333333333,10.567624016811141,14.804068093876793,23.785268899121235,6.466142292202552
cloud_solar_adjusted,Cloud_Solar_Adjusted_Forecast_MWH,origin_16,2026-03-29 00:00:00-07:00,2026,Spring,3,384,120.51718188281251,121.95135810472111,-1.4341762219086032,4.385569255011396,3.5484591475740292,43.22916666666667,9.504281966876398,16.8185573623893,18.659553784739217,5.705574355495855
cloud_solar_adjusted,Cloud_Solar_Adjusted_Forecast_MWH,origin_12,2025-12-06 23:00:00-08:00,2025,Winter,12,384,139.45845884114584,136.5834793360943,2.874979505051533,4.204036847369156,2.918736905197673,76.30208333333334,9.5395200913673,17.781121534176066,15.449211178740057,5.537187627539034
cloud_solar_adjusted,Cloud_Solar_Adjusted_Forecast_MWH,origin_09,2025-09-14 00:00:00-07:00,2025,Summer,9,384,162.83103684895835,163.29203824779657,-0.4610013988382437,3.968011486123638,2.426322409240394,49.47916666666667,8.039447814565074,11.59329727283523,35.07996251130754,5.896179590205069
cloud_solar_adjusted,Cloud_Solar_Adjusted_Forecast_MWH,origin_19,2026-05-28 00:00:00-07:00,2026,Spring,5,384,158.50971714583332,159.19840797689582,-0.6886908310624751,3.938990955440382,2.459079017565528,46.61458333333333,8.5033878151425,18.964268700300295,16.137052374952304,5.222226039149906
cloud_solar_adjusted,Cloud_Solar_Adjusted_Forecast_MWH,origin_14,2026-01-31 23:00:00-08:00,2026,Winter,1,384,120.6618153359375,122.42179654662435,-1.759981210686835,3.9329083368403546,3.2505625924749215,28.125,8.521812017136307,17.683322520054844,15.970092422541214,5.211235222705895
cloud_solar_adjusted,Cloud_Solar_Adjusted_Forecast_MWH,origin_20,2026-05-29 00:00:00-07:00,2026,Spring,5,384,163.7729361171875,164.00992655025274,-0.23699043306524903,3.7810639300870776,2.322442564950077,49.21875,7.915474612440669,14.396727004146214,15.727311809773084,4.922180597293186
cloud_solar_adjusted,Cloud_Solar_Adjusted_Forecast_MWH,origin_10,2025-10-12 00:00:00-07:00,2025,Fall,10,384,118.67937204947917,117.08913676886748,1.59023528061169,3.2054320707930875,2.6711757445639535,73.95833333333334,6.368376750607091,9.913150777762297,12.301221539221643,3.9589506337326377
cloud_solar_adjusted,Cloud_Solar_Adjusted_Forecast_MWH,origin_15,2026-02-28 23:00:00-08:00,2026,Winter,2,384,115.88717167708334,116.49511121648254,-0.6079395393992056,3.0835724720320337,2.671896183983691,46.35416666666667,6.374050955716922,8.45699542209735,13.80026692153369,3.980396536878097
cloud_solar_adjusted,Cloud_Solar_Adjusted_Forecast_MWH,origin_03,2025-03-30 00:00:00-07:00,2025,Spring,3,384,111.3258731328125,110.87791194453092,0.4479611882815828,2.904180812060108,2.5344647656719927,55.989583333333336,6.041560739179678,12.244317629918427,9.305616145677874,3.783271818462861
cloud_solar_adjusted,Cloud_Solar_Adjusted_Forecast_MWH,origin_01,2024-10-13 00:00:00-07:00,2024,Fall,10,384,116.30257716666667,115.32179446377897,0.9807827028877018,2.8688681234302926,2.3574307551055314,53.90625,6.416721966135456,16.256130381574252,10.12401904841758,4.084437205416996
recent_corrected_simulation,Recent_Corrected_Forecast_MWH,origin_07,2025-07-20 00:00:00-07:00,2025,Summer,7,384,157.82088622916666,146.27911278675288,11.541773442413794,11.691239288830971,6.836334901726342,97.13541666666666,25.986240250616365,41.8463017459452,4.892654457756834,14.730051194150096
recent_corrected_simulation,Recent_Corrected_Forecast_MWH,origin_08,2025-08-17 00:00:00-07:00,2025,Summer,8,384,187.771909734375,183.44844957796764,4.323460156407342,6.938921258972105,3.419543000876711,67.44791666666666,16.29347663673259,28.88516582755011,29.50646931865765,9.28670045852661
recent_corrected_simulation,Recent_Corrected_Forecast_MWH,origin_22,2026-07-07 00:00:00-07:00,2026,Summer,7,380,187.94545492105263,186.19272303028077,1.7527318907718719,6.446917394555726,3.387233227622176,54.473684210526315,13.393911090085318,24.752215465666296,21.617704759216394,8.22523575756022
recent_corrected_simulation,Recent_Corrected_Forecast_MWH,origin_23,2026-07-20 00:00:00-07:00,2026,Summer,7,384,200.19178741406247,194.77735321112667,5.414434202935837,6.31662333276542,2.8354196198974795,80.46875,14.816450624122512,22.800203014897306,11.92773610306358,8.47716002353519
recent_corrected_simulation,Recent_Corrected_Forecast_MWH,origin_13,2026-01-03 23:00:00-08:00,2026,Winter,1,384,128.126853875,133.38578200118044,-5.258928126180435,5.9420330511160095,4.772047966554049,13.28125,14.031484191852154,11.0274731790212,29.356602349953647,7.940316831211626
recent_corrected_simulation,Recent_Corrected_Forecast_MWH,origin_11,2025-11-08 23:00:00-08:00,2025,Fall,11,384,122.29222068489582,116.86421138268541,5.428009302210426,5.927199196000576,4.695672690385253,88.28125,10.962259065796845,25.355784660954512,7.922595290805617,7.342916695977548
recent_corrected_simulation,Recent_Corrected_Forecast_MWH,origin_21,2026-07-06 00:00:00-07:00,2026,Summer,7,380,185.74302035789472,185.88966514696466,-0.1466447890699339,5.9089942186523965,3.2377133680865904,44.73684210526316,12.4766993153476,24.357211263114976,22.9839304926532,7.5446464374867395
recent_corrected_simulation,Recent_Corrected_Forecast_MWH,origin_02,2024-11-09 23:00:00-08:00,2024,Fall,11,384,116.68925462760417,111.23546254614602,5.453792081458147,5.7233004938165974,4.648653223046463,91.40625,11.35518819961864,20.97766511629699,6.256769320182954,7.064649357930052
recent_corrected_simulation,Recent_Corrected_Forecast_MWH,origin_24,2026-07-21 00:00:00-07:00,2026,Summer,7,384,200.7955977239583,196.9510167775122,3.844580946446152,5.596104426696435,2.4751590629303153,70.57291666666666,14.364824155896056,22.378632239652745,15.94109683921053,7.714702188287404
recent_corrected_simulation,Recent_Corrected_Forecast_MWH,origin_17,2026-04-26 00:00:00-07:00,2026,Spring,4,384,127.136992640625,125.31651568459897,1.8204769560260345,5.4930955672081865,4.045242623913023,59.375,11.59900462489092,37.47145063339579,18.100900253330508,7.765684894464034
recent_corrected_simulation,Recent_Corrected_Forecast_MWH,origin_06,2025-06-22 00:00:00-07:00,2025,Summer,6,384,168.52844033593752,171.86435476618067,-3.3359144302431627,5.355019868506003,3.516966153718751,21.354166666666664,10.44169439861941,13.843665721622301,23.36520072557167,6.819527622835348
recent_corrected_simulation,Recent_Corrected_Forecast_MWH,origin_05,2025-05-25 00:00:00-07:00,2025,Spring,5,384,153.69139593489584,156.1436475261462,-2.4522515912503584,5.133756058039371,3.4074030971021947,27.604166666666668,10.633150479134619,20.28078934128112,25.118838127629573,6.570174722833039
recent_corrected_simulation,Recent_Corrected_Forecast_MWH,origin_18,2026-05-24 00:00:00-07:00,2026,Spring,5,384,142.90284213541665,144.15007301327958,-1.2472308778629102,4.828286728120712,3.4181593054467316,48.17708333333333,10.58282938292461,14.804068093876793,23.692304353315052,6.447415837032064
recent_corrected_simulation,Recent_Corrected_Forecast_MWH,origin_04,2025-04-27 00:00:00-07:00,2025,Spring,4,384,121.913576171875,118.05160116246226,3.861975009412726,4.788741110143479,3.7055588980885013,81.51041666666666,10.547543251467161,20.896081958852733,7.82148070355565,6.215696310860685
recent_corrected_simulation,Recent_Corrected_Forecast_MWH,origin_16,2026-03-29 00:00:00-07:00,2026,Spring,3,384,120.51718188281251,122.09325227645236,-1.576070393639861,4.372921075736084,3.5373325795089094,41.66666666666667,9.398489782485353,16.776229548032944,18.676371280161675,5.70040608120257
recent_corrected_simulation,Recent_Corrected_Forecast_MWH,origin_14,2026-01-31 23:00:00-08:00,2026,Winter,1,384,120.6618153359375,123.18806722910178,-2.5262518931642863,4.328490971067825,3.609098109665137,21.354166666666664,8.964661762906347,16.838286101670803,16.6440249474976,5.532485980663188
recent_corrected_simulation,Recent_Corrected_Forecast_MWH,origin_09,2025-09-14 00:00:00-07:00,2025,Summer,9,384,162.83103684895835,164.11542845929435,-1.2843916103360342,4.100256326982792,2.5494391146199336,42.44791666666667,8.077574306432199,10.628072183923024,36.23449650693749,6.102185209576488
recent_corrected_simulation,Recent_Corrected_Forecast_MWH,origin_19,2026-05-28 00:00:00-07:00,2026,Spring,5,384,158.50971714583332,159.49307071187042,-0.983353566037085,4.008217579207718,2.5172834531760757,40.88541666666667,8.749489532628285,18.964268700300295,16.182772222120946,5.2869578489982185
recent_corrected_simulation,Recent_Corrected_Forecast_MWH,origin_20,2026-05-29 00:00:00-07:00,2026,Spring,5,384,163.7729361171875,164.2213453887925,-0.4484092716050323,3.8198429000463325,2.348864590965204,46.09375,7.985656527360395,14.396727004146214,15.800320147167696,4.961026071034457
recent_corrected_simulation,Recent_Corrected_Forecast_MWH,origin_12,2025-12-06 23:00:00-08:00,2025,Winter,12,384,139.45845884114584,138.44129110710364,1.0171677340421823,3.45936551020732,2.459841557020842,61.197916666666664,8.053451334532394,15.919824898176586,17.326961774885746,4.796193212727436
recent_corrected_simulation,Recent_Corrected_Forecast_MWH,origin_15,2026-02-28 23:00:00-08:00,2026,Winter,2,384,115.88717167708334,116.7897700097668,-0.9025983326834591,3.117810529317833,2.7129174456171747,44.01041666666667,6.295148015267683,8.069505526250936,13.715243398090664,4.014703314458447
recent_corrected_simulation,Recent_Corrected_Forecast_MWH,origin_10,2025-10-12 00:00:00-07:00,2025,Fall,10,384,118.67937204947917,117.57009120152385,1.1092808479553151,3.0209028154847295,2.530669935942553,67.44791666666666,5.950296191782848,9.527839804684774,12.721086053178652,3.7928573618608805
recent_corrected_simulation,Recent_Corrected_Forecast_MWH,origin_03,2025-03-30 00:00:00-07:00,2025,Spring,3,384,111.3258731328125,111.32422571216915,0.0016474206433395218,2.8799654527214447,2.5171241021673048,51.302083333333336,6.263900630367915,11.902199230426788,9.62373278270276,3.757878449004036
recent_corrected_simulation,Recent_Corrected_Forecast_MWH,origin_01,2024-10-13 00:00:00-07:00,2024,Fall,10,384,116.30257716666667,115.15309474427029,1.1494824223963735,2.877376264620992,2.3552057958377737,56.770833333333336,6.332002491384718,16.093413246508305,10.236871862878616,4.113394642912101
stage_selected_production,Stage_Selected_Forecast_MWH,origin_07,2025-07-20 00:00:00-07:00,2025,Summer,7,384,157.82088622916666,147.76117061027745,10.059715618889216,10.159065280155914,6.262649236755738,98.17708333333334,19.882910962816673,33.96759241619739,8.421648042061037,12.040311903647893
stage_selected_production,Stage_Selected_Forecast_MWH,origin_08,2025-08-17 00:00:00-07:00,2025,Summer,8,384,187.771909734375,182.54371859692256,5.228191137452415,7.1293402540051325,3.74874036083007,72.65625,16.071386126137654,31.991195297902124,22.38545975431404,9.401554297925367
stage_selected_production,Stage_Selected_Forecast_MWH,origin_13,2026-01-03 23:00:00-08:00,2026,Winter,1,384,128.126853875,133.23632689813107,-5.109473023131058,6.369770957973858,5.044657396353348,15.364583333333334,14.378999418946885,18.544341382257016,27.019266382552217,8.226715138244314
stage_selected_production,Stage_Selected_Forecast_MWH,origin_06,2025-06-22 00:00:00-07:00,2025,Summer,6,384,168.52844033593752,173.14578438052672,-4.617344044589218,5.801645759086434,3.5963713835692883,18.489583333333336,12.565984587772784,7.603456472748746,25.9109977732233,7.578295357947112
stage_selected_production,Stage_Selected_Forecast_MWH,origin_21,2026-07-06 00:00:00-07:00,2026,Summer,7,380,185.74302035789472,188.3783675143807,-2.6353471564859636,5.481463212496369,3.0219374338417095,36.578947368421055,11.853439529851563,13.262828878127749,23.053930492653194,7.057589049295873
stage_selected_production,Stage_Selected_Forecast_MWH,origin_11,2025-11-08 23:00:00-08:00,2025,Fall,11,384,122.29222068489582,117.44278281747143,4.84943786742441,5.424170980246948,4.352082219523006,87.23958333333334,10.203904140113105,26.304686250160813,7.3973494501489085,6.909451603519587
stage_selected_production,Stage_Selected_Forecast_MWH,origin_04,2025-04-27 00:00:00-07:00,2025,Spring,4,384,121.913576171875,117.82241743023621,4.091158741638785,5.390186885364706,4.089966452113436,81.77083333333334,11.137176401788505,35.30657769740466,12.324096525914882,7.546754491391695
stage_selected_production,Stage_Selected_Forecast_MWH,origin_22,2026-07-07 00:00:00-07:00,2026,Summer,7,380,187.94545492105263,188.6029379273682,-0.6574830063155617,5.15451617517491,2.803490514076294,44.21052631578947,11.250354914038864,18.527832571838616,22.173888425502525,6.596060781730792
stage_selected_production,Stage_Selected_Forecast_MWH,origin_02,2024-11-09 23:00:00-08:00,2024,Fall,11,384,116.68925462760417,111.9962711563104,4.69298347129377,5.0258875629648365,4.158629505195139,89.58333333333334,9.731293117876087,17.221224481002878,6.554205469084096,6.119029817877425
stage_selected_production,Stage_Selected_Forecast_MWH,origin_23,2026-07-20 00:00:00-07:00,2026,Summer,7,384,200.19178741406247,197.51012732440054,2.6816600896619334,4.799099972924299,2.342349185084966,69.01041666666666,11.027000552501868,19.519482875719007,18.529786219067603,6.3893788294378355
stage_selected_production,Stage_Selected_Forecast_MWH,origin_05,2025-05-25 00:00:00-07:00,2025,Spring,5,384,153.69139593489584,155.6198834241311,-1.9284874892352708,4.767467014359034,3.117242132911139,29.166666666666668,10.227965414700611,21.827429949746175,15.118838127629573,6.2608095235423695
stage_selected_production,Stage_Selected_Forecast_MWH,origin_24,2026-07-21 00:00:00-07:00,2026,Summer,7,384,200.7955977239583,199.19241113602365,1.603186587934687,4.639995331604196,2.2021964724279326,59.635416666666664,10.58953919085272,20.553924015442078,19.864138894519186,6.254398646419924
stage_selected_production,Stage_Selected_Forecast_MWH,origin_17,2026-04-26 00:00:00-07:00,2026,Spring,4,384,127.136992640625,126.05779061010664,1.0792020305183503,4.595939301724785,3.5442211972796502,59.375,9.733931188427647,18.498058459073064,20.100900253330508,6.066363727790529
stage_selected_production,Stage_Selected_Forecast_MWH,origin_16,2026-03-29 00:00:00-07:00,2026,Spring,3,384,120.51718188281251,121.57207973000057,-1.0548978471880621,4.342472656877043,3.522062963769326,44.01041666666667,9.720828487421889,16.7409075940394,19.825039118368323,5.723275707709661
stage_selected_production,Stage_Selected_Forecast_MWH,origin_18,2026-05-24 00:00:00-07:00,2026,Spring,5,384,142.90284213541665,143.97089573843445,-1.0680536030177847,4.166760071280135,2.94494650364878,46.61458333333333,8.427103914713452,12.667441894946677,21.769289486128514,5.539257456935521
stage_selected_production,Stage_Selected_Forecast_MWH,origin_09,2025-09-14 00:00:00-07:00,2025,Summer,9,384,162.83103684895835,163.54182680532026,-0.710789956361939,3.9872164633963076,2.495078035508276,46.61458333333333,8.172302789025272,14.04429542576645,34.279781262893835,5.812371536852839
stage_selected_production,Stage_Selected_Forecast_MWH,origin_14,2026-01-31 23:00:00-08:00,2026,Winter,1,384,120.6618153359375,122.69497972668592,-2.033164390748413,3.948098178267428,3.272461222293858,22.916666666666664,8.274022238117134,16.128133886461455,12.820407484147921,5.0114707201229525
stage_selected_production,Stage_Selected_Forecast_MWH,origin_20,2026-05-29 00:00:00-07:00,2026,Spring,5,384,163.7729361171875,164.43531005751035,-0.6623739403228481,3.6758397303823447,2.2976135483878224,42.1875,8.045399348531785,18.016732825585052,18.29153860397321,4.924135070146911
stage_selected_production,Stage_Selected_Forecast_MWH,origin_19,2026-05-28 00:00:00-07:00,2026,Spring,5,384,158.50971714583332,159.67902152183763,-1.169304376004289,3.5267002576438498,2.2177325376059915,38.54166666666667,8.345173597408513,15.118554474186254,16.40589866815833,4.755690818821219
stage_selected_production,Stage_Selected_Forecast_MWH,origin_01,2024-10-13 00:00:00-07:00,2024,Fall,10,384,116.30257716666667,116.23249018259115,0.07008698407553064,3.128599205341668,2.565185271626332,47.13541666666667,7.890941102782052,15.958011395763833,11.687007993229344,4.447206139061092
stage_selected_production,Stage_Selected_Forecast_MWH,origin_12,2025-12-06 23:00:00-08:00,2025,Winter,12,384,139.45845884114584,138.70559946506089,0.7528593760849401,3.1014470001841925,2.2117021013494393,59.375,6.291414877718044,16.879930453384162,20.516171926195227,4.358857196508717
stage_selected_production,Stage_Selected_Forecast_MWH,origin_03,2025-03-30 00:00:00-07:00,2025,Spring,3,384,111.3258731328125,111.3175046673549,0.008368465457600838,3.066925470425127,2.6505241829688564,51.822916666666664,7.31467228993342,13.088582241775839,11.175631731423124,4.146457205298831
stage_selected_production,Stage_Selected_Forecast_MWH,origin_15,2026-02-28 23:00:00-08:00,2026,Winter,2,384,115.88717167708334,116.56706525004915,-0.6798935729658296,2.8234031595366793,2.4499548162089404,45.57291666666667,5.6958651769830055,13.77514970039934,12.582091368596707,3.6738647359680874
stage_selected_production,Stage_Selected_Forecast_MWH,origin_10,2025-10-12 00:00:00-07:00,2025,Fall,10,384,118.67937204947917,117.91699758450584,0.7623744649733424,2.73033192636591,2.2909257556872933,60.677083333333336,5.564627761331449,9.814607191445091,12.46077501885678,3.520628926390376
focused_shape_shadow,Focused_Shape_Adjusted_Forecast_MWH,origin_07,2025-07-20 00:00:00-07:00,2025,Summer,7,384,157.82088622916666,147.7209707554108,10.09991547375586,10.200868085016792,6.273374655223759,98.4375,19.90702303085282,33.96759241619739,8.421648042061037,12.132285668074106
focused_shape_shadow,Focused_Shape_Adjusted_Forecast_MWH,origin_08,2025-08-17 00:00:00-07:00,2025,Summer,8,384,187.771909734375,182.1918053023613,5.580104432013723,7.385255723619998,3.862925595260627,74.47916666666666,16.666748466933775,32.991195297902124,21.38545975431404,9.691809163384699
focused_shape_shadow,Focused_Shape_Adjusted_Forecast_MWH,origin_13,2026-01-03 23:00:00-08:00,2026,Winter,1,384,128.126853875,132.59353502383104,-4.466681148831026,5.922811072445335,4.690508591135111,17.1875,13.692742991452592,18.57725039922437,27.287159750010204,7.8649737193376685
focused_shape_shadow,Focused_Shape_Adjusted_Forecast_MWH,origin_06,2025-06-22 00:00:00-07:00,2025,Summer,6,384,168.52844033593752,172.87368050495596,-4.345240169018475,5.682259078343889,3.5312620675290245,20.3125,11.82076912098882,7.603456472748746,25.9109977732233,7.314183937414359
focused_shape_shadow,Focused_Shape_Adjusted_Forecast_MWH,origin_11,2025-11-08 23:00:00-08:00,2025,Fall,11,384,122.29222068489582,117.19068041358543,5.101540271310406,5.615204115729731,4.502201046527311,88.02083333333334,10.576619131299092,26.227514169323896,6.746416562434177,7.062391078428272
focused_shape_shadow,Focused_Shape_Adjusted_Forecast_MWH,origin_21,2026-07-06 00:00:00-07:00,2026,Summer,7,380,185.74302035789472,187.58502560293059,-1.842005245035857,5.506526480481715,3.021770738363266,39.73684210526316,11.52084533010749,16.05302409219709,23.053930492653194,7.019133019655402
focused_shape_shadow,Focused_Shape_Adjusted_Forecast_MWH,origin_22,2026-07-07 00:00:00-07:00,2026,Summer,7,380,187.94545492105263,188.18323408887204,-0.2377791678194221,5.333087807026317,2.8826788472748386,47.368421052631575,11.343720743422862,20.7212899714942,21.349370750455194,6.785592045753403
focused_shape_shadow,Focused_Shape_Adjusted_Forecast_MWH,origin_04,2025-04-27 00:00:00-07:00,2025,Spring,4,384,121.913576171875,117.84904013694599,4.064536034929012,5.3316628821241485,4.046129184933297,81.51041666666666,10.899127029814238,35.30657769740466,11.621894115971173,7.450460488699759
focused_shape_shadow,Focused_Shape_Adjusted_Forecast_MWH,origin_23,2026-07-20 00:00:00-07:00,2026,Summer,7,384,200.19178741406247,196.84332512319656,3.348462290865928,5.105128480385628,2.4465462643851175,72.65625,11.353444458506143,20.128687167903195,18.529786219067603,6.692897574027709
focused_shape_shadow,Focused_Shape_Adjusted_Forecast_MWH,origin_02,2024-11-09 23:00:00-08:00,2024,Fall,11,384,116.68925462760417,111.94765423086682,4.741600396737348,5.075612985231825,4.176522584268748,89.84375,9.955082508401416,16.965135049784678,6.256769320182954,6.176650214547646
focused_shape_shadow,Focused_Shape_Adjusted_Forecast_MWH,origin_05,2025-05-25 00:00:00-07:00,2025,Spring,5,384,153.69139593489584,155.58353145090013,-1.8921355160042956,4.801111852119353,3.1269139464907325,29.6875,10.449854925627424,21.827429949746175,15.18544458368936,6.313528700375087
focused_shape_shadow,Focused_Shape_Adjusted_Forecast_MWH,origin_24,2026-07-21 00:00:00-07:00,2026,Summer,7,384,200.7955977239583,198.4414974070529,2.354100316905419,4.7849789773911935,2.2460152278190066,66.40625,11.110718885228083,20.553924015442078,18.89442491278956,6.4341630902807125
focused_shape_shadow,Focused_Shape_Adjusted_Forecast_MWH,origin_17,2026-04-26 00:00:00-07:00,2026,Spring,4,384,127.136992640625,125.90011276826702,1.2368798723579888,4.677610308262152,3.614443419171684,59.895833333333336,9.979322605057174,19.063942873214415,19.100900253330508,6.133633672610646
focused_shape_shadow,Focused_Shape_Adjusted_Forecast_MWH,origin_16,2026-03-29 00:00:00-07:00,2026,Spring,3,384,120.51718188281251,121.49376065947503,-0.976578776662533,4.265772746001656,3.4621467650705178,44.53125,9.460911516503852,16.47875760881044,19.676371280161675,5.626124283532638
focused_shape_shadow,Focused_Shape_Adjusted_Forecast_MWH,origin_18,2026-05-24 00:00:00-07:00,2026,Spring,5,384,142.90284213541665,143.83338422806125,-0.9305420926445986,4.212024497065231,2.9986119214910096,48.4375,8.592250243889339,12.347631274771459,22.769289486128514,5.60346609058684
focused_shape_shadow,Focused_Shape_Adjusted_Forecast_MWH,origin_09,2025-09-14 00:00:00-07:00,2025,Summer,9,384,162.83103684895835,163.51029676974292,-0.6792599207845963,3.980675805624178,2.4919989430735696,46.35416666666667,8.069788902110002,13.390115725756488,33.5808357700611,5.740081118620656
focused_shape_shadow,Focused_Shape_Adjusted_Forecast_MWH,origin_14,2026-01-31 23:00:00-08:00,2026,Winter,1,384,120.6618153359375,122.57669694918214,-1.9148816132446462,3.852462096167585,3.1934636958282887,23.177083333333336,8.11038401273652,16.81028133851774,12.700787003131666,4.930556291760171
focused_shape_shadow,Focused_Shape_Adjusted_Forecast_MWH,origin_20,2026-05-29 00:00:00-07:00,2026,Spring,5,384,163.7729361171875,164.22778354093813,-0.4548474237506375,3.671410448084913,2.3106881772205328,44.01041666666667,8.073420691808474,17.837877929586114,18.276133323140215,4.92792743142351
focused_shape_shadow,Focused_Shape_Adjusted_Forecast_MWH,origin_19,2026-05-28 00:00:00-07:00,2026,Spring,5,384,158.50971714583332,159.40524034370426,-0.8955231978709178,3.545842752683477,2.246838296690677,41.92708333333333,7.763633797052702,15.198369609582812,15.460806836838088,4.760443116779501
focused_shape_shadow,Focused_Shape_Adjusted_Forecast_MWH,origin_12,2025-12-06 23:00:00-08:00,2025,Winter,12,384,139.45845884114584,138.26332945715401,1.195129383991808,3.2714676759484553,2.3109908877165166,65.10416666666666,6.612949491406455,16.10972691743993,19.927342453647412,4.495192330072535
focused_shape_shadow,Focused_Shape_Adjusted_Forecast_MWH,origin_01,2024-10-13 00:00:00-07:00,2024,Fall,10,384,116.30257716666667,116.07274680925754,0.22983035740912258,3.0546724842218715,2.51039947362563,48.95833333333333,7.301973829369535,16.093413246508305,10.687007993229344,4.320508939646519
focused_shape_shadow,Focused_Shape_Adjusted_Forecast_MWH,origin_03,2025-03-30 00:00:00-07:00,2025,Spring,3,384,111.3258731328125,111.07215058097445,0.25372255183804343,3.0052879728992714,2.601403691351766,54.166666666666664,7.18616562697105,12.380444780173619,10.182484575732246,4.026602895530513
focused_shape_shadow,Focused_Shape_Adjusted_Forecast_MWH,origin_15,2026-02-28 23:00:00-08:00,2026,Winter,2,384,115.88717167708334,116.44667370414895,-0.5595020270656191,2.8673035559841398,2.48704785990306,45.83333333333333,5.73370798523438,13.182091269530673,12.558591681480095,3.695351912189575
focused_shape_shadow,Focused_Shape_Adjusted_Forecast_MWH,origin_10,2025-10-12 00:00:00-07:00,2025,Fall,10,384,118.67937204947917,117.72495557091975,0.9544164785594128,2.746686097197937,2.3054711273475577,64.58333333333334,5.817982208001796,9.527839804684774,12.293489012139133,3.5477868077791697
final_corrected_production,Final_Backtest_Forecast_MWH,origin_07,2025-07-20 00:00:00-07:00,2025,Summer,7,384,157.82088622916666,147.76117061027745,10.059715618889216,10.159065280155914,6.262649236755738,98.17708333333334,19.882910962816673,33.96759241619739,8.421648042061037,12.040311903647893
final_corrected_production,Final_Backtest_Forecast_MWH,origin_08,2025-08-17 00:00:00-07:00,2025,Summer,8,384,187.771909734375,182.54371859692256,5.228191137452415,7.1293402540051325,3.74874036083007,72.65625,16.071386126137654,31.991195297902124,22.38545975431404,9.401554297925367
final_corrected_production,Final_Backtest_Forecast_MWH,origin_13,2026-01-03 23:00:00-08:00,2026,Winter,1,384,128.126853875,133.23632689813107,-5.109473023131058,6.369770957973858,5.044657396353348,15.364583333333334,14.378999418946885,18.544341382257016,27.019266382552217,8.226715138244314
final_corrected_production,Final_Backtest_Forecast_MWH,origin_06,2025-06-22 00:00:00-07:00,2025,Summer,6,384,168.52844033593752,173.14578438052672,-4.617344044589218,5.801645759086434,3.5963713835692883,18.489583333333336,12.565984587772784,7.603456472748746,25.9109977732233,7.578295357947112
final_corrected_production,Final_Backtest_Forecast_MWH,origin_21,2026-07-06 00:00:00-07:00,2026,Summer,7,380,185.74302035789472,188.3783675143807,-2.6353471564859636,5.481463212496369,3.0219374338417095,36.578947368421055,11.853439529851563,13.262828878127749,23.053930492653194,7.057589049295873
final_corrected_production,Final_Backtest_Forecast_MWH,origin_11,2025-11-08 23:00:00-08:00,2025,Fall,11,384,122.29222068489582,117.44278281747143,4.84943786742441,5.424170980246948,4.352082219523006,87.23958333333334,10.203904140113105,26.304686250160813,7.3973494501489085,6.909451603519587
final_corrected_production,Final_Backtest_Forecast_MWH,origin_04,2025-04-27 00:00:00-07:00,2025,Spring,4,384,121.913576171875,117.82241743023621,4.091158741638785,5.390186885364706,4.089966452113436,81.77083333333334,11.137176401788505,35.30657769740466,12.324096525914882,7.546754491391695
final_corrected_production,Final_Backtest_Forecast_MWH,origin_22,2026-07-07 00:00:00-07:00,2026,Summer,7,380,187.94545492105263,188.6029379273682,-0.6574830063155617,5.15451617517491,2.803490514076294,44.21052631578947,11.250354914038864,18.527832571838616,22.173888425502525,6.596060781730792
final_corrected_production,Final_Backtest_Forecast_MWH,origin_02,2024-11-09 23:00:00-08:00,2024,Fall,11,384,116.68925462760417,111.9962711563104,4.69298347129377,5.0258875629648365,4.158629505195139,89.58333333333334,9.731293117876087,17.221224481002878,6.554205469084096,6.119029817877425
final_corrected_production,Final_Backtest_Forecast_MWH,origin_23,2026-07-20 00:00:00-07:00,2026,Summer,7,384,200.19178741406247,197.51012732440054,2.6816600896619334,4.799099972924299,2.342349185084966,69.01041666666666,11.027000552501868,19.519482875719007,18.529786219067603,6.3893788294378355
final_corrected_production,Final_Backtest_Forecast_MWH,origin_05,2025-05-25 00:00:00-07:00,2025,Spring,5,384,153.69139593489584,155.6198834241311,-1.9284874892352708,4.767467014359034,3.117242132911139,29.166666666666668,10.227965414700611,21.827429949746175,15.118838127629573,6.2608095235423695
final_corrected_production,Final_Backtest_Forecast_MWH,origin_24,2026-07-21 00:00:00-07:00,2026,Summer,7,384,200.7955977239583,199.19241113602365,1.603186587934687,4.639995331604196,2.2021964724279326,59.635416666666664,10.58953919085272,20.553924015442078,19.864138894519186,6.254398646419924
final_corrected_production,Final_Backtest_Forecast_MWH,origin_17,2026-04-26 00:00:00-07:00,2026,Spring,4,384,127.136992640625,126.05779061010664,1.0792020305183503,4.595939301724785,3.5442211972796502,59.375,9.733931188427647,18.498058459073064,20.100900253330508,6.066363727790529
final_corrected_production,Final_Backtest_Forecast_MWH,origin_16,2026-03-29 00:00:00-07:00,2026,Spring,3,384,120.51718188281251,121.57207973000057,-1.0548978471880621,4.342472656877043,3.522062963769326,44.01041666666667,9.720828487421889,16.7409075940394,19.825039118368323,5.723275707709661
final_corrected_production,Final_Backtest_Forecast_MWH,origin_18,2026-05-24 00:00:00-07:00,2026,Spring,5,384,142.90284213541665,143.97089573843445,-1.0680536030177847,4.166760071280135,2.94494650364878,46.61458333333333,8.427103914713452,12.667441894946677,21.769289486128514,5.539257456935521
final_corrected_production,Final_Backtest_Forecast_MWH,origin_09,2025-09-14 00:00:00-07:00,2025,Summer,9,384,162.83103684895835,163.54182680532026,-0.710789956361939,3.9872164633963076,2.495078035508276,46.61458333333333,8.172302789025272,14.04429542576645,34.279781262893835,5.812371536852839
final_corrected_production,Final_Backtest_Forecast_MWH,origin_14,2026-01-31 23:00:00-08:00,2026,Winter,1,384,120.6618153359375,122.69497972668592,-2.033164390748413,3.948098178267428,3.272461222293858,22.916666666666664,8.274022238117134,16.128133886461455,12.820407484147921,5.0114707201229525
final_corrected_production,Final_Backtest_Forecast_MWH,origin_20,2026-05-29 00:00:00-07:00,2026,Spring,5,384,163.7729361171875,164.43531005751035,-0.6623739403228481,3.6758397303823447,2.2976135483878224,42.1875,8.045399348531785,18.016732825585052,18.29153860397321,4.924135070146911
final_corrected_production,Final_Backtest_Forecast_MWH,origin_19,2026-05-28 00:00:00-07:00,2026,Spring,5,384,158.50971714583332,159.67902152183763,-1.169304376004289,3.5267002576438498,2.2177325376059915,38.54166666666667,8.345173597408513,15.118554474186254,16.40589866815833,4.755690818821219
final_corrected_production,Final_Backtest_Forecast_MWH,origin_01,2024-10-13 00:00:00-07:00,2024,Fall,10,384,116.30257716666667,116.23249018259115,0.07008698407553064,3.128599205341668,2.565185271626332,47.13541666666667,7.890941102782052,15.958011395763833,11.687007993229344,4.447206139061092
final_corrected_production,Final_Backtest_Forecast_MWH,origin_12,2025-12-06 23:00:00-08:00,2025,Winter,12,384,139.45845884114584,138.70559946506089,0.7528593760849401,3.1014470001841925,2.2117021013494393,59.375,6.291414877718044,16.879930453384162,20.516171926195227,4.358857196508717
final_corrected_production,Final_Backtest_Forecast_MWH,origin_03,2025-03-30 00:00:00-07:00,2025,Spring,3,384,111.3258731328125,111.3175046673549,0.008368465457600838,3.066925470425127,2.6505241829688564,51.822916666666664,7.31467228993342,13.088582241775839,11.175631731423124,4.146457205298831
final_corrected_production,Final_Backtest_Forecast_MWH,origin_15,2026-02-28 23:00:00-08:00,2026,Winter,2,384,115.88717167708334,116.56706525004915,-0.6798935729658296,2.8234031595366793,2.4499548162089404,45.57291666666667,5.6958651769830055,13.77514970039934,12.582091368596707,3.6738647359680874
final_corrected_production,Final_Backtest_Forecast_MWH,origin_10,2025-10-12 00:00:00-07:00,2025,Fall,10,384,118.67937204947917,117.91699758450584,0.7623744649733424,2.73033192636591,2.2909257556872933,60.677083333333336,5.564627761331449,9.814607191445091,12.46077501885678,3.520628926390376
auto_residual_shadow,Auto_Residual_Adjusted_Forecast_MWH,origin_07,2025-07-20 00:00:00-07:00,2025,Summer,7,384,157.82088622916666,147.7195039436108,10.101382285555882,10.20073194682258,6.283743776427074,98.17708333333334,19.882910962816673,33.96759241619739,8.421648042061037,12.088387109732455
auto_residual_shadow,Auto_Residual_Adjusted_Forecast_MWH,origin_08,2025-08-17 00:00:00-07:00,2025,Summer,8,384,187.771909734375,182.43691204634578,5.334997688029222,7.2073676203178705,3.7748311666005563,73.17708333333334,16.270516656102103,31.991195297902124,22.38545975431404,9.463422176822979
auto_residual_shadow,Auto_Residual_Adjusted_Forecast_MWH,origin_13,2026-01-03 23:00:00-08:00,2026,Winter,1,384,128.126853875,133.23632689813107,-5.109473023131058,6.369770957973858,5.044657396353348,15.364583333333334,14.378999418946885,18.544341382257016,27.019266382552217,8.226715138244314
auto_residual_shadow,Auto_Residual_Adjusted_Forecast_MWH,origin_06,2025-06-22 00:00:00-07:00,2025,Summer,6,384,168.52844033593752,173.0282438351518,-4.49980349921433,5.748266032080328,3.577724542311186,19.53125,12.417165484341805,7.603456472748746,25.9109977732233,7.481239276012141
auto_residual_shadow,Auto_Residual_Adjusted_Forecast_MWH,origin_21,2026-07-06 00:00:00-07:00,2026,Summer,7,380,185.74302035789472,187.8625780406965,-2.1195576828017533,5.5385643054978955,3.0370139318906673,38.421052631578945,11.50374850590731,16.05302409219709,23.053930492653194,7.092507032056919
auto_residual_shadow,Auto_Residual_Adjusted_Forecast_MWH,origin_11,2025-11-08 23:00:00-08:00,2025,Fall,11,384,122.29222068489582,117.44278281747143,4.84943786742441,5.424170980246948,4.352082219523006,87.23958333333334,10.203904140113105,26.304686250160813,7.3973494501489085,6.909451603519587
auto_residual_shadow,Auto_Residual_Adjusted_Forecast_MWH,origin_04,2025-04-27 00:00:00-07:00,2025,Spring,4,384,121.913576171875,117.82241743023621,4.091158741638785,5.390186885364706,4.089966452113436,81.77083333333334,11.137176401788505,35.30657769740466,12.324096525914882,7.546754491391695
auto_residual_shadow,Auto_Residual_Adjusted_Forecast_MWH,origin_22,2026-07-07 00:00:00-07:00,2026,Summer,7,380,187.94545492105263,188.3292537168419,-0.38379879578924586,5.339849573317486,2.8818670860728024,46.05263157894737,11.355781780292528,20.16137936069515,22.173888425502525,6.834130932976616
auto_residual_shadow,Auto_Residual_Adjusted_Forecast_MWH,origin_02,2024-11-09 23:00:00-08:00,2024,Fall,11,384,116.68925462760417,111.9962711563104,4.69298347129377,5.0258875629648365,4.158629505195139,89.58333333333334,9.731293117876087,17.221224481002878,6.554205469084096,6.119029817877425
auto_residual_shadow,Auto_Residual_Adjusted_Forecast_MWH,origin_23,2026-07-20 00:00:00-07:00,2026,Summer,7,384,200.19178741406247,197.07628603275472,3.1155013813077694,5.013054983609112,2.4150163279477015,71.875,11.081601454485055,19.519482875719007,18.529786219067603,6.588440295635705
auto_residual_shadow,Auto_Residual_Adjusted_Forecast_MWH,origin_05,2025-05-25 00:00:00-07:00,2025,Spring,5,384,153.69139593489584,155.6198834241311,-1.9284874892352708,4.767467014359034,3.117242132911139,29.166666666666668,10.227965414700611,21.827429949746175,15.118838127629573,6.2608095235423695
auto_residual_shadow,Auto_Residual_Adjusted_Forecast_MWH,origin_24,2026-07-21 00:00:00-07:00,2026,Summer,7,384,200.7955977239583,198.69346567771115,2.1021320462471897,4.72989837235131,2.230529983596099,63.020833333333336,10.923279878621656,20.553924015442078,19.864138894519186,6.363597559423932
auto_residual_shadow,Auto_Residual_Adjusted_Forecast_MWH,origin_17,2026-04-26 00:00:00-07:00,2026,Spring,4,384,127.136992640625,126.05779061010664,1.0792020305183503,4.595939301724785,3.5442211972796502,59.375,9.733931188427647,18.498058459073064,20.100900253330508,6.066363727790529
auto_residual_shadow,Auto_Residual_Adjusted_Forecast_MWH,origin_16,2026-03-29 00:00:00-07:00,2026,Spring,3,384,120.51718188281251,121.57207973000057,-1.0548978471880621,4.342472656877043,3.522062963769326,44.01041666666667,9.720828487421889,16.7409075940394,19.825039118368323,5.723275707709661
auto_residual_shadow,Auto_Residual_Adjusted_Forecast_MWH,origin_18,2026-05-24 00:00:00-07:00,2026,Spring,5,384,142.90284213541665,143.97089573843445,-1.0680536030177847,4.166760071280135,2.94494650364878,46.61458333333333,8.427103914713452,12.667441894946677,21.769289486128514,5.539257456935521
auto_residual_shadow,Auto_Residual_Adjusted_Forecast_MWH,origin_09,2025-09-14 00:00:00-07:00,2025,Summer,9,384,162.83103684895835,163.54182680532026,-0.710789956361939,3.9872164633963076,2.495078035508276,46.61458333333333,8.172302789025272,14.04429542576645,34.279781262893835,5.812371536852839
auto_residual_shadow,Auto_Residual_Adjusted_Forecast_MWH,origin_14,2026-01-31 23:00:00-08:00,2026,Winter,1,384,120.6618153359375,122.69497972668592,-2.033164390748413,3.948098178267428,3.272461222293858,22.916666666666664,8.274022238117134,16.128133886461455,12.820407484147921,5.0114707201229525
auto_residual_shadow,Auto_Residual_Adjusted_Forecast_MWH,origin_20,2026-05-29 00:00:00-07:00,2026,Spring,5,384,163.7729361171875,164.43531005751035,-0.6623739403228481,3.6758397303823447,2.2976135483878224,42.1875,8.045399348531785,18.016732825585052,18.29153860397321,4.924135070146911
auto_residual_shadow,Auto_Residual_Adjusted_Forecast_MWH,origin_19,2026-05-28 00:00:00-07:00,2026,Spring,5,384,158.50971714583332,159.67902152183763,-1.169304376004289,3.5267002576438498,2.2177325376059915,38.54166666666667,8.345173597408513,15.118554474186254,16.40589866815833,4.755690818821219
auto_residual_shadow,Auto_Residual_Adjusted_Forecast_MWH,origin_01,2024-10-13 00:00:00-07:00,2024,Fall,10,384,116.30257716666667,116.23249018259115,0.07008698407553064,3.128599205341668,2.565185271626332,47.13541666666667,7.890941102782052,15.958011395763833,11.687007993229344,4.447206139061092
auto_residual_shadow,Auto_Residual_Adjusted_Forecast_MWH,origin_12,2025-12-06 23:00:00-08:00,2025,Winter,12,384,139.45845884114584,138.70559946506089,0.7528593760849401,3.1014470001841925,2.2117021013494393,59.375,6.291414877718044,16.879930453384162,20.516171926195227,4.358857196508717
auto_residual_shadow,Auto_Residual_Adjusted_Forecast_MWH,origin_03,2025-03-30 00:00:00-07:00,2025,Spring,3,384,111.3258731328125,111.3175046673549,0.008368465457600838,3.066925470425127,2.6505241829688564,51.822916666666664,7.31467228993342,13.088582241775839,11.175631731423124,4.146457205298831
auto_residual_shadow,Auto_Residual_Adjusted_Forecast_MWH,origin_15,2026-02-28 23:00:00-08:00,2026,Winter,2,384,115.88717167708334,116.56706525004915,-0.6798935729658296,2.8234031595366793,2.4499548162089404,45.57291666666667,5.6958651769830055,13.77514970039934,12.582091368596707,3.6738647359680874
auto_residual_shadow,Auto_Residual_Adjusted_Forecast_MWH,origin_10,2025-10-12 00:00:00-07:00,2025,Fall,10,384,118.67937204947917,117.91699758450584,0.7623744649733424,2.73033192636591,2.2909257556872933,60.677083333333336,5.564627761331449,9.814607191445091,12.46077501885678,3.520628926390376
daily_peak_shadow,Daily_Peak_Shadow_Adjusted_Forecast_MWH,origin_07,2025-07-20 00:00:00-07:00,2025,Summer,7,384,157.82088622916666,147.72153080102157,10.099355428145104,10.197425226010237,6.282225228529911,98.17708333333334,19.882910962816673,33.96759241619739,8.421648042061037,12.084449216226533
daily_peak_shadow,Daily_Peak_Shadow_Adjusted_Forecast_MWH,origin_08,2025-08-17 00:00:00-07:00,2025,Summer,8,384,187.771909734375,182.48761639007492,5.28429334430009,7.156663276656719,3.755885168927442,73.17708333333334,16.270516656102103,31.991195297902124,22.38545975431404,9.426381008321172
daily_peak_shadow,Daily_Peak_Shadow_Adjusted_Forecast_MWH,origin_13,2026-01-03 23:00:00-08:00,2026,Winter,1,384,128.126853875,133.23632689813107,-5.109473023131058,6.369770957973858,5.044657396353348,15.364583333333334,14.378999418946885,18.544341382257016,27.019266382552217,8.226715138244314
daily_peak_shadow,Daily_Peak_Shadow_Adjusted_Forecast_MWH,origin_06,2025-06-22 00:00:00-07:00,2025,Summer,6,384,168.52844033593752,173.06587471235966,-4.53743437642216,5.729010528529635,3.5696020426590067,19.53125,12.417165484341805,7.603456472748746,25.9109977732233,7.470967174333095
daily_peak_shadow,Daily_Peak_Shadow_Adjusted_Forecast_MWH,origin_21,2026-07-06 00:00:00-07:00,2026,Summer,7,380,185.74302035789472,187.88088575241792,-2.137865394523209,5.530223255926599,3.0339717452084676,38.68421052631579,11.50374850590731,16.05302409219709,23.053930492653194,7.084013171149868
daily_peak_shadow,Daily_Peak_Shadow_Adjusted_Forecast_MWH,origin_11,2025-11-08 23:00:00-08:00,2025,Fall,11,384,122.29222068489582,117.45432026598593,4.837900418909903,5.421428739681091,4.350217519837252,87.23958333333334,10.203904140113105,26.304686250160813,7.714587310184669,6.908458907952589
daily_peak_shadow,Daily_Peak_Shadow_Adjusted_Forecast_MWH,origin_04,2025-04-27 00:00:00-07:00,2025,Spring,4,384,121.913576171875,117.82805413909102,4.085522032783986,5.384550176509907,4.086176415072861,81.77083333333334,11.091169984542072,35.30657769740466,12.324096525914882,7.541881143647227
daily_peak_shadow,Daily_Peak_Shadow_Adjusted_Forecast_MWH,origin_22,2026-07-07 00:00:00-07:00,2026,Summer,7,380,187.94545492105263,188.3636923837522,-0.4182374626995774,5.330353899204183,2.8785889696709805,45.78947368421053,11.330577650344864,20.16137936069515,22.173888425502525,6.816183502092018
daily_peak_shadow,Daily_Peak_Shadow_Adjusted_Forecast_MWH,origin_02,2024-11-09 23:00:00-08:00,2024,Fall,11,384,116.68925462760417,111.99866162292557,4.690593004678594,5.023497096367198,4.15696045908459,89.58333333333334,9.731293117876087,17.221224481002878,6.554205472451343,6.1161976919246035
daily_peak_shadow,Daily_Peak_Shadow_Adjusted_Forecast_MWH,origin_23,2026-07-20 00:00:00-07:00,2026,Summer,7,384,200.19178741406247,197.11182734378022,3.0799600702822545,4.9775139200104865,2.4027193508766453,71.875,11.057836291388618,19.519482875719007,18.529786219067603,6.544222421311343
daily_peak_shadow,Daily_Peak_Shadow_Adjusted_Forecast_MWH,origin_05,2025-05-25 00:00:00-07:00,2025,Spring,5,384,153.69139593489584,155.62640832593664,-1.9350123910407853,4.761012790453613,3.11417900610569,29.166666666666668,10.227965414700611,21.827429949746175,15.118838127629573,6.259241606134036
daily_peak_shadow,Daily_Peak_Shadow_Adjusted_Forecast_MWH,origin_24,2026-07-21 00:00:00-07:00,2026,Summer,7,384,200.7955977239583,198.7379360277349,2.057661696223467,4.689969997361047,2.216111765444676,63.020833333333336,10.923279890209155,20.553924015442078,19.864138894519186,6.330013109828244
daily_peak_shadow,Daily_Peak_Shadow_Adjusted_Forecast_MWH,origin_17,2026-04-26 00:00:00-07:00,2026,Spring,4,384,127.136992640625,126.06630632413254,1.0706863164924558,4.604363137052476,3.5491910707261467,59.375,9.800525151187074,18.498058459073064,20.10092281598682,6.074745874853218
daily_peak_shadow,Daily_Peak_Shadow_Adjusted_Forecast_MWH,origin_16,2026-03-29 00:00:00-07:00,2026,Spring,3,384,120.51718188281251,121.58278358562792,-1.0656017028154343,4.353176512504415,3.529202642890301,44.01041666666667,9.720828487422029,16.7409075940394,20.186164170225993,5.744756910401741
daily_peak_shadow,Daily_Peak_Shadow_Adjusted_Forecast_MWH,origin_18,2026-05-24 00:00:00-07:00,2026,Spring,5,384,142.90284213541665,143.97022491667727,-1.067382781260608,4.165201447177819,2.943891741400336,46.61458333333333,8.427103914713452,12.667441894946677,21.763142034812034,5.529769119081585
daily_peak_shadow,Daily_Peak_Shadow_Adjusted_Forecast_MWH,origin_09,2025-09-14 00:00:00-07:00,2025,Summer,9,384,162.83103684895835,163.59411104739578,-0.763074198437469,4.000231782745397,2.5012047307503287,45.83333333333333,8.172302789025272,14.04429542576645,34.279781262893835,5.846165172108759
daily_peak_shadow,Daily_Peak_Shadow_Adjusted_Forecast_MWH,origin_14,2026-01-31 23:00:00-08:00,2026,Winter,1,384,120.6618153359375,122.70067978337197,-2.0388644474344555,3.953798234953471,3.276225763741593,22.916666666666664,8.274022238117134,16.128133886461455,12.820407484147921,5.0173509612943
daily_peak_shadow,Daily_Peak_Shadow_Adjusted_Forecast_MWH,origin_20,2026-05-29 00:00:00-07:00,2026,Spring,5,384,163.7729361171875,164.4739066288358,-0.7009705116483148,3.6553857053279173,2.2898289970628904,42.1875,7.967318412101966,18.016732825585052,18.29153860397321,4.90613716412455
daily_peak_shadow,Daily_Peak_Shadow_Adjusted_Forecast_MWH,origin_19,2026-05-28 00:00:00-07:00,2026,Spring,5,384,158.50971714583332,159.7187290773239,-1.2090119314905794,3.5240529389646404,2.2187144886111936,38.02083333333333,8.45471128330455,15.118554474186254,16.40589866815833,4.761406440153171
daily_peak_shadow,Daily_Peak_Shadow_Adjusted_Forecast_MWH,origin_01,2024-10-13 00:00:00-07:00,2024,Fall,10,384,116.30257716666667,116.23249018259115,0.07008698407553064,3.128599205341668,2.565185271626332,47.13541666666667,7.890941102782052,15.958011395763833,11.687007993229344,4.447206139061092
daily_peak_shadow,Daily_Peak_Shadow_Adjusted_Forecast_MWH,origin_12,2025-12-06 23:00:00-08:00,2025,Winter,12,384,139.45845884114584,138.72670713229437,0.731751708851477,3.09237753069414,2.2064988534695478,58.854166666666664,6.291414877718044,16.879930453384162,20.516171926195227,4.353964258896937
daily_peak_shadow,Daily_Peak_Shadow_Adjusted_Forecast_MWH,origin_03,2025-03-30 00:00:00-07:00,2025,Spring,3,384,111.3258731328125,111.32670314731575,-0.0008300145032545206,3.07042301815869,2.653220914735107,51.822916666666664,7.31467228993348,13.088582241775839,11.175631731423124,4.147204401237153
daily_peak_shadow,Daily_Peak_Shadow_Adjusted_Forecast_MWH,origin_15,2026-02-28 23:00:00-08:00,2026,Winter,2,384,115.88717167708334,116.56706525004915,-0.6798935729658296,2.8234031595366793,2.4499548162089404,45.57291666666667,5.6958651769830055,13.77514970039934,12.582091368596707,3.6738647359680874
daily_peak_shadow,Daily_Peak_Shadow_Adjusted_Forecast_MWH,origin_10,2025-10-12 00:00:00-07:00,2025,Fall,10,384,118.67937204947917,117.92530763592083,0.7540644135583422,2.7304071340520797,2.2910398179024254,60.416666666666664,5.564627761331449,9.814607191445091,12.46077501885678,3.521285948564568
heat_analog_shadow,Heat_Analog_Shadow_Forecast_MWH,origin_07,2025-07-20 00:00:00-07:00,2025,Summer,7,384,157.82088622916666,147.76117061027745,10.059715618889216,10.159065280155914,6.262649236755738,98.17708333333334,19.882910962816673,33.96759241619739,8.421648042061037,12.040311903647893
heat_analog_shadow,Heat_Analog_Shadow_Forecast_MWH,origin_08,2025-08-17 00:00:00-07:00,2025,Summer,8,384,187.771909734375,182.54371859692256,5.228191137452415,7.1293402540051325,3.74874036083007,72.65625,16.071386126137654,31.991195297902124,22.38545975431404,9.401554297925367
heat_analog_shadow,Heat_Analog_Shadow_Forecast_MWH,origin_13,2026-01-03 23:00:00-08:00,2026,Winter,1,384,128.126853875,133.23632689813107,-5.109473023131058,6.369770957973858,5.044657396353348,15.364583333333334,14.378999418946885,18.544341382257016,27.019266382552217,8.226715138244314
heat_analog_shadow,Heat_Analog_Shadow_Forecast_MWH,origin_06,2025-06-22 00:00:00-07:00,2025,Summer,6,384,168.52844033593752,173.14578438052672,-4.617344044589218,5.801645759086434,3.5963713835692883,18.489583333333336,12.565984587772784,7.603456472748746,25.9109977732233,7.578295357947112
heat_analog_shadow,Heat_Analog_Shadow_Forecast_MWH,origin_21,2026-07-06 00:00:00-07:00,2026,Summer,7,380,185.74302035789472,188.3783675143807,-2.6353471564859636,5.481463212496369,3.0219374338417095,36.578947368421055,11.853439529851563,13.262828878127749,23.053930492653194,7.057589049295873
heat_analog_shadow,Heat_Analog_Shadow_Forecast_MWH,origin_11,2025-11-08 23:00:00-08:00,2025,Fall,11,384,122.29222068489582,117.44278281747143,4.84943786742441,5.424170980246948,4.352082219523006,87.23958333333334,10.203904140113105,26.304686250160813,7.3973494501489085,6.909451603519587
heat_analog_shadow,Heat_Analog_Shadow_Forecast_MWH,origin_04,2025-04-27 00:00:00-07:00,2025,Spring,4,384,121.913576171875,117.82241743023621,4.091158741638785,5.390186885364706,4.089966452113436,81.77083333333334,11.137176401788505,35.30657769740466,12.324096525914882,7.546754491391695
heat_analog_shadow,Heat_Analog_Shadow_Forecast_MWH,origin_22,2026-07-07 00:00:00-07:00,2026,Summer,7,380,187.94545492105263,188.6029379273682,-0.6574830063155617,5.15451617517491,2.803490514076294,44.21052631578947,11.250354914038864,18.527832571838616,22.173888425502525,6.596060781730792
heat_analog_shadow,Heat_Analog_Shadow_Forecast_MWH,origin_02,2024-11-09 23:00:00-08:00,2024,Fall,11,384,116.68925462760417,111.9962711563104,4.69298347129377,5.0258875629648365,4.158629505195139,89.58333333333334,9.731293117876087,17.221224481002878,6.554205469084096,6.119029817877425
heat_analog_shadow,Heat_Analog_Shadow_Forecast_MWH,origin_23,2026-07-20 00:00:00-07:00,2026,Summer,7,384,200.19178741406247,197.51012732440054,2.6816600896619334,4.799099972924299,2.342349185084966,69.01041666666666,11.027000552501868,19.519482875719007,18.529786219067603,6.3893788294378355
heat_analog_shadow,Heat_Analog_Shadow_Forecast_MWH,origin_05,2025-05-25 00:00:00-07:00,2025,Spring,5,384,153.69139593489584,155.6198834241311,-1.9284874892352708,4.767467014359034,3.117242132911139,29.166666666666668,10.227965414700611,21.827429949746175,15.118838127629573,6.2608095235423695
heat_analog_shadow,Heat_Analog_Shadow_Forecast_MWH,origin_24,2026-07-21 00:00:00-07:00,2026,Summer,7,384,200.7955977239583,199.19241113602365,1.603186587934687,4.639995331604196,2.2021964724279326,59.635416666666664,10.58953919085272,20.553924015442078,19.864138894519186,6.254398646419924
heat_analog_shadow,Heat_Analog_Shadow_Forecast_MWH,origin_17,2026-04-26 00:00:00-07:00,2026,Spring,4,384,127.136992640625,126.05779061010664,1.0792020305183503,4.595939301724785,3.5442211972796502,59.375,9.733931188427647,18.498058459073064,20.100900253330508,6.066363727790529
heat_analog_shadow,Heat_Analog_Shadow_Forecast_MWH,origin_16,2026-03-29 00:00:00-07:00,2026,Spring,3,384,120.51718188281251,121.57207973000057,-1.0548978471880621,4.342472656877043,3.522062963769326,44.01041666666667,9.720828487421889,16.7409075940394,19.825039118368323,5.723275707709661
heat_analog_shadow,Heat_Analog_Shadow_Forecast_MWH,origin_18,2026-05-24 00:00:00-07:00,2026,Spring,5,384,142.90284213541665,143.97089573843445,-1.0680536030177847,4.166760071280135,2.94494650364878,46.61458333333333,8.427103914713452,12.667441894946677,21.769289486128514,5.539257456935521
heat_analog_shadow,Heat_Analog_Shadow_Forecast_MWH,origin_09,2025-09-14 00:00:00-07:00,2025,Summer,9,384,162.83103684895835,163.54182680532026,-0.710789956361939,3.9872164633963076,2.495078035508276,46.61458333333333,8.172302789025272,14.04429542576645,34.279781262893835,5.812371536852839
heat_analog_shadow,Heat_Analog_Shadow_Forecast_MWH,origin_14,2026-01-31 23:00:00-08:00,2026,Winter,1,384,120.6618153359375,122.69497972668592,-2.033164390748413,3.948098178267428,3.272461222293858,22.916666666666664,8.274022238117134,16.128133886461455,12.820407484147921,5.0114707201229525
heat_analog_shadow,Heat_Analog_Shadow_Forecast_MWH,origin_20,2026-05-29 00:00:00-07:00,2026,Spring,5,384,163.7729361171875,164.43531005751035,-0.6623739403228481,3.6758397303823447,2.2976135483878224,42.1875,8.045399348531785,18.016732825585052,18.29153860397321,4.924135070146911
heat_analog_shadow,Heat_Analog_Shadow_Forecast_MWH,origin_19,2026-05-28 00:00:00-07:00,2026,Spring,5,384,158.50971714583332,159.67902152183763,-1.169304376004289,3.5267002576438498,2.2177325376059915,38.54166666666667,8.345173597408513,15.118554474186254,16.40589866815833,4.755690818821219
heat_analog_shadow,Heat_Analog_Shadow_Forecast_MWH,origin_01,2024-10-13 00:00:00-07:00,2024,Fall,10,384,116.30257716666667,116.23249018259115,0.07008698407553064,3.128599205341668,2.565185271626332,47.13541666666667,7.890941102782052,15.958011395763833,11.687007993229344,4.447206139061092
heat_analog_shadow,Heat_Analog_Shadow_Forecast_MWH,origin_12,2025-12-06 23:00:00-08:00,2025,Winter,12,384,139.45845884114584,138.70559946506089,0.7528593760849401,3.1014470001841925,2.2117021013494393,59.375,6.291414877718044,16.879930453384162,20.516171926195227,4.358857196508717
heat_analog_shadow,Heat_Analog_Shadow_Forecast_MWH,origin_03,2025-03-30 00:00:00-07:00,2025,Spring,3,384,111.3258731328125,111.3175046673549,0.008368465457600838,3.066925470425127,2.6505241829688564,51.822916666666664,7.31467228993342,13.088582241775839,11.175631731423124,4.146457205298831
heat_analog_shadow,Heat_Analog_Shadow_Forecast_MWH,origin_15,2026-02-28 23:00:00-08:00,2026,Winter,2,384,115.88717167708334,116.56706525004915,-0.6798935729658296,2.8234031595366793,2.4499548162089404,45.57291666666667,5.6958651769830055,13.77514970039934,12.582091368596707,3.6738647359680874
heat_analog_shadow,Heat_Analog_Shadow_Forecast_MWH,origin_10,2025-10-12 00:00:00-07:00,2025,Fall,10,384,118.67937204947917,117.91699758450584,0.7623744649733424,2.73033192636591,2.2909257556872933,60.677083333333336,5.564627761331449,9.814607191445091,12.46077501885678,3.520628926390376
auto_residual_full_shadow,Auto_Residual_Full_Shadow_Adjusted_Forecast_MWH,origin_07,2025-07-20 00:00:00-07:00,2025,Summer,7,384,157.82088622916666,147.73204598213195,10.088840247034732,10.18818990830143,6.277720801746098,98.17708333333334,19.882910962816673,33.96759241619739,8.421648042061037,12.062787226562236
auto_residual_full_shadow,Auto_Residual_Full_Shadow_Adjusted_Forecast_MWH,origin_08,2025-08-17 00:00:00-07:00,2025,Summer,8,384,187.771909734375,182.57744228446757,5.19446744990744,7.076441741924337,3.7263904019349874,72.91666666666666,15.931813752378131,31.871575291724724,22.697480698605375,9.330313508609592
auto_residual_full_shadow,Auto_Residual_Full_Shadow_Adjusted_Forecast_MWH,origin_13,2026-01-03 23:00:00-08:00,2026,Winter,1,384,128.126853875,133.3139506950786,-5.187096820078602,6.415618958490957,5.078027599778699,15.104166666666666,14.53979878710258,18.544341382257016,27.019266382552217,8.272644973230651
auto_residual_full_shadow,Auto_Residual_Full_Shadow_Adjusted_Forecast_MWH,origin_06,2025-06-22 00:00:00-07:00,2025,Summer,6,384,168.52844033593752,173.20292988023053,-4.674489544293027,5.802240201992213,3.6019100386786698,18.75,12.682395267030445,7.603456472748746,26.600477259544363,7.602684472411368
auto_residual_full_shadow,Auto_Residual_Full_Shadow_Adjusted_Forecast_MWH,origin_21,2026-07-06 00:00:00-07:00,2026,Summer,7,380,185.74302035789472,187.88907702297763,-2.1460566650829134,5.522423400689596,3.031461082225291,38.421052631578945,11.50374850590731,16.05302409219709,23.053930492653194,7.081650616830907
auto_residual_full_shadow,Auto_Residual_Full_Shadow_Adjusted_Forecast_MWH,origin_11,2025-11-08 23:00:00-08:00,2025,Fall,11,384,122.29222068489582,117.44278281747143,4.84943786742441,5.424170980246948,4.352082219523006,87.23958333333334,10.203904140113105,26.304686250160813,7.3973494501489085,6.909451603519587
auto_residual_full_shadow,Auto_Residual_Full_Shadow_Adjusted_Forecast_MWH,origin_04,2025-04-27 00:00:00-07:00,2025,Spring,4,384,121.913576171875,117.82260810712098,4.090968064754011,5.390377562249479,4.0900971949491725,81.77083333333334,11.137176401788505,35.30657769740466,12.324096525914882,7.546976292537425
auto_residual_full_shadow,Auto_Residual_Full_Shadow_Adjusted_Forecast_MWH,origin_22,2026-07-07 00:00:00-07:00,2026,Summer,7,380,187.94545492105263,188.3499781461006,-0.4045232250479581,5.319125144058774,2.874645694510212,46.05263157894737,11.330577650344864,20.16137936069515,22.173888425502525,6.808073276280051
auto_residual_full_shadow,Auto_Residual_Full_Shadow_Adjusted_Forecast_MWH,origin_02,2024-11-09 23:00:00-08:00,2024,Fall,11,384,116.68925462760417,112.00054615279028,4.688708474813877,5.022789841542405,4.156464318565988,89.58333333333334,9.731293117876087,17.221224481002878,6.554205469084096,6.115325442484875
auto_residual_full_shadow,Auto_Residual_Full_Shadow_Adjusted_Forecast_MWH,origin_23,2026-07-20 00:00:00-07:00,2026,Summer,7,384,200.19178741406247,197.24241574738292,2.949371666679566,4.880682533932164,2.3737283658338773,71.09375,10.753232740664444,19.519482875719007,18.529786219067603,6.452258819337734
auto_residual_full_shadow,Auto_Residual_Full_Shadow_Adjusted_Forecast_MWH,origin_05,2025-05-25 00:00:00-07:00,2025,Spring,5,384,153.69139593489584,155.62002708634301,-1.9286311514471752,4.76732335214713,3.1171852474503043,29.166666666666668,10.227965414700611,21.827429949746175,15.118838127629573,6.260564489212096
auto_residual_full_shadow,Auto_Residual_Full_Shadow_Adjusted_Forecast_MWH,origin_24,2026-07-21 00:00:00-07:00,2026,Summer,7,384,200.7955977239583,198.83358946925875,1.9620082546995967,4.658249561289602,2.2086106218518413,62.5,10.84636994757925,20.553924015442078,19.864138894519186,6.280211725886519
auto_residual_full_shadow,Auto_Residual_Full_Shadow_Adjusted_Forecast_MWH,origin_17,2026-04-26 00:00:00-07:00,2026,Spring,4,384,127.136992640625,126.0611873715887,1.0758052690362956,4.595463043358557,3.54406675943404,59.375,9.733931188427647,18.498058459073064,20.11251758791599,6.066962120746614
auto_residual_full_shadow,Auto_Residual_Full_Shadow_Adjusted_Forecast_MWH,origin_16,2026-03-29 00:00:00-07:00,2026,Spring,3,384,120.51718188281251,121.57293017486775,-1.0557482920552461,4.343323101744227,3.5228173269996437,44.01041666666667,9.720828487421889,16.7409075940394,19.825039118368323,5.723981312812071
auto_residual_full_shadow,Auto_Residual_Full_Shadow_Adjusted_Forecast_MWH,origin_18,2026-05-24 00:00:00-07:00,2026,Spring,5,384,142.90284213541665,143.98636858278277,-1.083526447366093,4.182413911555568,2.9484744223497175,47.13541666666667,8.548995382463332,12.667441894946677,20.591536242454595,5.5199818417699715
auto_residual_full_shadow,Auto_Residual_Full_Shadow_Adjusted_Forecast_MWH,origin_09,2025-09-14 00:00:00-07:00,2025,Summer,9,384,162.83103684895835,163.61327071372568,-0.7822338647673579,4.032413692836525,2.5126473968158805,45.83333333333333,8.25278719003943,14.04429542576645,34.279781262893835,5.85162352282478
auto_residual_full_shadow,Auto_Residual_Full_Shadow_Adjusted_Forecast_MWH,origin_14,2026-01-31 23:00:00-08:00,2026,Winter,1,384,120.6618153359375,122.69505477122935,-2.0332394352918404,3.948041039416335,3.2724257634338403,22.916666666666664,8.276428763166985,16.128133886461455,12.820407484147921,5.011324146786973
auto_residual_full_shadow,Auto_Residual_Full_Shadow_Adjusted_Forecast_MWH,origin_20,2026-05-29 00:00:00-07:00,2026,Spring,5,384,163.7729361171875,164.48762491864815,-0.7146888014606624,3.7076952593643213,2.313153499956393,41.66666666666667,8.265416254904906,18.016732825585052,18.29153860397321,4.966454409503533
auto_residual_full_shadow,Auto_Residual_Full_Shadow_Adjusted_Forecast_MWH,origin_19,2026-05-28 00:00:00-07:00,2026,Spring,5,384,158.50971714583332,159.73090776480169,-1.2211906189683497,3.5660583855043533,2.23394679816692,37.23958333333333,8.448337379658495,15.118554474186254,17.43516987464585,4.811249011531695
auto_residual_full_shadow,Auto_Residual_Full_Shadow_Adjusted_Forecast_MWH,origin_01,2024-10-13 00:00:00-07:00,2024,Fall,10,384,116.30257716666667,116.26283244064193,0.03974472602475069,3.1563486352114842,2.586130325440354,47.13541666666667,7.963719435749601,15.958011395763833,11.929093146397648,4.486728433522192
auto_residual_full_shadow,Auto_Residual_Full_Shadow_Adjusted_Forecast_MWH,origin_12,2025-12-06 23:00:00-08:00,2025,Winter,12,384,139.45845884114584,138.75160427333068,0.70685456781515,3.0796240689716625,2.198332335531256,59.114583333333336,6.242007987687412,16.879930453384162,20.516171926195227,4.336818580045612
auto_residual_full_shadow,Auto_Residual_Full_Shadow_Adjusted_Forecast_MWH,origin_03,2025-03-30 00:00:00-07:00,2025,Spring,3,384,111.3258731328125,111.32298636098541,0.0028867718270902953,3.0712255854403137,2.6535194257243857,51.822916666666664,7.31467228993342,13.088582241775839,11.175631731423124,4.153212097777793
auto_residual_full_shadow,Auto_Residual_Full_Shadow_Adjusted_Forecast_MWH,origin_15,2026-02-28 23:00:00-08:00,2026,Winter,2,384,115.88717167708334,116.56745639935089,-0.6802847222675578,2.823696881444993,2.450176013652952,45.57291666666667,5.6958651769830055,13.77514970039934,12.582091368596707,3.674287386326495
auto_residual_full_shadow,Auto_Residual_Full_Shadow_Adjusted_Forecast_MWH,origin_10,2025-10-12 00:00:00-07:00,2025,Fall,10,384,118.67937204947917,117.91925427855129,0.7601177709278786,2.7325886204113736,2.2923815211050775,60.677083333333336,5.564627761331449,9.814607191445091,12.46077501885678,3.5220742072610367
auto_residual_structural_hot_peak_shadow,Auto_Residual_Structural_HotPeak_Adjusted_Forecast_MWH,origin_07,2025-07-20 00:00:00-07:00,2025,Summer,7,384,157.82088622916666,148.03266885343712,9.788217375729532,9.895716281486543,6.146412018149611,98.4375,19.236398972669875,30.580320040194636,8.536462682091553,11.687488103159597
auto_residual_structural_hot_peak_shadow,Auto_Residual_Structural_HotPeak_Adjusted_Forecast_MWH,origin_08,2025-08-17 00:00:00-07:00,2025,Summer,8,384,187.771909734375,182.51494192016233,5.256967814212667,7.08372617799656,3.7544558585246257,73.95833333333334,16.244982186315468,32.991195297902124,21.38545975431404,9.400501382497023
auto_residual_structural_hot_peak_shadow,Auto_Residual_Structural_HotPeak_Adjusted_Forecast_MWH,origin_13,2026-01-03 23:00:00-08:00,2026,Winter,1,384,128.126853875,132.59353502383104,-4.466681148831026,5.922811072445335,4.690508591135111,17.1875,13.692742991452592,18.57725039922437,27.287159750010204,7.8649737193376685
auto_residual_structural_hot_peak_shadow,Auto_Residual_Structural_HotPeak_Adjusted_Forecast_MWH,origin_06,2025-06-22 00:00:00-07:00,2025,Summer,6,384,168.52844033593752,172.87368050495596,-4.345240169018475,5.682259078343889,3.5312620675290245,20.3125,11.82076912098882,7.603456472748746,25.9109977732233,7.314183937414359
auto_residual_structural_hot_peak_shadow,Auto_Residual_Structural_HotPeak_Adjusted_Forecast_MWH,origin_11,2025-11-08 23:00:00-08:00,2025,Fall,11,384,122.29222068489582,117.19068041358543,5.101540271310406,5.615204115729731,4.502201046527311,88.02083333333334,10.576619131299092,26.227514169323896,6.746416562434177,7.062391078428272
auto_residual_structural_hot_peak_shadow,Auto_Residual_Structural_HotPeak_Adjusted_Forecast_MWH,origin_21,2026-07-06 00:00:00-07:00,2026,Summer,7,380,185.74302035789472,187.58502560293059,-1.842005245035857,5.506526480481715,3.021770738363266,39.73684210526316,11.52084533010749,16.05302409219709,23.053930492653194,7.019133019655402
auto_residual_structural_hot_peak_shadow,Auto_Residual_Structural_HotPeak_Adjusted_Forecast_MWH,origin_22,2026-07-07 00:00:00-07:00,2026,Summer,7,380,187.94545492105263,188.18323408887204,-0.2377791678194221,5.333087807026317,2.8826788472748386,47.368421052631575,11.343720743422862,20.7212899714942,21.349370750455194,6.785592045753403
auto_residual_structural_hot_peak_shadow,Auto_Residual_Structural_HotPeak_Adjusted_Forecast_MWH,origin_04,2025-04-27 00:00:00-07:00,2025,Spring,4,384,121.913576171875,117.84904013694599,4.064536034929012,5.3316628821241485,4.046129184933297,81.51041666666666,10.899127029814238,35.30657769740466,11.621894115971173,7.450460488699759
auto_residual_structural_hot_peak_shadow,Auto_Residual_Structural_HotPeak_Adjusted_Forecast_MWH,origin_23,2026-07-20 00:00:00-07:00,2026,Summer,7,384,200.19178741406247,196.84332512319656,3.348462290865928,5.105128480385628,2.4465462643851175,72.65625,11.353444458506143,20.128687167903195,18.529786219067603,6.692897574027709
auto_residual_structural_hot_peak_shadow,Auto_Residual_Structural_HotPeak_Adjusted_Forecast_MWH,origin_02,2024-11-09 23:00:00-08:00,2024,Fall,11,384,116.68925462760417,111.94765423086682,4.741600396737348,5.075612985231825,4.176522584268748,89.84375,9.955082508401416,16.965135049784678,6.256769320182954,6.176650214547646
auto_residual_structural_hot_peak_shadow,Auto_Residual_Structural_HotPeak_Adjusted_Forecast_MWH,origin_05,2025-05-25 00:00:00-07:00,2025,Spring,5,384,153.69139593489584,155.58353145090013,-1.8921355160042956,4.801111852119353,3.1269139464907325,29.6875,10.449854925627424,21.827429949746175,15.18544458368936,6.313528700375087
auto_residual_structural_hot_peak_shadow,Auto_Residual_Structural_HotPeak_Adjusted_Forecast_MWH,origin_24,2026-07-21 00:00:00-07:00,2026,Summer,7,384,200.7955977239583,198.4414974070529,2.354100316905419,4.7849789773911935,2.2460152278190066,66.40625,11.110718885228083,20.553924015442078,18.89442491278956,6.4341630902807125
auto_residual_structural_hot_peak_shadow,Auto_Residual_Structural_HotPeak_Adjusted_Forecast_MWH,origin_17,2026-04-26 00:00:00-07:00,2026,Spring,4,384,127.136992640625,125.90011276826702,1.2368798723579888,4.677610308262152,3.614443419171684,59.895833333333336,9.979322605057174,19.063942873214415,19.100900253330508,6.133633672610646
auto_residual_structural_hot_peak_shadow,Auto_Residual_Structural_HotPeak_Adjusted_Forecast_MWH,origin_16,2026-03-29 00:00:00-07:00,2026,Spring,3,384,120.51718188281251,121.49376065947503,-0.976578776662533,4.265772746001656,3.4621467650705178,44.53125,9.460911516503852,16.47875760881044,19.676371280161675,5.626124283532638
auto_residual_structural_hot_peak_shadow,Auto_Residual_Structural_HotPeak_Adjusted_Forecast_MWH,origin_18,2026-05-24 00:00:00-07:00,2026,Spring,5,384,142.90284213541665,143.83338422806125,-0.9305420926445986,4.212024497065231,2.9986119214910096,48.4375,8.592250243889339,12.347631274771459,22.769289486128514,5.60346609058684
auto_residual_structural_hot_peak_shadow,Auto_Residual_Structural_HotPeak_Adjusted_Forecast_MWH,origin_09,2025-09-14 00:00:00-07:00,2025,Summer,9,384,162.83103684895835,163.72397781363148,-0.8929409646731404,3.971119162824076,2.4893598248178894,43.75,8.456841505630194,13.390115725756488,33.5808357700611,5.760384275273191
auto_residual_structural_hot_peak_shadow,Auto_Residual_Structural_HotPeak_Adjusted_Forecast_MWH,origin_14,2026-01-31 23:00:00-08:00,2026,Winter,1,384,120.6618153359375,122.57669694918214,-1.9148816132446462,3.852462096167585,3.1934636958282887,23.177083333333336,8.11038401273652,16.81028133851774,12.700787003131666,4.930556291760171
auto_residual_structural_hot_peak_shadow,Auto_Residual_Structural_HotPeak_Adjusted_Forecast_MWH,origin_20,2026-05-29 00:00:00-07:00,2026,Spring,5,384,163.7729361171875,164.22778354093813,-0.4548474237506375,3.671410448084913,2.3106881772205328,44.01041666666667,8.073420691808474,17.837877929586114,18.276133323140215,4.92792743142351
auto_residual_structural_hot_peak_shadow,Auto_Residual_Structural_HotPeak_Adjusted_Forecast_MWH,origin_19,2026-05-28 00:00:00-07:00,2026,Spring,5,384,158.50971714583332,159.40524034370426,-0.8955231978709178,3.545842752683477,2.246838296690677,41.92708333333333,7.763633797052702,15.198369609582812,15.460806836838088,4.760443116779501
auto_residual_structural_hot_peak_shadow,Auto_Residual_Structural_HotPeak_Adjusted_Forecast_MWH,origin_12,2025-12-06 23:00:00-08:00,2025,Winter,12,384,139.45845884114584,138.26332945715401,1.195129383991808,3.2714676759484553,2.3109908877165166,65.10416666666666,6.612949491406455,16.10972691743993,19.927342453647412,4.495192330072535
auto_residual_structural_hot_peak_shadow,Auto_Residual_Structural_HotPeak_Adjusted_Forecast_MWH,origin_01,2024-10-13 00:00:00-07:00,2024,Fall,10,384,116.30257716666667,116.07274680925754,0.22983035740912258,3.0546724842218715,2.51039947362563,48.95833333333333,7.301973829369535,16.093413246508305,10.687007993229344,4.320508939646519
auto_residual_structural_hot_peak_shadow,Auto_Residual_Structural_HotPeak_Adjusted_Forecast_MWH,origin_03,2025-03-30 00:00:00-07:00,2025,Spring,3,384,111.3258731328125,111.07215058097445,0.25372255183804343,3.0052879728992714,2.601403691351766,54.166666666666664,7.18616562697105,12.380444780173619,10.182484575732246,4.026602895530513
auto_residual_structural_hot_peak_shadow,Auto_Residual_Structural_HotPeak_Adjusted_Forecast_MWH,origin_15,2026-02-28 23:00:00-08:00,2026,Winter,2,384,115.88717167708334,116.44667370414895,-0.5595020270656191,2.8673035559841398,2.48704785990306,45.83333333333333,5.73370798523438,13.182091269530673,12.558591681480095,3.695351912189575
auto_residual_structural_hot_peak_shadow,Auto_Residual_Structural_HotPeak_Adjusted_Forecast_MWH,origin_10,2025-10-12 00:00:00-07:00,2025,Fall,10,384,118.67937204947917,117.72495557091975,0.9544164785594128,2.746686097197937,2.3054711273475577,64.58333333333334,5.817982208001796,9.527839804684774,12.293489012139133,3.5477868077791697
auto_residual_broad_hot_peak_shadow,Auto_Residual_Broad_HotPeak_Shadow_Adjusted_Forecast_MWH,origin_07,2025-07-20 00:00:00-07:00,2025,Summer,7,384,157.82088622916666,147.7209707554108,10.09991547375586,10.200868085016792,6.273374655223759,98.4375,19.90702303085282,33.96759241619739,8.421648042061037,12.132285668074106
auto_residual_broad_hot_peak_shadow,Auto_Residual_Broad_HotPeak_Shadow_Adjusted_Forecast_MWH,origin_08,2025-08-17 00:00:00-07:00,2025,Summer,8,384,187.771909734375,182.2686550869577,5.503254647417286,7.308405939023562,3.837367996621184,74.47916666666666,16.666748466933775,32.991195297902124,21.38545975431404,9.620345687798405
auto_residual_broad_hot_peak_shadow,Auto_Residual_Broad_HotPeak_Shadow_Adjusted_Forecast_MWH,origin_13,2026-01-03 23:00:00-08:00,2026,Winter,1,384,128.126853875,132.59353502383104,-4.466681148831026,5.922811072445335,4.690508591135111,17.1875,13.692742991452592,18.57725039922437,27.287159750010204,7.8649737193376685
auto_residual_broad_hot_peak_shadow,Auto_Residual_Broad_HotPeak_Shadow_Adjusted_Forecast_MWH,origin_06,2025-06-22 00:00:00-07:00,2025,Summer,6,384,168.52844033593752,173.02468950205716,-4.496249166119635,5.679004527399633,3.5301969902877466,19.270833333333336,11.82076912098882,7.603456472748746,25.9109977732233,7.334973651213996
auto_residual_broad_hot_peak_shadow,Auto_Residual_Broad_HotPeak_Shadow_Adjusted_Forecast_MWH,origin_11,2025-11-08 23:00:00-08:00,2025,Fall,11,384,122.29222068489582,117.19068041358543,5.101540271310406,5.615204115729731,4.502201046527311,88.02083333333334,10.576619131299092,26.227514169323896,6.746416562434177,7.062391078428272
auto_residual_broad_hot_peak_shadow,Auto_Residual_Broad_HotPeak_Shadow_Adjusted_Forecast_MWH,origin_21,2026-07-06 00:00:00-07:00,2026,Summer,7,380,185.74302035789472,187.61557683988485,-1.872556481990122,5.47597524352745,3.011099094565756,39.73684210526316,11.52084533010749,16.05302409219709,23.053930492653194,6.99037408967954
auto_residual_broad_hot_peak_shadow,Auto_Residual_Broad_HotPeak_Shadow_Adjusted_Forecast_MWH,origin_04,2025-04-27 00:00:00-07:00,2025,Spring,4,384,121.913576171875,117.84904013694599,4.064536034929012,5.3316628821241485,4.046129184933297,81.51041666666666,10.899127029814238,35.30657769740466,11.621894115971173,7.450460488699759
auto_residual_broad_hot_peak_shadow,Auto_Residual_Broad_HotPeak_Shadow_Adjusted_Forecast_MWH,origin_22,2026-07-07 00:00:00-07:00,2026,Summer,7,380,187.94545492105263,188.21448483392027,-0.2690299128676081,5.30183706197813,2.871778171542045,47.368421052631575,11.242558847942222,20.7212899714942,21.349370750455194,6.743473042067478
auto_residual_broad_hot_peak_shadow,Auto_Residual_Broad_HotPeak_Shadow_Adjusted_Forecast_MWH,origin_02,2024-11-09 23:00:00-08:00,2024,Fall,11,384,116.68925462760417,111.94765423086682,4.741600396737348,5.075612985231825,4.176522584268748,89.84375,9.955082508401416,16.965135049784678,6.256769320182954,6.176650214547646
auto_residual_broad_hot_peak_shadow,Auto_Residual_Broad_HotPeak_Shadow_Adjusted_Forecast_MWH,origin_23,2026-07-20 00:00:00-07:00,2026,Summer,7,384,200.19178741406247,197.06240493009193,3.1293824839705593,4.9237413629671485,2.3898832543412962,71.875,10.643653181554843,20.128687167903195,18.529786219067603,6.4934418724343415
auto_residual_broad_hot_peak_shadow,Auto_Residual_Broad_HotPeak_Shadow_Adjusted_Forecast_MWH,origin_05,2025-05-25 00:00:00-07:00,2025,Spring,5,384,153.69139593489584,155.58353145090013,-1.8921355160042956,4.801111852119353,3.1269139464907325,29.6875,10.449854925627424,21.827429949746175,15.18544458368936,6.313528700375087
auto_residual_broad_hot_peak_shadow,Auto_Residual_Broad_HotPeak_Shadow_Adjusted_Forecast_MWH,origin_24,2026-07-21 00:00:00-07:00,2026,Summer,7,384,200.7955977239583,198.63249583762203,2.163101886336325,4.679370561556083,2.213554038140827,65.625,10.973959150560551,20.553924015442078,18.89442491278956,6.29840021145852
auto_residual_broad_hot_peak_shadow,Auto_Residual_Broad_HotPeak_Shadow_Adjusted_Forecast_MWH,origin_17,2026-04-26 00:00:00-07:00,2026,Spring,4,384,127.136992640625,125.90011276826702,1.2368798723579888,4.677610308262152,3.614443419171684,59.895833333333336,9.979322605057174,19.063942873214415,19.100900253330508,6.133633672610646
auto_residual_broad_hot_peak_shadow,Auto_Residual_Broad_HotPeak_Shadow_Adjusted_Forecast_MWH,origin_16,2026-03-29 00:00:00-07:00,2026,Spring,3,384,120.51718188281251,121.49376065947503,-0.976578776662533,4.265772746001656,3.4621467650705178,44.53125,9.460911516503852,16.47875760881044,19.676371280161675,5.626124283532638
auto_residual_broad_hot_peak_shadow,Auto_Residual_Broad_HotPeak_Shadow_Adjusted_Forecast_MWH,origin_18,2026-05-24 00:00:00-07:00,2026,Spring,5,384,142.90284213541665,143.83338422806125,-0.9305420926445986,4.212024497065231,2.9986119214910096,48.4375,8.592250243889339,12.347631274771459,22.769289486128514,5.60346609058684
auto_residual_broad_hot_peak_shadow,Auto_Residual_Broad_HotPeak_Shadow_Adjusted_Forecast_MWH,origin_09,2025-09-14 00:00:00-07:00,2025,Summer,9,384,162.83103684895835,163.59482033139503,-0.7637834824366974,4.021312089953989,2.5070174395400002,44.79166666666667,8.069788902110002,13.390115725756488,33.5808357700611,5.763336473034849
auto_residual_broad_hot_peak_shadow,Auto_Residual_Broad_HotPeak_Shadow_Adjusted_Forecast_MWH,origin_14,2026-01-31 23:00:00-08:00,2026,Winter,1,384,120.6618153359375,122.57669694918214,-1.9148816132446462,3.852462096167585,3.1934636958282887,23.177083333333336,8.11038401273652,16.81028133851774,12.700787003131666,4.930556291760171
auto_residual_broad_hot_peak_shadow,Auto_Residual_Broad_HotPeak_Shadow_Adjusted_Forecast_MWH,origin_20,2026-05-29 00:00:00-07:00,2026,Spring,5,384,163.7729361171875,164.22778354093813,-0.4548474237506375,3.671410448084913,2.3106881772205328,44.01041666666667,8.073420691808474,17.837877929586114,18.276133323140215,4.92792743142351
auto_residual_broad_hot_peak_shadow,Auto_Residual_Broad_HotPeak_Shadow_Adjusted_Forecast_MWH,origin_19,2026-05-28 00:00:00-07:00,2026,Spring,5,384,158.50971714583332,159.40524034370426,-0.8955231978709178,3.545842752683477,2.246838296690677,41.92708333333333,7.763633797052702,15.198369609582812,15.460806836838088,4.760443116779501
auto_residual_broad_hot_peak_shadow,Auto_Residual_Broad_HotPeak_Shadow_Adjusted_Forecast_MWH,origin_12,2025-12-06 23:00:00-08:00,2025,Winter,12,384,139.45845884114584,138.26332945715401,1.195129383991808,3.2714676759484553,2.3109908877165166,65.10416666666666,6.612949491406455,16.10972691743993,19.927342453647412,4.495192330072535
auto_residual_broad_hot_peak_shadow,Auto_Residual_Broad_HotPeak_Shadow_Adjusted_Forecast_MWH,origin_01,2024-10-13 00:00:00-07:00,2024,Fall,10,384,116.30257716666667,116.07274680925754,0.22983035740912258,3.0546724842218715,2.51039947362563,48.95833333333333,7.301973829369535,16.093413246508305,10.687007993229344,4.320508939646519
auto_residual_broad_hot_peak_shadow,Auto_Residual_Broad_HotPeak_Shadow_Adjusted_Forecast_MWH,origin_03,2025-03-30 00:00:00-07:00,2025,Spring,3,384,111.3258731328125,111.07215058097445,0.25372255183804343,3.0052879728992714,2.601403691351766,54.166666666666664,7.18616562697105,12.380444780173619,10.182484575732246,4.026602895530513
auto_residual_broad_hot_peak_shadow,Auto_Residual_Broad_HotPeak_Shadow_Adjusted_Forecast_MWH,origin_15,2026-02-28 23:00:00-08:00,2026,Winter,2,384,115.88717167708334,116.44667370414895,-0.5595020270656191,2.8673035559841398,2.48704785990306,45.83333333333333,5.73370798523438,13.182091269530673,12.558591681480095,3.695351912189575
auto_residual_broad_hot_peak_shadow,Auto_Residual_Broad_HotPeak_Shadow_Adjusted_Forecast_MWH,origin_10,2025-10-12 00:00:00-07:00,2025,Fall,10,384,118.67937204947917,117.72495557091975,0.9544164785594128,2.746686097197937,2.3054711273475577,64.58333333333334,5.817982208001796,9.527839804684774,12.293489012139133,3.5477868077791697
hot_ramp_peak_shadow,Hot_Ramp_Peak_Shadow_Forecast_MWH,origin_07,2025-07-20 00:00:00-07:00,2025,Summer,7,384,157.82088622916666,147.76117061027745,10.059715618889216,10.159065280155914,6.262649236755738,98.17708333333334,19.882910962816673,33.96759241619739,8.421648042061037,12.040311903647893
hot_ramp_peak_shadow,Hot_Ramp_Peak_Shadow_Forecast_MWH,origin_08,2025-08-17 00:00:00-07:00,2025,Summer,8,384,187.771909734375,182.54371859692256,5.228191137452415,7.1293402540051325,3.74874036083007,72.65625,16.071386126137654,31.991195297902124,22.38545975431404,9.401554297925367
hot_ramp_peak_shadow,Hot_Ramp_Peak_Shadow_Forecast_MWH,origin_13,2026-01-03 23:00:00-08:00,2026,Winter,1,384,128.126853875,133.23632689813107,-5.109473023131058,6.369770957973858,5.044657396353348,15.364583333333334,14.378999418946885,18.544341382257016,27.019266382552217,8.226715138244314
hot_ramp_peak_shadow,Hot_Ramp_Peak_Shadow_Forecast_MWH,origin_06,2025-06-22 00:00:00-07:00,2025,Summer,6,384,168.52844033593752,173.14578438052672,-4.617344044589218,5.801645759086434,3.5963713835692883,18.489583333333336,12.565984587772784,7.603456472748746,25.9109977732233,7.578295357947112
hot_ramp_peak_shadow,Hot_Ramp_Peak_Shadow_Forecast_MWH,origin_21,2026-07-06 00:00:00-07:00,2026,Summer,7,380,185.74302035789472,188.3783675143807,-2.6353471564859636,5.481463212496369,3.0219374338417095,36.578947368421055,11.853439529851563,13.262828878127749,23.053930492653194,7.057589049295873
hot_ramp_peak_shadow,Hot_Ramp_Peak_Shadow_Forecast_MWH,origin_11,2025-11-08 23:00:00-08:00,2025,Fall,11,384,122.29222068489582,117.44278281747143,4.84943786742441,5.424170980246948,4.352082219523006,87.23958333333334,10.203904140113105,26.304686250160813,7.3973494501489085,6.909451603519587
hot_ramp_peak_shadow,Hot_Ramp_Peak_Shadow_Forecast_MWH,origin_04,2025-04-27 00:00:00-07:00,2025,Spring,4,384,121.913576171875,117.82241743023621,4.091158741638785,5.390186885364706,4.089966452113436,81.77083333333334,11.137176401788505,35.30657769740466,12.324096525914882,7.546754491391695
hot_ramp_peak_shadow,Hot_Ramp_Peak_Shadow_Forecast_MWH,origin_22,2026-07-07 00:00:00-07:00,2026,Summer,7,380,187.94545492105263,188.6029379273682,-0.6574830063155617,5.15451617517491,2.803490514076294,44.21052631578947,11.250354914038864,18.527832571838616,22.173888425502525,6.596060781730792
hot_ramp_peak_shadow,Hot_Ramp_Peak_Shadow_Forecast_MWH,origin_02,2024-11-09 23:00:00-08:00,2024,Fall,11,384,116.68925462760417,111.9962711563104,4.69298347129377,5.0258875629648365,4.158629505195139,89.58333333333334,9.731293117876087,17.221224481002878,6.554205469084096,6.119029817877425
hot_ramp_peak_shadow,Hot_Ramp_Peak_Shadow_Forecast_MWH,origin_23,2026-07-20 00:00:00-07:00,2026,Summer,7,384,200.19178741406247,197.51012732440054,2.6816600896619334,4.799099972924299,2.342349185084966,69.01041666666666,11.027000552501868,19.519482875719007,18.529786219067603,6.3893788294378355
hot_ramp_peak_shadow,Hot_Ramp_Peak_Shadow_Forecast_MWH,origin_05,2025-05-25 00:00:00-07:00,2025,Spring,5,384,153.69139593489584,155.6198834241311,-1.9284874892352708,4.767467014359034,3.117242132911139,29.166666666666668,10.227965414700611,21.827429949746175,15.118838127629573,6.2608095235423695
hot_ramp_peak_shadow,Hot_Ramp_Peak_Shadow_Forecast_MWH,origin_24,2026-07-21 00:00:00-07:00,2026,Summer,7,384,200.7955977239583,199.19241113602365,1.603186587934687,4.639995331604196,2.2021964724279326,59.635416666666664,10.58953919085272,20.553924015442078,19.864138894519186,6.254398646419924
hot_ramp_peak_shadow,Hot_Ramp_Peak_Shadow_Forecast_MWH,origin_17,2026-04-26 00:00:00-07:00,2026,Spring,4,384,127.136992640625,126.05779061010664,1.0792020305183503,4.595939301724785,3.5442211972796502,59.375,9.733931188427647,18.498058459073064,20.100900253330508,6.066363727790529
hot_ramp_peak_shadow,Hot_Ramp_Peak_Shadow_Forecast_MWH,origin_16,2026-03-29 00:00:00-07:00,2026,Spring,3,384,120.51718188281251,121.57207973000057,-1.0548978471880621,4.342472656877043,3.522062963769326,44.01041666666667,9.720828487421889,16.7409075940394,19.825039118368323,5.723275707709661
hot_ramp_peak_shadow,Hot_Ramp_Peak_Shadow_Forecast_MWH,origin_18,2026-05-24 00:00:00-07:00,2026,Spring,5,384,142.90284213541665,143.97089573843445,-1.0680536030177847,4.166760071280135,2.94494650364878,46.61458333333333,8.427103914713452,12.667441894946677,21.769289486128514,5.539257456935521
hot_ramp_peak_shadow,Hot_Ramp_Peak_Shadow_Forecast_MWH,origin_09,2025-09-14 00:00:00-07:00,2025,Summer,9,384,162.83103684895835,163.54182680532026,-0.710789956361939,3.9872164633963076,2.495078035508276,46.61458333333333,8.172302789025272,14.04429542576645,34.279781262893835,5.812371536852839
hot_ramp_peak_shadow,Hot_Ramp_Peak_Shadow_Forecast_MWH,origin_14,2026-01-31 23:00:00-08:00,2026,Winter,1,384,120.6618153359375,122.69497972668592,-2.033164390748413,3.948098178267428,3.272461222293858,22.916666666666664,8.274022238117134,16.128133886461455,12.820407484147921,5.0114707201229525
hot_ramp_peak_shadow,Hot_Ramp_Peak_Shadow_Forecast_MWH,origin_20,2026-05-29 00:00:00-07:00,2026,Spring,5,384,163.7729361171875,164.43531005751035,-0.6623739403228481,3.6758397303823447,2.2976135483878224,42.1875,8.045399348531785,18.016732825585052,18.29153860397321,4.924135070146911
hot_ramp_peak_shadow,Hot_Ramp_Peak_Shadow_Forecast_MWH,origin_19,2026-05-28 00:00:00-07:00,2026,Spring,5,384,158.50971714583332,159.67902152183763,-1.169304376004289,3.5267002576438498,2.2177325376059915,38.54166666666667,8.345173597408513,15.118554474186254,16.40589866815833,4.755690818821219
hot_ramp_peak_shadow,Hot_Ramp_Peak_Shadow_Forecast_MWH,origin_01,2024-10-13 00:00:00-07:00,2024,Fall,10,384,116.30257716666667,116.23249018259115,0.07008698407553064,3.128599205341668,2.565185271626332,47.13541666666667,7.890941102782052,15.958011395763833,11.687007993229344,4.447206139061092
hot_ramp_peak_shadow,Hot_Ramp_Peak_Shadow_Forecast_MWH,origin_12,2025-12-06 23:00:00-08:00,2025,Winter,12,384,139.45845884114584,138.70559946506089,0.7528593760849401,3.1014470001841925,2.2117021013494393,59.375,6.291414877718044,16.879930453384162,20.516171926195227,4.358857196508717
hot_ramp_peak_shadow,Hot_Ramp_Peak_Shadow_Forecast_MWH,origin_03,2025-03-30 00:00:00-07:00,2025,Spring,3,384,111.3258731328125,111.3175046673549,0.008368465457600838,3.066925470425127,2.6505241829688564,51.822916666666664,7.31467228993342,13.088582241775839,11.175631731423124,4.146457205298831
hot_ramp_peak_shadow,Hot_Ramp_Peak_Shadow_Forecast_MWH,origin_15,2026-02-28 23:00:00-08:00,2026,Winter,2,384,115.88717167708334,116.56706525004915,-0.6798935729658296,2.8234031595366793,2.4499548162089404,45.57291666666667,5.6958651769830055,13.77514970039934,12.582091368596707,3.6738647359680874
hot_ramp_peak_shadow,Hot_Ramp_Peak_Shadow_Forecast_MWH,origin_10,2025-10-12 00:00:00-07:00,2025,Fall,10,384,118.67937204947917,117.91699758450584,0.7623744649733424,2.73033192636591,2.2909257556872933,60.677083333333336,5.564627761331449,9.814607191445091,12.46077501885678,3.520628926390376
heat_persistence_peak_shadow,Heat_Persistence_Peak_Shadow_Forecast_MWH,origin_07,2025-07-20 00:00:00-07:00,2025,Summer,7,384,157.82088622916666,147.76117061027745,10.059715618889216,10.159065280155914,6.262649236755738,98.17708333333334,19.882910962816673,33.96759241619739,8.421648042061037,12.040311903647893
heat_persistence_peak_shadow,Heat_Persistence_Peak_Shadow_Forecast_MWH,origin_08,2025-08-17 00:00:00-07:00,2025,Summer,8,384,187.771909734375,182.58137165925962,5.1905380751154,7.093089555617685,3.7376493193612608,72.39583333333334,15.763247965672466,31.991195297902124,22.38545975431404,9.366513762220945
heat_persistence_peak_shadow,Heat_Persistence_Peak_Shadow_Forecast_MWH,origin_13,2026-01-03 23:00:00-08:00,2026,Winter,1,384,128.126853875,133.23632689813107,-5.109473023131058,6.369770957973858,5.044657396353348,15.364583333333334,14.378999418946885,18.544341382257016,27.019266382552217,8.226715138244314
heat_persistence_peak_shadow,Heat_Persistence_Peak_Shadow_Forecast_MWH,origin_06,2025-06-22 00:00:00-07:00,2025,Summer,6,384,168.52844033593752,173.14578438052672,-4.617344044589218,5.801645759086434,3.5963713835692883,18.489583333333336,12.565984587772784,7.603456472748746,25.9109977732233,7.578295357947112
heat_persistence_peak_shadow,Heat_Persistence_Peak_Shadow_Forecast_MWH,origin_21,2026-07-06 00:00:00-07:00,2026,Summer,7,380,185.74302035789472,188.3783675143807,-2.6353471564859636,5.481463212496369,3.0219374338417095,36.578947368421055,11.853439529851563,13.262828878127749,23.053930492653194,7.057589049295873
heat_persistence_peak_shadow,Heat_Persistence_Peak_Shadow_Forecast_MWH,origin_11,2025-11-08 23:00:00-08:00,2025,Fall,11,384,122.29222068489582,117.44278281747143,4.84943786742441,5.424170980246948,4.352082219523006,87.23958333333334,10.203904140113105,26.304686250160813,7.3973494501489085,6.909451603519587
heat_persistence_peak_shadow,Heat_Persistence_Peak_Shadow_Forecast_MWH,origin_04,2025-04-27 00:00:00-07:00,2025,Spring,4,384,121.913576171875,117.82241743023621,4.091158741638785,5.390186885364706,4.089966452113436,81.77083333333334,11.137176401788505,35.30657769740466,12.324096525914882,7.546754491391695
heat_persistence_peak_shadow,Heat_Persistence_Peak_Shadow_Forecast_MWH,origin_22,2026-07-07 00:00:00-07:00,2026,Summer,7,380,187.94545492105263,188.6029379273682,-0.6574830063155617,5.15451617517491,2.803490514076294,44.21052631578947,11.250354914038864,18.527832571838616,22.173888425502525,6.596060781730792
heat_persistence_peak_shadow,Heat_Persistence_Peak_Shadow_Forecast_MWH,origin_02,2024-11-09 23:00:00-08:00,2024,Fall,11,384,116.68925462760417,111.9962711563104,4.69298347129377,5.0258875629648365,4.158629505195139,89.58333333333334,9.731293117876087,17.221224481002878,6.554205469084096,6.119029817877425
heat_persistence_peak_shadow,Heat_Persistence_Peak_Shadow_Forecast_MWH,origin_23,2026-07-20 00:00:00-07:00,2026,Summer,7,384,200.19178741406247,197.51012732440054,2.6816600896619334,4.799099972924299,2.342349185084966,69.01041666666666,11.027000552501868,19.519482875719007,18.529786219067603,6.3893788294378355
heat_persistence_peak_shadow,Heat_Persistence_Peak_Shadow_Forecast_MWH,origin_05,2025-05-25 00:00:00-07:00,2025,Spring,5,384,153.69139593489584,155.6198834241311,-1.9284874892352708,4.767467014359034,3.117242132911139,29.166666666666668,10.227965414700611,21.827429949746175,15.118838127629573,6.2608095235423695
heat_persistence_peak_shadow,Heat_Persistence_Peak_Shadow_Forecast_MWH,origin_24,2026-07-21 00:00:00-07:00,2026,Summer,7,384,200.7955977239583,199.19241113602365,1.603186587934687,4.639995331604196,2.2021964724279326,59.635416666666664,10.58953919085272,20.553924015442078,19.864138894519186,6.254398646419924
heat_persistence_peak_shadow,Heat_Persistence_Peak_Shadow_Forecast_MWH,origin_17,2026-04-26 00:00:00-07:00,2026,Spring,4,384,127.136992640625,126.05779061010664,1.0792020305183503,4.595939301724785,3.5442211972796502,59.375,9.733931188427647,18.498058459073064,20.100900253330508,6.066363727790529
heat_persistence_peak_shadow,Heat_Persistence_Peak_Shadow_Forecast_MWH,origin_16,2026-03-29 00:00:00-07:00,2026,Spring,3,384,120.51718188281251,121.57207973000057,-1.0548978471880621,4.342472656877043,3.522062963769326,44.01041666666667,9.720828487421889,16.7409075940394,19.825039118368323,5.723275707709661
heat_persistence_peak_shadow,Heat_Persistence_Peak_Shadow_Forecast_MWH,origin_18,2026-05-24 00:00:00-07:00,2026,Spring,5,384,142.90284213541665,143.97089573843445,-1.0680536030177847,4.166760071280135,2.94494650364878,46.61458333333333,8.427103914713452,12.667441894946677,21.769289486128514,5.539257456935521
heat_persistence_peak_shadow,Heat_Persistence_Peak_Shadow_Forecast_MWH,origin_09,2025-09-14 00:00:00-07:00,2025,Summer,9,384,162.83103684895835,163.54182680532026,-0.710789956361939,3.9872164633963076,2.495078035508276,46.61458333333333,8.172302789025272,14.04429542576645,34.279781262893835,5.812371536852839
heat_persistence_peak_shadow,Heat_Persistence_Peak_Shadow_Forecast_MWH,origin_14,2026-01-31 23:00:00-08:00,2026,Winter,1,384,120.6618153359375,122.69497972668592,-2.033164390748413,3.948098178267428,3.272461222293858,22.916666666666664,8.274022238117134,16.128133886461455,12.820407484147921,5.0114707201229525
heat_persistence_peak_shadow,Heat_Persistence_Peak_Shadow_Forecast_MWH,origin_20,2026-05-29 00:00:00-07:00,2026,Spring,5,384,163.7729361171875,164.43531005751035,-0.6623739403228481,3.6758397303823447,2.2976135483878224,42.1875,8.045399348531785,18.016732825585052,18.29153860397321,4.924135070146911
heat_persistence_peak_shadow,Heat_Persistence_Peak_Shadow_Forecast_MWH,origin_19,2026-05-28 00:00:00-07:00,2026,Spring,5,384,158.50971714583332,159.67902152183763,-1.169304376004289,3.5267002576438498,2.2177325376059915,38.54166666666667,8.345173597408513,15.118554474186254,16.40589866815833,4.755690818821219
heat_persistence_peak_shadow,Heat_Persistence_Peak_Shadow_Forecast_MWH,origin_01,2024-10-13 00:00:00-07:00,2024,Fall,10,384,116.30257716666667,116.23249018259115,0.07008698407553064,3.128599205341668,2.565185271626332,47.13541666666667,7.890941102782052,15.958011395763833,11.687007993229344,4.447206139061092
heat_persistence_peak_shadow,Heat_Persistence_Peak_Shadow_Forecast_MWH,origin_12,2025-12-06 23:00:00-08:00,2025,Winter,12,384,139.45845884114584,138.70559946506089,0.7528593760849401,3.1014470001841925,2.2117021013494393,59.375,6.291414877718044,16.879930453384162,20.516171926195227,4.358857196508717
heat_persistence_peak_shadow,Heat_Persistence_Peak_Shadow_Forecast_MWH,origin_03,2025-03-30 00:00:00-07:00,2025,Spring,3,384,111.3258731328125,111.3175046673549,0.008368465457600838,3.066925470425127,2.6505241829688564,51.822916666666664,7.31467228993342,13.088582241775839,11.175631731423124,4.146457205298831
heat_persistence_peak_shadow,Heat_Persistence_Peak_Shadow_Forecast_MWH,origin_15,2026-02-28 23:00:00-08:00,2026,Winter,2,384,115.88717167708334,116.56706525004915,-0.6798935729658296,2.8234031595366793,2.4499548162089404,45.57291666666667,5.6958651769830055,13.77514970039934,12.582091368596707,3.6738647359680874
heat_persistence_peak_shadow,Heat_Persistence_Peak_Shadow_Forecast_MWH,origin_10,2025-10-12 00:00:00-07:00,2025,Fall,10,384,118.67937204947917,117.91699758450584,0.7623744649733424,2.73033192636591,2.2909257556872933,60.677083333333336,5.564627761331449,9.814607191445091,12.46077501885678,3.520628926390376
baseline_same_hour_yesterday,Baseline_SameHourYesterday_MWH,origin_24,2026-07-21 00:00:00-07:00,2026,Summer,7,384,200.7955977239583,204.519653421875,-3.7240556979166666,103.53302619791667,57.414162093939346,48.95833333333333,173.34361499999997,208.83599999999998,205.527,117.69978567060143
baseline_same_hour_yesterday,Baseline_SameHourYesterday_MWH,origin_23,2026-07-20 00:00:00-07:00,2026,Summer,7,384,200.19178741406247,198.7779455442708,1.4138418697916666,102.46012542708333,56.397821318406194,50.520833333333336,173.137,208.83599999999998,205.527,116.5172956406911
baseline_same_hour_yesterday,Baseline_SameHourYesterday_MWH,origin_22,2026-07-07 00:00:00-07:00,2026,Summer,7,380,187.94545492105263,186.1185828763158,1.8268720447368423,88.39880641315789,50.84914990606197,51.31578947368421,155.220197,196.130075,192.997083,101.8831687289113
baseline_same_hour_yesterday,Baseline_SameHourYesterday_MWH,origin_21,2026-07-06 00:00:00-07:00,2026,Summer,7,380,185.74302035789472,185.28377536052633,0.45924499736842106,86.09380152894737,49.68807268104385,48.421052631578945,154.4734687,196.130075,192.997083,99.86134232567383
baseline_same_hour_yesterday,Baseline_SameHourYesterday_MWH,origin_20,2026-05-29 00:00:00-07:00,2026,Spring,5,384,163.7729361171875,164.1382087265625,-0.36527260937500006,65.457844734375,41.840866301378455,52.864583333333336,127.96946700000002,183.07319999999999,173.90324999999999,78.8602306699793
baseline_same_hour_yesterday,Baseline_SameHourYesterday_MWH,origin_19,2026-05-28 00:00:00-07:00,2026,Spring,5,384,158.50971714583332,154.06390570572918,4.445811440104166,61.29036562239583,39.384691774074064,54.947916666666664,122.20860239999999,183.07319999999999,162.00678299999998,74.7194639492007
baseline_same_hour_yesterday,Baseline_SameHourYesterday_MWH,origin_18,2026-05-24 00:00:00-07:00,2026,Spring,5,384,142.90284213541665,144.56441846875,-1.6615763333333335,44.19940730208333,30.492196808455166,49.73958333333333,103.93259079999999,128.11466700000003,151.51145799999998,58.22023656726732
baseline_same_hour_yesterday,Baseline_SameHourYesterday_MWH,origin_05,2025-05-25 00:00:00-07:00,2025,Spring,5,384,153.69139593489584,150.15266544791666,3.538730486979167,18.1360294609375,10.837063671182563,59.114583333333336,42.91304439999999,77.28132500000001,88.83647500000001,25.976213276843442
baseline_same_hour_yesterday,Baseline_SameHourYesterday_MWH,origin_09,2025-09-14 00:00:00-07:00,2025,Summer,9,384,162.83103684895835,167.14112179166668,-4.310084942708333,17.362092718750002,10.399206346370233,54.427083333333336,36.187627400000004,38.40450800000002,106.82626700000003,25.937745855850746
baseline_same_hour_yesterday,Baseline_SameHourYesterday_MWH,origin_06,2025-06-22 00:00:00-07:00,2025,Summer,6,384,168.52844033593752,167.79975491927084,0.7286854166666666,17.285620807291668,10.58036460832077,57.03125,40.7026474,64.66310800000002,99.756392,25.32597100117141
baseline_same_hour_yesterday,Baseline_SameHourYesterday_MWH,origin_08,2025-08-17 00:00:00-07:00,2025,Summer,8,384,187.771909734375,185.07215836458332,2.6997513697916666,12.458073619791667,6.487168741555763,63.541666666666664,27.9834262,53.81595800000002,69.05847499999999,17.179494043213463
baseline_same_hour_yesterday,Baseline_SameHourYesterday_MWH,origin_07,2025-07-20 00:00:00-07:00,2025,Summer,7,384,157.82088622916666,158.85897444270833,-1.0380882135416665,12.296236588541667,7.529352612497736,47.39583333333333,27.513286299999997,54.740983,51.5256,16.609439863497695
baseline_same_hour_yesterday,Baseline_SameHourYesterday_MWH,origin_04,2025-04-27 00:00:00-07:00,2025,Spring,4,384,121.913576171875,122.37519405729167,-0.4616178854166668,11.393212473958334,8.913234998989592,51.5625,23.877255599999987,33.942958000000004,88.039533,17.186889260502944
baseline_same_hour_yesterday,Baseline_SameHourYesterday_MWH,origin_17,2026-04-26 00:00:00-07:00,2026,Spring,4,384,127.136992640625,123.7593549609375,3.3776376796874996,9.012221075520834,6.599478436068409,64.0625,22.334426199999996,53.919442000000004,46.55224100000001,13.72789097595008
baseline_same_hour_yesterday,Baseline_SameHourYesterday_MWH,origin_16,2026-03-29 00:00:00-07:00,2026,Spring,3,384,120.51718188281251,121.29954002604167,-0.7823581432291666,7.599129028645834,6.220990696146083,50.520833333333336,18.663718799999987,23.001559000000015,44.31815,10.691590584405454
baseline_same_hour_yesterday,Baseline_SameHourYesterday_MWH,origin_02,2024-11-09 23:00:00-08:00,2024,Fall,11,384,116.68925462760417,115.90933802083333,0.7799166067708333,6.927386533854167,5.878936222289712,50.0,17.357116800000004,46.265000000000015,37.745757999999995,10.659194762769452
baseline_same_hour_yesterday,Baseline_SameHourYesterday_MWH,origin_03,2025-03-30 00:00:00-07:00,2025,Spring,3,384,111.3258731328125,111.65766887760417,-0.33179574479166657,6.688442276041667,5.977010332279257,51.041666666666664,17.948757700000005,27.903099999999995,37.731815999999995,9.932199402931465
baseline_same_hour_yesterday,Baseline_SameHourYesterday_MWH,origin_10,2025-10-12 00:00:00-07:00,2025,Fall,10,384,118.67937204947917,119.86195876562499,-1.1825867161458332,6.473689997395834,5.542979705813419,54.166666666666664,15.625006900000006,22.962532999999993,60.14193399999999,10.557145278226237
baseline_same_hour_yesterday,Baseline_SameHourYesterday_MWH,origin_01,2024-10-13 00:00:00-07:00,2024,Fall,10,360,115.72596856111112,116.69151120277778,-0.9655426416666665,5.754994036111111,4.7545976499279785,44.166666666666664,14.261451899999996,23.16262499999999,47.848709000000014,9.158027760036285
baseline_same_hour_yesterday,Baseline_SameHourYesterday_MWH,origin_11,2025-11-08 23:00:00-08:00,2025,Fall,11,384,122.29222068489582,121.516705625,0.7755150598958335,5.7230235651041665,4.583484864208935,53.645833333333336,15.132954999999992,36.609300000000005,27.486099999999993,8.874405796791107
baseline_same_hour_yesterday,Baseline_SameHourYesterday_MWH,origin_14,2026-01-31 23:00:00-08:00,2026,Winter,1,384,120.6618153359375,120.652290328125,0.009525007812499764,5.4910583151041665,4.426408644647192,46.875,15.362319900000005,50.669974999999994,33.031025,9.243487627220965
baseline_same_hour_yesterday,Baseline_SameHourYesterday_MWH,origin_15,2026-02-28 23:00:00-08:00,2026,Winter,2,384,115.88717167708334,116.27932818750001,-0.3921565104166666,5.102442614583333,4.372681125896313,51.041666666666664,13.706600100000001,28.629533999999992,44.019525,8.362058225468509
baseline_same_hour_yesterday,Baseline_SameHourYesterday_MWH,origin_12,2025-12-06 23:00:00-08:00,2025,Winter,12,384,139.45845884114584,139.18827768229167,0.27018115885416666,4.228117205729167,3.0100277355968825,51.041666666666664,10.50154439999999,22.621842,22.57253400000002,6.093656299239624
baseline_same_hour_yesterday,Baseline_SameHourYesterday_MWH,origin_13,2026-01-03 23:00:00-08:00,2026,Winter,1,384,128.126853875,128.24815424479166,-0.12130036979166654,4.2280307708333345,3.2824014360405944,44.01041666666667,11.175524899999989,21.483274999999992,33.633234,6.552140055646812
baseline_same_hour_7_days_ago,Baseline_SameHour7DaysAgo_MWH,origin_24,2026-07-21 00:00:00-07:00,2026,Summer,7,384,200.7955977239583,196.85804132812498,3.9375563958333326,89.8270309375,48.19690798132266,48.95833333333333,170.8056925,230.13899999999998,184.18573300000003,108.53062812594531
baseline_same_hour_7_days_ago,Baseline_SameHour7DaysAgo_MWH,origin_23,2026-07-20 00:00:00-07:00,2026,Summer,7,384,200.19178741406247,192.80261526822918,7.389172145833334,89.30311631770833,47.77489549922198,50.260416666666664,170.8056925,230.13899999999998,184.18573300000003,108.13160422156363
baseline_same_hour_7_days_ago,Baseline_SameHour7DaysAgo_MWH,origin_21,2026-07-06 00:00:00-07:00,2026,Summer,7,380,185.74302035789472,184.62771698421054,1.1153033736842108,85.60156195789473,50.53782845343382,51.578947368421055,160.1046666,228.1343,217.713741,102.4853105782705
baseline_same_hour_7_days_ago,Baseline_SameHour7DaysAgo_MWH,origin_22,2026-07-07 00:00:00-07:00,2026,Summer,7,380,187.94545492105263,188.2680454263158,-0.3225905052631574,83.92850544210526,49.65360583789383,50.26315789473684,160.1046666,228.1343,217.713741,101.54810016109758
baseline_same_hour_7_days_ago,Baseline_SameHour7DaysAgo_MWH,origin_20,2026-05-29 00:00:00-07:00,2026,Spring,5,384,163.7729361171875,148.95320777604167,14.819728341145833,58.64052762239584,35.92025168951667,59.375,124.86635749999999,208.41770000000002,163.61123299999997,74.41172538528882
baseline_same_hour_7_days_ago,Baseline_SameHour7DaysAgo_MWH,origin_19,2026-05-28 00:00:00-07:00,2026,Spring,5,384,158.50971714583332,146.97032720312498,11.539389942708333,57.642312015625,36.25485644653143,55.46875,125.23957999999998,208.41770000000002,163.61123299999997,73.76594432398412
baseline_same_hour_7_days_ago,Baseline_SameHour7DaysAgo_MWH,origin_18,2026-05-24 00:00:00-07:00,2026,Spring,5,384,142.90284213541665,143.16449466406252,-0.2616525286458334,45.15445470052083,31.033739335426674,46.875,117.4082314,143.60225000000003,163.61123299999997,61.06128393239052
baseline_same_hour_7_days_ago,Baseline_SameHour7DaysAgo_MWH,origin_06,2025-06-22 00:00:00-07:00,2025,Summer,6,384,168.52844033593752,163.27227551822918,5.256164817708332,30.636211046875,17.478993148817654,51.041666666666664,72.44082949999998,132.21515800000003,96.280834,40.517186818802806
baseline_same_hour_7_days_ago,Baseline_SameHour7DaysAgo_MWH,origin_07,2025-07-20 00:00:00-07:00,2025,Summer,7,384,157.82088622916666,156.45266731249998,1.3682189166666667,28.665631578125,16.991086749902042,58.072916666666664,63.739248599999996,99.440033,117.31048400000003,37.79417486405678
baseline_same_hour_7_days_ago,Baseline_SameHour7DaysAgo_MWH,origin_08,2025-08-17 00:00:00-07:00,2025,Summer,8,384,187.771909734375,181.11179801041666,6.660111723958333,28.052297375,14.174721521461587,49.47916666666667,66.78846499999996,102.30119199999999,71.67657500000001,37.38608166456036
baseline_same_hour_7_days_ago,Baseline_SameHour7DaysAgo_MWH,origin_05,2025-05-25 00:00:00-07:00,2025,Spring,5,384,153.69139593489584,141.43436998958333,12.2570259453125,27.100456028645834,15.310620901676055,63.020833333333336,62.802225699999994,183.10244999999998,57.51988300000002,42.609625720931156
baseline_same_hour_7_days_ago,Baseline_SameHour7DaysAgo_MWH,origin_09,2025-09-14 00:00:00-07:00,2025,Summer,9,384,162.83103684895835,176.51544565104166,-13.684408802083333,23.699530807291666,14.648597492336942,39.84375,58.78007879999999,44.237066999999996,115.324941,34.05756182487072
baseline_same_hour_7_days_ago,Baseline_SameHour7DaysAgo_MWH,origin_10,2025-10-12 00:00:00-07:00,2025,Fall,10,384,118.67937204947917,134.24124290625,-15.561870856770833,21.384602888020833,17.892198554530502,42.44791666666667,56.26675060000001,28.10024200000001,153.10531699999996,34.61827140453662
baseline_same_hour_7_days_ago,Baseline_SameHour7DaysAgo_MWH,origin_17,2026-04-26 00:00:00-07:00,2026,Spring,4,384,127.136992640625,119.87959633854166,7.257396302083333,14.732521343750001,10.171753949182893,64.84375,37.3825368,110.634683,42.046784,23.56886406739789
baseline_same_hour_7_days_ago,Baseline_SameHour7DaysAgo_MWH,origin_04,2025-04-27 00:00:00-07:00,2025,Spring,4,384,121.913576171875,114.78880097135418,7.124775200520833,14.2855361953125,10.443922065415045,63.802083333333336,30.998969300000002,96.36375,37.43112500000001,21.567316878251233
baseline_same_hour_7_days_ago,Baseline_SameHour7DaysAgo_MWH,origin_12,2025-12-06 23:00:00-08:00,2025,Winter,12,384,139.45845884114584,134.20646596614583,5.251992875,12.728912192708334,8.942729222862445,58.333333333333336,23.719189500000002,53.123075000000014,21.617942,16.275196474511578
baseline_same_hour_7_days_ago,Baseline_SameHour7DaysAgo_MWH,origin_16,2026-03-29 00:00:00-07:00,2026,Spring,3,384,120.51718188281251,119.05765241145833,1.4595294713541669,11.291403544270834,8.883461176673192,49.47916666666667,26.167000499999993,42.789367,47.476867,15.191623255866448
baseline_same_hour_7_days_ago,Baseline_SameHour7DaysAgo_MWH,origin_03,2025-03-30 00:00:00-07:00,2025,Spring,3,384,111.3258731328125,114.98318976041666,-3.657316627604167,11.199664986979167,10.005939580045517,35.67708333333333,26.865589399999998,42.007108,54.23268300000001,15.429745347600315
baseline_same_hour_7_days_ago,Baseline_SameHour7DaysAgo_MWH,origin_01,2024-10-13 00:00:00-07:00,2024,Fall,10,216,111.8920150138889,119.71466121296297,-7.822646199074074,10.306974597222222,8.797651568446108,33.7962962962963,27.340937499999995,16.477175000000003,49.07108400000001,15.315008313117733
baseline_same_hour_7_days_ago,Baseline_SameHour7DaysAgo_MWH,origin_13,2026-01-03 23:00:00-08:00,2026,Winter,1,384,128.126853875,131.74785282291666,-3.620998947916666,9.208866,7.361908427401528,37.76041666666667,21.2026902,41.04614199999999,41.74943400000001,12.416386206880604
baseline_same_hour_7_days_ago,Baseline_SameHour7DaysAgo_MWH,origin_02,2024-11-09 23:00:00-08:00,2024,Fall,11,384,116.68925462760417,112.67366535156249,4.015589276041667,8.315611661458334,6.960529846362255,70.83333333333334,20.120549499999992,40.55201699999999,34.58879999999999,11.462564054270501
baseline_same_hour_7_days_ago,Baseline_SameHour7DaysAgo_MWH,origin_15,2026-02-28 23:00:00-08:00,2026,Winter,2,384,115.88717167708334,117.8370609296875,-1.949889252604167,6.898550325520834,5.978723791240479,45.83333333333333,15.769228599999996,24.520391999999987,53.782257999999985,10.243006851242251
baseline_same_hour_7_days_ago,Baseline_SameHour7DaysAgo_MWH,origin_11,2025-11-08 23:00:00-08:00,2025,Fall,11,384,122.29222068489582,121.14363500520834,1.1485856796874998,6.4561675234375,5.353435129077519,67.1875,14.953561299999999,28.774091999999982,29.21262499999999,8.651569267905629
baseline_same_hour_7_days_ago,Baseline_SameHour7DaysAgo_MWH,origin_14,2026-01-31 23:00:00-08:00,2026,Winter,1,384,120.6618153359375,122.84748228125,-2.1856669453125,6.082682513020834,5.015024474952347,32.55208333333333,13.610142299999984,38.832224999999994,33.55328300000001,8.634744495569107
baseline_rolling_7day_same_hour_avg,Baseline_Rolling7DaySameHourAvg_MWH,origin_21,2026-07-06 00:00:00-07:00,2026,Summer,7,380,185.74302035789472,187.44894057330828,-1.7059202154135327,24.588445989097746,13.274801582804788,48.1578947368421,54.535347414285695,84.71583742857143,75.17947714285714,31.10805071740629
baseline_rolling_7day_same_hour_avg,Baseline_Rolling7DaySameHourAvg_MWH,origin_22,2026-07-07 00:00:00-07:00,2026,Summer,7,380,187.94545492105263,188.523456437594,-0.5780015165413528,23.942133233834586,12.745251510404229,51.578947368421055,52.123766800000006,84.11560257142858,75.64113014285715,30.443177941630474
baseline_rolling_7day_same_hour_avg,Baseline_Rolling7DaySameHourAvg_MWH,origin_06,2025-06-22 00:00:00-07:00,2025,Summer,6,384,168.52844033593752,167.2887861577381,1.2396541781994046,22.986462237723213,13.667767087695232,63.541666666666664,55.80711335714282,67.21160657142855,95.53254728571426,30.986339573046852
baseline_rolling_7day_same_hour_avg,Baseline_Rolling7DaySameHourAvg_MWH,origin_08,2025-08-17 00:00:00-07:00,2025,Summer,8,384,187.771909734375,182.40113033184525,5.370779402529762,21.383740718005953,10.67277037264794,55.729166666666664,46.239529371428546,87.76495742857142,58.598929571428584,27.811981904482373
baseline_rolling_7day_same_hour_avg,Baseline_Rolling7DaySameHourAvg_MWH,origin_05,2025-05-25 00:00:00-07:00,2025,Spring,5,384,153.69139593489584,145.98138424330355,7.710011691592263,19.07876570796131,11.058388083332988,50.520833333333336,38.97940801428571,116.39426428571429,39.45088899999999,30.202985349086934
baseline_rolling_7day_same_hour_avg,Baseline_Rolling7DaySameHourAvg_MWH,origin_20,2026-05-29 00:00:00-07:00,2026,Spring,5,384,163.7729361171875,153.71346006473215,10.059476052455357,18.939156867187503,10.690394868667438,74.21875,46.97725668571429,84.22378142857141,82.40982785714283,26.27846938929832
baseline_rolling_7day_same_hour_avg,Baseline_Rolling7DaySameHourAvg_MWH,origin_19,2026-05-28 00:00:00-07:00,2026,Spring,5,384,158.50971714583332,150.12523405729166,8.384483088541666,18.74241519122024,10.850156888578022,69.53125,45.45418588571426,83.63769914285712,78.71800414285715,26.093581846296477
baseline_rolling_7day_same_hour_avg,Baseline_Rolling7DaySameHourAvg_MWH,origin_09,2025-09-14 00:00:00-07:00,2025,Summer,9,384,162.83103684895835,173.57010048363097,-10.739063634672618,17.467553235863097,10.817749679829001,36.71875,41.44824088571424,41.876473571428534,90.63530114285714,25.013973103186352
baseline_rolling_7day_same_hour_avg,Baseline_Rolling7DaySameHourAvg_MWH,origin_07,2025-07-20 00:00:00-07:00,2025,Summer,7,384,157.82088622916666,156.27673506473215,1.5441511644345234,15.28978696875,8.93774748599582,46.61458333333333,36.41621131428571,74.68833314285715,53.8768562857143,21.080709526556035
baseline_rolling_7day_same_hour_avg,Baseline_Rolling7DaySameHourAvg_MWH,origin_18,2026-05-24 00:00:00-07:00,2026,Spring,5,384,142.90284213541665,146.1740200186012,-3.271177883184524,15.239322622023812,10.443031388396932,49.73958333333333,38.08265811428573,62.022846999999985,77.71167514285713,21.213924517504008
baseline_rolling_7day_same_hour_avg,Baseline_Rolling7DaySameHourAvg_MWH,origin_24,2026-07-21 00:00:00-07:00,2026,Summer,7,384,200.7955977239583,198.49794952752976,2.297648196428571,14.856967545386906,7.575481612963358,57.8125,30.91918697142858,62.58787214285712,43.90890442857142,19.240350897261635
baseline_rolling_7day_same_hour_avg,Baseline_Rolling7DaySameHourAvg_MWH,origin_23,2026-07-20 00:00:00-07:00,2026,Summer,7,384,200.19178741406247,195.8013842983631,4.390403115699406,14.70719602046131,7.58757109109995,65.36458333333334,32.289325214285725,58.988597142857145,45.87528057142862,18.917170525358376
baseline_rolling_7day_same_hour_avg,Baseline_Rolling7DaySameHourAvg_MWH,origin_17,2026-04-26 00:00:00-07:00,2026,Spring,4,384,127.136992640625,120.72767435900299,6.409318281622023,12.858891523437501,8.83450294399098,58.854166666666664,32.32063611428571,80.7155087142857,24.687426571428546,18.930591487747556
baseline_rolling_7day_same_hour_avg,Baseline_Rolling7DaySameHourAvg_MWH,origin_04,2025-04-27 00:00:00-07:00,2025,Spring,4,384,121.913576171875,118.18443762760417,3.729138544270833,12.807473437127976,9.475713101909633,58.59375,32.71597342857141,63.73424428571428,57.74991042857141,18.64981127134011
baseline_rolling_7day_same_hour_avg,Baseline_Rolling7DaySameHourAvg_MWH,origin_10,2025-10-12 00:00:00-07:00,2025,Fall,10,384,118.67937204947917,125.80401021205357,-7.124638162574404,11.1879686953125,9.417768316178787,37.76041666666667,29.088908571428565,20.133178571428573,82.54238500000001,17.925016964394132
baseline_rolling_7day_same_hour_avg,Baseline_Rolling7DaySameHourAvg_MWH,origin_16,2026-03-29 00:00:00-07:00,2026,Spring,3,384,120.51718188281251,120.42646076674107,0.09072111607142778,9.930274265625,7.99688816724749,54.166666666666664,21.593442257142872,34.26030985714286,35.4012142857143,12.673034985495027
baseline_rolling_7day_same_hour_avg,Baseline_Rolling7DaySameHourAvg_MWH,origin_12,2025-12-06 23:00:00-08:00,2025,Winter,12,384,139.45845884114584,136.7760831547619,2.682375686383929,8.546432643973215,6.0550588774589285,53.90625,18.59649008571428,31.49050785714286,22.61326100000001,10.811437146932667
baseline_rolling_7day_same_hour_avg,Baseline_Rolling7DaySameHourAvg_MWH,origin_01,2024-10-13 00:00:00-07:00,2024,Fall,10,336,114.12753126785715,119.89590317021683,-5.768371902359694,8.187585007872732,7.03153349767374,33.33333333333333,22.263300916666672,12.542066333333324,42.559916499999986,12.456694386344264
baseline_rolling_7day_same_hour_avg,Baseline_Rolling7DaySameHourAvg_MWH,origin_03,2025-03-30 00:00:00-07:00,2025,Spring,3,384,111.3258731328125,113.16811983370536,-1.842246700892857,7.818096337053571,7.038610011350809,42.96875,19.020146799999992,34.573721285714285,32.145806142857126,10.727483380421223
baseline_rolling_7day_same_hour_avg,Baseline_Rolling7DaySameHourAvg_MWH,origin_02,2024-11-09 23:00:00-08:00,2024,Fall,11,384,116.68925462760417,114.54497317150297,2.1442814561011905,6.508195299107143,5.423349658311602,59.895833333333336,15.769554757142858,35.23690957142857,25.12440114285714,9.456418977247818
baseline_rolling_7day_same_hour_avg,Baseline_Rolling7DaySameHourAvg_MWH,origin_13,2026-01-03 23:00:00-08:00,2026,Winter,1,384,128.126853875,129.84902409598214,-1.722170220982143,5.741168533482142,4.5659842740171035,33.85416666666667,13.797964628571426,26.408347714285696,31.93489928571431,8.181584374034195
baseline_rolling_7day_same_hour_avg,Baseline_Rolling7DaySameHourAvg_MWH,origin_14,2026-01-31 23:00:00-08:00,2026,Winter,1,384,120.6618153359375,121.88103308854166,-1.2192177526041668,5.500404859747024,4.501421975295475,32.8125,11.470291657142843,38.11688957142856,20.441019999999995,7.790725774835207
baseline_rolling_7day_same_hour_avg,Baseline_Rolling7DaySameHourAvg_MWH,origin_11,2025-11-08 23:00:00-08:00,2025,Fall,11,384,122.29222068489582,121.42846773921131,0.8637529456845235,5.379038333333333,4.333944503464326,59.635416666666664,13.872579328571426,24.606543571428574,22.945923000000008,7.640904845448803
baseline_rolling_7day_same_hour_avg,Baseline_Rolling7DaySameHourAvg_MWH,origin_15,2026-02-28 23:00:00-08:00,2026,Winter,2,384,115.88717167708334,116.77992945833334,-0.8927577812500003,5.044115207589286,4.381922380357565,45.83333333333333,11.342569528571426,25.146710999999982,23.389596857142863,6.807009505760435
