Slice,SliceGroup,SliceValue,N,Actual_Mean_MWH,Forecast_Mean_MWH,Bias_MWH,MAE_MWH,RMSE_MWH,MAPE_PCT,Underforecast_Rate_PCT,P90_AbsError_MWH,Max_Underforecast_MWH,Max_Overforecast_MWH,Actual_Peak_MWH,Forecast_At_Actual_Peak_MWH,Underforecast_At_Actual_Peak_MWH,ForecastColumn,Model,MAE_Improvement_vs_Raw_MWH,Skill_vs_Raw_PCT,Bias_Abs_Improvement_vs_Raw_MWH,MAE_Delta_vs_Final_MWH
Overall,all,all,4606,137.76075834737298,137.39130081675552,0.3694575306174866,4.434573965522816,6.298148139709042,3.1705408220175917,53.30004342162397,10.335313259249318,31.377119742173278,32.51217314322216,330.534108,315.4123167344102,15.12179126558982,Peak_Risk_Adjusted_Forecast_MWH,peak_risk_adjusted,0.8564844276461656,16.187393220833275,3.421292744790871,-0.03543681153736955
Overall,all,all,4606,137.76075834737298,137.09306654802737,0.6676917993456305,4.459651082282957,6.3084324358999995,3.170633883375861,54.6461137646548,10.266594732593603,31.377119742173278,31.255194061482996,330.534108,315.4123167344102,15.12179126558982,Residual_Calibrated_Forecast_MWH,residual_calibrated,0.831407310886024,15.71344047080282,3.123058476062727,-0.010359694777227979
Overall,all,all,4606,137.76075834737298,137.42811775413944,0.3326405932335593,4.470010777060185,6.339154798459158,3.1987935472616496,53.56057316543639,10.542457043980889,31.586808388077856,32.51217314322216,330.534108,315.4123167344102,15.12179126558982,Stage_Selected_Forecast_MWH,stage_selected_production,0.8210476161087961,15.517644204585027,3.4581096821747983,0.0
Overall,all,all,4606,137.76075834737298,137.42811775413944,0.3326405932335593,4.470010777060185,6.339154798459158,3.1987935472616496,53.56057316543639,10.542457043980889,31.586808388077856,32.51217314322216,330.534108,315.4123167344102,15.12179126558982,Final_Backtest_Forecast_MWH,final_corrected_production,0.8210476161087961,15.517644204585027,3.4581096821747983,0.0
Overall,all,all,4606,137.76075834737298,137.27542820086842,0.4853301465045742,4.48012294019791,6.369333396121378,3.18808005842234,53.669127225358224,10.53087046967407,31.377119742173278,31.255194061482996,330.534108,315.4123167344102,15.12179126558982,Warm_Ramp_Adjusted_Forecast_MWH,warm_ramp_adjusted,0.8109354529710711,15.326526239400968,3.3054201289037834,0.010112163137725005
Overall,all,all,4606,137.76075834737298,137.33668430182325,0.42407404554972133,4.485138847715917,6.376540374818283,3.1944912736732896,53.38688666956144,10.511168889543896,31.377119742173278,32.51217314322216,330.534108,315.4123167344102,15.12179126558982,Cloud_Solar_Adjusted_Forecast_MWH,cloud_solar_adjusted,0.8059195454530643,15.23172653874972,3.366676229858636,0.01512807065573174
Overall,all,all,4606,137.76075834737298,137.7547804198744,0.005977927498593834,4.5166777723609215,6.386173392192912,3.2434684101050113,49.78289188015631,10.688118384375244,31.586808388077856,32.7946821978733,330.534108,315.4123167344102,15.12179126558982,Recent_Corrected_Forecast_MWH,recent_corrected_simulation,0.7743806208080599,14.635646845399092,3.7847723479097635,0.04666699530073615
Overall,all,all,4606,137.76075834737298,135.75686092475883,2.003897422614154,4.60513202874275,6.443155025711999,3.234109495465973,66.391663048198,10.429562037867512,31.414522447773635,28.179945261954202,330.534108,315.3377104156307,15.196397584369322,Targeted_Meta_Adjusted_Forecast_MWH,targeted_residual_meta_adjusted,0.6859263644262317,12.963878178169356,1.7868528527942034,0.1351212516825644
Overall,all,all,4606,137.76075834737298,134.3029279489162,3.457830398456814,5.037560732771509,6.863905858808822,3.5421594857509944,77.05167173252279,11.00364381351281,34.224984258360564,24.708921096617928,330.534108,321.6839190550165,8.850188944983529,CatBoost_Pred_MWH,catboost_benchmark,0.2534976603974721,4.791057696977039,0.33291987695154335,0.5675499557113239
Overall,all,all,4606,137.76075834737298,134.0032984922655,3.7574598551075225,5.2717616722558,7.100236018943139,3.721517622995135,78.20234476769431,11.326019783658325,34.51910091439058,25.1239622228168,330.534108,316.0082881591298,14.525819840870213,LGB_Pred_MWH,lgb_component,0.019296720913181353,0.3647043649734498,0.033290420300835066,0.8017508951956147
Overall,all,all,4606,137.76075834737298,133.97000807196466,3.7907502754083575,5.291058393168981,7.1191185669085355,3.734485707132266,78.26747720364742,11.339972306085372,34.41826810568614,24.81819397320473,330.534108,315.3377104156307,15.196397584369322,Raw_Forecast_MWH,raw_xgb_lgb_production,0.0,0.0,0.0,0.8210476161087961
Overall,all,all,4606,137.76075834737298,133.95003381978415,3.810724527588844,5.3136857551881205,7.149363787113946,3.749749058119466,78.37603126356926,11.301779565917968,34.5206036376953,24.63473302343749,330.534108,314.93536376953125,15.598744230468753,XGB_Pred_MWH,xgb_component,-0.022627362019139063,-0.4276528501056066,-0.01997425218048665,0.8436749781279351
Overall,all,all,4606,137.76075834737298,135.51135525843992,2.2494030889330747,6.82250361396973,8.946775783193656,4.975189687980716,59.33564915327834,14.349389469949955,43.24770225950533,24.94358833476052,330.534108,315.88343571766603,14.650672282333971,Prophet_Pred_MWH,prophet_benchmark,-1.531445220800749,-28.94402418196557,1.5413471864752828,2.352492836909545
Overall,all,all,4582,137.4574037568747,137.83386886687035,-0.3764651099956352,8.941253296377129,13.893269128393271,6.0736150710500265,50.34919249236142,22.120523100000014,92.82965800000002,72.65344199999998,330.534108,300.440716,30.093391999999994,Baseline_SameHourYesterday_MWH,baseline_same_hour_yesterday,-3.6501949032081473,-68.98799128584047,3.414285165412722,4.471242519316943
Overall,all,all,4558,137.00217379442736,138.82651759736726,-1.8243438029398868,13.120787213614992,20.340778946347186,8.789597490987104,43.33040807371654,32.26227945714286,105.76307742857142,89.92982057142859,329.614775,252.75542357142857,76.85935142857144,Baseline_Rolling7DaySameHourAvg_MWH,baseline_rolling_7day_same_hour_avg,-7.829728820446011,-147.9803895295236,1.9664064724684707,8.650776436554807
Overall,all,all,4438,135.77430700135196,138.3307952113565,-2.556488210004507,18.197488891392517,28.30985869073498,12.278386272331264,46.10184767913474,42.400796200000016,147.082433,146.13581600000003,329.614775,192.099258,137.51551700000002,Baseline_SameHour7DaysAgo_MWH,baseline_same_hour_7_days_ago,-12.906430498223536,-243.9290882687361,1.2342620654038505,13.727478114332332
PeakWindowHours14to18,event_slice,peak_window,960,167.43981489479165,166.45448741437662,0.9853274804150495,6.7526768834898565,8.858755238072694,4.149142086810585,53.95833333333333,15.708145553328249,31.377119742173278,28.448020636807797,330.534108,315.4123167344102,15.12179126558982,Peak_Risk_Adjusted_Forecast_MWH,peak_risk_adjusted,1.0306911902472384,13.242225993718987,4.5591210369729716,-0.054900932619438514
PeakWindowHours14to18,event_slice,peak_window,960,167.43981489479165,165.87041333282107,1.5694015619706039,6.760836040393711,8.83616375471187,4.129540979862507,56.458333333333336,15.469029312512953,31.377119742173278,28.448020636807797,330.534108,315.4123167344102,15.12179126558982,Residual_Calibrated_Forecast_MWH,residual_calibrated,1.022532033343384,13.137397893254546,3.9750469554174175,-0.04674177571558413
PeakWindowHours14to18,event_slice,peak_window,960,167.43981489479165,166.30298057692642,1.1368343178652638,6.790428996814546,8.951536084394876,4.155466183633453,54.479166666666664,15.84546002301575,31.377119742173278,28.448020636807797,330.534108,315.4123167344102,15.12179126558982,Warm_Ramp_Adjusted_Forecast_MWH,warm_ramp_adjusted,0.992939076922549,12.757190300083042,4.407614199522758,-0.017148819294749096
PeakWindowHours14to18,event_slice,peak_window,960,167.43981489479165,166.79814424379356,0.641670650998112,6.80184779369185,8.928038100106292,4.191367625182689,52.39583333333333,15.724767192523984,31.586808388077856,29.075578922547578,330.534108,315.4123167344102,15.12179126558982,Recent_Corrected_Forecast_MWH,recent_corrected_simulation,0.9815202800452445,12.61048264384571,4.9027778663899095,-0.00573002241744458
PeakWindowHours14to18,event_slice,peak_window,960,167.43981489479165,166.43968856193564,1.0001263328560241,6.807577816109295,8.885241095771109,4.187275850921381,53.95833333333333,15.443759520377009,31.586808388077856,28.448020636807797,330.534108,315.4123167344102,15.12179126558982,Final_Backtest_Forecast_MWH,final_corrected_production,0.9757902576277999,12.536863840736823,4.544322184531997,0.0
PeakWindowHours14to18,event_slice,peak_window,960,167.43981489479165,166.43968856193564,1.0001263328560241,6.807577816109295,8.885241095771109,4.187275850921381,53.95833333333333,15.443759520377009,31.586808388077856,28.448020636807797,330.534108,315.4123167344102,15.12179126558982,Stage_Selected_Forecast_MWH,stage_selected_production,0.9757902576277999,12.536863840736823,4.544322184531997,0.0
PeakWindowHours14to18,event_slice,peak_window,960,167.43981489479165,166.38249217539914,1.0573227193925112,6.817848284481539,8.966402708841244,4.178691205835741,54.0625,15.749260887115753,31.377119742173278,28.448020636807797,330.534108,315.4123167344102,15.12179126558982,Cloud_Solar_Adjusted_Forecast_MWH,cloud_solar_adjusted,0.9655197892555556,12.404909803937517,4.48712579799551,0.010270468372244324
PeakWindowHours14to18,event_slice,peak_window,960,167.43981489479165,164.1619871836441,3.2778277111475616,6.994720118324562,9.067358605509035,4.193553155780426,66.77083333333333,15.89387968972233,31.414522447773635,27.086259152091003,330.534108,315.3377104156307,15.196397584369322,Targeted_Meta_Adjusted_Forecast_MWH,targeted_residual_meta_adjusted,0.7886479554125332,10.132476685428973,2.26662080624046,0.18714230221526673
PeakWindowHours14to18,event_slice,peak_window,960,167.43981489479165,162.16254957400727,5.277265320784398,7.50617666042759,9.517330489287751,4.503569848678366,76.66666666666667,15.937908277599567,28.805040006071465,24.708921096617928,330.534108,321.6839190550165,8.850188944983529,CatBoost_Pred_MWH,catboost_benchmark,0.27719141330950503,3.5613298855133646,0.26718319660362333,0.6985988443182949
PeakWindowHours14to18,event_slice,peak_window,960,167.43981489479165,161.99313343040234,5.446681464389335,7.724612697133068,9.831892231032132,4.644290687974168,75.83333333333333,16.73978720113772,31.46350981991222,25.1239622228168,330.534108,316.0082881591298,14.525819840870213,LGB_Pred_MWH,lgb_component,0.05875537660402674,0.7548836962019198,0.09776705299868649,0.9170348810237732
PeakWindowHours14to18,event_slice,peak_window,960,167.43981489479165,161.89536637740366,5.544448517388021,7.783368073737095,9.906325618606191,4.670010349630952,76.25,16.776252256867426,30.248942566134076,24.81819397320473,330.534108,315.3377104156307,15.196397584369322,Raw_Forecast_MWH,raw_xgb_lgb_production,0.0,0.0,0.0,0.9757902576277999
PeakWindowHours14to18,event_slice,peak_window,960,167.43981489479165,161.83670614560444,5.603108749187214,7.8365525218444825,9.975254700797851,4.69576006897938,76.875,16.814520724902334,29.52020221386718,24.63473302343749,330.534108,314.93536376953125,15.598744230468753,XGB_Pred_MWH,xgb_component,-0.05318444810738754,-0.6833089172134145,-0.058660231799192886,1.0289747057351875
PeakWindowHours14to18,event_slice,peak_window,960,167.43981489479165,163.3579161460188,4.081898748772904,8.384173349852746,11.270908537926957,4.881540651071245,61.145833333333336,18.80284649723752,43.24770225950533,23.068705594799695,330.534108,315.88343571766603,14.650672282333971,Prophet_Pred_MWH,prophet_benchmark,-0.6008052761156515,-7.71909114953601,1.4625497686151174,1.5765955337434514
PeakWindowHours14to18,event_slice,peak_window,955,166.84729581256542,167.55288822722514,-0.7055924146596859,13.670616259685863,19.79138827781009,7.917139481924049,50.57591623036649,31.61346860000001,92.82965800000002,72.65344199999998,330.534108,300.440716,30.093391999999994,Baseline_SameHourYesterday_MWH,baseline_same_hour_yesterday,-5.887248185948768,-75.6388253796415,4.838856102728336,6.863038443576568
PeakWindowHours14to18,event_slice,peak_window,950,166.06406872210525,169.4160562580677,-3.351987535962409,21.089132276338344,30.673697066303593,12.03196987892105,41.78947368421053,55.183195385714306,105.76307742857142,89.92982057142859,329.614775,252.75542357142857,76.85935142857144,Baseline_Rolling7DaySameHourAvg_MWH,baseline_rolling_7day_same_hour_avg,-13.30576420260125,-170.95123957323835,2.1924609814256124,14.28155446022905
PeakWindowHours14to18,event_slice,peak_window,925,163.6687768248649,168.03717082810812,-4.368394003243243,29.833606385945945,42.983441393951146,17.336671053631413,48.54054054054054,77.49741280000003,147.082433,146.13581600000003,329.614775,192.099258,137.51551700000002,Baseline_SameHour7DaysAgo_MWH,baseline_same_hour_7_days_ago,-22.05023831220885,-283.2994418780157,1.176054514144778,23.02602856983665
HotPeakDailyMax90Plus,event_slice,hot_peak,160,265.84066158124995,260.11958962261707,5.7210719586329954,8.214307045367764,10.059858108579636,3.0661157976708107,78.125,17.361033136698346,22.58780541736462,19.278531505691035,330.534108,315.4123167344102,15.12179126558982,Peak_Risk_Adjusted_Forecast_MWH,peak_risk_adjusted,1.3204174349822608,13.848511697464252,2.462323590423546,-0.060017001267596015
HotPeakDailyMax90Plus,event_slice,hot_peak,160,265.84066158124995,260.115013084007,5.725648497243036,8.27432404663536,10.12573509787771,3.0902116087208378,78.125,17.407683921035414,22.761265184789295,19.180293307469242,330.534108,315.4123167344102,15.12179126558982,Final_Backtest_Forecast_MWH,final_corrected_production,1.2604004337146648,13.219054586340755,2.457747051813506,0.0
HotPeakDailyMax90Plus,event_slice,hot_peak,160,265.84066158124995,260.115013084007,5.725648497243036,8.27432404663536,10.12573509787771,3.0902116087208378,78.125,17.407683921035414,22.761265184789295,19.180293307469242,330.534108,315.4123167344102,15.12179126558982,Recent_Corrected_Forecast_MWH,recent_corrected_simulation,1.2604004337146648,13.219054586340755,2.457747051813506,0.0
HotPeakDailyMax90Plus,event_slice,hot_peak,160,265.84066158124995,260.115013084007,5.725648497243036,8.27432404663536,10.12573509787771,3.0902116087208378,78.125,17.407683921035414,22.761265184789295,19.180293307469242,330.534108,315.4123167344102,15.12179126558982,Stage_Selected_Forecast_MWH,stage_selected_production,1.2604004337146648,13.219054586340755,2.457747051813506,0.0
HotPeakDailyMax90Plus,event_slice,hot_peak,160,265.84066158124995,259.2877330114764,6.552928569773613,8.75791454568753,10.554767117109067,3.284201049122648,78.125,17.970198181195002,22.58780541736462,19.278531505691035,330.534108,315.4123167344102,15.12179126558982,Residual_Calibrated_Forecast_MWH,residual_calibrated,0.776809934662495,8.147167086614944,1.6304669792829287,0.4835904990521698
HotPeakDailyMax90Plus,event_slice,hot_peak,160,265.84066158124995,259.5643427776159,6.276318803634153,8.75791454568753,10.615861881705719,3.283146633113633,78.125,17.970198181195002,22.58780541736462,19.278531505691035,330.534108,315.4123167344102,15.12179126558982,Warm_Ramp_Adjusted_Forecast_MWH,warm_ramp_adjusted,0.776809934662495,8.147167086614944,1.9070767454223887,0.4835904990521698
HotPeakDailyMax90Plus,event_slice,hot_peak,160,265.84066158124995,259.57245247100155,6.268209110248467,8.761444196983236,10.622273458861878,3.284507274643951,78.125,17.970198181195002,22.58780541736462,19.278531505691035,330.534108,315.4123167344102,15.12179126558982,Cloud_Solar_Adjusted_Forecast_MWH,cloud_solar_adjusted,0.7732802833667893,8.11014817429105,1.9151864388080746,0.4871201503478755
HotPeakDailyMax90Plus,event_slice,hot_peak,160,265.84066158124995,258.5777418977637,7.262919683486305,8.836378603320469,10.709112955810236,3.3094785436300165,85.0,17.745197852206267,24.656539325816823,24.708921096617928,330.534108,321.6839190550165,8.850188944983529,CatBoost_Pred_MWH,catboost_benchmark,0.6983458770295563,7.324237616606196,0.9204758655702365,0.5620545566851085
HotPeakDailyMax90Plus,event_slice,hot_peak,160,265.84066158124995,257.8124197628614,8.0282418183886,9.352603150747424,11.242783113348407,3.487851597418227,83.125,18.792705389642016,24.142983426007277,16.55259148726509,330.534108,316.0082881591298,14.525819840870213,LGB_Pred_MWH,lgb_component,0.18212132960260163,1.9100848690272363,0.1551537306679407,1.0782791041120632
HotPeakDailyMax90Plus,event_slice,hot_peak,160,265.84066158124995,257.65726603219343,8.183395549056542,9.534724480350025,11.423392307374483,3.552968431257244,84.375,18.697720830120637,24.0689774900992,16.560854843613043,330.534108,315.3377104156307,15.196397584369322,Targeted_Meta_Adjusted_Forecast_MWH,targeted_residual_meta_adjusted,0.0,0.0,0.0,1.2604004337146648
HotPeakDailyMax90Plus,event_slice,hot_peak,160,265.84066158124995,257.65726603219343,8.183395549056542,9.534724480350025,11.423392307374483,3.552968431257244,84.375,18.697720830120637,24.0689774900992,16.560854843613043,330.534108,315.3377104156307,15.196397584369322,Raw_Forecast_MWH,raw_xgb_lgb_production,0.0,0.0,0.0,1.2604004337146648
HotPeakDailyMax90Plus,event_slice,hot_peak,160,265.84066158124995,257.56417379379275,8.276487787457274,9.693841085919189,11.604240159736987,3.611465286109862,84.375,19.565488985546867,25.558376546875024,16.56581285742186,330.534108,314.93536376953125,15.598744230468753,XGB_Pred_MWH,xgb_component,-0.15911660556916374,-1.6688117826276452,-0.09309223840073244,1.4195170392838286
HotPeakDailyMax90Plus,event_slice,hot_peak,160,265.84066158124995,255.98500260995084,9.855658971299203,11.759278519919198,15.004536089512435,4.260945969866919,80.0,24.541014775590988,43.24770225950533,23.068705594799695,330.534108,315.88343571766603,14.650672282333971,Prophet_Pred_MWH,prophet_benchmark,-2.2245540395691723,-23.331078356314578,-1.6722634222426613,3.484954473283837
HotPeakDailyMax90Plus,event_slice,hot_peak,155,265.00291664516124,261.73590135483875,3.26701529032258,25.359592787096776,32.37288299676727,9.819870895619712,60.0,57.19008659999998,92.82965800000002,72.65344199999998,330.534108,300.440716,30.093391999999994,Baseline_SameHourYesterday_MWH,baseline_same_hour_yesterday,-15.824868306746751,-165.97090287569392,4.916380258733962,17.085268740461416
HotPeakDailyMax90Plus,event_slice,hot_peak,150,263.22602198666664,246.11120883180953,17.114813154857146,39.188376231333336,47.44612028669098,14.556804934748419,54.0,77.52635845714289,103.15449242857142,63.539063200000015,329.614775,252.75542357142857,76.85935142857144,Baseline_Rolling7DaySameHourAvg_MWH,baseline_rolling_7day_same_hour_avg,-29.65365175098331,-311.006907562941,-8.931417605800604,30.914052184697976
HotPeakDailyMax90Plus,event_slice,hot_peak,130,261.4484474692308,233.6065396230769,27.84190784615385,54.114956400000004,62.49787887066622,20.039649607594715,68.46153846153847,99.55873139999999,147.082433,74.26573299999998,329.614775,192.099258,137.51551700000002,Baseline_SameHour7DaysAgo_MWH,baseline_same_hour_7_days_ago,-44.580231919649975,-467.5565823797502,-19.658512297097307,45.84063235336464
ShoulderSeasonHeatTransition,event_slice,shoulder_season_heat_transition,396,154.24242596212122,152.65808440536955,1.584341556751658,5.360683755584267,6.791975282127028,3.5400267498818008,56.313131313131315,11.284682001105047,23.038886670917947,17.800437698237374,238.3,230.7549855071587,7.545014492841318,Prophet_Pred_MWH,prophet_benchmark,1.262419103976165,19.06084097960016,2.326761379122879,-0.6544007508201508
ShoulderSeasonHeatTransition,event_slice,shoulder_season_heat_transition,396,154.24242596212122,155.1821210679657,-0.939695105844507,5.666695573151314,7.025278559227843,3.7288325603765187,51.010101010101,11.125178394305507,13.875576069673201,19.288748632260535,238.3,245.97656300440198,-7.67656300440197,Residual_Calibrated_Forecast_MWH,residual_calibrated,0.9564072864091182,14.440471583927566,2.97140783003003,-0.34838893325310405
ShoulderSeasonHeatTransition,event_slice,shoulder_season_heat_transition,396,154.24242596212122,153.6245083300933,0.6179176320278807,5.748493396361623,7.022702430333419,3.7441559350494757,58.333333333333336,11.92434226962915,17.467855355187254,17.931763944686963,238.3,241.90661615633704,-3.606616156337026,Targeted_Meta_Adjusted_Forecast_MWH,targeted_residual_meta_adjusted,0.8746094631988086,13.205433793562666,3.2931853038466565,-0.26659111004279445
ShoulderSeasonHeatTransition,event_slice,shoulder_season_heat_transition,396,154.24242596212122,157.33817016108532,-3.09574419896408,5.901524034901671,7.6363266474073885,3.9339868380451883,39.141414141414145,12.645071622429484,10.128412791370181,22.16048980774815,238.3,250.45392164240266,-12.15392164240265,Peak_Risk_Adjusted_Forecast_MWH,peak_risk_adjusted,0.7215788246587609,10.894875709459408,0.8153587369104569,-0.11356047150274673
ShoulderSeasonHeatTransition,event_slice,shoulder_season_heat_transition,396,154.24242596212122,157.30322655530387,-3.0608005931826536,5.904810162939881,7.637731170821111,3.931754485285816,39.64646464646464,12.631699060135034,10.128412791370181,22.16048980774815,238.3,250.45392164240266,-12.15392164240265,Warm_Ramp_Adjusted_Forecast_MWH,warm_ramp_adjusted,0.7182926966205514,10.845259568688379,0.8503023426918834,-0.11027434346453724
ShoulderSeasonHeatTransition,event_slice,shoulder_season_heat_transition,396,154.24242596212122,157.2904616671576,-3.0480357050363778,5.923885468592665,7.650347116003419,3.9450272413632517,39.64646464646464,12.645071622429484,10.128412791370181,22.16048980774815,238.3,250.45392164240266,-12.15392164240265,Cloud_Solar_Adjusted_Forecast_MWH,cloud_solar_adjusted,0.6992173909677666,10.55724795151638,0.8630672308381593,-0.09119903781175243
ShoulderSeasonHeatTransition,event_slice,shoulder_season_heat_transition,396,154.24242596212122,157.18353320590361,-2.941107243782407,6.015084506404418,7.731169180702976,4.011901861627316,40.4040404040404,12.83327706554141,13.27757897396782,22.806343264966102,238.3,251.0844637293005,-12.784463729300484,Final_Backtest_Forecast_MWH,final_corrected_production,0.6080183531560142,9.180264387383644,0.9699956920921302,0.0
ShoulderSeasonHeatTransition,event_slice,shoulder_season_heat_transition,396,154.24242596212122,157.18353320590361,-2.941107243782407,6.015084506404418,7.731169180702976,4.011901861627316,40.4040404040404,12.83327706554141,13.27757897396782,22.806343264966102,238.3,251.0844637293005,-12.784463729300484,Stage_Selected_Forecast_MWH,stage_selected_production,0.6080183531560142,9.180264387383644,0.9699956920921302,0.0
ShoulderSeasonHeatTransition,event_slice,shoulder_season_heat_transition,396,154.24242596212122,157.93651301935614,-3.6940870572349285,6.036400608460706,7.8717146106488425,4.030063226428806,35.35353535353536,13.028912095156414,9.131011011308715,22.806343264966102,238.3,251.0844637293005,-12.784463729300484,Recent_Corrected_Forecast_MWH,recent_corrected_simulation,0.5867022510997257,8.858419739817608,0.21701587863960858,0.021316102056288422
ShoulderSeasonHeatTransition,event_slice,shoulder_season_heat_transition,396,154.24242596212122,150.67826123564032,3.564164726480889,6.109480153716881,7.418297434542102,3.9187192743838875,71.21212121212122,11.69899585659104,17.86093960244247,12.814368276318518,238.3,240.108499825114,-1.8084998251139837,CatBoost_Pred_MWH,catboost_benchmark,0.5136227058435514,7.755016292735638,0.34693820939364794,0.09439564731246275
ShoulderSeasonHeatTransition,event_slice,shoulder_season_heat_transition,396,154.24242596212122,150.40839461723854,3.8340313448826753,6.580597821611078,7.998013571675288,4.229563083025023,69.94949494949495,13.016380460117503,21.678364379294266,13.34633969601613,238.3,241.85794052822692,-3.557940528226908,LGB_Pred_MWH,lgb_component,0.04250503794935412,0.6417692560519154,0.07707159099186178,0.56551331520666
ShoulderSeasonHeatTransition,event_slice,shoulder_season_heat_transition,396,154.24242596212122,150.33132302624668,3.911102935874537,6.623102859560432,8.010813573076293,4.252137075030178,70.45454545454545,12.821359651565814,22.12707585121973,13.629944466176596,238.3,241.90661615633704,-3.606616156337026,Raw_Forecast_MWH,raw_xgb_lgb_production,0.0,0.0,0.0,0.6080183531560142
ShoulderSeasonHeatTransition,event_slice,shoulder_season_heat_transition,396,154.24242596212122,150.28508007165158,3.957345890469638,6.6607597510530105,8.039497558358756,4.273521889119561,70.45454545454545,12.999261389160154,22.396302734375013,13.864237426757825,238.3,241.93582153320312,-3.6358215332031136,XGB_Pred_MWH,xgb_component,-0.03765689149257856,-0.5685687251289014,-0.04624295459510108,0.6456752446485927
ShoulderSeasonHeatTransition,event_slice,shoulder_season_heat_transition,396,154.24242596212122,153.43463218939394,0.8077937727272724,14.197758964646466,18.3917259125971,9.210273150124662,57.57575757575758,29.02417050000001,56.764008000000004,62.03,238.3,250.678,-12.377999999999986,Baseline_SameHourYesterday_MWH,baseline_same_hour_yesterday,-7.574656105086034,-114.36718205503993,3.103309163147265,8.182674458242047
ShoulderSeasonHeatTransition,event_slice,shoulder_season_heat_transition,396,154.24242596212122,149.26547019227996,4.976955769841268,18.544474295815295,24.15574706704462,11.7105893286478,56.56565656565656,44.49049607142857,62.50108714285713,64.17581771428573,238.3,190.5747257142857,47.725274285714306,Baseline_Rolling7DaySameHourAvg_MWH,baseline_rolling_7day_same_hour_avg,-11.921371436254862,-179.99677325026582,-1.0658528339667313,12.529389789410878
ShoulderSeasonHeatTransition,event_slice,shoulder_season_heat_transition,396,154.24242596212122,146.62967365656567,7.612752305555556,27.805607547979797,35.321071116595334,17.512264327218844,69.44444444444444,53.568920500000004,86.469567,115.92612500000001,238.3,202.254666,36.045334000000025,Baseline_SameHour7DaysAgo_MWH,baseline_same_hour_7_days_ago,-21.182504688419364,-319.82750589238503,-3.7016493696810193,21.79052304157538
CloudSolarMidday,event_slice,cloud_solar_midday,738,133.7686663197832,131.70148964287768,2.0671766769055147,6.653078014004315,8.904641790475058,4.888190958579935,57.72357723577236,15.83760163951911,27.416512940435425,28.179945261954202,254.29495,244.86889754934847,9.426052450651525,Targeted_Meta_Adjusted_Forecast_MWH,targeted_residual_meta_adjusted,0.7623352208635259,10.28041454627191,2.950888177464747,-0.163372688168832
CloudSolarMidday,event_slice,cloud_solar_midday,738,133.7686663197832,133.1464411087891,0.6222252109941105,6.727759455681284,8.908491346743357,5.0210696180911345,51.0840108401084,15.666167504627412,25.850800362481777,31.255194061482996,254.29495,245.90404530705788,8.390904692942115,Warm_Ramp_Adjusted_Forecast_MWH,warm_ramp_adjusted,0.6876537791865571,9.273303555803961,4.395839643376151,-0.08869124649186322
CloudSolarMidday,event_slice,cloud_solar_midday,738,133.7686663197832,133.51532831542397,0.2533380043592335,6.73838184606138,8.925549950390433,5.044501441277879,49.05149051490515,15.285119848106095,25.778646636039255,32.51217314322216,254.29495,246.15579897488564,8.139151025114359,Peak_Risk_Adjusted_Forecast_MWH,peak_risk_adjusted,0.6770313888064612,9.130056105612669,4.764726850011028,-0.07806885611176728
CloudSolarMidday,event_slice,cloud_solar_midday,738,133.7686663197832,133.51532831542397,0.2533380043592335,6.73838184606138,8.925549950390433,5.044501441277879,49.05149051490515,15.285119848106095,25.778646636039255,32.51217314322216,254.29495,246.15579897488564,8.139151025114359,Cloud_Solar_Adjusted_Forecast_MWH,cloud_solar_adjusted,0.6770313888064612,9.130056105612669,4.764726850011028,-0.07806885611176728
CloudSolarMidday,event_slice,cloud_solar_midday,738,133.7686663197832,133.05896260250898,0.709703717274206,6.745259290073568,8.904610413950394,5.032009257268603,51.355013550135496,15.666167504627412,25.850800362481777,31.255194061482996,254.29495,245.90404530705788,8.390904692942115,Residual_Calibrated_Forecast_MWH,residual_calibrated,0.670153944794273,9.037310849288316,4.308361137096055,-0.07119141209957913
CloudSolarMidday,event_slice,cloud_solar_midday,738,133.7686663197832,133.47057272547173,0.29809359431146915,6.816450702173147,8.992047174392699,5.11370917853668,49.86449864498645,15.553485019426606,25.285309808018994,32.51217314322216,254.29495,245.8706422843975,8.42430771560251,Stage_Selected_Forecast_MWH,stage_selected_production,0.5989625326946939,8.077264391393944,4.719971260058792,0.0
CloudSolarMidday,event_slice,cloud_solar_midday,738,133.7686663197832,133.47057272547173,0.29809359431146915,6.816450702173147,8.992047174392699,5.11370917853668,49.86449864498645,15.553485019426606,25.285309808018994,32.51217314322216,254.29495,245.8706422843975,8.42430771560251,Final_Backtest_Forecast_MWH,final_corrected_production,0.5989625326946939,8.077264391393944,4.719971260058792,0.0
CloudSolarMidday,event_slice,cloud_solar_midday,738,133.7686663197832,133.87199567766442,-0.10332935788122499,6.8314807300673035,8.980677649941713,5.133739401713366,46.7479674796748,15.521429253526733,25.285309808018994,32.7946821978733,254.29495,245.8706422843975,8.42430771560251,Recent_Corrected_Forecast_MWH,recent_corrected_simulation,0.5839325048005373,7.874578075498773,4.914735496489037,0.015030027894156639
CloudSolarMidday,event_slice,cloud_solar_midday,738,133.7686663197832,129.20304671089707,4.565619608886141,7.167284458426093,9.539278605839666,5.16675392899946,70.46070460704607,15.836164611422188,34.224984258360564,23.14333733427077,254.29495,244.83498301046768,9.459966989532319,CatBoost_Pred_MWH,catboost_benchmark,0.2481287764417477,3.346122037744669,0.45244524548412013,0.3508337562529462
CloudSolarMidday,event_slice,cloud_solar_midday,738,133.7686663197832,128.7412308258266,5.027435493956617,7.38445573163499,9.86676184005693,5.316879269041975,71.95121951219512,16.49308067719399,34.51910091439058,22.312278185466738,254.29495,244.58668948935718,9.708260510642816,LGB_Pred_MWH,lgb_component,0.030957503232850847,0.4174750921133606,-0.00937063958635509,0.5680050294618431
CloudSolarMidday,event_slice,cloud_solar_midday,738,133.7686663197832,128.75060146541293,5.0180648543702615,7.415413234867841,9.911752533128247,5.335134343255389,70.86720867208672,16.584736827527536,34.41826810568614,22.592226394745325,254.29495,244.305982298133,9.988967701867011,Raw_Forecast_MWH,raw_xgb_lgb_production,0.0,0.0,0.0,0.5989625326946939
CloudSolarMidday,event_slice,cloud_solar_midday,738,133.7686663197832,128.75622384916477,5.012442470618437,7.448186484373676,9.955032923707401,5.357601428192091,70.46070460704607,16.69933014052735,34.5206036376953,22.760195320312505,254.29495,244.13755798339844,10.157392016601563,XGB_Pred_MWH,xgb_component,-0.03277324950583527,-0.44196120253599547,0.005622383751824778,0.6317357822005292
CloudSolarMidday,event_slice,cloud_solar_midday,738,133.7686663197832,130.3115510277818,3.4571152920013817,9.083679477448976,11.297942582106884,6.79388242558905,65.71815718157181,18.40455722862553,38.134649809334576,24.94358833476052,254.29495,228.95889579778765,25.336054202212352,Prophet_Pred_MWH,prophet_benchmark,-1.6682662425811356,-22.497279514199157,1.5609495623688798,2.2672287752758296
CloudSolarMidday,event_slice,cloud_solar_midday,736,133.66390794021737,133.72945036413043,-0.06554242391304337,10.722638184782609,14.432834256864401,7.9712749898674256,50.815217391304344,23.879391499999997,57.49178300000003,60.07585799999998,254.29495,247.74335,6.551600000000008,Baseline_SameHourYesterday_MWH,baseline_same_hour_yesterday,-3.307224949914768,-44.59933445602118,4.952522430457218,3.906187482609462
CloudSolarMidday,event_slice,cloud_solar_midday,734,133.45823958174384,135.1300599856559,-1.67182040391203,14.220814873355392,18.74224587811359,10.503092548936875,45.23160762942779,29.37047241428576,69.85587142857142,77.3425504285714,254.29495,189.9861437142857,64.3088062857143,Baseline_Rolling7DaySameHourAvg_MWH,baseline_rolling_7day_same_hour_avg,-6.8054016384875515,-91.77373428749772,3.3462444504582316,7.404364171182245
CloudSolarMidday,event_slice,cloud_solar_midday,724,133.10094385082874,135.60625386187846,-2.5053100110497235,19.673327165745857,26.083742373649645,14.576345608372062,50.552486187845304,40.828096800000026,80.42612500000001,123.97950899999998,254.29495,213.889925,40.405024999999995,Baseline_SameHour7DaysAgo_MWH,baseline_same_hour_7_days_ago,-12.257913930878015,-165.30318058662417,2.512754843320538,12.85687646357271
WeekendHours,event_slice,weekend,1151,134.42929005473502,134.2408637953952,0.18842625933981969,4.325627557855051,6.044270669632587,3.1834298405091768,54.821894005212854,9.4921455772879,25.850800362481777,25.258119456870716,329.614775,312.0439504313019,17.57082456869813,Residual_Calibrated_Forecast_MWH,residual_calibrated,0.8378913251898377,16.227137813733325,3.2650223219025496,-0.05375411706044009
WeekendHours,event_slice,weekend,1151,134.42929005473502,134.4782957069055,-0.04900565217050127,4.340250205200558,6.10646732672115,3.2006102187941226,54.38748913987836,9.97961943471654,25.778646636039255,25.64815844655142,329.614775,312.0439504313019,17.57082456869813,Peak_Risk_Adjusted_Forecast_MWH,peak_risk_adjusted,0.8232686778443306,15.943946298863057,3.404442929071868,-0.039131469714932976
WeekendHours,event_slice,weekend,1151,134.42929005473502,134.46078535550234,-0.031495300767320954,4.357760556603737,6.1466773840970665,3.2081017534851033,54.38748913987836,10.071201669977484,25.778646636039255,25.64815844655142,329.614775,312.0439504313019,17.57082456869813,Cloud_Solar_Adjusted_Forecast_MWH,cloud_solar_adjusted,0.8057583264411514,15.604829665423859,3.4219532804750483,-0.02162111831175384
WeekendHours,event_slice,weekend,1151,134.42929005473502,134.4626156314832,-0.03332557674819961,4.35886169551491,6.143925407885849,3.2086869864031877,53.95308427454387,10.100315623522363,25.850800362481777,25.258119456870716,329.614775,312.0439504313019,17.57082456869813,Warm_Ramp_Adjusted_Forecast_MWH,warm_ramp_adjusted,0.8046571875299788,15.583504306959725,3.4201230044941697,-0.020519979400581256
WeekendHours,event_slice,weekend,1151,134.42929005473502,134.6416235531596,-0.21233349842460625,4.379381674915491,6.151281309773135,3.234971174990757,52.215464813205905,10.094750339303857,25.285309808018994,25.64815844655142,329.614775,312.0439504313019,17.57082456869813,Final_Backtest_Forecast_MWH,final_corrected_production,0.7841372081293976,15.186101298171254,3.241115082817763,0.0
WeekendHours,event_slice,weekend,1151,134.42929005473502,134.6416235531596,-0.21233349842460625,4.379381674915491,6.151281309773135,3.234971174990757,52.215464813205905,10.094750339303857,25.285309808018994,25.64815844655142,329.614775,312.0439504313019,17.57082456869813,Stage_Selected_Forecast_MWH,stage_selected_production,0.7841372081293976,15.186101298171254,3.241115082817763,0.0
WeekendHours,event_slice,weekend,1151,134.42929005473502,134.88370439676083,-0.4544143420258216,4.384010138877735,6.186343374374152,3.2437403746087488,49.78279756733276,10.290037276068375,25.285309808018994,25.949933851419203,329.614775,312.0439504313019,17.57082456869813,Recent_Corrected_Forecast_MWH,recent_corrected_simulation,0.7795087441671535,15.09646351302744,2.9990342392165474,0.004628463962244034
WeekendHours,event_slice,weekend,1151,134.42929005473502,132.8474238413173,1.5818662134177126,4.4936822560603265,6.123195340566338,3.2716295738647863,66.37706342311034,9.83401749386789,27.416512940435425,21.324441134439112,329.614775,309.81985894855217,19.794916051447842,Targeted_Meta_Adjusted_Forecast_MWH,targeted_residual_meta_adjusted,0.6698366269845621,12.972483342397782,1.8715823678246566,0.11430058114483543
WeekendHours,event_slice,weekend,1151,134.42929005473502,131.2947432230082,3.1345468317267824,4.8681319840252115,6.496721577978947,3.533061203428848,75.32580364900086,10.280140775509267,29.13029530481984,15.500148397083294,329.614775,313.41747553281954,16.19729946718047,CatBoost_Pred_MWH,catboost_benchmark,0.2953868990196771,5.720651085243821,0.3189017495155868,0.4887503091097205
WeekendHours,event_slice,weekend,1151,134.42929005473502,131.0101466289519,3.4191434257831084,5.130218588246091,6.761393382506475,3.745840303702989,75.58644656820157,10.905509906894707,30.080157607996142,13.709690736759526,329.614775,309.9676727723112,19.647102227688833,LGB_Pred_MWH,lgb_component,0.03330029479879748,0.6449147481215475,0.03430515545926083,0.7508369133306001
WeekendHours,event_slice,weekend,1151,134.42929005473502,130.97584147349264,3.453448581242369,5.163518883044889,6.8039086545996765,3.767587818272565,75.76020851433536,10.771437751469023,29.953148053941632,13.53603172037414,329.614775,309.81985894855217,19.794916051447842,Raw_Forecast_MWH,raw_xgb_lgb_production,0.0,0.0,0.0,0.7841372081293976
WeekendHours,event_slice,weekend,1151,134.42929005473502,130.9552583802171,3.4740316745179123,5.195012791953159,6.84950818764679,3.7881484123951044,76.19461337966985,10.852564453125012,30.380694271484373,13.47188239746093,329.614775,309.7311706542969,19.883604345703134,XGB_Pred_MWH,xgb_component,-0.03149390890827064,-0.6099311268461736,-0.020583093275543085,0.8156311170376682
WeekendHours,event_slice,weekend,1151,134.42929005473502,130.5435866465237,3.8857034082113384,7.17777834493426,9.511959525431074,5.336313617984995,66.11642050390965,15.021095295220562,36.96800720034622,20.334624494637637,329.614775,300.43463371439566,29.18014128560435,Prophet_Pred_MWH,prophet_benchmark,-2.014259461889371,-39.00943344089365,-0.4322548269689692,2.798396670018769
WeekendHours,event_slice,weekend,1151,134.42929005473502,139.70119085403996,-5.2719007993049525,8.456484456993918,12.50025933255452,6.183619342110351,31.624674196351,20.256582999999978,31.325917000000004,62.03,329.614775,325.1866,4.42817500000001,Baseline_SameHourYesterday_MWH,baseline_same_hour_yesterday,-3.2929655739490293,-63.773671570407664,-1.8184522180625833,4.077102782078427
WeekendHours,event_slice,weekend,1151,134.42929005473502,141.25497693353606,-6.825686878801043,14.083461250031029,21.117510713913425,9.901333727600054,29.018245004344053,31.552371857142845,91.70470328571426,74.84724042857144,329.614775,252.75542357142857,76.85935142857144,Baseline_Rolling7DaySameHourAvg_MWH,baseline_rolling_7day_same_hour_avg,-8.91994236698614,-172.7492930504423,-3.3722382975586735,9.704079575115538
WeekendHours,event_slice,weekend,1103,131.7993564170444,136.20363637262014,-4.404279955575703,18.481489348141434,30.90675867344716,12.541182585690938,41.5231187669991,42.58283320000001,147.082433,119.84605000000002,329.614775,192.099258,137.51551700000002,Baseline_SameHour7DaysAgo_MWH,baseline_same_hour_7_days_ago,-13.317970465096545,-257.9243102766197,-0.9508313743333336,14.102107673225943
LongHorizonDays8to16,event_slice,days8to16,2590,134.30884148764477,133.94735246983907,0.36148901780571036,4.365527089366074,6.220312057987529,3.15941248108616,52.23938223938224,10.264501968984408,31.377119742173278,22.16048980774815,327.308191,307.63896933263646,19.66922166736356,Peak_Risk_Adjusted_Forecast_MWH,peak_risk_adjusted,0.6882771319327672,13.618990799684722,3.2781398515652693,-0.06587457593935664
LongHorizonDays8to16,event_slice,days8to16,2590,134.30884148764477,133.67837697502986,0.630464512614936,4.376875156105127,6.2353291662226455,3.1495616481115754,53.12741312741313,10.103349288761498,31.377119742173278,19.950607408396365,327.308191,307.63896933263646,19.66922166736356,Residual_Calibrated_Forecast_MWH,residual_calibrated,0.6769290651937139,13.394445759114534,3.0091643567560435,-0.05452650920030333
LongHorizonDays8to16,event_slice,days8to16,2590,134.30884148764477,133.82294658612955,0.4858949015152191,4.417138894690218,6.318376439414377,3.177142403839365,52.58687258687259,10.304901641911384,31.377119742173278,22.16048980774815,327.308191,307.63896933263646,19.66922166736356,Warm_Ramp_Adjusted_Forecast_MWH,warm_ramp_adjusted,0.6366653266086226,12.597744169143892,3.1537339678557608,-0.014262770615212084
LongHorizonDays8to16,event_slice,days8to16,2590,134.30884148764477,134.2683581662157,0.04048332142907001,4.4314016653054304,6.289109257344498,3.2191994058362856,49.42084942084942,10.526452500794576,31.586808388077856,22.806343264966102,327.308191,307.56981988581094,19.73837111418908,Recent_Corrected_Forecast_MWH,recent_corrected_simulation,0.6224025559934105,12.315525666197086,3.5991455479419097,0.0
LongHorizonDays8to16,event_slice,days8to16,2590,134.30884148764477,134.2683581662157,0.04048332142907001,4.4314016653054304,6.289109257344498,3.2191994058362856,49.42084942084942,10.526452500794576,31.586808388077856,22.806343264966102,327.308191,307.56981988581094,19.73837111418908,Final_Backtest_Forecast_MWH,final_corrected_production,0.6224025559934105,12.315525666197086,3.5991455479419097,0.0
LongHorizonDays8to16,event_slice,days8to16,2590,134.30884148764477,134.2683581662157,0.04048332142907001,4.4314016653054304,6.289109257344498,3.2191994058362856,49.42084942084942,10.526452500794576,31.586808388077856,22.806343264966102,327.308191,307.56981988581094,19.73837111418908,Stage_Selected_Forecast_MWH,stage_selected_production,0.6224025559934105,12.315525666197086,3.5991455479419097,0.0
LongHorizonDays8to16,event_slice,days8to16,2590,134.30884148764477,133.87873488151428,0.43010660613051704,4.431549208849433,6.334755110176057,3.191009587156085,52.27799227799228,10.38830300490852,31.377119742173278,22.16048980774815,327.308191,307.63896933263646,19.66922166736356,Cloud_Solar_Adjusted_Forecast_MWH,cloud_solar_adjusted,0.6222550124494077,12.312606211118455,3.2095222632404625,0.000147543544002815
LongHorizonDays8to16,event_slice,days8to16,2590,134.30884148764477,132.32893933624294,1.979902151401857,4.438334970212971,6.292136695327493,3.1638325861309426,65.83011583011583,9.886548383291135,31.414522447773635,18.783434090503647,327.308191,305.73721430187686,21.57097669812316,Targeted_Meta_Adjusted_Forecast_MWH,targeted_residual_meta_adjusted,0.6154692510858704,12.178335846331878,1.6597267179691226,0.006933304907540183
LongHorizonDays8to16,event_slice,days8to16,2590,134.30884148764477,130.98973127088342,3.3191102167613744,4.80386252280786,6.596279420321936,3.4446358951065377,76.40926640926641,10.185716919156722,30.73612984021557,24.708921096617928,327.308191,307.15414855128785,20.154042448712175,CatBoost_Pred_MWH,catboost_benchmark,0.24994169849098125,4.945614977280334,0.3205186526096053,0.3724608575024293
LongHorizonDays8to16,event_slice,days8to16,2590,134.30884148764477,130.6954942869537,3.613347200691114,5.028183941586623,6.86525267839043,3.61182745740811,77.72200772200773,10.55154549956283,31.46350981991222,16.55259148726509,327.308191,305.86798406932786,21.44020693067216,LGB_Pred_MWH,lgb_component,0.02562027971221781,0.5069503801560664,0.0262816686798657,0.5967822762811927
LongHorizonDays8to16,event_slice,days8to16,2590,134.30884148764477,130.6692126182738,3.6396288693709797,5.053804221298841,6.901325424818681,3.6292150196164155,77.37451737451737,10.580703188216772,30.248942566134076,17.38172563819461,327.308191,305.73721430187686,21.57097669812316,Raw_Forecast_MWH,raw_xgb_lgb_production,0.0,0.0,0.0,0.6224025559934105
LongHorizonDays8to16,event_slice,days8to16,2590,134.30884148764477,130.6534436170659,3.6553978705788865,5.080618382371916,6.939525970069185,3.647642413246923,77.60617760617761,10.673318918457024,30.380694271484373,17.91791210937501,327.308191,305.65875244140625,21.649438558593772,XGB_Pred_MWH,xgb_component,-0.02681416107307477,-0.5305737994374357,-0.015769001207906808,0.6492167170664853
LongHorizonDays8to16,event_slice,days8to16,2590,134.30884148764477,133.45108260980328,0.8577588778414996,6.133273664635327,7.9937381781671615,4.652867622294601,53.745173745173744,12.62906612182291,43.24770225950533,24.94358833476052,327.308191,294.7643490937746,32.543841906225396,Prophet_Pred_MWH,prophet_benchmark,-1.0794694433364862,-21.359542160085095,2.7818699915294802,1.7018719993298967
LongHorizonDays8to16,event_slice,days8to16,2590,134.30884148764477,134.45294397876447,-0.14410249111969134,7.244442612355212,11.326927153737131,5.042865548094723,51.042471042471036,17.948734099999992,53.81595800000002,62.03,327.308191,322.500858,4.807333000000028,Baseline_SameHourYesterday_MWH,baseline_same_hour_yesterday,-2.190638391056371,-43.346324771033004,3.4955263782512884,2.8130409470497817
LongHorizonDays8to16,event_slice,days8to16,2590,134.30884148764477,137.1711656911197,-2.8623242034749046,10.965887622338666,17.102387159777894,7.515143115199392,37.76061776061776,26.23279638571429,81.58994542857141,74.79930342857142,327.308191,259.4506032857143,67.85758771428573,Baseline_Rolling7DaySameHourAvg_MWH,baseline_rolling_7day_same_hour_avg,-5.912083401039825,-116.98283396344951,0.7773046658960752,6.534485957033236
LongHorizonDays8to16,event_slice,days8to16,2590,134.30884148764477,141.34447324092665,-7.035631753281854,16.085918344015443,25.170690415054338,11.056322951955835,35.714285714285715,39.255575799999995,99.963033,119.84605000000002,327.308191,286.095466,41.212725000000034,Baseline_SameHour7DaysAgo_MWH,baseline_same_hour_7_days_ago,-11.032114122716603,-218.29326265197744,-3.3960028839108745,11.654516678710014
ScoredSeason:Fall,Season,Fall,886,122.77420932731377,122.80045285616526,-0.02624352885149998,3.017039938628232,4.526917615461673,2.391634839572813,49.66139954853273,6.864479464460118,18.602194873596204,29.075578922547578,197.495883,194.78981351929068,2.706069480709317,Recent_Corrected_Forecast_MWH,recent_corrected_simulation,1.143655296909699,27.487120112555836,3.0998270881253487,-0.014972925900393008
ScoredSeason:Fall,Season,Fall,886,122.77420932731377,122.30184078575762,0.47236854155614233,3.0297551983646027,4.538441431906674,2.39086859189455,56.884875846501124,6.842552005316222,19.23478043526123,28.448020636807797,197.495883,194.68352396099195,2.8123590390080437,Peak_Risk_Adjusted_Forecast_MWH,peak_risk_adjusted,1.1309400371733282,27.181515904207064,2.653702075420706,-0.0022576661640223428
ScoredSeason:Fall,Season,Fall,886,122.77420932731377,122.29674445826815,0.47746486904561347,3.0317465853581216,4.54006027463969,2.391879201850885,56.99774266365688,6.842552005316222,19.23478043526123,28.448020636807797,197.495883,192.97233098049173,4.523552019508259,Cloud_Solar_Adjusted_Forecast_MWH,cloud_solar_adjusted,1.1289486501798094,27.133654023420657,2.648605747931235,-0.0002662791705034806
ScoredSeason:Fall,Season,Fall,886,122.77420932731377,122.33706573338218,0.43714359393157903,3.032012864528625,4.625136987500489,2.3806026069584023,57.11060948081265,6.908403634016921,19.271808249875278,28.448020636807797,197.495883,194.68352396099195,2.8123590390080437,Stage_Selected_Forecast_MWH,stage_selected_production,1.128682371009306,27.127254151393764,2.6889270230452698,0.0
ScoredSeason:Fall,Season,Fall,886,122.77420932731377,122.33706573338218,0.43714359393157903,3.032012864528625,4.625136987500489,2.3806026069584023,57.11060948081265,6.908403634016921,19.271808249875278,28.448020636807797,197.495883,194.68352396099195,2.8123590390080437,Final_Backtest_Forecast_MWH,final_corrected_production,1.128682371009306,27.127254151393764,2.6889270230452698,0.0
ScoredSeason:Fall,Season,Fall,886,122.77420932731377,122.24548817708957,0.5287211502241943,3.035585532730173,4.579301821069822,2.391483349356585,56.77200902934537,6.83995627415991,19.407572739515587,28.448020636807797,197.495883,192.97233098049173,4.523552019508259,Warm_Ramp_Adjusted_Forecast_MWH,warm_ramp_adjusted,1.125109702807758,27.041387054687604,2.597349466752654,0.0035726682015480016
ScoredSeason:Fall,Season,Fall,886,122.77420932731377,122.09501009370742,0.6791992336063412,3.05569258118659,4.601554160311434,2.4022432181587403,58.35214446952596,6.83995627415991,19.407572739515587,28.448020636807797,197.495883,192.97233098049173,4.523552019508259,Residual_Calibrated_Forecast_MWH,residual_calibrated,1.105002654351341,26.55812530831705,2.4468713833705076,0.023679716657964978
ScoredSeason:Fall,Season,Fall,886,122.77420932731377,121.25145016545056,1.5227591618632044,3.2760263193138903,4.788998423174638,2.566747264612868,69.8645598194131,7.130616522826685,20.827988257291338,27.086259152091003,197.495883,192.04645752687392,5.44942547312607,Targeted_Meta_Adjusted_Forecast_MWH,targeted_residual_meta_adjusted,0.8846689162240406,21.262526240032646,1.6033114551136443,0.24401345478526526
ScoredSeason:Fall,Season,Fall,886,122.77420932731377,119.86758203014469,2.9066272971690905,3.9773402620898555,5.461685583490791,3.09917097395542,81.48984198645599,8.158722905525906,22.78739502149608,24.60038898948477,197.495883,191.1301997500998,6.365683249900201,CatBoost_Pred_MWH,catboost_benchmark,0.1833549734480755,4.4068349895463985,0.2194433198077581,0.9453273975612304
ScoredSeason:Fall,Season,Fall,886,122.77420932731377,119.71675328282285,3.0574560444909142,4.0937713968838265,5.553488789207967,3.202864331357027,81.60270880361173,8.219034773942354,23.270607930308785,25.1239622228168,197.495883,190.92508298211447,6.570800017885517,LGB_Pred_MWH,lgb_component,0.06692383865410445,1.6084773064483286,0.06861457248593439,1.0617585323552015
ScoredSeason:Fall,Season,Fall,886,122.77420932731377,119.64813871033694,3.1260706169768486,4.160695235537931,5.62872297533283,3.2545965272625246,81.82844243792326,8.317637088961227,23.30144891136578,24.81819397320473,197.495883,190.36115401258002,7.134728987419976,Raw_Forecast_MWH,raw_xgb_lgb_production,0.0,0.0,0.0,1.128682371009306
ScoredSeason:Fall,Season,Fall,886,122.77420932731377,119.60696996684537,3.1672393604683973,4.207474089056769,5.6870357316712346,3.2913068446455322,82.7313769751693,8.500162512207034,23.319953499999997,24.63473302343749,197.495883,190.02279663085938,7.473086369140617,XGB_Pred_MWH,xgb_component,-0.04677885351883759,-1.124303773063773,-0.04116874349154864,1.1754612245281435
ScoredSeason:Fall,Season,Fall,886,122.77420932731377,123.43070006546274,-0.6564907381489844,6.543039758465011,9.659796180120203,5.159391268425229,50.22573363431151,16.420699499999998,31.806891000000007,43.93972500000001,197.495883,183.357908,14.137974999999983,Baseline_SameHourYesterday_MWH,baseline_same_hour_yesterday,-2.38234452292708,-57.25832794910464,2.4695798788278642,3.511026893936386
ScoredSeason:Fall,Season,Fall,886,122.77420932731377,117.41233971394294,5.361869613370816,6.623342027026891,8.278282731155462,5.595227966778859,80.81264108352144,13.132636538401123,30.418995890496163,20.045235827601488,197.495883,202.77498204827,-5.279099048270012,Prophet_Pred_MWH,prophet_benchmark,-2.46264679148896,-59.18834839078444,-2.2357989963939673,3.591329162498266
ScoredSeason:Fall,Season,Fall,886,122.77420932731377,126.94045092599163,-4.166241598677846,9.573362431634955,16.46697999275612,7.62708438968086,45.146726862302486,21.5270515,28.50664242857144,89.92982057142859,197.495883,170.7222294285714,26.773653571428582,Baseline_Rolling7DaySameHourAvg_MWH,baseline_rolling_7day_same_hour_avg,-5.412667196097024,-130.09045098678627,-1.0401709817009976,6.54134956710633
ScoredSeason:Fall,Season,Fall,886,122.77420932731377,129.64147459706544,-6.867265269751693,14.997875899548532,23.79435707622035,11.626761873682003,40.40632054176072,34.2039245,43.582559,115.92612500000001,197.495883,223.674391,-26.178508000000022,Baseline_SameHour7DaysAgo_MWH,baseline_same_hour_7_days_ago,-10.837180664010601,-260.46562053972394,-3.741194652774844,11.965863035019908
ScoredSeason:Spring,Season,Spring,1272,125.50933334984278,125.37151485612539,0.13781849371738708,4.020718805278608,5.424856151033293,3.109665086408317,52.75157232704403,9.027727224109164,22.98125644023179,18.783434090503647,253.572,253.21057385298013,0.36142614701986986,Targeted_Meta_Adjusted_Forecast_MWH,targeted_residual_meta_adjusted,0.6020678161621262,13.02391534512329,2.3785031573249804,-0.2733270466563811
ScoredSeason:Spring,Season,Spring,1272,125.50933334984278,126.76307498880948,-1.2537416389666936,4.153699221775571,5.583482641974245,3.2435899564214665,41.27358490566038,9.334736636286546,22.297640885508613,19.950607408396365,253.572,257.4493262851028,-3.8773262851028107,Residual_Calibrated_Forecast_MWH,residual_calibrated,0.4690873996651632,10.147286433025277,1.262580012075674,-0.14034663015941806
ScoredSeason:Spring,Season,Spring,1272,125.50933334984278,127.36363865251683,-1.8543053026740435,4.207466713498218,5.789981662617241,3.289175469416155,38.60062893081761,9.976304810374486,22.128094134925504,22.16048980774815,253.572,257.4493262851028,-3.8773262851028107,Peak_Risk_Adjusted_Forecast_MWH,peak_risk_adjusted,0.41531990794251605,8.984189450065463,0.6620163483683241,-0.0865791384367709
ScoredSeason:Spring,Season,Spring,1272,125.50933334984278,127.35233580861768,-1.8430024587749096,4.213041209461563,5.794857639238932,3.2919086449606847,38.67924528301887,9.946437603753802,22.128094134925504,22.16048980774815,253.572,257.4493262851028,-3.8773262851028107,Cloud_Solar_Adjusted_Forecast_MWH,cloud_solar_adjusted,0.4097454119791708,8.863602098326352,0.673319192267458,-0.08100464247342565
ScoredSeason:Spring,Season,Spring,1272,125.50933334984278,127.31860501326648,-1.8092716634237092,4.241834616813824,5.8406646082979465,3.3142584517224023,38.83647798742139,9.976304810374486,22.297640885508613,22.16048980774815,253.572,257.4493262851028,-3.8773262851028107,Warm_Ramp_Adjusted_Forecast_MWH,warm_ramp_adjusted,0.38095200462691015,8.240743859126749,0.7070499876186584,-0.05221123512116499
ScoredSeason:Spring,Season,Spring,1272,125.50933334984278,127.52786563023206,-2.018532280389269,4.294045851934989,5.89472267419174,3.3609108686260334,38.36477987421384,10.319339722751952,21.308788802146623,22.806343264966102,253.572,258.1002888329787,-4.528288832978717,Stage_Selected_Forecast_MWH,stage_selected_production,0.32874076950574516,7.111311778506662,0.4977893706530985,0.0
ScoredSeason:Spring,Season,Spring,1272,125.50933334984278,127.52786563023206,-2.018532280389269,4.294045851934989,5.89472267419174,3.3609108686260334,38.36477987421384,10.319339722751952,21.308788802146623,22.806343264966102,253.572,258.1002888329787,-4.528288832978717,Final_Backtest_Forecast_MWH,final_corrected_production,0.32874076950574516,7.111311778506662,0.4977893706530985,0.0
ScoredSeason:Spring,Season,Spring,1272,125.50933334984278,123.26782038032192,2.241512969520838,4.370021547918939,5.748393431533658,3.3915723145536467,69.81132075471697,9.217616204139537,24.73120985069241,14.972522072118835,253.572,255.03107084249814,-1.4590708424981358,CatBoost_Pred_MWH,catboost_benchmark,0.252765073521795,5.467807498391921,0.2748086815215296,0.07597569598395015
ScoredSeason:Spring,Season,Spring,1272,125.50933334984278,127.93561808040099,-2.4262847305582027,4.3886510119821285,6.00543559762435,3.444594447471177,33.80503144654088,10.449436250699481,21.308788802146623,22.806343264966102,253.572,258.1002888329787,-4.528288832978717,Recent_Corrected_Forecast_MWH,recent_corrected_simulation,0.23413560945860556,5.0648154161533645,0.0900369204841649,0.09460516004713959
ScoredSeason:Spring,Season,Spring,1272,125.50933334984278,123.02687602777594,2.4824573220668373,4.583516295352367,6.027849946474571,3.539804674504752,71.85534591194968,9.657035164101272,24.282553490112605,16.488081519560637,253.572,254.08839082962677,-0.5163908296267721,LGB_Pred_MWH,lgb_component,0.039270326088367113,0.8494946728933848,0.03386432897553027,0.28947044341737804
ScoredSeason:Spring,Season,Spring,1272,125.50933334984278,122.99301169880039,2.5163216510423676,4.622786621440734,6.049671552441727,3.573078346007234,71.38364779874213,9.698138023587374,24.349804398697003,17.38172563819461,253.572,253.21057385298013,0.36142614701986986,Raw_Forecast_MWH,raw_xgb_lgb_production,0.0,0.0,0.0,0.32874076950574516
ScoredSeason:Spring,Season,Spring,1272,125.50933334984278,122.97269310141509,2.536640248427673,4.657408170393267,6.078887619326448,3.6016323977333378,70.99056603773585,9.789824769042966,24.47689960937501,17.91791210937501,253.572,252.6838836669922,0.8881163330078152,XGB_Pred_MWH,xgb_component,-0.03462154895253278,-0.74893244676179,-0.02031859738530528,0.36336231845827793
ScoredSeason:Spring,Season,Spring,1272,125.50933334984278,124.81096143383563,0.69837191600715,5.3449801438121165,6.926743468223013,4.357589120724259,54.166666666666664,11.518258502911767,25.49238551830925,19.919931949937705,253.572,251.8273778849023,1.7446221150977124,Prophet_Pred_MWH,prophet_benchmark,-0.7221935223713825,-15.622471498507196,1.8179497350352176,1.0509342918771276
ScoredSeason:Spring,Season,Spring,1272,125.50933334984278,125.40773017295597,0.10160317688679227,7.893228639150945,12.068892142266865,5.954170310447586,53.301886792452834,19.68609220000001,56.764008000000004,62.03,253.572,231.165366,22.406633999999997,Baseline_SameHourYesterday_MWH,baseline_same_hour_yesterday,-3.270442017710211,-70.74611669380812,2.4147184741555754,3.5991827872159563
ScoredSeason:Spring,Season,Spring,1272,125.50933334984278,125.41122479458672,0.09810855525606484,11.778241357592094,17.54323807166642,8.690683692291461,44.65408805031446,29.819020628571437,70.05253828571429,74.79930342857142,253.572,190.072989,63.499010999999996,Baseline_Rolling7DaySameHourAvg_MWH,baseline_rolling_7day_same_hour_avg,-7.15545473615136,-154.78661080665015,2.4182130957863026,7.484195505657105
ScoredSeason:Spring,Season,Spring,1272,125.50933334984278,125.18838144811322,0.3209519017295596,16.11947849764151,23.51895104303249,11.958146517800774,50.314465408805034,38.032537800000014,86.469567,116.74199999999999,253.572,209.92505,43.646950000000004,Baseline_SameHour7DaysAgo_MWH,baseline_same_hour_7_days_ago,-11.496691876200774,-248.69613974563518,2.195369749312808,11.82543264570652
ScoredSeason:Summer,Season,Summer,1152,171.89343061979167,168.41170500915865,3.481725610633017,5.456776865903525,7.285602701868211,3.2014383700773132,74.73958333333334,12.464152951908524,31.377119742173278,19.278531505691035,330.534108,315.4123167344102,15.12179126558982,Peak_Risk_Adjusted_Forecast_MWH,peak_risk_adjusted,0.8491334214813397,13.465675577086037,1.536733054465266,-0.033036578563353736
ScoredSeason:Summer,Season,Summer,1152,171.89343061979167,168.2946287015163,3.5988019182753552,5.489813444466879,7.31697893309612,3.2215763167315212,75.78125,12.556866310474554,31.586808388077856,19.180293307469242,330.534108,315.4123167344102,15.12179126558982,Stage_Selected_Forecast_MWH,stage_selected_production,0.816096842917986,12.941776931882595,1.4196567468229278,0.0
ScoredSeason:Summer,Season,Summer,1152,171.89343061979167,168.2946287015163,3.5988019182753552,5.489813444466879,7.31697893309612,3.2215763167315212,75.78125,12.556866310474554,31.586808388077856,19.180293307469242,330.534108,315.4123167344102,15.12179126558982,Final_Backtest_Forecast_MWH,final_corrected_production,0.816096842917986,12.941776931882595,1.4196567468229278,0.0
ScoredSeason:Summer,Season,Summer,1152,171.89343061979167,168.27834758481603,3.6150830349756387,5.500274220660619,7.325720338687904,3.2291634195784376,75.86805555555556,12.556866310474554,31.586808388077856,19.180293307469242,330.534108,315.4123167344102,15.12179126558982,Recent_Corrected_Forecast_MWH,recent_corrected_simulation,0.8056360667242464,12.775888492038048,1.4033756301226443,0.01046077619373964
ScoredSeason:Summer,Season,Summer,1152,171.89343061979167,168.21580387260377,3.6776267471878787,5.646471275001387,7.543013246176489,3.2898809647349285,74.91319444444444,13.098490757770502,31.377119742173278,19.278531505691035,330.534108,315.4123167344102,15.12179126558982,Residual_Calibrated_Forecast_MWH,residual_calibrated,0.6594390123834781,10.45747532600809,1.3408319179104042,0.15665783053450788
ScoredSeason:Summer,Season,Summer,1152,171.89343061979167,168.21580387260377,3.6776267471878787,5.646471275001387,7.543013246176489,3.2898809647349285,74.91319444444444,13.098490757770502,31.377119742173278,19.278531505691035,330.534108,315.4123167344102,15.12179126558982,Warm_Ramp_Adjusted_Forecast_MWH,warm_ramp_adjusted,0.6594390123834781,10.45747532600809,1.3408319179104042,0.15665783053450788
ScoredSeason:Summer,Season,Summer,1152,171.89343061979167,168.2097335645558,3.6836970552358843,5.651261865590843,7.54844326378103,3.2934034574142848,74.91319444444444,13.092894040931514,31.377119742173278,19.278531505691035,330.534108,315.4123167344102,15.12179126558982,Cloud_Solar_Adjusted_Forecast_MWH,cloud_solar_adjusted,0.6546484217940218,10.381505475960589,1.3347616098623987,0.16144842112396418
ScoredSeason:Summer,Season,Summer,1152,171.89343061979167,167.3480886571479,4.545341962643764,5.924757158596604,7.75029657508971,3.387864155471708,81.07638888888889,13.188176397471858,30.73612984021557,24.708921096617928,330.534108,321.6839190550165,8.850188944983529,CatBoost_Pred_MWH,catboost_benchmark,0.38115312878826124,6.0443791842514445,0.47311670245451865,0.43494371412972477
ScoredSeason:Summer,Season,Summer,1152,171.89343061979167,167.37955570250793,4.513874917283731,6.026950364136326,7.866360598463815,3.4899684161366005,80.38194444444444,13.472764881691932,31.414522447773635,16.560854843613043,330.534108,315.3377104156307,15.196397584369322,Targeted_Meta_Adjusted_Forecast_MWH,targeted_residual_meta_adjusted,0.27895992324853935,4.423785156071849,0.5045837478145518,0.5371369196694467
ScoredSeason:Summer,Season,Summer,1152,171.89343061979167,166.94330678472696,4.9501238350647165,6.297606572059304,8.015367352737215,3.672762170171477,81.25,13.538014025915855,31.46350981991222,16.55259148726509,330.534108,316.0082881591298,14.525819840870213,LGB_Pred_MWH,lgb_component,0.008303715325561178,0.13168146940138006,0.06833483003356644,0.8077931275924248
ScoredSeason:Summer,Season,Summer,1152,171.89343061979167,166.8749719546934,5.018458665098283,6.305910287384865,8.020882299734911,3.6699933100070163,81.68402777777779,13.414127113504772,30.248942566134076,16.560854843613043,330.534108,315.3377104156307,15.196397584369322,Raw_Forecast_MWH,raw_xgb_lgb_production,0.0,0.0,0.0,0.816096842917986
ScoredSeason:Summer,Season,Summer,1152,171.89343061979167,166.83397105667325,5.059459563118405,6.328783197978126,8.059850702688152,3.677540930274796,82.11805555555556,13.392457917138668,29.537946818359387,16.56581285742186,330.534108,314.93536376953125,15.598744230468753,XGB_Pred_MWH,xgb_component,-0.022872910593260798,-0.36272178877994254,-0.041000898020121745,0.8389697535112468
ScoredSeason:Summer,Season,Summer,1152,171.89343061979167,167.37470829501845,4.518722324773197,8.677384850655873,11.348781025177646,4.952730411655791,65.36458333333334,18.76476149675178,43.24770225950533,23.068705594799695,330.534108,315.88343571766603,14.650672282333971,Prophet_Pred_MWH,prophet_benchmark,-2.3714745632710077,-37.60717256024405,0.49973634032508585,3.1875714061889937
ScoredSeason:Summer,Season,Summer,1128,171.38741413120567,172.1912337960993,-0.8038196648936172,14.85154710460993,20.861974478352852,8.220266863065726,49.55673758865248,31.802405200000003,92.82965800000002,72.65344199999998,330.534108,300.440716,30.093391999999994,Baseline_SameHourYesterday_MWH,baseline_same_hour_yesterday,-8.545636817225065,-135.5178939719588,4.214639000204666,9.36173366014305
ScoredSeason:Summer,Season,Summer,1104,170.24555007336954,173.69778606141304,-3.4522359880434794,23.610212923214284,31.823960057143545,12.911870375706549,36.86594202898551,55.99902410000003,105.76307742857142,79.40814750000004,329.614775,252.75542357142857,76.85935142857144,Baseline_Rolling7DaySameHourAvg_MWH,baseline_rolling_7day_same_hour_avg,-17.30430263582942,-274.41403139602414,1.5662226770548036,18.120399478747405
ScoredSeason:Summer,Season,Summer,984,168.76174146138214,173.05197784247966,-4.290236381097563,34.1919511351626,46.37222658277546,18.893027552204263,41.97154471544716,80.97850010000002,147.082433,146.13581600000003,329.614775,192.099258,137.51551700000002,Baseline_SameHour7DaysAgo_MWH,baseline_same_hour_7_days_ago,-27.886040847777732,-442.2207037033887,0.7282222840007204,28.702137690695718
ScoredSeason:Winter,Season,Winter,1296,129.69058594830247,129.82040750785805,-0.12982155955559133,4.664790848120263,6.766672606693795,3.5183355552452373,47.22222222222222,11.052852150985885,25.850800362481777,31.255194061482996,173.626066,163.55928704833394,10.066778951666066,Residual_Calibrated_Forecast_MWH,residual_calibrated,1.1528370428594776,19.816273306977177,4.274863378384452,-0.05451071783630024
ScoredSeason:Winter,Season,Winter,1296,129.69058594830247,129.82040750785805,-0.12982155955559133,4.664790848120263,6.766672606693795,3.5183355552452373,47.22222222222222,11.052852150985885,25.850800362481777,31.255194061482996,173.626066,163.55928704833394,10.066778951666066,Warm_Ramp_Adjusted_Forecast_MWH,warm_ramp_adjusted,1.1528370428594776,19.816273306977177,4.274863378384452,-0.05451071783630024
ScoredSeason:Winter,Season,Winter,1296,129.69058594830247,129.97536117997103,-0.284775231668558,4.709243804287391,6.841728575203311,3.559655288864231,46.21913580246913,11.23088640879186,25.778646636039255,32.51217314322216,173.626066,163.55928704833394,10.066778951666066,Peak_Risk_Adjusted_Forecast_MWH,peak_risk_adjusted,1.1083840866923493,19.052165375013143,4.119909706271485,-0.010057761669171938
ScoredSeason:Winter,Season,Winter,1296,129.69058594830247,129.97536117997103,-0.284775231668558,4.709243804287391,6.841728575203311,3.559655288864231,46.21913580246913,11.23088640879186,25.778646636039255,32.51217314322216,173.626066,163.55928704833394,10.066778951666066,Cloud_Solar_Adjusted_Forecast_MWH,cloud_solar_adjusted,1.1083840866923493,19.052165375013143,4.119909706271485,-0.010057761669171938
ScoredSeason:Winter,Season,Winter,1296,129.69058594830247,130.02500986881765,-0.33442392051517184,4.719301565956563,6.819047180860312,3.5787767184837858,46.2962962962963,11.47646318048723,25.285309808018994,32.51217314322216,173.626066,164.13534195396963,9.49072404603038,Final_Backtest_Forecast_MWH,final_corrected_production,1.0983263250231774,18.87928113666633,4.070261017424871,0.0
ScoredSeason:Winter,Season,Winter,1296,129.69058594830247,130.02500986881765,-0.33442392051517184,4.719301565956563,6.819047180860312,3.5787767184837858,46.2962962962963,11.47646318048723,25.285309808018994,32.51217314322216,173.626066,164.13534195396963,9.49072404603038,Stage_Selected_Forecast_MWH,stage_selected_production,1.0983263250231774,18.87928113666633,4.070261017424871,0.0
ScoredSeason:Winter,Season,Winter,1296,129.69058594830247,130.4834527526242,-0.7928668043217195,4.793241083663184,6.916178074172649,3.6411316609139455,42.36111111111111,11.550493986900939,25.285309808018994,32.7946821978733,173.626066,164.13534195396963,9.49072404603038,Recent_Corrected_Forecast_MWH,recent_corrected_simulation,1.0243868073165565,17.608324673100405,3.611818133618323,0.07393951770662088
ScoredSeason:Winter,Season,Winter,1296,129.69058594830247,127.75733140938996,1.9332545389125162,4.823516717343799,6.926395744875001,3.5850560604695403,64.96913580246914,10.907628830460858,27.416512940435425,28.179945261954202,173.626066,161.57217639720864,12.053889602791372,Targeted_Meta_Adjusted_Forecast_MWH,targeted_residual_meta_adjusted,0.9941111736359414,17.087912672746146,2.4714303990275264,0.10421515138723603
ScoredSeason:Winter,Season,Winter,1296,129.69058594830247,125.6288138867252,4.061772061577275,5.628930252529152,7.8244990311075675,4.129954951565536,77.54629629629629,12.345956016503507,34.224984258360564,23.14333733427077,173.626066,158.4462745463734,15.17979145362662,CatBoost_Pred_MWH,catboost_benchmark,0.18869763845058873,3.2435494670115514,0.34291287636276735,0.9096286865725887
ScoredSeason:Winter,Season,Winter,1296,129.69058594830247,125.29944452238672,4.3911414259157535,5.811753941883605,8.095382211132844,4.2727181603001165,79.32098765432099,12.399774285888682,34.5206036376953,22.760195320312505,173.626066,159.5186309814453,14.107435018554696,XGB_Pred_MWH,xgb_component,0.005873949096135256,0.10096811288399592,0.01354351202428905,1.0924523759270421
ScoredSeason:Winter,Season,Winter,1296,129.69058594830247,125.28590101036242,4.404684937940043,5.8176278909797405,8.084390569060133,4.278303005129116,79.55246913580247,12.482231955572928,34.41826810568614,22.592226394745325,173.626066,159.16569609577243,14.460369904227576,Raw_Forecast_MWH,raw_xgb_lgb_production,0.0,0.0,0.0,1.0983263250231774
ScoredSeason:Winter,Season,Winter,1296,129.69058594830247,125.263328490322,4.4272574579805,5.8407232299927605,8.081803464643267,4.297776857967347,79.39814814814815,12.54109481310357,34.51910091439058,22.312278185466738,173.626066,158.57747128631763,15.048594713682377,LGB_Pred_MWH,lgb_component,-0.023095339013019967,-0.3969889351092633,-0.022572520040457178,1.1214216640361974
ScoredSeason:Winter,Season,Winter,1296,129.69058594830247,129.97287221296295,-0.2822862646604937,6.465244918981482,9.842484373828684,4.9474675426689805,48.2253086419753,17.515045999999998,41.701983999999996,41.295591,173.626066,173.605041,0.02102500000000873,Baseline_SameHourYesterday_MWH,baseline_same_hour_yesterday,-0.6476170280017417,-11.131977502477856,4.122398673279549,1.745943353024919
ScoredSeason:Winter,Season,Winter,1296,129.69058594830247,130.06385990287083,-0.373273954568376,6.760037437588098,8.720933498756954,5.177432815188568,44.367283950617285,14.34343834385568,35.465687680386026,24.94358833476052,173.626066,157.67302951967923,15.953036480320776,Prophet_Pred_MWH,prophet_benchmark,-0.9424095466083573,-16.19920634782379,4.031410983371667,2.0407358716315347
ScoredSeason:Winter,Season,Winter,1296,129.69058594830247,130.41403853229718,-0.7234525839947094,7.928202878968254,10.245513941874496,6.169856514882102,46.2962962962963,17.014038071428566,36.583693999999994,40.22547714285716,173.626066,166.7563807142857,6.869685285714297,Baseline_Rolling7DaySameHourAvg_MWH,baseline_rolling_7day_same_hour_avg,-2.110574987988514,-36.278961589498884,3.681232353945333,3.2089013130116912
ScoredSeason:Winter,Season,Winter,1296,129.69058594830247,130.807835845679,-1.117249897376543,10.28046380169753,13.483703243643461,8.015945813666915,48.99691358024691,23.0489665,39.558925,45.29205900000001,173.626066,163.83765,9.788416000000012,Baseline_SameHour7DaysAgo_MWH,baseline_same_hour_7_days_ago,-4.46283591071779,-76.71229570453343,3.2874350405634996,5.561162235740968
OriginSeason:Fall,Replay_Origin_Season,Fall,1150,126.59547636260871,125.7056822946798,0.8897940679288922,3.679713887456228,5.680424837430216,2.7581258579106813,53.73913043478261,8.775147917348786,25.285309808018994,29.075578922547578,197.495883,194.78981351929068,2.706069480709317,Recent_Corrected_Forecast_MWH,recent_corrected_simulation,1.570922375264277,29.918705022814457,3.448675704866546,-0.01453549269410681
OriginSeason:Fall,Replay_Origin_Season,Fall,1150,126.59547636260871,125.32696526164636,1.268511100962324,3.694249380150335,5.742085214553815,2.7504971822135253,59.82608695652174,9.084895596607524,25.285309808018994,28.448020636807797,197.495883,194.68352396099195,2.8123590390080437,Stage_Selected_Forecast_MWH,stage_selected_production,1.55638688257017,29.641872045498758,3.069958671833114,0.0
OriginSeason:Fall,Replay_Origin_Season,Fall,1150,126.59547636260871,125.32696526164636,1.268511100962324,3.694249380150335,5.742085214553815,2.7504971822135253,59.82608695652174,9.084895596607524,25.285309808018994,28.448020636807797,197.495883,194.68352396099195,2.8123590390080437,Final_Backtest_Forecast_MWH,final_corrected_production,1.55638688257017,29.641872045498758,3.069958671833114,0.0
OriginSeason:Fall,Replay_Origin_Season,Fall,1150,126.59547636260871,125.20454339669035,1.3909329659183423,3.736414240477565,5.772842475787946,2.7847326394363514,60.34782608695652,8.916232056723707,25.778646636039255,28.448020636807797,197.495883,194.68352396099195,2.8123590390080437,Peak_Risk_Adjusted_Forecast_MWH,peak_risk_adjusted,1.5142220222429401,28.838829171883607,2.947536806877096,0.04216486032722999
OriginSeason:Fall,Replay_Origin_Season,Fall,1150,126.59547636260871,125.2006170087289,1.3948593538797958,3.737948474283006,5.773823089888754,2.785511248498363,60.43478260869565,8.916232056723707,25.778646636039255,28.448020636807797,197.495883,192.97233098049173,4.523552019508259,Cloud_Solar_Adjusted_Forecast_MWH,cloud_solar_adjusted,1.512687788437499,28.809609212079224,2.9436104189156422,0.043699094132671146
OriginSeason:Fall,Replay_Origin_Season,Fall,1150,126.59547636260871,125.13845468657276,1.4570216760359331,3.7620093287007284,5.853744233469861,2.7989739982533086,60.26086956521739,8.939852942573681,25.850800362481777,28.448020636807797,197.495883,192.97233098049173,4.523552019508259,Warm_Ramp_Adjusted_Forecast_MWH,warm_ramp_adjusted,1.4886269340197766,28.35136275938635,2.881448096759505,0.06775994855039347
OriginSeason:Fall,Replay_Origin_Season,Fall,1150,126.59547636260871,125.02252113711486,1.5729552254938306,3.7775004982071505,5.867172907527753,2.8072637754347944,61.47826086956522,9.12237208514873,25.850800362481777,28.448020636807797,197.495883,192.97233098049173,4.523552019508259,Residual_Calibrated_Forecast_MWH,residual_calibrated,1.4731357645133545,28.056328620068623,2.7655145473016076,0.08325111805681562
OriginSeason:Fall,Replay_Origin_Season,Fall,1150,126.59547636260871,124.01721970937894,2.57825665322976,4.145429401496828,6.300474851697691,3.0626717357752202,72.95652173913044,9.845888750761734,27.416512940435425,27.086259152091003,197.495883,192.04645752687392,5.44942547312607,Targeted_Meta_Adjusted_Forecast_MWH,targeted_residual_meta_adjusted,1.1052068612236772,21.049008271066903,1.760213119565678,0.45118002134649293
OriginSeason:Fall,Replay_Origin_Season,Fall,1150,126.59547636260871,122.4739046647278,4.121571697880914,5.062644056540084,7.222084257727554,3.7295926599609666,84.0,11.436693796376913,29.13029530481984,24.60038898948477,197.495883,191.1301997500998,6.365683249900201,CatBoost_Pred_MWH,catboost_benchmark,0.18799220618042067,3.580370011824367,0.21689807491452395,1.3683946763897494
OriginSeason:Fall,Replay_Origin_Season,Fall,1150,126.59547636260871,122.3179044269242,4.277571935684496,5.194818885584103,7.365681448751249,3.840358814519666,84.34782608695653,11.734950838877811,30.080157607996142,25.1239622228168,197.495883,190.92508298211447,6.570800017885517,LGB_Pred_MWH,lgb_component,0.055817377136402335,1.0630593006928601,0.0608978371109421,1.5005695054337678
OriginSeason:Fall,Replay_Origin_Season,Fall,1150,126.59547636260871,122.25700658981326,4.338469772795438,5.250636262720505,7.447950595788332,3.8824058018097953,84.52173913043478,11.595826268197357,29.953148053941632,24.81819397320473,197.495883,190.36115401258002,7.134728987419976,Raw_Forecast_MWH,raw_xgb_lgb_production,0.0,0.0,0.0,1.55638688257017
OriginSeason:Fall,Replay_Origin_Season,Fall,1150,126.59547636260871,122.2204678875467,4.375008475061991,5.289338840349864,7.50714634952942,3.912103374593675,85.21739130434783,11.536875046386747,30.380694271484373,24.63473302343749,197.495883,190.02279663085938,7.473086369140617,XGB_Pred_MWH,xgb_component,-0.03870257762935925,-0.7371026232410609,-0.03653870226655265,1.5950894601995294
OriginSeason:Fall,Replay_Origin_Season,Fall,1150,126.59547636260871,126.8805079869565,-0.28503162434782603,6.125510504347825,9.22903161133257,4.755508814827546,52.0,15.93935080000002,31.806891000000007,43.93972500000001,197.495883,183.357908,14.137974999999983,Baseline_SameHourYesterday_MWH,baseline_same_hour_yesterday,-0.8748742416273201,-16.662251922475065,4.053438148447612,2.43126112419749
OriginSeason:Fall,Replay_Origin_Season,Fall,1150,126.59547636260871,120.76005674841272,5.835419614195955,7.075584332389535,8.985687574517838,5.651397996580814,81.1304347826087,14.307284114413013,35.465687680386026,20.045235827601488,197.495883,202.77498204827,-5.279099048270012,Prophet_Pred_MWH,prophet_benchmark,-1.8249480696690297,-34.75670334710011,-1.4969498414005171,3.3813349522391998
OriginSeason:Fall,Replay_Origin_Season,Fall,1150,126.59547636260871,128.75504300708073,-2.1595666444720507,8.935941173416149,15.02088620949116,6.978013804079146,54.0,18.90139422857146,28.50664242857144,89.92982057142859,197.495883,170.7222294285714,26.773653571428582,Baseline_Rolling7DaySameHourAvg_MWH,baseline_rolling_7day_same_hour_avg,-3.6853049106956437,-70.18777775298001,2.1789031283233875,5.241691793265813
OriginSeason:Fall,Replay_Origin_Season,Fall,1150,126.59547636260871,129.9950147104348,-3.399538347826087,13.748800095652172,21.767656726174128,10.490519475487414,52.347826086956516,30.767814999999988,43.582559,115.92612500000001,197.495883,223.674391,-26.178508000000022,Baseline_SameHour7DaysAgo_MWH,baseline_same_hour_7_days_ago,-8.498163832931667,-161.8501722023404,0.938931424969351,10.054550715501836
OriginSeason:Spring,Replay_Origin_Season,Spring,1152,126.6120796857639,126.23144669805444,0.38063298770942233,4.064240246927884,5.507970741062706,3.1032462867415185,55.55555555555556,9.368742221541906,22.98125644023179,18.783434090503647,253.572,253.21057385298013,0.36142614701986986,Targeted_Meta_Adjusted_Forecast_MWH,targeted_residual_meta_adjusted,0.7110374266907087,14.889970286312193,2.478591213119101,-0.09576009278038633
OriginSeason:Spring,Replay_Origin_Season,Spring,1152,126.6120796857639,127.54127015667922,-0.9291904709153371,4.071046501218877,5.550476589038669,3.1231169393099507,44.18402777777778,9.302836722747218,22.297640885508613,19.950607408396365,253.572,257.4493262851028,-3.8773262851028107,Residual_Calibrated_Forecast_MWH,residual_calibrated,0.7042311723997159,14.747439217834343,1.9300337299131858,-0.08895383848939353
OriginSeason:Spring,Replay_Origin_Season,Spring,1152,126.6120796857639,128.20398920539617,-1.5919095196322781,4.130128361002222,5.778230764746253,3.173246274546509,41.23263888888889,10.048680727138093,22.128094134925504,22.16048980774815,253.572,257.4493262851028,-3.8773262851028107,Peak_Risk_Adjusted_Forecast_MWH,peak_risk_adjusted,0.645149312616371,13.510194730257268,1.2673146811962448,-0.02987197870604863
OriginSeason:Spring,Replay_Origin_Season,Spring,1152,126.6120796857639,128.19150898192422,-1.5794292961603178,4.136283533628417,5.783625357940482,3.1762641558769262,41.31944444444444,9.976304810374486,22.128094134925504,22.16048980774815,253.572,257.4493262851028,-3.8773262851028107,Cloud_Solar_Adjusted_Forecast_MWH,cloud_solar_adjusted,0.6389941399901762,13.381298087027501,1.2797949046682051,-0.023716806079853825
OriginSeason:Spring,Replay_Origin_Season,Spring,1152,126.6120796857639,128.2971925913377,-1.6851129055738383,4.1600003397082705,5.822891256528511,3.1928572247490683,41.23263888888889,10.295638566541811,21.308788802146623,22.806343264966102,253.572,258.1002888329787,-4.528288832978717,Final_Backtest_Forecast_MWH,final_corrected_production,0.6152773339103224,12.884639930144202,1.1741112952546846,0.0
OriginSeason:Spring,Replay_Origin_Season,Spring,1152,126.6120796857639,128.2971925913377,-1.6851129055738383,4.1600003397082705,5.822891256528511,3.1928572247490683,41.23263888888889,10.295638566541811,21.308788802146623,22.806343264966102,253.572,258.1002888329787,-4.528288832978717,Stage_Selected_Forecast_MWH,stage_selected_production,0.6152773339103224,12.884639930144202,1.1741112952546846,0.0
OriginSeason:Spring,Replay_Origin_Season,Spring,1152,126.6120796857639,128.1546678920172,-1.542588206253292,4.168362666573614,5.835402771325356,3.2011467362047346,41.49305555555556,10.07244226436102,22.297640885508613,22.16048980774815,253.572,257.4493262851028,-3.8773262851028107,Warm_Ramp_Adjusted_Forecast_MWH,warm_ramp_adjusted,0.6069150070449787,12.709522849277011,1.3166359945752308,0.008362326865343661
OriginSeason:Spring,Replay_Origin_Season,Spring,1152,126.6120796857639,128.7474192550659,-2.135339569302035,4.264460203926989,5.946495069946356,3.285257843057247,36.19791666666667,10.449436250699481,21.308788802146623,22.806343264966102,253.572,258.1002888329787,-4.528288832978717,Recent_Corrected_Forecast_MWH,recent_corrected_simulation,0.5108174696916041,10.697126001984273,0.723884631526488,0.10445986421871822
OriginSeason:Spring,Replay_Origin_Season,Spring,1152,126.6120796857639,124.0363234969888,2.5757561887750904,4.489324209919332,5.898869129939965,3.451831037869098,73.26388888888889,9.50283222070806,24.73120985069241,14.972522072118835,253.572,255.03107084249814,-1.4590708424981358,CatBoost_Pred_MWH,catboost_benchmark,0.28595346369926133,5.988205990178002,0.2834680120534325,0.329323870211061
OriginSeason:Spring,Replay_Origin_Season,Spring,1152,126.6120796857639,123.80666419378758,2.80541549197632,4.740800271788072,6.202610849912143,3.6307155806337392,75.17361111111111,9.985961215636308,24.282553490112605,16.488081519560637,253.572,254.08839082962677,-0.5163908296267721,LGB_Pred_MWH,lgb_component,0.034477401830520726,0.7219978436226634,0.05380870885220279,0.5807999320798016
OriginSeason:Spring,Replay_Origin_Season,Spring,1152,126.6120796857639,123.75285548493535,2.859224200828523,4.775277673618593,6.221779417249372,3.65912608515119,74.73958333333334,9.907352232915137,24.349804398697003,17.38172563819461,253.572,253.21057385298013,0.36142614701986986,Raw_Forecast_MWH,raw_xgb_lgb_production,0.0,0.0,0.0,0.6152773339103224
OriginSeason:Spring,Replay_Origin_Season,Spring,1152,126.6120796857639,123.72057025962405,2.891509426139832,4.807346510115731,6.248967017045128,3.685023148295715,74.56597222222221,10.013229465625006,24.47689960937501,17.91791210937501,253.572,252.6838836669922,0.8881163330078152,XGB_Pred_MWH,xgb_component,-0.03206883649713799,-0.6715596178690271,-0.03228522531130906,0.6473461704074603
OriginSeason:Spring,Replay_Origin_Season,Spring,1152,126.6120796857639,125.10140755184632,1.5106721339175746,5.121216725420442,6.706581824049684,4.102009438732565,58.854166666666664,10.989934746044126,25.49238551830925,19.919931949937705,253.572,251.8273778849023,1.7446221150977124,Prophet_Pred_MWH,prophet_benchmark,-0.3459390518018495,-7.244375624751995,1.3485520669109483,0.9612163857121718
OriginSeason:Spring,Replay_Origin_Season,Spring,1152,126.6120796857639,126.42375775260416,0.18832193315972218,8.331591103298612,12.55551533081408,6.2348768221045265,53.47222222222222,21.099492500000007,56.764008000000004,62.03,253.572,231.165366,22.406633999999997,Baseline_SameHourYesterday_MWH,baseline_same_hour_yesterday,-3.556313429680019,-74.47343741552788,2.670902267668801,4.171590763590341
OriginSeason:Spring,Replay_Origin_Season,Spring,1152,126.6120796857639,126.09715027405754,0.5149294117063489,12.486226894841272,18.30397244173254,9.128787976218765,46.78819444444444,31.086284299999992,70.05253828571429,74.79930342857142,253.572,190.072989,63.499010999999996,Baseline_Rolling7DaySameHourAvg_MWH,baseline_rolling_7day_same_hour_avg,-7.710949221222679,-161.47645745968745,2.344294789122174,8.326226555133001
OriginSeason:Spring,Replay_Origin_Season,Spring,1152,126.6120796857639,125.63820332552083,0.9738763602430558,17.01799890190972,24.431655094220034,12.493763991915666,53.55902777777778,39.23190330000002,86.469567,116.74199999999999,253.572,209.92505,43.646950000000004,Baseline_SameHour7DaysAgo_MWH,baseline_same_hour_7_days_ago,-12.242721228291128,-256.37715888077105,1.8853478405854671,12.85799856220145
OriginSeason:Summer,Replay_Origin_Season,Summer,1152,171.89343061979167,168.41170500915865,3.481725610633017,5.456776865903525,7.285602701868211,3.2014383700773132,74.73958333333334,12.464152951908524,31.377119742173278,19.278531505691035,330.534108,315.4123167344102,15.12179126558982,Peak_Risk_Adjusted_Forecast_MWH,peak_risk_adjusted,0.8491334214813397,13.465675577086037,1.536733054465266,-0.033036578563353736
OriginSeason:Summer,Replay_Origin_Season,Summer,1152,171.89343061979167,168.2946287015163,3.5988019182753552,5.489813444466879,7.31697893309612,3.2215763167315212,75.78125,12.556866310474554,31.586808388077856,19.180293307469242,330.534108,315.4123167344102,15.12179126558982,Stage_Selected_Forecast_MWH,stage_selected_production,0.816096842917986,12.941776931882595,1.4196567468229278,0.0
OriginSeason:Summer,Replay_Origin_Season,Summer,1152,171.89343061979167,168.2946287015163,3.5988019182753552,5.489813444466879,7.31697893309612,3.2215763167315212,75.78125,12.556866310474554,31.586808388077856,19.180293307469242,330.534108,315.4123167344102,15.12179126558982,Final_Backtest_Forecast_MWH,final_corrected_production,0.816096842917986,12.941776931882595,1.4196567468229278,0.0
OriginSeason:Summer,Replay_Origin_Season,Summer,1152,171.89343061979167,168.27834758481603,3.6150830349756387,5.500274220660619,7.325720338687904,3.2291634195784376,75.86805555555556,12.556866310474554,31.586808388077856,19.180293307469242,330.534108,315.4123167344102,15.12179126558982,Recent_Corrected_Forecast_MWH,recent_corrected_simulation,0.8056360667242464,12.775888492038048,1.4033756301226443,0.01046077619373964
OriginSeason:Summer,Replay_Origin_Season,Summer,1152,171.89343061979167,168.21580387260377,3.6776267471878787,5.646471275001387,7.543013246176489,3.2898809647349285,74.91319444444444,13.098490757770502,31.377119742173278,19.278531505691035,330.534108,315.4123167344102,15.12179126558982,Residual_Calibrated_Forecast_MWH,residual_calibrated,0.6594390123834781,10.45747532600809,1.3408319179104042,0.15665783053450788
OriginSeason:Summer,Replay_Origin_Season,Summer,1152,171.89343061979167,168.21580387260377,3.6776267471878787,5.646471275001387,7.543013246176489,3.2898809647349285,74.91319444444444,13.098490757770502,31.377119742173278,19.278531505691035,330.534108,315.4123167344102,15.12179126558982,Warm_Ramp_Adjusted_Forecast_MWH,warm_ramp_adjusted,0.6594390123834781,10.45747532600809,1.3408319179104042,0.15665783053450788
OriginSeason:Summer,Replay_Origin_Season,Summer,1152,171.89343061979167,168.2097335645558,3.6836970552358843,5.651261865590843,7.54844326378103,3.2934034574142848,74.91319444444444,13.092894040931514,31.377119742173278,19.278531505691035,330.534108,315.4123167344102,15.12179126558982,Cloud_Solar_Adjusted_Forecast_MWH,cloud_solar_adjusted,0.6546484217940218,10.381505475960589,1.3347616098623987,0.16144842112396418
OriginSeason:Summer,Replay_Origin_Season,Summer,1152,171.89343061979167,167.3480886571479,4.545341962643764,5.924757158596604,7.75029657508971,3.387864155471708,81.07638888888889,13.188176397471858,30.73612984021557,24.708921096617928,330.534108,321.6839190550165,8.850188944983529,CatBoost_Pred_MWH,catboost_benchmark,0.38115312878826124,6.0443791842514445,0.47311670245451865,0.43494371412972477
OriginSeason:Summer,Replay_Origin_Season,Summer,1152,171.89343061979167,167.37955570250793,4.513874917283731,6.026950364136326,7.866360598463815,3.4899684161366005,80.38194444444444,13.472764881691932,31.414522447773635,16.560854843613043,330.534108,315.3377104156307,15.196397584369322,Targeted_Meta_Adjusted_Forecast_MWH,targeted_residual_meta_adjusted,0.27895992324853935,4.423785156071849,0.5045837478145518,0.5371369196694467
OriginSeason:Summer,Replay_Origin_Season,Summer,1152,171.89343061979167,166.94330678472696,4.9501238350647165,6.297606572059304,8.015367352737215,3.672762170171477,81.25,13.538014025915855,31.46350981991222,16.55259148726509,330.534108,316.0082881591298,14.525819840870213,LGB_Pred_MWH,lgb_component,0.008303715325561178,0.13168146940138006,0.06833483003356644,0.8077931275924248
OriginSeason:Summer,Replay_Origin_Season,Summer,1152,171.89343061979167,166.8749719546934,5.018458665098283,6.305910287384865,8.020882299734911,3.6699933100070163,81.68402777777779,13.414127113504772,30.248942566134076,16.560854843613043,330.534108,315.3377104156307,15.196397584369322,Raw_Forecast_MWH,raw_xgb_lgb_production,0.0,0.0,0.0,0.816096842917986
OriginSeason:Summer,Replay_Origin_Season,Summer,1152,171.89343061979167,166.83397105667325,5.059459563118405,6.328783197978126,8.059850702688152,3.677540930274796,82.11805555555556,13.392457917138668,29.537946818359387,16.56581285742186,330.534108,314.93536376953125,15.598744230468753,XGB_Pred_MWH,xgb_component,-0.022872910593260798,-0.36272178877994254,-0.041000898020121745,0.8389697535112468
OriginSeason:Summer,Replay_Origin_Season,Summer,1152,171.89343061979167,167.37470829501845,4.518722324773197,8.677384850655873,11.348781025177646,4.952730411655791,65.36458333333334,18.76476149675178,43.24770225950533,23.068705594799695,330.534108,315.88343571766603,14.650672282333971,Prophet_Pred_MWH,prophet_benchmark,-2.3714745632710077,-37.60717256024405,0.49973634032508585,3.1875714061889937
OriginSeason:Summer,Replay_Origin_Season,Summer,1128,171.38741413120567,172.1912337960993,-0.8038196648936172,14.85154710460993,20.861974478352852,8.220266863065726,49.55673758865248,31.802405200000003,92.82965800000002,72.65344199999998,330.534108,300.440716,30.093391999999994,Baseline_SameHourYesterday_MWH,baseline_same_hour_yesterday,-8.545636817225065,-135.5178939719588,4.214639000204666,9.36173366014305
OriginSeason:Summer,Replay_Origin_Season,Summer,1104,170.24555007336954,173.69778606141304,-3.4522359880434794,23.610212923214284,31.823960057143545,12.911870375706549,36.86594202898551,55.99902410000003,105.76307742857142,79.40814750000004,329.614775,252.75542357142857,76.85935142857144,Baseline_Rolling7DaySameHourAvg_MWH,baseline_rolling_7day_same_hour_avg,-17.30430263582942,-274.41403139602414,1.5662226770548036,18.120399478747405
OriginSeason:Summer,Replay_Origin_Season,Summer,984,168.76174146138214,173.05197784247966,-4.290236381097563,34.1919511351626,46.37222658277546,18.893027552204263,41.97154471544716,80.97850010000002,147.082433,146.13581600000003,329.614775,192.099258,137.51551700000002,Baseline_SameHour7DaysAgo_MWH,baseline_same_hour_7_days_ago,-27.886040847777732,-442.2207037033887,0.7282222840007204,28.702137690695718
OriginSeason:Winter,Replay_Origin_Season,Winter,1152,125.92266255121528,125.37884026753954,0.5438222836757456,4.183110007570993,5.8429851897742955,3.2802539082110864,56.68402777777778,9.186828594916106,26.41826810568614,28.179945261954202,173.572558,160.8587638740143,12.713794125985686,Targeted_Meta_Adjusted_Forecast_MWH,targeted_residual_meta_adjusted,0.6492291640711638,13.435090977907052,2.4039770811406274,-0.35152312836352184
OriginSeason:Winter,Replay_Origin_Season,Winter,1152,125.92266255121528,127.57171521770653,-1.6490526664912317,4.3424017654959535,6.086657098536779,3.4616430031419267,38.02083333333333,9.358014349275305,23.11773555108047,31.255194061482996,173.572558,164.26122641055125,9.311331589448741,Residual_Calibrated_Forecast_MWH,residual_calibrated,0.4899374061462032,10.138721408905358,1.2987466983251412,-0.1922313704385612
OriginSeason:Winter,Replay_Origin_Season,Winter,1152,125.92266255121528,127.57171521770653,-1.6490526664912317,4.3424017654959535,6.086657098536779,3.4616430031419267,38.02083333333333,9.358014349275305,23.11773555108047,31.255194061482996,173.572558,164.26122641055125,9.311331589448741,Warm_Ramp_Adjusted_Forecast_MWH,warm_ramp_adjusted,0.4899374061462032,10.138721408905358,1.2987466983251412,-0.1922313704385612
OriginSeason:Winter,Replay_Origin_Season,Winter,1152,125.92266255121528,127.72380809081147,-1.8011455395961822,4.413764311851971,6.233939653047031,3.522076198137658,36.89236111111111,9.621085703435927,23.724688029225206,32.51217314322216,173.572558,164.26122641055125,9.311331589448741,Cloud_Solar_Adjusted_Forecast_MWH,cloud_solar_adjusted,0.41857485979018527,8.66195117773454,1.1466538252201908,-0.12086882408254329
OriginSeason:Winter,Replay_Origin_Season,Winter,1152,125.92266255121528,127.72380809081147,-1.8011455395961822,4.413764311851971,6.233939653047031,3.522076198137658,36.89236111111111,9.621085703435927,23.724688029225206,32.51217314322216,173.572558,164.26122641055125,9.311331589448741,Peak_Risk_Adjusted_Forecast_MWH,peak_risk_adjusted,0.41857485979018527,8.66195117773454,1.1466538252201908,-0.12086882408254329
OriginSeason:Winter,Replay_Origin_Season,Winter,1152,125.92266255121528,127.77267551675784,-1.8500129655425743,4.534633135934515,6.349112156043357,3.6294651730520515,37.41319444444444,10.012041957210535,23.724688029225206,32.51217314322216,173.572558,164.26122641055125,9.311331589448741,Stage_Selected_Forecast_MWH,stage_selected_production,0.297706035707642,6.160702407949432,1.0977863992737986,0.0
OriginSeason:Winter,Replay_Origin_Season,Winter,1152,125.92266255121528,127.77267551675784,-1.8500129655425743,4.534633135934515,6.349112156043357,3.6294651730520515,37.41319444444444,10.012041957210535,23.724688029225206,32.51217314322216,173.572558,164.26122641055125,9.311331589448741,Final_Backtest_Forecast_MWH,final_corrected_production,0.297706035707642,6.160702407949432,1.0977863992737986,0.0
OriginSeason:Winter,Replay_Origin_Season,Winter,1152,125.92266255121528,128.26675397180182,-2.3440914205865386,4.620809715099666,6.467136093701484,3.7004839112761188,33.33333333333333,10.156743864004438,23.471056125085482,32.7946821978733,173.572558,164.7432791986572,8.829278801342781,Recent_Corrected_Forecast_MWH,recent_corrected_simulation,0.21152945654249056,4.377371890280774,0.6037079442298343,0.08617657916515142
OriginSeason:Winter,Replay_Origin_Season,Winter,1152,125.92266255121528,123.33285847804297,2.589804073172321,4.673561053467116,6.437337859044749,3.5996754945185447,69.87847222222221,10.024696993999353,34.224984258360564,23.14333733427077,173.572558,153.58857883037797,19.983979169622017,CatBoost_Pred_MWH,catboost_benchmark,0.15877811817504028,3.285740353384245,0.35799529164405186,0.1389279175326017
OriginSeason:Winter,Replay_Origin_Season,Winter,1152,125.92266255121528,123.0047622455491,2.917900305666182,4.829232203359392,6.640382947872485,3.724610644446449,71.61458333333334,10.390379326464844,34.5206036376953,22.760195320312505,173.572558,156.21710205078125,17.355455949218737,XGB_Pred_MWH,xgb_component,0.0031069682827649103,0.06429532721953124,0.029899059150190865,0.29459906742487707
OriginSeason:Winter,Replay_Origin_Season,Winter,1152,125.92266255121528,122.9748631863989,2.947799364816373,4.832339171642157,6.649710730329092,3.7266744372809857,72.13541666666666,10.24867086280574,34.41826810568614,22.592226394745325,173.572558,156.43680521918918,17.135752780810805,Raw_Forecast_MWH,raw_xgb_lgb_production,0.0,0.0,0.0,0.297706035707642
OriginSeason:Winter,Replay_Origin_Season,Winter,1152,125.92266255121528,122.92503142114862,2.997631130066669,4.853687378364861,6.684931880944734,3.7424402481687213,72.04861111111111,10.275613394927479,34.51910091439058,22.312278185466738,173.572558,156.8029771665358,16.769580833464175,LGB_Pred_MWH,lgb_component,-0.021348206722704433,-0.44177790433219416,-0.0498317652502962,0.3190542424303464
OriginSeason:Winter,Replay_Origin_Season,Winter,1152,125.92266255121528,128.78363854523556,-2.8609759940202872,6.416267923660329,8.10337876339492,5.195794877711685,32.03125,13.198850428743825,31.484537333071287,24.94358833476052,173.572558,160.4505123110608,13.122045688939181,Prophet_Pred_MWH,prophet_benchmark,-1.5839287520181724,-32.77768169323081,0.08682337079608571,1.8816347877258144
OriginSeason:Winter,Replay_Origin_Season,Winter,1152,125.92266255121528,126.53673811631944,-0.6140755651041666,6.574607151909722,9.945467163373932,5.126241317618915,46.35416666666667,17.32725920000001,41.701983999999996,41.295591,173.572558,170.752291,2.8202669999999728,Baseline_SameHourYesterday_MWH,baseline_same_hour_yesterday,-1.742267980267565,-36.0543396972588,2.3337237997122062,2.039974015975207
OriginSeason:Winter,Replay_Origin_Season,Winter,1152,125.92266255121528,128.1915753673115,-2.268912816096231,7.880561909846231,10.305083174855183,6.308334067573049,35.41666666666667,17.213588214285725,36.583693999999994,40.22547714285716,173.572558,158.62380442857145,14.94875357142854,Baseline_Rolling7DaySameHourAvg_MWH,baseline_rolling_7day_same_hour_avg,-3.0482227382040747,-63.079652109109055,0.6788865487201421,3.3459287739117167
OriginSeason:Winter,Replay_Origin_Season,Winter,1152,125.92266255121528,129.68701892621527,-3.764356375,10.156007758680555,13.447055415709182,8.197765320954677,35.9375,23.008692500000002,35.90294999999999,45.29205900000001,173.572558,173.342825,0.22973299999998176,Baseline_SameHour7DaysAgo_MWH,baseline_same_hour_7_days_ago,-5.323668587038399,-110.167527525376,-0.8165570101836273,5.621374622746041
Horizon:Day1,Replay_Horizon_Bucket,Day1,288,147.37329093402778,146.4742633891246,0.8990275449031802,3.4862439163689407,5.037133801822795,2.3069068013039082,53.81944444444444,8.804479966971245,20.27036788301467,15.374302130161595,300.440716,297.9706506227613,2.4700653772387113,Targeted_Meta_Adjusted_Forecast_MWH,targeted_residual_meta_adjusted,0.9421617793032402,21.275417024777152,2.22759050614528,-0.0016555655194383512
Horizon:Day1,Replay_Horizon_Bucket,Day1,288,147.37329093402778,145.88034067521784,1.4929502588099153,3.487899481888379,4.981774137814216,2.320324612880954,66.31944444444444,8.916641806103412,19.271808249875278,13.091061467735983,300.440716,297.98941812674695,2.451297873253054,Stage_Selected_Forecast_MWH,stage_selected_production,0.9405062137838018,21.238031888156623,1.633667792238545,0.0
Horizon:Day1,Replay_Horizon_Bucket,Day1,288,147.37329093402778,145.88034067521784,1.4929502588099153,3.487899481888379,4.981774137814216,2.320324612880954,66.31944444444444,8.916641806103412,19.271808249875278,13.091061467735983,300.440716,297.98941812674695,2.451297873253054,Final_Backtest_Forecast_MWH,final_corrected_production,0.9405062137838018,21.238031888156623,1.633667792238545,0.0
Horizon:Day1,Replay_Horizon_Bucket,Day1,288,147.37329093402778,148.18896755306224,-0.8156766190344553,3.502950165734764,4.918062546232931,2.4013720484248937,36.80555555555556,8.16965918571351,14.52668605872853,17.072222775346177,300.440716,298.18805002991115,2.252665970088856,Peak_Risk_Adjusted_Forecast_MWH,peak_risk_adjusted,0.925455529937417,20.89816501775914,2.3109414320140047,0.01505068384638486
Horizon:Day1,Replay_Horizon_Bucket,Day1,288,147.37329093402778,148.1133968767546,-0.7401059427268228,3.5633669303288937,4.983223916519391,2.428130687386894,37.15277777777778,8.411293651913509,14.52668605872853,17.072222775346177,300.440716,298.18805002991115,2.252665970088856,Cloud_Solar_Adjusted_Forecast_MWH,cloud_solar_adjusted,0.8650387653432872,19.53386443768414,2.3865121083216376,0.07546744844051467
Horizon:Day1,Replay_Horizon_Bucket,Day1,288,147.37329093402778,148.00597229264088,-0.6326813586131281,3.576643245567024,5.044743463357205,2.437590655614004,37.84722222222222,8.592908911693778,18.96002274652102,17.072222775346177,300.440716,298.18805002991115,2.252665970088856,Warm_Ramp_Adjusted_Forecast_MWH,warm_ramp_adjusted,0.851762450105157,19.234065454697895,2.493936692435332,0.08874376367864478
Horizon:Day1,Replay_Horizon_Bucket,Day1,288,147.37329093402778,147.78841315298007,-0.41512221895229967,3.603226692716886,5.018756781706712,2.45354502700274,39.93055555555556,8.656372478622062,18.96002274652102,16.154840563102056,300.440716,298.18805002991115,2.252665970088856,Residual_Calibrated_Forecast_MWH,residual_calibrated,0.825179002955295,18.633771602311207,2.7114958320961606,0.11532721082850683
Horizon:Day1,Replay_Horizon_Bucket,Day1,288,147.37329093402778,148.60428261068176,-1.2309916766539817,3.7533781083041626,5.109229084755788,2.609659401511088,32.98611111111111,8.39340543996195,14.096529559828355,17.800374618185714,300.440716,297.98941812674695,2.451297873253054,Recent_Corrected_Forecast_MWH,recent_corrected_simulation,0.6750275873680183,15.24312887655513,1.8956263743944786,0.26547862641578357
Horizon:Day1,Replay_Horizon_Bucket,Day1,288,147.37329093402778,144.52802161504985,2.8452693189779334,4.220802686388937,5.711245669355503,2.811997471303234,77.08333333333334,10.061572173881087,22.433364676533472,11.138991861793443,300.440716,302.66270866079884,-2.2219926607988327,CatBoost_Pred_MWH,catboost_benchmark,0.20760300928324416,4.687985328131333,0.2813487320705268,0.7329032045005577
Horizon:Day1,Replay_Horizon_Bucket,Day1,288,147.37329093402778,144.38484322851292,2.9884477055148713,4.391396106918866,5.976536531029628,2.943722318464907,79.16666666666666,10.132027510162455,22.034515845126123,10.323058047620549,300.440716,299.5537133468947,0.8870026531052986,LGB_Pred_MWH,lgb_component,0.03700958875331484,0.8357316672563173,0.13817034553358898,0.903496625030487
Horizon:Day1,Replay_Horizon_Bucket,Day1,288,147.37329093402778,144.2466728829793,3.1266180510484602,4.428405695672181,6.007079348196291,2.9686717200425425,78.81944444444444,10.258023929444205,22.43522304397308,10.576356840489524,300.440716,297.9706506227613,2.4700653772387113,Raw_Forecast_MWH,raw_xgb_lgb_production,0.0,0.0,0.0,0.9405062137838018
Horizon:Day1,Replay_Horizon_Bucket,Day1,288,147.37329093402778,144.16377067565918,3.209520258368598,4.458153520511203,6.0547595318394025,2.988338387259306,79.51388888888889,10.548208842919921,22.675647363281257,10.728336116210926,300.440716,297.02081298828125,3.419903011718759,XGB_Pred_MWH,xgb_component,-0.029747824839022385,-0.6717502162932931,-0.08290220732013776,0.9702540386228242
Horizon:Day1,Replay_Horizon_Bucket,Day1,288,147.37329093402778,144.42254209927262,2.9507488347551742,8.284614187756896,10.46580621095828,5.66594020231673,56.94444444444444,16.831801094476507,36.00128364609475,21.86221523035701,300.440716,289.38930193192965,11.051414068070358,Prophet_Pred_MWH,prophet_benchmark,-3.856208492084715,-87.07893443126345,0.175869216293286,4.796714705868517
Horizon:Day1,Replay_Horizon_Bucket,Day1,264,142.98211687499997,137.98532035227277,4.996796522727274,19.690167363636363,28.526915366054602,12.014295345879239,61.36363636363637,48.74836000000002,92.82965800000002,72.65344199999998,299.403183,210.5346,88.868583,Baseline_SameHourYesterday_MWH,baseline_same_hour_yesterday,-15.261761667964182,-344.633322165566,-1.8701784716788135,16.202267881747982
Horizon:Day1,Replay_Horizon_Bucket,Day1,264,142.98211687499997,134.10707979112556,8.875037083874458,20.132576074134196,28.33889360482466,12.977729999744916,73.48484848484848,49.02760555714288,92.03277585714287,89.02246071428573,299.403183,216.83491642857143,82.56826657142858,Baseline_Rolling7DaySameHourAvg_MWH,baseline_rolling_7day_same_hour_avg,-15.704170378462015,-354.62357014420525,-5.748419032825998,16.644676592245816
Horizon:Day1,Replay_Horizon_Bucket,Day1,264,142.98211687499997,132.62962794696972,10.352488928030303,20.276076049242427,26.152898988023487,13.468615607448633,74.62121212121212,42.32527929999998,86.469567,71.73485,299.403183,256.990708,42.41247500000003,Baseline_SameHour7DaysAgo_MWH,baseline_same_hour_7_days_ago,-15.847670353570246,-357.8640134316951,-7.225870876981842,16.788176567354046
Horizon:Days2to7,Replay_Horizon_Bucket,Days2to7,1728,141.33254959837964,140.75539618669256,0.5771534116870527,4.691564974082349,6.6100884678397565,3.3146198663550135,57.638888888888886,10.987727064683744,23.724688029225206,32.51217314322216,330.534108,315.4123167344102,15.12179126558982,Final_Backtest_Forecast_MWH,final_corrected_production,1.0988755267386816,18.977408136442662,3.550792767802589,0.0
Horizon:Days2to7,Replay_Horizon_Bucket,Days2to7,1728,141.33254959837964,140.75539618669256,0.5771534116870527,4.691564974082349,6.6100884678397565,3.3146198663550135,57.638888888888886,10.987727064683744,23.724688029225206,32.51217314322216,330.534108,315.4123167344102,15.12179126558982,Stage_Selected_Forecast_MWH,stage_selected_production,1.0988755267386816,18.977408136442662,3.550792767802589,0.0
Horizon:Days2to7,Replay_Horizon_Bucket,Days2to7,1728,141.33254959837964,140.7536261630849,0.5789234352947205,4.693334997690016,6.611127931444914,3.3154152489892974,57.638888888888886,10.987727064683744,23.724688029225206,32.51217314322216,330.534108,315.4123167344102,15.12179126558982,Peak_Risk_Adjusted_Forecast_MWH,peak_risk_adjusted,1.0971055031310142,18.94684010612759,3.549022744194921,0.0017700236076674258
Horizon:Days2to7,Replay_Horizon_Bucket,Days2to7,1728,141.33254959837964,140.7234874135247,0.6090621848549204,4.719089933868496,6.64035597145519,3.3274365381003976,57.754629629629626,11.055508055322921,23.724688029225206,32.51217314322216,330.534108,315.4123167344102,15.12179126558982,Cloud_Solar_Adjusted_Forecast_MWH,cloud_solar_adjusted,1.0713505669525345,18.502056394511385,3.518883994634721,0.027524959786147107
Horizon:Days2to7,Replay_Horizon_Bucket,Days2to7,1728,141.33254959837964,140.66173067988643,0.6708189184931898,4.725106059363778,6.637565727500725,3.3295554481090903,57.92824074074075,11.114914224944116,23.11773555108047,31.255194061482996,330.534108,315.4123167344102,15.12179126558982,Warm_Ramp_Adjusted_Forecast_MWH,warm_ramp_adjusted,1.065334441457252,18.398158850025272,3.457127260996452,0.03354108528142952
Horizon:Days2to7,Replay_Horizon_Bucket,Days2to7,1728,141.33254959837964,140.42859095302572,0.9039586453539078,4.7264565643406025,6.603444314052743,3.3217326565066236,59.375,10.962341589864783,23.11773555108047,31.255194061482996,330.534108,315.4123167344102,15.12179126558982,Residual_Calibrated_Forecast_MWH,residual_calibrated,1.0639839364804278,18.37483584071997,3.2239875341357336,0.034891590258253835
Horizon:Days2to7,Replay_Horizon_Bucket,Days2to7,1728,141.33254959837964,141.17212822428613,0.16042137409350707,4.7717098444223005,6.713699260566969,3.385478662148442,53.125,11.202254116879965,23.471056125085482,32.7946821978733,330.534108,315.4123167344102,15.12179126558982,Recent_Corrected_Forecast_MWH,recent_corrected_simulation,1.0187306563987297,17.59331878557915,3.9675248053961343,0.08014487033995188
Horizon:Days2to7,Replay_Horizon_Bucket,Days2to7,1728,141.33254959837964,139.10854206163316,2.2240075367464516,5.041615916448645,6.862009136112461,3.4939773028134273,69.32870370370371,11.179498599686475,26.41826810568614,28.179945261954202,330.534108,315.3377104156307,15.196397584369322,Targeted_Meta_Adjusted_Forecast_MWH,targeted_residual_meta_adjusted,0.7488245843723851,12.932083220028057,1.90393864274319,0.3500509423662965
Horizon:Days2to7,Replay_Horizon_Bucket,Days2to7,1728,141.33254959837964,137.564705969899,3.767843628480602,5.523963904741436,7.4113628461164245,3.8100256662660987,78.00925925925925,12.030013360389761,34.224984258360564,24.60038898948477,330.534108,321.6839190550165,8.850188944983529,CatBoost_Pred_MWH,catboost_benchmark,0.2664765960795945,4.602009053401216,0.36010255100903965,0.8323989306590871
Horizon:Days2to7,Replay_Horizon_Bucket,Days2to7,1728,141.33254959837964,137.23091886710242,4.101630731277187,5.783573943812632,7.601387999998073,4.015558465920542,78.76157407407408,12.263704728937192,34.51910091439058,25.1239622228168,330.534108,316.0082881591298,14.525819840870213,LGB_Pred_MWH,lgb_component,0.006866557008398111,0.11858436344220266,0.02631544821245413,1.0920089697302835
Horizon:Days2to7,Replay_Horizon_Bucket,Days2to7,1728,141.33254959837964,137.20460341888997,4.1279461794896415,5.79044050082103,7.5954892929141575,4.01990556184748,79.51388888888889,12.260575966050748,34.41826810568614,24.81819397320473,330.534108,315.3377104156307,15.196397584369322,Raw_Forecast_MWH,raw_xgb_lgb_production,0.0,0.0,0.0,1.0988755267386816
Horizon:Days2to7,Replay_Horizon_Bucket,Days2to7,1728,141.33254959837964,137.18881414996252,4.1437354484170985,5.805605766288192,7.612715364731308,4.029692624917853,79.34027777777779,12.195517743066405,34.5206036376953,24.63473302343749,330.534108,314.93536376953125,15.598744230468753,XGB_Pred_MWH,xgb_component,-0.015165265467161682,-0.26190175799252907,-0.015789268927457023,1.1140407922058433
Horizon:Days2to7,Replay_Horizon_Bucket,Days2to7,1728,141.33254959837964,137.1141818497646,4.21836774861503,7.611865722491374,9.966384188479504,5.343174642840824,68.11342592592592,15.965278364322007,38.134649809334576,21.24817750816986,330.534108,315.88343571766603,14.650672282333971,Prophet_Pred_MWH,prophet_benchmark,-1.821425221670344,-31.45572813350008,-0.09042156912538868,2.9203007484090255
Horizon:Days2to7,Replay_Horizon_Bucket,Days2to7,1728,141.33254959837964,142.87820467013887,-1.5456550717592592,9.842310216435184,13.971215163222901,6.7109424274732445,47.62731481481482,23.390747499999993,46.680859,67.11879200000001,330.534108,300.440716,30.093391999999994,Baseline_SameHourYesterday_MWH,baseline_same_hour_yesterday,-4.051869715614154,-69.97515499968675,2.5822911077303825,5.150745242352835
Horizon:Days2to7,Replay_Horizon_Bucket,Days2to7,1704,140.1694423984742,142.07375528400402,-1.9043128855298461,15.309799937927565,23.188984904382664,10.077842708697263,47.124413145539904,38.89767487142857,105.76307742857142,89.92982057142859,329.614775,252.75542357142857,76.85935142857144,Baseline_Rolling7DaySameHourAvg_MWH,baseline_rolling_7day_same_hour_avg,-9.519359437106534,-164.39784565192886,2.2236332939597956,10.618234963845216
Horizon:Days2to7,Replay_Horizon_Bucket,Days2to7,1584,136.96918949747476,134.35332176515152,2.615867732323233,21.303688833333332,33.098868820780524,14.078211686031633,58.333333333333336,48.95615800000001,147.082433,146.13581600000003,329.614775,192.099258,137.51551700000002,Baseline_SameHour7DaysAgo_MWH,baseline_same_hour_7_days_ago,-15.513248332512301,-267.9113675429817,1.5120784471664086,16.612123859250985
Horizon:Days8to16,Replay_Horizon_Bucket,Days8to16,2590,134.30884148764477,133.94735246983907,0.36148901780571036,4.365527089366074,6.220312057987529,3.15941248108616,52.23938223938224,10.264501968984408,31.377119742173278,22.16048980774815,327.308191,307.63896933263646,19.66922166736356,Peak_Risk_Adjusted_Forecast_MWH,peak_risk_adjusted,0.6882771319327672,13.618990799684722,3.2781398515652693,-0.06587457593935664
Horizon:Days8to16,Replay_Horizon_Bucket,Days8to16,2590,134.30884148764477,133.67837697502986,0.630464512614936,4.376875156105127,6.2353291662226455,3.1495616481115754,53.12741312741313,10.103349288761498,31.377119742173278,19.950607408396365,327.308191,307.63896933263646,19.66922166736356,Residual_Calibrated_Forecast_MWH,residual_calibrated,0.6769290651937139,13.394445759114534,3.0091643567560435,-0.05452650920030333
Horizon:Days8to16,Replay_Horizon_Bucket,Days8to16,2590,134.30884148764477,133.82294658612955,0.4858949015152191,4.417138894690218,6.318376439414377,3.177142403839365,52.58687258687259,10.304901641911384,31.377119742173278,22.16048980774815,327.308191,307.63896933263646,19.66922166736356,Warm_Ramp_Adjusted_Forecast_MWH,warm_ramp_adjusted,0.6366653266086226,12.597744169143892,3.1537339678557608,-0.014262770615212084
Horizon:Days8to16,Replay_Horizon_Bucket,Days8to16,2590,134.30884148764477,134.2683581662157,0.04048332142907001,4.4314016653054304,6.289109257344498,3.2191994058362856,49.42084942084942,10.526452500794576,31.586808388077856,22.806343264966102,327.308191,307.56981988581094,19.73837111418908,Recent_Corrected_Forecast_MWH,recent_corrected_simulation,0.6224025559934105,12.315525666197086,3.5991455479419097,0.0
Horizon:Days8to16,Replay_Horizon_Bucket,Days8to16,2590,134.30884148764477,134.2683581662157,0.04048332142907001,4.4314016653054304,6.289109257344498,3.2191994058362856,49.42084942084942,10.526452500794576,31.586808388077856,22.806343264966102,327.308191,307.56981988581094,19.73837111418908,Final_Backtest_Forecast_MWH,final_corrected_production,0.6224025559934105,12.315525666197086,3.5991455479419097,0.0
Horizon:Days8to16,Replay_Horizon_Bucket,Days8to16,2590,134.30884148764477,134.2683581662157,0.04048332142907001,4.4314016653054304,6.289109257344498,3.2191994058362856,49.42084942084942,10.526452500794576,31.586808388077856,22.806343264966102,327.308191,307.56981988581094,19.73837111418908,Stage_Selected_Forecast_MWH,stage_selected_production,0.6224025559934105,12.315525666197086,3.5991455479419097,0.0
Horizon:Days8to16,Replay_Horizon_Bucket,Days8to16,2590,134.30884148764477,133.87873488151428,0.43010660613051704,4.431549208849433,6.334755110176057,3.191009587156085,52.27799227799228,10.38830300490852,31.377119742173278,22.16048980774815,327.308191,307.63896933263646,19.66922166736356,Cloud_Solar_Adjusted_Forecast_MWH,cloud_solar_adjusted,0.6222550124494077,12.312606211118455,3.2095222632404625,0.000147543544002815
Horizon:Days8to16,Replay_Horizon_Bucket,Days8to16,2590,134.30884148764477,132.32893933624294,1.979902151401857,4.438334970212971,6.292136695327493,3.1638325861309426,65.83011583011583,9.886548383291135,31.414522447773635,18.783434090503647,327.308191,305.73721430187686,21.57097669812316,Targeted_Meta_Adjusted_Forecast_MWH,targeted_residual_meta_adjusted,0.6154692510858704,12.178335846331878,1.6597267179691226,0.006933304907540183
Horizon:Days8to16,Replay_Horizon_Bucket,Days8to16,2590,134.30884148764477,130.98973127088342,3.3191102167613744,4.80386252280786,6.596279420321936,3.4446358951065377,76.40926640926641,10.185716919156722,30.73612984021557,24.708921096617928,327.308191,307.15414855128785,20.154042448712175,CatBoost_Pred_MWH,catboost_benchmark,0.24994169849098125,4.945614977280334,0.3205186526096053,0.3724608575024293
Horizon:Days8to16,Replay_Horizon_Bucket,Days8to16,2590,134.30884148764477,130.6954942869537,3.613347200691114,5.028183941586623,6.86525267839043,3.61182745740811,77.72200772200773,10.55154549956283,31.46350981991222,16.55259148726509,327.308191,305.86798406932786,21.44020693067216,LGB_Pred_MWH,lgb_component,0.02562027971221781,0.5069503801560664,0.0262816686798657,0.5967822762811927
Horizon:Days8to16,Replay_Horizon_Bucket,Days8to16,2590,134.30884148764477,130.6692126182738,3.6396288693709797,5.053804221298841,6.901325424818681,3.6292150196164155,77.37451737451737,10.580703188216772,30.248942566134076,17.38172563819461,327.308191,305.73721430187686,21.57097669812316,Raw_Forecast_MWH,raw_xgb_lgb_production,0.0,0.0,0.0,0.6224025559934105
Horizon:Days8to16,Replay_Horizon_Bucket,Days8to16,2590,134.30884148764477,130.6534436170659,3.6553978705788865,5.080618382371916,6.939525970069185,3.647642413246923,77.60617760617761,10.673318918457024,30.380694271484373,17.91791210937501,327.308191,305.65875244140625,21.649438558593772,XGB_Pred_MWH,xgb_component,-0.02681416107307477,-0.5305737994374357,-0.015769001207906808,0.6492167170664853
Horizon:Days8to16,Replay_Horizon_Bucket,Days8to16,2590,134.30884148764477,133.45108260980328,0.8577588778414996,6.133273664635327,7.9937381781671615,4.652867622294601,53.745173745173744,12.62906612182291,43.24770225950533,24.94358833476052,327.308191,294.7643490937746,32.543841906225396,Prophet_Pred_MWH,prophet_benchmark,-1.0794694433364862,-21.359542160085095,2.7818699915294802,1.7018719993298967
Horizon:Days8to16,Replay_Horizon_Bucket,Days8to16,2590,134.30884148764477,134.45294397876447,-0.14410249111969134,7.244442612355212,11.326927153737131,5.042865548094723,51.042471042471036,17.948734099999992,53.81595800000002,62.03,327.308191,322.500858,4.807333000000028,Baseline_SameHourYesterday_MWH,baseline_same_hour_yesterday,-2.190638391056371,-43.346324771033004,3.4955263782512884,2.8130409470497817
Horizon:Days8to16,Replay_Horizon_Bucket,Days8to16,2590,134.30884148764477,137.1711656911197,-2.8623242034749046,10.965887622338666,17.102387159777894,7.515143115199392,37.76061776061776,26.23279638571429,81.58994542857141,74.79930342857142,327.308191,259.4506032857143,67.85758771428573,Baseline_Rolling7DaySameHourAvg_MWH,baseline_rolling_7day_same_hour_avg,-5.912083401039825,-116.98283396344951,0.7773046658960752,6.534485957033236
Horizon:Days8to16,Replay_Horizon_Bucket,Days8to16,2590,134.30884148764477,141.34447324092665,-7.035631753281854,16.085918344015443,25.170690415054338,11.056322951955835,35.714285714285715,39.255575799999995,99.963033,119.84605000000002,327.308191,286.095466,41.212725000000034,Baseline_SameHour7DaysAgo_MWH,baseline_same_hour_7_days_ago,-11.032114122716603,-218.29326265197744,-3.3960028839108745,11.654516678710014
