WeatherInputBasis,Slice,SliceGroup,SliceValue,N,Actual_Mean_MWH,Forecast_Mean_MWH,Bias_MWH,MAE_MWH,RMSE_MWH,MAPE_PCT,Underforecast_Rate_PCT,P90_AbsError_MWH,Max_Underforecast_MWH,Max_Overforecast_MWH,Actual_Peak_MWH,Forecast_At_Actual_Peak_MWH,Underforecast_At_Actual_Peak_MWH,ForecastColumn,Model,MAE_Improvement_vs_Raw_MWH,Skill_vs_Raw_PCT,Bias_Abs_Improvement_vs_Raw_MWH,MAE_Delta_vs_Final_MWH
realized_historical_weather,Overall,all,all,1923,142.53887435517422,142.0431247743552,0.4957495808190121,4.402425471023755,6.191359106117897,3.0806578864193237,58.03432137285491,10.103862457284656,22.123977831040122,26.940864920359687,330.534108,315.4123167344102,15.12179126558982,Final_Backtest_Forecast_MWH,final_corrected_production,1.0488224636792118,19.24004331196066,3.238353647769563,0.0
realized_historical_weather,Overall,all,all,1923,142.53887435517422,142.0431247743552,0.4957495808190121,4.402425471023755,6.191359106117897,3.0806578864193237,58.03432137285491,10.103862457284656,22.123977831040122,26.940864920359687,330.534108,315.4123167344102,15.12179126558982,Stage_Selected_Forecast_MWH,stage_selected_production,1.0488224636792118,19.24004331196066,3.238353647769563,0.0
realized_historical_weather,Overall,all,all,1923,142.53887435517422,142.06287981572004,0.47599453945416137,4.521564687829769,6.3669866234581844,3.170463276396908,56.2142485699428,10.103862457284656,21.616529737328932,31.219583651757944,330.534108,315.4123167344102,15.12179126558982,Residual_Calibrated_Forecast_MWH,residual_calibrated,0.9296832468731981,17.054503079098264,3.2581086891344135,0.11913921680601369
realized_historical_weather,Overall,all,all,1923,142.53887435517422,142.3875009447137,0.15137341046048056,4.5256460434600765,6.437340022497257,3.186229389310471,54.55018200728029,10.236646606024305,22.123977831040122,32.666873206483814,330.534108,315.4123167344102,15.12179126558982,Peak_Risk_Adjusted_Forecast_MWH,peak_risk_adjusted,0.9256018912428905,16.97963296349913,3.582729818128094,0.12322057243632134
realized_historical_weather,Overall,all,all,1923,142.53887435517422,142.28868385205092,0.2501905031232972,4.549791152433047,6.447131806412753,3.192506941070683,54.706188247529894,10.423118323062138,21.616529737328932,31.219583651757944,330.534108,315.4123167344102,15.12179126558982,Warm_Ramp_Adjusted_Forecast_MWH,warm_ramp_adjusted,0.9014567822699195,16.53670486222416,3.4839127254652777,0.1473656814092923
realized_historical_weather,Overall,all,all,1923,142.53887435517422,142.34993786985882,0.18893648531537216,4.559509012307219,6.470934987100029,3.2021694863514,54.654186167446696,10.516920010876575,22.123977831040122,32.666873206483814,330.534108,315.4123167344102,15.12179126558982,Cloud_Solar_Adjusted_Forecast_MWH,cloud_solar_adjusted,0.8917389223957484,16.358436326458122,3.5451667432732026,0.15708354128346347
realized_historical_weather,Overall,all,all,1923,142.53887435517422,142.81719413788068,-0.27831978270649227,4.625824129999764,6.5541031576881075,3.2709421336392674,49.401976079043166,10.755764740472443,22.030912476584092,32.73886304367335,330.534108,315.4123167344102,15.12179126558982,Recent_Corrected_Forecast_MWH,recent_corrected_simulation,0.8254238047032034,15.141923731784546,3.4557834458820826,0.2233986589760084
realized_historical_weather,Overall,all,all,1923,142.53887435517422,140.72610154784218,1.8127728073320464,4.734740317590167,6.505955494179043,3.2745775427237542,66.61466458658346,10.247463874382577,25.470660450408957,27.544187236499454,330.534108,315.3377104156307,15.196397584369322,Targeted_Meta_Adjusted_Forecast_MWH,targeted_residual_meta_adjusted,0.7165076171128,13.14391907496025,1.9213304212565285,0.33231484656641186
realized_historical_weather,Overall,all,all,1923,142.53887435517422,139.22352518554285,3.3153491696313457,5.116497498793755,6.913072019484114,3.5269552535856548,76.5470618824753,11.055421682589147,33.90875498420485,25.142912808857318,330.534108,321.6839190550165,8.850188944983529,CatBoost_Pred_MWH,catboost_benchmark,0.3347504359092124,6.140803719056169,0.41875405895722917,0.7140720277699995
realized_historical_weather,Overall,all,all,1923,142.53887435517422,138.80477112658562,3.734103228588575,5.451247934702967,7.17010440718171,3.7890767906284304,78.73114924596983,11.574774709273456,33.47066045040897,25.311550860071634,330.534108,315.3377104156307,15.196397584369322,Raw_Forecast_MWH,raw_xgb_lgb_production,0.0,0.0,0.0,1.0488224636792118
realized_historical_weather,Overall,all,all,1923,142.53887435517422,138.85187951810042,3.6869948370737835,5.452283186811279,7.186148704437002,3.7909315200929923,77.9511180447218,11.697964378800117,34.49090436189783,25.48483815615461,330.534108,316.0082881591298,14.525819840870213,LGB_Pred_MWH,lgb_component,-0.0010352521083119015,-0.018991102967843846,0.0471083915147914,1.0498577157875237
realized_historical_weather,Overall,all,all,1923,142.53887435517422,138.77650609167677,3.7623682634974345,5.463060076452453,7.18347641537918,3.7962945477793957,78.99115964638585,11.558355169531255,32.85851410351563,25.207578482421866,330.534108,314.93536376953125,15.598744230468753,XGB_Pred_MWH,xgb_component,-0.01181214174948586,-0.2166869291394557,-0.028265034908859565,1.0606346054286977
realized_historical_weather,Overall,all,all,1923,142.53887435517422,138.4516989899765,4.087175365197711,7.735430688351374,10.094592854556856,5.389363291708072,66.71866874674987,16.433851081520356,38.134649809334576,21.86221523035701,330.534108,315.88343571766603,14.650672282333971,Prophet_Pred_MWH,prophet_benchmark,-2.284182753648407,-41.90201548359532,-0.3530721366091365,3.333005217327619
realized_historical_weather,Overall,all,all,1899,141.867312507109,142.65810844549765,-0.7907959383886254,11.386201878357031,17.016137703336238,7.578614333232775,50.342285413375464,26.35302320000001,92.82965800000002,72.65344199999998,330.534108,300.440716,30.093391999999994,Baseline_SameHourYesterday_MWH,baseline_same_hour_yesterday,-5.934953943654064,-108.87330781401074,2.9433072901999493,6.983776407333276
realized_historical_weather,Overall,all,all,1875,140.81712564906667,141.44082967395047,-0.6237040248838098,16.213954635855238,24.402430514691407,10.587504950589096,50.026666666666664,41.13290808571431,105.76307742857142,89.92982057142859,329.614775,252.75542357142857,76.85935142857144,Baseline_Rolling7DaySameHourAvg_MWH,baseline_rolling_7day_same_hour_avg,-10.762706701152272,-197.4356483152462,3.110399203704765,11.811529164831484
realized_historical_weather,Overall,all,all,1755,137.9729782957265,134.3147670039886,3.6582112917378917,21.61327585925926,32.98111400819769,14.236868774485684,60.74074074074074,50.095859600000026,147.082433,146.13581600000003,329.614775,192.099258,137.51551700000002,Baseline_SameHour7DaysAgo_MWH,baseline_same_hour_7_days_ago,-16.162027924556295,-296.48308273905263,0.07589193685068318,17.210850388235507
realized_historical_weather,PeakWindowHours14to18,event_slice,peak_window,400,175.297000165,174.82472635468176,0.4722738103182201,6.494871857735716,8.486886998670904,3.9128731972475905,57.75,14.597212920614158,20.747920800248096,26.83868756283684,330.534108,315.4123167344102,15.12179126558982,Final_Backtest_Forecast_MWH,final_corrected_production,1.1249529172762331,14.763501136736693,4.314166466510638,0.0
realized_historical_weather,PeakWindowHours14to18,event_slice,peak_window,400,175.297000165,174.82472635468176,0.4722738103182201,6.494871857735716,8.486886998670904,3.9128731972475905,57.75,14.597212920614158,20.747920800248096,26.83868756283684,330.534108,315.4123167344102,15.12179126558982,Stage_Selected_Forecast_MWH,stage_selected_production,1.1249529172762331,14.763501136736693,4.314166466510638,0.0
realized_historical_weather,PeakWindowHours14to18,event_slice,peak_window,400,175.297000165,174.62189827644892,0.6751018885510746,6.5774129068463,8.626617778402832,3.9784646487513093,59.25,15.21576448892423,20.747920800248096,29.12939261698463,330.534108,315.4123167344102,15.12179126558982,Residual_Calibrated_Forecast_MWH,residual_calibrated,1.0424118681656491,13.680260359583066,4.111338388277784,0.08254104911058402
realized_historical_weather,PeakWindowHours14to18,event_slice,peak_window,400,175.297000165,175.15452589818767,0.1424742668123389,6.622371266399357,8.830966326412932,4.009841753537912,57.25,15.39360319731393,20.747920800248096,29.12939261698463,330.534108,315.4123167344102,15.12179126558982,Warm_Ramp_Adjusted_Forecast_MWH,warm_ramp_adjusted,0.9974535086125922,13.090242073329408,4.643966010016519,0.12749940866364096
realized_historical_weather,PeakWindowHours14to18,event_slice,peak_window,400,175.297000165,175.25646414402814,0.0405360209718927,6.628210310110665,8.851373796522227,4.0221468735388015,56.25,15.392280373255593,20.747920800248096,29.12939261698463,330.534108,315.4123167344102,15.12179126558982,Peak_Risk_Adjusted_Forecast_MWH,peak_risk_adjusted,0.9916144649012839,13.013612440972816,4.745904255856965,0.13333845237494923
realized_historical_weather,PeakWindowHours14to18,event_slice,peak_window,400,175.297000165,175.2317759520326,0.06522421296740162,6.646021058907641,8.857561027887334,4.0311724606243775,56.49999999999999,15.392280373255593,20.747920800248096,29.12939261698463,330.534108,315.4123167344102,15.12179126558982,Cloud_Solar_Adjusted_Forecast_MWH,cloud_solar_adjusted,0.9738037161043085,12.779870205122682,4.721216063861457,0.15114920117192465
realized_historical_weather,PeakWindowHours14to18,event_slice,peak_window,400,175.297000165,175.65163293501138,-0.35463277001137755,6.692985075593903,8.98377637832881,4.072170965593231,53.75,15.385680033689846,20.747920800248096,29.835385597615016,330.534108,315.4123167344102,15.12179126558982,Recent_Corrected_Forecast_MWH,recent_corrected_simulation,0.9268396994180463,12.163530353840622,4.4318075068174805,0.1981132178581868
realized_historical_weather,PeakWindowHours14to18,event_slice,peak_window,400,175.297000165,172.92436419395293,2.3726359710470564,6.936176760429423,8.800608135071,4.106500888964282,66.75,15.835048840379768,22.54438959774103,27.544187236499454,330.534108,315.3377104156307,15.196397584369322,Targeted_Meta_Adjusted_Forecast_MWH,targeted_residual_meta_adjusted,0.6836480145825261,8.971965035527397,2.413804305781802,0.44130490269370704
realized_historical_weather,PeakWindowHours14to18,event_slice,peak_window,400,175.297000165,170.9100957347922,4.38690443020779,7.31366261988157,9.18913257444705,4.282339850637418,73.0,14.971907440212531,27.626277587426443,25.142912808857318,330.534108,321.6839190550165,8.850188944983529,CatBoost_Pred_MWH,catboost_benchmark,0.30616215513037925,4.01796844639251,0.39953584662106856,0.8187907621458539
realized_historical_weather,PeakWindowHours14to18,event_slice,peak_window,400,175.297000165,170.67589838103981,4.6211017839601745,7.55114159999356,9.42185870749976,4.456529520785123,73.0,14.990215018950268,28.359433678782608,25.48483815615461,330.534108,316.0082881591298,14.525819840870213,LGB_Pred_MWH,lgb_component,0.06868317501838916,0.9013747303432114,0.16533849286868385,1.056269742257844
realized_historical_weather,PeakWindowHours14to18,event_slice,peak_window,400,175.297000165,170.51055988817114,4.786440276828858,7.619824775011949,9.484314006386839,4.49514328981529,73.75,14.831217699781188,28.05408783838874,25.311550860071634,330.534108,315.3377104156307,15.196397584369322,Raw_Forecast_MWH,raw_xgb_lgb_production,0.0,0.0,0.0,1.1249529172762331
realized_historical_weather,PeakWindowHours14to18,event_slice,peak_window,400,175.297000165,170.41135679244996,4.885643372550049,7.675772719637451,9.5526002786321,4.52609250731285,74.25,15.153059346582019,28.28688680859375,25.207578482421866,330.534108,314.93536376953125,15.598744230468753,XGB_Pred_MWH,xgb_component,-0.05594794462550201,-0.7342418792748981,-0.09920309572119113,1.1809008619017352
realized_historical_weather,PeakWindowHours14to18,event_slice,peak_window,400,175.297000165,169.0080873818645,6.288912783135499,9.48234784273924,12.573115910026257,5.133034369485297,68.5,21.605281634721408,37.872462854231316,20.594859688664656,330.534108,315.88343571766603,14.650672282333971,Prophet_Pred_MWH,prophet_benchmark,-1.86252306772729,-24.44312202342434,-1.502472506306641,2.987475985003523
realized_historical_weather,PeakWindowHours14to18,event_slice,peak_window,395,173.96391207088607,175.05857296455696,-1.0946608936708861,17.17694298987342,23.91172636315352,9.72994731288751,51.64556962025316,35.65869640000002,92.82965800000002,72.65344199999998,330.534108,300.440716,30.093391999999994,Baseline_SameHourYesterday_MWH,baseline_same_hour_yesterday,-9.557118214861472,-125.42438306721408,3.6917793831579724,10.682071132137704
realized_historical_weather,PeakWindowHours14to18,event_slice,peak_window,390,172.14728987948718,173.63701593448718,-1.489726055000003,25.872158141263736,36.48729465358927,14.362060209409789,51.28205128205128,68.91995482857145,105.76307742857142,89.92982057142859,329.614775,252.75542357142857,76.85935142857144,Baseline_Rolling7DaySameHourAvg_MWH,baseline_rolling_7day_same_hour_avg,-18.252333366251786,-239.53744220086955,3.2967142218288554,19.37728628352802
realized_historical_weather,PeakWindowHours14to18,event_slice,peak_window,365,166.49368857534245,161.8735092767123,4.620179298630138,36.03260383013699,50.96488842582815,20.411255985048836,59.726027397260275,93.7739382,147.082433,146.13581600000003,329.614775,192.099258,137.51551700000002,Baseline_SameHour7DaysAgo_MWH,baseline_same_hour_7_days_ago,-28.412779055125043,-372.8796907285901,0.16626097819872054,29.537731972401275
realized_historical_weather,HotPeakDailyMax90Plus,event_slice,hot_peak,75,281.37690533333335,275.24879555714193,6.128109776191436,7.684419786638056,9.502183744166377,2.6570206538441132,80.0,16.73635605216124,20.747920800248096,7.788873869052566,330.534108,315.4123167344102,15.12179126558982,Peak_Risk_Adjusted_Forecast_MWH,peak_risk_adjusted,1.226104114633456,13.76017985270758,1.8285798379743126,-0.012695181628608054
realized_historical_weather,HotPeakDailyMax90Plus,event_slice,hot_peak,75,281.37690533333335,275.25854148125933,6.118363852074022,7.697114968266664,9.508690041295841,2.661596194343158,80.0,16.73635605216124,20.747920800248096,8.192445816505085,330.534108,315.4123167344102,15.12179126558982,Final_Backtest_Forecast_MWH,final_corrected_production,1.2134089330048479,13.617705832444905,1.8383257620917268,0.0
realized_historical_weather,HotPeakDailyMax90Plus,event_slice,hot_peak,75,281.37690533333335,275.25854148125933,6.118363852074022,7.697114968266664,9.508690041295841,2.661596194343158,80.0,16.73635605216124,20.747920800248096,8.192445816505085,330.534108,315.4123167344102,15.12179126558982,Recent_Corrected_Forecast_MWH,recent_corrected_simulation,1.2134089330048479,13.617705832444905,1.8383257620917268,0.0
realized_historical_weather,HotPeakDailyMax90Plus,event_slice,hot_peak,75,281.37690533333335,275.25854148125933,6.118363852074022,7.697114968266664,9.508690041295841,2.661596194343158,80.0,16.73635605216124,20.747920800248096,8.192445816505085,330.534108,315.4123167344102,15.12179126558982,Stage_Selected_Forecast_MWH,stage_selected_production,1.2134089330048479,13.617705832444905,1.8383257620917268,0.0
realized_historical_weather,HotPeakDailyMax90Plus,event_slice,hot_peak,75,281.37690533333335,274.81515044888323,6.561754884450184,7.933690415133255,9.7036053749041,2.7403596943077613,81.33333333333333,16.73635605216124,20.747920800248096,6.591070255923512,330.534108,315.4123167344102,15.12179126558982,Residual_Calibrated_Forecast_MWH,residual_calibrated,0.9768334861382568,10.962694191290648,1.3949347297155645,0.23657544686659104
realized_historical_weather,HotPeakDailyMax90Plus,event_slice,hot_peak,75,281.37690533333335,274.99353303276854,6.383372300564813,7.939682311011432,9.716402388205903,2.7432886118193904,80.0,16.73635605216124,20.747920800248096,7.788873869052566,330.534108,315.4123167344102,15.12179126558982,Warm_Ramp_Adjusted_Forecast_MWH,warm_ramp_adjusted,0.97084159026008,10.89544903326664,1.5733173136009357,0.24256734274476788
realized_historical_weather,HotPeakDailyMax90Plus,event_slice,hot_peak,75,281.37690533333335,274.99353303276854,6.383372300564813,7.939682311011432,9.716402388205903,2.7432886118193904,80.0,16.73635605216124,20.747920800248096,7.788873869052566,330.534108,315.4123167344102,15.12179126558982,Cloud_Solar_Adjusted_Forecast_MWH,cloud_solar_adjusted,0.97084159026008,10.89544903326664,1.5733173136009357,0.24256734274476788
realized_historical_weather,HotPeakDailyMax90Plus,event_slice,hot_peak,75,281.37690533333335,273.878530290517,7.498375042816348,8.569685122929455,10.621071426259324,2.9829469000790314,85.33333333333334,17.95156869474505,24.656539325816823,9.465243739659172,330.534108,321.6839190550165,8.850188944983529,CatBoost_Pred_MWH,catboost_benchmark,0.3408387783420572,3.8251261330820325,0.45831457134940035,0.8725701546627906
realized_historical_weather,HotPeakDailyMax90Plus,event_slice,hot_peak,75,281.37690533333335,273.4545915000285,7.922313833304788,8.836379506293348,10.859836154442396,3.054637223530149,84.0,18.801840421579335,24.142983426007277,7.371357764698644,330.534108,316.0082881591298,14.525819840870213,LGB_Pred_MWH,lgb_component,0.07414439497816439,0.8320991649838249,0.0343757808609606,1.1392645380266835
realized_historical_weather,HotPeakDailyMax90Plus,event_slice,hot_peak,75,281.37690533333335,273.4202157191676,7.956689614165748,8.910523901271512,10.862424256685511,3.0764730961631406,85.33333333333334,18.141142803638157,22.54438959774103,6.373670848773656,330.534108,315.3377104156307,15.196397584369322,Targeted_Meta_Adjusted_Forecast_MWH,targeted_residual_meta_adjusted,0.0,0.0,0.0,1.2134089330048479
realized_historical_weather,HotPeakDailyMax90Plus,event_slice,hot_peak,75,281.37690533333335,273.4202157191676,7.956689614165748,8.910523901271512,10.862424256685511,3.0764730961631406,85.33333333333334,18.141142803638157,22.54438959774103,6.373670848773656,330.534108,315.3377104156307,15.196397584369322,Raw_Forecast_MWH,raw_xgb_lgb_production,0.0,0.0,0.0,1.2134089330048479
realized_historical_weather,HotPeakDailyMax90Plus,event_slice,hot_peak,75,281.37690533333335,273.39959025065104,7.977315082682289,9.005793377057289,10.971450850289068,3.1087534633912695,84.0,17.83679040234375,22.346202816406276,8.425455078125026,330.534108,314.93536376953125,15.598744230468753,XGB_Pred_MWH,xgb_component,-0.09526947578577705,-1.0691792855432698,-0.020625468516541012,1.308678408790625
realized_historical_weather,HotPeakDailyMax90Plus,event_slice,hot_peak,75,281.37690533333335,266.6964451993772,14.680460133956124,15.436185812787647,18.05452321297328,5.396001304115025,90.66666666666666,29.092067277736263,36.96800720034622,10.175198008308769,330.534108,315.88343571766603,14.650672282333971,Prophet_Pred_MWH,prophet_benchmark,-6.525661911516135,-73.23544590442025,-6.723770519790376,7.739070844520983
realized_historical_weather,HotPeakDailyMax90Plus,event_slice,hot_peak,70,280.63163038571435,284.9660687285714,-4.334438342857142,31.34917688571429,40.153082568003484,11.812512064829063,45.714285714285715,69.86563329999998,92.82965800000002,72.65344199999998,330.534108,300.440716,30.093391999999994,Baseline_SameHourYesterday_MWH,baseline_same_hour_yesterday,-22.438652984442776,-251.82192689299478,3.622251271308606,23.652061917447625
realized_historical_weather,HotPeakDailyMax90Plus,event_slice,hot_peak,65,277.733313,257.8029365063736,19.930376493626373,45.49326807670329,54.903076511409964,16.250586449034703,53.84615384615385,89.8806631142857,103.15449242857142,63.539063200000015,329.614775,252.75542357142857,76.85935142857144,Baseline_Rolling7DaySameHourAvg_MWH,baseline_rolling_7day_same_hour_avg,-36.58274417543178,-410.5566022914938,-11.973686879460624,37.79615310843663
realized_historical_weather,HotPeakDailyMax90Plus,event_slice,hot_peak,45,279.0457826222222,207.97607284444445,71.06970977777777,71.29749382222222,81.71301701229763,24.451556874547027,97.77777777777777,131.0325402,147.082433,5.125140999999985,329.614775,192.099258,137.51551700000002,Baseline_SameHour7DaysAgo_MWH,baseline_same_hour_7_days_ago,-62.38696992095071,-700.1492910203432,-63.11302016361203,63.60037885395556
realized_historical_weather,ShoulderSeasonHeatTransition,event_slice,shoulder_season_heat_transition,242,157.0133852933884,158.03603104437127,-1.0226457509828577,5.247499041746951,6.907141918917694,3.4405005430956725,53.71900826446281,10.11290886583833,10.88532465121392,24.504803251842347,231.165366,230.2216660504375,0.9436999495625003,Residual_Calibrated_Forecast_MWH,residual_calibrated,0.9885140633225902,15.851699582205523,2.1223934391257684,-0.2491297296002397
realized_historical_weather,ShoulderSeasonHeatTransition,event_slice,shoulder_season_heat_transition,242,157.0133852933884,156.66757935619825,0.34580593719018965,5.384573697220757,6.817865429368494,3.4999872878021048,61.57024793388429,10.983353311607667,12.471362825905686,23.40977713937359,231.165366,226.61184547600064,4.553520523999367,Targeted_Meta_Adjusted_Forecast_MWH,targeted_residual_meta_adjusted,0.8514394078487841,13.653585929070772,2.7992332529184365,-0.11205507412643367
realized_historical_weather,ShoulderSeasonHeatTransition,event_slice,shoulder_season_heat_transition,242,157.0133852933884,159.87498078494946,-2.861595491561034,5.450978333559911,7.469303634230528,3.6087215573902527,41.32231404958678,11.575730085842434,9.15789698819583,26.39220801726016,231.165366,232.90660949381294,-1.7412434938129309,Peak_Risk_Adjusted_Forecast_MWH,peak_risk_adjusted,0.78503477150963,12.588728700256244,0.2834436985475923,-0.04565043778727951
realized_historical_weather,ShoulderSeasonHeatTransition,event_slice,shoulder_season_heat_transition,242,157.0133852933884,159.83033336612436,-2.8169480727359635,5.471794460887889,7.474580893848224,3.615665696681089,41.735537190082646,11.575730085842434,9.15789698819583,26.39220801726016,231.165366,232.90660949381294,-1.7412434938129309,Warm_Ramp_Adjusted_Forecast_MWH,warm_ramp_adjusted,0.7642186441816525,12.254923639598898,0.32809111737266283,-0.024834310459302067
realized_historical_weather,ShoulderSeasonHeatTransition,event_slice,shoulder_season_heat_transition,242,157.0133852933884,159.81975028362757,-2.806364990239155,5.49484116017347,7.484003854716653,3.632735399138156,41.735537190082646,11.575730085842434,9.15789698819583,26.39220801726016,231.165366,232.90660949381294,-1.7412434938129309,Cloud_Solar_Adjusted_Forecast_MWH,cloud_solar_adjusted,0.7411719448960712,11.885349379614652,0.33867419986947134,-0.0017876111737207268
realized_historical_weather,ShoulderSeasonHeatTransition,event_slice,shoulder_season_heat_transition,242,157.0133852933884,159.34516994122785,-2.331784647839408,5.496628771347191,7.38384941866548,3.6344722142116606,46.69421487603306,11.34414981631066,11.87027112390146,26.39220801726016,231.165366,233.3770695507919,-2.2117035507918956,Stage_Selected_Forecast_MWH,stage_selected_production,0.7393843337223505,11.856683449258165,0.8132545422692181,0.0
realized_historical_weather,ShoulderSeasonHeatTransition,event_slice,shoulder_season_heat_transition,242,157.0133852933884,159.34516994122785,-2.331784647839408,5.496628771347191,7.38384941866548,3.6344722142116606,46.69421487603306,11.34414981631066,11.87027112390146,26.39220801726016,231.165366,233.3770695507919,-2.2117035507918956,Final_Backtest_Forecast_MWH,final_corrected_production,0.7393843337223505,11.856683449258165,0.8132545422692181,0.0
realized_historical_weather,ShoulderSeasonHeatTransition,event_slice,shoulder_season_heat_transition,242,157.0133852933884,154.83579638789902,2.1775889054894035,5.555949541120801,6.990336176110625,3.639709740052735,59.50413223140496,11.385277773922958,23.038886670917947,16.056953844747227,231.165366,228.71366978995985,2.4516962100401543,Prophet_Pred_MWH,prophet_benchmark,0.6800635639487407,10.905422302526686,0.9674502846192228,0.05932076977360978
realized_historical_weather,ShoulderSeasonHeatTransition,event_slice,shoulder_season_heat_transition,242,157.0133852933884,160.45488332423304,-3.4414980308446466,5.573403639949676,7.664429085003601,3.6894857080622185,35.12396694214876,12.257953420414722,8.541876243985968,26.522275759492132,231.165366,233.3770695507919,-2.2117035507918956,Recent_Corrected_Forecast_MWH,recent_corrected_simulation,0.6626094651198651,10.625530350171962,-0.29645884073602025,0.07677486860248539
realized_historical_weather,ShoulderSeasonHeatTransition,event_slice,shoulder_season_heat_transition,242,157.0133852933884,154.35883128610317,2.6545540072852334,5.724034917447506,6.8717800860314435,3.6511371522113216,71.900826446281,11.367697252650647,15.620159955121295,18.034712914389075,231.165366,233.7770010811302,-2.6116350811302027,CatBoost_Pred_MWH,catboost_benchmark,0.5119781876220353,8.210024241383083,0.49048518282339293,0.22740614610031518
realized_historical_weather,ShoulderSeasonHeatTransition,event_slice,shoulder_season_heat_transition,242,157.0133852933884,153.95539734926504,3.0579879441233913,6.2240125365493375,7.469870669106352,3.984431434414136,71.900826446281,12.565571093331215,16.282608047603162,22.517095392437582,231.165366,226.0634676153637,5.101898384636314,LGB_Pred_MWH,lgb_component,0.012000568520203814,0.1924397578710667,0.08705124598523506,0.7273837652021466
realized_historical_weather,ShoulderSeasonHeatTransition,event_slice,shoulder_season_heat_transition,242,157.0133852933884,153.8683461032798,3.1450391901086263,6.236013105069541,7.429073820635081,3.989137490351094,72.31404958677686,12.081656989739484,15.790448253446897,21.26250725348733,231.165366,226.61184547600064,4.553520523999367,Raw_Forecast_MWH,raw_xgb_lgb_production,0.0,0.0,0.0,0.7393843337223505
realized_historical_weather,ShoulderSeasonHeatTransition,event_slice,shoulder_season_heat_transition,242,157.0133852933884,153.81611535568868,3.1972699376997515,6.253188897128019,7.4263193889093655,3.9987016336527135,73.14049586776859,11.825002923242176,15.495152376953115,20.509754370117193,231.165366,226.9408721923828,4.224493807617193,XGB_Pred_MWH,xgb_component,-0.017175792058477413,-0.2754290564994872,-0.052230747591125226,0.7565601257808279
realized_historical_weather,ShoulderSeasonHeatTransition,event_slice,shoulder_season_heat_transition,242,157.0133852933884,152.91741421900826,4.095971074380166,15.030844404958676,19.08961936285936,9.555290706896722,64.0495867768595,29.2535172,65.811809,43.565540999999996,231.165366,204.012758,27.152608000000015,Baseline_SameHourYesterday_MWH,baseline_same_hour_yesterday,-8.794831299889136,-141.03291881698283,-0.9509318842715393,9.534215633611485
realized_historical_weather,ShoulderSeasonHeatTransition,event_slice,shoulder_season_heat_transition,242,157.0133852933884,147.23515551298703,9.778229780401414,18.374696075560806,24.630578702272526,11.203993591591267,65.28925619834712,45.89324289999997,62.50108714285713,47.92029757142856,231.165366,182.99915099999998,48.16621500000002,Baseline_Rolling7DaySameHourAvg_MWH,baseline_rolling_7day_same_hour_avg,-12.138682970491264,-194.6545455560889,-6.633190590292788,12.878067304213616
realized_historical_weather,ShoulderSeasonHeatTransition,event_slice,shoulder_season_heat_transition,242,157.0133852933884,145.44975023140495,11.563635061983469,33.74207223553719,42.15412167534435,20.80560416560518,76.03305785123968,69.32989160000001,86.469567,115.92612500000001,231.165366,181.6485,49.51686599999999,Baseline_SameHour7DaysAgo_MWH,baseline_same_hour_7_days_ago,-27.506059130467644,-441.0840494883936,-8.418595871874842,28.245443464189997
realized_historical_weather,CloudSolarMidday,event_slice,cloud_solar_midday,280,135.98353885714286,135.73418021566718,0.2493586414756972,6.508081544594289,8.546086798143516,4.850622909452147,56.42857142857143,13.931505415973215,22.123977831040122,26.940864920359687,219.965008,203.92604463481342,16.03896336518659,Final_Backtest_Forecast_MWH,final_corrected_production,0.865475987445997,11.73756336321034,4.767400276508313,0.0
realized_historical_weather,CloudSolarMidday,event_slice,cloud_solar_midday,280,135.98353885714286,135.73418021566718,0.2493586414756972,6.508081544594289,8.546086798143516,4.850622909452147,56.42857142857143,13.931505415973215,22.123977831040122,26.940864920359687,219.965008,203.92604463481342,16.03896336518659,Stage_Selected_Forecast_MWH,stage_selected_production,0.865475987445997,11.73756336321034,4.767400276508313,0.0
realized_historical_weather,CloudSolarMidday,event_slice,cloud_solar_midday,280,135.98353885714286,134.41785515767234,1.5656836994705268,6.566478558398861,8.765710134908382,4.822026647113982,60.71428571428571,15.200405942823098,25.470660450408957,27.47235105330654,219.965008,204.5671378582437,15.3978701417563,Targeted_Meta_Adjusted_Forecast_MWH,targeted_residual_meta_adjusted,0.8070789736414241,10.94558454496934,3.451075218513484,0.05839701380457285
realized_historical_weather,CloudSolarMidday,event_slice,cloud_solar_midday,280,135.98353885714286,135.92755339520693,0.05598546193594497,6.630839406419137,8.927022979295627,4.94199856727183,53.214285714285715,15.469312914102087,21.616529737328932,31.219583651757944,219.965008,204.06282524687242,15.90218275312759,Warm_Ramp_Adjusted_Forecast_MWH,warm_ramp_adjusted,0.7427181256211481,10.072724358544956,4.960773456048066,0.12275786182484882
realized_historical_weather,CloudSolarMidday,event_slice,cloud_solar_midday,280,135.98353885714286,135.87713103720952,0.10640781993332361,6.643998592322025,8.922637091420626,4.952509125840456,53.57142857142857,15.469312914102087,21.616529737328932,31.219583651757944,219.965008,204.06282524687242,15.90218275312759,Residual_Calibrated_Forecast_MWH,residual_calibrated,0.7295589397182605,9.894259813504016,4.910351098050687,0.1359170477277365
realized_historical_weather,CloudSolarMidday,event_slice,cloud_solar_midday,280,135.98353885714286,136.32398648137232,-0.3404476242294594,6.675992990292697,9.01522201193071,4.9916537989596605,52.5,15.32946653398795,22.123977831040122,32.666873206483814,219.965008,203.92604463481342,16.03896336518659,Peak_Risk_Adjusted_Forecast_MWH,peak_risk_adjusted,0.6975645417475889,9.460352600714986,4.6763112937545515,0.1679114456984081
realized_historical_weather,CloudSolarMidday,event_slice,cloud_solar_midday,280,135.98353885714286,136.32398648137232,-0.3404476242294594,6.675992990292697,9.01522201193071,4.9916537989596605,52.5,15.32946653398795,22.123977831040122,32.666873206483814,219.965008,203.92604463481342,16.03896336518659,Cloud_Solar_Adjusted_Forecast_MWH,cloud_solar_adjusted,0.6975645417475889,9.460352600714986,4.6763112937545515,0.1679114456984081
realized_historical_weather,CloudSolarMidday,event_slice,cloud_solar_midday,280,135.98353885714286,136.78135959885276,-0.7978207417098793,6.802262949728851,9.134358988836238,5.102334992866455,47.85714285714286,14.949063616670468,22.030912476584092,32.73886304367335,219.965008,203.92604463481342,16.03896336518659,Recent_Corrected_Forecast_MWH,recent_corrected_simulation,0.5712945823114346,7.747882617433863,4.218938176274132,0.29418140513456237
realized_historical_weather,CloudSolarMidday,event_slice,cloud_solar_midday,280,135.98353885714286,131.29768132187363,4.685857535269221,7.249088675536143,9.546687130971009,5.21105462043292,73.21428571428571,15.165222517123917,33.90875498420485,21.725219416065556,219.965008,207.07271363289047,12.892294367109542,CatBoost_Pred_MWH,catboost_benchmark,0.12446885650414252,1.6880434710557093,0.3309013827147895,0.7410071309418544
realized_historical_weather,CloudSolarMidday,event_slice,cloud_solar_midday,280,135.98353885714286,131.004338515285,4.979200341857885,7.371235395030669,9.806333190529891,5.298627321711001,72.5,15.172759866454733,34.49090436189783,20.039027853015966,219.965008,206.57396932470388,13.39103867529613,LGB_Pred_MWH,lgb_component,0.002322137009616476,0.031492763154367547,0.03755857612612612,0.8631538504363805
realized_historical_weather,CloudSolarMidday,event_slice,cloud_solar_midday,280,135.98353885714286,130.96677993915884,5.016758917984011,7.3735575320402855,9.793366624191258,5.298128272506421,73.57142857142858,15.14771880841525,33.47066045040897,20.490053159114353,219.965008,206.31000511358522,13.655002886414792,Raw_Forecast_MWH,raw_xgb_lgb_production,0.0,0.0,0.0,0.865475987445997
realized_historical_weather,CloudSolarMidday,event_slice,cloud_solar_midday,280,135.98353885714286,130.9442447934832,5.0392940636596695,7.3979763325422025,9.803599115855562,5.314677214542031,74.28571428571429,15.002544751708983,32.85851410351563,20.760668342773442,219.965008,206.15162658691406,13.81338141308595,XGB_Pred_MWH,xgb_component,-0.024418800501917026,-0.3311671522980614,-0.02253514567565862,0.889894787947914
realized_historical_weather,CloudSolarMidday,event_slice,cloud_solar_midday,280,135.98353885714286,130.2636898050792,5.719849052063643,10.06810319669564,12.414763729769009,7.307247505356254,71.07142857142857,19.5310706540528,38.134649809334576,21.353227064932113,219.965008,208.73727601886446,11.227731981135548,Prophet_Pred_MWH,prophet_benchmark,-2.6945456646553545,-36.54335987678618,-0.7030901340796323,3.5600216521013515
realized_historical_weather,CloudSolarMidday,event_slice,cloud_solar_midday,278,135.72212726618704,135.69130941726618,0.030817848920863727,13.642925834532372,17.526240288614556,10.039533119372257,53.956834532374096,29.266452699999984,57.49178300000003,45.90251700000002,219.965008,179.814075,40.15093300000001,Baseline_SameHourYesterday_MWH,baseline_same_hour_yesterday,-6.2693683024920865,-85.02501370945883,4.985941069063147,7.1348442899380835
realized_historical_weather,CloudSolarMidday,event_slice,cloud_solar_midday,276,135.19008329347824,135.9613073971532,-0.771224103674951,18.166188238250523,23.123020982737238,13.249441763880892,53.2608695652174,38.00321271428572,69.85587142857142,77.3425504285714,214.474241,151.8883734285714,62.585867571428594,Baseline_Rolling7DaySameHourAvg_MWH,baseline_rolling_7day_same_hour_avg,-10.792630706210238,-146.36938356163995,4.24553481430906,11.658106693656235
realized_historical_weather,CloudSolarMidday,event_slice,cloud_solar_midday,266,134.28270106766914,132.60496891729323,1.677732150375941,22.425918511278194,29.034763602510633,16.381114997927526,60.150375939849624,43.14709550000001,80.42612500000001,123.97950899999998,214.474241,134.048116,80.42612500000001,Baseline_SameHour7DaysAgo_MWH,baseline_same_hour_7_days_ago,-15.052360979237909,-204.13973734972507,3.33902676760807,15.917836966683906
realized_historical_weather,WeekendHours,event_slice,weekend,575,139.0845036973913,139.5219640102827,-0.43746031289139803,4.239161411006118,6.084530957429831,3.1021833040867453,50.60869565217392,9.71075422990753,18.92926167699659,27.037784451402516,329.614775,312.0439504313019,17.57082456869813,Recent_Corrected_Forecast_MWH,recent_corrected_simulation,1.2049850483049767,22.13358985308151,3.1094162570790944,-0.006693820062800171
realized_historical_weather,WeekendHours,event_slice,weekend,575,139.0845036973913,138.7604429195558,0.32406077783548576,4.244112008294788,5.9634856126926215,3.0890723896144405,59.30434782608695,9.365207537638499,18.92926167699659,26.47279199947083,329.614775,312.0439504313019,17.57082456869813,Residual_Calibrated_Forecast_MWH,residual_calibrated,1.2000344510163066,22.042655538112758,3.2228157921350067,-0.001743222774130082
realized_historical_weather,WeekendHours,event_slice,weekend,575,139.0845036973913,139.0446604673986,0.0398432299927126,4.245855231068918,6.053138524386415,3.100833912970744,57.04347826086956,9.400880267459602,18.92926167699659,26.940864920359687,329.614775,312.0439504313019,17.57082456869813,Peak_Risk_Adjusted_Forecast_MWH,peak_risk_adjusted,1.1982912282421765,22.010635408104154,3.5070333399777796,0.0
realized_historical_weather,WeekendHours,event_slice,weekend,575,139.0845036973913,139.0446604673986,0.0398432299927126,4.245855231068918,6.053138524386415,3.100833912970744,57.04347826086956,9.400880267459602,18.92926167699659,26.940864920359687,329.614775,312.0439504313019,17.57082456869813,Stage_Selected_Forecast_MWH,stage_selected_production,1.1982912282421765,22.010635408104154,3.5070333399777796,0.0
realized_historical_weather,WeekendHours,event_slice,weekend,575,139.0845036973913,139.0446604673986,0.0398432299927126,4.245855231068918,6.053138524386415,3.100833912970744,57.04347826086956,9.400880267459602,18.92926167699659,26.940864920359687,329.614775,312.0439504313019,17.57082456869813,Final_Backtest_Forecast_MWH,final_corrected_production,1.1982912282421765,22.010635408104154,3.5070333399777796,0.0
realized_historical_weather,WeekendHours,event_slice,weekend,575,139.0845036973913,139.03226228481188,0.052241412579444486,4.258253413655651,6.074143590649973,3.1068203683999864,57.04347826086956,9.91106782306802,18.92926167699659,26.940864920359687,329.614775,312.0439504313019,17.57082456869813,Cloud_Solar_Adjusted_Forecast_MWH,cloud_solar_adjusted,1.185893045655444,21.782901222784286,3.494635157391048,0.012398182586732531
realized_historical_weather,WeekendHours,event_slice,weekend,575,139.0845036973913,139.03387774591923,0.05062595147206702,4.2587968505269735,6.065101511241695,3.106748083804056,56.869565217391305,9.686600260731513,18.92926167699659,26.47279199947083,329.614775,312.0439504313019,17.57082456869813,Warm_Ramp_Adjusted_Forecast_MWH,warm_ramp_adjusted,1.1853496087841213,21.772919182892743,3.4962506184984252,0.012941619458055165
realized_historical_weather,WeekendHours,event_slice,weekend,575,139.0845036973913,137.33775957116924,1.7467441262220769,4.601811793055794,6.126853324443269,3.3145139544656645,68.8695652173913,9.22415709162263,21.192708196297247,23.40977713937359,329.614775,309.81985894855217,19.794916051447842,Targeted_Meta_Adjusted_Forecast_MWH,targeted_residual_meta_adjusted,0.8423346662553008,15.472299883017666,1.8001324437484154,0.35595656198687564
realized_historical_weather,WeekendHours,event_slice,weekend,575,139.0845036973913,135.9950618787658,3.0894418186255033,5.043454842972362,6.514099790734092,3.6323131151377197,74.95652173913044,10.685193789822604,21.947313743744473,18.034712914389075,329.614775,313.41747553281954,16.19729946718047,CatBoost_Pred_MWH,catboost_benchmark,0.40069161633873307,7.360044762451831,0.457434751344989,0.7975996119034434
realized_historical_weather,WeekendHours,event_slice,weekend,575,139.0845036973913,135.62242532962696,3.4620783677643585,5.4397679076269005,6.884585783709401,3.945538470578168,76.0,11.24704217183189,21.704431496390725,22.517095392437582,329.614775,309.9676727723112,19.647102227688833,LGB_Pred_MWH,lgb_component,0.004378551684194321,0.08042677978851408,0.08479820220613377,1.1939126765579822
realized_historical_weather,WeekendHours,event_slice,weekend,575,139.0845036973913,135.5376271274208,3.5468765699704923,5.444146459311095,6.905677472968892,3.9397474714544196,76.52173913043478,11.09113011641404,21.772649429312878,21.26250725348733,329.614775,309.81985894855217,19.794916051447842,Raw_Forecast_MWH,raw_xgb_lgb_production,0.0,0.0,0.0,1.1982912282421765
realized_historical_weather,WeekendHours,event_slice,weekend,575,139.0845036973913,135.48674820609713,3.5977554912941576,5.4657789158525825,6.945129544598573,3.9490204796412103,76.8695652173913,10.906678079687506,22.346202816406276,20.509754370117193,329.614775,309.7311706542969,19.883604345703134,XGB_Pred_MWH,xgb_component,-0.0216324565414876,-0.39735258232242676,-0.05087892132366534,1.219923684783664
realized_historical_weather,WeekendHours,event_slice,weekend,575,139.0845036973913,133.71654724513755,5.367956452253749,7.965531546307216,10.45493497055838,5.6625185149499195,71.1304347826087,16.925760620069326,36.96800720034622,20.334624494637637,329.614775,300.43463371439566,29.18014128560435,Prophet_Pred_MWH,prophet_benchmark,-2.521385086996121,-46.313689498264864,-1.8210798822832563,3.7196763152382974
realized_historical_weather,WeekendHours,event_slice,weekend,575,139.0845036973913,143.97357559304348,-4.889071895652175,9.275049888695651,12.976140614789951,6.7397107642061265,38.608695652173914,22.66484379999999,30.038559000000006,43.565540999999996,329.614775,325.1866,4.42817500000001,Baseline_SameHourYesterday_MWH,baseline_same_hour_yesterday,-3.8309034293845565,-70.36738372151217,-1.3421953256816828,5.029194657626733
realized_historical_weather,WeekendHours,event_slice,weekend,575,139.0845036973913,143.39917209602484,-4.3146683986335415,17.655118893291927,25.71794794136984,11.882559484943815,39.30434782608695,43.57492128571428,91.70470328571426,74.84724042857144,329.614775,252.75542357142857,76.85935142857144,Baseline_Rolling7DaySameHourAvg_MWH,baseline_rolling_7day_same_hour_avg,-12.210972433980832,-224.29544328471306,-0.7677918286630492,13.409263662223008
realized_historical_weather,WeekendHours,event_slice,weekend,527,134.0041117666034,133.16559725996206,0.8385145066413672,22.82870170967742,36.31567256574049,15.242046895355168,48.19734345351044,54.58783380000004,147.082433,115.92612500000001,329.614775,192.099258,137.51551700000002,Baseline_SameHour7DaysAgo_MWH,baseline_same_hour_7_days_ago,-17.384555250366326,-319.32563497871394,2.708362063329125,18.582846478608502
realized_historical_weather,ScoredSeason:Fall,Season,Fall,432,125.67887118518519,125.8177161917353,-0.1388450065500988,3.387634119585464,5.204440004194666,2.6480950108282957,50.0,7.324278831700809,16.501802115015323,29.12939261698463,197.495883,194.68352396099195,2.8123590390080437,Peak_Risk_Adjusted_Forecast_MWH,peak_risk_adjusted,1.0577093082001539,23.793646663808744,2.671364093106459,-0.026917414857422717
realized_historical_weather,ScoredSeason:Fall,Season,Fall,432,125.67887118518519,125.80726400156011,-0.1283928163749334,3.391718306799024,5.2073349740189245,2.6501676969887416,50.231481481481474,7.324278831700809,16.501802115015323,29.12939261698463,197.495883,192.97233098049173,4.523552019508259,Cloud_Solar_Adjusted_Forecast_MWH,cloud_solar_adjusted,1.0536251209865939,23.701771035302027,2.681816283281625,-0.022833227643862752
realized_historical_weather,ScoredSeason:Fall,Season,Fall,432,125.67887118518519,125.76268632105045,-0.08381513586525899,3.403071969761867,5.214595027880674,2.6575595197663633,49.76851851851852,7.6297719603550815,16.54324910797439,29.12939261698463,197.495883,192.97233098049173,4.523552019508259,Warm_Ramp_Adjusted_Forecast_MWH,warm_ramp_adjusted,1.0422714580237509,23.446365279879917,2.726393963791299,-0.011479564681019738
realized_historical_weather,ScoredSeason:Fall,Season,Fall,432,125.67887118518519,125.44227915391268,0.23659203127251094,3.4145515344428867,5.12754356758667,2.6498822136143616,56.018518518518526,7.817447814122942,16.501802115015323,26.83868756283684,197.495883,194.68352396099195,2.8123590390080437,Stage_Selected_Forecast_MWH,stage_selected_production,1.0307918933427311,23.188127308674662,2.5736170683840474,0.0
realized_historical_weather,ScoredSeason:Fall,Season,Fall,432,125.67887118518519,125.44227915391268,0.23659203127251094,3.4145515344428867,5.12754356758667,2.6498822136143616,56.018518518518526,7.817447814122942,16.501802115015323,26.83868756283684,197.495883,194.68352396099195,2.8123590390080437,Final_Backtest_Forecast_MWH,final_corrected_production,1.0307918933427311,23.188127308674662,2.5736170683840474,0.0
realized_historical_weather,ScoredSeason:Fall,Season,Fall,432,125.67887118518519,126.39704236836175,-0.7181711831765599,3.4614244701576493,5.268126662197002,2.731315527406791,42.129629629629626,7.243905068903136,15.405252519830043,29.835385597615016,197.495883,194.78981351929068,2.706069480709317,Recent_Corrected_Forecast_MWH,recent_corrected_simulation,0.9839189576279685,22.133699535518076,2.092037916479998,0.04687293571476259
realized_historical_weather,ScoredSeason:Fall,Season,Fall,432,125.67887118518519,125.51993275966244,0.1589384255227529,3.4782431041759567,5.272101769394061,2.7042219913025445,52.54629629629629,7.713238141126182,16.54324910797439,29.12939261698463,197.495883,192.97233098049173,4.523552019508259,Residual_Calibrated_Forecast_MWH,residual_calibrated,0.9671003236096611,21.755356797965277,2.651270674133805,0.06369156973307
realized_historical_weather,ScoredSeason:Fall,Season,Fall,432,125.67887118518519,124.58756829769519,1.0913028874899897,3.576920886589539,5.331731761851908,2.7440227160054214,64.12037037037037,8.285894294021618,18.093333129646282,27.544187236499454,197.495883,192.04645752687392,5.44942547312607,Targeted_Meta_Adjusted_Forecast_MWH,targeted_residual_meta_adjusted,0.8684225411960789,19.535555695607318,1.7189062121665684,0.16236935214665227
realized_historical_weather,ScoredSeason:Fall,Season,Fall,432,125.67887118518519,123.10273657973414,2.576134605451021,4.293035803269015,5.959120611829628,3.2557093360425364,76.62037037037037,9.550217180194496,20.98296976322723,25.142912808857318,197.495883,191.13019975011434,6.365683249885649,CatBoost_Pred_MWH,catboost_benchmark,0.1523076245166033,3.4262285240911767,0.23407449420553705,0.8784842688261278
realized_historical_weather,ScoredSeason:Fall,Season,Fall,432,125.67887118518519,122.95037854087477,2.728492644310432,4.365165669046604,6.094545398128556,3.317287461733758,76.85185185185185,9.811936346360898,21.704431496390725,25.48483815615461,197.495883,190.92508298211447,6.570800017885517,LGB_Pred_MWH,lgb_component,0.08017775873901378,1.8036347481695727,0.08171645534612626,0.9506141346037174
realized_historical_weather,ScoredSeason:Fall,Season,Fall,432,125.67887118518519,122.86866208552864,2.810209099656558,4.445343427785618,6.162830709299841,3.3743434095092497,77.54629629629629,9.509249639633179,21.772649429312878,25.311550860071634,197.495883,190.36115401258002,7.134728987419976,Raw_Forecast_MWH,raw_xgb_lgb_production,0.0,0.0,0.0,1.0307918933427311
realized_historical_weather,ScoredSeason:Fall,Season,Fall,432,125.67887118518519,122.81963221232097,2.8592389728642216,4.499610400596336,6.216353805041068,3.413699530072159,78.00925925925925,9.702764436328131,21.94606739160156,25.207578482421866,197.495883,190.02279663085938,7.473086369140617,XGB_Pred_MWH,xgb_component,-0.05426697281071835,-1.220759963595223,-0.0490298732076635,1.0850588661534495
realized_historical_weather,ScoredSeason:Fall,Season,Fall,432,125.67887118518519,126.20570643055554,-0.5268352453703704,7.559997453703705,10.92231959156785,5.788357789059472,54.861111111111114,17.87997610000001,23.56616600000001,43.93972500000001,197.495883,183.357908,14.137974999999983,Baseline_SameHourYesterday_MWH,baseline_same_hour_yesterday,-3.114654025918087,-70.06554333800045,2.2833738542861877,4.145445919260818
realized_historical_weather,ScoredSeason:Fall,Season,Fall,432,125.67887118518519,118.75662973597434,6.922241449210841,7.955880577694606,9.713515009282151,6.5808417792052,84.49074074074075,15.125639135606495,29.81260423801507,20.594859688664656,197.495883,202.77498204827,-5.279099048270012,Prophet_Pred_MWH,prophet_benchmark,-3.5105371499089886,-78.97111228721671,-4.1120323495542825,4.54132904325172
realized_historical_weather,ScoredSeason:Fall,Season,Fall,432,125.67887118518519,131.89378734391536,-6.21491615873016,13.373451745370371,21.73173301617729,10.485236040381992,49.76851851851852,33.06912710000002,26.773653571428582,89.92982057142859,197.495883,170.7222294285714,26.773653571428582,Baseline_Rolling7DaySameHourAvg_MWH,baseline_rolling_7day_same_hour_avg,-8.928108317584753,-200.84181262081157,-3.404707059073602,9.958900210927485
realized_historical_weather,ScoredSeason:Fall,Season,Fall,432,125.67887118518519,135.59971387268521,-9.9208426875,22.07285889120371,31.413795485674473,16.85552474924753,48.148148148148145,52.96795250000003,40.776191999999995,115.92612500000001,197.495883,223.674391,-26.178508000000022,Baseline_SameHour7DaysAgo_MWH,baseline_same_hour_7_days_ago,-17.627515463418092,-396.5388895093529,-7.110633587843442,18.658307356760822
realized_historical_weather,ScoredSeason:Spring,Season,Spring,504,129.73888901190477,130.49278695826624,-0.7538979463614822,4.092613930861134,5.77350418657182,3.0801408408392166,47.817460317460316,8.951906914502842,21.136185718184564,24.504803251842347,231.165366,230.2216660504375,0.9436999495625003,Residual_Calibrated_Forecast_MWH,residual_calibrated,1.0432013444819326,20.31228322191257,2.3396828330589043,-0.04620829242297031
realized_historical_weather,ScoredSeason:Spring,Season,Spring,504,129.73888901190477,130.81005996387432,-1.071170951969549,4.138822223284104,5.958310870559479,3.101497047952614,48.80952380952381,10.025222403648069,16.658552597776676,26.39220801726016,231.165366,233.3770695507919,-2.2117035507918956,Stage_Selected_Forecast_MWH,stage_selected_production,0.9969930520589623,19.412556694659628,2.0224098274508377,0.0
realized_historical_weather,ScoredSeason:Spring,Season,Spring,504,129.73888901190477,130.81005996387432,-1.071170951969549,4.138822223284104,5.958310870559479,3.101497047952614,48.80952380952381,10.025222403648069,16.658552597776676,26.39220801726016,231.165366,233.3770695507919,-2.2117035507918956,Final_Backtest_Forecast_MWH,final_corrected_production,0.9969930520589623,19.412556694659628,2.0224098274508377,0.0
realized_historical_weather,ScoredSeason:Spring,Season,Spring,504,129.73888901190477,129.20236375094606,0.5365252609587,4.191648249824278,5.749820048742194,3.1463783128368026,60.51587301587301,8.927165662730845,22.3518844287061,23.40977713937359,231.165366,226.61184547600064,4.553520523999367,Targeted_Meta_Adjusted_Forecast_MWH,targeted_residual_meta_adjusted,0.9441670255187882,18.38397556959871,2.5570555184616865,0.0528260265401741
realized_historical_weather,ScoredSeason:Spring,Season,Spring,504,129.73888901190477,131.19711361282305,-1.4582246009182942,4.22517930083044,6.078090055864249,3.179219650465835,44.44444444444444,10.068371845428796,16.658552597776676,26.39220801726016,231.165366,232.90660949381294,-1.7412434938129309,Peak_Risk_Adjusted_Forecast_MWH,peak_risk_adjusted,0.9106359745126262,17.731088944817955,1.6353561785020925,0.08635707754633604
realized_historical_weather,ScoredSeason:Spring,Season,Spring,504,129.73888901190477,131.17955322559246,-1.4406642136876922,4.242739688061042,6.08464378023562,3.1889735180882153,44.44444444444444,10.068371845428796,16.658552597776676,26.39220801726016,231.165366,232.90660949381294,-1.7412434938129309,Cloud_Solar_Adjusted_Forecast_MWH,cloud_solar_adjusted,0.8930755872820244,17.38916879603634,1.6529165657326945,0.10391746477693786
realized_historical_weather,ScoredSeason:Spring,Season,Spring,504,129.73888901190477,131.14626240141035,-1.4073733895055902,4.26474373542263,6.1456253475709515,3.2042443227267188,44.44444444444444,10.05635800242682,21.136185718184564,26.39220801726016,231.165366,232.90660949381294,-1.7412434938129309,Warm_Ramp_Adjusted_Forecast_MWH,warm_ramp_adjusted,0.871071539920437,16.960725672950737,1.6862073899147965,0.12592151213852532
realized_historical_weather,ScoredSeason:Spring,Season,Spring,504,129.73888901190477,131.77518442515205,-2.036295413247289,4.320143966395723,6.203138648116201,3.254769849058247,36.507936507936506,10.326913497774004,16.440279246568295,26.522275759492132,231.165366,233.3770695507919,-2.2117035507918956,Recent_Corrected_Forecast_MWH,recent_corrected_simulation,0.8156713089473433,15.882021942326526,1.0572853661730979,0.18132174311161897
realized_historical_weather,ScoredSeason:Spring,Season,Spring,504,129.73888901190477,127.07423819687168,2.664650815033097,4.653745394471555,6.040997219976787,3.5217409617108113,76.5873015873016,9.63142920196951,23.452583618696423,18.034712914389075,231.165366,233.7770010811302,-2.6116350811302027,CatBoost_Pred_MWH,catboost_benchmark,0.4820698808715118,9.386433409821386,0.4289299643872897,0.5149231711874505
realized_historical_weather,ScoredSeason:Spring,Season,Spring,504,129.73888901190477,128.1784135588725,1.5604754530322729,5.085087200779887,6.7094756861813165,3.9933164424155065,58.92857142857143,10.842307843546399,25.49238551830925,16.124328192230635,231.165366,228.71366978995985,2.4516962100401543,Prophet_Pred_MWH,prophet_benchmark,0.05072807456317996,0.9877316812137753,1.5331053263881138,0.9462649774957823
realized_historical_weather,ScoredSeason:Spring,Season,Spring,504,129.73888901190477,126.62421380905877,3.1146752028459823,5.121277078462146,6.462734463437062,3.881937881605746,79.96031746031747,10.696513597265623,26.15945576171876,20.509754370117193,231.165366,226.9408721923828,4.224493807617193,XGB_Pred_MWH,xgb_component,0.014538196880920395,0.28307476226253603,-0.021094423425595643,0.9824548551780419
realized_historical_weather,ScoredSeason:Spring,Season,Spring,504,129.73888901190477,126.64530823248435,3.0935807794203867,5.135815275343067,6.487856851567433,3.890606803292224,79.16666666666666,10.707406382266692,26.269964870166675,21.26250725348733,231.165366,226.61184547600064,4.553520523999367,Raw_Forecast_MWH,raw_xgb_lgb_production,0.0,0.0,0.0,0.9969930520589623
realized_historical_weather,ScoredSeason:Spring,Season,Spring,504,129.73888901190477,126.68046560486039,3.0584234070443723,5.176648712114586,6.5580459043244215,3.9181334681558497,78.57142857142857,10.56326724281849,26.454146717579846,22.517095392437582,231.165366,226.0634676153637,5.101898384636314,LGB_Pred_MWH,lgb_component,-0.040833436771519516,-0.7950721469200795,0.03515737237601435,1.0378264888304818
realized_historical_weather,ScoredSeason:Spring,Season,Spring,504,129.73888901190477,127.73805415079366,2.000834861111111,9.290311535714286,13.744565666312303,6.733846165496919,58.333333333333336,22.6868307,65.811809,43.565540999999996,231.165366,204.012758,27.152608000000015,Baseline_SameHourYesterday_MWH,baseline_same_hour_yesterday,-4.15449626037122,-80.89263413185562,1.0927459183092756,5.151489312430182
realized_historical_weather,ScoredSeason:Spring,Season,Spring,504,129.73888901190477,123.52600606632653,6.212882945578231,12.333869060657596,18.036129136514734,8.71831910330998,59.32539682539682,31.05235395714285,62.50108714285713,33.53719300000003,231.165366,182.99915099999998,48.16621500000002,Baseline_Rolling7DaySameHourAvg_MWH,baseline_rolling_7day_same_hour_avg,-7.19805378531453,-140.15406317030568,-3.1193021661578446,8.195046837373493
realized_historical_weather,ScoredSeason:Spring,Season,Spring,504,129.73888901190477,118.62963687698414,11.109252134920636,18.17598698809524,24.89867604353088,12.82860193234075,74.0079365079365,41.823794599999985,86.469567,43.725167,231.165366,181.6485,49.51686599999999,Baseline_SameHour7DaysAgo_MWH,baseline_same_hour_7_days_ago,-13.040171712752173,-253.90655647911916,-8.015671355500249,14.037164764811134
realized_historical_weather,ScoredSeason:Summer,Season,Summer,504,182.08472098214284,178.31238731732856,3.77233366481429,5.175239332406726,6.702727399996451,2.84925773436648,78.37301587301587,11.365194970345755,20.747920800248096,11.51654420934517,330.534108,315.4123167344102,15.12179126558982,Peak_Risk_Adjusted_Forecast_MWH,peak_risk_adjusted,1.0121188120184552,16.357850772391053,1.2864599879049723,-0.03654553594052956
realized_historical_weather,ScoredSeason:Summer,Season,Summer,504,182.08472098214284,178.2580429584833,3.826678023659586,5.211784868347255,6.730543551713088,2.8715087226383296,78.96825396825396,11.365194970345755,20.747920800248096,11.51654420934517,330.534108,315.4123167344102,15.12179126558982,Stage_Selected_Forecast_MWH,stage_selected_production,0.9755732760779257,15.767202306802277,1.2321156290596762,0.0
realized_historical_weather,ScoredSeason:Summer,Season,Summer,504,182.08472098214284,178.2580429584833,3.826678023659586,5.211784868347255,6.730543551713088,2.8715087226383296,78.96825396825396,11.365194970345755,20.747920800248096,11.51654420934517,330.534108,315.4123167344102,15.12179126558982,Final_Backtest_Forecast_MWH,final_corrected_production,0.9755732760779257,15.767202306802277,1.2321156290596762,0.0
realized_historical_weather,ScoredSeason:Summer,Season,Summer,504,182.08472098214284,178.22082897745406,3.8638920046888052,5.2356952139329485,6.752242800763498,2.88885067200271,79.16666666666666,11.365194970345755,20.747920800248096,11.51654420934517,330.534108,315.4123167344102,15.12179126558982,Recent_Corrected_Forecast_MWH,recent_corrected_simulation,0.9516629304922324,15.380763619602044,1.194901648030457,0.02391034558569327
realized_historical_weather,ScoredSeason:Summer,Season,Summer,504,182.08472098214284,178.2003042635894,3.8844167185534535,5.280132772319537,6.8140557986998,2.8962147084168692,78.57142857142857,11.440900975972337,20.747920800248096,11.51654420934517,330.534108,315.4123167344102,15.12179126558982,Residual_Calibrated_Forecast_MWH,residual_calibrated,0.9072253721056436,14.662564392252856,1.1743769341658088,0.06834790397228208
realized_historical_weather,ScoredSeason:Summer,Season,Summer,504,182.08472098214284,178.2003042635894,3.8844167185534535,5.280132772319537,6.8140557986998,2.8962147084168692,78.57142857142857,11.440900975972337,20.747920800248096,11.51654420934517,330.534108,315.4123167344102,15.12179126558982,Warm_Ramp_Adjusted_Forecast_MWH,warm_ramp_adjusted,0.9072253721056436,14.662564392252856,1.1743769341658088,0.06834790397228208
realized_historical_weather,ScoredSeason:Summer,Season,Summer,504,182.08472098214284,178.19558570695938,3.88913527518346,5.283381564653894,6.817301551470538,2.89854633934012,78.57142857142857,11.440900975972337,20.747920800248096,11.51654420934517,330.534108,315.4123167344102,15.12179126558982,Cloud_Solar_Adjusted_Forecast_MWH,cloud_solar_adjusted,0.9039765797712871,14.610057453774052,1.1696583775358023,0.07159669630663856
realized_historical_weather,ScoredSeason:Summer,Season,Summer,504,182.08472098214284,177.41516781172444,4.669553170418403,5.854693917466193,7.446403967802479,3.2073453295793706,81.54761904761905,12.373991917379515,22.54438959774103,10.977251634357799,330.534108,315.3377104156307,15.196397584369322,Targeted_Meta_Adjusted_Forecast_MWH,targeted_residual_meta_adjusted,0.3326642269589879,5.376514809615779,0.3892404823008597,0.6429090491189378
realized_historical_weather,ScoredSeason:Summer,Season,Summer,504,182.08472098214284,177.4796180419385,4.605102940204327,5.867561918442359,7.734016914684711,3.1529975322035138,79.96031746031747,13.546447124181082,24.82951111164232,10.542981615449804,330.534108,321.6839190550165,8.850188944983529,CatBoost_Pred_MWH,catboost_benchmark,0.319796225982822,5.168542349063127,0.453690712514935,0.6557770500951037
realized_historical_weather,ScoredSeason:Summer,Season,Summer,504,182.08472098214284,177.01847262609573,5.066248356047131,6.184464346279569,7.793956547366573,3.416346753808789,81.54761904761905,13.227429239550771,22.346202816406276,9.38823640136718,330.534108,314.93536376953125,15.598744230468753,XGB_Pred_MWH,xgb_component,0.002893798145612081,0.04676952712393734,-0.007454703327868906,0.9726794779323136
realized_historical_weather,ScoredSeason:Summer,Season,Summer,504,182.08472098214284,177.02592732942358,5.058793652719262,6.187358144425181,7.7757267235117045,3.422906522327035,81.74603174603175,13.260303653668144,22.54438959774103,9.957213965939985,330.534108,315.3377104156307,15.196397584369322,Raw_Forecast_MWH,raw_xgb_lgb_production,0.0,0.0,0.0,0.9755732760779257
realized_historical_weather,ScoredSeason:Summer,Season,Summer,504,182.08472098214284,177.03835183497006,5.046369147172781,6.2253421637252275,7.820428559844282,3.4508915973621033,81.34920634920636,13.106627402198036,24.142983426007277,10.905509906894707,330.534108,316.0082881591298,14.525819840870213,LGB_Pred_MWH,lgb_component,-0.03798401930004669,-0.6138972145045515,0.012424505546481335,1.0135572953779723
realized_historical_weather,ScoredSeason:Summer,Season,Summer,504,182.08472098214284,174.32237266263044,7.762348319512429,11.429642229371956,14.005373633961879,6.216971899556587,75.79365079365078,22.038948281599122,38.134649809334576,21.86221523035701,330.534108,315.88343571766603,14.650672282333971,Prophet_Pred_MWH,prophet_benchmark,-5.242284084946775,-84.7257256260506,-2.703554666793167,6.2178573610247
realized_historical_weather,ScoredSeason:Summer,Season,Summer,480,181.40514675208337,186.21430899166668,-4.809162239583334,18.640101027083336,25.555232728733518,10.076912833689764,36.45833333333333,38.35763090000001,92.82965800000002,72.65344199999998,330.534108,300.440716,30.093391999999994,Baseline_SameHourYesterday_MWH,baseline_same_hour_yesterday,-12.452742882658155,-201.26106477088445,0.24963141313592807,13.42831615873608
realized_historical_weather,ScoredSeason:Summer,Season,Summer,456,179.16788285526317,182.5340899488095,-3.366207093546368,29.846715457894742,38.395710318659695,15.80708411043167,35.526315789473685,67.5439780952381,105.76307742857142,79.40814750000004,329.614775,252.75542357142857,76.85935142857144,Baseline_Rolling7DaySameHourAvg_MWH,baseline_rolling_7day_same_hour_avg,-23.659357313469563,-382.38221808425106,1.6925865591728941,24.634930589547487
realized_historical_weather,ScoredSeason:Summer,Season,Summer,336,178.00899077083332,163.316758375,14.692232395833335,42.243681627976194,56.65578228385978,21.745588570660914,64.28571428571429,104.66627100000001,147.082433,146.13581600000003,329.614775,192.099258,137.51551700000002,Baseline_SameHour7DaysAgo_MWH,baseline_same_hour_7_days_ago,-36.05632348355101,-582.7418203686466,-9.633438743114073,37.031896759628935
realized_historical_weather,ScoredSeason:Winter,Season,Winter,483,129.70990392546582,130.8230651629949,-1.113161237529075,4.716505059455791,6.692314250041868,3.662445322826334,47.61904761904761,11.808151252140267,22.123977831040122,26.940864920359687,173.572558,166.0238557614136,7.5487022385863725,Final_Backtest_Forecast_MWH,final_corrected_production,1.1954659841616424,20.221106892129793,2.733367672876335,0.0
realized_historical_weather,ScoredSeason:Winter,Season,Winter,483,129.70990392546582,130.8230651629949,-1.113161237529075,4.716505059455791,6.692314250041868,3.662445322826334,47.61904761904761,11.808151252140267,22.123977831040122,26.940864920359687,173.572558,166.0238557614136,7.5487022385863725,Stage_Selected_Forecast_MWH,stage_selected_production,1.1954659841616424,20.221106892129793,2.733367672876335,0.0
realized_historical_weather,ScoredSeason:Winter,Season,Winter,483,129.70990392546582,131.22357962244354,-1.5136756969777034,5.110773364988765,7.301081118854866,3.967896031974092,44.927536231884055,12.401114707077348,21.616529737328932,31.219583651757944,173.572558,166.0238557614136,7.5487022385863725,Residual_Calibrated_Forecast_MWH,residual_calibrated,0.8011976786286681,13.552124540488766,2.3328532134277067,0.3942683055329743
realized_historical_weather,ScoredSeason:Winter,Season,Winter,483,129.70990392546582,131.22357962244354,-1.5136756969777034,5.110773364988765,7.301081118854866,3.967896031974092,44.927536231884055,12.401114707077348,21.616529737328932,31.219583651757944,173.572558,166.0238557614136,7.5487022385863725,Warm_Ramp_Adjusted_Forecast_MWH,warm_ramp_adjusted,0.8011976786286681,13.552124540488766,2.3328532134277067,0.3942683055329743
realized_historical_weather,ScoredSeason:Winter,Season,Winter,483,129.70990392546582,128.90109288677064,0.8088110386952171,5.16836305466835,7.123047444372269,3.953039514628751,59.62732919254658,11.117099821156954,25.470660450408957,27.47235105330654,173.572558,162.26644350198956,11.30611449801043,Targeted_Meta_Adjusted_Forecast_MWH,targeted_residual_meta_adjusted,0.7436079889490834,12.578004585321557,3.0377178717101927,0.451857995212559
realized_historical_weather,ScoredSeason:Winter,Season,Winter,483,129.70990392546582,131.3977690539512,-1.6878651284853734,5.179189256234525,7.438398679160507,4.026479231906263,44.3064182194617,12.317075271139604,22.123977831040122,32.666873206483814,173.572558,166.0238557614136,7.5487022385863725,Peak_Risk_Adjusted_Forecast_MWH,peak_risk_adjusted,0.7327817873829083,12.394881199122581,2.1586637819200365,0.46268419677873407
realized_historical_weather,ScoredSeason:Winter,Season,Winter,483,129.70990392546582,131.3977690539512,-1.6878651284853734,5.179189256234525,7.438398679160507,4.026479231906263,44.3064182194617,12.317075271139604,22.123977831040122,32.666873206483814,173.572558,166.0238557614136,7.5487022385863725,Cloud_Solar_Adjusted_Forecast_MWH,cloud_solar_adjusted,0.7327817873829083,12.394881199122581,2.1586637819200365,0.46268419677873407
realized_historical_weather,ScoredSeason:Winter,Season,Winter,483,129.70990392546582,132.08271484285473,-2.3728109173888923,5.349858144918819,7.646890930398655,4.169169094272992,38.302277432712216,12.932351448060626,22.030912476584092,32.73886304367335,173.572558,166.3565539741277,7.21600402587228,Recent_Corrected_Forecast_MWH,recent_corrected_simulation,0.5621128986986141,9.508045532555027,1.4737179930165176,0.6333530854630283
realized_historical_weather,ScoredSeason:Winter,Season,Winter,483,129.70990392546582,126.40023433746052,3.309669588005331,5.552162189357271,7.61670900031472,4.165218050811636,72.87784679089026,10.994226771154274,33.90875498420485,21.725219416065556,173.572558,155.31281531263934,18.259742687360642,CatBoost_Pred_MWH,catboost_benchmark,0.3598088542601623,6.086106505014298,0.5368593224000788,0.8356571299014801
realized_historical_weather,ScoredSeason:Winter,Season,Winter,483,129.70990392546582,125.92819212003036,3.7817118054354726,5.905560243864779,7.980169817323456,4.436655272564788,74.74120082815735,12.04878432265711,34.49090436189783,20.039027853015966,173.572558,157.29859950058776,16.27395849941223,LGB_Pred_MWH,lgb_component,0.006410799752654128,0.10843760406396494,0.06481710496993731,1.1890551844089883
realized_historical_weather,ScoredSeason:Winter,Season,Winter,483,129.70990392546582,125.86337501506043,3.84652891040541,5.9119710436174335,7.981254215505031,4.436164801984202,76.19047619047619,12.018788906070402,33.47066045040897,20.490053159114353,173.572558,157.28646860239326,16.28608939760673,Raw_Forecast_MWH,raw_xgb_lgb_production,0.0,0.0,0.0,1.1954659841616424
realized_historical_weather,ScoredSeason:Winter,Season,Winter,483,129.70990392546582,125.82448475207848,3.8854191733873584,5.928652496667961,7.994704388961867,4.445591640040743,76.19047619047619,11.930260982031246,32.85851410351563,20.760668342773442,173.572558,157.27919006347656,16.293367936523424,XGB_Pred_MWH,xgb_component,-0.01668145305052704,-0.28216398435402257,-0.03889026298194853,1.2121474372121694
realized_historical_weather,ScoredSeason:Winter,Season,Winter,483,129.70990392546582,129.35684649305676,0.3530574324090798,6.449004495526075,8.346355225496286,4.91684603930443,49.4824016563147,13.856050720981022,31.69579355089948,21.353227064932113,173.572558,160.28419986419033,13.28835813580966,Prophet_Pred_MWH,prophet_benchmark,-0.5370334519086413,-9.08383089068785,3.49347147799633,1.7324994360702837
realized_historical_weather,ScoredSeason:Winter,Season,Winter,483,129.70990392546582,129.65638747826088,0.053516447204969064,9.786569275362318,13.622487252972542,7.578553677751164,51.75983436853002,23.3648086,41.701983999999996,45.90251700000002,173.572558,170.752291,2.8202669999999728,Baseline_SameHourYesterday_MWH,baseline_same_hour_yesterday,-3.8745982317448844,-65.53818012907729,3.7930124632004407,5.070064215906527
realized_historical_weather,ScoredSeason:Winter,Season,Winter,483,129.70990392546582,129.87740669151137,-0.16750276604554873,9.932632573203195,12.568751461926274,7.701628634543408,54.24430641821946,20.652300142857147,35.590818999999996,41.886426,173.572558,161.20754614285715,12.365011857142832,Baseline_Rolling7DaySameHourAvg_MWH,baseline_rolling_7day_same_hour_avg,-4.0206615295857615,-68.00881634774699,3.6790261443598613,5.216127513747404
realized_historical_weather,ScoredSeason:Winter,Season,Winter,483,129.70990392546582,129.35729171635612,0.3526122091097315,10.437369819875776,13.78091569364222,8.140755432516858,55.6935817805383,24.4301766,35.90294999999999,42.444434000000015,173.572558,173.342825,0.22973299999998176,Baseline_SameHour7DaysAgo_MWH,baseline_same_hour_7_days_ago,-4.525398776258343,-76.54636233619523,3.4939167012956784,5.720864760419985
realized_historical_weather,OriginSeason:Fall,Replay_Origin_Season,Fall,480,126.50498252083335,126.64854270447327,-0.1435601836399266,3.419415433107299,5.214161600728248,2.6631423084205306,51.24999999999999,7.5733662368616415,16.501802115015323,29.12939261698463,197.495883,194.68352396099195,2.8123590390080437,Peak_Risk_Adjusted_Forecast_MWH,peak_risk_adjusted,1.144365723599853,25.07494738037643,2.7973717538639846,-0.024225673371680134
realized_historical_weather,OriginSeason:Fall,Replay_Origin_Season,Fall,480,126.50498252083335,126.63913573331561,-0.13415321248227777,3.4230912015995028,5.216762290487269,2.665007725964932,51.45833333333333,7.5733662368616415,16.501802115015323,29.12939261698463,197.495883,192.97233098049173,4.523552019508259,Cloud_Solar_Adjusted_Forecast_MWH,cloud_solar_adjusted,1.140689955107649,24.994405207866645,2.8067787250216334,-0.020549904879476166
realized_historical_weather,OriginSeason:Fall,Replay_Origin_Season,Fall,480,126.50498252083335,126.58988813679865,-0.08490561596531129,3.439719894964356,5.228353233992106,2.6760660673274517,50.83333333333333,7.805780774748266,16.54324910797439,29.12939261698463,197.495883,192.97233098049173,4.523552019508259,Warm_Ramp_Adjusted_Forecast_MWH,warm_ramp_adjusted,1.1240612617427956,24.63004300920129,2.8560263215386,-0.003921211514622769
realized_historical_weather,OriginSeason:Fall,Replay_Origin_Season,Fall,480,126.50498252083335,126.3106493704329,0.1943331504004222,3.443641106478979,5.145137291727293,2.6647507909279904,56.666666666666664,7.899236016339324,16.501802115015323,26.83868756283684,197.495883,194.68352396099195,2.8123590390080437,Stage_Selected_Forecast_MWH,stage_selected_production,1.1201400502281729,24.544122773765377,2.746598787103489,0.0
realized_historical_weather,OriginSeason:Fall,Replay_Origin_Season,Fall,480,126.50498252083335,126.3106493704329,0.1943331504004222,3.443641106478979,5.145137291727293,2.6647507909279904,56.666666666666664,7.899236016339324,16.501802115015323,26.83868756283684,197.495883,194.68352396099195,2.8123590390080437,Final_Backtest_Forecast_MWH,final_corrected_production,1.1201400502281729,24.544122773765377,2.746598787103489,0.0
realized_historical_weather,OriginSeason:Fall,Replay_Origin_Season,Fall,480,126.50498252083335,127.2395760749994,-0.734593554166077,3.4770870827232137,5.276411757658764,2.7357466326797257,43.125,7.299164488188455,15.405252519830043,29.835385597615016,197.495883,194.78981351929068,2.706069480709317,Recent_Corrected_Forecast_MWH,recent_corrected_simulation,1.0866940739839381,23.81126606798138,2.2063383833378345,0.03344597624423473
realized_historical_weather,OriginSeason:Fall,Replay_Origin_Season,Fall,480,126.50498252083335,126.37140993154942,0.13357258928389937,3.5073739159370367,5.280002625495639,2.7180622917100155,53.333333333333336,7.98369665218014,16.54324910797439,29.12939261698463,197.495883,192.97233098049173,4.523552019508259,Residual_Calibrated_Forecast_MWH,residual_calibrated,1.056407240770115,23.147631415620538,2.807359348220012,0.06373280945805782
realized_historical_weather,OriginSeason:Fall,Replay_Origin_Season,Fall,480,126.50498252083335,125.36246578357508,1.142516737258267,3.6638806564691473,5.3627327626316985,2.7962227603485506,65.0,8.44953839886191,18.093333129646282,27.544187236499454,197.495883,192.04645752687392,5.44942547312607,Targeted_Meta_Adjusted_Forecast_MWH,targeted_residual_meta_adjusted,0.8999005002380045,19.71830965022211,1.7984152002456444,0.22023954999016837
realized_historical_weather,OriginSeason:Fall,Replay_Origin_Season,Fall,480,126.50498252083335,123.81588233869697,2.6891001821363574,4.41803287470755,6.024724909676927,3.329294584221823,77.08333333333334,9.667732485120803,20.98296976322723,25.142912808857318,197.495883,191.13019975011434,6.365683249885649,CatBoost_Pred_MWH,catboost_benchmark,0.14574828199960166,3.193586129462036,0.251831755367554,0.9743917682285712
realized_historical_weather,OriginSeason:Fall,Replay_Origin_Season,Fall,480,126.50498252083335,123.63931311047509,2.865669410358241,4.492167820938565,6.156353787089596,3.3925745287319593,77.70833333333333,10.1586166130779,21.704431496390725,25.48483815615461,197.495883,190.92508298211447,6.570800017885517,LGB_Pred_MWH,lgb_component,0.07161333576858642,1.569166734985529,0.07526252714567017,1.0485267144595865
realized_historical_weather,OriginSeason:Fall,Replay_Origin_Season,Fall,480,126.50498252083335,123.56405058332942,2.9409319375039114,4.563781156707152,6.2129369377186405,3.4440546215470142,78.33333333333333,10.129320395541933,21.772649429312878,25.311550860071634,197.495883,190.36115401258002,7.134728987419976,Raw_Forecast_MWH,raw_xgb_lgb_production,0.0,0.0,0.0,1.1201400502281729
realized_historical_weather,OriginSeason:Fall,Replay_Origin_Season,Fall,480,126.50498252083335,123.51889306704203,2.9860894537913008,4.612293443978881,6.259175792606984,3.4795529739439,78.75,10.07044879296876,21.94606739160156,25.207578482421866,197.495883,190.02279663085938,7.473086369140617,XGB_Pred_MWH,xgb_component,-0.048512287271729626,-1.0629845210792732,-0.0451575162873894,1.1686523374999025
realized_historical_weather,OriginSeason:Fall,Replay_Origin_Season,Fall,480,126.50498252083335,127.06884594374999,-0.5638634229166666,7.598966247916667,10.961191287723489,5.817578372728242,54.58333333333333,18.361822199999995,23.56616600000001,43.93972500000001,197.495883,183.357908,14.137974999999983,Baseline_SameHourYesterday_MWH,baseline_same_hour_yesterday,-3.035185091209515,-66.50592977598984,2.3770685145872448,4.155325141437688
realized_historical_weather,OriginSeason:Fall,Replay_Origin_Season,Fall,480,126.50498252083335,119.72125877074942,6.783723750083908,7.932842183238129,9.662443289537231,6.48144680667729,84.16666666666667,15.075682847709757,29.81260423801507,20.594859688664656,197.495883,202.77498204827,-5.279099048270012,Prophet_Pred_MWH,prophet_benchmark,-3.369061026530977,-73.8217042151472,-3.8427918125799967,4.48920107675915
realized_historical_weather,OriginSeason:Fall,Replay_Origin_Season,Fall,480,126.50498252083335,131.53750449910711,-5.03252197827381,13.11640528482143,20.97937465245084,10.24519993562162,52.708333333333336,30.29562961428574,26.773653571428582,89.92982057142859,197.495883,170.7222294285714,26.773653571428582,Baseline_Rolling7DaySameHourAvg_MWH,baseline_rolling_7day_same_hour_avg,-8.552624128114278,-187.40215261077827,-2.091590040769899,9.672764178342451
realized_historical_weather,OriginSeason:Fall,Replay_Origin_Season,Fall,480,126.50498252083335,134.51992434375,-8.014941822916665,21.297304664583333,30.208883710231007,16.255069249744565,51.45833333333333,48.72857410000004,40.776191999999995,115.92612500000001,197.495883,223.674391,-26.178508000000022,Baseline_SameHour7DaysAgo_MWH,baseline_same_hour_7_days_ago,-16.733523507876182,-366.6592006341889,-5.074009885412753,17.853663558104355
realized_historical_weather,OriginSeason:Spring,Replay_Origin_Season,Spring,504,129.73888901190477,130.49278695826624,-0.7538979463614822,4.092613930861134,5.77350418657182,3.0801408408392166,47.817460317460316,8.951906914502842,21.136185718184564,24.504803251842347,231.165366,230.2216660504375,0.9436999495625003,Residual_Calibrated_Forecast_MWH,residual_calibrated,1.0432013444819326,20.31228322191257,2.3396828330589043,-0.04620829242297031
realized_historical_weather,OriginSeason:Spring,Replay_Origin_Season,Spring,504,129.73888901190477,130.81005996387432,-1.071170951969549,4.138822223284104,5.958310870559479,3.101497047952614,48.80952380952381,10.025222403648069,16.658552597776676,26.39220801726016,231.165366,233.3770695507919,-2.2117035507918956,Stage_Selected_Forecast_MWH,stage_selected_production,0.9969930520589623,19.412556694659628,2.0224098274508377,0.0
realized_historical_weather,OriginSeason:Spring,Replay_Origin_Season,Spring,504,129.73888901190477,130.81005996387432,-1.071170951969549,4.138822223284104,5.958310870559479,3.101497047952614,48.80952380952381,10.025222403648069,16.658552597776676,26.39220801726016,231.165366,233.3770695507919,-2.2117035507918956,Final_Backtest_Forecast_MWH,final_corrected_production,0.9969930520589623,19.412556694659628,2.0224098274508377,0.0
realized_historical_weather,OriginSeason:Spring,Replay_Origin_Season,Spring,504,129.73888901190477,129.20236375094606,0.5365252609587,4.191648249824278,5.749820048742194,3.1463783128368026,60.51587301587301,8.927165662730845,22.3518844287061,23.40977713937359,231.165366,226.61184547600064,4.553520523999367,Targeted_Meta_Adjusted_Forecast_MWH,targeted_residual_meta_adjusted,0.9441670255187882,18.38397556959871,2.5570555184616865,0.0528260265401741
realized_historical_weather,OriginSeason:Spring,Replay_Origin_Season,Spring,504,129.73888901190477,131.19711361282305,-1.4582246009182942,4.22517930083044,6.078090055864249,3.179219650465835,44.44444444444444,10.068371845428796,16.658552597776676,26.39220801726016,231.165366,232.90660949381294,-1.7412434938129309,Peak_Risk_Adjusted_Forecast_MWH,peak_risk_adjusted,0.9106359745126262,17.731088944817955,1.6353561785020925,0.08635707754633604
realized_historical_weather,OriginSeason:Spring,Replay_Origin_Season,Spring,504,129.73888901190477,131.17955322559246,-1.4406642136876922,4.242739688061042,6.08464378023562,3.1889735180882153,44.44444444444444,10.068371845428796,16.658552597776676,26.39220801726016,231.165366,232.90660949381294,-1.7412434938129309,Cloud_Solar_Adjusted_Forecast_MWH,cloud_solar_adjusted,0.8930755872820244,17.38916879603634,1.6529165657326945,0.10391746477693786
realized_historical_weather,OriginSeason:Spring,Replay_Origin_Season,Spring,504,129.73888901190477,131.14626240141035,-1.4073733895055902,4.26474373542263,6.1456253475709515,3.2042443227267188,44.44444444444444,10.05635800242682,21.136185718184564,26.39220801726016,231.165366,232.90660949381294,-1.7412434938129309,Warm_Ramp_Adjusted_Forecast_MWH,warm_ramp_adjusted,0.871071539920437,16.960725672950737,1.6862073899147965,0.12592151213852532
realized_historical_weather,OriginSeason:Spring,Replay_Origin_Season,Spring,504,129.73888901190477,131.77518442515205,-2.036295413247289,4.320143966395723,6.203138648116201,3.254769849058247,36.507936507936506,10.326913497774004,16.440279246568295,26.522275759492132,231.165366,233.3770695507919,-2.2117035507918956,Recent_Corrected_Forecast_MWH,recent_corrected_simulation,0.8156713089473433,15.882021942326526,1.0572853661730979,0.18132174311161897
realized_historical_weather,OriginSeason:Spring,Replay_Origin_Season,Spring,504,129.73888901190477,127.07423819687168,2.664650815033097,4.653745394471555,6.040997219976787,3.5217409617108113,76.5873015873016,9.63142920196951,23.452583618696423,18.034712914389075,231.165366,233.7770010811302,-2.6116350811302027,CatBoost_Pred_MWH,catboost_benchmark,0.4820698808715118,9.386433409821386,0.4289299643872897,0.5149231711874505
realized_historical_weather,OriginSeason:Spring,Replay_Origin_Season,Spring,504,129.73888901190477,128.1784135588725,1.5604754530322729,5.085087200779887,6.7094756861813165,3.9933164424155065,58.92857142857143,10.842307843546399,25.49238551830925,16.124328192230635,231.165366,228.71366978995985,2.4516962100401543,Prophet_Pred_MWH,prophet_benchmark,0.05072807456317996,0.9877316812137753,1.5331053263881138,0.9462649774957823
realized_historical_weather,OriginSeason:Spring,Replay_Origin_Season,Spring,504,129.73888901190477,126.62421380905877,3.1146752028459823,5.121277078462146,6.462734463437062,3.881937881605746,79.96031746031747,10.696513597265623,26.15945576171876,20.509754370117193,231.165366,226.9408721923828,4.224493807617193,XGB_Pred_MWH,xgb_component,0.014538196880920395,0.28307476226253603,-0.021094423425595643,0.9824548551780419
realized_historical_weather,OriginSeason:Spring,Replay_Origin_Season,Spring,504,129.73888901190477,126.64530823248435,3.0935807794203867,5.135815275343067,6.487856851567433,3.890606803292224,79.16666666666666,10.707406382266692,26.269964870166675,21.26250725348733,231.165366,226.61184547600064,4.553520523999367,Raw_Forecast_MWH,raw_xgb_lgb_production,0.0,0.0,0.0,0.9969930520589623
realized_historical_weather,OriginSeason:Spring,Replay_Origin_Season,Spring,504,129.73888901190477,126.68046560486039,3.0584234070443723,5.176648712114586,6.5580459043244215,3.9181334681558497,78.57142857142857,10.56326724281849,26.454146717579846,22.517095392437582,231.165366,226.0634676153637,5.101898384636314,LGB_Pred_MWH,lgb_component,-0.040833436771519516,-0.7950721469200795,0.03515737237601435,1.0378264888304818
realized_historical_weather,OriginSeason:Spring,Replay_Origin_Season,Spring,504,129.73888901190477,127.73805415079366,2.000834861111111,9.290311535714286,13.744565666312303,6.733846165496919,58.333333333333336,22.6868307,65.811809,43.565540999999996,231.165366,204.012758,27.152608000000015,Baseline_SameHourYesterday_MWH,baseline_same_hour_yesterday,-4.15449626037122,-80.89263413185562,1.0927459183092756,5.151489312430182
realized_historical_weather,OriginSeason:Spring,Replay_Origin_Season,Spring,504,129.73888901190477,123.52600606632653,6.212882945578231,12.333869060657596,18.036129136514734,8.71831910330998,59.32539682539682,31.05235395714285,62.50108714285713,33.53719300000003,231.165366,182.99915099999998,48.16621500000002,Baseline_Rolling7DaySameHourAvg_MWH,baseline_rolling_7day_same_hour_avg,-7.19805378531453,-140.15406317030568,-3.1193021661578446,8.195046837373493
realized_historical_weather,OriginSeason:Spring,Replay_Origin_Season,Spring,504,129.73888901190477,118.62963687698414,11.109252134920636,18.17598698809524,24.89867604353088,12.82860193234075,74.0079365079365,41.823794599999985,86.469567,43.725167,231.165366,181.6485,49.51686599999999,Baseline_SameHour7DaysAgo_MWH,baseline_same_hour_7_days_ago,-13.040171712752173,-253.90655647911916,-8.015671355500249,14.037164764811134
realized_historical_weather,OriginSeason:Summer,Replay_Origin_Season,Summer,504,182.08472098214284,178.31238731732856,3.77233366481429,5.175239332406726,6.702727399996451,2.84925773436648,78.37301587301587,11.365194970345755,20.747920800248096,11.51654420934517,330.534108,315.4123167344102,15.12179126558982,Peak_Risk_Adjusted_Forecast_MWH,peak_risk_adjusted,1.0121188120184552,16.357850772391053,1.2864599879049723,-0.03654553594052956
realized_historical_weather,OriginSeason:Summer,Replay_Origin_Season,Summer,504,182.08472098214284,178.2580429584833,3.826678023659586,5.211784868347255,6.730543551713088,2.8715087226383296,78.96825396825396,11.365194970345755,20.747920800248096,11.51654420934517,330.534108,315.4123167344102,15.12179126558982,Stage_Selected_Forecast_MWH,stage_selected_production,0.9755732760779257,15.767202306802277,1.2321156290596762,0.0
realized_historical_weather,OriginSeason:Summer,Replay_Origin_Season,Summer,504,182.08472098214284,178.2580429584833,3.826678023659586,5.211784868347255,6.730543551713088,2.8715087226383296,78.96825396825396,11.365194970345755,20.747920800248096,11.51654420934517,330.534108,315.4123167344102,15.12179126558982,Final_Backtest_Forecast_MWH,final_corrected_production,0.9755732760779257,15.767202306802277,1.2321156290596762,0.0
realized_historical_weather,OriginSeason:Summer,Replay_Origin_Season,Summer,504,182.08472098214284,178.22082897745406,3.8638920046888052,5.2356952139329485,6.752242800763498,2.88885067200271,79.16666666666666,11.365194970345755,20.747920800248096,11.51654420934517,330.534108,315.4123167344102,15.12179126558982,Recent_Corrected_Forecast_MWH,recent_corrected_simulation,0.9516629304922324,15.380763619602044,1.194901648030457,0.02391034558569327
realized_historical_weather,OriginSeason:Summer,Replay_Origin_Season,Summer,504,182.08472098214284,178.2003042635894,3.8844167185534535,5.280132772319537,6.8140557986998,2.8962147084168692,78.57142857142857,11.440900975972337,20.747920800248096,11.51654420934517,330.534108,315.4123167344102,15.12179126558982,Residual_Calibrated_Forecast_MWH,residual_calibrated,0.9072253721056436,14.662564392252856,1.1743769341658088,0.06834790397228208
realized_historical_weather,OriginSeason:Summer,Replay_Origin_Season,Summer,504,182.08472098214284,178.2003042635894,3.8844167185534535,5.280132772319537,6.8140557986998,2.8962147084168692,78.57142857142857,11.440900975972337,20.747920800248096,11.51654420934517,330.534108,315.4123167344102,15.12179126558982,Warm_Ramp_Adjusted_Forecast_MWH,warm_ramp_adjusted,0.9072253721056436,14.662564392252856,1.1743769341658088,0.06834790397228208
realized_historical_weather,OriginSeason:Summer,Replay_Origin_Season,Summer,504,182.08472098214284,178.19558570695938,3.88913527518346,5.283381564653894,6.817301551470538,2.89854633934012,78.57142857142857,11.440900975972337,20.747920800248096,11.51654420934517,330.534108,315.4123167344102,15.12179126558982,Cloud_Solar_Adjusted_Forecast_MWH,cloud_solar_adjusted,0.9039765797712871,14.610057453774052,1.1696583775358023,0.07159669630663856
realized_historical_weather,OriginSeason:Summer,Replay_Origin_Season,Summer,504,182.08472098214284,177.41516781172444,4.669553170418403,5.854693917466193,7.446403967802479,3.2073453295793706,81.54761904761905,12.373991917379515,22.54438959774103,10.977251634357799,330.534108,315.3377104156307,15.196397584369322,Targeted_Meta_Adjusted_Forecast_MWH,targeted_residual_meta_adjusted,0.3326642269589879,5.376514809615779,0.3892404823008597,0.6429090491189378
realized_historical_weather,OriginSeason:Summer,Replay_Origin_Season,Summer,504,182.08472098214284,177.4796180419385,4.605102940204327,5.867561918442359,7.734016914684711,3.1529975322035138,79.96031746031747,13.546447124181082,24.82951111164232,10.542981615449804,330.534108,321.6839190550165,8.850188944983529,CatBoost_Pred_MWH,catboost_benchmark,0.319796225982822,5.168542349063127,0.453690712514935,0.6557770500951037
realized_historical_weather,OriginSeason:Summer,Replay_Origin_Season,Summer,504,182.08472098214284,177.01847262609573,5.066248356047131,6.184464346279569,7.793956547366573,3.416346753808789,81.54761904761905,13.227429239550771,22.346202816406276,9.38823640136718,330.534108,314.93536376953125,15.598744230468753,XGB_Pred_MWH,xgb_component,0.002893798145612081,0.04676952712393734,-0.007454703327868906,0.9726794779323136
realized_historical_weather,OriginSeason:Summer,Replay_Origin_Season,Summer,504,182.08472098214284,177.02592732942358,5.058793652719262,6.187358144425181,7.7757267235117045,3.422906522327035,81.74603174603175,13.260303653668144,22.54438959774103,9.957213965939985,330.534108,315.3377104156307,15.196397584369322,Raw_Forecast_MWH,raw_xgb_lgb_production,0.0,0.0,0.0,0.9755732760779257
realized_historical_weather,OriginSeason:Summer,Replay_Origin_Season,Summer,504,182.08472098214284,177.03835183497006,5.046369147172781,6.2253421637252275,7.820428559844282,3.4508915973621033,81.34920634920636,13.106627402198036,24.142983426007277,10.905509906894707,330.534108,316.0082881591298,14.525819840870213,LGB_Pred_MWH,lgb_component,-0.03798401930004669,-0.6138972145045515,0.012424505546481335,1.0135572953779723
realized_historical_weather,OriginSeason:Summer,Replay_Origin_Season,Summer,504,182.08472098214284,174.32237266263044,7.762348319512429,11.429642229371956,14.005373633961879,6.216971899556587,75.79365079365078,22.038948281599122,38.134649809334576,21.86221523035701,330.534108,315.88343571766603,14.650672282333971,Prophet_Pred_MWH,prophet_benchmark,-5.242284084946775,-84.7257256260506,-2.703554666793167,6.2178573610247
realized_historical_weather,OriginSeason:Summer,Replay_Origin_Season,Summer,480,181.40514675208337,186.21430899166668,-4.809162239583334,18.640101027083336,25.555232728733518,10.076912833689764,36.45833333333333,38.35763090000001,92.82965800000002,72.65344199999998,330.534108,300.440716,30.093391999999994,Baseline_SameHourYesterday_MWH,baseline_same_hour_yesterday,-12.452742882658155,-201.26106477088445,0.24963141313592807,13.42831615873608
realized_historical_weather,OriginSeason:Summer,Replay_Origin_Season,Summer,456,179.16788285526317,182.5340899488095,-3.366207093546368,29.846715457894742,38.395710318659695,15.80708411043167,35.526315789473685,67.5439780952381,105.76307742857142,79.40814750000004,329.614775,252.75542357142857,76.85935142857144,Baseline_Rolling7DaySameHourAvg_MWH,baseline_rolling_7day_same_hour_avg,-23.659357313469563,-382.38221808425106,1.6925865591728941,24.634930589547487
realized_historical_weather,OriginSeason:Summer,Replay_Origin_Season,Summer,336,178.00899077083332,163.316758375,14.692232395833335,42.243681627976194,56.65578228385978,21.745588570660914,64.28571428571429,104.66627100000001,147.082433,146.13581600000003,329.614775,192.099258,137.51551700000002,Baseline_SameHour7DaysAgo_MWH,baseline_same_hour_7_days_ago,-36.05632348355101,-582.7418203686466,-9.633438743114073,37.031896759628935
realized_historical_weather,OriginSeason:Winter,Replay_Origin_Season,Winter,435,129.2431364091954,130.45860544921615,-1.2154690400207382,4.828070058589803,6.8285069154677736,3.757769718531237,45.97701149425287,11.940288596175485,22.123977831040122,26.940864920359687,173.572558,166.0238557614136,7.5487022385863725,Final_Backtest_Forecast_MWH,final_corrected_production,1.115045848654277,18.7619737871029,2.6011665111874667,0.0
realized_historical_weather,OriginSeason:Winter,Replay_Origin_Season,Winter,435,129.2431364091954,130.45860544921615,-1.2154690400207382,4.828070058589803,6.8285069154677736,3.757769718531237,45.97701149425287,11.940288596175485,22.123977831040122,26.940864920359687,173.572558,166.0238557614136,7.5487022385863725,Stage_Selected_Forecast_MWH,stage_selected_production,1.115045848654277,18.7619737871029,2.6011665111874667,0.0
realized_historical_weather,OriginSeason:Winter,Replay_Origin_Season,Winter,435,129.2431364091954,128.522008719077,0.7211276901183843,5.248014858175409,7.268686982071554,4.028848215891321,58.160919540229884,11.261677586571633,25.470660450408957,27.47235105330654,173.572558,162.26644350198956,11.30611449801043,Targeted_Meta_Adjusted_Forecast_MWH,targeted_residual_meta_adjusted,0.6951010490686702,11.695902619388757,3.0955078610898203,0.4199447995856067
realized_historical_weather,OriginSeason:Winter,Replay_Origin_Season,Winter,435,129.2431364091954,130.91338653487512,-1.670250125679708,5.2587702911351935,7.485236617892914,4.092063870495124,43.2183908045977,12.957658740728146,21.616529737328932,31.219583651757944,173.572558,166.0238557614136,7.5487022385863725,Residual_Calibrated_Forecast_MWH,residual_calibrated,0.6843456161088861,11.514929656255491,2.1463854255284964,0.4307002325453908
realized_historical_weather,OriginSeason:Winter,Replay_Origin_Season,Winter,435,129.2431364091954,130.91338653487512,-1.670250125679708,5.2587702911351935,7.485236617892914,4.092063870495124,43.2183908045977,12.957658740728146,21.616529737328932,31.219583651757944,173.572558,166.0238557614136,7.5487022385863725,Warm_Ramp_Adjusted_Forecast_MWH,warm_ramp_adjusted,0.6843456161088861,11.514929656255491,2.1463854255284964,0.4307002325453908
realized_historical_weather,OriginSeason:Winter,Replay_Origin_Season,Winter,435,129.2431364091954,131.09672494193313,-1.8535885327377317,5.341809063288949,7.637705449718784,4.161972886544125,42.298850574712645,12.793023504916187,22.123977831040122,32.666873206483814,173.572558,166.0238557614136,7.5487022385863725,Peak_Risk_Adjusted_Forecast_MWH,peak_risk_adjusted,0.6013068439551308,10.11770346296286,1.963047018470473,0.5137390046991461
realized_historical_weather,OriginSeason:Winter,Replay_Origin_Season,Winter,435,129.2431364091954,131.09672494193313,-1.8535885327377317,5.341809063288949,7.637705449718784,4.161972886544125,42.298850574712645,12.793023504916187,22.123977831040122,32.666873206483814,173.572558,166.0238557614136,7.5487022385863725,Cloud_Solar_Adjusted_Forecast_MWH,cloud_solar_adjusted,0.6013068439551308,10.11770346296286,1.963047018470473,0.5137390046991461
realized_historical_weather,OriginSeason:Winter,Replay_Origin_Season,Winter,435,129.2431364091954,131.7804070258193,-2.5372706166238896,5.540954150337361,7.859295812747372,4.322939302729474,36.7816091954023,13.141453183604616,22.030912476584092,32.73886304367335,173.572558,166.3565539741277,7.21600402587228,Recent_Corrected_Forecast_MWH,recent_corrected_simulation,0.4021617569067182,6.766850305182878,1.279364934584315,0.7128840917475587
realized_historical_weather,OriginSeason:Winter,Replay_Origin_Season,Winter,435,129.2431364091954,125.97717670083688,3.265959708358539,5.553172470372764,7.722035927922549,4.184380117898668,71.95402298850576,11.07596629046121,33.90875498420485,21.725219416065556,173.572558,155.31281531263934,18.259742687360642,CatBoost_Pred_MWH,catboost_benchmark,0.3899434368713157,6.561262525538374,0.5506758428496656,0.7251024117829612
realized_historical_weather,OriginSeason:Winter,Replay_Origin_Season,Winter,435,129.2431364091954,125.49657478299889,3.746561626196515,5.935394512101862,8.110245409770911,4.477096336382611,73.5632183908046,12.160192165323481,34.49090436189783,20.039027853015966,173.572558,157.29859950058776,16.27395849941223,LGB_Pred_MWH,lgb_component,0.007721395142217702,0.1299216650445278,0.07007392501168974,1.1073244535120592
realized_historical_weather,OriginSeason:Winter,Replay_Origin_Season,Winter,435,129.2431364091954,125.42650085798721,3.8166355512082046,5.94311590724408,8.11506187162283,4.476408583732871,75.17241379310344,12.025284241361778,33.47066045040897,20.490053159114353,173.572558,157.28646860239326,16.28608939760673,Raw_Forecast_MWH,raw_xgb_lgb_production,0.0,0.0,0.0,1.115045848654277
realized_historical_weather,OriginSeason:Winter,Replay_Origin_Season,Winter,435,129.2431364091954,125.3844565029802,3.8586799062152033,5.961999990433055,8.131080358793614,4.486789727902941,75.17241379310344,11.980640745703125,32.85851410351563,20.760668342773442,173.572558,157.27919006347656,16.293367936523424,XGB_Pred_MWH,xgb_component,-0.01888408318897561,-0.317747179824606,-0.04204435500699866,1.1339299318432525
realized_historical_weather,OriginSeason:Winter,Replay_Origin_Season,Winter,435,129.2431364091954,129.4621073382244,-0.21897092902898205,6.308150190687036,8.247974511705445,4.842909927346178,45.97701149425287,13.746873362159862,31.69579355089948,21.353227064932113,173.572558,160.28419986419033,13.28835813580966,Prophet_Pred_MWH,prophet_benchmark,-0.36503428344295674,-6.142136366514668,3.597664622179223,1.4800801320972337
realized_historical_weather,OriginSeason:Winter,Replay_Origin_Season,Winter,435,129.2431364091954,130.04804920689654,-0.8049127977011497,9.83659344860427,12.59964246278688,7.659339381220938,51.49425287356322,20.85958071428572,35.590818999999996,41.886426,173.572558,161.20754614285715,12.365011857142832,Baseline_Rolling7DaySameHourAvg_MWH,baseline_rolling_7day_same_hour_avg,-3.893477541360191,-65.51239454398696,3.0117227535070548,5.008523390014468
realized_historical_weather,OriginSeason:Winter,Replay_Origin_Season,Winter,435,129.2431364091954,129.08472247586207,0.15841393333333317,9.989259910344828,13.854480335520199,7.743849131765397,51.724137931034484,23.395126600000005,41.701983999999996,45.90251700000002,173.572558,170.752291,2.8202669999999728,Baseline_SameHourYesterday_MWH,baseline_same_hour_yesterday,-4.046144003100748,-68.08118950143464,3.6582216178748714,5.161189851755025
realized_historical_weather,OriginSeason:Winter,Replay_Origin_Season,Winter,435,129.2431364091954,129.85996461379312,-0.6168282045977007,10.00923775862069,13.56131759257015,7.841697300467089,52.87356321839081,24.5786854,35.90294999999999,42.444434000000015,173.572558,173.342825,0.22973299999998176,Baseline_SameHour7DaysAgo_MWH,baseline_same_hour_7_days_ago,-4.066121851376611,-68.41734058089637,3.1998073466105037,5.181167700030888
realized_historical_weather,Horizon:Day1,Replay_Horizon_Bucket,Day1,288,145.21414114583334,146.10139166291506,-0.8872505170817365,4.314590500939268,6.6194526430739264,3.053225833356106,52.77777777777778,11.795668024273443,14.096529559828355,26.83868756283684,300.440716,297.98941812674695,2.451297873253054,Final_Backtest_Forecast_MWH,final_corrected_production,0.23844627549275543,5.2370821322381955,-0.141975331778317,0.0
realized_historical_weather,Horizon:Day1,Replay_Horizon_Bucket,Day1,288,145.21414114583334,146.10139166291506,-0.8872505170817365,4.314590500939268,6.6194526430739264,3.053225833356106,52.77777777777778,11.795668024273443,14.096529559828355,26.83868756283684,300.440716,297.98941812674695,2.451297873253054,Stage_Selected_Forecast_MWH,stage_selected_production,0.23844627549275543,5.2370821322381955,-0.141975331778317,0.0
realized_historical_weather,Horizon:Day1,Replay_Horizon_Bucket,Day1,288,145.21414114583334,144.74519570204797,0.4689454437853524,4.403465568699126,6.216788913216007,3.0865627136758356,65.625,10.591401585158387,14.91951210700168,25.142912808857318,300.440716,302.66270866079884,-2.2219926607988327,CatBoost_Pred_MWH,catboost_benchmark,0.14957120773289745,3.2850867470942893,0.2763297415180671,0.08887506775985798
realized_historical_weather,Horizon:Day1,Replay_Horizon_Bucket,Day1,288,145.21414114583334,146.66453789968617,-1.4503967538528428,4.528856457147352,7.066950720880997,3.204154554707492,43.40277777777778,12.44654300225932,16.266925349945552,27.544187236499454,300.440716,297.9706506227613,2.4700653772387113,Targeted_Meta_Adjusted_Forecast_MWH,targeted_residual_meta_adjusted,0.024180319284671015,0.5310811327032563,-0.7051215685494233,0.21426595620808442
realized_historical_weather,Horizon:Day1,Replay_Horizon_Bucket,Day1,288,145.21414114583334,144.56609625204794,0.6480448937853689,4.543098337874613,6.413767587194966,3.1903046531973684,66.66666666666666,11.301193758203999,18.813345692302704,25.48483815615461,300.440716,299.5537133468947,0.8870026531052986,LGB_Pred_MWH,lgb_component,0.009938438557409945,0.21828153483965884,0.09723029151805063,0.2285078369353455
realized_historical_weather,Horizon:Day1,Replay_Horizon_Bucket,Day1,288,145.21414114583334,144.4688659605299,0.7452751853034195,4.553036776432023,6.388317935501438,3.1920872360888795,66.66666666666666,11.017676145685952,16.403152705783043,25.311550860071634,300.440716,297.9706506227613,2.4700653772387113,Raw_Forecast_MWH,raw_xgb_lgb_production,0.0,0.0,0.0,0.23844627549275543
realized_historical_weather,Horizon:Day1,Replay_Horizon_Bucket,Day1,288,145.21414114583334,144.4105277856191,0.8036133602142344,4.568398530593872,6.401227294759902,3.198940483917941,67.01388888888889,11.216333786816419,16.767592521484374,25.207578482421866,300.440716,297.02081298828125,3.419903011718759,XGB_Pred_MWH,xgb_component,-0.015361754161848928,-0.3373957847510982,-0.05833817491081483,0.25380802965460436
realized_historical_weather,Horizon:Day1,Replay_Horizon_Bucket,Day1,288,145.21414114583334,148.2305608618339,-3.0164197160005846,5.118828127641979,7.880814134266818,3.724064071691899,30.208333333333332,13.86358154491332,14.130342299737606,31.219583651757944,300.440716,298.18805002991115,2.252665970088856,Warm_Ramp_Adjusted_Forecast_MWH,warm_ramp_adjusted,-0.5657913512099562,-12.426680894357661,-2.271144530697165,0.8042376267027116
realized_historical_weather,Horizon:Day1,Replay_Horizon_Bucket,Day1,288,145.21414114583334,148.02623788403537,-2.8120967382020265,5.132050561382409,7.846369673108661,3.730534413883497,31.944444444444443,13.86358154491332,14.130342299737606,31.219583651757944,300.440716,298.18805002991115,2.252665970088856,Residual_Calibrated_Forecast_MWH,residual_calibrated,-0.5790137849503854,-12.717090007872244,-2.066821552898607,0.8174600604431408
realized_historical_weather,Horizon:Day1,Replay_Horizon_Bucket,Day1,288,145.21414114583334,148.40830540597938,-3.194164260146025,5.138873666674844,8.037004304664938,3.758814922719797,29.51388888888889,13.914573312944365,14.130342299737606,32.666873206483814,300.440716,298.18805002991115,2.252665970088856,Peak_Risk_Adjusted_Forecast_MWH,peak_risk_adjusted,-0.5858368902428204,-12.866948346986778,-2.4488890748426053,0.8242831657355758
realized_historical_weather,Horizon:Day1,Replay_Horizon_Bucket,Day1,288,145.21414114583334,148.34174149263248,-3.1276003467991482,5.190283668308216,8.068547232146793,3.7808587355683994,29.86111111111111,13.914573312944365,14.130342299737606,32.666873206483814,300.440716,298.18805002991115,2.252665970088856,Cloud_Solar_Adjusted_Forecast_MWH,cloud_solar_adjusted,-0.6372468918761927,-13.99608488064025,-2.3823251614957286,0.8756931673689481
realized_historical_weather,Horizon:Day1,Replay_Horizon_Bucket,Day1,288,145.21414114583334,148.84230724812207,-3.628166102288747,5.480394955853307,8.318660480008704,4.037846868353496,25.694444444444443,14.112490319803326,14.096529559828355,32.73886304367335,300.440716,297.98941812674695,2.451297873253054,Recent_Corrected_Forecast_MWH,recent_corrected_simulation,-0.927358179421284,-20.367904432961907,-2.8828909169853274,1.1658044549140394
realized_historical_weather,Horizon:Day1,Replay_Horizon_Bucket,Day1,288,145.21414114583334,143.54043416367546,1.6737069821578876,8.557311780729005,10.802442669792914,5.947201949594664,50.34722222222222,18.337048648213877,36.00128364609475,21.86221523035701,300.440716,289.38930193192965,11.051414068070358,Prophet_Pred_MWH,prophet_benchmark,-4.004275004296982,-87.94734593457255,-0.9284317968544681,4.242721279789738
realized_historical_weather,Horizon:Day1,Replay_Horizon_Bucket,Day1,264,140.62668074242424,138.55263075757577,2.0740499848484855,20.10514052272727,29.090678301925923,12.62576443480469,55.68181818181818,54.011371300000135,92.82965800000002,72.65344199999998,299.403183,210.5346,88.868583,Baseline_SameHourYesterday_MWH,baseline_same_hour_yesterday,-15.552103746295248,-341.57650179321894,-1.3287747995450658,15.790550021788004
realized_historical_weather,Horizon:Day1,Replay_Horizon_Bucket,Day1,264,140.62668074242424,134.1372849383117,6.4893958041125535,20.479066225108223,28.890073714093212,13.452283178540164,69.6969696969697,49.15111212857144,92.03277585714287,89.02246071428573,299.403183,216.83491642857143,82.56826657142858,Baseline_Rolling7DaySameHourAvg_MWH,baseline_rolling_7day_same_hour_avg,-15.9260294486762,-349.78916777291215,-5.744120618809134,16.164475724168955
realized_historical_weather,Horizon:Day1,Replay_Horizon_Bucket,Day1,264,140.62668074242424,131.28443343939392,9.342247303030303,20.53577053030303,26.388277476381997,13.863327832706101,71.21212121212122,42.397922600000015,86.469567,71.73485,299.403183,256.990708,42.41247500000003,Baseline_SameHour7DaysAgo_MWH,baseline_same_hour_7_days_ago,-15.982733753871006,-351.0345850181302,-8.596972117726883,16.22118002936376
realized_historical_weather,Horizon:Days2to7,Replay_Horizon_Bucket,Days2to7,1635,142.0676347003058,141.01245344038378,1.05518125992204,4.414029561479212,6.069158130735814,3.0718085439222063,60.48929663608563,9.71002410464601,21.616529737328932,26.47279199947083,330.534108,315.4123167344102,15.12179126558982,Residual_Calibrated_Forecast_MWH,residual_calibrated,1.1954353845889125,21.311041179191896,3.205394431336947,-0.0038677574860299657
realized_historical_weather,Horizon:Days2to7,Replay_Horizon_Bucket,Days2to7,1635,142.0676347003058,141.32695557172016,0.7406791285856631,4.417627966710319,6.1123504213175535,3.085370286177819,58.96024464831804,9.953708917550466,22.123977831040122,26.940864920359687,330.534108,315.4123167344102,15.12179126558982,Peak_Risk_Adjusted_Forecast_MWH,peak_risk_adjusted,1.191836979357805,21.24689236525502,3.519896562673324,-0.000269352254922417
realized_historical_weather,Horizon:Days2to7,Replay_Horizon_Bucket,Days2to7,1635,142.0676347003058,141.3282740930676,0.7393606072382265,4.417897318965242,6.112847031577431,3.0854899544818353,58.96024464831804,9.953708917550466,22.123977831040122,26.940864920359687,330.534108,315.4123167344102,15.12179126558982,Stage_Selected_Forecast_MWH,stage_selected_production,1.1915676271028826,21.242090619321814,3.5212150840207608,0.0
realized_historical_weather,Horizon:Days2to7,Replay_Horizon_Bucket,Days2to7,1635,142.0676347003058,141.3282740930676,0.7393606072382265,4.417897318965242,6.112847031577431,3.0854899544818353,58.96024464831804,9.953708917550466,22.123977831040122,26.940864920359687,330.534108,315.4123167344102,15.12179126558982,Final_Backtest_Forecast_MWH,final_corrected_production,1.1915676271028826,21.242090619321814,3.5212150840207608,0.0
realized_historical_weather,Horizon:Days2to7,Replay_Horizon_Bucket,Days2to7,1635,142.0676347003058,141.29450090144366,0.7731337988621501,4.4484000820758505,6.146656154018477,3.100235233278314,59.021406727828754,10.084795747738022,22.123977831040122,26.940864920359687,330.534108,315.4123167344102,15.12179126558982,Cloud_Solar_Adjusted_Forecast_MWH,cloud_solar_adjusted,1.1610648639922738,20.69831748937313,3.487441892396837,0.030502763110608733
realized_historical_weather,Horizon:Days2to7,Replay_Horizon_Bucket,Days2to7,1635,142.0676347003058,141.24204129619923,0.8255934041065864,4.449557116432944,6.160125810559104,3.0988748593465796,59.021406727828754,10.1013400358837,21.616529737328932,26.47279199947083,330.534108,315.4123167344102,15.12179126558982,Warm_Ramp_Adjusted_Forecast_MWH,warm_ramp_adjusted,1.1599078296351806,20.677691023779403,3.4349822871524007,0.03165979746770198
realized_historical_weather,Horizon:Days2to7,Replay_Horizon_Bucket,Days2to7,1635,142.0676347003058,141.75588981020513,0.3117448901006572,4.475294223060423,6.191405281013085,3.135854327157496,53.57798165137615,10.253739360409794,22.030912476584092,27.037784451402516,330.534108,315.4123167344102,15.12179126558982,Recent_Corrected_Forecast_MWH,recent_corrected_simulation,1.134170723007701,20.21887531007181,3.94883080115833,0.05739690409518161
realized_historical_weather,Horizon:Days2to7,Replay_Horizon_Bucket,Days2to7,1635,142.0676347003058,139.68006505283844,2.3875696474673664,4.7710060985122045,6.402047807237508,3.2869823259339586,70.70336391437309,10.068970774205173,25.470660450408957,23.40977713937359,330.534108,315.3377104156307,15.196397584369322,Targeted_Meta_Adjusted_Forecast_MWH,targeted_residual_meta_adjusted,0.8384588475559198,14.947216100238325,1.8730060437916207,0.35310877954696274
realized_historical_weather,Horizon:Days2to7,Replay_Horizon_Bucket,Days2to7,1635,142.0676347003058,138.25090065419516,3.8167340461106405,5.242095783727853,7.028578545392726,3.6045289853862843,78.47094801223241,11.210930596057029,33.90875498420485,18.034712914389075,330.534108,321.6839190550165,8.850188944983529,CatBoost_Pred_MWH,catboost_benchmark,0.36736916234027106,6.54909453704267,0.4438416451483467,0.8241984647626115
realized_historical_weather,Horizon:Days2to7,Replay_Horizon_Bucket,Days2to7,1635,142.0676347003058,137.80705900904684,4.260575691258987,5.609464946068124,7.29914490797011,3.8942345837216363,80.85626911314985,11.616898302860799,33.47066045040897,21.26250725348733,330.534108,315.3377104156307,15.196397584369322,Raw_Forecast_MWH,raw_xgb_lgb_production,0.0,0.0,0.0,1.1915676271028826
realized_historical_weather,Horizon:Days2to7,Replay_Horizon_Bucket,Days2to7,1635,142.0676347003058,137.84533858881792,4.222296111487889,5.612433178550581,7.31375657125609,3.896730014078277,79.93883792048929,11.761722475745609,34.49090436189783,22.517095392437582,330.534108,316.0082881591298,14.525819840870213,LGB_Pred_MWH,lgb_component,-0.0029682324824564787,-0.05291471666182743,0.03827957977109797,1.194535859585339
realized_historical_weather,Horizon:Days2to7,Replay_Horizon_Bucket,Days2to7,1635,142.0676347003058,137.7840912611842,4.283543439121631,5.620651834989011,7.312604108454455,3.9015165480192113,81.10091743119267,11.628080958789067,32.85851410351563,20.509754370117193,330.534108,314.93536376953125,15.598744230468753,XGB_Pred_MWH,xgb_component,-0.011186888920886595,-0.19942880521479836,-0.022967747862644217,1.2027545160237691
realized_historical_weather,Horizon:Days2to7,Replay_Horizon_Bucket,Days2to7,1635,142.0676347003058,137.55533462910475,4.5123000712010555,7.59065897299678,9.96470010389912,5.291101803346397,69.60244648318043,15.888760929630914,38.134649809334576,21.353227064932113,330.534108,315.88343571766603,14.650672282333971,Prophet_Pred_MWH,prophet_benchmark,-1.981194026928656,-35.31877007837167,-0.2517243799420683,3.1727616540315386
realized_historical_weather,Horizon:Days2to7,Replay_Horizon_Bucket,Days2to7,1635,142.0676347003058,143.32101126483178,-1.253376564525994,9.978373253211009,14.129995089028526,6.7636616562817125,49.48012232415902,23.4323262,46.680859,67.11879200000001,330.534108,300.440716,30.093391999999994,Baseline_SameHourYesterday_MWH,baseline_same_hour_yesterday,-4.368908307142885,-77.8845816695086,3.007199126732993,5.560475934245767
realized_historical_weather,Horizon:Days2to7,Replay_Horizon_Bucket,Days2to7,1611,140.84833449782744,142.63768616694156,-1.789351669114127,15.515016423836126,23.585737838483613,10.118044086418344,46.8032278088144,39.82327957142857,105.76307742857142,89.92982057142859,329.614775,252.75542357142857,76.85935142857144,Baseline_Rolling7DaySameHourAvg_MWH,baseline_rolling_7day_same_hour_avg,-9.905551477768002,-176.58638699063732,2.4712240221448605,11.097119104870885
realized_historical_weather,Horizon:Days2to7,Replay_Horizon_Bucket,Days2to7,1491,137.50310743997318,134.85132505969148,2.6517823802816904,21.8040615110664,34.01556029177228,14.303008820515068,58.886653252850444,53.52147500000001,147.082433,146.13581600000003,329.614775,192.099258,137.51551700000002,Baseline_SameHour7DaysAgo_MWH,baseline_same_hour_7_days_ago,-16.194596564998278,-288.7012704544959,1.6087933109772967,17.38616419210116
previous_run_fixed_lead_weather,Overall,all,all,1923,142.53887435517422,142.0431247743552,0.4957495808190121,4.402425471023755,6.191359106117897,3.0806578864193237,58.03432137285491,10.103862457284656,22.123977831040122,26.940864920359687,330.534108,315.4123167344102,15.12179126558982,Stage_Selected_Forecast_MWH,stage_selected_production,5.265611088522225,54.464120569787156,3.06546428385926,-5.0134495391749505
previous_run_fixed_lead_weather,Overall,all,all,1923,142.53887435517422,142.06287981572004,0.47599453945416137,4.521564687829769,6.3669866234581844,3.170463276396908,56.2142485699428,10.103862457284656,21.616529737328932,31.219583651757944,330.534108,315.4123167344102,15.12179126558982,Residual_Calibrated_Forecast_MWH,residual_calibrated,5.146471871716211,53.23182054617607,3.0852193252241107,-4.894310322368937
previous_run_fixed_lead_weather,Overall,all,all,1923,142.53887435517422,142.3875009447137,0.15137341046048056,4.5256460434600765,6.437340022497257,3.186229389310471,54.55018200728029,10.236646606024305,22.123977831040122,32.666873206483814,330.534108,315.4123167344102,15.12179126558982,Peak_Risk_Adjusted_Forecast_MWH,peak_risk_adjusted,5.142390516085904,53.189605608270426,3.4098404542177914,-4.890228966738629
previous_run_fixed_lead_weather,Overall,all,all,1923,142.53887435517422,142.28868385205092,0.2501905031232972,4.549791152433047,6.447131806412753,3.192506941070683,54.706188247529894,10.423118323062138,21.616529737328932,31.219583651757944,330.534108,315.4123167344102,15.12179126558982,Warm_Ramp_Adjusted_Forecast_MWH,warm_ramp_adjusted,5.118245407112933,52.939864010540006,3.311023361554975,-4.866083857765658
previous_run_fixed_lead_weather,Overall,all,all,1923,142.53887435517422,142.34993786985882,0.18893648531537216,4.559509012307219,6.470934987100029,3.2021694863514,54.654186167446696,10.516920010876575,22.123977831040122,32.666873206483814,330.534108,315.4123167344102,15.12179126558982,Cloud_Solar_Adjusted_Forecast_MWH,cloud_solar_adjusted,5.1085275472387615,52.83934866997092,3.3722773793628997,-4.856365997891487
previous_run_fixed_lead_weather,Overall,all,all,1923,142.53887435517422,142.81719413788068,-0.27831978270649227,4.625824129999764,6.5541031576881075,3.2709421336392674,49.401976079043166,10.755764740472443,22.030912476584092,32.73886304367335,330.534108,315.4123167344102,15.12179126558982,Recent_Corrected_Forecast_MWH,recent_corrected_simulation,5.0422124295462165,52.15342741508007,3.28289408197178,-4.790050880198942
previous_run_fixed_lead_weather,Overall,all,all,1923,142.53887435517422,140.72610154784218,1.8127728073320464,4.734740317590167,6.505955494179043,3.2745775427237542,66.61466458658346,10.247463874382577,25.470660450408957,27.544187236499454,330.534108,315.3377104156307,15.196397584369322,Targeted_Meta_Adjusted_Forecast_MWH,targeted_residual_meta_adjusted,4.933296241955813,51.026867881305215,1.7484410573462257,-4.681134692608539
previous_run_fixed_lead_weather,Overall,all,all,1923,142.53887435517422,142.04347139758363,0.4954029575905993,9.415875010198706,13.331793578160786,6.3698511413485495,52.626105044201765,22.457793556789245,41.13640070668744,68.249837749677,330.534108,308.6762994029898,21.857808597010205,Final_Backtest_Forecast_MWH,final_corrected_production,0.2521615493472744,2.6081981361385767,3.065810907087673,0.0
previous_run_fixed_lead_weather,Overall,all,all,1923,142.53887435517422,139.10914425544644,3.4297300997277422,9.63620882292756,13.57041097229375,6.448147394427625,65.21060842433697,22.72549923435856,44.854359898906466,64.1469966547665,330.534108,307.1269854465283,23.40712255347171,CatBoost_Pred_MWH,catboost_benchmark,0.03182773661841942,0.32920579501732955,0.13148376495052982,0.220333812728855
previous_run_fixed_lead_weather,Overall,all,all,1923,142.53887435517422,138.9598530627016,3.5790212924725977,9.661954283671347,13.571524715117686,6.49191796022434,66.19864794591783,22.91815646279298,44.53427845117187,68.116742203125,330.534108,309.56927490234375,20.964833097656253,XGB_Pred_MWH,xgb_component,0.006082275874632614,0.06291117991922698,-0.017807427794325648,0.2460792734726418
previous_run_fixed_lead_weather,Overall,all,all,1923,142.53887435517422,138.97766049049594,3.561213864678272,9.66803655954598,13.588355316881202,6.492746821044074,66.35465418616745,22.710755511285214,44.29785823011795,68.56125412614512,330.534108,308.45889999583994,22.07520800416006,Raw_Forecast_MWH,raw_xgb_lgb_production,0.0,0.0,0.0,0.2521615493472744
previous_run_fixed_lead_weather,Overall,all,all,1923,142.53887435517422,139.0073395368198,3.5315348183543724,9.696152254184506,13.634474576100688,6.505699296152108,66.82267290691628,22.631088536847436,44.329961752604675,69.30210733117883,330.534108,306.608275151667,23.925832848333016,LGB_Pred_MWH,lgb_component,-0.028115694638525923,-0.2908108018144096,0.029679046323899616,0.28027724398580034
previous_run_fixed_lead_weather,Overall,all,all,1923,142.53887435517422,138.51870653745482,4.020167817719392,11.162639594801167,15.328122538060008,7.50049727275602,61.46645865834633,25.00362665586645,67.0227827208771,55.14216376012479,330.534108,298.61701666889326,31.917091331106747,Prophet_Pred_MWH,prophet_benchmark,-1.494603035255187,-15.459219936228447,-0.4589539530411195,1.7467645846024613
previous_run_fixed_lead_weather,Overall,all,all,1899,141.867312507109,142.3510869852554,-0.4837744781463929,11.213933835703001,16.449609188736844,7.54621579626968,49.18378093733544,25.9824632,89.98382500000002,67.11879200000001,330.534108,300.440716,30.093391999999994,Baseline_SameHourYesterday_MWH,baseline_same_hour_yesterday,-1.5458972761570209,-15.98977482796794,3.077439386531879,1.7980588255042953
previous_run_fixed_lead_weather,Overall,all,all,1875,140.81712564906667,144.3977518208457,-3.5806261717790484,14.608698539855238,20.761804654256675,9.852204078192605,41.65333333333333,36.10199002857144,73.1207897142857,83.38548214285714,329.614775,286.9299365714286,42.684838428571425,Baseline_Rolling7DaySameHourAvg_MWH,baseline_rolling_7day_same_hour_avg,-4.940661980309258,-51.103054377995406,-0.01941230710077635,5.192823529656533
previous_run_fixed_lead_weather,Overall,all,all,1755,137.9729782957265,143.04182617150997,-5.068847875783475,20.39217124102564,29.40459131278811,14.312817033124595,45.81196581196581,45.43505200000001,106.82750800000001,122.651209,329.614775,291.683975,37.93080000000003,Baseline_SameHour7DaysAgo_MWH,baseline_same_hour_7_days_ago,-10.72413468147966,-110.92360496807301,-1.507634011105203,10.976296230826934
previous_run_fixed_lead_weather,PeakWindowHours14to18,event_slice,peak_window,400,175.297000165,174.82472635468176,0.4722738103182201,6.494871857735716,8.486886998670904,3.9128731972475905,57.75,14.597212920614158,20.747920800248096,26.83868756283684,330.534108,315.4123167344102,15.12179126558982,Stage_Selected_Forecast_MWH,stage_selected_production,6.894122958247098,51.49096741763909,1.4155087127372696,-7.0022232591417195
previous_run_fixed_lead_weather,PeakWindowHours14to18,event_slice,peak_window,400,175.297000165,174.62189827644892,0.6751018885510746,6.5774129068463,8.626617778402832,3.9784646487513093,59.25,15.21576448892423,20.747920800248096,29.12939261698463,330.534108,315.4123167344102,15.12179126558982,Residual_Calibrated_Forecast_MWH,residual_calibrated,6.811581909136514,50.8744831315144,1.212680634504415,-6.9196822100311355
previous_run_fixed_lead_weather,PeakWindowHours14to18,event_slice,peak_window,400,175.297000165,175.15452589818767,0.1424742668123389,6.622371266399357,8.830966326412932,4.009841753537912,57.25,15.39360319731393,20.747920800248096,29.12939261698463,330.534108,315.4123167344102,15.12179126558982,Warm_Ramp_Adjusted_Forecast_MWH,warm_ramp_adjusted,6.766623549583457,50.53869721053257,1.7453082562431508,-6.8747238504780785
previous_run_fixed_lead_weather,PeakWindowHours14to18,event_slice,peak_window,400,175.297000165,175.25646414402814,0.0405360209718927,6.628210310110665,8.851373796522227,4.0221468735388015,56.25,15.392280373255593,20.747920800248096,29.12939261698463,330.534108,315.4123167344102,15.12179126558982,Peak_Risk_Adjusted_Forecast_MWH,peak_risk_adjusted,6.760784505872149,50.49508644070586,1.8472465020835969,-6.86888480676677
previous_run_fixed_lead_weather,PeakWindowHours14to18,event_slice,peak_window,400,175.297000165,175.2317759520326,0.06522421296740162,6.646021058907641,8.857561027887334,4.0311724606243775,56.49999999999999,15.392280373255593,20.747920800248096,29.12939261698463,330.534108,315.4123167344102,15.12179126558982,Cloud_Solar_Adjusted_Forecast_MWH,cloud_solar_adjusted,6.742973757075173,50.362061153581884,1.822558310088088,-6.851074057969795
previous_run_fixed_lead_weather,PeakWindowHours14to18,event_slice,peak_window,400,175.297000165,175.65163293501138,-0.35463277001137755,6.692985075593903,8.98377637832881,4.072170965593231,53.75,15.385680033689846,20.747920800248096,29.835385597615016,330.534108,315.4123167344102,15.12179126558982,Recent_Corrected_Forecast_MWH,recent_corrected_simulation,6.696009740388911,50.01129533933122,1.533149753044112,-6.804110041283533
previous_run_fixed_lead_weather,PeakWindowHours14to18,event_slice,peak_window,400,175.297000165,172.92436419395293,2.3726359710470564,6.936176760429423,8.800608135071,4.106500888964282,66.75,15.835048840379768,22.54438959774103,27.544187236499454,330.534108,315.3377104156307,15.196397584369322,Targeted_Meta_Adjusted_Forecast_MWH,targeted_residual_meta_adjusted,6.452818055553391,48.1949402792395,-0.4848534479915667,-6.5609183564480125
previous_run_fixed_lead_weather,PeakWindowHours14to18,event_slice,peak_window,400,175.297000165,173.38787660598754,1.9091235590124516,13.345622916324464,18.130640531184017,7.628758675169925,54.75,30.585903092333982,41.81393812695313,68.116742203125,330.534108,309.56927490234375,20.964833097656253,XGB_Pred_MWH,xgb_component,0.04337189965835009,0.3239369366741098,-0.021341035956961907,-0.15147220055297161
previous_run_fixed_lead_weather,PeakWindowHours14to18,event_slice,peak_window,400,175.297000165,173.40921764194448,1.8877825230554897,13.388994815982814,18.184716879214356,7.6558791556421,54.50000000000001,30.92860960243166,42.75744698657246,68.56125412614512,330.534108,308.45889999583994,22.07520800416006,Raw_Forecast_MWH,raw_xgb_lgb_production,0.0,0.0,0.0,-0.10810030089462153
previous_run_fixed_lead_weather,PeakWindowHours14to18,event_slice,peak_window,400,175.297000165,173.44478603520614,1.8522141297938561,13.487680822693294,18.30175784006833,7.715451748943501,55.00000000000001,31.251810020119535,44.329961752604675,69.30210733117883,330.534108,306.608275151667,23.925832848333016,LGB_Pred_MWH,lgb_component,-0.09868600671048,-0.7370680776773159,0.035568393261633524,-0.009414294184141525
previous_run_fixed_lead_weather,PeakWindowHours14to18,event_slice,peak_window,400,175.297000165,177.56277482505786,-2.2657746600578674,13.497095116877436,18.198899982021345,7.852122390860475,42.5,30.73061634029493,40.80010246188232,68.249837749677,330.534108,308.6762994029898,21.857808597010205,Final_Backtest_Forecast_MWH,final_corrected_production,-0.10810030089462153,-0.8073817518069333,-0.37799213700237777,0.0
previous_run_fixed_lead_weather,PeakWindowHours14to18,event_slice,peak_window,400,175.297000165,173.46558538110665,1.8314147838933494,13.547408128946755,18.24534602515911,7.75036530908078,54.0,32.03882136769204,44.854359898906466,64.1469966547665,330.534108,307.1269854465283,23.40712255347171,CatBoost_Pred_MWH,catboost_benchmark,-0.15841331296394046,-1.183160611690118,0.05636773916214022,0.05031301206931893
previous_run_fixed_lead_weather,PeakWindowHours14to18,event_slice,peak_window,400,175.297000165,169.77283169994635,5.524168465053638,16.213551964567685,21.201722096832842,9.098125736733897,61.75000000000001,36.398192133880904,67.0227827208771,55.14216376012479,330.534108,298.61701666889326,31.917091331106747,Prophet_Pred_MWH,prophet_benchmark,-2.824557148584871,-21.096110555014324,-3.636385941998148,2.7164568476902495
previous_run_fixed_lead_weather,PeakWindowHours14to18,event_slice,peak_window,395,173.96391207088607,174.98921975189876,-1.0253076810126582,17.311417731645573,23.690080308870392,10.083441691249668,49.87341772151899,35.839230000000015,89.98382500000002,67.11879200000001,330.534108,300.440716,30.093391999999994,Baseline_SameHourYesterday_MWH,baseline_same_hour_yesterday,-3.922422915662759,-29.295872988018896,0.8624748420428314,3.8143226147681375
previous_run_fixed_lead_weather,PeakWindowHours14to18,event_slice,peak_window,390,172.14728987948718,178.50712092239928,-6.359831042912092,23.153256305000003,30.73610030338764,13.452273122865172,40.256410256410255,55.0614788857143,73.1207897142857,83.38548214285714,329.614775,286.9299365714286,42.684838428571425,Baseline_Rolling7DaySameHourAvg_MWH,baseline_rolling_7day_same_hour_avg,-9.764261489017189,-72.92751713789089,-4.472048519856603,9.656161188122567
previous_run_fixed_lead_weather,PeakWindowHours14to18,event_slice,peak_window,365,166.49368857534245,176.63370878356164,-10.140020208219179,32.71749994520548,44.45175382598118,20.24989512009513,44.109589041095894,79.69702860000007,106.82750800000001,122.651209,329.614775,291.683975,37.93080000000003,Baseline_SameHour7DaysAgo_MWH,baseline_same_hour_7_days_ago,-19.32850512922267,-144.36113685061477,-8.252237685163688,19.220404828328046
previous_run_fixed_lead_weather,HotPeakDailyMax90Plus,event_slice,hot_peak,95,265.4325361473684,260.3079066672212,5.124629480147232,6.750102807432796,8.682991981489431,2.4294750855390865,78.94736842105263,15.177577070933484,20.747920800248096,9.545160031374536,330.534108,315.4123167344102,15.12179126558982,Recent_Corrected_Forecast_MWH,recent_corrected_simulation,11.286778243032302,62.5761084272453,-4.252409810480675,-11.844212092903255
previous_run_fixed_lead_weather,HotPeakDailyMax90Plus,event_slice,hot_peak,95,265.4325361473684,260.2432811134685,5.189255033899877,6.758868456183257,8.673821031982134,2.4369282262197753,80.0,15.177577070933484,20.747920800248096,9.110029562233109,330.534108,315.4123167344102,15.12179126558982,Peak_Risk_Adjusted_Forecast_MWH,peak_risk_adjusted,11.27801259428184,62.52750995433895,-4.31703536423332,-11.835446444152794
previous_run_fixed_lead_weather,HotPeakDailyMax90Plus,event_slice,hot_peak,95,265.4325361473684,259.98731346957885,5.445222677789582,7.014836100072965,8.874211157188437,2.533005198708542,80.0,15.177577070933484,20.747920800248096,9.110029562233109,330.534108,315.4123167344102,15.12179126558982,Warm_Ramp_Adjusted_Forecast_MWH,warm_ramp_adjusted,11.022044950392132,61.10837522049256,-4.573003008123025,-11.579478800263086
previous_run_fixed_lead_weather,HotPeakDailyMax90Plus,event_slice,hot_peak,95,265.4325361473684,259.98731346957885,5.445222677789582,7.014836100072965,8.874211157188437,2.533005198708542,80.0,15.177577070933484,20.747920800248096,9.110029562233109,330.534108,315.4123167344102,15.12179126558982,Cloud_Solar_Adjusted_Forecast_MWH,cloud_solar_adjusted,11.022044950392132,61.10837522049256,-4.573003008123025,-11.579478800263086
previous_run_fixed_lead_weather,HotPeakDailyMax90Plus,event_slice,hot_peak,95,265.4325361473684,259.92658905373577,5.505947093632712,7.093277178347163,8.885546509968279,2.611545109622448,80.0,15.177577070933484,20.747920800248096,9.110029562233109,330.534108,315.4123167344102,15.12179126558982,Stage_Selected_Forecast_MWH,stage_selected_production,10.943603872117935,60.673482524495235,-4.633727423966155,-11.501037721988888
previous_run_fixed_lead_weather,HotPeakDailyMax90Plus,event_slice,hot_peak,95,265.4325361473684,259.59088011597106,5.841656031397326,7.132348110620369,8.921839989904218,2.5951071064258158,81.05263157894737,15.177577070933484,20.747920800248096,6.97320069241556,330.534108,315.4123167344102,15.12179126558982,Residual_Calibrated_Forecast_MWH,residual_calibrated,10.904532939844728,60.45686562624165,-4.969436361730769,-11.461966789715682
previous_run_fixed_lead_weather,HotPeakDailyMax90Plus,event_slice,hot_peak,95,265.4325361473684,258.1023298694108,7.330206277957552,8.224807444701861,10.07575918947107,3.012489093872554,85.26315789473684,16.57332423550858,22.54438959774103,6.373670848773656,330.534108,315.3377104156307,15.196397584369322,Targeted_Meta_Adjusted_Forecast_MWH,targeted_residual_meta_adjusted,9.812073605763237,54.40005718455533,-6.4579866082909945,-10.36950745563419
previous_run_fixed_lead_weather,HotPeakDailyMax90Plus,event_slice,hot_peak,95,265.4325361473684,264.75346486944903,0.6790712779194067,17.915919255921054,23.24865732179478,7.051554095069304,51.578947368421055,38.30873656289064,40.74154276562501,66.97685226171876,330.534108,309.56927490234375,20.964833097656253,XGB_Pred_MWH,xgb_component,0.12096179454404421,0.6706358721644122,0.19314839174715082,-0.6783956444149979
previous_run_fixed_lead_weather,HotPeakDailyMax90Plus,event_slice,hot_peak,95,265.4325361473684,264.56031647770186,0.8722196696665575,18.036881050465098,23.396485351524667,7.091053802336043,54.736842105263165,39.13433814393262,41.03310478320083,66.85291821659996,330.534108,308.45889999583994,22.07520800416006,Raw_Forecast_MWH,raw_xgb_lgb_production,0.0,0.0,0.0,-0.5574338498709537
previous_run_fixed_lead_weather,HotPeakDailyMax90Plus,event_slice,hot_peak,95,265.4325361473684,264.23840249145667,1.1941336559117672,18.370067589174454,23.703516843205595,7.211070715801071,58.94736842105262,40.75865612186016,42.08391596094208,66.64636147473539,330.534108,306.608275151667,23.925832848333016,LGB_Pred_MWH,lgb_component,-0.3331865387093558,-1.847251405479354,-0.3219139862452097,-0.2242473111615979
previous_run_fixed_lead_weather,HotPeakDailyMax90Plus,event_slice,hot_peak,95,265.4325361473684,266.4192791001939,-0.986742952825458,18.59431490033605,23.80269762449808,7.437814786398922,49.473684210526315,38.23306821944121,39.23663598570789,67.19509860896068,330.534108,308.6762994029898,21.857808597010205,Final_Backtest_Forecast_MWH,final_corrected_production,-0.5574338498709537,-3.0905224041302843,-0.11452328315890048,0.0
previous_run_fixed_lead_weather,HotPeakDailyMax90Plus,event_slice,hot_peak,95,265.4325361473684,264.7893648681947,0.6431712791737195,18.63743459995896,23.627694146468304,7.333766796547965,58.94736842105262,37.908321182659826,44.66449542900659,64.1469966547665,330.534108,307.1269854465283,23.40712255347171,CatBoost_Pred_MWH,catboost_benchmark,-0.6005535494938634,-3.3295864612822155,0.22904839049283798,0.043119699622909735
previous_run_fixed_lead_weather,HotPeakDailyMax90Plus,event_slice,hot_peak,95,265.4325361473684,253.21011123756367,12.222424909804776,22.915406397964794,27.473082788652505,8.621036092414364,74.73684210526315,44.484071416045076,64.1951221410342,55.14216376012479,330.534108,298.61701666889326,31.917091331106747,Prophet_Pred_MWH,prophet_benchmark,-4.878525347499696,-27.04749969714913,-11.350205240138218,4.321091497628743
previous_run_fixed_lead_weather,HotPeakDailyMax90Plus,event_slice,hot_peak,90,263.96707956666665,262.24260596666664,1.7244735999999992,26.523298800000006,32.8820468205188,10.623934240480365,48.888888888888886,59.469980600000056,88.69465000000002,67.11879200000001,330.534108,300.440716,30.093391999999994,Baseline_SameHourYesterday_MWH,baseline_same_hour_yesterday,-8.486417749534908,-47.0503615663423,-0.8522539303334417,7.928983899663955
previous_run_fixed_lead_weather,HotPeakDailyMax90Plus,event_slice,hot_peak,85,260.770451517647,264.0401520410084,-3.2697005233613456,37.048665164537816,41.72778804294956,15.34556823597589,51.76470588235295,61.818849954285696,57.431753428571426,79.40814750000004,329.614775,286.9299365714286,42.684838428571425,Baseline_Rolling7DaySameHourAvg_MWH,baseline_rolling_7day_same_hour_avg,-19.011784114072718,-105.40505346173738,-2.397480853694788,18.454350264201764
previous_run_fixed_lead_weather,HotPeakDailyMax90Plus,event_slice,hot_peak,60,259.99125465,245.12155006666666,14.869704583333332,39.61121871666667,48.95856582750215,16.968712950795492,65.0,84.67421270000001,106.82750800000001,93.82203299999998,329.614775,291.683975,37.93080000000003,Baseline_SameHour7DaysAgo_MWH,baseline_same_hour_7_days_ago,-21.574337666201572,-119.6123520792707,-13.997484913666774,21.01690381633062
previous_run_fixed_lead_weather,ShoulderSeasonHeatTransition,event_slice,shoulder_season_heat_transition,297,150.21222886868685,150.4375104533605,-0.22528158467363452,4.728466455942607,6.449405186179776,3.195950434838742,58.92255892255892,10.033312227508759,15.416029826142164,24.504803251842347,209.92505,219.94979987738984,-10.024749877389837,Residual_Calibrated_Forecast_MWH,residual_calibrated,4.996539022482244,51.3782643471737,1.6658603831665528,-6.602639117326863
previous_run_fixed_lead_weather,ShoulderSeasonHeatTransition,event_slice,shoulder_season_heat_transition,297,150.21222886868685,151.82507245154466,-1.6128435828577785,4.8648966645507095,6.891475705028114,3.303383322183779,48.821548821548824,10.92028981648496,15.44975171286886,26.39220801726016,209.92505,222.07426195545523,-12.149211955455229,Peak_Risk_Adjusted_Forecast_MWH,peak_risk_adjusted,4.860108813874142,49.97538381501589,0.2782983849824088,-6.466208908718761
previous_run_fixed_lead_weather,ShoulderSeasonHeatTransition,event_slice,shoulder_season_heat_transition,297,150.21222886868685,151.78006982083792,-1.5678409521510621,4.900636745495091,6.904458521388915,3.322950156200589,49.158249158249156,10.92028981648496,15.44975171286886,26.39220801726016,209.92505,222.07426195545523,-12.149211955455229,Cloud_Solar_Adjusted_Forecast_MWH,cloud_solar_adjusted,4.82436873292976,49.607876762976986,0.32330101568912517,-6.430468827774379
previous_run_fixed_lead_weather,ShoulderSeasonHeatTransition,event_slice,shoulder_season_heat_transition,297,150.21222886868685,151.7547856184731,-1.5425567497862356,4.923675082539783,6.930353460526339,3.3409023949891354,49.494949494949495,11.045460332368236,15.416029826142164,26.39220801726016,209.92505,222.07426195545523,-12.149211955455229,Warm_Ramp_Adjusted_Forecast_MWH,warm_ramp_adjusted,4.801330395885068,49.37097882913208,0.3485852180539517,-6.407430490729687
previous_run_fixed_lead_weather,ShoulderSeasonHeatTransition,event_slice,shoulder_season_heat_transition,297,150.21222886868685,152.37072157708295,-2.1584927083960843,4.9294410244977165,7.023151169169722,3.3432214011824217,41.75084175084175,11.554348519649189,15.202896520747018,26.522275759492132,209.92505,222.65506797962908,-12.730017979629082,Recent_Corrected_Forecast_MWH,recent_corrected_simulation,4.795564453927135,49.311688970933794,-0.267350740555897,-6.401664548771754
previous_run_fixed_lead_weather,ShoulderSeasonHeatTransition,event_slice,shoulder_season_heat_transition,297,150.21222886868685,151.28746738933583,-1.0752385206489408,4.945571380919349,6.844060089526163,3.3556192361878163,54.54545454545454,11.02364068936707,15.44975171286886,26.39220801726016,209.92505,217.50168654722347,-7.5766365472234725,Stage_Selected_Forecast_MWH,stage_selected_production,4.7794340975055025,49.14582421684787,0.8159034471912465,-6.385534192350121
previous_run_fixed_lead_weather,ShoulderSeasonHeatTransition,event_slice,shoulder_season_heat_transition,297,150.21222886868685,149.2237093487754,0.9885195199114779,4.950505379862389,6.43183049085057,3.333571314248038,68.01346801346801,10.409616639522334,16.45101463262978,23.40977713937359,209.92505,218.23844864921426,-8.313398649214264,Targeted_Meta_Adjusted_Forecast_MWH,targeted_residual_meta_adjusted,4.774500098562462,49.095089037788206,0.9026224479287094,-6.380600193407081
previous_run_fixed_lead_weather,ShoulderSeasonHeatTransition,event_slice,shoulder_season_heat_transition,297,150.21222886868685,152.10337083652706,-1.8911419678401873,9.725005478424851,13.24651161363176,6.382182361873364,42.76094276094276,23.62506805415154,35.70695738464016,41.68631735462088,209.92505,211.16977391873462,-1.2447239187346213,Raw_Forecast_MWH,raw_xgb_lgb_production,0.0,0.0,0.0,-1.606100094844619
previous_run_fixed_lead_weather,ShoulderSeasonHeatTransition,event_slice,shoulder_season_heat_transition,297,150.21222886868685,152.2400886283028,-2.0278597596159376,9.72720516286202,13.23347809668381,6.389267546146124,42.76094276094276,22.564487653248733,35.13147141437892,43.40931128549943,209.92505,210.01092747144332,-0.08587747144332525,LGB_Pred_MWH,lgb_component,-0.002199684437169225,-0.02261885036516715,-0.13671779177575027,-1.6039004104074497
previous_run_fixed_lead_weather,ShoulderSeasonHeatTransition,event_slice,shoulder_season_heat_transition,297,150.21222886868685,152.0213401614616,-1.8091112927747532,9.736478004159434,13.26839119773428,6.3863804023172195,42.76094276094276,23.589179204101573,36.05224896679687,41.20132164648439,209.92505,211.86508178710938,-1.9400317871093762,XGB_Pred_MWH,xgb_component,-0.011472525734582462,-0.1179693498377407,0.08203067506543404,-1.5946275691100364
previous_run_fixed_lead_weather,ShoulderSeasonHeatTransition,event_slice,shoulder_season_heat_transition,297,150.21222886868685,151.95980298282532,-1.7475741141384245,9.87751220663794,13.241733405800938,6.4649080491754916,40.4040404040404,23.54873739028945,37.07727287625204,42.94712166084406,209.92505,211.8387622093669,-1.9137122093669063,CatBoost_Pred_MWH,catboost_benchmark,-0.15250672821308875,-1.5681916946106451,0.14356785370176284,-1.4535933666315302
previous_run_fixed_lead_weather,ShoulderSeasonHeatTransition,event_slice,shoulder_season_heat_transition,297,150.21222886868685,157.14988158316345,-6.937652714476557,11.33110557326947,15.042322598155053,7.575449044304014,27.27272727272727,26.86242634615961,32.246316691133245,48.40167525752315,209.92505,214.14854214447746,-4.223492144477461,Final_Backtest_Forecast_MWH,final_corrected_production,-1.606100094844619,-16.515158766828346,-5.04651074663637,0.0
previous_run_fixed_lead_weather,ShoulderSeasonHeatTransition,event_slice,shoulder_season_heat_transition,297,150.21222886868685,151.65706001780603,-1.4448311491191728,11.734830675271123,15.478452320901422,7.715924631743909,48.148148148148145,26.08954403643236,40.12936267575924,47.11525898438049,209.92505,221.55904926097907,-11.633999260979067,Prophet_Pred_MWH,prophet_benchmark,-2.009825196846272,-20.666571358804017,0.4463108187210145,0.403725102001653
previous_run_fixed_lead_weather,ShoulderSeasonHeatTransition,event_slice,shoulder_season_heat_transition,297,150.21222886868685,147.80777938047137,2.404449488215488,14.07185150841751,19.61072953602146,9.15048282151235,56.9023569023569,30.024480200000042,81.87005799999999,43.565540999999996,209.92505,128.644316,81.280734,Baseline_SameHourYesterday_MWH,baseline_same_hour_yesterday,-4.346846029992658,-44.69762037292664,-0.5133075203753008,2.7407459351480394
previous_run_fixed_lead_weather,ShoulderSeasonHeatTransition,event_slice,shoulder_season_heat_transition,297,150.21222886868685,147.40106,2.8111688686868677,17.819063300625302,23.770148377051086,11.453142751247027,46.12794612794613,41.47447122857146,73.1207897142857,66.02250614285714,209.92505,136.8042602857143,73.1207897142857,Baseline_Rolling7DaySameHourAvg_MWH,baseline_rolling_7day_same_hour_avg,-8.094057822200451,-83.22933946060293,-0.9200269008466804,6.487957727355832
previous_run_fixed_lead_weather,ShoulderSeasonHeatTransition,event_slice,shoulder_season_heat_transition,297,150.21222886868685,148.19647761952862,2.015751249158247,27.68380077777778,34.55043695919217,17.9434144261204,49.831649831649834,52.37241880000002,81.635009,111.234667,209.92505,128.290041,81.635009,Baseline_SameHour7DaysAgo_MWH,baseline_same_hour_7_days_ago,-17.95879529935293,-184.66617154298712,-0.12460928131805993,16.352695204508308
previous_run_fixed_lead_weather,CloudSolarMidday,event_slice,cloud_solar_midday,280,135.98353885714286,135.73418021566718,0.2493586414756972,6.508081544594289,8.546086798143516,4.850622909452147,56.42857142857143,13.931505415973215,22.123977831040122,26.940864920359687,219.965008,203.92604463481342,16.03896336518659,Stage_Selected_Forecast_MWH,stage_selected_production,7.4502303411099025,53.374866546292544,4.733346177552808,-7.485548096168078
previous_run_fixed_lead_weather,CloudSolarMidday,event_slice,cloud_solar_midday,280,135.98353885714286,134.41785515767234,1.5656836994705268,6.566478558398861,8.765710134908382,4.822026647113982,60.71428571428571,15.200405942823098,25.470660450408957,27.47235105330654,219.965008,204.5671378582437,15.3978701417563,Targeted_Meta_Adjusted_Forecast_MWH,targeted_residual_meta_adjusted,7.39183332730533,52.95649923738909,3.4170211195579787,-7.427151082363505
previous_run_fixed_lead_weather,CloudSolarMidday,event_slice,cloud_solar_midday,280,135.98353885714286,135.92755339520693,0.05598546193594497,6.630839406419137,8.927022979295627,4.94199856727183,53.214285714285715,15.469312914102087,21.616529737328932,31.219583651757944,219.965008,204.06282524687242,15.90218275312759,Warm_Ramp_Adjusted_Forecast_MWH,warm_ramp_adjusted,7.327472479285054,52.49540588636435,4.92671935709256,-7.362790234343229
previous_run_fixed_lead_weather,CloudSolarMidday,event_slice,cloud_solar_midday,280,135.98353885714286,135.87713103720952,0.10640781993332361,6.643998592322025,8.922637091420626,4.952509125840456,53.57142857142857,15.469312914102087,21.616529737328932,31.219583651757944,219.965008,204.06282524687242,15.90218275312759,Residual_Calibrated_Forecast_MWH,residual_calibrated,7.314313293382166,52.401130976829165,4.876296999095182,-7.349631048440341
previous_run_fixed_lead_weather,CloudSolarMidday,event_slice,cloud_solar_midday,280,135.98353885714286,136.32398648137232,-0.3404476242294594,6.675992990292697,9.01522201193071,4.9916537989596605,52.5,15.32946653398795,22.123977831040122,32.666873206483814,219.965008,203.92604463481342,16.03896336518659,Cloud_Solar_Adjusted_Forecast_MWH,cloud_solar_adjusted,7.282318895411494,52.17191702722943,4.642257194799046,-7.3176366504696695
previous_run_fixed_lead_weather,CloudSolarMidday,event_slice,cloud_solar_midday,280,135.98353885714286,136.32398648137232,-0.3404476242294594,6.675992990292697,9.01522201193071,4.9916537989596605,52.5,15.32946653398795,22.123977831040122,32.666873206483814,219.965008,203.92604463481342,16.03896336518659,Peak_Risk_Adjusted_Forecast_MWH,peak_risk_adjusted,7.282318895411494,52.17191702722943,4.642257194799046,-7.3176366504696695
previous_run_fixed_lead_weather,CloudSolarMidday,event_slice,cloud_solar_midday,280,135.98353885714286,136.78135959885276,-0.7978207417098793,6.802262949728851,9.134358988836238,5.102334992866455,47.85714285714286,14.949063616670468,22.030912476584092,32.73886304367335,219.965008,203.92604463481342,16.03896336518659,Recent_Corrected_Forecast_MWH,recent_corrected_simulation,7.15604893597534,51.26729503231988,4.184884077318626,-7.191366691033515
previous_run_fixed_lead_weather,CloudSolarMidday,event_slice,cloud_solar_midday,278,135.72212726618704,135.55937145683453,0.16275580935251852,12.643787946043165,16.202016151593277,9.29425402087066,51.438848920863315,27.6505856,51.874000000000024,41.295591,219.965008,179.814075,40.15093300000001,Baseline_SameHourYesterday_MWH,baseline_same_hour_yesterday,1.3145239396610258,9.417499411281485,4.819949009675987,-1.349841694719201
previous_run_fixed_lead_weather,CloudSolarMidday,event_slice,cloud_solar_midday,280,135.98353885714286,131.25724497179004,4.726293885352818,13.869885001157716,18.000499743615862,9.957060447097984,57.14285714285714,31.88215912692564,44.13341548273817,39.416181631266625,219.965008,199.0698855728232,20.8951224271768,CatBoost_Pred_MWH,catboost_benchmark,0.08842688454647529,0.6335070119549359,0.2564109336756877,-0.12374463960465043
previous_run_fixed_lead_weather,CloudSolarMidday,event_slice,cloud_solar_midday,280,135.98353885714286,130.94235006059918,5.0411887965436675,13.955682708370537,18.081061763809682,9.996339052453648,58.57142857142858,32.20983855102539,44.53427845117187,37.01171987304687,219.965008,201.15322875976562,18.811779240234387,XGB_Pred_MWH,xgb_component,0.002629177333654198,0.018835926258009367,-0.05848397751516199,-0.037946932391829336
previous_run_fixed_lead_weather,CloudSolarMidday,event_slice,cloud_solar_midday,280,135.98353885714286,131.00083403811436,4.9827048190285055,13.958311885704191,18.09867020320611,9.992200756684042,58.57142857142858,31.93049363324126,44.29785823011795,37.6177677452593,219.965008,201.11866639955352,18.846341600446493,Raw_Forecast_MWH,raw_xgb_lgb_production,0.0,0.0,0.0,-0.03531775505817514
previous_run_fixed_lead_weather,CloudSolarMidday,event_slice,cloud_solar_midday,280,135.98353885714286,131.09830733397297,4.88523152316988,13.985133306454223,18.142779709882443,10.003613179992469,58.92857142857143,31.8111717518928,44.20025089831502,38.62784753228004,219.965008,201.06106246586666,18.903945534133356,LGB_Pred_MWH,lgb_component,-0.026821420750032132,-0.19215375734297832,0.09747329585862552,-0.008496334308143005
previous_run_fixed_lead_weather,CloudSolarMidday,event_slice,cloud_solar_midday,280,135.98353885714286,135.03482087734022,0.9487179798026306,13.993629640762366,17.768598450868,10.226801481838448,46.785714285714285,31.237313521263786,41.13640070668744,43.50892796396165,219.965008,198.39667129188865,21.56833670811136,Final_Backtest_Forecast_MWH,final_corrected_production,-0.03531775505817514,-0.2530231115866299,4.033986839225875,0.0
previous_run_fixed_lead_weather,CloudSolarMidday,event_slice,cloud_solar_midday,280,135.98353885714286,130.18050799501873,5.803030862124125,14.395689174252718,18.583290178053343,10.309097247508648,63.21428571428571,32.629403294911135,49.93427313742697,37.917040874420294,219.965008,198.52781351274845,21.43719448725156,Prophet_Pred_MWH,prophet_benchmark,-0.437377288548527,-3.1334540460904843,-0.8203260430956192,0.40205953349035184
previous_run_fixed_lead_weather,CloudSolarMidday,event_slice,cloud_solar_midday,276,135.19008329347824,138.02985336195653,-2.839770068478262,15.483113690631471,19.249087343911928,11.509901697630472,44.565217391304344,30.905752142857168,38.55502714285714,58.42820757142857,214.474241,175.91921385714286,38.55502714285714,Baseline_Rolling7DaySameHourAvg_MWH,baseline_rolling_7day_same_hour_avg,-1.5248018049272805,-10.923970014518378,2.1429347505502436,1.4894840498691053
previous_run_fixed_lead_weather,CloudSolarMidday,event_slice,cloud_solar_midday,266,134.28270106766914,141.62950916165414,-7.346808093984961,21.66684240225564,29.06533158739746,16.22208276523124,41.72932330827068,40.44459600000001,44.18789100000001,117.47339200000002,214.474241,190.108466,24.365775000000014,Baseline_SameHour7DaysAgo_MWH,baseline_same_hour_7_days_ago,-7.708530516551448,-55.22537810927096,-2.364103274956456,7.673212761493273
previous_run_fixed_lead_weather,WeekendHours,event_slice,weekend,575,139.0845036973913,139.5219640102827,-0.43746031289139803,4.239161411006118,6.084530957429831,3.1021833040867453,50.60869565217392,9.71075422990753,18.92926167699659,27.037784451402516,329.614775,312.0439504313019,17.57082456869813,Recent_Corrected_Forecast_MWH,recent_corrected_simulation,5.002028346054625,54.127536362218066,4.56722939153149,-4.624824481794195
previous_run_fixed_lead_weather,WeekendHours,event_slice,weekend,575,139.0845036973913,138.7604429195558,0.32406077783548576,4.244112008294788,5.9634856126926215,3.0890723896144405,59.30434782608695,9.365207537638499,18.92926167699659,26.47279199947083,329.614775,312.0439504313019,17.57082456869813,Residual_Calibrated_Forecast_MWH,residual_calibrated,4.997077748765955,54.07396536736984,4.680628926587402,-4.619873884505525
previous_run_fixed_lead_weather,WeekendHours,event_slice,weekend,575,139.0845036973913,139.0446604673986,0.0398432299927126,4.245855231068918,6.053138524386415,3.100833912970744,57.04347826086956,9.400880267459602,18.92926167699659,26.940864920359687,329.614775,312.0439504313019,17.57082456869813,Peak_Risk_Adjusted_Forecast_MWH,peak_risk_adjusted,4.995334525991825,54.0551017489402,4.964846474430176,-4.618130661731395
previous_run_fixed_lead_weather,WeekendHours,event_slice,weekend,575,139.0845036973913,139.0446604673986,0.0398432299927126,4.245855231068918,6.053138524386415,3.100833912970744,57.04347826086956,9.400880267459602,18.92926167699659,26.940864920359687,329.614775,312.0439504313019,17.57082456869813,Stage_Selected_Forecast_MWH,stage_selected_production,4.995334525991825,54.0551017489402,4.964846474430176,-4.618130661731395
previous_run_fixed_lead_weather,WeekendHours,event_slice,weekend,575,139.0845036973913,139.03226228481188,0.052241412579444486,4.258253413655651,6.074143590649973,3.1068203683999864,57.04347826086956,9.91106782306802,18.92926167699659,26.940864920359687,329.614775,312.0439504313019,17.57082456869813,Cloud_Solar_Adjusted_Forecast_MWH,cloud_solar_adjusted,4.982936343405092,53.920939558652314,4.952448291843443,-4.605732479144662
previous_run_fixed_lead_weather,WeekendHours,event_slice,weekend,575,139.0845036973913,139.03387774591923,0.05062595147206702,4.2587968505269735,6.065101511241695,3.106748083804056,56.869565217391305,9.686600260731513,18.92926167699659,26.47279199947083,329.614775,312.0439504313019,17.57082456869813,Warm_Ramp_Adjusted_Forecast_MWH,warm_ramp_adjusted,4.98239290653377,53.915058964425725,4.954063752950821,-4.60518904227334
previous_run_fixed_lead_weather,WeekendHours,event_slice,weekend,575,139.0845036973913,137.33775957116924,1.7467441262220769,4.601811793055794,6.126853324443269,3.3145139544656645,68.8695652173913,9.22415709162263,21.192708196297247,23.40977713937359,329.614775,309.81985894855217,19.794916051447842,Targeted_Meta_Adjusted_Forecast_MWH,targeted_residual_meta_adjusted,4.639377964004949,50.20325397452451,3.257945578200811,-4.262174099744519
previous_run_fixed_lead_weather,WeekendHours,event_slice,weekend,575,139.0845036973913,137.46400647346562,1.6204972239256974,8.863985892800313,12.612062295120545,6.13885138225252,50.26086956521739,22.413836303114174,41.13640070668744,33.22603967213931,329.614775,291.02134087587,38.59343412413,Final_Backtest_Forecast_MWH,final_corrected_production,0.37720386426043007,4.081767328413822,3.3841924804971906,0.0
previous_run_fixed_lead_weather,WeekendHours,event_slice,weekend,575,139.0845036973913,134.1553075690726,4.929196128318708,9.183036819796477,12.993656920596445,6.254306096982404,66.08695652173913,22.90906303646249,44.854359898906466,25.174568521839063,329.614775,296.71329755755784,32.90147744244217,CatBoost_Pred_MWH,catboost_benchmark,0.05815293726426596,0.629279765842208,0.07549357610418017,0.3190509269961641
previous_run_fixed_lead_weather,WeekendHours,event_slice,weekend,575,139.0845036973913,134.07889533001443,5.005608367376868,9.231718761301801,12.96144179293585,6.32829684621023,66.95652173913044,21.832091686132816,44.53427845117187,25.19188059863282,329.614775,290.8354187011719,38.779356298828134,XGB_Pred_MWH,xgb_component,0.00947099575894228,0.10248675774356818,-0.0009186629539801316,0.3677328685014878
previous_run_fixed_lead_weather,WeekendHours,event_slice,weekend,575,139.0845036973913,134.0798139929684,5.004689704422888,9.241189757060743,12.996150236948132,6.32890858885561,67.13043478260869,22.039457888633592,44.29785823011795,24.416030505492245,329.614775,289.59620882787914,40.01856617212087,Raw_Forecast_MWH,raw_xgb_lgb_production,0.0,0.0,0.0,0.37720386426043007
previous_run_fixed_lead_weather,WeekendHours,event_slice,weekend,575,139.0845036973913,134.08134509789173,5.003158599499562,9.274186469049992,13.074807956664618,6.341766893839809,67.65217391304348,21.745814428646725,44.329961752604675,24.342326113604344,329.614775,287.53085903905793,42.08391596094208,LGB_Pred_MWH,lgb_component,-0.032996711989248695,-0.3570612968318015,0.0015311049233259766,0.41020057624967876
previous_run_fixed_lead_weather,WeekendHours,event_slice,weekend,575,139.0845036973913,143.97357559304348,-4.889071895652175,9.275049888695651,12.976140614789951,6.7397107642061265,38.608695652173914,22.66484379999999,30.038559000000006,43.565540999999996,329.614775,325.1866,4.42817500000001,Baseline_SameHourYesterday_MWH,baseline_same_hour_yesterday,-0.033860131634908086,-0.36640446225051493,0.11561780877071293,0.41106399589533815
previous_run_fixed_lead_weather,WeekendHours,event_slice,weekend,575,139.0845036973913,132.8237852329445,6.260718464446785,10.67683786972079,15.892380679068685,7.047132465527968,69.3913043478261,22.71293806776988,67.0227827208771,34.635986625790196,329.614775,284.8902824956234,44.7244925043766,Prophet_Pred_MWH,prophet_benchmark,-1.435648112660047,-15.535316884529271,-1.2560287600238969,1.8128519769204772
previous_run_fixed_lead_weather,WeekendHours,event_slice,weekend,575,139.0845036973913,145.92627191863357,-6.841768221242237,15.544635806583853,20.706509818826074,10.9577688105754,32.17391304347826,33.31895568571429,46.822059571428525,83.38548214285714,329.614775,286.9299365714286,42.684838428571425,Baseline_Rolling7DaySameHourAvg_MWH,baseline_rolling_7day_same_hour_avg,-6.30344604952311,-68.21033021973122,-1.837078516819349,6.68064991378354
previous_run_fixed_lead_weather,WeekendHours,event_slice,weekend,527,134.0041117666034,141.4314320626186,-7.427320296015181,21.42249769259962,31.72058991927186,15.332430143448455,48.38709677419355,46.534818800000025,54.343507999999986,122.651209,329.614775,291.683975,37.93080000000003,Baseline_SameHour7DaysAgo_MWH,baseline_same_hour_7_days_ago,-12.181307935538877,-131.81536420926463,-2.422630591592293,12.558511799799307
previous_run_fixed_lead_weather,ScoredSeason:Fall,Season,Fall,432,125.67887118518519,125.8177161917353,-0.1388450065500988,3.387634119585464,5.204440004194666,2.6480950108282957,50.0,7.324278831700809,16.501802115015323,29.12939261698463,197.495883,194.68352396099195,2.8123590390080437,Peak_Risk_Adjusted_Forecast_MWH,peak_risk_adjusted,3.6248334232938375,51.691268460481034,3.163589008883492,-3.604348173220432
previous_run_fixed_lead_weather,ScoredSeason:Fall,Season,Fall,432,125.67887118518519,125.80726400156011,-0.1283928163749334,3.391718306799024,5.2073349740189245,2.6501676969887416,50.231481481481474,7.324278831700809,16.501802115015323,29.12939261698463,197.495883,192.97233098049173,4.523552019508259,Cloud_Solar_Adjusted_Forecast_MWH,cloud_solar_adjusted,3.6207492360802775,51.6330266620187,3.174041199058658,-3.600263986006872
previous_run_fixed_lead_weather,ScoredSeason:Fall,Season,Fall,432,125.67887118518519,125.76268632105045,-0.08381513586525899,3.403071969761867,5.214595027880674,2.6575595197663633,49.76851851851852,7.6297719603550815,16.54324910797439,29.12939261698463,197.495883,192.97233098049173,4.523552019508259,Warm_Ramp_Adjusted_Forecast_MWH,warm_ramp_adjusted,3.6093955731174345,51.47111984543212,3.218618879568332,-3.588910323044029
previous_run_fixed_lead_weather,ScoredSeason:Fall,Season,Fall,432,125.67887118518519,125.44227915391268,0.23659203127251094,3.4145515344428867,5.12754356758667,2.6498822136143616,56.018518518518526,7.817447814122942,16.501802115015323,26.83868756283684,197.495883,194.68352396099195,2.8123590390080437,Stage_Selected_Forecast_MWH,stage_selected_production,3.597916008436415,51.307417630615085,3.0658419841610804,-3.5774307583630094
previous_run_fixed_lead_weather,ScoredSeason:Fall,Season,Fall,432,125.67887118518519,126.39704236836175,-0.7181711831765599,3.4614244701576493,5.268126662197002,2.731315527406791,42.129629629629626,7.243905068903136,15.405252519830043,29.835385597615016,197.495883,194.78981351929068,2.706069480709317,Recent_Corrected_Forecast_MWH,recent_corrected_simulation,3.551043072721652,50.63899477620403,2.584262832257031,-3.530557822648247
previous_run_fixed_lead_weather,ScoredSeason:Fall,Season,Fall,432,125.67887118518519,125.51993275966244,0.1589384255227529,3.4782431041759567,5.272101769394061,2.7042219913025445,52.54629629629629,7.713238141126182,16.54324910797439,29.12939261698463,197.495883,192.97233098049173,4.523552019508259,Residual_Calibrated_Forecast_MWH,residual_calibrated,3.534224438703345,50.39915574785251,3.143495589910838,-3.5137391886299394
previous_run_fixed_lead_weather,ScoredSeason:Fall,Season,Fall,432,125.67887118518519,124.58756829769519,1.0913028874899897,3.576920886589539,5.331731761851908,2.7440227160054214,64.12037037037037,8.285894294021618,18.093333129646282,27.544187236499454,197.495883,192.04645752687392,5.44942547312607,Targeted_Meta_Adjusted_Forecast_MWH,targeted_residual_meta_adjusted,3.4355466562897625,48.991979432094965,2.2111311279436014,-3.415061406216357
previous_run_fixed_lead_weather,ScoredSeason:Fall,Season,Fall,432,125.67887118518519,122.63418036447948,3.044690820705703,6.972636353122176,10.459631565916062,5.215269543899236,56.25,16.17398043137775,43.39449499720928,20.420180424115415,197.495883,160.41861012374795,37.07727287625204,CatBoost_Pred_MWH,catboost_benchmark,0.03983118975712596,0.5680053349775844,0.2577431947278881,-0.01934593968372056
previous_run_fixed_lead_weather,ScoredSeason:Fall,Season,Fall,432,125.67887118518519,124.79042782404393,0.8884433611412589,6.991982292805896,10.035944546189445,5.284622276179728,46.2962962962963,14.437861349357993,41.13640070668744,21.886100712812777,197.495883,165.24956630886675,32.246316691133245,Final_Backtest_Forecast_MWH,final_corrected_production,0.020485250073405403,0.2921261303263617,2.4139906542923324,0.0
previous_run_fixed_lead_weather,ScoredSeason:Fall,Season,Fall,432,125.67887118518519,122.3764371697516,3.302434015433591,7.0124675428793015,10.586039551481477,5.263777077743289,59.25925925925925,16.470627097653082,44.29785823011795,20.662850402439915,197.495883,161.78892561535983,35.70695738464016,Raw_Forecast_MWH,raw_xgb_lgb_production,0.0,0.0,0.0,0.020485250073405403
previous_run_fixed_lead_weather,ScoredSeason:Fall,Season,Fall,432,125.67887118518519,122.33265025527389,3.3462209299112953,7.015205207160102,10.591027759610137,5.265408374799512,59.25925925925925,16.204273139160165,44.53427845117187,20.744428458007803,197.495883,161.44363403320312,36.05224896679687,XGB_Pred_MWH,xgb_component,-0.0027376642808008,-0.03903995653542408,-0.04378691447770411,0.023222914354206203
previous_run_fixed_lead_weather,ScoredSeason:Fall,Season,Fall,432,125.67887118518519,126.15862165277778,-0.4797504675925926,7.0191054398148145,9.918220308284395,5.393021833533557,50.92592592592593,16.36047140000001,23.56616600000001,39.332908,197.495883,183.357908,14.137974999999983,Baseline_SameHourYesterday_MWH,baseline_same_hour_yesterday,-0.006637896935512977,-0.09465850494029485,2.8226835478409984,0.02712314700891838
previous_run_fixed_lead_weather,ScoredSeason:Fall,Season,Fall,432,125.67887118518519,122.44941536054777,3.229455824637397,7.023939343842135,10.58913896084121,5.273437540851423,59.95370370370371,16.34194981211336,43.90382452836138,20.526886976493444,197.495883,162.36441158562107,35.13147141437892,LGB_Pred_MWH,lgb_component,-0.011471800962833179,-0.16359150174580184,0.07297819079619394,0.03195705103623858
previous_run_fixed_lead_weather,ScoredSeason:Fall,Season,Fall,432,125.67887118518519,118.1672869654834,7.511584219701789,10.131080628829928,13.38528792890334,7.843222158778492,78.24074074074075,19.34982707009252,46.54068253319362,14.785151096748422,197.495883,157.36652032424075,40.12936267575924,Prophet_Pred_MWH,prophet_benchmark,-3.118613085950626,-44.47240670821175,-4.209150204268198,3.1390983360240314
previous_run_fixed_lead_weather,ScoredSeason:Fall,Season,Fall,432,125.67887118518519,130.34931658796296,-4.670445402777778,11.162448576719578,15.560809296126099,8.671329191977144,36.574074074074076,24.277321642857157,33.91559628571429,66.02250614285714,197.495883,163.5802867142857,33.91559628571429,Baseline_Rolling7DaySameHourAvg_MWH,baseline_rolling_7day_same_hour_avg,-4.149981033840277,-59.18003910127625,-1.368011387344187,4.170466283913682
previous_run_fixed_lead_weather,ScoredSeason:Fall,Season,Fall,432,125.67887118518519,136.2655214861111,-10.586650300925927,17.28938640277778,24.812725557904166,13.369215917175875,32.175925925925924,37.18598409999999,34.19767499999999,111.234667,197.495883,183.417525,14.07835799999998,Baseline_SameHour7DaysAgo_MWH,baseline_same_hour_7_days_ago,-10.276918859898478,-146.5521059036346,-7.284216285492335,10.297404109971882
previous_run_fixed_lead_weather,ScoredSeason:Spring,Season,Spring,504,129.73888901190477,130.49278695826624,-0.7538979463614822,4.092613930861134,5.77350418657182,3.0801408408392166,47.817460317460316,8.951906914502842,21.136185718184564,24.504803251842347,231.165366,230.2216660504375,0.9436999495625003,Residual_Calibrated_Forecast_MWH,residual_calibrated,3.2544634488276207,44.296027939282304,-0.47103940487324186,-4.150717325480311
previous_run_fixed_lead_weather,ScoredSeason:Spring,Season,Spring,504,129.73888901190477,130.81005996387432,-1.071170951969549,4.138822223284104,5.958310870559479,3.101497047952614,48.80952380952381,10.025222403648069,16.658552597776676,26.39220801726016,231.165366,233.3770695507919,-2.2117035507918956,Stage_Selected_Forecast_MWH,stage_selected_production,3.2082551564046504,43.667093602062515,-0.7883124104813086,-4.104509033057341
previous_run_fixed_lead_weather,ScoredSeason:Spring,Season,Spring,504,129.73888901190477,129.20236375094606,0.5365252609587,4.191648249824278,5.749820048742194,3.1463783128368026,60.51587301587301,8.927165662730845,22.3518844287061,23.40977713937359,231.165366,226.61184547600064,4.553520523999367,Targeted_Meta_Adjusted_Forecast_MWH,targeted_residual_meta_adjusted,3.1554291298644763,42.948086249748336,-0.25366671947045966,-4.051683006517167
previous_run_fixed_lead_weather,ScoredSeason:Spring,Season,Spring,504,129.73888901190477,131.19711361282305,-1.4582246009182942,4.22517930083044,6.078090055864249,3.179219650465835,44.44444444444444,10.068371845428796,16.658552597776676,26.39220801726016,231.165366,232.90660949381294,-1.7412434938129309,Peak_Risk_Adjusted_Forecast_MWH,peak_risk_adjusted,3.1218980788583144,42.491699998817325,-1.175366059430054,-4.018151955511005
previous_run_fixed_lead_weather,ScoredSeason:Spring,Season,Spring,504,129.73888901190477,131.17955322559246,-1.4406642136876922,4.242739688061042,6.08464378023562,3.1889735180882153,44.44444444444444,10.068371845428796,16.658552597776676,26.39220801726016,231.165366,232.90660949381294,-1.7412434938129309,Cloud_Solar_Adjusted_Forecast_MWH,cloud_solar_adjusted,3.1043376916277126,42.25268812616238,-1.1578056721994519,-4.000591568280403
previous_run_fixed_lead_weather,ScoredSeason:Spring,Season,Spring,504,129.73888901190477,131.14626240141035,-1.4073733895055902,4.26474373542263,6.1456253475709515,3.2042443227267188,44.44444444444444,10.05635800242682,21.136185718184564,26.39220801726016,231.165366,232.90660949381294,-1.7412434938129309,Warm_Ramp_Adjusted_Forecast_MWH,warm_ramp_adjusted,3.082333644266125,41.953194242752105,-1.12451484801735,-3.9785875209188157
previous_run_fixed_lead_weather,ScoredSeason:Spring,Season,Spring,504,129.73888901190477,131.77518442515205,-2.036295413247289,4.320143966395723,6.203138648116201,3.254769849058247,36.507936507936506,10.326913497774004,16.440279246568295,26.522275759492132,231.165366,233.3770695507919,-2.2117035507918956,Recent_Corrected_Forecast_MWH,recent_corrected_simulation,3.0269334132930314,41.19914976887397,-1.7534368717590485,-3.923187289945722
previous_run_fixed_lead_weather,ScoredSeason:Spring,Season,Spring,504,129.73888901190477,129.79924340954258,-0.06035439763781794,7.303885546174593,10.959243713978402,5.164805348302635,59.92063492063492,19.863341172678812,34.26091783225016,42.94712166084406,231.165366,245.05422151159564,-13.888855511595636,CatBoost_Pred_MWH,catboost_benchmark,0.04319183351416189,0.5878777544056796,0.22250414385042241,-0.9394457101668525
previous_run_fixed_lead_weather,ScoredSeason:Spring,Season,Spring,504,129.73888901190477,130.021747553393,-0.28285854148824036,7.347077379688755,11.080564150126628,5.207335277161875,58.13492063492064,20.25964820008182,34.865153118217194,41.68631735462088,231.165366,242.97060683010181,-11.805240830101809,Raw_Forecast_MWH,raw_xgb_lgb_production,0.0,0.0,0.0,-0.8962538766526906
previous_run_fixed_lead_weather,ScoredSeason:Spring,Season,Spring,504,129.73888901190477,129.98082383473715,-0.24193482283237971,7.350628651131767,11.07355008385342,5.211428361384549,58.53174603174603,20.432619389843744,34.737203060546875,41.20132164648439,231.165366,242.3426513671875,-11.177285367187494,XGB_Pred_MWH,xgb_component,-0.0035512714430119274,-0.04833583831347058,0.04092371865586064,-0.8927026052096787
previous_run_fixed_lead_weather,ScoredSeason:Spring,Season,Spring,504,129.73888901190477,130.0899537511528,-0.35106473924803017,7.361659597099825,11.111997825142344,5.216941834083666,57.936507936507944,20.073157121661314,35.078403214334344,43.40931128549943,231.165366,244.0171992682924,-12.851833268292381,LGB_Pred_MWH,lgb_component,-0.014582217411070353,-0.19847643705758958,-0.06820619775978981,-0.8816716592416203
previous_run_fixed_lead_weather,ScoredSeason:Spring,Season,Spring,504,129.73888901190477,134.34286153346176,-4.60397252155701,8.243331256341445,12.453659021635536,5.9212191696225895,34.32539682539682,20.56484953333314,31.60843238072954,48.40167525752315,231.165366,247.05088746151765,-15.88552146151764,Final_Backtest_Forecast_MWH,final_corrected_production,-0.8962538766526906,-12.198780961942976,-4.32111398006877,0.0
previous_run_fixed_lead_weather,ScoredSeason:Spring,Season,Spring,504,129.73888901190477,131.89322258847034,-2.154333576565562,8.999252786695239,12.763242572233969,6.6287732519747085,42.06349206349206,19.800313372185414,40.63141863665501,47.11525898438049,231.165366,232.68672529517616,-1.521359295176154,Prophet_Pred_MWH,prophet_benchmark,-1.6521754070064842,-22.487518799978606,-1.8714750350773215,0.7559215303537936
previous_run_fixed_lead_weather,ScoredSeason:Spring,Season,Spring,504,129.73888901190477,128.24036722023808,1.4985217916666664,10.83352299404762,16.542415011198596,7.892457311925229,55.75396825396825,25.814106399999996,81.87005799999999,51.817741999999996,231.165366,204.012758,27.152608000000015,Baseline_SameHourYesterday_MWH,baseline_same_hour_yesterday,-3.486445614358865,-47.453503402553814,-1.2156632501784261,2.5901917377061743
previous_run_fixed_lead_weather,ScoredSeason:Spring,Season,Spring,504,129.73888901190477,126.92349469501133,2.815394316893423,14.209024925170068,20.4690807535722,10.23592170337472,48.61111111111111,36.53771764285717,73.1207897142857,62.78502528571427,231.165366,175.42712471428572,55.73824128571428,Baseline_Rolling7DaySameHourAvg_MWH,baseline_rolling_7day_same_hour_avg,-6.861947545481313,-93.39696849323244,-2.5325357754051825,5.965693668828623
previous_run_fixed_lead_weather,ScoredSeason:Spring,Season,Spring,504,129.73888901190477,125.82234588888889,3.916543123015874,22.26227531746032,29.77689125441591,16.034483979568027,53.37301587301587,49.2880951,106.82750800000001,75.66185800000001,231.165366,128.644316,102.52105,Baseline_SameHour7DaysAgo_MWH,baseline_same_hour_7_days_ago,-14.915197937771563,-203.00858650277914,-3.6336845815276333,14.018944061118873
previous_run_fixed_lead_weather,ScoredSeason:Summer,Season,Summer,504,182.08472098214284,178.31238731732856,3.77233366481429,5.175239332406726,6.702727399996451,2.84925773436648,78.37301587301587,11.365194970345755,20.747920800248096,11.51654420934517,330.534108,315.4123167344102,15.12179126558982,Peak_Risk_Adjusted_Forecast_MWH,peak_risk_adjusted,7.559850432011791,59.36236470930736,0.45256467863637395,-7.047162391675739
previous_run_fixed_lead_weather,ScoredSeason:Summer,Season,Summer,504,182.08472098214284,178.2580429584833,3.826678023659586,5.211784868347255,6.730543551713088,2.8715087226383296,78.96825396825396,11.365194970345755,20.747920800248096,11.51654420934517,330.534108,315.4123167344102,15.12179126558982,Stage_Selected_Forecast_MWH,stage_selected_production,7.523304896071261,59.075397466699954,0.39822031979107786,-7.0106168557352095
previous_run_fixed_lead_weather,ScoredSeason:Summer,Season,Summer,504,182.08472098214284,178.22082897745406,3.8638920046888052,5.2356952139329485,6.752242800763498,2.88885067200271,79.16666666666666,11.365194970345755,20.747920800248096,11.51654420934517,330.534108,315.4123167344102,15.12179126558982,Recent_Corrected_Forecast_MWH,recent_corrected_simulation,7.499394550485568,58.88764578196116,0.3610063387618587,-6.986706510149516
previous_run_fixed_lead_weather,ScoredSeason:Summer,Season,Summer,504,182.08472098214284,178.2003042635894,3.8844167185534535,5.280132772319537,6.8140557986998,2.8962147084168692,78.57142857142857,11.440900975972337,20.747920800248096,11.51654420934517,330.534108,315.4123167344102,15.12179126558982,Residual_Calibrated_Forecast_MWH,residual_calibrated,7.454956992098979,58.538707853696636,0.34048162489721046,-6.9422689517629275
previous_run_fixed_lead_weather,ScoredSeason:Summer,Season,Summer,504,182.08472098214284,178.2003042635894,3.8844167185534535,5.280132772319537,6.8140557986998,2.8962147084168692,78.57142857142857,11.440900975972337,20.747920800248096,11.51654420934517,330.534108,315.4123167344102,15.12179126558982,Warm_Ramp_Adjusted_Forecast_MWH,warm_ramp_adjusted,7.454956992098979,58.538707853696636,0.34048162489721046,-6.9422689517629275
previous_run_fixed_lead_weather,ScoredSeason:Summer,Season,Summer,504,182.08472098214284,178.19558570695938,3.88913527518346,5.283381564653894,6.817301551470538,2.89854633934012,78.57142857142857,11.440900975972337,20.747920800248096,11.51654420934517,330.534108,315.4123167344102,15.12179126558982,Cloud_Solar_Adjusted_Forecast_MWH,cloud_solar_adjusted,7.451708199764623,58.51319729668876,0.3357630682672039,-6.939020159428571
previous_run_fixed_lead_weather,ScoredSeason:Summer,Season,Summer,504,182.08472098214284,177.41516781172444,4.669553170418403,5.854693917466193,7.446403967802479,3.2073453295793706,81.54761904761905,12.373991917379515,22.54438959774103,10.977251634357799,330.534108,315.3377104156307,15.196397584369322,Targeted_Meta_Adjusted_Forecast_MWH,targeted_residual_meta_adjusted,6.880395846952323,54.02706988509776,-0.4446548269677386,-6.367707806616272
previous_run_fixed_lead_weather,ScoredSeason:Summer,Season,Summer,504,182.08472098214284,178.7220213736165,3.362699608526327,12.222401724082465,16.43266188826892,6.599045231951206,66.46825396825396,26.645112715580638,40.80010246188232,68.249837749677,330.534108,308.6762994029898,21.857808597010205,Final_Backtest_Forecast_MWH,final_corrected_production,0.5126880403360516,4.025790550518833,0.8621987349243367,0.0
previous_run_fixed_lead_weather,ScoredSeason:Summer,Season,Summer,504,182.08472098214284,177.87716049618192,4.207560485960945,12.702101344781786,16.9576684515143,6.878062379561207,67.46031746031747,26.807276579785146,41.81393812695313,68.116742203125,330.534108,309.56927490234375,20.964833097656253,XGB_Pred_MWH,xgb_component,0.03298841963673027,0.25903562712921735,0.017337857489718722,0.47969962069932137
previous_run_fixed_lead_weather,ScoredSeason:Summer,Season,Summer,504,182.08472098214284,177.8598226386922,4.224898343450664,12.735089764418516,17.01689776040981,6.890270933654123,68.25396825396825,27.082945292637177,42.75744698657246,68.56125412614512,330.534108,308.45889999583994,22.07520800416006,Raw_Forecast_MWH,raw_xgb_lgb_production,0.0,0.0,0.0,0.5126880403360516
previous_run_fixed_lead_weather,ScoredSeason:Summer,Season,Summer,504,182.08472098214284,178.13856441405443,3.94615656808841,12.756041747420994,17.082323247799117,6.85863280193064,65.87301587301587,27.641474000355107,44.854359898906466,64.1469966547665,330.534108,307.1269854465283,23.40712255347171,CatBoost_Pred_MWH,catboost_benchmark,-0.020951983002477803,-0.1645216750730494,0.2787417753622541,0.5336400233385294
previous_run_fixed_lead_weather,ScoredSeason:Summer,Season,Summer,504,182.08472098214284,177.8309262095427,4.253794772600161,12.82337052910657,17.144186822325665,6.926835699547598,69.24603174603175,27.116041583807792,44.329961752604675,69.30210733117883,330.534108,306.608275151667,23.925832848333016,LGB_Pred_MWH,lgb_component,-0.08828076468805435,-0.6932088137667339,-0.02889642914949686,0.600968805024106
previous_run_fixed_lead_weather,ScoredSeason:Summer,Season,Summer,504,182.08472098214284,174.45826606947878,7.626454912664095,14.91350124870111,20.10833325207827,7.735730800880583,64.48412698412699,33.77496524852743,67.0227827208771,55.14216376012479,330.534108,298.61701666889326,31.917091331106747,Prophet_Pred_MWH,prophet_benchmark,-2.1784114842825932,-17.105584056180064,-3.4015565692134313,2.691099524618645
previous_run_fixed_lead_weather,ScoredSeason:Summer,Season,Summer,480,181.40514675208337,184.07412003124998,-2.6689732791666665,17.242021041666664,22.905929423974907,9.44119164761172,40.208333333333336,33.51965890000002,89.98382500000002,67.11879200000001,330.534108,300.440716,30.093391999999994,Baseline_SameHourYesterday_MWH,baseline_same_hour_yesterday,-4.506931277248148,-35.38986658610281,1.5559250642839975,5.019619317584199
previous_run_fixed_lead_weather,ScoredSeason:Summer,Season,Summer,456,179.16788285526317,191.45281471196742,-12.284931856704262,24.21221632882206,30.59792376470963,13.507492465575908,32.89473684210527,52.11726822619046,46.822059571428525,83.38548214285714,329.614775,286.9299365714286,42.684838428571425,Baseline_Rolling7DaySameHourAvg_MWH,baseline_rolling_7day_same_hour_avg,-11.477126564403543,-90.12207041108036,-8.060033513253597,11.989814604739594
previous_run_fixed_lead_weather,ScoredSeason:Summer,Season,Summer,336,178.00899077083332,196.22380576785716,-18.214814997023808,31.772977699404763,44.755624784985116,18.59015369547822,41.07142857142857,86.08724600000001,54.343507999999986,122.651209,329.614775,291.683975,37.93080000000003,Baseline_SameHour7DaysAgo_MWH,baseline_same_hour_7_days_ago,-19.037887934986244,-149.49158810154265,-13.989916653573143,19.550575975322296
previous_run_fixed_lead_weather,ScoredSeason:Winter,Season,Winter,483,129.70990392546582,130.8230651629949,-1.113161237529075,4.716505059455791,6.692314250041868,3.662445322826334,47.61904761904761,11.808151252140267,22.123977831040122,26.940864920359687,173.572558,166.0238557614136,7.5487022385863725,Stage_Selected_Forecast_MWH,stage_selected_production,6.548165923676709,58.13011257480849,5.998173559406627,-5.162297988134913
previous_run_fixed_lead_weather,ScoredSeason:Winter,Season,Winter,483,129.70990392546582,131.22357962244354,-1.5136756969777034,5.110773364988765,7.301081118854866,3.967896031974092,44.927536231884055,12.401114707077348,21.616529737328932,31.219583651757944,173.572558,166.0238557614136,7.5487022385863725,Residual_Calibrated_Forecast_MWH,residual_calibrated,6.153897618143735,54.63006977619197,5.597659099957999,-4.768029682601939
previous_run_fixed_lead_weather,ScoredSeason:Winter,Season,Winter,483,129.70990392546582,131.22357962244354,-1.5136756969777034,5.110773364988765,7.301081118854866,3.967896031974092,44.927536231884055,12.401114707077348,21.616529737328932,31.219583651757944,173.572558,166.0238557614136,7.5487022385863725,Warm_Ramp_Adjusted_Forecast_MWH,warm_ramp_adjusted,6.153897618143735,54.63006977619197,5.597659099957999,-4.768029682601939
previous_run_fixed_lead_weather,ScoredSeason:Winter,Season,Winter,483,129.70990392546582,128.90109288677064,0.8088110386952171,5.16836305466835,7.123047444372269,3.953039514628751,59.62732919254658,11.117099821156954,25.470660450408957,27.47235105330654,173.572558,162.26644350198956,11.30611449801043,Targeted_Meta_Adjusted_Forecast_MWH,targeted_residual_meta_adjusted,6.09630792846415,54.118828127271925,6.302523758240485,-4.710439992922354
previous_run_fixed_lead_weather,ScoredSeason:Winter,Season,Winter,483,129.70990392546582,131.3977690539512,-1.6878651284853734,5.179189256234525,7.438398679160507,4.026479231906263,44.3064182194617,12.317075271139604,22.123977831040122,32.666873206483814,173.572558,166.0238557614136,7.5487022385863725,Cloud_Solar_Adjusted_Forecast_MWH,cloud_solar_adjusted,6.085481726897975,54.02272055713174,5.423469668450329,-4.699613791356179
previous_run_fixed_lead_weather,ScoredSeason:Winter,Season,Winter,483,129.70990392546582,131.3977690539512,-1.6878651284853734,5.179189256234525,7.438398679160507,4.026479231906263,44.3064182194617,12.317075271139604,22.123977831040122,32.666873206483814,173.572558,166.0238557614136,7.5487022385863725,Peak_Risk_Adjusted_Forecast_MWH,peak_risk_adjusted,6.085481726897975,54.02272055713174,5.423469668450329,-4.699613791356179
previous_run_fixed_lead_weather,ScoredSeason:Winter,Season,Winter,483,129.70990392546582,132.08271484285473,-2.3728109173888923,5.349858144918819,7.646890930398655,4.169169094272992,38.302277432712216,12.932351448060626,22.030912476584092,32.73886304367335,173.572558,166.3565539741277,7.21600402587228,Recent_Corrected_Forecast_MWH,recent_corrected_simulation,5.914812838213681,52.50763956684049,4.73852387954681,-4.528944902671885
previous_run_fixed_lead_weather,ScoredSeason:Winter,Season,Winter,483,129.70990392546582,130.77216369180715,-1.0622597663413196,9.041434304052055,11.647848444178594,7.057033815473162,47.20496894409938,19.363140457142865,30.35123814285714,32.980711428571425,173.572558,158.87706271428573,14.695495285714259,Baseline_Rolling7DaySameHourAvg_MWH,baseline_rolling_7day_same_hour_avg,2.223236679080445,19.73636586820402,6.049075030594383,-0.837368743538649
previous_run_fixed_lead_weather,ScoredSeason:Winter,Season,Winter,483,129.70990392546582,130.09413444513459,-0.38423051966873695,9.372134813664596,12.99672644562121,7.227552565146349,49.68944099378882,22.591700399999993,41.701983999999996,41.295591,173.572558,170.752291,2.8202669999999728,Baseline_SameHourYesterday_MWH,baseline_same_hour_yesterday,1.8925361694679044,16.80063423336333,6.727104277266966,-0.5066682339261082
previous_run_fixed_lead_weather,ScoredSeason:Winter,Season,Winter,483,129.70990392546582,127.23691447701623,2.472989448449611,9.878803047590704,13.188636936813715,7.569469281802118,62.939958592132506,22.81688255453332,34.83001364624104,43.50892796396165,173.572558,159.4815992580518,14.090958741948185,Final_Backtest_Forecast_MWH,final_corrected_production,1.3858679355417962,12.302782190593653,4.638345348486092,0.0
previous_run_fixed_lead_weather,ScoredSeason:Winter,Season,Winter,483,129.70990392546582,126.13261784436946,3.577286081096389,10.428780694220197,13.537773972591232,7.858124721073402,63.56107660455487,23.1513527873201,42.19490548633297,39.39541022331116,173.572558,143.15929829412616,30.413259705873827,Prophet_Pred_MWH,prophet_benchmark,0.835890288912303,7.420458974469373,3.5340487158393135,0.5499776466294932
previous_run_fixed_lead_weather,ScoredSeason:Winter,Season,Winter,483,129.70990392546582,122.83284335957663,6.877060565889206,11.196785312564689,14.335998491531972,8.46165252340017,78.05383022774328,23.342431409240344,44.13341548273817,34.84481619321609,173.572558,152.37758203997532,21.194975960024664,CatBoost_Pred_MWH,catboost_benchmark,0.06788567056781147,0.6026422846212034,0.2342742310464967,1.3179822649739847
previous_run_fixed_lead_weather,ScoredSeason:Winter,Season,Winter,483,129.70990392546582,122.61044098003596,7.099462945429873,11.259014088300168,14.293149437381581,8.513190169570462,79.71014492753623,22.85152593472317,44.20025089831502,33.862636190443865,173.572558,151.99921038603128,21.573347613968707,LGB_Pred_MWH,lgb_component,0.005656894832332782,0.05021802093290879,0.01187185150582959,1.3802110407094634
previous_run_fixed_lead_weather,ScoredSeason:Winter,Season,Winter,483,129.70990392546582,122.59856912853013,7.111334796935703,11.2646709831325,14.30452876170067,8.518440805448012,79.29606625258799,22.614927052245456,44.164655884963864,32.80204864526898,173.572558,152.53523970713965,21.037318292860334,Raw_Forecast_MWH,raw_xgb_lgb_production,0.0,0.0,0.0,1.3858679355417962
previous_run_fixed_lead_weather,ScoredSeason:Winter,Season,Winter,483,129.70990392546582,122.59144601762665,7.118457907839189,11.268723644029828,14.316669942362433,8.522150074868225,79.08902691511386,22.874372623828137,44.14329887695314,32.77639132421875,173.572558,152.8568572998047,20.7157007001953,XGB_Pred_MWH,xgb_component,-0.004052660897327698,-0.03597673561345976,-0.007123110903486385,1.389920596439124
previous_run_fixed_lead_weather,ScoredSeason:Winter,Season,Winter,483,129.70990392546582,130.07461404347828,-0.3647101180124231,13.298837132505177,16.50316309043474,10.384722669835861,53.41614906832298,26.610163400000012,37.214325,48.689558000000005,173.572558,165.249225,8.323332999999991,Baseline_SameHour7DaysAgo_MWH,baseline_same_hour_7_days_ago,-2.034166149372677,-18.05792776742967,6.746624678923279,3.420034084914473
previous_run_fixed_lead_weather,OriginSeason:Fall,Replay_Origin_Season,Fall,480,126.50498252083335,126.64854270447327,-0.1435601836399266,3.419415433107299,5.214161600728248,2.6631423084205306,51.24999999999999,7.5733662368616415,16.501802115015323,29.12939261698463,197.495883,194.68352396099195,2.8123590390080437,Peak_Risk_Adjusted_Forecast_MWH,peak_risk_adjusted,4.38989827017223,56.21362435893295,4.326723344938464,-4.073803898887524
previous_run_fixed_lead_weather,OriginSeason:Fall,Replay_Origin_Season,Fall,480,126.50498252083335,126.63913573331561,-0.13415321248227777,3.4230912015995028,5.216762290487269,2.665007725964932,51.45833333333333,7.5733662368616415,16.501802115015323,29.12939261698463,197.495883,192.97233098049173,4.523552019508259,Cloud_Solar_Adjusted_Forecast_MWH,cloud_solar_adjusted,4.3862225016800265,56.166555325316594,4.336130316096113,-4.07012813039532
previous_run_fixed_lead_weather,OriginSeason:Fall,Replay_Origin_Season,Fall,480,126.50498252083335,126.58988813679865,-0.08490561596531129,3.439719894964356,5.228353233992106,2.6760660673274517,50.83333333333333,7.805780774748266,16.54324910797439,29.12939261698463,197.495883,192.97233098049173,4.523552019508259,Warm_Ramp_Adjusted_Forecast_MWH,warm_ramp_adjusted,4.369593808315173,55.95362120592182,4.3853779126130785,-4.0534994370304664
previous_run_fixed_lead_weather,OriginSeason:Fall,Replay_Origin_Season,Fall,480,126.50498252083335,126.3106493704329,0.1943331504004222,3.443641106478979,5.145137291727293,2.6647507909279904,56.666666666666664,7.899236016339324,16.501802115015323,26.83868756283684,197.495883,194.68352396099195,2.8123590390080437,Stage_Selected_Forecast_MWH,stage_selected_production,4.36567259680055,55.903409219777934,4.275950378177968,-4.049578225515844
previous_run_fixed_lead_weather,OriginSeason:Fall,Replay_Origin_Season,Fall,480,126.50498252083335,127.2395760749994,-0.734593554166077,3.4770870827232137,5.276411757658764,2.7357466326797257,43.125,7.299164488188455,15.405252519830043,29.835385597615016,197.495883,194.78981351929068,2.706069480709317,Recent_Corrected_Forecast_MWH,recent_corrected_simulation,4.332226620556316,55.47512605028266,3.7356899744123133,-4.0161322492716085
previous_run_fixed_lead_weather,OriginSeason:Fall,Replay_Origin_Season,Fall,480,126.50498252083335,126.37140993154942,0.13357258928389937,3.5073739159370367,5.280002625495639,2.7180622917100155,53.333333333333336,7.98369665218014,16.54324910797439,29.12939261698463,197.495883,192.97233098049173,4.523552019508259,Residual_Calibrated_Forecast_MWH,residual_calibrated,4.3019397873424925,55.087296410386074,4.336710939294491,-3.985845416057786
previous_run_fixed_lead_weather,OriginSeason:Fall,Replay_Origin_Season,Fall,480,126.50498252083335,125.36246578357508,1.142516737258267,3.6638806564691473,5.3627327626316985,2.7962227603485506,65.0,8.44953839886191,18.093333129646282,27.544187236499454,197.495883,192.04645752687392,5.44942547312607,Targeted_Meta_Adjusted_Forecast_MWH,targeted_residual_meta_adjusted,4.145433046810382,53.083192765959744,3.327766791320123,-3.8293386755256753
previous_run_fixed_lead_weather,OriginSeason:Fall,Replay_Origin_Season,Fall,480,126.50498252083335,127.02646964375,-0.5214871229166665,7.112163435416666,10.065502490539238,5.461776012754918,51.041666666666664,16.681933000000022,23.56616600000001,39.332908,197.495883,183.357908,14.137974999999983,Baseline_SameHourYesterday_MWH,baseline_same_hour_yesterday,0.6971502678628632,8.927164336734151,3.9487964056617235,-0.3810558965781565
previous_run_fixed_lead_weather,OriginSeason:Fall,Replay_Origin_Season,Fall,480,126.50498252083335,124.50494822733668,2.00003429349665,7.493219331994823,10.463015453083363,5.637050604152929,51.66666666666667,15.187332745891535,41.13640070668744,21.886100712812777,197.495883,165.24956630886675,32.246316691133245,Final_Backtest_Forecast_MWH,final_corrected_production,0.31609437128470663,4.047658773804445,2.47024923508174,0.0
previous_run_fixed_lead_weather,OriginSeason:Fall,Replay_Origin_Season,Fall,480,126.50498252083335,122.30669783222652,4.1982846886068055,7.733435667781631,11.141857748084213,5.765411777067132,60.62499999999999,17.44123865697257,43.39449499720928,20.420180424115415,197.495883,160.41861012374795,37.07727287625204,CatBoost_Pred_MWH,catboost_benchmark,0.07587803549789829,0.9716351318558664,0.2719988399715847,0.24021633578680834
previous_run_fixed_lead_weather,OriginSeason:Fall,Replay_Origin_Season,Fall,480,126.50498252083335,122.11980713548294,4.385175385350392,7.800210552634655,11.265646719576353,5.835922697583705,63.95833333333333,17.091577576574302,43.90382452836138,20.526886976493444,197.495883,162.36441158562107,35.13147141437892,LGB_Pred_MWH,lgb_component,0.009103150644873992,0.116567869991586,0.08510814322799831,0.30699122063983264
previous_run_fixed_lead_weather,OriginSeason:Fall,Replay_Origin_Season,Fall,480,126.50498252083335,122.03469899225496,4.47028352857839,7.809313703279529,11.297825761268495,5.841693592627864,63.33333333333333,16.988908736586115,44.29785823011795,20.662850402439915,197.495883,161.78892561535983,35.70695738464016,Raw_Forecast_MWH,raw_xgb_lgb_production,0.0,0.0,0.0,0.31609437128470663
previous_run_fixed_lead_weather,OriginSeason:Fall,Replay_Origin_Season,Fall,480,126.50498252083335,121.98363410631815,4.521348414515177,7.823434264039104,11.323516991357184,5.851840947083352,63.33333333333333,17.09459319970703,44.53427845117187,20.744428458007803,197.495883,161.44363403320312,36.05224896679687,XGB_Pred_MWH,xgb_component,-0.014120560759574907,-0.18081692317783268,-0.05106488593678726,0.33021493204428154
previous_run_fixed_lead_weather,OriginSeason:Fall,Replay_Origin_Season,Fall,480,126.50498252083335,118.53659255957086,7.968389961262471,10.34641512863376,13.458065423651439,7.948941307054194,80.20833333333334,20.621857784506258,46.54068253319362,14.785151096748422,197.495883,157.36652032424075,40.12936267575924,Prophet_Pred_MWH,prophet_benchmark,-2.5371014253542308,-32.488148405266045,-3.4981064326840805,2.8531957966389374
previous_run_fixed_lead_weather,OriginSeason:Fall,Replay_Origin_Season,Fall,480,126.50498252083335,130.0781357565476,-3.573153235714287,11.146718424404762,15.278168537998866,8.625157744580578,41.041666666666664,23.251386599999996,33.91559628571429,66.02250614285714,197.495883,163.5802867142857,33.91559628571429,Baseline_Rolling7DaySameHourAvg_MWH,baseline_rolling_7day_same_hour_avg,-3.3374047211252327,-42.73621022195185,0.8971302928641034,3.6534990924099393
previous_run_fixed_lead_weather,OriginSeason:Fall,Replay_Origin_Season,Fall,480,126.50498252083335,134.72664154375,-8.221659022916667,17.14381818125,24.23977363128468,13.191499736911394,37.083333333333336,35.22920970000001,34.19767499999999,111.234667,197.495883,183.417525,14.07835799999998,Baseline_SameHour7DaysAgo_MWH,baseline_same_hour_7_days_ago,-9.334504477970473,-119.53040731415922,-3.7513754943382764,9.650598849255179
previous_run_fixed_lead_weather,OriginSeason:Spring,Replay_Origin_Season,Spring,504,129.73888901190477,130.49278695826624,-0.7538979463614822,4.092613930861134,5.77350418657182,3.0801408408392166,47.817460317460316,8.951906914502842,21.136185718184564,24.504803251842347,231.165366,230.2216660504375,0.9436999495625003,Residual_Calibrated_Forecast_MWH,residual_calibrated,3.2544634488276207,44.296027939282304,-0.47103940487324186,-4.150717325480311
previous_run_fixed_lead_weather,OriginSeason:Spring,Replay_Origin_Season,Spring,504,129.73888901190477,130.81005996387432,-1.071170951969549,4.138822223284104,5.958310870559479,3.101497047952614,48.80952380952381,10.025222403648069,16.658552597776676,26.39220801726016,231.165366,233.3770695507919,-2.2117035507918956,Stage_Selected_Forecast_MWH,stage_selected_production,3.2082551564046504,43.667093602062515,-0.7883124104813086,-4.104509033057341
previous_run_fixed_lead_weather,OriginSeason:Spring,Replay_Origin_Season,Spring,504,129.73888901190477,129.20236375094606,0.5365252609587,4.191648249824278,5.749820048742194,3.1463783128368026,60.51587301587301,8.927165662730845,22.3518844287061,23.40977713937359,231.165366,226.61184547600064,4.553520523999367,Targeted_Meta_Adjusted_Forecast_MWH,targeted_residual_meta_adjusted,3.1554291298644763,42.948086249748336,-0.25366671947045966,-4.051683006517167
previous_run_fixed_lead_weather,OriginSeason:Spring,Replay_Origin_Season,Spring,504,129.73888901190477,131.19711361282305,-1.4582246009182942,4.22517930083044,6.078090055864249,3.179219650465835,44.44444444444444,10.068371845428796,16.658552597776676,26.39220801726016,231.165366,232.90660949381294,-1.7412434938129309,Peak_Risk_Adjusted_Forecast_MWH,peak_risk_adjusted,3.1218980788583144,42.491699998817325,-1.175366059430054,-4.018151955511005
previous_run_fixed_lead_weather,OriginSeason:Spring,Replay_Origin_Season,Spring,504,129.73888901190477,131.17955322559246,-1.4406642136876922,4.242739688061042,6.08464378023562,3.1889735180882153,44.44444444444444,10.068371845428796,16.658552597776676,26.39220801726016,231.165366,232.90660949381294,-1.7412434938129309,Cloud_Solar_Adjusted_Forecast_MWH,cloud_solar_adjusted,3.1043376916277126,42.25268812616238,-1.1578056721994519,-4.000591568280403
previous_run_fixed_lead_weather,OriginSeason:Spring,Replay_Origin_Season,Spring,504,129.73888901190477,131.14626240141035,-1.4073733895055902,4.26474373542263,6.1456253475709515,3.2042443227267188,44.44444444444444,10.05635800242682,21.136185718184564,26.39220801726016,231.165366,232.90660949381294,-1.7412434938129309,Warm_Ramp_Adjusted_Forecast_MWH,warm_ramp_adjusted,3.082333644266125,41.953194242752105,-1.12451484801735,-3.9785875209188157
previous_run_fixed_lead_weather,OriginSeason:Spring,Replay_Origin_Season,Spring,504,129.73888901190477,131.77518442515205,-2.036295413247289,4.320143966395723,6.203138648116201,3.254769849058247,36.507936507936506,10.326913497774004,16.440279246568295,26.522275759492132,231.165366,233.3770695507919,-2.2117035507918956,Recent_Corrected_Forecast_MWH,recent_corrected_simulation,3.0269334132930314,41.19914976887397,-1.7534368717590485,-3.923187289945722
previous_run_fixed_lead_weather,OriginSeason:Spring,Replay_Origin_Season,Spring,504,129.73888901190477,129.79924340954258,-0.06035439763781794,7.303885546174593,10.959243713978402,5.164805348302635,59.92063492063492,19.863341172678812,34.26091783225016,42.94712166084406,231.165366,245.05422151159564,-13.888855511595636,CatBoost_Pred_MWH,catboost_benchmark,0.04319183351416189,0.5878777544056796,0.22250414385042241,-0.9394457101668525
previous_run_fixed_lead_weather,OriginSeason:Spring,Replay_Origin_Season,Spring,504,129.73888901190477,130.021747553393,-0.28285854148824036,7.347077379688755,11.080564150126628,5.207335277161875,58.13492063492064,20.25964820008182,34.865153118217194,41.68631735462088,231.165366,242.97060683010181,-11.805240830101809,Raw_Forecast_MWH,raw_xgb_lgb_production,0.0,0.0,0.0,-0.8962538766526906
previous_run_fixed_lead_weather,OriginSeason:Spring,Replay_Origin_Season,Spring,504,129.73888901190477,129.98082383473715,-0.24193482283237971,7.350628651131767,11.07355008385342,5.211428361384549,58.53174603174603,20.432619389843744,34.737203060546875,41.20132164648439,231.165366,242.3426513671875,-11.177285367187494,XGB_Pred_MWH,xgb_component,-0.0035512714430119274,-0.04833583831347058,0.04092371865586064,-0.8927026052096787
previous_run_fixed_lead_weather,OriginSeason:Spring,Replay_Origin_Season,Spring,504,129.73888901190477,130.0899537511528,-0.35106473924803017,7.361659597099825,11.111997825142344,5.216941834083666,57.936507936507944,20.073157121661314,35.078403214334344,43.40931128549943,231.165366,244.0171992682924,-12.851833268292381,LGB_Pred_MWH,lgb_component,-0.014582217411070353,-0.19847643705758958,-0.06820619775978981,-0.8816716592416203
previous_run_fixed_lead_weather,OriginSeason:Spring,Replay_Origin_Season,Spring,504,129.73888901190477,134.34286153346176,-4.60397252155701,8.243331256341445,12.453659021635536,5.9212191696225895,34.32539682539682,20.56484953333314,31.60843238072954,48.40167525752315,231.165366,247.05088746151765,-15.88552146151764,Final_Backtest_Forecast_MWH,final_corrected_production,-0.8962538766526906,-12.198780961942976,-4.32111398006877,0.0
previous_run_fixed_lead_weather,OriginSeason:Spring,Replay_Origin_Season,Spring,504,129.73888901190477,131.89322258847034,-2.154333576565562,8.999252786695239,12.763242572233969,6.6287732519747085,42.06349206349206,19.800313372185414,40.63141863665501,47.11525898438049,231.165366,232.68672529517616,-1.521359295176154,Prophet_Pred_MWH,prophet_benchmark,-1.6521754070064842,-22.487518799978606,-1.8714750350773215,0.7559215303537936
previous_run_fixed_lead_weather,OriginSeason:Spring,Replay_Origin_Season,Spring,504,129.73888901190477,128.24036722023808,1.4985217916666664,10.83352299404762,16.542415011198596,7.892457311925229,55.75396825396825,25.814106399999996,81.87005799999999,51.817741999999996,231.165366,204.012758,27.152608000000015,Baseline_SameHourYesterday_MWH,baseline_same_hour_yesterday,-3.486445614358865,-47.453503402553814,-1.2156632501784261,2.5901917377061743
previous_run_fixed_lead_weather,OriginSeason:Spring,Replay_Origin_Season,Spring,504,129.73888901190477,126.92349469501133,2.815394316893423,14.209024925170068,20.4690807535722,10.23592170337472,48.61111111111111,36.53771764285717,73.1207897142857,62.78502528571427,231.165366,175.42712471428572,55.73824128571428,Baseline_Rolling7DaySameHourAvg_MWH,baseline_rolling_7day_same_hour_avg,-6.861947545481313,-93.39696849323244,-2.5325357754051825,5.965693668828623
previous_run_fixed_lead_weather,OriginSeason:Spring,Replay_Origin_Season,Spring,504,129.73888901190477,125.82234588888889,3.916543123015874,22.26227531746032,29.77689125441591,16.034483979568027,53.37301587301587,49.2880951,106.82750800000001,75.66185800000001,231.165366,128.644316,102.52105,Baseline_SameHour7DaysAgo_MWH,baseline_same_hour_7_days_ago,-14.915197937771563,-203.00858650277914,-3.6336845815276333,14.018944061118873
previous_run_fixed_lead_weather,OriginSeason:Summer,Replay_Origin_Season,Summer,504,182.08472098214284,178.31238731732856,3.77233366481429,5.175239332406726,6.702727399996451,2.84925773436648,78.37301587301587,11.365194970345755,20.747920800248096,11.51654420934517,330.534108,315.4123167344102,15.12179126558982,Peak_Risk_Adjusted_Forecast_MWH,peak_risk_adjusted,7.559850432011791,59.36236470930736,0.45256467863637395,-7.047162391675739
previous_run_fixed_lead_weather,OriginSeason:Summer,Replay_Origin_Season,Summer,504,182.08472098214284,178.2580429584833,3.826678023659586,5.211784868347255,6.730543551713088,2.8715087226383296,78.96825396825396,11.365194970345755,20.747920800248096,11.51654420934517,330.534108,315.4123167344102,15.12179126558982,Stage_Selected_Forecast_MWH,stage_selected_production,7.523304896071261,59.075397466699954,0.39822031979107786,-7.0106168557352095
previous_run_fixed_lead_weather,OriginSeason:Summer,Replay_Origin_Season,Summer,504,182.08472098214284,178.22082897745406,3.8638920046888052,5.2356952139329485,6.752242800763498,2.88885067200271,79.16666666666666,11.365194970345755,20.747920800248096,11.51654420934517,330.534108,315.4123167344102,15.12179126558982,Recent_Corrected_Forecast_MWH,recent_corrected_simulation,7.499394550485568,58.88764578196116,0.3610063387618587,-6.986706510149516
previous_run_fixed_lead_weather,OriginSeason:Summer,Replay_Origin_Season,Summer,504,182.08472098214284,178.2003042635894,3.8844167185534535,5.280132772319537,6.8140557986998,2.8962147084168692,78.57142857142857,11.440900975972337,20.747920800248096,11.51654420934517,330.534108,315.4123167344102,15.12179126558982,Residual_Calibrated_Forecast_MWH,residual_calibrated,7.454956992098979,58.538707853696636,0.34048162489721046,-6.9422689517629275
previous_run_fixed_lead_weather,OriginSeason:Summer,Replay_Origin_Season,Summer,504,182.08472098214284,178.2003042635894,3.8844167185534535,5.280132772319537,6.8140557986998,2.8962147084168692,78.57142857142857,11.440900975972337,20.747920800248096,11.51654420934517,330.534108,315.4123167344102,15.12179126558982,Warm_Ramp_Adjusted_Forecast_MWH,warm_ramp_adjusted,7.454956992098979,58.538707853696636,0.34048162489721046,-6.9422689517629275
previous_run_fixed_lead_weather,OriginSeason:Summer,Replay_Origin_Season,Summer,504,182.08472098214284,178.19558570695938,3.88913527518346,5.283381564653894,6.817301551470538,2.89854633934012,78.57142857142857,11.440900975972337,20.747920800248096,11.51654420934517,330.534108,315.4123167344102,15.12179126558982,Cloud_Solar_Adjusted_Forecast_MWH,cloud_solar_adjusted,7.451708199764623,58.51319729668876,0.3357630682672039,-6.939020159428571
previous_run_fixed_lead_weather,OriginSeason:Summer,Replay_Origin_Season,Summer,504,182.08472098214284,177.41516781172444,4.669553170418403,5.854693917466193,7.446403967802479,3.2073453295793706,81.54761904761905,12.373991917379515,22.54438959774103,10.977251634357799,330.534108,315.3377104156307,15.196397584369322,Targeted_Meta_Adjusted_Forecast_MWH,targeted_residual_meta_adjusted,6.880395846952323,54.02706988509776,-0.4446548269677386,-6.367707806616272
previous_run_fixed_lead_weather,OriginSeason:Summer,Replay_Origin_Season,Summer,504,182.08472098214284,178.7220213736165,3.362699608526327,12.222401724082465,16.43266188826892,6.599045231951206,66.46825396825396,26.645112715580638,40.80010246188232,68.249837749677,330.534108,308.6762994029898,21.857808597010205,Final_Backtest_Forecast_MWH,final_corrected_production,0.5126880403360516,4.025790550518833,0.8621987349243367,0.0
previous_run_fixed_lead_weather,OriginSeason:Summer,Replay_Origin_Season,Summer,504,182.08472098214284,177.87716049618192,4.207560485960945,12.702101344781786,16.9576684515143,6.878062379561207,67.46031746031747,26.807276579785146,41.81393812695313,68.116742203125,330.534108,309.56927490234375,20.964833097656253,XGB_Pred_MWH,xgb_component,0.03298841963673027,0.25903562712921735,0.017337857489718722,0.47969962069932137
previous_run_fixed_lead_weather,OriginSeason:Summer,Replay_Origin_Season,Summer,504,182.08472098214284,177.8598226386922,4.224898343450664,12.735089764418516,17.01689776040981,6.890270933654123,68.25396825396825,27.082945292637177,42.75744698657246,68.56125412614512,330.534108,308.45889999583994,22.07520800416006,Raw_Forecast_MWH,raw_xgb_lgb_production,0.0,0.0,0.0,0.5126880403360516
previous_run_fixed_lead_weather,OriginSeason:Summer,Replay_Origin_Season,Summer,504,182.08472098214284,178.13856441405443,3.94615656808841,12.756041747420994,17.082323247799117,6.85863280193064,65.87301587301587,27.641474000355107,44.854359898906466,64.1469966547665,330.534108,307.1269854465283,23.40712255347171,CatBoost_Pred_MWH,catboost_benchmark,-0.020951983002477803,-0.1645216750730494,0.2787417753622541,0.5336400233385294
previous_run_fixed_lead_weather,OriginSeason:Summer,Replay_Origin_Season,Summer,504,182.08472098214284,177.8309262095427,4.253794772600161,12.82337052910657,17.144186822325665,6.926835699547598,69.24603174603175,27.116041583807792,44.329961752604675,69.30210733117883,330.534108,306.608275151667,23.925832848333016,LGB_Pred_MWH,lgb_component,-0.08828076468805435,-0.6932088137667339,-0.02889642914949686,0.600968805024106
previous_run_fixed_lead_weather,OriginSeason:Summer,Replay_Origin_Season,Summer,504,182.08472098214284,174.45826606947878,7.626454912664095,14.91350124870111,20.10833325207827,7.735730800880583,64.48412698412699,33.77496524852743,67.0227827208771,55.14216376012479,330.534108,298.61701666889326,31.917091331106747,Prophet_Pred_MWH,prophet_benchmark,-2.1784114842825932,-17.105584056180064,-3.4015565692134313,2.691099524618645
previous_run_fixed_lead_weather,OriginSeason:Summer,Replay_Origin_Season,Summer,480,181.40514675208337,184.07412003124998,-2.6689732791666665,17.242021041666664,22.905929423974907,9.44119164761172,40.208333333333336,33.51965890000002,89.98382500000002,67.11879200000001,330.534108,300.440716,30.093391999999994,Baseline_SameHourYesterday_MWH,baseline_same_hour_yesterday,-4.506931277248148,-35.38986658610281,1.5559250642839975,5.019619317584199
previous_run_fixed_lead_weather,OriginSeason:Summer,Replay_Origin_Season,Summer,456,179.16788285526317,191.45281471196742,-12.284931856704262,24.21221632882206,30.59792376470963,13.507492465575908,32.89473684210527,52.11726822619046,46.822059571428525,83.38548214285714,329.614775,286.9299365714286,42.684838428571425,Baseline_Rolling7DaySameHourAvg_MWH,baseline_rolling_7day_same_hour_avg,-11.477126564403543,-90.12207041108036,-8.060033513253597,11.989814604739594
previous_run_fixed_lead_weather,OriginSeason:Summer,Replay_Origin_Season,Summer,336,178.00899077083332,196.22380576785716,-18.214814997023808,31.772977699404763,44.755624784985116,18.59015369547822,41.07142857142857,86.08724600000001,54.343507999999986,122.651209,329.614775,291.683975,37.93080000000003,Baseline_SameHour7DaysAgo_MWH,baseline_same_hour_7_days_ago,-19.037887934986244,-149.49158810154265,-13.989916653573143,19.550575975322296
previous_run_fixed_lead_weather,OriginSeason:Winter,Replay_Origin_Season,Winter,435,129.2431364091954,130.45860544921615,-1.2154690400207382,4.828070058589803,6.8285069154677736,3.757769718531237,45.97701149425287,11.940288596175485,22.123977831040122,26.940864920359687,173.572558,166.0238557614136,7.5487022385863725,Stage_Selected_Forecast_MWH,stage_selected_production,6.02653105819797,55.52052068387212,5.027496725196798,-4.816189580768685
previous_run_fixed_lead_weather,OriginSeason:Winter,Replay_Origin_Season,Winter,435,129.2431364091954,128.522008719077,0.7211276901183843,5.248014858175409,7.268686982071554,4.028848215891321,58.160919540229884,11.261677586571633,25.470660450408957,27.47235105330654,173.572558,162.26644350198956,11.30611449801043,Targeted_Meta_Adjusted_Forecast_MWH,targeted_residual_meta_adjusted,5.606586258612364,51.65170233608302,5.5218380750991525,-4.3962447811830785
previous_run_fixed_lead_weather,OriginSeason:Winter,Replay_Origin_Season,Winter,435,129.2431364091954,130.91338653487512,-1.670250125679708,5.2587702911351935,7.485236617892914,4.092063870495124,43.2183908045977,12.957658740728146,21.616529737328932,31.219583651757944,173.572558,166.0238557614136,7.5487022385863725,Warm_Ramp_Adjusted_Forecast_MWH,warm_ramp_adjusted,5.5958308256525795,51.55261594088467,4.572715639537829,-4.385489348223294
previous_run_fixed_lead_weather,OriginSeason:Winter,Replay_Origin_Season,Winter,435,129.2431364091954,130.91338653487512,-1.670250125679708,5.2587702911351935,7.485236617892914,4.092063870495124,43.2183908045977,12.957658740728146,21.616529737328932,31.219583651757944,173.572558,166.0238557614136,7.5487022385863725,Residual_Calibrated_Forecast_MWH,residual_calibrated,5.5958308256525795,51.55261594088467,4.572715639537829,-4.385489348223294
previous_run_fixed_lead_weather,OriginSeason:Winter,Replay_Origin_Season,Winter,435,129.2431364091954,131.09672494193313,-1.8535885327377317,5.341809063288949,7.637705449718784,4.161972886544125,42.298850574712645,12.793023504916187,22.123977831040122,32.666873206483814,173.572558,166.0238557614136,7.5487022385863725,Cloud_Solar_Adjusted_Forecast_MWH,cloud_solar_adjusted,5.512792053498824,50.78760605005297,4.389377232479805,-4.302450576069539
previous_run_fixed_lead_weather,OriginSeason:Winter,Replay_Origin_Season,Winter,435,129.2431364091954,131.09672494193313,-1.8535885327377317,5.341809063288949,7.637705449718784,4.161972886544125,42.298850574712645,12.793023504916187,22.123977831040122,32.666873206483814,173.572558,166.0238557614136,7.5487022385863725,Peak_Risk_Adjusted_Forecast_MWH,peak_risk_adjusted,5.512792053498824,50.78760605005297,4.389377232479805,-4.302450576069539
previous_run_fixed_lead_weather,OriginSeason:Winter,Replay_Origin_Season,Winter,435,129.2431364091954,131.7804070258193,-2.5372706166238896,5.540954150337361,7.859295812747372,4.322939302729474,36.7816091954023,13.141453183604616,22.030912476584092,32.73886304367335,173.572558,166.3565539741277,7.21600402587228,Recent_Corrected_Forecast_MWH,recent_corrected_simulation,5.313646966450412,48.952945477031875,3.7056951485936467,-4.1033054890211265
previous_run_fixed_lead_weather,OriginSeason:Winter,Replay_Origin_Season,Winter,435,129.2431364091954,131.11805670344827,-1.8749202942528735,8.824748759277504,11.556054651499906,6.929852474503415,43.44827586206896,19.029376542857147,30.35123814285714,32.980711428571425,173.572558,158.87706271428573,14.695495285714259,Baseline_Rolling7DaySameHourAvg_MWH,baseline_rolling_7day_same_hour_avg,2.0298523575102685,18.700386459810947,4.368045470964663,-0.8195108800809834
previous_run_fixed_lead_weather,OriginSeason:Winter,Replay_Origin_Season,Winter,435,129.2431364091954,129.57077255632183,-0.32763614712643707,9.529094749425285,13.170091957051092,7.354116861907636,49.42528735632184,22.75365819999999,41.701983999999996,41.295591,173.572558,170.752291,2.8202669999999728,Baseline_SameHourYesterday_MWH,baseline_same_hour_yesterday,1.3255063673624878,12.211470077075923,5.915329618091099,-0.11516488993320273
previous_run_fixed_lead_weather,OriginSeason:Winter,Replay_Origin_Season,Winter,435,129.2431364091954,127.82188359371081,1.421252815484584,9.644259639358488,13.128573415032317,7.4327038998314015,58.85057471264368,22.83768809992815,34.83001364624104,43.50892796396165,173.572558,159.4815992580518,14.090958741948185,Final_Backtest_Forecast_MWH,final_corrected_production,1.210341477429285,11.150492444695786,4.8217129497329525,0.0
previous_run_fixed_lead_weather,OriginSeason:Winter,Replay_Origin_Season,Winter,435,129.2431364091954,126.6040412858052,2.639095123390213,10.22401987406593,13.47474100247589,7.743113529849996,59.77011494252874,23.180980047672534,42.19490548633297,39.39541022331116,173.572558,143.15929829412616,30.413259705873827,Prophet_Pred_MWH,prophet_benchmark,0.6305812427218438,5.809345142555116,3.6038706418273234,0.5797602347074413
previous_run_fixed_lead_weather,OriginSeason:Winter,Replay_Origin_Season,Winter,435,129.2431364091954,123.21612482910787,6.027011580087549,10.82339560915481,14.137370081550225,8.212820594883976,75.63218390804597,23.467213838320962,44.13341548273817,34.84481619321609,173.572558,152.37758203997532,21.194975960024664,CatBoost_Pred_MWH,catboost_benchmark,0.031205507632963148,0.28748645203277506,0.21595418512998776,1.179135969796322
previous_run_fixed_lead_weather,OriginSeason:Winter,Replay_Origin_Season,Winter,435,129.2431364091954,123.00512405921673,6.238012349978673,10.84623844326621,14.053255449215852,8.234416665459158,76.7816091954023,22.8281460123047,44.14329887695314,32.77639132421875,173.572558,152.8568572998047,20.7157007001953,XGB_Pred_MWH,xgb_component,0.008362673521563835,0.07704266081809388,0.004953415238863279,1.2019788039077213
previous_run_fixed_lead_weather,OriginSeason:Winter,Replay_Origin_Season,Winter,435,129.2431364091954,123.00017064397785,6.242965765217536,10.854601116787773,14.058610648131582,8.23987513139107,77.01149425287356,22.601012752250213,44.164655884963864,32.80204864526898,173.572558,152.53523970713965,21.037318292860334,Raw_Forecast_MWH,raw_xgb_lgb_production,0.0,0.0,0.0,1.210341477429285
previous_run_fixed_lead_weather,OriginSeason:Winter,Replay_Origin_Season,Winter,435,129.2431364091954,122.99191495191313,6.2512214572822895,10.869757553848618,14.076560732893402,8.250006838414183,77.47126436781609,22.80920808897946,44.20025089831502,33.862636190443865,173.572558,151.99921038603128,21.573347613968707,LGB_Pred_MWH,lgb_component,-0.015156437060845462,-0.13963145119542394,-0.008255692064753184,1.2254979144901306
previous_run_fixed_lead_weather,OriginSeason:Winter,Replay_Origin_Season,Winter,435,129.2431364091954,131.08955384827584,-1.8464174390804606,13.019127664367817,16.293656760894873,10.251499889731566,50.3448275862069,26.240833400000017,37.214325,48.689558000000005,173.572558,165.249225,8.323332999999991,Baseline_SameHour7DaysAgo_MWH,baseline_same_hour_7_days_ago,-2.164526547580044,-19.941097091374253,4.396548326137076,3.374868025009329
previous_run_fixed_lead_weather,Horizon:Day1,Replay_Horizon_Bucket,Day1,288,145.21414114583334,146.10139166291506,-0.8872505170817365,4.314590500939268,6.6194526430739264,3.053225833356106,52.77777777777778,11.795668024273443,14.096529559828355,26.83868756283684,300.440716,297.98941812674695,2.451297873253054,Stage_Selected_Forecast_MWH,stage_selected_production,2.1998094100846135,33.768412135122745,0.5008415366790487,-2.178872359151341
previous_run_fixed_lead_weather,Horizon:Day1,Replay_Horizon_Bucket,Day1,288,145.21414114583334,146.66453789968617,-1.4503967538528428,4.528856457147352,7.066950720880997,3.204154554707492,43.40277777777778,12.44654300225932,16.266925349945552,27.544187236499454,300.440716,297.9706506227613,2.4700653772387113,Targeted_Meta_Adjusted_Forecast_MWH,targeted_residual_meta_adjusted,1.985543453876529,30.479299413542716,-0.062304700092057574,-1.9646064029432564
previous_run_fixed_lead_weather,Horizon:Day1,Replay_Horizon_Bucket,Day1,288,145.21414114583334,148.2305608618339,-3.0164197160005846,5.118828127641979,7.880814134266818,3.724064071691899,30.208333333333332,13.86358154491332,14.130342299737606,31.219583651757944,300.440716,298.18805002991115,2.252665970088856,Warm_Ramp_Adjusted_Forecast_MWH,warm_ramp_adjusted,1.395571783381902,21.422875513372606,-1.6283276622397993,-1.3746347324486292
previous_run_fixed_lead_weather,Horizon:Day1,Replay_Horizon_Bucket,Day1,288,145.21414114583334,148.02623788403537,-2.8120967382020265,5.132050561382409,7.846369673108661,3.730534413883497,31.944444444444443,13.86358154491332,14.130342299737606,31.219583651757944,300.440716,298.18805002991115,2.252665970088856,Residual_Calibrated_Forecast_MWH,residual_calibrated,1.3823493496414727,21.21990311497788,-1.4240046844412413,-1.3614122987082
previous_run_fixed_lead_weather,Horizon:Day1,Replay_Horizon_Bucket,Day1,288,145.21414114583334,148.40830540597938,-3.194164260146025,5.138873666674844,8.037004304664938,3.758814922719797,29.51388888888889,13.914573312944365,14.130342299737606,32.666873206483814,300.440716,298.18805002991115,2.252665970088856,Peak_Risk_Adjusted_Forecast_MWH,peak_risk_adjusted,1.3755262443490377,21.115164299651408,-1.8060722063852397,-1.354589193415765
previous_run_fixed_lead_weather,Horizon:Day1,Replay_Horizon_Bucket,Day1,288,145.21414114583334,148.34174149263248,-3.1276003467991482,5.190283668308216,8.068547232146793,3.7808587355683994,29.86111111111111,13.914573312944365,14.130342299737606,32.666873206483814,300.440716,298.18805002991115,2.252665970088856,Cloud_Solar_Adjusted_Forecast_MWH,cloud_solar_adjusted,1.3241162427156654,20.325989512479154,-1.739508293038363,-1.3031791917823927
previous_run_fixed_lead_weather,Horizon:Day1,Replay_Horizon_Bucket,Day1,288,145.21414114583334,148.84230724812207,-3.628166102288747,5.480394955853307,8.318660480008704,4.037846868353496,25.694444444444443,14.112490319803326,14.096529559828355,32.73886304367335,300.440716,297.98941812674695,2.451297873253054,Recent_Corrected_Forecast_MWH,recent_corrected_simulation,1.0340049551705741,15.872604833805138,-2.240074048527962,-1.0130679042373014
previous_run_fixed_lead_weather,Horizon:Day1,Replay_Horizon_Bucket,Day1,288,145.21414114583334,145.36435057977022,-0.150209433936891,6.493462860090609,9.343385490254619,4.477053781902865,60.06944444444444,16.254575192642104,24.178409171991063,36.50156401129826,300.440716,297.2095034470256,3.231212552974398,Final_Backtest_Forecast_MWH,final_corrected_production,0.020937050933272694,0.3213964635152707,1.2378826198238944,0.0
previous_run_fixed_lead_weather,Horizon:Day1,Replay_Horizon_Bucket,Day1,288,145.21414114583334,143.80348955260382,1.410651593229507,6.511605887123957,8.844965089991742,4.511060051063811,69.09722222222221,15.370673128613282,24.59862587890626,30.568648746093743,300.440716,295.8626708984375,4.578045101562509,XGB_Pred_MWH,xgb_component,0.002794023899924447,0.04288996589227364,-0.02255953946872169,0.018143027033348247
previous_run_fixed_lead_weather,Horizon:Day1,Replay_Horizon_Bucket,Day1,288,145.21414114583334,143.82604909207257,1.3880920537607853,6.514399911023881,8.847807414073161,4.514204607248454,69.44444444444444,15.41649146674345,25.401870725465756,30.457036126448088,300.440716,297.19073594303995,3.249980056960055,Raw_Forecast_MWH,raw_xgb_lgb_production,0.0,0.0,0.0,0.020937050933272694
previous_run_fixed_lead_weather,Horizon:Day1,Replay_Horizon_Bucket,Day1,288,145.21414114583334,143.86364832452045,1.350492821312892,6.541590064992958,8.88195729001928,4.531965469486284,69.44444444444444,15.162695284794598,26.740612136398255,31.24175736624653,300.440716,299.40417768404416,1.0365383159558519,LGB_Pred_MWH,lgb_component,-0.027190153969076647,-0.4173853975876516,0.037599232447893316,0.04812720490234934
previous_run_fixed_lead_weather,Horizon:Day1,Replay_Horizon_Bucket,Day1,288,145.21414114583334,143.9206344231307,1.2935067227026544,6.665472522341219,8.86968179125011,4.5814012800951325,69.09722222222221,14.575756148090285,24.42231133473146,30.536779011883397,300.440716,295.2035660685289,5.2371499314710945,CatBoost_Pred_MWH,catboost_benchmark,-0.1510726113173373,-2.319056450029837,0.09458533105813083,0.17200966225060998
previous_run_fixed_lead_weather,Horizon:Day1,Replay_Horizon_Bucket,Day1,288,145.21414114583334,142.44622198263056,2.7679191632027593,10.937221395649566,14.59511291271225,7.620485826376361,57.638888888888886,24.28619542707063,42.19490548633297,47.11525898438049,300.440716,288.8915255888142,11.549190411185805,Prophet_Pred_MWH,prophet_benchmark,-4.422821484625684,-67.89299927904705,-1.379827109441974,4.443758535558957
previous_run_fixed_lead_weather,Horizon:Day1,Replay_Horizon_Bucket,Day1,264,140.62668074242424,142.56842614448053,-1.9417454020562774,16.190134218073595,23.316208820348976,11.026969420235936,47.72727272727273,44.56971664285715,73.1207897142857,66.02250614285714,299.403183,285.40859971428574,13.99458328571427,Baseline_Rolling7DaySameHourAvg_MWH,baseline_rolling_7day_same_hour_avg,-9.675734307049714,-148.52840536664195,-0.5536533482954922,9.696671357982986
previous_run_fixed_lead_weather,Horizon:Day1,Replay_Horizon_Bucket,Day1,264,140.62668074242424,136.3441695719697,4.282511170454546,18.865985170454543,26.643758610740797,12.392715867786071,47.34848484848485,43.87038880000001,89.98382500000002,51.817741999999996,299.403183,221.1832,78.21998300000001,Baseline_SameHourYesterday_MWH,baseline_same_hour_yesterday,-12.351585259430662,-189.60434465389366,-2.8944191166937605,12.372522310363934
previous_run_fixed_lead_weather,Horizon:Day1,Replay_Horizon_Bucket,Day1,264,140.62668074242424,147.1725296212121,-6.545848878787878,21.362790931818182,30.004826596428423,15.351864306858978,41.28787878787879,50.94942930000008,81.635009,111.234667,299.403183,300.440716,-1.0375329999999963,Baseline_SameHour7DaysAgo_MWH,baseline_same_hour_7_days_ago,-14.8483910207943,-227.9318313827704,-5.157756825027093,14.869328071727573
previous_run_fixed_lead_weather,Horizon:Days2to7,Replay_Horizon_Bucket,Days2to7,1635,142.0676347003058,141.01245344038378,1.05518125992204,4.414029561479212,6.069158130735814,3.0718085439222063,60.48929663608563,9.71002410464601,21.616529737328932,26.47279199947083,330.534108,315.4123167344102,15.12179126558982,Residual_Calibrated_Forecast_MWH,residual_calibrated,5.809509967347725,56.82483988022802,2.888821033835276,-5.516618965068811
previous_run_fixed_lead_weather,Horizon:Days2to7,Replay_Horizon_Bucket,Days2to7,1635,142.0676347003058,141.32695557172016,0.7406791285856631,4.417627966710319,6.1123504213175535,3.085370286177819,58.96024464831804,9.953708917550466,22.123977831040122,26.940864920359687,330.534108,315.4123167344102,15.12179126558982,Peak_Risk_Adjusted_Forecast_MWH,peak_risk_adjusted,5.805911562116617,56.78964262568657,3.203323165171653,-5.513020559837703
previous_run_fixed_lead_weather,Horizon:Days2to7,Replay_Horizon_Bucket,Days2to7,1635,142.0676347003058,141.3282740930676,0.7393606072382265,4.417897318965242,6.112847031577431,3.0854899544818353,58.96024464831804,9.953708917550466,22.123977831040122,26.940864920359687,330.534108,315.4123167344102,15.12179126558982,Stage_Selected_Forecast_MWH,stage_selected_production,5.805642209861695,56.78700799749187,3.2046416865190896,-5.512751207582781
previous_run_fixed_lead_weather,Horizon:Days2to7,Replay_Horizon_Bucket,Days2to7,1635,142.0676347003058,141.29450090144366,0.7731337988621501,4.4484000820758505,6.146656154018477,3.100235233278314,59.021406727828754,10.084795747738022,22.123977831040122,26.940864920359687,330.534108,315.4123167344102,15.12179126558982,Cloud_Solar_Adjusted_Forecast_MWH,cloud_solar_adjusted,5.775139446751086,56.48864985034917,3.170868494895166,-5.482248444472172
previous_run_fixed_lead_weather,Horizon:Days2to7,Replay_Horizon_Bucket,Days2to7,1635,142.0676347003058,141.24204129619923,0.8255934041065864,4.449557116432944,6.160125810559104,3.0988748593465796,59.021406727828754,10.1013400358837,21.616529737328932,26.47279199947083,330.534108,315.4123167344102,15.12179126558982,Warm_Ramp_Adjusted_Forecast_MWH,warm_ramp_adjusted,5.773982412393993,56.47733249441945,3.1184088896507296,-5.481091410115079
previous_run_fixed_lead_weather,Horizon:Days2to7,Replay_Horizon_Bucket,Days2to7,1635,142.0676347003058,141.75588981020513,0.3117448901006572,4.475294223060423,6.191405281013085,3.135854327157496,53.57798165137615,10.253739360409794,22.030912476584092,27.037784451402516,330.534108,315.4123167344102,15.12179126558982,Recent_Corrected_Forecast_MWH,recent_corrected_simulation,5.748245305766513,56.225588892754786,3.632257403656659,-5.455354303487599
previous_run_fixed_lead_weather,Horizon:Days2to7,Replay_Horizon_Bucket,Days2to7,1635,142.0676347003058,139.68006505283844,2.3875696474673664,4.7710060985122045,6.402047807237508,3.2869823259339586,70.70336391437309,10.068970774205173,25.470660450408957,23.40977713937359,330.534108,315.3377104156307,15.196397584369322,Targeted_Meta_Adjusted_Forecast_MWH,targeted_residual_meta_adjusted,5.452533430314732,53.33312807115799,1.5564326462899496,-5.159642428035818
previous_run_fixed_lead_weather,Horizon:Days2to7,Replay_Horizon_Bucket,Days2to7,1635,142.0676347003058,141.45850919301495,0.6091255072908541,9.930648526548023,13.916431295057457,6.70326131842522,51.31498470948013,23.68201967762032,41.13640070668744,68.249837749677,330.534108,308.6762994029898,21.857808597010205,Final_Backtest_Forecast_MWH,final_corrected_production,0.29289100227891396,2.864868878856095,3.334876786466462,0.0
previous_run_fixed_lead_weather,Horizon:Days2to7,Replay_Horizon_Bucket,Days2to7,1635,142.0676347003058,143.32101126483178,-1.253376564525994,9.978373253211009,14.129995089028526,6.7636616562817125,49.48012232415902,23.4323262,46.680859,67.11879200000001,330.534108,300.440716,30.093391999999994,Baseline_SameHourYesterday_MWH,baseline_same_hour_yesterday,0.24516627561592763,2.3980567094658496,2.6906257292313223,0.04772472666298633
previous_run_fixed_lead_weather,Horizon:Days2to7,Replay_Horizon_Bucket,Days2to7,1635,142.0676347003058,138.26161571214797,3.8060189881578497,10.159494483214331,14.238569540751447,6.776968728328393,64.52599388379205,23.651872450390695,44.854359898906466,64.1469966547665,330.534108,307.1269854465283,23.40712255347171,CatBoost_Pred_MWH,catboost_benchmark,0.06404504561260538,0.6264468918227384,0.13798330559946637,0.22884595666630858
previous_run_fixed_lead_weather,Horizon:Days2to7,Replay_Horizon_Bucket,Days2to7,1635,142.0676347003058,138.10666204796655,3.9609726523392705,10.216878037925566,14.242525826661518,6.840839720370047,65.68807339449542,23.840013838281255,44.53427845117187,68.116742203125,330.534108,309.56927490234375,20.964833097656253,XGB_Pred_MWH,xgb_component,0.00666149090137047,0.0651583620583391,-0.016970358581954503,0.2862295113775435
previous_run_fixed_lead_weather,Horizon:Days2to7,Replay_Horizon_Bucket,Days2to7,1635,142.0676347003058,138.1236324065485,3.944002293757316,10.223539528826937,14.261077118764948,6.841260678886972,65.81039755351682,23.95701182867424,44.29785823011795,68.56125412614512,330.534108,308.45889999583994,22.07520800416006,Raw_Forecast_MWH,raw_xgb_lgb_production,0.0,0.0,0.0,0.29289100227891396
previous_run_fixed_lead_weather,Horizon:Days2to7,Replay_Horizon_Bucket,Days2to7,1635,142.0676347003058,138.15191633751843,3.915718362787367,10.251818254482465,14.309029232964297,6.853366172041868,66.36085626911316,23.92391889922774,44.329961752604675,69.30210733117883,330.534108,306.608275151667,23.925832848333016,LGB_Pred_MWH,lgb_component,-0.028278725655528802,-0.2766040623777345,0.02828393096994919,0.32116972793444276
previous_run_fixed_lead_weather,Horizon:Days2to7,Replay_Horizon_Bucket,Days2to7,1635,142.0676347003058,137.82688730307524,4.240747397230578,11.202346286761815,15.453638654543843,7.479361674320145,62.14067278287462,25.069150516601198,67.0227827208771,55.14216376012479,330.534108,298.61701666889326,31.917091331106747,Prophet_Pred_MWH,prophet_benchmark,-0.978806757934878,-9.57404972294549,-0.296745103473262,1.271697760213792
previous_run_fixed_lead_weather,Horizon:Days2to7,Replay_Horizon_Bucket,Days2to7,1611,140.84833449782744,144.69752958531524,-3.849195087487807,14.349543344914427,20.31259530563329,9.659691321954593,40.657976412166356,34.476141857142835,59.25560799999997,83.38548214285714,329.614775,286.9299365714286,42.684838428571425,Baseline_Rolling7DaySameHourAvg_MWH,baseline_rolling_7day_same_hour_avg,-4.12600381608749,-40.35788001262722,0.09480720626950889,4.418894818366404
previous_run_fixed_lead_weather,Horizon:Days2to7,Replay_Horizon_Bucket,Days2to7,1491,137.50310743997318,142.31043401140172,-4.807326571428571,20.22031101408451,29.297030766450483,14.128840855883903,46.6130114017438,44.18789100000001,106.82750800000001,122.651209,329.614775,291.683975,37.93080000000003,Baseline_SameHour7DaysAgo_MWH,baseline_same_hour_7_days_ago,-9.996771485257572,-97.7819028045037,-0.8633242776712549,10.289662487536486
