IntervalStartDT,HE,Export_MW,Export_kWh,Export_kW
2025-06-01 00:00:00,1,0.0,0.0,0.0
2025-06-01 01:00:00,2,0.0,0.0,0.0
2025-06-01 02:00:00,3,0.0,0.0,0.0
2025-06-01 03:00:00,4,0.0,0.0,0.0
2025-06-01 04:00:00,5,0.0,0.0,0.0
2025-06-01 05:00:00,6,0.000768,0.768,0.768
2025-06-01 06:00:00,7,0.30723301000000003,307.23301000000004,307.23301000000004
2025-06-01 07:00:00,8,2.38453233,2384.53233,2384.53233
2025-06-01 08:00:00,9,6.506751,6506.751,6506.751
2025-06-01 09:00:00,10,12.61980299,12619.80299,12619.80299
2025-06-01 10:00:00,11,17.98141433,17981.41433,17981.41433
2025-06-01 11:00:00,12,21.16470133,21164.70133,21164.70133
2025-06-01 12:00:00,13,22.50636833,22506.36833,22506.36833
2025-06-01 13:00:00,14,21.807075,21807.075,21807.075
2025-06-01 14:00:00,15,19.54379,19543.79,19543.79
2025-06-01 15:00:00,16,16.22053767,16220.53767,16220.53767
2025-06-01 16:00:00,17,11.61826366,11618.26366,11618.26366
2025-06-01 17:00:00,18,6.74205667,6742.05667,6742.05667
2025-06-01 18:00:00,19,2.906177,2906.177,2906.177
2025-06-01 19:00:00,20,0.43346999999999997,433.46999999999997,433.46999999999997
2025-06-01 20:00:00,21,0.003522,3.522,3.522
2025-06-01 21:00:00,22,0.0,0.0,0.0
2025-06-01 22:00:00,23,0.0,0.0,0.0
2025-06-01 23:00:00,24,0.0,0.0,0.0
2025-06-02 00:00:00,1,0.0,0.0,0.0
2025-06-02 01:00:00,2,0.0,0.0,0.0
2025-06-02 02:00:00,3,0.0,0.0,0.0
2025-06-02 03:00:00,4,0.0,0.0,0.0
2025-06-02 04:00:00,5,0.0,0.0,0.0
2025-06-02 05:00:00,6,0.007000999999999999,7.0009999999999994,7.0009999999999994
2025-06-02 06:00:00,7,0.26138134,261.38134,261.38134
2025-06-02 07:00:00,8,2.24704833,2247.04833,2247.04833
2025-06-02 08:00:00,9,7.23487,7234.87,7234.87
2025-06-02 09:00:00,10,14.019069,14019.069,14019.069
2025-06-02 10:00:00,11,19.83779633,19837.79633,19837.79633
2025-06-02 11:00:00,12,23.261833,23261.833,23261.833
2025-06-02 12:00:00,13,24.90942634,24909.426339999998,24909.426339999998
2025-06-02 13:00:00,14,24.398809,24398.809,24398.809
2025-06-02 14:00:00,15,21.853171330000002,21853.17133,21853.17133
2025-06-02 15:00:00,16,17.33549667,17335.49667,17335.49667
2025-06-02 16:00:00,17,11.81362267,11813.62267,11813.62267
2025-06-02 17:00:00,18,6.495762009999999,6495.7620099999995,6495.7620099999995
2025-06-02 18:00:00,19,2.5247176799999997,2524.7176799999997,2524.7176799999997
2025-06-02 19:00:00,20,0.44135667,441.35667,441.35667
2025-06-02 20:00:00,21,0.00544,5.44,5.44
2025-06-02 21:00:00,22,0.0,0.0,0.0
2025-06-02 22:00:00,23,0.0,0.0,0.0
2025-06-02 23:00:00,24,0.0,0.0,0.0
2025-06-03 00:00:00,1,0.0,0.0,0.0
2025-06-03 01:00:00,2,0.0,0.0,0.0
2025-06-03 02:00:00,3,0.0,0.0,0.0
2025-06-03 03:00:00,4,0.0,0.0,0.0
2025-06-03 04:00:00,5,0.0,0.0,0.0
2025-06-03 05:00:00,6,0.0009459999999999999,0.946,0.946
2025-06-03 06:00:00,7,0.25219434,252.19434,252.19434
2025-06-03 07:00:00,8,2.3030976599999997,2303.09766,2303.09766
2025-06-03 08:00:00,9,7.50234399,7502.34399,7502.34399
2025-06-03 09:00:00,10,14.45855751,14458.55751,14458.55751
2025-06-03 10:00:00,11,20.65360195,20653.60195,20653.60195
2025-06-03 11:00:00,12,24.6315766,24631.5766,24631.5766
2025-06-03 12:00:00,13,26.1022294,26102.2294,26102.2294
2025-06-03 13:00:00,14,25.446391060000003,25446.39106,25446.39106
2025-06-03 14:00:00,15,22.938915140000002,22938.91514,22938.91514
2025-06-03 15:00:00,16,18.417210009999998,18417.21001,18417.21001
2025-06-03 16:00:00,17,12.61255349,12612.55349,12612.55349
2025-06-03 17:00:00,18,6.87023066,6870.23066,6870.23066
2025-06-03 18:00:00,19,2.5785186600000003,2578.51866,2578.51866
2025-06-03 19:00:00,20,0.46117332999999994,461.17332999999996,461.17332999999996
2025-06-03 20:00:00,21,0.00433833,4.33833,4.33833
2025-06-03 21:00:00,22,0.0,0.0,0.0
2025-06-03 22:00:00,23,0.0,0.0,0.0
2025-06-03 23:00:00,24,0.0,0.0,0.0
2025-06-04 00:00:00,1,0.0,0.0,0.0
2025-06-04 01:00:00,2,0.0,0.0,0.0
2025-06-04 02:00:00,3,0.0,0.0,0.0
2025-06-04 03:00:00,4,0.0,0.0,0.0
2025-06-04 04:00:00,5,0.0,0.0,0.0
2025-06-04 05:00:00,6,0.008754999999999999,8.754999999999999,8.754999999999999
2025-06-04 06:00:00,7,0.23670499999999997,236.70499999999998,236.70499999999998
2025-06-04 07:00:00,8,2.03548134,2035.48134,2035.48134
2025-06-04 08:00:00,9,6.606693999999999,6606.6939999999995,6606.6939999999995
2025-06-04 09:00:00,10,12.70476434,12704.76434,12704.76434
2025-06-04 10:00:00,11,18.326634010000003,18326.63401,18326.63401
2025-06-04 11:00:00,12,21.93966733,21939.66733,21939.66733
2025-06-04 12:00:00,13,23.259529670000003,23259.529670000004,23259.529670000004
2025-06-04 13:00:00,14,22.39775032,22397.75032,22397.75032
2025-06-04 14:00:00,15,19.84966399,19849.66399,19849.66399
2025-06-04 15:00:00,16,15.32490967,15324.909670000001,15324.909670000001
2025-06-04 16:00:00,17,10.342633000000001,10342.633000000002,10342.633000000002
2025-06-04 17:00:00,18,5.67535467,5675.35467,5675.35467
2025-06-04 18:00:00,19,2.1989153299999997,2198.91533,2198.91533
2025-06-04 19:00:00,20,0.35801134,358.01134,358.01134
2025-06-04 20:00:00,21,0.004868669999999999,4.86867,4.86867
2025-06-04 21:00:00,22,0.0,0.0,0.0
2025-06-04 22:00:00,23,0.0,0.0,0.0
2025-06-04 23:00:00,24,0.0,0.0,0.0
2025-06-05 00:00:00,1,0.0,0.0,0.0
2025-06-05 01:00:00,2,0.0,0.0,0.0
2025-06-05 02:00:00,3,0.0,0.0,0.0
2025-06-05 03:00:00,4,0.0,0.0,0.0
2025-06-05 04:00:00,5,0.0,0.0,0.0
2025-06-05 05:00:00,6,0.001035,1.035,1.035
2025-06-05 06:00:00,7,0.213007,213.007,213.007
2025-06-05 07:00:00,8,2.12608133,2126.08133,2126.08133
2025-06-05 08:00:00,9,6.98993966,6989.93966,6989.93966
2025-06-05 09:00:00,10,13.62658667,13626.58667,13626.58667
2025-06-05 10:00:00,11,19.742400999999997,19742.400999999998,19742.400999999998
2025-06-05 11:00:00,12,24.274769329999998,24274.76933,24274.76933
2025-06-05 12:00:00,13,26.044381679999997,26044.38168,26044.38168
2025-06-05 13:00:00,14,25.55722365,25557.22365,25557.22365
2025-06-05 14:00:00,15,23.25666565,23256.66565,23256.66565
2025-06-05 15:00:00,16,18.76390467,18763.90467,18763.90467
2025-06-05 16:00:00,17,12.966655350000002,12966.65535,12966.65535
2025-06-05 17:00:00,18,7.145015320000001,7145.01532,7145.01532
2025-06-05 18:00:00,19,2.84184901,2841.84901,2841.84901
2025-06-05 19:00:00,20,0.54105967,541.05967,541.05967
2025-06-05 20:00:00,21,0.018317999999999997,18.317999999999998,18.317999999999998
2025-06-05 21:00:00,22,0.0,0.0,0.0
2025-06-05 22:00:00,23,0.0,0.0,0.0
2025-06-05 23:00:00,24,0.0,0.0,0.0
2025-06-06 00:00:00,1,0.0,0.0,0.0
2025-06-06 01:00:00,2,0.0,0.0,0.0
2025-06-06 02:00:00,3,0.0,0.0,0.0
2025-06-06 03:00:00,4,0.0,0.0,0.0
2025-06-06 04:00:00,5,0.0,0.0,0.0
2025-06-06 05:00:00,6,0.001071,1.071,1.071
2025-06-06 06:00:00,7,0.19729032999999999,197.29032999999998,197.29032999999998
2025-06-06 07:00:00,8,2.07792,2077.92,2077.92
2025-06-06 08:00:00,9,6.84444433,6844.44433,6844.44433
2025-06-06 09:00:00,10,13.29823399,13298.23399,13298.23399
2025-06-06 10:00:00,11,18.912950000000002,18912.95,18912.95
2025-06-06 11:00:00,12,22.59241867,22592.41867,22592.41867
2025-06-06 12:00:00,13,23.943091329999998,23943.09133,23943.09133
2025-06-06 13:00:00,14,23.166279,23166.279,23166.279
2025-06-06 14:00:00,15,20.43136068,20431.36068,20431.36068
2025-06-06 15:00:00,16,16.33280034,16332.80034,16332.80034
2025-06-06 16:00:00,17,10.92069367,10920.69367,10920.69367
2025-06-06 17:00:00,18,6.15835565,6158.3556499999995,6158.3556499999995
2025-06-06 18:00:00,19,2.27140766,2271.40766,2271.40766
2025-06-06 19:00:00,20,0.50480532,504.80532000000005,504.80532000000005
2025-06-06 20:00:00,21,0.006898,6.898,6.898
2025-06-06 21:00:00,22,0.0,0.0,0.0
2025-06-06 22:00:00,23,0.0,0.0,0.0
2025-06-06 23:00:00,24,0.0,0.0,0.0
2025-06-07 00:00:00,1,0.0,0.0,0.0
2025-06-07 01:00:00,2,0.0,0.0,0.0
2025-06-07 02:00:00,3,0.0,0.0,0.0
2025-06-07 03:00:00,4,0.0,0.0,0.0
2025-06-07 04:00:00,5,0.0,0.0,0.0
2025-06-07 05:00:00,6,0.001197,1.1969999999999998,1.1969999999999998
2025-06-07 06:00:00,7,0.21497266,214.97266000000002,214.97266000000002
2025-06-07 07:00:00,8,2.0246483299999998,2024.64833,2024.64833
2025-06-07 08:00:00,9,6.42530098,6425.30098,6425.30098
2025-06-07 09:00:00,10,12.12138635,12121.38635,12121.38635
2025-06-07 10:00:00,11,17.03444233,17034.44233,17034.44233
2025-06-07 11:00:00,12,20.10781535,20107.81535,20107.81535
2025-06-07 12:00:00,13,20.901651010000002,20901.65101,20901.65101
2025-06-07 13:00:00,14,19.96797968,19967.97968,19967.97968
2025-06-07 14:00:00,15,17.551586339999997,17551.586339999998,17551.586339999998
2025-06-07 15:00:00,16,13.830251339999998,13830.251339999999,13830.251339999999
2025-06-07 16:00:00,17,8.86268834,8862.68834,8862.68834
2025-06-07 17:00:00,18,5.50578733,5505.78733,5505.78733
2025-06-07 18:00:00,19,1.64579232,1645.79232,1645.79232
2025-06-07 19:00:00,20,0.39694232,396.94232,396.94232
2025-06-07 20:00:00,21,0.00735333,7.35333,7.35333
2025-06-07 21:00:00,22,0.0,0.0,0.0
2025-06-07 22:00:00,23,0.0,0.0,0.0
2025-06-07 23:00:00,24,0.0,0.0,0.0
2025-06-08 00:00:00,1,0.0,0.0,0.0
2025-06-08 01:00:00,2,0.0,0.0,0.0
2025-06-08 02:00:00,3,0.0,0.0,0.0
2025-06-08 03:00:00,4,0.0,0.0,0.0
2025-06-08 04:00:00,5,0.0,0.0,0.0
2025-06-08 05:00:00,6,0.0011719999999999999,1.172,1.172
2025-06-08 06:00:00,7,0.21903266999999998,219.03267,219.03267
2025-06-08 07:00:00,8,2.1072500099999996,2107.2500099999997,2107.2500099999997
2025-06-08 08:00:00,9,6.89006101,6890.06101,6890.06101
2025-06-08 09:00:00,10,13.08078106,13080.78106,13080.78106
2025-06-08 10:00:00,11,18.73986164,18739.86164,18739.86164
2025-06-08 11:00:00,12,22.47466695,22474.66695,22474.66695
2025-06-08 12:00:00,13,23.62575249,23625.75249,23625.75249
2025-06-08 13:00:00,14,22.94815371,22948.15371,22948.15371
2025-06-08 14:00:00,15,17.104009710000003,17104.009710000002,17104.009710000002
2025-06-08 15:00:00,16,3.31421684,3314.21684,3314.21684
2025-06-08 16:00:00,17,1.8617945599999999,1861.7945599999998,1861.7945599999998
2025-06-08 17:00:00,18,0.46670301000000003,466.70301,466.70301
2025-06-08 18:00:00,19,0.06790234,67.90234000000001,67.90234000000001
2025-06-08 19:00:00,20,0.05145001,51.45001,51.45001
2025-06-08 20:00:00,21,0.0059900000000000005,5.99,5.99
2025-06-08 21:00:00,22,0.0,0.0,0.0
2025-06-08 22:00:00,23,0.0,0.0,0.0
2025-06-08 23:00:00,24,0.0,0.0,0.0
2025-06-09 00:00:00,1,0.0,0.0,0.0
2025-06-09 01:00:00,2,0.0,0.0,0.0
2025-06-09 02:00:00,3,0.0,0.0,0.0
2025-06-09 03:00:00,4,0.0,0.0,0.0
2025-06-09 04:00:00,5,0.0,0.0,0.0
2025-06-09 05:00:00,6,0.001997,1.9969999999999999,1.9969999999999999
2025-06-09 06:00:00,7,0.24127934,241.27934000000002,241.27934000000002
2025-06-09 07:00:00,8,2.0934283299999996,2093.4283299999997,2093.4283299999997
2025-06-09 08:00:00,9,6.843970670000001,6843.970670000001,6843.970670000001
2025-06-09 09:00:00,10,13.166472,13166.472,13166.472
2025-06-09 10:00:00,11,18.58756667,18587.56667,18587.56667
2025-06-09 11:00:00,12,21.830215329999998,21830.21533,21830.21533
2025-06-09 12:00:00,13,22.80385867,22803.85867,22803.85867
2025-06-09 13:00:00,14,21.431492,21431.492,21431.492
2025-06-09 14:00:00,15,18.86045867,18860.45867,18860.45867
2025-06-09 15:00:00,16,14.400788339999998,14400.78834,14400.78834
2025-06-09 16:00:00,17,9.471699000000001,9471.699,9471.699
2025-06-09 17:00:00,18,5.11299635,5112.99635,5112.99635
2025-06-09 18:00:00,19,2.05105435,2051.05435,2051.05435
2025-06-09 19:00:00,20,0.39453134,394.53134,394.53134
2025-06-09 20:00:00,21,0.009626999999999998,9.626999999999999,9.626999999999999
2025-06-09 21:00:00,22,0.0,0.0,0.0
2025-06-09 22:00:00,23,0.0,0.0,0.0
2025-06-09 23:00:00,24,0.0,0.0,0.0
2025-06-10 00:00:00,1,0.0,0.0,0.0
2025-06-10 01:00:00,2,0.0,0.0,0.0
2025-06-10 02:00:00,3,0.0,0.0,0.0
2025-06-10 03:00:00,4,0.0,0.0,0.0
2025-06-10 04:00:00,5,0.0,0.0,0.0
2025-06-10 05:00:00,6,0.0010409999999999998,1.041,1.041
2025-06-10 06:00:00,7,0.24260734,242.60734,242.60734
2025-06-10 07:00:00,8,2.13750566,2137.50566,2137.50566
2025-06-10 08:00:00,9,7.00574532,7005.74532,7005.74532
2025-06-10 09:00:00,10,13.53533898,13535.33898,13535.33898
2025-06-10 10:00:00,11,19.28854801,19288.54801,19288.54801
2025-06-10 11:00:00,12,23.15401566,23154.015659999997,23154.015659999997
2025-06-10 12:00:00,13,24.38959601,24389.59601,24389.59601
2025-06-10 13:00:00,14,23.52150733,23521.50733,23521.50733
2025-06-10 14:00:00,15,20.638748319999998,20638.74832,20638.74832
2025-06-10 15:00:00,16,16.17014034,16170.14034,16170.14034
2025-06-10 16:00:00,17,10.72872668,10728.72668,10728.72668
2025-06-10 17:00:00,18,6.190437660000001,6190.4376600000005,6190.4376600000005
2025-06-10 18:00:00,19,2.45636499,2456.36499,2456.36499
2025-06-10 19:00:00,20,0.54090766,540.90766,540.90766
2025-06-10 20:00:00,21,0.00927033,9.27033,9.27033
2025-06-10 21:00:00,22,0.0,0.0,0.0
2025-06-10 22:00:00,23,0.0,0.0,0.0
2025-06-10 23:00:00,24,0.0,0.0,0.0
2025-06-11 00:00:00,1,0.0,0.0,0.0
2025-06-11 01:00:00,2,0.0,0.0,0.0
2025-06-11 02:00:00,3,0.0,0.0,0.0
2025-06-11 03:00:00,4,0.0,0.0,0.0
2025-06-11 04:00:00,5,0.0,0.0,0.0
2025-06-11 05:00:00,6,0.0031579999999999998,3.158,3.158
2025-06-11 06:00:00,7,0.319178,319.178,319.178
2025-06-11 07:00:00,8,2.515226,2515.226,2515.226
2025-06-11 08:00:00,9,7.969451,7969.451,7969.451
2025-06-11 09:00:00,10,15.211531,15211.531,15211.531
2025-06-11 10:00:00,11,21.71151,21711.510000000002,21711.510000000002
2025-06-11 11:00:00,12,26.020202,26020.202,26020.202
2025-06-11 12:00:00,13,28.055068,28055.068,28055.068
2025-06-11 13:00:00,14,27.746646000000002,27746.646,27746.646
2025-06-11 14:00:00,15,25.509165,25509.165,25509.165
2025-06-11 15:00:00,16,20.836347,20836.347,20836.347
2025-06-11 16:00:00,17,14.757597,14757.597,14757.597
2025-06-11 17:00:00,18,8.403709,8403.708999999999,8403.708999999999
2025-06-11 18:00:00,19,3.504534,3504.534,3504.534
2025-06-11 19:00:00,20,0.740467,740.467,740.467
2025-06-11 20:00:00,21,0.012088999999999999,12.088999999999999,12.088999999999999
2025-06-11 21:00:00,22,0.0,0.0,0.0
2025-06-11 22:00:00,23,0.0,0.0,0.0
2025-06-11 23:00:00,24,0.0,0.0,0.0
2025-06-12 00:00:00,1,0.0,0.0,0.0
2025-06-12 01:00:00,2,0.0,0.0,0.0
2025-06-12 02:00:00,3,0.0,0.0,0.0
2025-06-12 03:00:00,4,0.0,0.0,0.0
2025-06-12 04:00:00,5,0.0,0.0,0.0
2025-06-12 05:00:00,6,0.00424957,4.24957,4.24957
2025-06-12 06:00:00,7,0.30260256,302.60256000000004,302.60256000000004
2025-06-12 07:00:00,8,2.3701100200000003,2370.11002,2370.11002
2025-06-12 08:00:00,9,7.5836964600000005,7583.69646,7583.69646
2025-06-12 09:00:00,10,14.674648000000001,14674.648000000001,14674.648000000001
2025-06-12 10:00:00,11,21.014668,21014.668,21014.668
2025-06-12 11:00:00,12,25.121516,25121.516,25121.516
2025-06-12 12:00:00,13,26.906841,26906.841,26906.841
2025-06-12 13:00:00,14,26.411169,26411.169,26411.169
2025-06-12 14:00:00,15,24.27201,24272.010000000002,24272.010000000002
2025-06-12 15:00:00,16,19.834585999999998,19834.586,19834.586
2025-06-12 16:00:00,17,13.830273,13830.273,13830.273
2025-06-12 17:00:00,18,7.7682530000000005,7768.253000000001,7768.253000000001
2025-06-12 18:00:00,19,3.2196260000000003,3219.626,3219.626
2025-06-12 19:00:00,20,0.659331,659.331,659.331
2025-06-12 20:00:00,21,0.010724000000000001,10.724,10.724
2025-06-12 21:00:00,22,0.0,0.0,0.0
2025-06-12 22:00:00,23,0.0,0.0,0.0
2025-06-12 23:00:00,24,0.0,0.0,0.0
2025-06-13 00:00:00,1,0.0,0.0,0.0
2025-06-13 01:00:00,2,0.0,0.0,0.0
2025-06-13 02:00:00,3,0.0,0.0,0.0
2025-06-13 03:00:00,4,0.0,0.0,0.0
2025-06-13 04:00:00,5,0.0,0.0,0.0
2025-06-13 05:00:00,6,0.00148833,1.48833,1.48833
2025-06-13 06:00:00,7,0.332685,332.685,332.685
2025-06-13 07:00:00,8,2.50286166,2502.86166,2502.86166
2025-06-13 08:00:00,9,7.76517034,7765.17034,7765.17034
2025-06-13 09:00:00,10,14.991703,14991.703,14991.703
2025-06-13 10:00:00,11,21.573978,21573.978,21573.978
2025-06-13 11:00:00,12,25.834338,25834.338,25834.338
2025-06-13 12:00:00,13,27.535135,27535.135000000002,27535.135000000002
2025-06-13 13:00:00,14,27.336322,27336.322,27336.322
2025-06-13 14:00:00,15,25.292987,25292.987,25292.987
2025-06-13 15:00:00,16,21.173129,21173.129,21173.129
2025-06-13 16:00:00,17,15.420849,15420.849,15420.849
2025-06-13 17:00:00,18,8.818081,8818.081,8818.081
2025-06-13 18:00:00,19,3.9345570000000003,3934.5570000000002,3934.5570000000002
2025-06-13 19:00:00,20,0.919668,919.668,919.668
2025-06-13 20:00:00,21,0.022982,22.982,22.982
2025-06-13 21:00:00,22,0.0,0.0,0.0
2025-06-13 22:00:00,23,0.0,0.0,0.0
2025-06-13 23:00:00,24,0.0,0.0,0.0
2025-06-14 00:00:00,1,0.0,0.0,0.0
2025-06-14 01:00:00,2,0.0,0.0,0.0
2025-06-14 02:00:00,3,0.0,0.0,0.0
2025-06-14 03:00:00,4,0.0,0.0,0.0
2025-06-14 04:00:00,5,0.0,0.0,0.0
2025-06-14 05:00:00,6,0.00045200000000000004,0.452,0.452
2025-06-14 06:00:00,7,0.24658800000000003,246.58800000000002,246.58800000000002
2025-06-14 07:00:00,8,2.55918,2559.18,2559.18
2025-06-14 08:00:00,9,7.808064,7808.064,7808.064
2025-06-14 09:00:00,10,14.702509,14702.509,14702.509
2025-06-14 10:00:00,11,20.144917,20144.917,20144.917
2025-06-14 11:00:00,12,24.48572,24485.72,24485.72
2025-06-14 12:00:00,13,24.654664,24654.664,24654.664
2025-06-14 13:00:00,14,21.363648,21363.648,21363.648
2025-06-14 14:00:00,15,17.053601000000004,17053.601000000002,17053.601000000002
2025-06-14 15:00:00,16,12.256556,12256.556,12256.556
2025-06-14 16:00:00,17,14.670489,14670.489,14670.489
2025-06-14 17:00:00,18,8.615732,8615.732,8615.732
2025-06-14 18:00:00,19,3.8042360000000004,3804.2360000000003,3804.2360000000003
2025-06-14 19:00:00,20,0.857177,857.177,857.177
2025-06-14 20:00:00,21,0.009182000000000001,9.182,9.182
2025-06-14 21:00:00,22,0.0,0.0,0.0
2025-06-14 22:00:00,23,0.0,0.0,0.0
2025-06-14 23:00:00,24,0.0,0.0,0.0
2025-06-15 00:00:00,1,0.0,0.0,0.0
2025-06-15 01:00:00,2,0.0,0.0,0.0
2025-06-15 02:00:00,3,0.0,0.0,0.0
2025-06-15 03:00:00,4,0.0,0.0,0.0
2025-06-15 04:00:00,5,0.0,0.0,0.0
2025-06-15 05:00:00,6,0.0013689999999999998,1.3689999999999998,1.3689999999999998
2025-06-15 06:00:00,7,0.295148,295.148,295.148
2025-06-15 07:00:00,8,2.101085,2101.085,2101.085
2025-06-15 08:00:00,9,6.733967,6733.967,6733.967
2025-06-15 09:00:00,10,13.15076918,13150.76918,13150.76918
2025-06-15 10:00:00,11,18.84327195,18843.27195,18843.27195
2025-06-15 11:00:00,12,23.02217512,23022.17512,23022.17512
2025-06-15 12:00:00,13,24.48427044,24484.27044,24484.27044
2025-06-15 13:00:00,14,23.82538608,23825.38608,23825.38608
2025-06-15 14:00:00,15,21.12762647,21127.62647,21127.62647
2025-06-15 15:00:00,16,17.03397077,17033.97077,17033.97077
2025-06-15 16:00:00,17,12.03201195,12032.01195,12032.01195
2025-06-15 17:00:00,18,6.851626,6851.626,6851.626
2025-06-15 18:00:00,19,2.701218,2701.218,2701.218
2025-06-15 19:00:00,20,0.5910110000000001,591.0110000000001,591.0110000000001
2025-06-15 20:00:00,21,0.013992999999999998,13.992999999999999,13.992999999999999
2025-06-15 21:00:00,22,0.0,0.0,0.0
2025-06-15 22:00:00,23,0.0,0.0,0.0
2025-06-15 23:00:00,24,0.0,0.0,0.0
2025-06-16 00:00:00,1,0.0,0.0,0.0
2025-06-16 01:00:00,2,0.0,0.0,0.0
2025-06-16 02:00:00,3,0.0,0.0,0.0
2025-06-16 03:00:00,4,0.0,0.0,0.0
2025-06-16 04:00:00,5,0.0,0.0,0.0
2025-06-16 05:00:00,6,0.001049,1.049,1.049
2025-06-16 06:00:00,7,0.23674099999999998,236.74099999999999,236.74099999999999
2025-06-16 07:00:00,8,2.116651,2116.651,2116.651
2025-06-16 08:00:00,9,7.043389,7043.389,7043.389
2025-06-16 09:00:00,10,13.891208420000002,13891.20842,13891.20842
2025-06-16 10:00:00,11,20.01827896,20018.27896,20018.27896
2025-06-16 11:00:00,12,24.13244646,24132.44646,24132.44646
2025-06-16 12:00:00,13,25.68604581,25686.04581,25686.04581
2025-06-16 13:00:00,14,24.960230080000002,24960.23008,24960.23008
2025-06-16 14:00:00,15,22.64006541,22640.06541,22640.06541
2025-06-16 15:00:00,16,18.33043217,18330.43217,18330.43217
2025-06-16 16:00:00,17,12.746626680000002,12746.626680000001,12746.626680000001
2025-06-16 17:00:00,18,7.063983,7063.983,7063.983
2025-06-16 18:00:00,19,2.9758590000000003,2975.8590000000004,2975.8590000000004
2025-06-16 19:00:00,20,0.619538,619.538,619.538
2025-06-16 20:00:00,21,0.013876999999999999,13.876999999999999,13.876999999999999
2025-06-16 21:00:00,22,0.0,0.0,0.0
2025-06-16 22:00:00,23,0.0,0.0,0.0
2025-06-16 23:00:00,24,0.0,0.0,0.0
2025-06-17 00:00:00,1,0.0,0.0,0.0
2025-06-17 01:00:00,2,0.0,0.0,0.0
2025-06-17 02:00:00,3,0.0,0.0,0.0
2025-06-17 03:00:00,4,0.0,0.0,0.0
2025-06-17 04:00:00,5,0.0,0.0,0.0
2025-06-17 05:00:00,6,0.000996,0.996,0.996
2025-06-17 06:00:00,7,0.299816,299.81600000000003,299.81600000000003
2025-06-17 07:00:00,8,2.234149,2234.149,2234.149
2025-06-17 08:00:00,9,6.978012,6978.012,6978.012
2025-06-17 09:00:00,10,13.445193000000002,13445.193000000001,13445.193000000001
2025-06-17 10:00:00,11,19.103609,19103.609,19103.609
2025-06-17 11:00:00,12,22.899551,22899.551,22899.551
2025-06-17 12:00:00,13,24.174753,24174.753,24174.753
2025-06-17 13:00:00,14,23.615731,23615.731,23615.731
2025-06-17 14:00:00,15,21.047645,21047.645,21047.645
2025-06-17 15:00:00,16,16.926912,16926.912,16926.912
2025-06-17 16:00:00,17,11.742090000000001,11742.09,11742.09
2025-06-17 17:00:00,18,6.597279,6597.279,6597.279
2025-06-17 18:00:00,19,2.6529070000000003,2652.907,2652.907
2025-06-17 19:00:00,20,0.5951479999999999,595.1479999999999,595.1479999999999
2025-06-17 20:00:00,21,0.01338,13.379999999999999,13.379999999999999
2025-06-17 21:00:00,22,0.0,0.0,0.0
2025-06-17 22:00:00,23,0.0,0.0,0.0
2025-06-17 23:00:00,24,0.0,0.0,0.0
2025-06-18 00:00:00,1,0.0,0.0,0.0
2025-06-18 01:00:00,2,0.0,0.0,0.0
2025-06-18 02:00:00,3,0.0,0.0,0.0
2025-06-18 03:00:00,4,0.0,0.0,0.0
2025-06-18 04:00:00,5,0.0,0.0,0.0
2025-06-18 05:00:00,6,0.001905,1.905,1.905
2025-06-18 06:00:00,7,0.26845600000000003,268.456,268.456
2025-06-18 07:00:00,8,2.028762,2028.7620000000002,2028.7620000000002
2025-06-18 08:00:00,9,6.4065853299999995,6406.58533,6406.58533
2025-06-18 09:00:00,10,12.18694668,12186.946680000001,12186.946680000001
2025-06-18 10:00:00,11,17.073200670000002,17073.200670000002,17073.200670000002
2025-06-18 11:00:00,12,20.073918339999995,20073.918339999997,20073.918339999997
2025-06-18 12:00:00,13,20.833427,20833.427,20833.427
2025-06-18 13:00:00,14,19.782875,19782.875,19782.875
2025-06-18 14:00:00,15,17.29330832,17293.30832,17293.30832
2025-06-18 15:00:00,16,13.24321733,13243.21733,13243.21733
2025-06-18 16:00:00,17,8.85159833,8851.59833,8851.59833
2025-06-18 17:00:00,18,4.92840933,4928.40933,4928.40933
2025-06-18 18:00:00,19,2.143456,2143.456,2143.456
2025-06-18 19:00:00,20,0.48398067,483.98067,483.98067
2025-06-18 20:00:00,21,0.010227670000000001,10.227670000000002,10.227670000000002
2025-06-18 21:00:00,22,0.0,0.0,0.0
2025-06-18 22:00:00,23,0.0,0.0,0.0
2025-06-18 23:00:00,24,0.0,0.0,0.0
2025-06-19 00:00:00,1,0.0,0.0,0.0
2025-06-19 01:00:00,2,0.0,0.0,0.0
2025-06-19 02:00:00,3,0.0,0.0,0.0
2025-06-19 03:00:00,4,0.0,0.0,0.0
2025-06-19 04:00:00,5,0.0,0.0,0.0
2025-06-19 05:00:00,6,0.0008359999999999999,0.836,0.836
2025-06-19 06:00:00,7,0.28687699999999994,286.87699999999995,286.87699999999995
2025-06-19 07:00:00,8,2.1123329999999996,2112.3329999999996,2112.3329999999996
2025-06-19 08:00:00,9,6.792372,6792.372,6792.372
2025-06-19 09:00:00,10,13.21764,13217.64,13217.64
2025-06-19 10:00:00,11,19.005433,19005.433,19005.433
2025-06-19 11:00:00,12,22.938046999999997,22938.047,22938.047
2025-06-19 12:00:00,13,24.320044000000003,24320.044,24320.044
2025-06-19 13:00:00,14,23.886084,23886.084,23886.084
2025-06-19 14:00:00,15,21.922403,21922.403,21922.403
2025-06-19 15:00:00,16,18.075737999999998,18075.737999999998,18075.737999999998
2025-06-19 16:00:00,17,12.920219999999999,12920.22,12920.22
2025-06-19 17:00:00,18,7.630664,7630.664000000001,7630.664000000001
2025-06-19 18:00:00,19,3.300405,3300.405,3300.405
2025-06-19 19:00:00,20,0.671974,671.9739999999999,671.9739999999999
2025-06-19 20:00:00,21,0.012431999999999999,12.431999999999999,12.431999999999999
2025-06-19 21:00:00,22,0.0,0.0,0.0
2025-06-19 22:00:00,23,0.0,0.0,0.0
2025-06-19 23:00:00,24,0.0,0.0,0.0
2025-06-20 00:00:00,1,0.0,0.0,0.0
2025-06-20 01:00:00,2,0.0,0.0,0.0
2025-06-20 02:00:00,3,0.0,0.0,0.0
2025-06-20 03:00:00,4,0.0,0.0,0.0
2025-06-20 04:00:00,5,0.0,0.0,0.0
2025-06-20 05:00:00,6,0.001103,1.103,1.103
2025-06-20 06:00:00,7,0.303014,303.014,303.014
2025-06-20 07:00:00,8,1.998855,1998.855,1998.855
2025-06-20 08:00:00,9,7.2911790000000005,7291.179,7291.179
2025-06-20 09:00:00,10,14.369697,14369.697,14369.697
2025-06-20 10:00:00,11,20.254171999999997,20254.172,20254.172
2025-06-20 11:00:00,12,25.590657999999998,25590.658,25590.658
2025-06-20 12:00:00,13,28.005467,28005.467,28005.467
2025-06-20 13:00:00,14,28.121173,28121.173,28121.173
2025-06-20 14:00:00,15,26.222334999999998,26222.335,26222.335
2025-06-20 15:00:00,16,22.282235,22282.235,22282.235
2025-06-20 16:00:00,17,16.360914,16360.914,16360.914
2025-06-20 17:00:00,18,9.579218999999998,9579.219,9579.219
2025-06-20 18:00:00,19,4.030826,4030.826,4030.826
2025-06-20 19:00:00,20,0.870463,870.463,870.463
2025-06-20 20:00:00,21,0.010753,10.753,10.753
2025-06-20 21:00:00,22,0.0,0.0,0.0
2025-06-20 22:00:00,23,0.0,0.0,0.0
2025-06-20 23:00:00,24,0.0,0.0,0.0
2025-06-21 00:00:00,1,0.0,0.0,0.0
2025-06-21 01:00:00,2,0.0,0.0,0.0
2025-06-21 02:00:00,3,0.0,0.0,0.0
2025-06-21 03:00:00,4,0.0,0.0,0.0
2025-06-21 04:00:00,5,0.0,0.0,0.0
2025-06-21 05:00:00,6,0.0011040000000000002,1.104,1.104
2025-06-21 06:00:00,7,0.31450800000000007,314.50800000000004,314.50800000000004
2025-06-21 07:00:00,8,2.493925,2493.9249999999997,2493.9249999999997
2025-06-21 08:00:00,9,7.831776,7831.776,7831.776
2025-06-21 09:00:00,10,15.003405999999998,15003.405999999999,15003.405999999999
2025-06-21 10:00:00,11,21.448978999999998,21448.979,21448.979
2025-06-21 11:00:00,12,26.036779000000003,26036.779000000002,26036.779000000002
2025-06-21 12:00:00,13,28.560643,28560.643,28560.643
2025-06-21 13:00:00,14,28.992692,28992.692000000003,28992.692000000003
2025-06-21 14:00:00,15,27.418882,27418.882,27418.882
2025-06-21 15:00:00,16,23.595135,23595.135,23595.135
2025-06-21 16:00:00,17,17.849263999999998,17849.264,17849.264
2025-06-21 17:00:00,18,10.797694,10797.694,10797.694
2025-06-21 18:00:00,19,4.570585,4570.585,4570.585
2025-06-21 19:00:00,20,1.0353119999999998,1035.312,1035.312
2025-06-21 20:00:00,21,0.011512,11.512,11.512
2025-06-21 21:00:00,22,0.0,0.0,0.0
2025-06-21 22:00:00,23,0.0,0.0,0.0
2025-06-21 23:00:00,24,0.0,0.0,0.0
2025-06-22 00:00:00,1,0.0,0.0,0.0
2025-06-22 01:00:00,2,0.0,0.0,0.0
2025-06-22 02:00:00,3,0.0,0.0,0.0
2025-06-22 03:00:00,4,0.0,0.0,0.0
2025-06-22 04:00:00,5,0.0,0.0,0.0
2025-06-22 05:00:00,6,0.001183,1.183,1.183
2025-06-22 06:00:00,7,0.296113,296.113,296.113
2025-06-22 07:00:00,8,2.435899,2435.899,2435.899
2025-06-22 08:00:00,9,7.690608,7690.608,7690.608
2025-06-22 09:00:00,10,14.588505,14588.505,14588.505
2025-06-22 10:00:00,11,20.8066,20806.6,20806.6
2025-06-22 11:00:00,12,25.211976000000003,25211.976000000002,25211.976000000002
2025-06-22 12:00:00,13,27.216789,27216.788999999997,27216.788999999997
2025-06-22 13:00:00,14,27.177087,27177.087,27177.087
2025-06-22 14:00:00,15,25.384013,25384.013,25384.013
2025-06-22 15:00:00,16,21.325773,21325.773,21325.773
2025-06-22 16:00:00,17,15.434493,15434.493,15434.493
2025-06-22 17:00:00,18,8.969816999999999,8969.817,8969.817
2025-06-22 18:00:00,19,3.645372,3645.372,3645.372
2025-06-22 19:00:00,20,0.7774110000000001,777.4110000000001,777.4110000000001
2025-06-22 20:00:00,21,0.015844,15.844,15.844
2025-06-22 21:00:00,22,0.0,0.0,0.0
2025-06-22 22:00:00,23,0.0,0.0,0.0
2025-06-22 23:00:00,24,0.0,0.0,0.0
2025-06-23 00:00:00,1,0.0,0.0,0.0
2025-06-23 01:00:00,2,0.0,0.0,0.0
2025-06-23 02:00:00,3,0.0,0.0,0.0
2025-06-23 03:00:00,4,0.0,0.0,0.0
2025-06-23 04:00:00,5,0.0,0.0,0.0
2025-06-23 05:00:00,6,0.000982,0.982,0.982
2025-06-23 06:00:00,7,0.212429,212.429,212.429
2025-06-23 07:00:00,8,2.042629,2042.629,2042.629
2025-06-23 08:00:00,9,6.936217000000001,6936.217000000001,6936.217000000001
2025-06-23 09:00:00,10,12.849737000000001,12849.737000000001,12849.737000000001
2025-06-23 10:00:00,11,18.382254,18382.254,18382.254
2025-06-23 11:00:00,12,21.944080000000003,21944.08,21944.08
2025-06-23 12:00:00,13,23.408558,23408.558,23408.558
2025-06-23 13:00:00,14,23.047747,23047.747,23047.747
2025-06-23 14:00:00,15,21.071765,21071.765,21071.765
2025-06-23 15:00:00,16,17.064965,17064.965,17064.965
2025-06-23 16:00:00,17,11.734442999999999,11734.443,11734.443
2025-06-23 17:00:00,18,6.6849549999999995,6684.955,6684.955
2025-06-23 18:00:00,19,2.719532,2719.532,2719.532
2025-06-23 19:00:00,20,0.5064000000000001,506.40000000000003,506.40000000000003
2025-06-23 20:00:00,21,0.008143,8.142999999999999,8.142999999999999
2025-06-23 21:00:00,22,0.0,0.0,0.0
2025-06-23 22:00:00,23,0.0,0.0,0.0
2025-06-23 23:00:00,24,0.0,0.0,0.0
2025-06-24 00:00:00,1,0.0,0.0,0.0
2025-06-24 01:00:00,2,0.0,0.0,0.0
2025-06-24 02:00:00,3,0.0,0.0,0.0
2025-06-24 03:00:00,4,0.0,0.0,0.0
2025-06-24 04:00:00,5,0.0,0.0,0.0
2025-06-24 05:00:00,6,0.007966369999999999,7.9663699999999995,7.9663699999999995
2025-06-24 06:00:00,7,0.24802994,248.02994,248.02994
2025-06-24 07:00:00,8,2.03466133,2034.66133,2034.66133
2025-06-24 08:00:00,9,6.7683521,6768.3521,6768.3521
2025-06-24 09:00:00,10,13.23299188,13232.99188,13232.99188
2025-06-24 10:00:00,11,19.236293729999996,19236.293729999998,19236.293729999998
2025-06-24 11:00:00,12,23.267950660000004,23267.950660000002,23267.950660000002
2025-06-24 12:00:00,13,24.735027709999997,24735.02771,24735.02771
2025-06-24 13:00:00,14,24.06741434,24067.41434,24067.41434
2025-06-24 14:00:00,15,21.954801189999998,21954.80119,21954.80119
2025-06-24 15:00:00,16,17.64796689,17647.96689,17647.96689
2025-06-24 16:00:00,17,12.29128957,12291.28957,12291.28957
2025-06-24 17:00:00,18,6.978326999999999,6978.326999999999,6978.326999999999
2025-06-24 18:00:00,19,3.0590059999999997,3059.006,3059.006
2025-06-24 19:00:00,20,0.785631,785.631,785.631
2025-06-24 20:00:00,21,0.054035,54.035,54.035
2025-06-24 21:00:00,22,0.0,0.0,0.0
2025-06-24 22:00:00,23,0.0,0.0,0.0
2025-06-24 23:00:00,24,0.0,0.0,0.0
2025-06-25 00:00:00,1,0.0,0.0,0.0
2025-06-25 01:00:00,2,0.0,0.0,0.0
2025-06-25 02:00:00,3,0.0,0.0,0.0
2025-06-25 03:00:00,4,0.0,0.0,0.0
2025-06-25 04:00:00,5,0.0,0.0,0.0
2025-06-25 05:00:00,6,0.0009260000000000001,0.926,0.926
2025-06-25 06:00:00,7,0.257642,257.642,257.642
2025-06-25 07:00:00,8,2.171182,2171.182,2171.182
2025-06-25 08:00:00,9,7.069245,7069.245,7069.245
2025-06-25 09:00:00,10,13.812297999999998,13812.297999999999,13812.297999999999
2025-06-25 10:00:00,11,19.830876,19830.876,19830.876
2025-06-25 11:00:00,12,23.751855,23751.855,23751.855
2025-06-25 12:00:00,13,25.292144,25292.144,25292.144
2025-06-25 13:00:00,14,24.749964,24749.964,24749.964
2025-06-25 14:00:00,15,22.362508000000002,22362.508,22362.508
2025-06-25 15:00:00,16,17.99496,17994.96,17994.96
2025-06-25 16:00:00,17,12.333973,12333.973,12333.973
2025-06-25 17:00:00,18,6.881620000000001,6881.620000000001,6881.620000000001
2025-06-25 18:00:00,19,2.997488,2997.4880000000003,2997.4880000000003
2025-06-25 19:00:00,20,0.7303339999999999,730.334,730.334
2025-06-25 20:00:00,21,0.011699000000000001,11.699000000000002,11.699000000000002
2025-06-25 21:00:00,22,0.0,0.0,0.0
2025-06-25 22:00:00,23,0.0,0.0,0.0
2025-06-25 23:00:00,24,0.0,0.0,0.0
2025-06-26 00:00:00,1,0.0,0.0,0.0
2025-06-26 01:00:00,2,0.0,0.0,0.0
2025-06-26 02:00:00,3,0.0,0.0,0.0
2025-06-26 03:00:00,4,0.0,0.0,0.0
2025-06-26 04:00:00,5,0.0,0.0,0.0
2025-06-26 05:00:00,6,0.000544,0.544,0.544
2025-06-26 06:00:00,7,0.24543879,245.43878999999998,245.43878999999998
2025-06-26 07:00:00,8,2.0487988799999997,2048.79888,2048.79888
2025-06-26 08:00:00,9,6.70815834,6708.15834,6708.15834
2025-06-26 09:00:00,10,13.1425162,13142.5162,13142.5162
2025-06-26 10:00:00,11,18.965818359999997,18965.818359999997,18965.818359999997
2025-06-26 11:00:00,12,22.49720698,22497.206980000003,22497.206980000003
2025-06-26 12:00:00,13,24.26431497,24264.31497,24264.31497
2025-06-26 13:00:00,14,23.439089789999997,23439.089789999998,23439.089789999998
2025-06-26 14:00:00,15,20.401621189999997,20401.621189999998,20401.621189999998
2025-06-26 15:00:00,16,16.55221522,16552.215220000002,16552.215220000002
2025-06-26 16:00:00,17,11.20237824,11202.37824,11202.37824
2025-06-26 17:00:00,18,6.185525999999999,6185.526,6185.526
2025-06-26 18:00:00,19,2.648993,2648.993,2648.993
2025-06-26 19:00:00,20,0.612512,612.512,612.512
2025-06-26 20:00:00,21,0.015599,15.599,15.599
2025-06-26 21:00:00,22,0.0,0.0,0.0
2025-06-26 22:00:00,23,0.0,0.0,0.0
2025-06-26 23:00:00,24,0.0,0.0,0.0
2025-06-27 00:00:00,1,0.0,0.0,0.0
2025-06-27 01:00:00,2,0.0,0.0,0.0
2025-06-27 02:00:00,3,0.0,0.0,0.0
2025-06-27 03:00:00,4,0.0,0.0,0.0
2025-06-27 04:00:00,5,0.0,0.0,0.0
2025-06-27 05:00:00,6,0.00038,0.38,0.38
2025-06-27 06:00:00,7,0.21388400000000002,213.88400000000001,213.88400000000001
2025-06-27 07:00:00,8,1.7697100000000001,1769.71,1769.71
2025-06-27 08:00:00,9,5.812690000000001,5812.6900000000005,5812.6900000000005
2025-06-27 09:00:00,10,11.21479327,11214.79327,11214.79327
2025-06-27 10:00:00,11,16.07000389,16070.00389,16070.00389
2025-06-27 11:00:00,12,19.14264113,19142.64113,19142.64113
2025-06-27 12:00:00,13,20.07276648,20072.76648,20072.76648
2025-06-27 13:00:00,14,18.89661782,18896.61782,18896.61782
2025-06-27 14:00:00,15,16.51651683,16516.51683,16516.51683
2025-06-27 15:00:00,16,12.95077749,12950.77749,12950.77749
2025-06-27 16:00:00,17,8.8729496,8872.9496,8872.9496
2025-06-27 17:00:00,18,5.051022,5051.022,5051.022
2025-06-27 18:00:00,19,2.233904,2233.904,2233.904
2025-06-27 19:00:00,20,0.5470839999999999,547.084,547.084
2025-06-27 20:00:00,21,0.015501000000000001,15.501000000000001,15.501000000000001
2025-06-27 21:00:00,22,0.0,0.0,0.0
2025-06-27 22:00:00,23,0.0,0.0,0.0
2025-06-27 23:00:00,24,0.0,0.0,0.0
2025-06-28 00:00:00,1,0.0,0.0,0.0
2025-06-28 01:00:00,2,0.0,0.0,0.0
2025-06-28 02:00:00,3,0.0,0.0,0.0
2025-06-28 03:00:00,4,0.0,0.0,0.0
2025-06-28 04:00:00,5,0.0,0.0,0.0
2025-06-28 05:00:00,6,0.000409,0.40900000000000003,0.40900000000000003
2025-06-28 06:00:00,7,0.192415,192.415,192.415
2025-06-28 07:00:00,8,1.638268,1638.268,1638.268
2025-06-28 08:00:00,9,5.262244000000001,5262.244000000001,5262.244000000001
2025-06-28 09:00:00,10,9.914575000000001,9914.575,9914.575
2025-06-28 10:00:00,11,13.899062,13899.062,13899.062
2025-06-28 11:00:00,12,16.253838,16253.838,16253.838
2025-06-28 12:00:00,13,16.886649,16886.648999999998,16886.648999999998
2025-06-28 13:00:00,14,15.924227,15924.227,15924.227
2025-06-28 14:00:00,15,13.637139999999999,13637.14,13637.14
2025-06-28 15:00:00,16,10.657309000000001,10657.309000000001,10657.309000000001
2025-06-28 16:00:00,17,7.273448,7273.448,7273.448
2025-06-28 17:00:00,18,4.274172,4274.1720000000005,4274.1720000000005
2025-06-28 18:00:00,19,2.0115529999999997,2011.5529999999999,2011.5529999999999
2025-06-28 19:00:00,20,0.524775,524.775,524.775
2025-06-28 20:00:00,21,0.015583999999999999,15.584,15.584
2025-06-28 21:00:00,22,0.0,0.0,0.0
2025-06-28 22:00:00,23,0.0,0.0,0.0
2025-06-28 23:00:00,24,0.0,0.0,0.0
2025-06-29 00:00:00,1,0.0,0.0,0.0
2025-06-29 01:00:00,2,0.0,0.0,0.0
2025-06-29 02:00:00,3,0.0,0.0,0.0
2025-06-29 03:00:00,4,0.0,0.0,0.0
2025-06-29 04:00:00,5,0.0,0.0,0.0
2025-06-29 05:00:00,6,0.000483,0.483,0.483
2025-06-29 06:00:00,7,0.17235,172.35,172.35
2025-06-29 07:00:00,8,1.614597,1614.597,1614.597
2025-06-29 08:00:00,9,5.289877,5289.8769999999995,5289.8769999999995
2025-06-29 09:00:00,10,10.21026282,10210.26282,10210.26282
2025-06-29 10:00:00,11,14.43237233,14432.37233,14432.37233
2025-06-29 11:00:00,12,16.955576649999998,16955.57665,16955.57665
2025-06-29 12:00:00,13,17.33554451,17335.54451,17335.54451
2025-06-29 13:00:00,14,16.09439522,16094.39522,16094.39522
2025-06-29 14:00:00,15,13.658957410000001,13658.95741,13658.95741
2025-06-29 15:00:00,16,10.407517,10407.517,10407.517
2025-06-29 16:00:00,17,6.83644406,6836.44406,6836.44406
2025-06-29 17:00:00,18,3.852073,3852.073,3852.073
2025-06-29 18:00:00,19,1.709762,1709.762,1709.762
2025-06-29 19:00:00,20,0.38808,388.08,388.08
2025-06-29 20:00:00,21,0.011822,11.822,11.822
2025-06-29 21:00:00,22,0.0,0.0,0.0
2025-06-29 22:00:00,23,0.0,0.0,0.0
2025-06-29 23:00:00,24,0.0,0.0,0.0
2025-06-30 00:00:00,1,0.0,0.0,0.0
2025-06-30 01:00:00,2,0.0,0.0,0.0
2025-06-30 02:00:00,3,0.0,0.0,0.0
2025-06-30 03:00:00,4,0.0,0.0,0.0
2025-06-30 04:00:00,5,0.0,0.0,0.0
2025-06-30 05:00:00,6,0.00032700000000000003,0.327,0.327
2025-06-30 06:00:00,7,0.174043,174.043,174.043
2025-06-30 07:00:00,8,1.6403530000000002,1640.353,1640.353
2025-06-30 08:00:00,9,5.631703,5631.7029999999995,5631.7029999999995
2025-06-30 09:00:00,10,11.242381000000002,11242.381000000001,11242.381000000001
2025-06-30 10:00:00,11,16.334188,16334.188,16334.188
2025-06-30 11:00:00,12,19.476992,19476.992,19476.992
2025-06-30 12:00:00,13,20.290377,20290.377,20290.377
2025-06-30 13:00:00,14,19.328197,19328.197,19328.197
2025-06-30 14:00:00,15,16.876420999999997,16876.421,16876.421
2025-06-30 15:00:00,16,12.973257000000002,12973.257000000001,12973.257000000001
2025-06-30 16:00:00,17,8.575721,8575.721,8575.721
2025-06-30 17:00:00,18,4.653709,4653.709,4653.709
2025-06-30 18:00:00,19,1.9887249999999999,1988.725,1988.725
2025-06-30 19:00:00,20,0.451393,451.393,451.393
2025-06-30 20:00:00,21,0.011561,11.561,11.561
2025-06-30 21:00:00,22,0.0,0.0,0.0
2025-06-30 22:00:00,23,0.0,0.0,0.0
2025-06-30 23:00:00,24,0.0,0.0,0.0
2025-07-01 00:00:00,1,0.0,0.0,0.0
2025-07-01 01:00:00,2,0.0,0.0,0.0
2025-07-01 02:00:00,3,0.0,0.0,0.0
2025-07-01 03:00:00,4,0.0,0.0,0.0
2025-07-01 04:00:00,5,0.0,0.0,0.0
2025-07-01 05:00:00,6,0.0014759999999999999,1.476,1.476
2025-07-01 06:00:00,7,0.202382,202.382,202.382
2025-07-01 07:00:00,8,1.1936069999999999,1193.607,1193.607
2025-07-01 08:00:00,9,5.241493,5241.493,5241.493
2025-07-01 09:00:00,10,10.54681233,10546.81233,10546.81233
2025-07-01 10:00:00,11,15.883824670000001,15883.824670000002,15883.824670000002
2025-07-01 11:00:00,12,18.77825,18778.25,18778.25
2025-07-01 12:00:00,13,19.61237933,19612.37933,19612.37933
2025-07-01 13:00:00,14,18.30763334,18307.63334,18307.63334
2025-07-01 14:00:00,15,15.57977966,15579.77966,15579.77966
2025-07-01 15:00:00,16,11.830029,11830.029,11830.029
2025-07-01 16:00:00,17,7.76476066,7764.76066,7764.76066
2025-07-01 17:00:00,18,4.30978801,4309.78801,4309.78801
2025-07-01 18:00:00,19,1.820244,1820.244,1820.244
2025-07-01 19:00:00,20,0.40885667000000003,408.85667,408.85667
2025-07-01 20:00:00,21,0.008992000000000002,8.992,8.992
2025-07-01 21:00:00,22,0.0,0.0,0.0
2025-07-01 22:00:00,23,0.0,0.0,0.0
2025-07-01 23:00:00,24,0.0,0.0,0.0
2025-07-02 00:00:00,1,0.0,0.0,0.0
2025-07-02 01:00:00,2,0.0,0.0,0.0
2025-07-02 02:00:00,3,0.0,0.0,0.0
2025-07-02 03:00:00,4,0.0,0.0,0.0
2025-07-02 04:00:00,5,0.0,0.0,0.0
2025-07-02 05:00:00,6,0.00870556,8.70556,8.70556
2025-07-02 06:00:00,7,0.18854996,188.54996,188.54996
2025-07-02 07:00:00,8,1.54270844,1542.7084399999999,1542.7084399999999
2025-07-02 08:00:00,9,5.2707905,5270.7905,5270.7905
2025-07-02 09:00:00,10,10.31756601,10317.56601,10317.56601
2025-07-02 10:00:00,11,14.856029000000001,14856.029,14856.029
2025-07-02 11:00:00,12,17.49064266,17490.642659999998,17490.642659999998
2025-07-02 12:00:00,13,18.11441601,18114.41601,18114.41601
2025-07-02 13:00:00,14,16.924334,16924.334000000003,16924.334000000003
2025-07-02 14:00:00,15,14.48705633,14487.05633,14487.05633
2025-07-02 15:00:00,16,10.98162934,10981.62934,10981.62934
2025-07-02 16:00:00,17,7.30421733,7304.21733,7304.21733
2025-07-02 17:00:00,18,4.09228833,4092.28833,4092.28833
2025-07-02 18:00:00,19,1.825666,1825.666,1825.666
2025-07-02 19:00:00,20,0.44285567000000003,442.85567000000003,442.85567000000003
2025-07-02 20:00:00,21,0.01126,11.26,11.26
2025-07-02 21:00:00,22,0.0,0.0,0.0
2025-07-02 22:00:00,23,0.0,0.0,0.0
2025-07-02 23:00:00,24,0.0,0.0,0.0
2025-07-03 00:00:00,1,0.0,0.0,0.0
2025-07-03 01:00:00,2,0.0,0.0,0.0
2025-07-03 02:00:00,3,0.0,0.0,0.0
2025-07-03 03:00:00,4,0.0,0.0,0.0
2025-07-03 04:00:00,5,0.0,0.0,0.0
2025-07-03 05:00:00,6,0.000624,0.624,0.624
2025-07-03 06:00:00,7,0.16103433,161.03433,161.03433
2025-07-03 07:00:00,8,2.0548720000000005,2054.8720000000003,2054.8720000000003
2025-07-03 08:00:00,9,6.35070233,6350.70233,6350.70233
2025-07-03 09:00:00,10,11.07889167,11078.89167,11078.89167
2025-07-03 10:00:00,11,17.304539669999997,17304.53967,17304.53967
2025-07-03 11:00:00,12,21.270646329999998,21270.64633,21270.64633
2025-07-03 12:00:00,13,21.53675934,21536.75934,21536.75934
2025-07-03 13:00:00,14,19.057622,19057.622,19057.622
2025-07-03 14:00:00,15,19.749141329999997,19749.14133,19749.14133
2025-07-03 15:00:00,16,14.712472,14712.472,14712.472
2025-07-03 16:00:00,17,10.763647,10763.647,10763.647
2025-07-03 17:00:00,18,4.585772,4585.772000000001,4585.772000000001
2025-07-03 18:00:00,19,1.044309,1044.309,1044.309
2025-07-03 19:00:00,20,0.203764,203.764,203.764
2025-07-03 20:00:00,21,0.029261,29.261,29.261
2025-07-03 21:00:00,22,0.0,0.0,0.0
2025-07-03 22:00:00,23,0.0,0.0,0.0
2025-07-03 23:00:00,24,0.0,0.0,0.0
2025-07-04 00:00:00,1,0.0,0.0,0.0
2025-07-04 01:00:00,2,0.0,0.0,0.0
2025-07-04 02:00:00,3,0.0,0.0,0.0
2025-07-04 03:00:00,4,0.0,0.0,0.0
2025-07-04 04:00:00,5,0.0,0.0,0.0
2025-07-04 05:00:00,6,0.000536,0.536,0.536
2025-07-04 06:00:00,7,0.20539167,205.39167,205.39167
2025-07-04 07:00:00,8,1.87445167,1874.45167,1874.45167
2025-07-04 08:00:00,9,6.54380834,6543.80834,6543.80834
2025-07-04 09:00:00,10,12.96155033,12961.55033,12961.55033
2025-07-04 10:00:00,11,18.890134999999997,18890.135,18890.135
2025-07-04 11:00:00,12,22.77789133,22777.89133,22777.89133
2025-07-04 12:00:00,13,24.40415867,24404.15867,24404.15867
2025-07-04 13:00:00,14,24.35240233,24352.40233,24352.40233
2025-07-04 14:00:00,15,22.825323340000004,22825.323340000003,22825.323340000003
2025-07-04 15:00:00,16,19.17340133,19173.40133,19173.40133
2025-07-04 16:00:00,17,13.82607266,13826.07266,13826.07266
2025-07-04 17:00:00,18,8.15145133,8151.45133,8151.45133
2025-07-04 18:00:00,19,3.68792567,3687.9256699999996,3687.9256699999996
2025-07-04 19:00:00,20,0.9090226600000001,909.0226600000001,909.0226600000001
2025-07-04 20:00:00,21,0.021832999999999998,21.833,21.833
2025-07-04 21:00:00,22,0.0,0.0,0.0
2025-07-04 22:00:00,23,0.0,0.0,0.0
2025-07-04 23:00:00,24,0.0,0.0,0.0
2025-07-05 00:00:00,1,0.0,0.0,0.0
2025-07-05 01:00:00,2,0.0,0.0,0.0
2025-07-05 02:00:00,3,0.0,0.0,0.0
2025-07-05 03:00:00,4,0.0,0.0,0.0
2025-07-05 04:00:00,5,0.0,0.0,0.0
2025-07-05 05:00:00,6,0.000257,0.257,0.257
2025-07-05 06:00:00,7,0.23721833,237.21833,237.21833
2025-07-05 07:00:00,8,2.08104734,2081.04734,2081.04734
2025-07-05 08:00:00,9,6.86770466,6867.70466,6867.70466
2025-07-05 09:00:00,10,13.397944670000001,13397.94467,13397.94467
2025-07-05 10:00:00,11,19.344960330000003,19344.96033,19344.96033
2025-07-05 11:00:00,12,23.30528167,23305.28167,23305.28167
2025-07-05 12:00:00,13,24.97183367,24971.83367,24971.83367
2025-07-05 13:00:00,14,24.496019,24496.019,24496.019
2025-07-05 14:00:00,15,22.23042667,22230.42667,22230.42667
2025-07-05 15:00:00,16,18.189158,18189.158,18189.158
2025-07-05 16:00:00,17,13.06224,13062.24,13062.24
2025-07-05 17:00:00,18,7.63248966,7632.48966,7632.48966
2025-07-05 18:00:00,19,3.27224734,3272.24734,3272.24734
2025-07-05 19:00:00,20,0.80243633,802.43633,802.43633
2025-07-05 20:00:00,21,0.020718,20.718,20.718
2025-07-05 21:00:00,22,0.0,0.0,0.0
2025-07-05 22:00:00,23,0.0,0.0,0.0
2025-07-05 23:00:00,24,0.0,0.0,0.0
2025-07-06 00:00:00,1,0.0,0.0,0.0
2025-07-06 01:00:00,2,0.0,0.0,0.0
2025-07-06 02:00:00,3,0.0,0.0,0.0
2025-07-06 03:00:00,4,0.0,0.0,0.0
2025-07-06 04:00:00,5,0.0,0.0,0.0
2025-07-06 05:00:00,6,0.00047,0.47,0.47
2025-07-06 06:00:00,7,0.21178933,211.78933,211.78933
2025-07-06 07:00:00,8,1.87983167,1879.83167,1879.83167
2025-07-06 08:00:00,9,6.25811133,6258.111330000001,6258.111330000001
2025-07-06 09:00:00,10,12.10053733,12100.53733,12100.53733
2025-07-06 10:00:00,11,17.455940000000002,17455.940000000002,17455.940000000002
2025-07-06 11:00:00,12,20.924460330000002,20924.46033,20924.46033
2025-07-06 12:00:00,13,22.06982267,22069.82267,22069.82267
2025-07-06 13:00:00,14,21.20271134,21202.71134,21202.71134
2025-07-06 14:00:00,15,18.77546966,18775.46966,18775.46966
2025-07-06 15:00:00,16,14.82127133,14821.27133,14821.27133
2025-07-06 16:00:00,17,10.334213669999999,10334.21367,10334.21367
2025-07-06 17:00:00,18,5.84940034,5849.40034,5849.40034
2025-07-06 18:00:00,19,2.45667501,2456.67501,2456.67501
2025-07-06 19:00:00,20,0.601084,601.084,601.084
2025-07-06 20:00:00,21,0.020041999999999997,20.041999999999998,20.041999999999998
2025-07-06 21:00:00,22,0.0,0.0,0.0
2025-07-06 22:00:00,23,0.0,0.0,0.0
2025-07-06 23:00:00,24,0.0,0.0,0.0
2025-07-07 00:00:00,1,0.0,0.0,0.0
2025-07-07 01:00:00,2,0.0,0.0,0.0
2025-07-07 02:00:00,3,0.0,0.0,0.0
2025-07-07 03:00:00,4,0.0,0.0,0.0
2025-07-07 04:00:00,5,0.0,0.0,0.0
2025-07-07 05:00:00,6,0.001366,1.366,1.366
2025-07-07 06:00:00,7,0.17342532999999996,173.42532999999997,173.42532999999997
2025-07-07 07:00:00,8,1.6337996600000002,1633.7996600000001,1633.7996600000001
2025-07-07 08:00:00,9,5.605797000000001,5605.7970000000005,5605.7970000000005
2025-07-07 09:00:00,10,11.19698192,11196.98192,11196.98192
2025-07-07 10:00:00,11,16.35017569,16350.17569,16350.17569
2025-07-07 11:00:00,12,19.955450810000002,19955.450810000002,19955.450810000002
2025-07-07 12:00:00,13,21.08546015,21085.46015,21085.46015
2025-07-07 13:00:00,14,20.105716770000004,20105.716770000003,20105.716770000003
2025-07-07 14:00:00,15,17.39069967,17390.69967,17390.69967
2025-07-07 15:00:00,16,13.55101086,13551.01086,13551.01086
2025-07-07 16:00:00,17,9.53720339,9537.20339,9537.20339
2025-07-07 17:00:00,18,5.41891901,5418.91901,5418.91901
2025-07-07 18:00:00,19,2.40006334,2400.06334,2400.06334
2025-07-07 19:00:00,20,0.5572513299999999,557.2513299999999,557.2513299999999
2025-07-07 20:00:00,21,0.011483,11.483,11.483
2025-07-07 21:00:00,22,0.0,0.0,0.0
2025-07-07 22:00:00,23,0.0,0.0,0.0
2025-07-07 23:00:00,24,0.0,0.0,0.0
2025-07-08 00:00:00,1,0.0,0.0,0.0
2025-07-08 01:00:00,2,0.0,0.0,0.0
2025-07-08 02:00:00,3,0.0,0.0,0.0
2025-07-08 03:00:00,4,0.0,0.0,0.0
2025-07-08 04:00:00,5,0.0,0.0,0.0
2025-07-08 05:00:00,6,0.0013080000000000001,1.308,1.308
2025-07-08 06:00:00,7,0.17993432999999998,179.93433,179.93433
2025-07-08 07:00:00,8,1.76676333,1766.76333,1766.76333
2025-07-08 08:00:00,9,6.199039010000001,6199.03901,6199.03901
2025-07-08 09:00:00,10,12.57460167,12574.60167,12574.60167
2025-07-08 10:00:00,11,18.61069034,18610.69034,18610.69034
2025-07-08 11:00:00,12,22.770791990000003,22770.79199,22770.79199
2025-07-08 12:00:00,13,24.38076633,24380.76633,24380.76633
2025-07-08 13:00:00,14,23.79025367,23790.25367,23790.25367
2025-07-08 14:00:00,15,21.298831330000002,21298.83133,21298.83133
2025-07-08 15:00:00,16,17.10600033,17106.00033,17106.00033
2025-07-08 16:00:00,17,11.822512000000001,11822.512,11822.512
2025-07-08 17:00:00,18,6.7348086700000005,6734.80867,6734.80867
2025-07-08 18:00:00,19,2.9100313300000002,2910.0313300000003,2910.0313300000003
2025-07-08 19:00:00,20,0.69195966,691.95966,691.95966
2025-07-08 20:00:00,21,0.017217,17.217,17.217
2025-07-08 21:00:00,22,0.0,0.0,0.0
2025-07-08 22:00:00,23,0.0,0.0,0.0
2025-07-08 23:00:00,24,0.0,0.0,0.0
2025-07-09 00:00:00,1,0.0,0.0,0.0
2025-07-09 01:00:00,2,0.0,0.0,0.0
2025-07-09 02:00:00,3,0.0,0.0,0.0
2025-07-09 03:00:00,4,0.0,0.0,0.0
2025-07-09 04:00:00,5,0.0,0.0,0.0
2025-07-09 05:00:00,6,0.000365,0.365,0.365
2025-07-09 06:00:00,7,0.19459133,194.59133,194.59133
2025-07-09 07:00:00,8,1.77441867,1774.41867,1774.41867
2025-07-09 08:00:00,9,6.145860000000001,6145.860000000001,6145.860000000001
2025-07-09 09:00:00,10,12.690030329999999,12690.03033,12690.03033
2025-07-09 10:00:00,11,18.47468634,18474.68634,18474.68634
2025-07-09 11:00:00,12,22.351426670000002,22351.42667,22351.42667
2025-07-09 12:00:00,13,23.75408267,23754.08267,23754.08267
2025-07-09 13:00:00,14,23.27610167,23276.10167,23276.10167
2025-07-09 14:00:00,15,20.929105670000002,20929.10567,20929.10567
2025-07-09 15:00:00,16,16.54157933,16541.57933,16541.57933
2025-07-09 16:00:00,17,11.291377,11291.377,11291.377
2025-07-09 17:00:00,18,6.2641089899999995,6264.10899,6264.10899
2025-07-09 18:00:00,19,2.62113567,2621.13567,2621.13567
2025-07-09 19:00:00,20,0.618168,618.168,618.168
2025-07-09 20:00:00,21,0.012924999999999999,12.924999999999999,12.924999999999999
2025-07-09 21:00:00,22,0.0,0.0,0.0
2025-07-09 22:00:00,23,0.0,0.0,0.0
2025-07-09 23:00:00,24,0.0,0.0,0.0
2025-07-10 00:00:00,1,0.0,0.0,0.0
2025-07-10 01:00:00,2,0.0,0.0,0.0
2025-07-10 02:00:00,3,0.0,0.0,0.0
2025-07-10 03:00:00,4,0.0,0.0,0.0
2025-07-10 04:00:00,5,0.0,0.0,0.0
2025-07-10 05:00:00,6,0.0,0.0,0.0
2025-07-10 06:00:00,7,0.14842700000000003,148.42700000000002,148.42700000000002
2025-07-10 07:00:00,8,1.539304,1539.304,1539.304
2025-07-10 08:00:00,9,5.361153,5361.153,5361.153
2025-07-10 09:00:00,10,10.76045098,10760.45098,10760.45098
2025-07-10 10:00:00,11,15.590931829999999,15590.93183,15590.93183
2025-07-10 11:00:00,12,18.59117685,18591.17685,18591.17685
2025-07-10 12:00:00,13,19.34646989,19346.46989,19346.46989
2025-07-10 13:00:00,14,18.2233288,18223.3288,18223.3288
2025-07-10 14:00:00,15,15.4975373,15497.5373,15497.5373
2025-07-10 15:00:00,16,11.76699412,11766.99412,11766.99412
2025-07-10 16:00:00,17,7.74829219,7748.29219,7748.29219
2025-07-10 17:00:00,18,4.293190000000001,4293.1900000000005,4293.1900000000005
2025-07-10 18:00:00,19,1.934571,1934.5710000000001,1934.5710000000001
2025-07-10 19:00:00,20,0.42350800000000005,423.50800000000004,423.50800000000004
2025-07-10 20:00:00,21,0.008301,8.301,8.301
2025-07-10 21:00:00,22,0.0,0.0,0.0
2025-07-10 22:00:00,23,0.0,0.0,0.0
2025-07-10 23:00:00,24,0.0,0.0,0.0
2025-07-11 00:00:00,1,0.0,0.0,0.0
2025-07-11 01:00:00,2,0.0,0.0,0.0
2025-07-11 02:00:00,3,0.0,0.0,0.0
2025-07-11 03:00:00,4,0.0,0.0,0.0
2025-07-11 04:00:00,5,0.0,0.0,0.0
2025-07-11 05:00:00,6,0.0,0.0,0.0
2025-07-11 06:00:00,7,0.083328,83.328,83.328
2025-07-11 07:00:00,8,1.121742,1121.742,1121.742
2025-07-11 08:00:00,9,4.12694,4126.9400000000005,4126.9400000000005
2025-07-11 09:00:00,10,8.62201822,8622.01822,8622.01822
2025-07-11 10:00:00,11,12.35060404,12350.60404,12350.60404
2025-07-11 11:00:00,12,14.46765882,14467.65882,14467.65882
2025-07-11 12:00:00,13,14.672846150000002,14672.846150000001,14672.846150000001
2025-07-11 13:00:00,14,13.45382868,13453.82868,13453.82868
2025-07-11 14:00:00,15,11.41726003,11417.26003,11417.26003
2025-07-11 15:00:00,16,8.68513045,8685.13045,8685.13045
2025-07-11 16:00:00,17,5.69527826,5695.27826,5695.27826
2025-07-11 17:00:00,18,3.2028670000000004,3202.867,3202.867
2025-07-11 18:00:00,19,1.4307180000000002,1430.718,1430.718
2025-07-11 19:00:00,20,0.274374,274.374,274.374
2025-07-11 20:00:00,21,0.007644,7.644,7.644
2025-07-11 21:00:00,22,0.0,0.0,0.0
2025-07-11 22:00:00,23,0.0,0.0,0.0
2025-07-11 23:00:00,24,0.0,0.0,0.0
2025-07-12 00:00:00,1,0.0,0.0,0.0
2025-07-12 01:00:00,2,0.0,0.0,0.0
2025-07-12 02:00:00,3,0.0,0.0,0.0
2025-07-12 03:00:00,4,0.0,0.0,0.0
2025-07-12 04:00:00,5,0.0,0.0,0.0
2025-07-12 05:00:00,6,0.0,0.0,0.0
2025-07-12 06:00:00,7,0.08577272999999999,85.77273,85.77273
2025-07-12 07:00:00,8,1.14377478,1143.77478,1143.77478
2025-07-12 08:00:00,9,4.2962804299999995,4296.28043,4296.28043
2025-07-12 09:00:00,10,8.998858,8998.858,8998.858
2025-07-12 10:00:00,11,13.135969000000001,13135.969000000001,13135.969000000001
2025-07-12 11:00:00,12,15.847808,15847.808,15847.808
2025-07-12 12:00:00,13,16.599852,16599.852,16599.852
2025-07-12 13:00:00,14,15.605716000000001,15605.716,15605.716
2025-07-12 14:00:00,15,13.345203999999999,13345.204,13345.204
2025-07-12 15:00:00,16,10.088779,10088.779,10088.779
2025-07-12 16:00:00,17,6.6926890000000006,6692.689,6692.689
2025-07-12 17:00:00,18,3.8005986700000003,3800.5986700000003,3800.5986700000003
2025-07-12 18:00:00,19,1.682248,1682.248,1682.248
2025-07-12 19:00:00,20,0.358372,358.372,358.372
2025-07-12 20:00:00,21,0.007712,7.712,7.712
2025-07-12 21:00:00,22,0.0,0.0,0.0
2025-07-12 22:00:00,23,0.0,0.0,0.0
2025-07-12 23:00:00,24,0.0,0.0,0.0
2025-07-13 00:00:00,1,0.0,0.0,0.0
2025-07-13 01:00:00,2,0.0,0.0,0.0
2025-07-13 02:00:00,3,0.0,0.0,0.0
2025-07-13 03:00:00,4,0.0,0.0,0.0
2025-07-13 04:00:00,5,0.0,0.0,0.0
2025-07-13 05:00:00,6,0.0,0.0,0.0
2025-07-13 06:00:00,7,0.080522,80.52199999999999,80.52199999999999
2025-07-13 07:00:00,8,1.294733,1294.733,1294.733
2025-07-13 08:00:00,9,4.941706,4941.706,4941.706
2025-07-13 09:00:00,10,10.302143,10302.143,10302.143
2025-07-13 10:00:00,11,15.306699,15306.699,15306.699
2025-07-13 11:00:00,12,18.364273,18364.273,18364.273
2025-07-13 12:00:00,13,18.923752,18923.752,18923.752
2025-07-13 13:00:00,14,17.724083,17724.083,17724.083
2025-07-13 14:00:00,15,14.958933,14958.933,14958.933
2025-07-13 15:00:00,16,11.397308,11397.308,11397.308
2025-07-13 16:00:00,17,7.501979,7501.979,7501.979
2025-07-13 17:00:00,18,4.137185000000001,4137.185,4137.185
2025-07-13 18:00:00,19,1.745968,1745.968,1745.968
2025-07-13 19:00:00,20,0.37338800000000005,373.38800000000003,373.38800000000003
2025-07-13 20:00:00,21,0.008549,8.549,8.549
2025-07-13 21:00:00,22,0.0,0.0,0.0
2025-07-13 22:00:00,23,0.0,0.0,0.0
2025-07-13 23:00:00,24,0.0,0.0,0.0
2025-07-14 00:00:00,1,0.0,0.0,0.0
2025-07-14 01:00:00,2,0.0,0.0,0.0
2025-07-14 02:00:00,3,0.0,0.0,0.0
2025-07-14 03:00:00,4,0.0,0.0,0.0
2025-07-14 04:00:00,5,0.0,0.0,0.0
2025-07-14 05:00:00,6,0.0,0.0,0.0
2025-07-14 06:00:00,7,0.078524,78.524,78.524
2025-07-14 07:00:00,8,1.3294152599999998,1329.4152599999998,1329.4152599999998
2025-07-14 08:00:00,9,5.00739151,5007.3915099999995,5007.3915099999995
2025-07-14 09:00:00,10,10.354014999999999,10354.015,10354.015
2025-07-14 10:00:00,11,15.195485000000001,15195.485,15195.485
2025-07-14 11:00:00,12,18.157747,18157.747,18157.747
2025-07-14 12:00:00,13,18.710531,18710.531,18710.531
2025-07-14 13:00:00,14,17.351847000000003,17351.847,17351.847
2025-07-14 14:00:00,15,14.664444999999999,14664.445,14664.445
2025-07-14 15:00:00,16,11.007508000000001,11007.508000000002,11007.508000000002
2025-07-14 16:00:00,17,7.1711,7171.1,7171.1
2025-07-14 17:00:00,18,3.914886,3914.886,3914.886
2025-07-14 18:00:00,19,1.67326,1673.26,1673.26
2025-07-14 19:00:00,20,0.390986,390.986,390.986
2025-07-14 20:00:00,21,0.007839,7.839,7.839
2025-07-14 21:00:00,22,0.0,0.0,0.0
2025-07-14 22:00:00,23,0.0,0.0,0.0
2025-07-14 23:00:00,24,0.0,0.0,0.0
2025-07-15 00:00:00,1,0.0,0.0,0.0
2025-07-15 01:00:00,2,0.0,0.0,0.0
2025-07-15 02:00:00,3,0.0,0.0,0.0
2025-07-15 03:00:00,4,0.0,0.0,0.0
2025-07-15 04:00:00,5,0.0,0.0,0.0
2025-07-15 05:00:00,6,0.0,0.0,0.0
2025-07-15 06:00:00,7,0.14440048,144.40048,144.40048
2025-07-15 07:00:00,8,1.52698896,1526.98896,1526.98896
2025-07-15 08:00:00,9,5.541764919999999,5541.76492,5541.76492
2025-07-15 09:00:00,10,11.607133900000001,11607.1339,11607.1339
2025-07-15 10:00:00,11,17.35818549,17358.18549,17358.18549
2025-07-15 11:00:00,12,21.12248652,21122.48652,21122.48652
2025-07-15 12:00:00,13,22.69788413,22697.88413,22697.88413
2025-07-15 13:00:00,14,22.03516594,22035.16594,22035.16594
2025-07-15 14:00:00,15,19.68328856,19683.28856,19683.28856
2025-07-15 15:00:00,16,15.545451660000001,15545.45166,15545.45166
2025-07-15 16:00:00,17,10.663484760000001,10663.484760000001,10663.484760000001
2025-07-15 17:00:00,18,6.00717,6007.17,6007.17
2025-07-15 18:00:00,19,2.563796,2563.796,2563.796
2025-07-15 19:00:00,20,0.54693,546.9300000000001,546.9300000000001
2025-07-15 20:00:00,21,0.006569,6.569,6.569
2025-07-15 21:00:00,22,0.0,0.0,0.0
2025-07-15 22:00:00,23,0.0,0.0,0.0
2025-07-15 23:00:00,24,0.0,0.0,0.0
2025-07-16 00:00:00,1,0.0,0.0,0.0
2025-07-16 01:00:00,2,0.0,0.0,0.0
2025-07-16 02:00:00,3,0.0,0.0,0.0
2025-07-16 03:00:00,4,0.0,0.0,0.0
2025-07-16 04:00:00,5,0.0,0.0,0.0
2025-07-16 05:00:00,6,0.0,0.0,0.0
2025-07-16 06:00:00,7,0.11999100000000001,119.99100000000001,119.99100000000001
2025-07-16 07:00:00,8,1.531309,1531.309,1531.309
2025-07-16 08:00:00,9,5.656779,5656.779,5656.779
2025-07-16 09:00:00,10,11.996594000000002,11996.594000000001,11996.594000000001
2025-07-16 10:00:00,11,18.12097,18120.97,18120.97
2025-07-16 11:00:00,12,22.572381999999998,22572.381999999998,22572.381999999998
2025-07-16 12:00:00,13,24.455853,24455.853000000003,24455.853000000003
2025-07-16 13:00:00,14,24.338767,24338.767,24338.767
2025-07-16 14:00:00,15,22.311681,22311.681,22311.681
2025-07-16 15:00:00,16,18.050417000000003,18050.417,18050.417
2025-07-16 16:00:00,17,12.415858,12415.858,12415.858
2025-07-16 17:00:00,18,6.850035,6850.035,6850.035
2025-07-16 18:00:00,19,2.7898449999999997,2789.845,2789.845
2025-07-16 19:00:00,20,0.555797,555.797,555.797
2025-07-16 20:00:00,21,0.012327,12.327,12.327
2025-07-16 21:00:00,22,0.0,0.0,0.0
2025-07-16 22:00:00,23,0.0,0.0,0.0
2025-07-16 23:00:00,24,0.0,0.0,0.0
2025-07-17 00:00:00,1,0.0,0.0,0.0
2025-07-17 01:00:00,2,0.0,0.0,0.0
2025-07-17 02:00:00,3,0.0,0.0,0.0
2025-07-17 03:00:00,4,0.0,0.0,0.0
2025-07-17 04:00:00,5,0.0,0.0,0.0
2025-07-17 05:00:00,6,0.0,0.0,0.0
2025-07-17 06:00:00,7,0.121528,121.52799999999999,121.52799999999999
2025-07-17 07:00:00,8,1.505728,1505.728,1505.728
2025-07-17 08:00:00,9,5.597432,5597.432000000001,5597.432000000001
2025-07-17 09:00:00,10,11.987945999999999,11987.946,11987.946
2025-07-17 10:00:00,11,18.017483,18017.483,18017.483
2025-07-17 11:00:00,12,22.03099,22030.989999999998,22030.989999999998
2025-07-17 12:00:00,13,23.533175,23533.175,23533.175
2025-07-17 13:00:00,14,22.936908,22936.908,22936.908
2025-07-17 14:00:00,15,20.552622000000003,20552.622000000003,20552.622000000003
2025-07-17 15:00:00,16,16.325274,16325.274000000001,16325.274000000001
2025-07-17 16:00:00,17,11.158854,11158.854,11158.854
2025-07-17 17:00:00,18,6.293531,6293.531,6293.531
2025-07-17 18:00:00,19,2.646121,2646.121,2646.121
2025-07-17 19:00:00,20,0.567759,567.759,567.759
2025-07-17 20:00:00,21,0.009911,9.911,9.911
2025-07-17 21:00:00,22,0.0,0.0,0.0
2025-07-17 22:00:00,23,0.0,0.0,0.0
2025-07-17 23:00:00,24,0.0,0.0,0.0
2025-07-18 00:00:00,1,0.0,0.0,0.0
2025-07-18 01:00:00,2,0.0,0.0,0.0
2025-07-18 02:00:00,3,0.0,0.0,0.0
2025-07-18 03:00:00,4,0.0,0.0,0.0
2025-07-18 04:00:00,5,0.0,0.0,0.0
2025-07-18 05:00:00,6,0.0,0.0,0.0
2025-07-18 06:00:00,7,0.121735,121.735,121.735
2025-07-18 07:00:00,8,1.448557,1448.557,1448.557
2025-07-18 08:00:00,9,5.4513620000000005,5451.362,5451.362
2025-07-18 09:00:00,10,11.440899000000002,11440.899000000001,11440.899000000001
2025-07-18 10:00:00,11,17.166285000000002,17166.285000000003,17166.285000000003
2025-07-18 11:00:00,12,20.974165,20974.165,20974.165
2025-07-18 12:00:00,13,22.166638,22166.638,22166.638
2025-07-18 13:00:00,14,21.3457,21345.7,21345.7
2025-07-18 14:00:00,15,18.756913,18756.913,18756.913
2025-07-18 15:00:00,16,14.64949,14649.49,14649.49
2025-07-18 16:00:00,17,9.787192999999998,9787.193,9787.193
2025-07-18 17:00:00,18,5.4197,5419.7,5419.7
2025-07-18 18:00:00,19,2.331426,2331.426,2331.426
2025-07-18 19:00:00,20,0.524007,524.007,524.007
2025-07-18 20:00:00,21,0.010141,10.141,10.141
2025-07-18 21:00:00,22,0.0,0.0,0.0
2025-07-18 22:00:00,23,0.0,0.0,0.0
2025-07-18 23:00:00,24,0.0,0.0,0.0
2025-07-19 00:00:00,1,0.0,0.0,0.0
2025-07-19 01:00:00,2,0.0,0.0,0.0
2025-07-19 02:00:00,3,0.0,0.0,0.0
2025-07-19 03:00:00,4,0.0,0.0,0.0
2025-07-19 04:00:00,5,0.0,0.0,0.0
2025-07-19 05:00:00,6,0.0,0.0,0.0
2025-07-19 06:00:00,7,0.10909999999999999,109.1,109.1
2025-07-19 07:00:00,8,1.4424169999999998,1442.417,1442.417
2025-07-19 08:00:00,9,5.449948999999999,5449.949,5449.949
2025-07-19 09:00:00,10,11.506757,11506.757,11506.757
2025-07-19 10:00:00,11,17.231240000000003,17231.24,17231.24
2025-07-19 11:00:00,12,20.805562,20805.561999999998,20805.561999999998
2025-07-19 12:00:00,13,22.086571,22086.571,22086.571
2025-07-19 13:00:00,14,21.465052,21465.052,21465.052
2025-07-19 14:00:00,15,18.449548,18449.548,18449.548
2025-07-19 15:00:00,16,14.308001,14308.001,14308.001
2025-07-19 16:00:00,17,9.577783,9577.783,9577.783
2025-07-19 17:00:00,18,5.364398,5364.398,5364.398
2025-07-19 18:00:00,19,2.3311390000000003,2331.139,2331.139
2025-07-19 19:00:00,20,0.541397,541.397,541.397
2025-07-19 20:00:00,21,0.010639,10.639,10.639
2025-07-19 21:00:00,22,0.0,0.0,0.0
2025-07-19 22:00:00,23,0.0,0.0,0.0
2025-07-19 23:00:00,24,0.0,0.0,0.0
2025-07-20 00:00:00,1,0.0,0.0,0.0
2025-07-20 01:00:00,2,0.0,0.0,0.0
2025-07-20 02:00:00,3,0.0,0.0,0.0
2025-07-20 03:00:00,4,0.0,0.0,0.0
2025-07-20 04:00:00,5,0.0,0.0,0.0
2025-07-20 05:00:00,6,0.0,0.0,0.0
2025-07-20 06:00:00,7,0.12001999999999999,120.01999999999998,120.01999999999998
2025-07-20 07:00:00,8,1.4909649999999999,1490.965,1490.965
2025-07-20 08:00:00,9,5.5945659999999995,5594.566,5594.566
2025-07-20 09:00:00,10,11.642184,11642.184000000001,11642.184000000001
2025-07-20 10:00:00,11,17.285134000000003,17285.134000000002,17285.134000000002
2025-07-20 11:00:00,12,20.975963,20975.963,20975.963
2025-07-20 12:00:00,13,22.408547,22408.547,22408.547
2025-07-20 13:00:00,14,21.863095,21863.095,21863.095
2025-07-20 14:00:00,15,19.254147,19254.147,19254.147
2025-07-20 15:00:00,16,15.100187,15100.187,15100.187
2025-07-20 16:00:00,17,10.18085,10180.85,10180.85
2025-07-20 17:00:00,18,5.719369,5719.369000000001,5719.369000000001
2025-07-20 18:00:00,19,2.3795990000000002,2379.599,2379.599
2025-07-20 19:00:00,20,0.503035,503.035,503.035
2025-07-20 20:00:00,21,0.00696,6.96,6.96
2025-07-20 21:00:00,22,0.0,0.0,0.0
2025-07-20 22:00:00,23,0.0,0.0,0.0
2025-07-20 23:00:00,24,0.0,0.0,0.0
2025-07-21 00:00:00,1,0.0,0.0,0.0
2025-07-21 01:00:00,2,0.0,0.0,0.0
2025-07-21 02:00:00,3,0.0,0.0,0.0
2025-07-21 03:00:00,4,0.0,0.0,0.0
2025-07-21 04:00:00,5,0.0,0.0,0.0
2025-07-21 05:00:00,6,0.0,0.0,0.0
2025-07-21 06:00:00,7,0.11593867000000001,115.93867,115.93867
2025-07-21 07:00:00,8,1.4157446500000002,1415.74465,1415.74465
2025-07-21 08:00:00,9,5.48406801,5484.06801,5484.06801
2025-07-21 09:00:00,10,11.83226803,11832.26803,11832.26803
2025-07-21 10:00:00,11,18.58032032,18580.32032,18580.32032
2025-07-21 11:00:00,12,23.17287703,23172.87703,23172.87703
2025-07-21 12:00:00,13,25.25971765,25259.71765,25259.71765
2025-07-21 13:00:00,14,25.422695070000003,25422.69507,25422.69507
2025-07-21 14:00:00,15,23.656981360000003,23656.98136,23656.98136
2025-07-21 15:00:00,16,19.67007868,19670.07868,19670.07868
2025-07-21 16:00:00,17,8.04441899,8044.41899,8044.41899
2025-07-21 17:00:00,18,1.74497098,1744.97098,1744.97098
2025-07-21 18:00:00,19,0.42324333000000003,423.24333,423.24333
2025-07-21 19:00:00,20,0.052696009999999995,52.696009999999994,52.696009999999994
2025-07-21 20:00:00,21,0.001876,1.8760000000000001,1.8760000000000001
2025-07-21 21:00:00,22,0.0,0.0,0.0
2025-07-21 22:00:00,23,0.0,0.0,0.0
2025-07-21 23:00:00,24,0.0,0.0,0.0
2025-07-22 00:00:00,1,0.0,0.0,0.0
2025-07-22 01:00:00,2,0.0,0.0,0.0
2025-07-22 02:00:00,3,0.0,0.0,0.0
2025-07-22 03:00:00,4,0.0,0.0,0.0
2025-07-22 04:00:00,5,0.0,0.0,0.0
2025-07-22 05:00:00,6,0.0,0.0,0.0
2025-07-22 06:00:00,7,0.01304766,13.04766,13.04766
2025-07-22 07:00:00,8,0.10903265999999999,109.03265999999999,109.03265999999999
2025-07-22 08:00:00,9,2.8263593399999998,2826.35934,2826.35934
2025-07-22 09:00:00,10,11.521396339999999,11521.39634,11521.39634
2025-07-22 10:00:00,11,19.05488166,19054.88166,19054.88166
2025-07-22 11:00:00,12,23.258378670000003,23258.378670000002,23258.378670000002
2025-07-22 12:00:00,13,26.32400733,26324.00733,26324.00733
2025-07-22 13:00:00,14,26.30936067,26309.360670000002,26309.360670000002
2025-07-22 14:00:00,15,24.521968010000002,24521.96801,24521.96801
2025-07-22 15:00:00,16,20.42438767,20424.38767,20424.38767
2025-07-22 16:00:00,17,15.250373,15250.373,15250.373
2025-07-22 17:00:00,18,8.97683501,8976.83501,8976.83501
2025-07-22 18:00:00,19,3.884386,3884.386,3884.386
2025-07-22 19:00:00,20,1.17336233,1173.36233,1173.36233
2025-07-22 20:00:00,21,0.012347000000000002,12.347000000000001,12.347000000000001
2025-07-22 21:00:00,22,0.0,0.0,0.0
2025-07-22 22:00:00,23,0.0,0.0,0.0
2025-07-22 23:00:00,24,0.0,0.0,0.0
2025-07-23 00:00:00,1,0.0,0.0,0.0
2025-07-23 01:00:00,2,0.0,0.0,0.0
2025-07-23 02:00:00,3,0.0,0.0,0.0
2025-07-23 03:00:00,4,0.0,0.0,0.0
2025-07-23 04:00:00,5,0.0,0.0,0.0
2025-07-23 05:00:00,6,0.0,0.0,0.0
2025-07-23 06:00:00,7,0.12416100000000001,124.161,124.161
2025-07-23 07:00:00,8,1.772933,1772.933,1772.933
2025-07-23 08:00:00,9,4.92413933,4924.13933,4924.13933
2025-07-23 09:00:00,10,13.738002329999999,13738.00233,13738.00233
2025-07-23 10:00:00,11,18.760550329999997,18760.55033,18760.55033
2025-07-23 11:00:00,12,20.678639999999998,20678.64,20678.64
2025-07-23 12:00:00,13,21.66770866,21667.70866,21667.70866
2025-07-23 13:00:00,14,22.398138,22398.138,22398.138
2025-07-23 14:00:00,15,22.300949659999997,22300.94966,22300.94966
2025-07-23 15:00:00,16,18.397872340000003,18397.87234,18397.87234
2025-07-23 16:00:00,17,12.85698033,12856.98033,12856.98033
2025-07-23 17:00:00,18,6.78717534,6787.17534,6787.17534
2025-07-23 18:00:00,19,2.5773876700000002,2577.38767,2577.38767
2025-07-23 19:00:00,20,0.41039,410.39,410.39
2025-07-23 20:00:00,21,0.0037279999999999995,3.7279999999999998,3.7279999999999998
2025-07-23 21:00:00,22,0.0,0.0,0.0
2025-07-23 22:00:00,23,0.0,0.0,0.0
2025-07-23 23:00:00,24,0.0,0.0,0.0
2025-07-24 00:00:00,1,0.0,0.0,0.0
2025-07-24 01:00:00,2,0.0,0.0,0.0
2025-07-24 02:00:00,3,0.0,0.0,0.0
2025-07-24 03:00:00,4,0.0,0.0,0.0
2025-07-24 04:00:00,5,0.0,0.0,0.0
2025-07-24 05:00:00,6,0.0,0.0,0.0
2025-07-24 06:00:00,7,0.08950399999999999,89.50399999999999,89.50399999999999
2025-07-24 07:00:00,8,1.3313609999999998,1331.3609999999999,1331.3609999999999
2025-07-24 08:00:00,9,5.34916067,5349.16067,5349.16067
2025-07-24 09:00:00,10,11.62725619,11627.25619,11627.25619
2025-07-24 10:00:00,11,17.678205159999997,17678.205159999998,17678.205159999998
2025-07-24 11:00:00,12,22.21738908,22217.38908,22217.38908
2025-07-24 12:00:00,13,24.216463039999997,24216.46304,24216.46304
2025-07-24 13:00:00,14,23.710192629999998,23710.192629999998,23710.192629999998
2025-07-24 14:00:00,15,21.21806292,21218.06292,21218.06292
2025-07-24 15:00:00,16,17.02967384,17029.67384,17029.67384
2025-07-24 16:00:00,17,11.8599938,11859.9938,11859.9938
2025-07-24 17:00:00,18,5.51443899,5514.438990000001,5514.438990000001
2025-07-24 18:00:00,19,1.76827466,1768.27466,1768.27466
2025-07-24 19:00:00,20,0.355892,355.892,355.892
2025-07-24 20:00:00,21,0.0017439999999999999,1.744,1.744
2025-07-24 21:00:00,22,0.0,0.0,0.0
2025-07-24 22:00:00,23,0.0,0.0,0.0
2025-07-24 23:00:00,24,0.0,0.0,0.0
2025-07-25 00:00:00,1,0.0,0.0,0.0
2025-07-25 01:00:00,2,0.0,0.0,0.0
2025-07-25 02:00:00,3,0.0,0.0,0.0
2025-07-25 03:00:00,4,0.0,0.0,0.0
2025-07-25 04:00:00,5,0.0,0.0,0.0
2025-07-25 05:00:00,6,0.0,0.0,0.0
2025-07-25 06:00:00,7,0.080696,80.696,80.696
2025-07-25 07:00:00,8,1.2871590000000002,1287.159,1287.159
2025-07-25 08:00:00,9,5.134542000000001,5134.542,5134.542
2025-07-25 09:00:00,10,11.31090001,11310.90001,11310.90001
2025-07-25 10:00:00,11,17.49783766,17497.837659999997,17497.837659999997
2025-07-25 11:00:00,12,22.09606067,22096.06067,22096.06067
2025-07-25 12:00:00,13,24.031351329999996,24031.351329999998,24031.351329999998
2025-07-25 13:00:00,14,23.661896669999997,23661.89667,23661.89667
2025-07-25 14:00:00,15,21.461647659999997,21461.64766,21461.64766
2025-07-25 15:00:00,16,17.30937733,17309.37733,17309.37733
2025-07-25 16:00:00,17,11.99272166,11992.721660000001,11992.721660000001
2025-07-25 17:00:00,18,6.825005,6825.005,6825.005
2025-07-25 18:00:00,19,2.821169,2821.169,2821.169
2025-07-25 19:00:00,20,0.485548,485.548,485.548
2025-07-25 20:00:00,21,0.0031450000000000002,3.145,3.145
2025-07-25 21:00:00,22,0.0,0.0,0.0
2025-07-25 22:00:00,23,0.0,0.0,0.0
2025-07-25 23:00:00,24,0.0,0.0,0.0
2025-07-26 00:00:00,1,0.0,0.0,0.0
2025-07-26 01:00:00,2,0.0,0.0,0.0
2025-07-26 02:00:00,3,0.0,0.0,0.0
2025-07-26 03:00:00,4,0.0,0.0,0.0
2025-07-26 04:00:00,5,0.0,0.0,0.0
2025-07-26 05:00:00,6,0.0,0.0,0.0
2025-07-26 06:00:00,7,0.0059629999999999996,5.962999999999999,5.962999999999999
2025-07-26 07:00:00,8,0.346057,346.057,346.057
2025-07-26 08:00:00,9,4.706006,4706.006,4706.006
2025-07-26 09:00:00,10,11.723994999999999,11723.994999999999,11723.994999999999
2025-07-26 10:00:00,11,18.164827000000002,18164.827,18164.827
2025-07-26 11:00:00,12,22.615076999999996,22615.076999999997,22615.076999999997
2025-07-26 12:00:00,13,24.847616,24847.615999999998,24847.615999999998
2025-07-26 13:00:00,14,25.118387000000002,25118.387000000002,25118.387000000002
2025-07-26 14:00:00,15,22.974436,22974.436,22974.436
2025-07-26 15:00:00,16,18.709449,18709.449,18709.449
2025-07-26 16:00:00,17,13.091432999999999,13091.432999999999,13091.432999999999
2025-07-26 17:00:00,18,7.311151,7311.151,7311.151
2025-07-26 18:00:00,19,2.876973,2876.973,2876.973
2025-07-26 19:00:00,20,0.508519,508.51900000000006,508.51900000000006
2025-07-26 20:00:00,21,0.00357,3.57,3.57
2025-07-26 21:00:00,22,0.0,0.0,0.0
2025-07-26 22:00:00,23,0.0,0.0,0.0
2025-07-26 23:00:00,24,0.0,0.0,0.0
2025-07-27 00:00:00,1,0.0,0.0,0.0
2025-07-27 01:00:00,2,0.0,0.0,0.0
2025-07-27 02:00:00,3,0.0,0.0,0.0
2025-07-27 03:00:00,4,0.0,0.0,0.0
2025-07-27 04:00:00,5,0.0,0.0,0.0
2025-07-27 05:00:00,6,0.0,0.0,0.0
2025-07-27 06:00:00,7,0.029547000000000004,29.547000000000004,29.547000000000004
2025-07-27 07:00:00,8,1.10523,1105.23,1105.23
2025-07-27 08:00:00,9,5.342302,5342.302,5342.302
2025-07-27 09:00:00,10,11.40075,11400.75,11400.75
2025-07-27 10:00:00,11,17.436903,17436.903000000002,17436.903000000002
2025-07-27 11:00:00,12,21.799897,21799.897,21799.897
2025-07-27 12:00:00,13,23.783703999999997,23783.703999999998,23783.703999999998
2025-07-27 13:00:00,14,23.076904000000003,23076.904000000002,23076.904000000002
2025-07-27 14:00:00,15,20.986833999999998,20986.834,20986.834
2025-07-27 15:00:00,16,16.812395000000002,16812.395,16812.395
2025-07-27 16:00:00,17,11.553536,11553.536,11553.536
2025-07-27 17:00:00,18,6.397903,6397.903,6397.903
2025-07-27 18:00:00,19,2.502991,2502.991,2502.991
2025-07-27 19:00:00,20,0.41735500000000003,417.355,417.355
2025-07-27 20:00:00,21,0.0037289999999999997,3.7289999999999996,3.7289999999999996
2025-07-27 21:00:00,22,0.0,0.0,0.0
2025-07-27 22:00:00,23,0.0,0.0,0.0
2025-07-27 23:00:00,24,0.0,0.0,0.0
2025-07-28 00:00:00,1,0.0,0.0,0.0
2025-07-28 01:00:00,2,0.0,0.0,0.0
2025-07-28 02:00:00,3,0.0,0.0,0.0
2025-07-28 03:00:00,4,0.0,0.0,0.0
2025-07-28 04:00:00,5,0.0,0.0,0.0
2025-07-28 05:00:00,6,0.0,0.0,0.0
2025-07-28 06:00:00,7,0.076214,76.214,76.214
2025-07-28 07:00:00,8,1.229672,1229.672,1229.672
2025-07-28 08:00:00,9,4.966308,4966.308,4966.308
2025-07-28 09:00:00,10,10.69316446,10693.16446,10693.16446
2025-07-28 10:00:00,11,16.4659165,16465.9165,16465.9165
2025-07-28 11:00:00,12,20.16587852,20165.87852,20165.87852
2025-07-28 12:00:00,13,21.60344711,21603.44711,21603.44711
2025-07-28 13:00:00,14,20.94502743,20945.02743,20945.02743
2025-07-28 14:00:00,15,18.382877110000003,18382.87711,18382.87711
2025-07-28 15:00:00,16,14.31683698,14316.83698,14316.83698
2025-07-28 16:00:00,17,9.515223760000001,9515.22376,9515.22376
2025-07-28 17:00:00,18,5.006422000000001,5006.4220000000005,5006.4220000000005
2025-07-28 18:00:00,19,1.975498,1975.498,1975.498
2025-07-28 19:00:00,20,0.341078,341.078,341.078
2025-07-28 20:00:00,21,0.003319,3.319,3.319
2025-07-28 21:00:00,22,0.0,0.0,0.0
2025-07-28 22:00:00,23,0.0,0.0,0.0
2025-07-28 23:00:00,24,0.0,0.0,0.0
2025-07-29 00:00:00,1,0.0,0.0,0.0
2025-07-29 01:00:00,2,0.0,0.0,0.0
2025-07-29 02:00:00,3,0.0,0.0,0.0
2025-07-29 03:00:00,4,0.0,0.0,0.0
2025-07-29 04:00:00,5,0.0,0.0,0.0
2025-07-29 05:00:00,6,0.0,0.0,0.0
2025-07-29 06:00:00,7,0.059922,59.922000000000004,59.922000000000004
2025-07-29 07:00:00,8,1.122862,1122.862,1122.862
2025-07-29 08:00:00,9,4.595869,4595.869000000001,4595.869000000001
2025-07-29 09:00:00,10,9.931518,9931.518,9931.518
2025-07-29 10:00:00,11,15.207934,15207.934,15207.934
2025-07-29 11:00:00,12,18.607152,18607.152,18607.152
2025-07-29 12:00:00,13,19.681324999999998,19681.324999999997,19681.324999999997
2025-07-29 13:00:00,14,18.975855,18975.855,18975.855
2025-07-29 14:00:00,15,16.403152000000002,16403.152000000002,16403.152000000002
2025-07-29 15:00:00,16,12.540325000000001,12540.325,12540.325
2025-07-29 16:00:00,17,8.328394,8328.394,8328.394
2025-07-29 17:00:00,18,4.5157240000000005,4515.724,4515.724
2025-07-29 18:00:00,19,1.9178429999999997,1917.8429999999998,1917.8429999999998
2025-07-29 19:00:00,20,0.226033,226.03300000000002,226.03300000000002
2025-07-29 20:00:00,21,0.025647,25.647,25.647
2025-07-29 21:00:00,22,0.0,0.0,0.0
2025-07-29 22:00:00,23,0.0,0.0,0.0
2025-07-29 23:00:00,24,0.0,0.0,0.0
2025-07-30 00:00:00,1,0.0,0.0,0.0
2025-07-30 01:00:00,2,0.0,0.0,0.0
2025-07-30 02:00:00,3,0.0,0.0,0.0
2025-07-30 03:00:00,4,0.0,0.0,0.0
2025-07-30 04:00:00,5,0.0,0.0,0.0
2025-07-30 05:00:00,6,0.0,0.0,0.0
2025-07-30 06:00:00,7,0.003119,3.1189999999999998,3.1189999999999998
2025-07-30 07:00:00,8,0.9951573100000001,995.15731,995.15731
2025-07-30 08:00:00,9,4.7511327,4751.1327,4751.1327
2025-07-30 09:00:00,10,10.561528330000002,10561.528330000001,10561.528330000001
2025-07-30 10:00:00,11,16.34964033,16349.64033,16349.64033
2025-07-30 11:00:00,12,20.45180867,20451.80867,20451.80867
2025-07-30 12:00:00,13,22.14403068,22144.03068,22144.03068
2025-07-30 13:00:00,14,21.178584999999998,21178.585,21178.585
2025-07-30 14:00:00,15,18.70538201,18705.38201,18705.38201
2025-07-30 15:00:00,16,14.478878,14478.878,14478.878
2025-07-30 16:00:00,17,9.672203669999998,9672.203669999999,9672.203669999999
2025-07-30 17:00:00,18,5.17820767,5178.20767,5178.20767
2025-07-30 18:00:00,19,2.04108499,2041.08499,2041.08499
2025-07-30 19:00:00,20,0.34472399000000004,344.72399,344.72399
2025-07-30 20:00:00,21,0.004378,4.378,4.378
2025-07-30 21:00:00,22,0.0,0.0,0.0
2025-07-30 22:00:00,23,0.0,0.0,0.0
2025-07-30 23:00:00,24,0.0,0.0,0.0
2025-07-31 00:00:00,1,0.0,0.0,0.0
2025-07-31 01:00:00,2,0.0,0.0,0.0
2025-07-31 02:00:00,3,0.0,0.0,0.0
2025-07-31 03:00:00,4,0.0,0.0,0.0
2025-07-31 04:00:00,5,0.0,0.0,0.0
2025-07-31 05:00:00,6,0.0,0.0,0.0
2025-07-31 06:00:00,7,0.05196799999999999,51.967999999999996,51.967999999999996
2025-07-31 07:00:00,8,1.107944,1107.944,1107.944
2025-07-31 08:00:00,9,4.70169133,4701.69133,4701.69133
2025-07-31 09:00:00,10,10.426902329999999,10426.902329999999,10426.902329999999
2025-07-31 10:00:00,11,16.045286670000003,16045.286670000001,16045.286670000001
2025-07-31 11:00:00,12,19.794806,19794.806,19794.806
2025-07-31 12:00:00,13,21.18263534,21182.63534,21182.63534
2025-07-31 13:00:00,14,20.35131201,20351.31201,20351.31201
2025-07-31 14:00:00,15,17.525466,17525.466,17525.466
2025-07-31 15:00:00,16,13.44137933,13441.37933,13441.37933
2025-07-31 16:00:00,17,8.80290733,8802.90733,8802.90733
2025-07-31 17:00:00,18,4.66947966,4669.47966,4669.47966
2025-07-31 18:00:00,19,1.81877399,1818.77399,1818.77399
2025-07-31 19:00:00,20,0.30517833,305.17833,305.17833
2025-07-31 20:00:00,21,0.001667,1.667,1.667
2025-07-31 21:00:00,22,0.0,0.0,0.0
2025-07-31 22:00:00,23,0.0,0.0,0.0
2025-07-31 23:00:00,24,0.0,0.0,0.0
2025-08-01 00:00:00,1,0.0,0.0,0.0
2025-08-01 01:00:00,2,0.0,0.0,0.0
2025-08-01 02:00:00,3,0.0,0.0,0.0
2025-08-01 03:00:00,4,0.0,0.0,0.0
2025-08-01 04:00:00,5,0.0,0.0,0.0
2025-08-01 05:00:00,6,0.0,0.0,0.0
2025-08-01 06:00:00,7,0.052808,52.808,52.808
2025-08-01 07:00:00,8,1.075611,1075.611,1075.611
2025-08-01 08:00:00,9,4.530295,4530.295,4530.295
2025-08-01 09:00:00,10,9.94456099,9944.56099,9944.56099
2025-08-01 10:00:00,11,15.472042,15472.042,15472.042
2025-08-01 11:00:00,12,19.01304,19013.04,19013.04
2025-08-01 12:00:00,13,20.02205768,20022.057679999998,20022.057679999998
2025-08-01 13:00:00,14,18.998429,18998.429,18998.429
2025-08-01 14:00:00,15,16.354955,16354.955000000002,16354.955000000002
2025-08-01 15:00:00,16,12.414606670000001,12414.606670000001,12414.606670000001
2025-08-01 16:00:00,17,8.07753399,8077.53399,8077.53399
2025-08-01 17:00:00,18,4.46131533,4461.315329999999,4461.315329999999
2025-08-01 18:00:00,19,1.86118433,1861.18433,1861.18433
2025-08-01 19:00:00,20,0.38389500000000004,383.89500000000004,383.89500000000004
2025-08-01 20:00:00,21,0.0039889999999999995,3.989,3.989
2025-08-01 21:00:00,22,0.0,0.0,0.0
2025-08-01 22:00:00,23,0.0,0.0,0.0
2025-08-01 23:00:00,24,0.0,0.0,0.0
2025-08-02 00:00:00,1,0.0,0.0,0.0
2025-08-02 01:00:00,2,0.0,0.0,0.0
2025-08-02 02:00:00,3,0.0,0.0,0.0
2025-08-02 03:00:00,4,0.0,0.0,0.0
2025-08-02 04:00:00,5,0.0,0.0,0.0
2025-08-02 05:00:00,6,0.0,0.0,0.0
2025-08-02 06:00:00,7,0.056652,56.652,56.652
2025-08-02 07:00:00,8,1.1428643299999999,1142.8643299999999,1142.8643299999999
2025-08-02 08:00:00,9,4.79328633,4793.28633,4793.28633
2025-08-02 09:00:00,10,10.471428,10471.428,10471.428
2025-08-02 10:00:00,11,15.969309,15969.309000000001,15969.309000000001
2025-08-02 11:00:00,12,19.606196340000004,19606.196340000002,19606.196340000002
2025-08-02 12:00:00,13,20.761238,20761.237999999998,20761.237999999998
2025-08-02 13:00:00,14,19.95735767,19957.35767,19957.35767
2025-08-02 14:00:00,15,17.32883799,17328.83799,17328.83799
2025-08-02 15:00:00,16,13.355677,13355.677,13355.677
2025-08-02 16:00:00,17,8.90493966,8904.93966,8904.93966
2025-08-02 17:00:00,18,4.8172820000000005,4817.282,4817.282
2025-08-02 18:00:00,19,1.93240933,1932.40933,1932.40933
2025-08-02 19:00:00,20,0.36090567,360.90567,360.90567
2025-08-02 20:00:00,21,0.00139733,1.39733,1.39733
2025-08-02 21:00:00,22,0.0,0.0,0.0
2025-08-02 22:00:00,23,0.0,0.0,0.0
2025-08-02 23:00:00,24,0.0,0.0,0.0
2025-08-03 00:00:00,1,0.0,0.0,0.0
2025-08-03 01:00:00,2,0.0,0.0,0.0
2025-08-03 02:00:00,3,0.0,0.0,0.0
2025-08-03 03:00:00,4,0.0,0.0,0.0
2025-08-03 04:00:00,5,0.0,0.0,0.0
2025-08-03 05:00:00,6,0.0,0.0,0.0
2025-08-03 06:00:00,7,0.058878,58.878,58.878
2025-08-03 07:00:00,8,1.161359,1161.359,1161.359
2025-08-03 08:00:00,9,4.806401,4806.401,4806.401
2025-08-03 09:00:00,10,10.345556,10345.556,10345.556
2025-08-03 10:00:00,11,15.93354267,15933.542669999999,15933.542669999999
2025-08-03 11:00:00,12,19.591041660000002,19591.041660000003,19591.041660000003
2025-08-03 12:00:00,13,20.960953999999997,20960.953999999998,20960.953999999998
2025-08-03 13:00:00,14,20.333261330000003,20333.26133,20333.26133
2025-08-03 14:00:00,15,17.734387010000003,17734.387010000002,17734.387010000002
2025-08-03 15:00:00,16,13.55042434,13550.42434,13550.42434
2025-08-03 16:00:00,17,8.97156033,8971.56033,8971.56033
2025-08-03 17:00:00,18,4.895031660000001,4895.031660000001,4895.031660000001
2025-08-03 18:00:00,19,1.93031866,1930.31866,1930.31866
2025-08-03 19:00:00,20,0.35080867,350.80867,350.80867
2025-08-03 20:00:00,21,0.000831,0.8310000000000001,0.8310000000000001
2025-08-03 21:00:00,22,0.0,0.0,0.0
2025-08-03 22:00:00,23,0.0,0.0,0.0
2025-08-03 23:00:00,24,0.0,0.0,0.0
2025-08-04 00:00:00,1,0.0,0.0,0.0
2025-08-04 01:00:00,2,0.0,0.0,0.0
2025-08-04 02:00:00,3,0.0,0.0,0.0
2025-08-04 03:00:00,4,0.0,0.0,0.0
2025-08-04 04:00:00,5,0.0,0.0,0.0
2025-08-04 05:00:00,6,0.0,0.0,0.0
2025-08-04 06:00:00,7,0.052213999999999997,52.214,52.214
2025-08-04 07:00:00,8,1.093346,1093.346,1093.346
2025-08-04 08:00:00,9,4.775673660000001,4775.67366,4775.67366
2025-08-04 09:00:00,10,10.61713799,10617.13799,10617.13799
2025-08-04 10:00:00,11,16.669069330000003,16669.069330000002,16669.069330000002
2025-08-04 11:00:00,12,20.762763,20762.763,20762.763
2025-08-04 12:00:00,13,22.62394666,22623.94666,22623.94666
2025-08-04 13:00:00,14,22.391962340000003,22391.962340000002,22391.962340000002
2025-08-04 14:00:00,15,19.99756299,19997.56299,19997.56299
2025-08-04 15:00:00,16,15.71801433,15718.01433,15718.01433
2025-08-04 16:00:00,17,10.34311034,10343.110340000001,10343.110340000001
2025-08-04 17:00:00,18,5.363716,5363.716,5363.716
2025-08-04 18:00:00,19,1.95833367,1958.33367,1958.33367
2025-08-04 19:00:00,20,0.33235933,332.35933,332.35933
2025-08-04 20:00:00,21,0.000683,0.683,0.683
2025-08-04 21:00:00,22,0.0,0.0,0.0
2025-08-04 22:00:00,23,0.0,0.0,0.0
2025-08-04 23:00:00,24,0.0,0.0,0.0
2025-08-05 00:00:00,1,0.0,0.0,0.0
2025-08-05 01:00:00,2,0.0,0.0,0.0
2025-08-05 02:00:00,3,0.0,0.0,0.0
2025-08-05 03:00:00,4,0.0,0.0,0.0
2025-08-05 04:00:00,5,0.0,0.0,0.0
2025-08-05 05:00:00,6,0.0,0.0,0.0
2025-08-05 06:00:00,7,0.05230200000000001,52.30200000000001,52.30200000000001
2025-08-05 07:00:00,8,1.12823,1128.23,1128.23
2025-08-05 08:00:00,9,4.77905567,4779.05567,4779.05567
2025-08-05 09:00:00,10,10.736132000000001,10736.132000000001,10736.132000000001
2025-08-05 10:00:00,11,16.878893,16878.893,16878.893
2025-08-05 11:00:00,12,21.115005,21115.005,21115.005
2025-08-05 12:00:00,13,22.991349999999997,22991.35,22991.35
2025-08-05 13:00:00,14,22.48347167,22483.47167,22483.47167
2025-08-05 14:00:00,15,20.08058067,20080.58067,20080.58067
2025-08-05 15:00:00,16,15.75889933,15758.89933,15758.89933
2025-08-05 16:00:00,17,10.48541167,10485.41167,10485.41167
2025-08-05 17:00:00,18,5.47693001,5476.93001,5476.93001
2025-08-05 18:00:00,19,2.06864771,2068.64771,2068.64771
2025-08-05 19:00:00,20,0.33786401,337.86401,337.86401
2025-08-05 20:00:00,21,0.0028883299999999997,2.88833,2.88833
2025-08-05 21:00:00,22,0.0,0.0,0.0
2025-08-05 22:00:00,23,0.0,0.0,0.0
2025-08-05 23:00:00,24,0.0,0.0,0.0
2025-08-06 00:00:00,1,0.0,0.0,0.0
2025-08-06 01:00:00,2,0.0,0.0,0.0
2025-08-06 02:00:00,3,0.0,0.0,0.0
2025-08-06 03:00:00,4,0.0,0.0,0.0
2025-08-06 04:00:00,5,0.0,0.0,0.0
2025-08-06 05:00:00,6,0.0,0.0,0.0
2025-08-06 06:00:00,7,0.048155350000000006,48.155350000000006,48.155350000000006
2025-08-06 07:00:00,8,0.9983830800000001,998.3830800000001,998.3830800000001
2025-08-06 08:00:00,9,4.25596477,4255.9647700000005,4255.9647700000005
2025-08-06 09:00:00,10,9.48579133,9485.79133,9485.79133
2025-08-06 10:00:00,11,14.74430933,14744.30933,14744.30933
2025-08-06 11:00:00,12,18.333036670000002,18333.03667,18333.03667
2025-08-06 12:00:00,13,19.480041680000003,19480.041680000002,19480.041680000002
2025-08-06 13:00:00,14,18.888455,18888.455,18888.455
2025-08-06 14:00:00,15,10.54672901,10546.72901,10546.72901
2025-08-06 15:00:00,16,6.820214999999999,6820.214999999999,6820.214999999999
2025-08-06 16:00:00,17,8.198152669999999,8198.15267,8198.15267
2025-08-06 17:00:00,18,4.81046367,4810.46367,4810.46367
2025-08-06 18:00:00,19,1.5688239899999998,1568.8239899999999,1568.8239899999999
2025-08-06 19:00:00,20,0.23301799000000004,233.01799000000003,233.01799000000003
2025-08-06 20:00:00,21,0.0,0.0,0.0
2025-08-06 21:00:00,22,0.0,0.0,0.0
2025-08-06 22:00:00,23,0.0,0.0,0.0
2025-08-06 23:00:00,24,0.0,0.0,0.0
2025-08-07 00:00:00,1,0.0,0.0,0.0
2025-08-07 01:00:00,2,0.0,0.0,0.0
2025-08-07 02:00:00,3,0.0,0.0,0.0
2025-08-07 03:00:00,4,0.0,0.0,0.0
2025-08-07 04:00:00,5,0.0,0.0,0.0
2025-08-07 05:00:00,6,0.0,0.0,0.0
2025-08-07 06:00:00,7,0.030995,30.995,30.995
2025-08-07 07:00:00,8,0.8696659999999999,869.6659999999999,869.6659999999999
2025-08-07 08:00:00,9,3.8920913300000004,3892.09133,3892.09133
2025-08-07 09:00:00,10,8.6080672,8608.067200000001,8608.067200000001
2025-08-07 10:00:00,11,13.32809542,13328.09542,13328.09542
2025-08-07 11:00:00,12,16.42760281,16427.60281,16427.60281
2025-08-07 12:00:00,13,17.264249640000003,17264.24964,17264.24964
2025-08-07 13:00:00,14,16.26843385,16268.433850000001,16268.433850000001
2025-08-07 14:00:00,15,13.76309834,13763.09834,13763.09834
2025-08-07 15:00:00,16,10.101242580000001,10101.24258,10101.24258
2025-08-07 16:00:00,17,5.64586047,5645.86047,5645.86047
2025-08-07 17:00:00,18,3.43039466,3430.39466,3430.39466
2025-08-07 18:00:00,19,1.2782549900000002,1278.2549900000001,1278.2549900000001
2025-08-07 19:00:00,20,0.22597933,225.97933,225.97933
2025-08-07 20:00:00,21,0.0,0.0,0.0
2025-08-07 21:00:00,22,0.0,0.0,0.0
2025-08-07 22:00:00,23,0.0,0.0,0.0
2025-08-07 23:00:00,24,0.0,0.0,0.0
2025-08-08 00:00:00,1,0.0,0.0,0.0
2025-08-08 01:00:00,2,0.0,0.0,0.0
2025-08-08 02:00:00,3,0.0,0.0,0.0
2025-08-08 03:00:00,4,0.0,0.0,0.0
2025-08-08 04:00:00,5,0.0,0.0,0.0
2025-08-08 05:00:00,6,0.0,0.0,0.0
2025-08-08 06:00:00,7,0.030336999999999996,30.336999999999996,30.336999999999996
2025-08-08 07:00:00,8,0.7715989999999999,771.5989999999999,771.5989999999999
2025-08-08 08:00:00,9,3.555428,3555.428,3555.428
2025-08-08 09:00:00,10,8.033421,8033.421,8033.421
2025-08-08 10:00:00,11,12.434759,12434.759,12434.759
2025-08-08 11:00:00,12,15.276511000000001,15276.511,15276.511
2025-08-08 12:00:00,13,15.785735,15785.735,15785.735
2025-08-08 13:00:00,14,14.635698,14635.698,14635.698
2025-08-08 14:00:00,15,12.211626,12211.626,12211.626
2025-08-08 15:00:00,16,8.870951000000002,8870.951000000001,8870.951000000001
2025-08-08 16:00:00,17,5.632577,5632.577,5632.577
2025-08-08 17:00:00,18,3.036226,3036.226,3036.226
2025-08-08 18:00:00,19,1.237302,1237.302,1237.302
2025-08-08 19:00:00,20,0.202632,202.632,202.632
2025-08-08 20:00:00,21,0.0,0.0,0.0
2025-08-08 21:00:00,22,0.0,0.0,0.0
2025-08-08 22:00:00,23,0.0,0.0,0.0
2025-08-08 23:00:00,24,0.0,0.0,0.0
2025-08-09 00:00:00,1,0.0,0.0,0.0
2025-08-09 01:00:00,2,0.0,0.0,0.0
2025-08-09 02:00:00,3,0.0,0.0,0.0
2025-08-09 03:00:00,4,0.0,0.0,0.0
2025-08-09 04:00:00,5,0.0,0.0,0.0
2025-08-09 05:00:00,6,0.0,0.0,0.0
2025-08-09 06:00:00,7,0.022092000000000004,22.092000000000002,22.092000000000002
2025-08-09 07:00:00,8,0.7326739999999999,732.674,732.674
2025-08-09 08:00:00,9,3.222923,3222.9230000000002,3222.9230000000002
2025-08-09 09:00:00,10,7.12178,7121.780000000001,7121.780000000001
2025-08-09 10:00:00,11,10.657008,10657.008,10657.008
2025-08-09 11:00:00,12,12.942834000000001,12942.834,12942.834
2025-08-09 12:00:00,13,13.288692,13288.692,13288.692
2025-08-09 13:00:00,14,12.233101999999999,12233.101999999999,12233.101999999999
2025-08-09 14:00:00,15,10.326488999999999,10326.489,10326.489
2025-08-09 15:00:00,16,7.676273,7676.273,7676.273
2025-08-09 16:00:00,17,4.9961530000000005,4996.153,4996.153
2025-08-09 17:00:00,18,2.725228,2725.228,2725.228
2025-08-09 18:00:00,19,1.0440989999999999,1044.099,1044.099
2025-08-09 19:00:00,20,0.17197300000000001,171.973,171.973
2025-08-09 20:00:00,21,0.0,0.0,0.0
2025-08-09 21:00:00,22,0.0,0.0,0.0
2025-08-09 22:00:00,23,0.0,0.0,0.0
2025-08-09 23:00:00,24,0.0,0.0,0.0
2025-08-10 00:00:00,1,0.0,0.0,0.0
2025-08-10 01:00:00,2,0.0,0.0,0.0
2025-08-10 02:00:00,3,0.0,0.0,0.0
2025-08-10 03:00:00,4,0.0,0.0,0.0
2025-08-10 04:00:00,5,0.0,0.0,0.0
2025-08-10 05:00:00,6,0.0,0.0,0.0
2025-08-10 06:00:00,7,0.018213,18.213,18.213
2025-08-10 07:00:00,8,0.759583,759.583,759.583
2025-08-10 08:00:00,9,3.42195,3421.95,3421.95
2025-08-10 09:00:00,10,7.540887,7540.887,7540.887
2025-08-10 10:00:00,11,11.318757999999999,11318.758,11318.758
2025-08-10 11:00:00,12,13.556537,13556.537,13556.537
2025-08-10 12:00:00,13,14.146188,14146.188,14146.188
2025-08-10 13:00:00,14,12.649994999999999,12649.994999999999,12649.994999999999
2025-08-10 14:00:00,15,10.411391,10411.391,10411.391
2025-08-10 15:00:00,16,7.508647000000001,7508.647000000001,7508.647000000001
2025-08-10 16:00:00,17,4.810338000000001,4810.338000000001,4810.338000000001
2025-08-10 17:00:00,18,2.545906,2545.906,2545.906
2025-08-10 18:00:00,19,0.912554,912.554,912.554
2025-08-10 19:00:00,20,0.138888,138.888,138.888
2025-08-10 20:00:00,21,0.0,0.0,0.0
2025-08-10 21:00:00,22,0.0,0.0,0.0
2025-08-10 22:00:00,23,0.0,0.0,0.0
2025-08-10 23:00:00,24,0.0,0.0,0.0
2025-08-11 00:00:00,1,0.0,0.0,0.0
2025-08-11 01:00:00,2,0.0,0.0,0.0
2025-08-11 02:00:00,3,0.0,0.0,0.0
2025-08-11 03:00:00,4,0.0,0.0,0.0
2025-08-11 04:00:00,5,0.0,0.0,0.0
2025-08-11 05:00:00,6,0.0,0.0,0.0
2025-08-11 06:00:00,7,0.025299,25.299,25.299
2025-08-11 07:00:00,8,0.6294500000000001,629.45,629.45
2025-08-11 08:00:00,9,3.359402,3359.402,3359.402
2025-08-11 09:00:00,10,8.073606,8073.606,8073.606
2025-08-11 10:00:00,11,12.964291999999999,12964.292,12964.292
2025-08-11 11:00:00,12,15.999634,15999.634,15999.634
2025-08-11 12:00:00,13,16.827164,16827.164,16827.164
2025-08-11 13:00:00,14,15.460693000000001,15460.693000000001,15460.693000000001
2025-08-11 14:00:00,15,12.758324,12758.324,12758.324
2025-08-11 15:00:00,16,9.078186,9078.186,9078.186
2025-08-11 16:00:00,17,5.4763969999999995,5476.397,5476.397
2025-08-11 17:00:00,18,2.823216,2823.216,2823.216
2025-08-11 18:00:00,19,0.941042,941.042,941.042
2025-08-11 19:00:00,20,0.126058,126.05799999999999,126.05799999999999
2025-08-11 20:00:00,21,0.0,0.0,0.0
2025-08-11 21:00:00,22,0.0,0.0,0.0
2025-08-11 22:00:00,23,0.0,0.0,0.0
2025-08-11 23:00:00,24,0.0,0.0,0.0
2025-08-12 00:00:00,1,0.0,0.0,0.0
2025-08-12 01:00:00,2,0.0,0.0,0.0
2025-08-12 02:00:00,3,0.0,0.0,0.0
2025-08-12 03:00:00,4,0.0,0.0,0.0
2025-08-12 04:00:00,5,0.0,0.0,0.0
2025-08-12 05:00:00,6,0.0,0.0,0.0
2025-08-12 06:00:00,7,0.022392,22.392,22.392
2025-08-12 07:00:00,8,0.711654,711.654,711.654
2025-08-12 08:00:00,9,3.8416770000000007,3841.6770000000006,3841.6770000000006
2025-08-12 09:00:00,10,9.198784,9198.784,9198.784
2025-08-12 10:00:00,11,14.921055,14921.055,14921.055
2025-08-12 11:00:00,12,18.837451,18837.451,18837.451
2025-08-12 12:00:00,13,20.131747,20131.747,20131.747
2025-08-12 13:00:00,14,19.163196,19163.196,19163.196
2025-08-12 14:00:00,15,16.195144,16195.144,16195.144
2025-08-12 15:00:00,16,11.937666,11937.666,11937.666
2025-08-12 16:00:00,17,7.339366,7339.366,7339.366
2025-08-12 17:00:00,18,3.660366,3660.366,3660.366
2025-08-12 18:00:00,19,1.2564769999999998,1256.4769999999999,1256.4769999999999
2025-08-12 19:00:00,20,0.145454,145.454,145.454
2025-08-12 20:00:00,21,0.0,0.0,0.0
2025-08-12 21:00:00,22,0.0,0.0,0.0
2025-08-12 22:00:00,23,0.0,0.0,0.0
2025-08-12 23:00:00,24,0.0,0.0,0.0
2025-08-13 00:00:00,1,0.0,0.0,0.0
2025-08-13 01:00:00,2,0.0,0.0,0.0
2025-08-13 02:00:00,3,0.0,0.0,0.0
2025-08-13 03:00:00,4,0.0,0.0,0.0
2025-08-13 04:00:00,5,0.0,0.0,0.0
2025-08-13 05:00:00,6,0.0,0.0,0.0
2025-08-13 06:00:00,7,0.005725,5.725,5.725
2025-08-13 07:00:00,8,0.43704999999999994,437.04999999999995,437.04999999999995
2025-08-13 08:00:00,9,4.082543,4082.543,4082.543
2025-08-13 09:00:00,10,10.394998,10394.998,10394.998
2025-08-13 10:00:00,11,16.702889,16702.889,16702.889
2025-08-13 11:00:00,12,21.125254,21125.254,21125.254
2025-08-13 12:00:00,13,23.130050999999998,23130.051,23130.051
2025-08-13 13:00:00,14,21.11563,21115.63,21115.63
2025-08-13 14:00:00,15,19.188702000000003,19188.702,19188.702
2025-08-13 15:00:00,16,13.046288,13046.288,13046.288
2025-08-13 16:00:00,17,9.250859,9250.859,9250.859
2025-08-13 17:00:00,18,4.619175,4619.175,4619.175
2025-08-13 18:00:00,19,1.608167,1608.167,1608.167
2025-08-13 19:00:00,20,0.23027200000000003,230.27200000000002,230.27200000000002
2025-08-13 20:00:00,21,0.0,0.0,0.0
2025-08-13 21:00:00,22,0.0,0.0,0.0
2025-08-13 22:00:00,23,0.0,0.0,0.0
2025-08-13 23:00:00,24,0.0,0.0,0.0
2025-08-14 00:00:00,1,0.0,0.0,0.0
2025-08-14 01:00:00,2,0.0,0.0,0.0
2025-08-14 02:00:00,3,0.0,0.0,0.0
2025-08-14 03:00:00,4,0.0,0.0,0.0
2025-08-14 04:00:00,5,0.0,0.0,0.0
2025-08-14 05:00:00,6,0.0,0.0,0.0
2025-08-14 06:00:00,7,0.004954,4.954,4.954
2025-08-14 07:00:00,8,0.302792,302.79200000000003,302.79200000000003
2025-08-14 08:00:00,9,3.8121210000000003,3812.121,3812.121
2025-08-14 09:00:00,10,10.287339,10287.339,10287.339
2025-08-14 10:00:00,11,16.382919,16382.919,16382.919
2025-08-14 11:00:00,12,20.714833,20714.833,20714.833
2025-08-14 12:00:00,13,22.397972000000003,22397.972,22397.972
2025-08-14 13:00:00,14,21.762455999999997,21762.456,21762.456
2025-08-14 14:00:00,15,18.822020000000002,18822.02,18822.02
2025-08-14 15:00:00,16,14.048108000000001,14048.108,14048.108
2025-08-14 16:00:00,17,8.915406,8915.406,8915.406
2025-08-14 17:00:00,18,4.498568000000001,4498.568,4498.568
2025-08-14 18:00:00,19,1.5030299999999999,1503.03,1503.03
2025-08-14 19:00:00,20,0.19233,192.33,192.33
2025-08-14 20:00:00,21,0.0,0.0,0.0
2025-08-14 21:00:00,22,0.0,0.0,0.0
2025-08-14 22:00:00,23,0.0,0.0,0.0
2025-08-14 23:00:00,24,0.0,0.0,0.0
2025-08-15 00:00:00,1,0.0,0.0,0.0
2025-08-15 01:00:00,2,0.0,0.0,0.0
2025-08-15 02:00:00,3,0.0,0.0,0.0
2025-08-15 03:00:00,4,0.0,0.0,0.0
2025-08-15 04:00:00,5,0.0,0.0,0.0
2025-08-15 05:00:00,6,0.0,0.0,0.0
2025-08-15 06:00:00,7,0.021888999999999995,21.888999999999996,21.888999999999996
2025-08-15 07:00:00,8,0.702062,702.062,702.062
2025-08-15 08:00:00,9,3.695929,3695.929,3695.929
2025-08-15 09:00:00,10,8.596463,8596.463,8596.463
2025-08-15 10:00:00,11,13.739460999999999,13739.461,13739.461
2025-08-15 11:00:00,12,17.188941,17188.941,17188.941
2025-08-15 12:00:00,13,18.367250999999996,18367.250999999997,18367.250999999997
2025-08-15 13:00:00,14,17.583703999999997,17583.703999999998,17583.703999999998
2025-08-15 14:00:00,15,14.903675,14903.675,14903.675
2025-08-15 15:00:00,16,11.058936,11058.936,11058.936
2025-08-15 16:00:00,17,6.847,6847.0,6847.0
2025-08-15 17:00:00,18,3.597112,3597.112,3597.112
2025-08-15 18:00:00,19,1.277646,1277.646,1277.646
2025-08-15 19:00:00,20,0.165889,165.889,165.889
2025-08-15 20:00:00,21,0.0,0.0,0.0
2025-08-15 21:00:00,22,0.0,0.0,0.0
2025-08-15 22:00:00,23,0.0,0.0,0.0
2025-08-15 23:00:00,24,0.0,0.0,0.0
2025-08-16 00:00:00,1,0.0,0.0,0.0
2025-08-16 01:00:00,2,0.0,0.0,0.0
2025-08-16 02:00:00,3,0.0,0.0,0.0
2025-08-16 03:00:00,4,0.0,0.0,0.0
2025-08-16 04:00:00,5,0.0,0.0,0.0
2025-08-16 05:00:00,6,0.0,0.0,0.0
2025-08-16 06:00:00,7,0.018549,18.549,18.549
2025-08-16 07:00:00,8,0.796279,796.279,796.279
2025-08-16 08:00:00,9,3.7351170000000002,3735.117,3735.117
2025-08-16 09:00:00,10,8.784469000000001,8784.469000000001,8784.469000000001
2025-08-16 10:00:00,11,14.063474999999999,14063.474999999999,14063.474999999999
2025-08-16 11:00:00,12,17.982901,17982.900999999998,17982.900999999998
2025-08-16 12:00:00,13,19.521133000000003,19521.133,19521.133
2025-08-16 13:00:00,14,18.981171999999997,18981.172,18981.172
2025-08-16 14:00:00,15,16.674455000000002,16674.455,16674.455
2025-08-16 15:00:00,16,12.806799,12806.798999999999,12806.798999999999
2025-08-16 16:00:00,17,8.352086,8352.086,8352.086
2025-08-16 17:00:00,18,4.328519,4328.519,4328.519
2025-08-16 18:00:00,19,1.476652,1476.652,1476.652
2025-08-16 19:00:00,20,0.16656700000000002,166.567,166.567
2025-08-16 20:00:00,21,0.0,0.0,0.0
2025-08-16 21:00:00,22,0.0,0.0,0.0
2025-08-16 22:00:00,23,0.0,0.0,0.0
2025-08-16 23:00:00,24,0.0,0.0,0.0
2025-08-17 00:00:00,1,0.0,0.0,0.0
2025-08-17 01:00:00,2,0.0,0.0,0.0
2025-08-17 02:00:00,3,0.0,0.0,0.0
2025-08-17 03:00:00,4,0.0,0.0,0.0
2025-08-17 04:00:00,5,0.0,0.0,0.0
2025-08-17 05:00:00,6,0.0,0.0,0.0
2025-08-17 06:00:00,7,0.014646,14.645999999999999,14.645999999999999
2025-08-17 07:00:00,8,0.745204,745.204,745.204
2025-08-17 08:00:00,9,3.8265330000000004,3826.5330000000004,3826.5330000000004
2025-08-17 09:00:00,10,9.131152,9131.152,9131.152
2025-08-17 10:00:00,11,14.922609,14922.609,14922.609
2025-08-17 11:00:00,12,19.292624,19292.624,19292.624
2025-08-17 12:00:00,13,21.17806,21178.059999999998,21178.059999999998
2025-08-17 13:00:00,14,20.877472,20877.472,20877.472
2025-08-17 14:00:00,15,18.787346999999997,18787.346999999998,18787.346999999998
2025-08-17 15:00:00,16,14.898262,14898.262,14898.262
2025-08-17 16:00:00,17,9.967112,9967.112000000001,9967.112000000001
2025-08-17 17:00:00,18,5.276235,5276.235,5276.235
2025-08-17 18:00:00,19,1.776867,1776.867,1776.867
2025-08-17 19:00:00,20,0.22437300000000002,224.37300000000002,224.37300000000002
2025-08-17 20:00:00,21,0.0,0.0,0.0
2025-08-17 21:00:00,22,0.0,0.0,0.0
2025-08-17 22:00:00,23,0.0,0.0,0.0
2025-08-17 23:00:00,24,0.0,0.0,0.0
2025-08-18 00:00:00,1,0.0,0.0,0.0
2025-08-18 01:00:00,2,0.0,0.0,0.0
2025-08-18 02:00:00,3,0.0,0.0,0.0
2025-08-18 03:00:00,4,0.0,0.0,0.0
2025-08-18 04:00:00,5,0.0,0.0,0.0
2025-08-18 05:00:00,6,0.0,0.0,0.0
2025-08-18 06:00:00,7,0.018997,18.997,18.997
2025-08-18 07:00:00,8,0.849315,849.315,849.315
2025-08-18 08:00:00,9,4.405119000000001,4405.119000000001,4405.119000000001
2025-08-18 09:00:00,10,10.364390349999999,10364.39035,10364.39035
2025-08-18 10:00:00,11,16.66373056,16663.73056,16663.73056
2025-08-18 11:00:00,12,21.30343017,21303.43017,21303.43017
2025-08-18 12:00:00,13,23.31972565,23319.72565,23319.72565
2025-08-18 13:00:00,14,23.11858495,23118.58495,23118.58495
2025-08-18 14:00:00,15,20.74511165,20745.11165,20745.11165
2025-08-18 15:00:00,16,16.21673529,16216.73529,16216.73529
2025-08-18 16:00:00,17,10.629414489999998,10629.41449,10629.41449
2025-08-18 17:00:00,18,5.3524259999999995,5352.4259999999995,5352.4259999999995
2025-08-18 18:00:00,19,1.6884290000000002,1688.429,1688.429
2025-08-18 19:00:00,20,0.192939,192.939,192.939
2025-08-18 20:00:00,21,0.0,0.0,0.0
2025-08-18 21:00:00,22,0.0,0.0,0.0
2025-08-18 22:00:00,23,0.0,0.0,0.0
2025-08-18 23:00:00,24,0.0,0.0,0.0
2025-08-19 00:00:00,1,0.0,0.0,0.0
2025-08-19 01:00:00,2,0.0,0.0,0.0
2025-08-19 02:00:00,3,0.0,0.0,0.0
2025-08-19 03:00:00,4,0.0,0.0,0.0
2025-08-19 04:00:00,5,0.0,0.0,0.0
2025-08-19 05:00:00,6,0.0,0.0,0.0
2025-08-19 06:00:00,7,0.020154,20.154,20.154
2025-08-19 07:00:00,8,0.807677,807.677,807.677
2025-08-19 08:00:00,9,4.156041,4156.041,4156.041
2025-08-19 09:00:00,10,9.62805398,9628.05398,9628.05398
2025-08-19 10:00:00,11,15.4319617,15431.9617,15431.9617
2025-08-19 11:00:00,12,19.361994579999998,19361.99458,19361.99458
2025-08-19 12:00:00,13,21.00894105,21008.94105,21008.94105
2025-08-19 13:00:00,14,20.385737069999998,20385.73707,20385.73707
2025-08-19 14:00:00,15,17.766035329999998,17766.03533,17766.03533
2025-08-19 15:00:00,16,13.419512300000001,13419.5123,13419.5123
2025-08-19 16:00:00,17,8.63098572,8630.98572,8630.98572
2025-08-19 17:00:00,18,4.37984901,4379.84901,4379.84901
2025-08-19 18:00:00,19,1.5008356699999998,1500.83567,1500.83567
2025-08-19 19:00:00,20,0.17069800000000002,170.698,170.698
2025-08-19 20:00:00,21,0.0,0.0,0.0
2025-08-19 21:00:00,22,0.0,0.0,0.0
2025-08-19 22:00:00,23,0.0,0.0,0.0
2025-08-19 23:00:00,24,0.0,0.0,0.0
2025-08-20 00:00:00,1,0.0,0.0,0.0
2025-08-20 01:00:00,2,0.0,0.0,0.0
2025-08-20 02:00:00,3,0.0,0.0,0.0
2025-08-20 03:00:00,4,0.0,0.0,0.0
2025-08-20 04:00:00,5,0.0,0.0,0.0
2025-08-20 05:00:00,6,0.0,0.0,0.0
2025-08-20 06:00:00,7,0.0,0.0,0.0
2025-08-20 07:00:00,8,8.999999999999999e-05,0.09,0.09
2025-08-20 08:00:00,9,0.001907,1.907,1.907
2025-08-20 09:00:00,10,0.0042699999999999995,4.27,4.27
2025-08-20 10:00:00,11,0.0051470000000000005,5.147,5.147
2025-08-20 11:00:00,12,0.0067220000000000005,6.722,6.722
2025-08-20 12:00:00,13,0.0063950000000000005,6.3950000000000005,6.3950000000000005
2025-08-20 13:00:00,14,0.006332,6.332,6.332
2025-08-20 14:00:00,15,0.006249,6.2490000000000006,6.2490000000000006
2025-08-20 15:00:00,16,0.00442,4.42,4.42
2025-08-20 16:00:00,17,0.0021709999999999998,2.171,2.171
2025-08-20 17:00:00,18,0.001279,1.279,1.279
2025-08-20 18:00:00,19,7.000000000000001e-05,0.07,0.07
2025-08-20 19:00:00,20,0.0,0.0,0.0
2025-08-20 20:00:00,21,0.0,0.0,0.0
2025-08-20 21:00:00,22,0.0,0.0,0.0
2025-08-20 22:00:00,23,0.0,0.0,0.0
2025-08-20 23:00:00,24,0.0,0.0,0.0
2025-08-21 00:00:00,1,0.0,0.0,0.0
2025-08-21 01:00:00,2,0.0,0.0,0.0
2025-08-21 02:00:00,3,0.0,0.0,0.0
2025-08-21 03:00:00,4,0.0,0.0,0.0
2025-08-21 04:00:00,5,0.0,0.0,0.0
2025-08-21 05:00:00,6,0.0,0.0,0.0
2025-08-21 06:00:00,7,0.0074789999999999995,7.478999999999999,7.478999999999999
2025-08-21 07:00:00,8,0.320517,320.517,320.517
2025-08-21 08:00:00,9,3.0865650000000002,3086.565,3086.565
2025-08-21 09:00:00,10,8.002152,8002.152,8002.152
2025-08-21 10:00:00,11,12.749967999999999,12749.967999999999,12749.967999999999
2025-08-21 11:00:00,12,15.065412,15065.412,15065.412
2025-08-21 12:00:00,13,17.234912,17234.912,17234.912
2025-08-21 13:00:00,14,15.411255,15411.255000000001,15411.255000000001
2025-08-21 14:00:00,15,12.401112000000001,12401.112000000001,12401.112000000001
2025-08-21 15:00:00,16,8.781894,8781.894,8781.894
2025-08-21 16:00:00,17,5.45371,5453.71,5453.71
2025-08-21 17:00:00,18,2.795099,2795.099,2795.099
2025-08-21 18:00:00,19,0.8272010000000001,827.201,827.201
2025-08-21 19:00:00,20,0.05189100000000001,51.891000000000005,51.891000000000005
2025-08-21 20:00:00,21,0.0,0.0,0.0
2025-08-21 21:00:00,22,0.0,0.0,0.0
2025-08-21 22:00:00,23,0.0,0.0,0.0
2025-08-21 23:00:00,24,0.0,0.0,0.0
2025-08-22 00:00:00,1,0.0,0.0,0.0
2025-08-22 01:00:00,2,0.0,0.0,0.0
2025-08-22 02:00:00,3,0.0,0.0,0.0
2025-08-22 03:00:00,4,0.0,0.0,0.0
2025-08-22 04:00:00,5,0.0,0.0,0.0
2025-08-22 05:00:00,6,0.0,0.0,0.0
2025-08-22 06:00:00,7,0.00375,3.75,3.75
2025-08-22 07:00:00,8,0.5419700000000001,541.97,541.97
2025-08-22 08:00:00,9,3.1548580000000004,3154.858,3154.858
2025-08-22 09:00:00,10,7.60355494,7603.55494,7603.55494
2025-08-22 10:00:00,11,12.06748475,12067.48475,12067.48475
2025-08-22 11:00:00,12,14.72214589,14722.14589,14722.14589
2025-08-22 12:00:00,13,15.44152442,15441.52442,15441.52442
2025-08-22 13:00:00,14,14.21846328,14218.46328,14218.46328
2025-08-22 14:00:00,15,11.12950548,11129.50548,11129.50548
2025-08-22 15:00:00,16,8.0023862,8002.3862,8002.3862
2025-08-22 16:00:00,17,4.642028140000001,4642.02814,4642.02814
2025-08-22 17:00:00,18,2.601192,2601.192,2601.192
2025-08-22 18:00:00,19,0.491721,491.721,491.721
2025-08-22 19:00:00,20,0.131411,131.411,131.411
2025-08-22 20:00:00,21,0.0,0.0,0.0
2025-08-22 21:00:00,22,0.0,0.0,0.0
2025-08-22 22:00:00,23,0.0,0.0,0.0
2025-08-22 23:00:00,24,0.0,0.0,0.0
2025-08-23 00:00:00,1,0.0,0.0,0.0
2025-08-23 01:00:00,2,0.0,0.0,0.0
2025-08-23 02:00:00,3,0.0,0.0,0.0
2025-08-23 03:00:00,4,0.0,0.0,0.0
2025-08-23 04:00:00,5,0.0,0.0,0.0
2025-08-23 05:00:00,6,0.0,0.0,0.0
2025-08-23 06:00:00,7,0.005204,5.204000000000001,5.204000000000001
2025-08-23 07:00:00,8,0.41439600000000004,414.396,414.396
2025-08-23 08:00:00,9,2.6183330000000002,2618.333,2618.333
2025-08-23 09:00:00,10,6.558828999999999,6558.829,6558.829
2025-08-23 10:00:00,11,10.25906,10259.06,10259.06
2025-08-23 11:00:00,12,12.610349,12610.349,12610.349
2025-08-23 12:00:00,13,13.071667000000001,13071.667000000001,13071.667000000001
2025-08-23 13:00:00,14,11.973261,11973.261,11973.261
2025-08-23 14:00:00,15,9.785150999999999,9785.151,9785.151
2025-08-23 15:00:00,16,6.912528,6912.528,6912.528
2025-08-23 16:00:00,17,4.219162,4219.162,4219.162
2025-08-23 17:00:00,18,2.3865540000000003,2386.554,2386.554
2025-08-23 18:00:00,19,0.687473,687.473,687.473
2025-08-23 19:00:00,20,0.035073,35.073,35.073
2025-08-23 20:00:00,21,0.0,0.0,0.0
2025-08-23 21:00:00,22,0.0,0.0,0.0
2025-08-23 22:00:00,23,0.0,0.0,0.0
2025-08-23 23:00:00,24,0.0,0.0,0.0
2025-08-24 00:00:00,1,0.0,0.0,0.0
2025-08-24 01:00:00,2,0.0,0.0,0.0
2025-08-24 02:00:00,3,0.0,0.0,0.0
2025-08-24 03:00:00,4,0.0,0.0,0.0
2025-08-24 04:00:00,5,0.0,0.0,0.0
2025-08-24 05:00:00,6,0.0,0.0,0.0
2025-08-24 06:00:00,7,0.0017759999999999998,1.7759999999999998,1.7759999999999998
2025-08-24 07:00:00,8,0.09169,91.69,91.69
2025-08-24 08:00:00,9,2.187747,2187.747,2187.747
2025-08-24 09:00:00,10,6.470305,6470.304999999999,6470.304999999999
2025-08-24 10:00:00,11,12.153684,12153.684,12153.684
2025-08-24 11:00:00,12,15.463094000000002,15463.094000000001,15463.094000000001
2025-08-24 12:00:00,13,15.941581,15941.581,15941.581
2025-08-24 13:00:00,14,14.457548,14457.547999999999,14457.547999999999
2025-08-24 14:00:00,15,11.602956,11602.956,11602.956
2025-08-24 15:00:00,16,8.22244,8222.44,8222.44
2025-08-24 16:00:00,17,4.925072,4925.072,4925.072
2025-08-24 17:00:00,18,2.359683,2359.683,2359.683
2025-08-24 18:00:00,19,0.655168,655.168,655.168
2025-08-24 19:00:00,20,0.07414099999999998,74.14099999999999,74.14099999999999
2025-08-24 20:00:00,21,0.0,0.0,0.0
2025-08-24 21:00:00,22,0.0,0.0,0.0
2025-08-24 22:00:00,23,0.0,0.0,0.0
2025-08-24 23:00:00,24,0.0,0.0,0.0
2025-08-25 00:00:00,1,0.0,0.0,0.0
2025-08-25 01:00:00,2,0.0,0.0,0.0
2025-08-25 02:00:00,3,0.0,0.0,0.0
2025-08-25 03:00:00,4,0.0,0.0,0.0
2025-08-25 04:00:00,5,0.0,0.0,0.0
2025-08-25 05:00:00,6,0.0,0.0,0.0
2025-08-25 06:00:00,7,0.003675,3.675,3.675
2025-08-25 07:00:00,8,0.48756700000000003,487.567,487.567
2025-08-25 08:00:00,9,3.075417,3075.417,3075.417
2025-08-25 09:00:00,10,7.681654,7681.6539999999995,7681.6539999999995
2025-08-25 10:00:00,11,12.567626999999998,12567.626999999999,12567.626999999999
2025-08-25 11:00:00,12,15.715819,15715.819,15715.819
2025-08-25 12:00:00,13,16.475026999999997,16475.027,16475.027
2025-08-25 13:00:00,14,15.300581,15300.581,15300.581
2025-08-25 14:00:00,15,12.553822,12553.822,12553.822
2025-08-25 15:00:00,16,8.815001,8815.001,8815.001
2025-08-25 16:00:00,17,5.129161,5129.161,5129.161
2025-08-25 17:00:00,18,2.416985,2416.985,2416.985
2025-08-25 18:00:00,19,0.622144,622.144,622.144
2025-08-25 19:00:00,20,0.064306,64.306,64.306
2025-08-25 20:00:00,21,0.0,0.0,0.0
2025-08-25 21:00:00,22,0.0,0.0,0.0
2025-08-25 22:00:00,23,0.0,0.0,0.0
2025-08-25 23:00:00,24,0.0,0.0,0.0
2025-08-26 00:00:00,1,0.0,0.0,0.0
2025-08-26 01:00:00,2,0.0,0.0,0.0
2025-08-26 02:00:00,3,0.0,0.0,0.0
2025-08-26 03:00:00,4,0.0,0.0,0.0
2025-08-26 04:00:00,5,0.0,0.0,0.0
2025-08-26 05:00:00,6,0.0,0.0,0.0
2025-08-26 06:00:00,7,0.001516,1.516,1.516
2025-08-26 07:00:00,8,0.45268200000000003,452.682,452.682
2025-08-26 08:00:00,9,2.6209830000000003,2620.983,2620.983
2025-08-26 09:00:00,10,2.11796733,2117.96733,2117.96733
2025-08-26 10:00:00,11,1.4207563399999998,1420.75634,1420.75634
2025-08-26 11:00:00,12,3.9078199999999996,3907.8199999999997,3907.8199999999997
2025-08-26 12:00:00,13,5.63100867,5631.00867,5631.00867
2025-08-26 13:00:00,14,9.958508,9958.508,9958.508
2025-08-26 14:00:00,15,13.242212,13242.212,13242.212
2025-08-26 15:00:00,16,14.299292659999999,14299.29266,14299.29266
2025-08-26 16:00:00,17,9.036406999999999,9036.407,9036.407
2025-08-26 17:00:00,18,4.464396,4464.396,4464.396
2025-08-26 18:00:00,19,1.267419,1267.419,1267.419
2025-08-26 19:00:00,20,0.06117934,61.179339999999996,61.179339999999996
2025-08-26 20:00:00,21,0.0,0.0,0.0
2025-08-26 21:00:00,22,0.0,0.0,0.0
2025-08-26 22:00:00,23,0.0,0.0,0.0
2025-08-26 23:00:00,24,0.0,0.0,0.0
2025-08-27 00:00:00,1,0.0,0.0,0.0
2025-08-27 01:00:00,2,0.0,0.0,0.0
2025-08-27 02:00:00,3,0.0,0.0,0.0
2025-08-27 03:00:00,4,0.0,0.0,0.0
2025-08-27 04:00:00,5,0.0,0.0,0.0
2025-08-27 05:00:00,6,0.0,0.0,0.0
2025-08-27 06:00:00,7,0.0020649999999999996,2.0649999999999995,2.0649999999999995
2025-08-27 07:00:00,8,0.5099600000000001,509.96000000000004,509.96000000000004
2025-08-27 08:00:00,9,3.99671067,3996.71067,3996.71067
2025-08-27 09:00:00,10,10.03912167,10039.12167,10039.12167
2025-08-27 10:00:00,11,16.07975033,16079.750329999999,16079.750329999999
2025-08-27 11:00:00,12,20.04660299,20046.60299,20046.60299
2025-08-27 12:00:00,13,21.292911659999998,21292.911659999998,21292.911659999998
2025-08-27 13:00:00,14,20.338811999999997,20338.811999999998,20338.811999999998
2025-08-27 14:00:00,15,17.503391999999998,17503.392,17503.392
2025-08-27 15:00:00,16,13.257427999999999,13257.428,13257.428
2025-08-27 16:00:00,17,8.00895533,8008.95533,8008.95533
2025-08-27 17:00:00,18,4.04285966,4042.85966,4042.85966
2025-08-27 18:00:00,19,1.20793534,1207.93534,1207.93534
2025-08-27 19:00:00,20,0.11900933000000002,119.00933000000002,119.00933000000002
2025-08-27 20:00:00,21,0.0,0.0,0.0
2025-08-27 21:00:00,22,0.0,0.0,0.0
2025-08-27 22:00:00,23,0.0,0.0,0.0
2025-08-27 23:00:00,24,0.0,0.0,0.0
2025-08-28 00:00:00,1,0.0,0.0,0.0
2025-08-28 01:00:00,2,0.0,0.0,0.0
2025-08-28 02:00:00,3,0.0,0.0,0.0
2025-08-28 03:00:00,4,0.0,0.0,0.0
2025-08-28 04:00:00,5,0.0,0.0,0.0
2025-08-28 05:00:00,6,0.0,0.0,0.0
2025-08-28 06:00:00,7,0.004806,4.806,4.806
2025-08-28 07:00:00,8,0.750637,750.637,750.637
2025-08-28 08:00:00,9,4.5126219999999995,4512.621999999999,4512.621999999999
2025-08-28 09:00:00,10,10.54389767,10543.89767,10543.89767
2025-08-28 10:00:00,11,16.385779,16385.779,16385.779
2025-08-28 11:00:00,12,20.251167999999996,20251.167999999998,20251.167999999998
2025-08-28 12:00:00,13,21.55150866,21551.50866,21551.50866
2025-08-28 13:00:00,14,20.71123433,20711.23433,20711.23433
2025-08-28 14:00:00,15,17.586176329999997,17586.17633,17586.17633
2025-08-28 15:00:00,16,12.82704233,12827.04233,12827.04233
2025-08-28 16:00:00,17,7.99343734,7993.4373399999995,7993.4373399999995
2025-08-28 17:00:00,18,4.06083667,4060.8366699999997,4060.8366699999997
2025-08-28 18:00:00,19,1.2461423299999999,1246.14233,1246.14233
2025-08-28 19:00:00,20,0.099303,99.303,99.303
2025-08-28 20:00:00,21,0.0,0.0,0.0
2025-08-28 21:00:00,22,0.0,0.0,0.0
2025-08-28 22:00:00,23,0.0,0.0,0.0
2025-08-28 23:00:00,24,0.0,0.0,0.0
2025-08-29 00:00:00,1,0.0,0.0,0.0
2025-08-29 01:00:00,2,0.0,0.0,0.0
2025-08-29 02:00:00,3,0.0,0.0,0.0
2025-08-29 03:00:00,4,0.0,0.0,0.0
2025-08-29 04:00:00,5,0.0,0.0,0.0
2025-08-29 05:00:00,6,0.0,0.0,0.0
2025-08-29 06:00:00,7,0.0035887400000000004,3.5887400000000005,3.5887400000000005
2025-08-29 07:00:00,8,0.46063382,460.63382,460.63382
2025-08-29 08:00:00,9,4.10838343,4108.38343,4108.38343
2025-08-29 09:00:00,10,9.86529333,9865.29333,9865.29333
2025-08-29 10:00:00,11,16.09001333,16090.013330000002,16090.013330000002
2025-08-29 11:00:00,12,20.226067,20226.067,20226.067
2025-08-29 12:00:00,13,21.250431,21250.431,21250.431
2025-08-29 13:00:00,14,20.218695,20218.695,20218.695
2025-08-29 14:00:00,15,16.937774,16937.774,16937.774
2025-08-29 15:00:00,16,12.410194659999998,12410.19466,12410.19466
2025-08-29 16:00:00,17,7.65959633,7659.59633,7659.59633
2025-08-29 17:00:00,18,3.8791253300000004,3879.1253300000003,3879.1253300000003
2025-08-29 18:00:00,19,1.11875668,1118.75668,1118.75668
2025-08-29 19:00:00,20,0.07986567,79.86567,79.86567
2025-08-29 20:00:00,21,0.0,0.0,0.0
2025-08-29 21:00:00,22,0.0,0.0,0.0
2025-08-29 22:00:00,23,0.0,0.0,0.0
2025-08-29 23:00:00,24,0.0,0.0,0.0
2025-08-30 00:00:00,1,0.0,0.0,0.0
2025-08-30 01:00:00,2,0.0,0.0,0.0
2025-08-30 02:00:00,3,0.0,0.0,0.0
2025-08-30 03:00:00,4,0.0,0.0,0.0
2025-08-30 04:00:00,5,0.0,0.0,0.0
2025-08-30 05:00:00,6,0.0,0.0,0.0
2025-08-30 06:00:00,7,0.0031849999999999995,3.1849999999999996,3.1849999999999996
2025-08-30 07:00:00,8,0.61152567,611.52567,611.52567
2025-08-30 08:00:00,9,3.7283926700000003,3728.39267,3728.39267
2025-08-30 09:00:00,10,8.77463946,8774.63946,8774.63946
2025-08-30 10:00:00,11,13.556307,13556.307,13556.307
2025-08-30 11:00:00,12,16.61278699,16612.78699,16612.78699
2025-08-30 12:00:00,13,17.64223016,17642.23016,17642.23016
2025-08-30 13:00:00,14,16.71716553,16717.16553,16717.16553
2025-08-30 14:00:00,15,14.056527260000001,14056.52726,14056.52726
2025-08-30 15:00:00,16,10.48197725,10481.97725,10481.97725
2025-08-30 16:00:00,17,6.577018400000001,6577.018400000001,6577.018400000001
2025-08-30 17:00:00,18,3.3500550000000002,3350.0550000000003,3350.0550000000003
2025-08-30 18:00:00,19,0.93667,936.67,936.67
2025-08-30 19:00:00,20,0.06859533000000001,68.59533,68.59533
2025-08-30 20:00:00,21,0.0,0.0,0.0
2025-08-30 21:00:00,22,0.0,0.0,0.0
2025-08-30 22:00:00,23,0.0,0.0,0.0
2025-08-30 23:00:00,24,0.0,0.0,0.0
2025-08-31 00:00:00,1,0.0,0.0,0.0
2025-08-31 01:00:00,2,0.0,0.0,0.0
2025-08-31 02:00:00,3,0.0,0.0,0.0
2025-08-31 03:00:00,4,0.0,0.0,0.0
2025-08-31 04:00:00,5,0.0,0.0,0.0
2025-08-31 05:00:00,6,0.0,0.0,0.0
2025-08-31 06:00:00,7,0.0020060000000000004,2.0060000000000002,2.0060000000000002
2025-08-31 07:00:00,8,0.5850483300000001,585.0483300000001,585.0483300000001
2025-08-31 08:00:00,9,3.68506133,3685.06133,3685.06133
2025-08-31 09:00:00,10,8.429723379999999,8429.72338,8429.72338
2025-08-31 10:00:00,11,12.664764960000001,12664.76496,12664.76496
2025-08-31 11:00:00,12,15.130406589999998,15130.406589999999,15130.406589999999
2025-08-31 12:00:00,13,15.34195615,15341.95615,15341.95615
2025-08-31 13:00:00,14,14.27913988,14279.13988,14279.13988
2025-08-31 14:00:00,15,12.084803039999999,12084.803039999999,12084.803039999999
2025-08-31 15:00:00,16,9.03328872,9033.28872,9033.28872
2025-08-31 16:00:00,17,5.859483239999999,5859.48324,5859.48324
2025-08-31 17:00:00,18,3.0179110500000004,3017.91105,3017.91105
2025-08-31 18:00:00,19,0.8562888399999999,856.2888399999999,856.2888399999999
2025-08-31 19:00:00,20,0.045412329999999994,45.41233,45.41233
2025-08-31 20:00:00,21,0.0,0.0,0.0
2025-08-31 21:00:00,22,0.0,0.0,0.0
2025-08-31 22:00:00,23,0.0,0.0,0.0
2025-08-31 23:00:00,24,0.0,0.0,0.0
2025-09-01 00:00:00,1,0.0,0.0,0.0
2025-09-01 01:00:00,2,0.0,0.0,0.0
2025-09-01 02:00:00,3,0.0,0.0,0.0
2025-09-01 03:00:00,4,0.0,0.0,0.0
2025-09-01 04:00:00,5,0.0,0.0,0.0
2025-09-01 05:00:00,6,0.0,0.0,0.0
2025-09-01 06:00:00,7,0.0027849999999999997,2.7849999999999997,2.7849999999999997
2025-09-01 07:00:00,8,0.711858,711.858,711.858
2025-09-01 08:00:00,9,3.8701706700000003,3870.1706700000004,3870.1706700000004
2025-09-01 09:00:00,10,8.47168733,8471.68733,8471.68733
2025-09-01 10:00:00,11,12.73148016,12731.480160000001,12731.480160000001
2025-09-01 11:00:00,12,15.25283825,15252.83825,15252.83825
2025-09-01 12:00:00,13,15.75324544,15753.24544,15753.24544
2025-09-01 13:00:00,14,14.15626325,14156.26325,14156.26325
2025-09-01 14:00:00,15,11.937341049999999,11937.341049999999,11937.341049999999
2025-09-01 15:00:00,16,8.61159215,8611.59215,8611.59215
2025-09-01 16:00:00,17,5.29581647,5295.81647,5295.81647
2025-09-01 17:00:00,18,2.566398,2566.398,2566.398
2025-09-01 18:00:00,19,0.6683033399999999,668.3033399999999,668.3033399999999
2025-09-01 19:00:00,20,0.02040766,20.40766,20.40766
2025-09-01 20:00:00,21,0.0,0.0,0.0
2025-09-01 21:00:00,22,0.0,0.0,0.0
2025-09-01 22:00:00,23,0.0,0.0,0.0
2025-09-01 23:00:00,24,0.0,0.0,0.0
2025-09-02 00:00:00,1,0.0,0.0,0.0
2025-09-02 01:00:00,2,0.0,0.0,0.0
2025-09-02 02:00:00,3,0.0,0.0,0.0
2025-09-02 03:00:00,4,0.0,0.0,0.0
2025-09-02 04:00:00,5,0.0,0.0,0.0
2025-09-02 05:00:00,6,0.0,0.0,0.0
2025-09-02 06:00:00,7,0.000114,0.114,0.114
2025-09-02 07:00:00,8,0.004488859999999999,4.488859999999999,4.488859999999999
2025-09-02 08:00:00,9,0.04828015,48.28015,48.28015
2025-09-02 09:00:00,10,0.04990299,49.90299,49.90299
2025-09-02 10:00:00,11,5.30134434,5301.34434,5301.34434
2025-09-02 11:00:00,12,17.085829989999997,17085.82999,17085.82999
2025-09-02 12:00:00,13,18.11163534,18111.63534,18111.63534
2025-09-02 13:00:00,14,16.25578733,16255.78733,16255.78733
2025-09-02 14:00:00,15,6.92492001,6924.92001,6924.92001
2025-09-02 15:00:00,16,7.63098865,7630.98865,7630.98865
2025-09-02 16:00:00,17,3.53743302,3537.43302,3537.43302
2025-09-02 17:00:00,18,1.3165310099999998,1316.53101,1316.53101
2025-09-02 18:00:00,19,1.2327813300000001,1232.78133,1232.78133
2025-09-02 19:00:00,20,0.03420767,34.20767,34.20767
2025-09-02 20:00:00,21,0.0,0.0,0.0
2025-09-02 21:00:00,22,0.0,0.0,0.0
2025-09-02 22:00:00,23,0.0,0.0,0.0
2025-09-02 23:00:00,24,0.0,0.0,0.0
2025-09-03 00:00:00,1,0.0,0.0,0.0
2025-09-03 01:00:00,2,0.0,0.0,0.0
2025-09-03 02:00:00,3,0.0,0.0,0.0
2025-09-03 03:00:00,4,0.0,0.0,0.0
2025-09-03 04:00:00,5,0.0,0.0,0.0
2025-09-03 05:00:00,6,0.0,0.0,0.0
2025-09-03 06:00:00,7,0.001648,1.648,1.648
2025-09-03 07:00:00,8,0.37483933,374.83933,374.83933
2025-09-03 08:00:00,9,3.0594876699999998,3059.48767,3059.48767
2025-09-03 09:00:00,10,8.735020769999998,8735.02077,8735.02077
2025-09-03 10:00:00,11,14.411626720000001,14411.62672,14411.62672
2025-09-03 11:00:00,12,17.79523532,17795.23532,17795.23532
2025-09-03 12:00:00,13,18.6690989,18669.0989,18669.0989
2025-09-03 13:00:00,14,17.15172986,17151.72986,17151.72986
2025-09-03 14:00:00,15,14.436361430000002,14436.36143,14436.36143
2025-09-03 15:00:00,16,10.627538040000001,10627.538040000001,10627.538040000001
2025-09-03 16:00:00,17,6.191210310000001,6191.21031,6191.21031
2025-09-03 17:00:00,18,2.66289835,2662.89835,2662.89835
2025-09-03 18:00:00,19,0.64470501,644.70501,644.70501
2025-09-03 19:00:00,20,0.01290767,12.90767,12.90767
2025-09-03 20:00:00,21,0.0,0.0,0.0
2025-09-03 21:00:00,22,0.0,0.0,0.0
2025-09-03 22:00:00,23,0.0,0.0,0.0
2025-09-03 23:00:00,24,0.0,0.0,0.0
2025-09-04 00:00:00,1,0.0,0.0,0.0
2025-09-04 01:00:00,2,0.0,0.0,0.0
2025-09-04 02:00:00,3,0.0,0.0,0.0
2025-09-04 03:00:00,4,0.0,0.0,0.0
2025-09-04 04:00:00,5,0.0,0.0,0.0
2025-09-04 05:00:00,6,0.0,0.0,0.0
2025-09-04 06:00:00,7,0.000834,0.834,0.834
2025-09-04 07:00:00,8,0.5434230099999999,543.42301,543.42301
2025-09-04 08:00:00,9,3.85044268,3850.44268,3850.44268
2025-09-04 09:00:00,10,9.678813320000001,9678.813320000001,9678.813320000001
2025-09-04 10:00:00,11,15.480593669999998,15480.593669999998,15480.593669999998
2025-09-04 11:00:00,12,18.289523000000003,18289.523,18289.523
2025-09-04 12:00:00,13,19.70070032,19700.70032,19700.70032
2025-09-04 13:00:00,14,18.94817566,18948.17566,18948.17566
2025-09-04 14:00:00,15,16.14671667,16146.71667,16146.71667
2025-09-04 15:00:00,16,11.84863633,11848.63633,11848.63633
2025-09-04 16:00:00,17,7.685263330000001,7685.263330000001,7685.263330000001
2025-09-04 17:00:00,18,3.66759533,3667.59533,3667.59533
2025-09-04 18:00:00,19,0.70086433,700.86433,700.86433
2025-09-04 19:00:00,20,0.021821,21.821,21.821
2025-09-04 20:00:00,21,0.0,0.0,0.0
2025-09-04 21:00:00,22,0.0,0.0,0.0
2025-09-04 22:00:00,23,0.0,0.0,0.0
2025-09-04 23:00:00,24,0.0,0.0,0.0
2025-09-05 00:00:00,1,0.0,0.0,0.0
2025-09-05 01:00:00,2,0.0,0.0,0.0
2025-09-05 02:00:00,3,0.0,0.0,0.0
2025-09-05 03:00:00,4,0.0,0.0,0.0
2025-09-05 04:00:00,5,0.0,0.0,0.0
2025-09-05 05:00:00,6,0.0,0.0,0.0
2025-09-05 06:00:00,7,0.00159623,1.5962299999999998,1.5962299999999998
2025-09-05 07:00:00,8,0.57149933,571.49933,571.49933
2025-09-05 08:00:00,9,4.30902782,4309.02782,4309.02782
2025-09-05 09:00:00,10,10.63392266,10633.92266,10633.92266
2025-09-05 10:00:00,11,17.199979680000006,17199.979680000004,17199.979680000004
2025-09-05 11:00:00,12,21.50301567,21503.01567,21503.01567
2025-09-05 12:00:00,13,23.34782033,23347.820330000002,23347.820330000002
2025-09-05 13:00:00,14,21.61191666,21611.91666,21611.91666
2025-09-05 14:00:00,15,19.89926867,19899.26867,19899.26867
2025-09-05 15:00:00,16,13.56076601,13560.76601,13560.76601
2025-09-05 16:00:00,17,9.30574936,9305.74936,9305.74936
2025-09-05 17:00:00,18,4.09178568,4091.78568,4091.78568
2025-09-05 18:00:00,19,0.9870476799999999,987.0476799999999,987.0476799999999
2025-09-05 19:00:00,20,0.009288000000000001,9.288,9.288
2025-09-05 20:00:00,21,0.0,0.0,0.0
2025-09-05 21:00:00,22,0.0,0.0,0.0
2025-09-05 22:00:00,23,0.0,0.0,0.0
2025-09-05 23:00:00,24,0.0,0.0,0.0
2025-09-06 00:00:00,1,0.0,0.0,0.0
2025-09-06 01:00:00,2,0.0,0.0,0.0
2025-09-06 02:00:00,3,0.0,0.0,0.0
2025-09-06 03:00:00,4,0.0,0.0,0.0
2025-09-06 04:00:00,5,0.0,0.0,0.0
2025-09-06 05:00:00,6,0.0,0.0,0.0
2025-09-06 06:00:00,7,0.001267,1.267,1.267
2025-09-06 07:00:00,8,0.09936134,99.36134000000001,99.36134000000001
2025-09-06 08:00:00,9,2.65515733,2655.15733,2655.15733
2025-09-06 09:00:00,10,10.05132667,10051.32667,10051.32667
2025-09-06 10:00:00,11,16.87118866,16871.18866,16871.18866
2025-09-06 11:00:00,12,21.341715,21341.715,21341.715
2025-09-06 12:00:00,13,23.132420330000002,23132.42033,23132.42033
2025-09-06 13:00:00,14,22.610768349999997,22610.76835,22610.76835
2025-09-06 14:00:00,15,20.068410649999997,20068.410649999998,20068.410649999998
2025-09-06 15:00:00,16,15.629860350000001,15629.86035,15629.86035
2025-09-06 16:00:00,17,10.26276334,10262.76334,10262.76334
2025-09-06 17:00:00,18,4.95769801,4957.69801,4957.69801
2025-09-06 18:00:00,19,1.26681233,1266.81233,1266.81233
2025-09-06 19:00:00,20,0.02386267,23.862669999999998,23.862669999999998
2025-09-06 20:00:00,21,0.0,0.0,0.0
2025-09-06 21:00:00,22,0.0,0.0,0.0
2025-09-06 22:00:00,23,0.0,0.0,0.0
2025-09-06 23:00:00,24,0.0,0.0,0.0
2025-09-07 00:00:00,1,0.0,0.0,0.0
2025-09-07 01:00:00,2,0.0,0.0,0.0
2025-09-07 02:00:00,3,0.0,0.0,0.0
2025-09-07 03:00:00,4,0.0,0.0,0.0
2025-09-07 04:00:00,5,0.0,0.0,0.0
2025-09-07 05:00:00,6,0.0,0.0,0.0
2025-09-07 06:00:00,7,0.00101033,1.01033,1.01033
2025-09-07 07:00:00,8,0.658096,658.096,658.096
2025-09-07 08:00:00,9,4.431466,4431.466,4431.466
2025-09-07 09:00:00,10,10.56073667,10560.73667,10560.73667
2025-09-07 10:00:00,11,16.57600767,16576.00767,16576.00767
2025-09-07 11:00:00,12,20.974845679999998,20974.84568,20974.84568
2025-09-07 12:00:00,13,22.17589633,22175.89633,22175.89633
2025-09-07 13:00:00,14,21.21836698,21218.36698,21218.36698
2025-09-07 14:00:00,15,18.342333999999997,18342.334,18342.334
2025-09-07 15:00:00,16,14.047668700000001,14047.6687,14047.6687
2025-09-07 16:00:00,17,8.910274009999998,8910.27401,8910.27401
2025-09-07 17:00:00,18,3.62525266,3625.25266,3625.25266
2025-09-07 18:00:00,19,0.89186901,891.86901,891.86901
2025-09-07 19:00:00,20,0.015608,15.608,15.608
2025-09-07 20:00:00,21,0.0,0.0,0.0
2025-09-07 21:00:00,22,0.0,0.0,0.0
2025-09-07 22:00:00,23,0.0,0.0,0.0
2025-09-07 23:00:00,24,0.0,0.0,0.0
2025-09-08 00:00:00,1,0.0,0.0,0.0
2025-09-08 01:00:00,2,0.0,0.0,0.0
2025-09-08 02:00:00,3,0.0,0.0,0.0
2025-09-08 03:00:00,4,0.0,0.0,0.0
2025-09-08 04:00:00,5,0.0,0.0,0.0
2025-09-08 05:00:00,6,0.0,0.0,0.0
2025-09-08 06:00:00,7,0.0013603299999999999,1.3603299999999998,1.3603299999999998
2025-09-08 07:00:00,8,0.59565799,595.6579899999999,595.6579899999999
2025-09-08 08:00:00,9,4.1609573300000005,4160.95733,4160.95733
2025-09-08 09:00:00,10,10.12783961,10127.83961,10127.83961
2025-09-08 10:00:00,11,16.40814662,16408.14662,16408.14662
2025-09-08 11:00:00,12,20.657157559999998,20657.15756,20657.15756
2025-09-08 12:00:00,13,22.47392445,22473.92445,22473.92445
2025-09-08 13:00:00,14,22.35412205,22354.12205,22354.12205
2025-09-08 14:00:00,15,20.01768664,20017.68664,20017.68664
2025-09-08 15:00:00,16,15.476997739999998,15476.997739999999,15476.997739999999
2025-09-08 16:00:00,17,9.999952109999999,9999.952109999998,9999.952109999998
2025-09-08 17:00:00,18,4.29864066,4298.64066,4298.64066
2025-09-08 18:00:00,19,1.41298366,1412.98366,1412.98366
2025-09-08 19:00:00,20,0.008306659999999999,8.306659999999999,8.306659999999999
2025-09-08 20:00:00,21,0.0,0.0,0.0
2025-09-08 21:00:00,22,0.0,0.0,0.0
2025-09-08 22:00:00,23,0.0,0.0,0.0
2025-09-08 23:00:00,24,0.0,0.0,0.0
2025-09-09 00:00:00,1,0.0,0.0,0.0
2025-09-09 01:00:00,2,0.0,0.0,0.0
2025-09-09 02:00:00,3,0.0,0.0,0.0
2025-09-09 03:00:00,4,0.0,0.0,0.0
2025-09-09 04:00:00,5,0.0,0.0,0.0
2025-09-09 05:00:00,6,0.0,0.0,0.0
2025-09-09 06:00:00,7,0.00046633000000000004,0.46633,0.46633
2025-09-09 07:00:00,8,0.32647534,326.47534,326.47534
2025-09-09 08:00:00,9,3.7066559999999997,3706.656,3706.656
2025-09-09 09:00:00,10,8.248609309999999,8248.60931,8248.60931
2025-09-09 10:00:00,11,11.299757320000001,11299.75732,11299.75732
2025-09-09 11:00:00,12,11.83773733,11837.73733,11837.73733
2025-09-09 12:00:00,13,12.00694134,12006.94134,12006.94134
2025-09-09 13:00:00,14,14.900336339999999,14900.33634,14900.33634
2025-09-09 14:00:00,15,8.828651010000002,8828.651010000001,8828.651010000001
2025-09-09 15:00:00,16,8.57420298,8574.20298,8574.20298
2025-09-09 16:00:00,17,5.0724656800000005,5072.46568,5072.46568
2025-09-09 17:00:00,18,2.4144229999999998,2414.423,2414.423
2025-09-09 18:00:00,19,0.27987733000000004,279.87733000000003,279.87733000000003
2025-09-09 19:00:00,20,0.005189,5.189,5.189
2025-09-09 20:00:00,21,0.0,0.0,0.0
2025-09-09 21:00:00,22,0.0,0.0,0.0
2025-09-09 22:00:00,23,0.0,0.0,0.0
2025-09-09 23:00:00,24,0.0,0.0,0.0
2025-09-10 00:00:00,1,0.0,0.0,0.0
2025-09-10 01:00:00,2,0.0,0.0,0.0
2025-09-10 02:00:00,3,0.0,0.0,0.0
2025-09-10 03:00:00,4,0.0,0.0,0.0
2025-09-10 04:00:00,5,0.0,0.0,0.0
2025-09-10 05:00:00,6,0.0,0.0,0.0
2025-09-10 06:00:00,7,0.00111733,1.11733,1.11733
2025-09-10 07:00:00,8,0.23042265000000003,230.42265000000003,230.42265000000003
2025-09-10 08:00:00,9,2.72217301,2722.17301,2722.17301
2025-09-10 09:00:00,10,7.07544267,7075.44267,7075.44267
2025-09-10 10:00:00,11,10.091508,10091.508,10091.508
2025-09-10 11:00:00,12,21.39097868,21390.97868,21390.97868
2025-09-10 12:00:00,13,23.30589199,23305.89199,23305.89199
2025-09-10 13:00:00,14,21.296622329999998,21296.62233,21296.62233
2025-09-10 14:00:00,15,17.16602766,17166.02766,17166.02766
2025-09-10 15:00:00,16,11.648639999999999,11648.64,11648.64
2025-09-10 16:00:00,17,4.25549802,4255.49802,4255.49802
2025-09-10 17:00:00,18,1.82317637,1823.1763700000001,1823.1763700000001
2025-09-10 18:00:00,19,0.24286133999999998,242.86133999999998,242.86133999999998
2025-09-10 19:00:00,20,0.0050266700000000004,5.02667,5.02667
2025-09-10 20:00:00,21,0.0,0.0,0.0
2025-09-10 21:00:00,22,0.0,0.0,0.0
2025-09-10 22:00:00,23,0.0,0.0,0.0
2025-09-10 23:00:00,24,0.0,0.0,0.0
2025-09-11 00:00:00,1,0.0,0.0,0.0
2025-09-11 01:00:00,2,0.0,0.0,0.0
2025-09-11 02:00:00,3,0.0,0.0,0.0
2025-09-11 03:00:00,4,0.0,0.0,0.0
2025-09-11 04:00:00,5,0.0,0.0,0.0
2025-09-11 05:00:00,6,0.0,0.0,0.0
2025-09-11 06:00:00,7,0.0017803299999999999,1.78033,1.78033
2025-09-11 07:00:00,8,0.48868700000000004,488.687,488.687
2025-09-11 08:00:00,9,3.77249467,3772.49467,3772.49467
2025-09-11 09:00:00,10,9.56961932,9569.61932,9569.61932
2025-09-11 10:00:00,11,16.664048989999998,16664.04899,16664.04899
2025-09-11 11:00:00,12,21.385389009999997,21385.38901,21385.38901
2025-09-11 12:00:00,13,23.19698466,23196.98466,23196.98466
2025-09-11 13:00:00,14,22.667416990000003,22667.41699,22667.41699
2025-09-11 14:00:00,15,19.847271,19847.271,19847.271
2025-09-11 15:00:00,16,14.145205979999998,14145.205979999999,14145.205979999999
2025-09-11 16:00:00,17,9.653188,9653.188,9653.188
2025-09-11 17:00:00,18,4.5822283200000005,4582.22832,4582.22832
2025-09-11 18:00:00,19,0.94486699,944.86699,944.86699
2025-09-11 19:00:00,20,0.00887067,8.87067,8.87067
2025-09-11 20:00:00,21,0.0,0.0,0.0
2025-09-11 21:00:00,22,0.0,0.0,0.0
2025-09-11 22:00:00,23,0.0,0.0,0.0
2025-09-11 23:00:00,24,0.0,0.0,0.0
2025-09-12 00:00:00,1,0.0,0.0,0.0
2025-09-12 01:00:00,2,0.0,0.0,0.0
2025-09-12 02:00:00,3,0.0,0.0,0.0
2025-09-12 03:00:00,4,0.0,0.0,0.0
2025-09-12 04:00:00,5,0.0,0.0,0.0
2025-09-12 05:00:00,6,0.0,0.0,0.0
2025-09-12 06:00:00,7,0.000624,0.624,0.624
2025-09-12 07:00:00,8,0.35864066,358.64066,358.64066
2025-09-12 08:00:00,9,3.54069066,3540.69066,3540.69066
2025-09-12 09:00:00,10,9.44914165,9449.14165,9449.14165
2025-09-12 10:00:00,11,15.61039669,15610.39669,15610.39669
2025-09-12 11:00:00,12,19.936027669999998,19936.02767,19936.02767
2025-09-12 12:00:00,13,21.613253670000002,21613.253670000002,21613.253670000002
2025-09-12 13:00:00,14,21.02286032,21022.86032,21022.86032
2025-09-12 14:00:00,15,18.29236934,18292.36934,18292.36934
2025-09-12 15:00:00,16,13.78289602,13782.89602,13782.89602
2025-09-12 16:00:00,17,8.42336036,8423.36036,8423.36036
2025-09-12 17:00:00,18,3.625868,3625.868,3625.868
2025-09-12 18:00:00,19,0.6547720100000001,654.77201,654.77201
2025-09-12 19:00:00,20,0.00587167,5.87167,5.87167
2025-09-12 20:00:00,21,0.0,0.0,0.0
2025-09-12 21:00:00,22,0.0,0.0,0.0
2025-09-12 22:00:00,23,0.0,0.0,0.0
2025-09-12 23:00:00,24,0.0,0.0,0.0
2025-09-13 00:00:00,1,0.0,0.0,0.0
2025-09-13 01:00:00,2,0.0,0.0,0.0
2025-09-13 02:00:00,3,0.0,0.0,0.0
2025-09-13 03:00:00,4,0.0,0.0,0.0
2025-09-13 04:00:00,5,0.0,0.0,0.0
2025-09-13 05:00:00,6,0.0,0.0,0.0
2025-09-13 06:00:00,7,0.00038533,0.38533,0.38533
2025-09-13 07:00:00,8,0.42765267,427.65267,427.65267
2025-09-13 08:00:00,9,3.53755966,3537.55966,3537.55966
2025-09-13 09:00:00,10,9.073976340000002,9073.976340000001,9073.976340000001
2025-09-13 10:00:00,11,14.99427665,14994.27665,14994.27665
2025-09-13 11:00:00,12,18.908386330000003,18908.38633,18908.38633
2025-09-13 12:00:00,13,20.522501669999997,20522.501669999998,20522.501669999998
2025-09-13 13:00:00,14,19.91315569,19913.15569,19913.15569
2025-09-13 14:00:00,15,17.292359649999998,17292.35965,17292.35965
2025-09-13 15:00:00,16,12.822381349999999,12822.38135,12822.38135
2025-09-13 16:00:00,17,7.83024434,7830.24434,7830.24434
2025-09-13 17:00:00,18,3.48330768,3483.30768,3483.30768
2025-09-13 18:00:00,19,0.66115533,661.15533,661.15533
2025-09-13 19:00:00,20,0.007206,7.2059999999999995,7.2059999999999995
2025-09-13 20:00:00,21,0.0,0.0,0.0
2025-09-13 21:00:00,22,0.0,0.0,0.0
2025-09-13 22:00:00,23,0.0,0.0,0.0
2025-09-13 23:00:00,24,0.0,0.0,0.0
2025-09-14 00:00:00,1,0.0,0.0,0.0
2025-09-14 01:00:00,2,0.0,0.0,0.0
2025-09-14 02:00:00,3,0.0,0.0,0.0
2025-09-14 03:00:00,4,0.0,0.0,0.0
2025-09-14 04:00:00,5,0.0,0.0,0.0
2025-09-14 05:00:00,6,0.0,0.0,0.0
2025-09-14 06:00:00,7,0.00041533000000000005,0.41533000000000003,0.41533000000000003
2025-09-14 07:00:00,8,0.51063933,510.63933,510.63933
2025-09-14 08:00:00,9,3.92745833,3927.45833,3927.45833
2025-09-14 09:00:00,10,9.78092,9780.92,9780.92
2025-09-14 10:00:00,11,15.944784339999998,15944.784339999998,15944.784339999998
2025-09-14 11:00:00,12,20.097691339999997,20097.691339999998,20097.691339999998
2025-09-14 12:00:00,13,21.64318099,21643.18099,21643.18099
2025-09-14 13:00:00,14,21.07640699,21076.40699,21076.40699
2025-09-14 14:00:00,15,18.19206267,18192.06267,18192.06267
2025-09-14 15:00:00,16,13.65231104,13652.31104,13652.31104
2025-09-14 16:00:00,17,8.42577768,8425.77768,8425.77768
2025-09-14 17:00:00,18,3.7231876600000002,3723.18766,3723.18766
2025-09-14 18:00:00,19,0.7079103399999999,707.9103399999999,707.9103399999999
2025-09-14 19:00:00,20,0.00725667,7.25667,7.25667
2025-09-14 20:00:00,21,0.0,0.0,0.0
2025-09-14 21:00:00,22,0.0,0.0,0.0
2025-09-14 22:00:00,23,0.0,0.0,0.0
2025-09-14 23:00:00,24,0.0,0.0,0.0
2025-09-15 00:00:00,1,0.0,0.0,0.0
2025-09-15 01:00:00,2,0.0,0.0,0.0
2025-09-15 02:00:00,3,0.0,0.0,0.0
2025-09-15 03:00:00,4,0.0,0.0,0.0
2025-09-15 04:00:00,5,0.0,0.0,0.0
2025-09-15 05:00:00,6,0.0,0.0,0.0
2025-09-15 06:00:00,7,0.0,0.0,0.0
2025-09-15 07:00:00,8,8.4e-05,0.08399999999999999,0.08399999999999999
2025-09-15 08:00:00,9,0.0006540000000000001,0.654,0.654
2025-09-15 09:00:00,10,0.001418,1.418,1.418
2025-09-15 10:00:00,11,0.001858,1.858,1.858
2025-09-15 11:00:00,12,0.00221,2.21,2.21
2025-09-15 12:00:00,13,0.0023819999999999996,2.3819999999999997,2.3819999999999997
2025-09-15 13:00:00,14,0.002381,2.381,2.381
2025-09-15 14:00:00,15,0.002216,2.216,2.216
2025-09-15 15:00:00,16,0.001538,1.538,1.538
2025-09-15 16:00:00,17,0.000919,0.919,0.919
2025-09-15 17:00:00,18,0.00046699999999999997,0.46699999999999997,0.46699999999999997
2025-09-15 18:00:00,19,1.4999999999999999e-05,0.015,0.015
2025-09-15 19:00:00,20,0.0,0.0,0.0
2025-09-15 20:00:00,21,0.0,0.0,0.0
2025-09-15 21:00:00,22,0.0,0.0,0.0
2025-09-15 22:00:00,23,0.0,0.0,0.0
2025-09-15 23:00:00,24,0.0,0.0,0.0
2025-09-16 00:00:00,1,0.0,0.0,0.0
2025-09-16 01:00:00,2,0.0,0.0,0.0
2025-09-16 02:00:00,3,0.0,0.0,0.0
2025-09-16 03:00:00,4,0.0,0.0,0.0
2025-09-16 04:00:00,5,0.0,0.0,0.0
2025-09-16 05:00:00,6,0.0,0.0,0.0
2025-09-16 06:00:00,7,0.000157,0.157,0.157
2025-09-16 07:00:00,8,0.44330167,443.30167,443.30167
2025-09-16 08:00:00,9,3.70690501,3706.90501,3706.90501
2025-09-16 09:00:00,10,9.162241340000001,9162.24134,9162.24134
2025-09-16 10:00:00,11,14.82939598,14829.39598,14829.39598
2025-09-16 11:00:00,12,18.50642234,18506.42234,18506.42234
2025-09-16 12:00:00,13,19.428792,19428.792,19428.792
2025-09-16 13:00:00,14,18.191989669999998,18191.98967,18191.98967
2025-09-16 14:00:00,15,14.98535434,14985.35434,14985.35434
2025-09-16 15:00:00,16,10.56837968,10568.37968,10568.37968
2025-09-16 16:00:00,17,6.08931133,6089.31133,6089.31133
2025-09-16 17:00:00,18,2.61024302,2610.24302,2610.24302
2025-09-16 18:00:00,19,0.53790764,537.90764,537.90764
2025-09-16 19:00:00,20,0.021850669999999996,21.850669999999997,21.850669999999997
2025-09-16 20:00:00,21,0.0,0.0,0.0
2025-09-16 21:00:00,22,0.0,0.0,0.0
2025-09-16 22:00:00,23,0.0,0.0,0.0
2025-09-16 23:00:00,24,0.0,0.0,0.0
2025-09-17 00:00:00,1,0.0,0.0,0.0
2025-09-17 01:00:00,2,0.0,0.0,0.0
2025-09-17 02:00:00,3,0.0,0.0,0.0
2025-09-17 03:00:00,4,0.0,0.0,0.0
2025-09-17 04:00:00,5,0.0,0.0,0.0
2025-09-17 05:00:00,6,0.0,0.0,0.0
2025-09-17 06:00:00,7,0.0,0.0,0.0
2025-09-17 07:00:00,8,2.6e-05,0.026,0.026
2025-09-17 08:00:00,9,0.0012389999999999999,1.2389999999999999,1.2389999999999999
2025-09-17 09:00:00,10,0.0012746699999999999,1.27467,1.27467
2025-09-17 10:00:00,11,0.00244934,2.44934,2.44934
2025-09-17 11:00:00,12,0.003154,3.154,3.154
2025-09-17 12:00:00,13,0.003068,3.068,3.068
2025-09-17 13:00:00,14,0.0022763400000000004,2.2763400000000003,2.2763400000000003
2025-09-17 14:00:00,15,0.00186334,1.86334,1.86334
2025-09-17 15:00:00,16,0.0013233399999999999,1.32334,1.32334
2025-09-17 16:00:00,17,0.0007546699999999999,0.75467,0.75467
2025-09-17 17:00:00,18,0.00025366,0.25366,0.25366
2025-09-17 18:00:00,19,3.133000000000001e-05,0.031330000000000004,0.031330000000000004
2025-09-17 19:00:00,20,0.0,0.0,0.0
2025-09-17 20:00:00,21,0.0,0.0,0.0
2025-09-17 21:00:00,22,0.0,0.0,0.0
2025-09-17 22:00:00,23,0.0,0.0,0.0
2025-09-17 23:00:00,24,0.0,0.0,0.0
2025-09-18 00:00:00,1,0.0,0.0,0.0
2025-09-18 01:00:00,2,0.0,0.0,0.0
2025-09-18 02:00:00,3,0.0,0.0,0.0
2025-09-18 03:00:00,4,0.0,0.0,0.0
2025-09-18 04:00:00,5,0.0,0.0,0.0
2025-09-18 05:00:00,6,0.0,0.0,0.0
2025-09-18 06:00:00,7,0.00148967,1.48967,1.48967
2025-09-18 07:00:00,8,0.06524334,65.24334,65.24334
2025-09-18 08:00:00,9,2.2686456699999997,2268.64567,2268.64567
2025-09-18 09:00:00,10,6.87291734,6872.91734,6872.91734
2025-09-18 10:00:00,11,7.70124267,7701.24267,7701.24267
2025-09-18 11:00:00,12,10.95433367,10954.33367,10954.33367
2025-09-18 12:00:00,13,12.897811990000001,12897.81199,12897.81199
2025-09-18 13:00:00,14,14.778944349999998,14778.944349999998,14778.944349999998
2025-09-18 14:00:00,15,11.11896333,11118.96333,11118.96333
2025-09-18 15:00:00,16,5.680341319999999,5680.3413199999995,5680.3413199999995
2025-09-18 16:00:00,17,1.10743635,1107.43635,1107.43635
2025-09-18 17:00:00,18,0.28211501,282.11501,282.11501
2025-09-18 18:00:00,19,0.07634529999999999,76.3453,76.3453
2025-09-18 19:00:00,20,0.0,0.0,0.0
2025-09-18 20:00:00,21,0.0,0.0,0.0
2025-09-18 21:00:00,22,0.0,0.0,0.0
2025-09-18 22:00:00,23,0.0,0.0,0.0
2025-09-18 23:00:00,24,0.0,0.0,0.0
2025-09-19 00:00:00,1,0.0,0.0,0.0
2025-09-19 01:00:00,2,0.0,0.0,0.0
2025-09-19 02:00:00,3,0.0,0.0,0.0
2025-09-19 03:00:00,4,0.0,0.0,0.0
2025-09-19 04:00:00,5,0.0,0.0,0.0
2025-09-19 05:00:00,6,0.0,0.0,0.0
2025-09-19 06:00:00,7,0.0,0.0,0.0
2025-09-19 07:00:00,8,0.0075226699999999995,7.52267,7.52267
2025-09-19 08:00:00,9,0.09593766,95.93766,95.93766
2025-09-19 09:00:00,10,0.68381067,683.81067,683.81067
2025-09-19 10:00:00,11,2.45572599,2455.72599,2455.72599
2025-09-19 11:00:00,12,2.6871826600000004,2687.1826600000004,2687.1826600000004
2025-09-19 12:00:00,13,1.37590966,1375.90966,1375.90966
2025-09-19 13:00:00,14,4.09037234,4090.37234,4090.37234
2025-09-19 14:00:00,15,15.24185667,15241.856670000001,15241.856670000001
2025-09-19 15:00:00,16,14.942019320000002,14942.019320000001,14942.019320000001
2025-09-19 16:00:00,17,2.7815173300000002,2781.51733,2781.51733
2025-09-19 17:00:00,18,0.56663331,566.6333099999999,566.6333099999999
2025-09-19 18:00:00,19,0.31364568,313.64567999999997,313.64567999999997
2025-09-19 19:00:00,20,0.0,0.0,0.0
2025-09-19 20:00:00,21,0.0,0.0,0.0
2025-09-19 21:00:00,22,0.0,0.0,0.0
2025-09-19 22:00:00,23,0.0,0.0,0.0
2025-09-19 23:00:00,24,0.0,0.0,0.0
2025-09-20 00:00:00,1,0.0,0.0,0.0
2025-09-20 01:00:00,2,0.0,0.0,0.0
2025-09-20 02:00:00,3,0.0,0.0,0.0
2025-09-20 03:00:00,4,0.0,0.0,0.0
2025-09-20 04:00:00,5,0.0,0.0,0.0
2025-09-20 05:00:00,6,0.0,0.0,0.0
2025-09-20 06:00:00,7,0.0,0.0,0.0
2025-09-20 07:00:00,8,0.343093,343.09299999999996,343.09299999999996
2025-09-20 08:00:00,9,3.27869135,3278.69135,3278.69135
2025-09-20 09:00:00,10,8.41934501,8419.345010000001,8419.345010000001
2025-09-20 10:00:00,11,13.98213466,13982.13466,13982.13466
2025-09-20 11:00:00,12,16.93567201,16935.672010000002,16935.672010000002
2025-09-20 12:00:00,13,18.92680399,18926.80399,18926.80399
2025-09-20 13:00:00,14,16.58497366,16584.97366,16584.97366
2025-09-20 14:00:00,15,11.78953399,11789.53399,11789.53399
2025-09-20 15:00:00,16,8.62730134,8627.30134,8627.30134
2025-09-20 16:00:00,17,4.34237101,4342.37101,4342.37101
2025-09-20 17:00:00,18,2.513772,2513.772,2513.772
2025-09-20 18:00:00,19,0.33882098,338.82098,338.82098
2025-09-20 19:00:00,20,0.0,0.0,0.0
2025-09-20 20:00:00,21,0.0,0.0,0.0
2025-09-20 21:00:00,22,0.0,0.0,0.0
2025-09-20 22:00:00,23,0.0,0.0,0.0
2025-09-20 23:00:00,24,0.0,0.0,0.0
2025-09-21 00:00:00,1,0.0,0.0,0.0
2025-09-21 01:00:00,2,0.0,0.0,0.0
2025-09-21 02:00:00,3,0.0,0.0,0.0
2025-09-21 03:00:00,4,0.0,0.0,0.0
2025-09-21 04:00:00,5,0.0,0.0,0.0
2025-09-21 05:00:00,6,0.0,0.0,0.0
2025-09-21 06:00:00,7,0.0,0.0,0.0
2025-09-21 07:00:00,8,0.32693601,326.93601,326.93601
2025-09-21 08:00:00,9,3.29733431,3297.33431,3297.33431
2025-09-21 09:00:00,10,8.391525,8391.525,8391.525
2025-09-21 10:00:00,11,13.46007367,13460.07367,13460.07367
2025-09-21 11:00:00,12,16.806185669999998,16806.18567,16806.18567
2025-09-21 12:00:00,13,17.79029332,17790.29332,17790.29332
2025-09-21 13:00:00,14,16.34523202,16345.23202,16345.23202
2025-09-21 14:00:00,15,13.84633534,13846.33534,13846.33534
2025-09-21 15:00:00,16,9.90255301,9902.55301,9902.55301
2025-09-21 16:00:00,17,5.852594659999999,5852.59466,5852.59466
2025-09-21 17:00:00,18,2.39472634,2394.72634,2394.72634
2025-09-21 18:00:00,19,0.35401566,354.01566,354.01566
2025-09-21 19:00:00,20,0.0,0.0,0.0
2025-09-21 20:00:00,21,0.0,0.0,0.0
2025-09-21 21:00:00,22,0.0,0.0,0.0
2025-09-21 22:00:00,23,0.0,0.0,0.0
2025-09-21 23:00:00,24,0.0,0.0,0.0
2025-09-22 00:00:00,1,0.0,0.0,0.0
2025-09-22 01:00:00,2,0.0,0.0,0.0
2025-09-22 02:00:00,3,0.0,0.0,0.0
2025-09-22 03:00:00,4,0.0,0.0,0.0
2025-09-22 04:00:00,5,0.0,0.0,0.0
2025-09-22 05:00:00,6,0.0,0.0,0.0
2025-09-22 06:00:00,7,0.0,0.0,0.0
2025-09-22 07:00:00,8,0.312961,312.961,312.961
2025-09-22 08:00:00,9,3.267818,3267.818,3267.818
2025-09-22 09:00:00,10,8.42338066,8423.380659999999,8423.380659999999
2025-09-22 10:00:00,11,13.813484,13813.484,13813.484
2025-09-22 11:00:00,12,17.576494330000003,17576.49433,17576.49433
2025-09-22 12:00:00,13,18.628169999999997,18628.17,18628.17
2025-09-22 13:00:00,14,17.79010967,17790.109669999998,17790.109669999998
2025-09-22 14:00:00,15,15.037485,15037.485,15037.485
2025-09-22 15:00:00,16,10.60986401,10609.864010000001,10609.864010000001
2025-09-22 16:00:00,17,6.05551566,6055.51566,6055.51566
2025-09-22 17:00:00,18,2.34079967,2340.79967,2340.79967
2025-09-22 18:00:00,19,0.31137666999999997,311.37667,311.37667
2025-09-22 19:00:00,20,0.0,0.0,0.0
2025-09-22 20:00:00,21,0.0,0.0,0.0
2025-09-22 21:00:00,22,0.0,0.0,0.0
2025-09-22 22:00:00,23,0.0,0.0,0.0
2025-09-22 23:00:00,24,0.0,0.0,0.0
2025-09-23 00:00:00,1,0.0,0.0,0.0
2025-09-23 01:00:00,2,0.0,0.0,0.0
2025-09-23 02:00:00,3,0.0,0.0,0.0
2025-09-23 03:00:00,4,0.0,0.0,0.0
2025-09-23 04:00:00,5,0.0,0.0,0.0
2025-09-23 05:00:00,6,0.0,0.0,0.0
2025-09-23 06:00:00,7,0.0,0.0,0.0
2025-09-23 07:00:00,8,0.33114234,331.14234,331.14234
2025-09-23 08:00:00,9,3.44471232,3444.7123199999996,3444.7123199999996
2025-09-23 09:00:00,10,8.79451268,8794.51268,8794.51268
2025-09-23 10:00:00,11,14.067142330000001,14067.14233,14067.14233
2025-09-23 11:00:00,12,17.609103,17609.103000000003,17609.103000000003
2025-09-23 12:00:00,13,18.50530466,18505.30466,18505.30466
2025-09-23 13:00:00,14,17.068582009999997,17068.58201,17068.58201
2025-09-23 14:00:00,15,13.98948767,13989.48767,13989.48767
2025-09-23 15:00:00,16,9.69613234,9696.13234,9696.13234
2025-09-23 16:00:00,17,5.4417683299999995,5441.76833,5441.76833
2025-09-23 17:00:00,18,2.11051368,2110.51368,2110.51368
2025-09-23 18:00:00,19,0.28012432000000004,280.12432,280.12432
2025-09-23 19:00:00,20,0.0,0.0,0.0
2025-09-23 20:00:00,21,0.0,0.0,0.0
2025-09-23 21:00:00,22,0.0,0.0,0.0
2025-09-23 22:00:00,23,0.0,0.0,0.0
2025-09-23 23:00:00,24,0.0,0.0,0.0
2025-09-24 00:00:00,1,0.0,0.0,0.0
2025-09-24 01:00:00,2,0.0,0.0,0.0
2025-09-24 02:00:00,3,0.0,0.0,0.0
2025-09-24 03:00:00,4,0.0,0.0,0.0
2025-09-24 04:00:00,5,0.0,0.0,0.0
2025-09-24 05:00:00,6,0.0,0.0,0.0
2025-09-24 06:00:00,7,0.0,0.0,0.0
2025-09-24 07:00:00,8,0.26959133,269.59133,269.59133
2025-09-24 08:00:00,9,3.18186233,3181.86233,3181.86233
2025-09-24 09:00:00,10,7.29175401,7291.75401,7291.75401
2025-09-24 10:00:00,11,8.35341234,8353.41234,8353.41234
2025-09-24 11:00:00,12,4.98050033,4980.50033,4980.50033
2025-09-24 12:00:00,13,1.607443,1607.443,1607.443
2025-09-24 13:00:00,14,12.82747768,12827.47768,12827.47768
2025-09-24 14:00:00,15,18.746162339999998,18746.16234,18746.16234
2025-09-24 15:00:00,16,10.76385601,10763.85601,10763.85601
2025-09-24 16:00:00,17,0.8807473299999999,880.7473299999999,880.7473299999999
2025-09-24 17:00:00,18,0.51669668,516.69668,516.69668
2025-09-24 18:00:00,19,0.11303699,113.03699,113.03699
2025-09-24 19:00:00,20,0.0,0.0,0.0
2025-09-24 20:00:00,21,0.0,0.0,0.0
2025-09-24 21:00:00,22,0.0,0.0,0.0
2025-09-24 22:00:00,23,0.0,0.0,0.0
2025-09-24 23:00:00,24,0.0,0.0,0.0
2025-09-25 00:00:00,1,0.0,0.0,0.0
2025-09-25 01:00:00,2,0.0,0.0,0.0
2025-09-25 02:00:00,3,0.0,0.0,0.0
2025-09-25 03:00:00,4,0.0,0.0,0.0
2025-09-25 04:00:00,5,0.0,0.0,0.0
2025-09-25 05:00:00,6,0.0,0.0,0.0
2025-09-25 06:00:00,7,0.0,0.0,0.0
2025-09-25 07:00:00,8,0.019347339999999998,19.34734,19.34734
2025-09-25 08:00:00,9,0.09407366,94.07366,94.07366
2025-09-25 09:00:00,10,3.2806983300000003,3280.69833,3280.69833
2025-09-25 10:00:00,11,11.24735599,11247.35599,11247.35599
2025-09-25 11:00:00,12,13.150051650000002,13150.051650000001,13150.051650000001
2025-09-25 12:00:00,13,16.69223401,16692.23401,16692.23401
2025-09-25 13:00:00,14,17.49319732,17493.19732,17493.19732
2025-09-25 14:00:00,15,15.91609534,15916.09534,15916.09534
2025-09-25 15:00:00,16,11.109803320000001,11109.80332,11109.80332
2025-09-25 16:00:00,17,6.34335501,6343.35501,6343.35501
2025-09-25 17:00:00,18,2.4977980000000004,2497.7980000000002,2497.7980000000002
2025-09-25 18:00:00,19,0.29088766,290.88766,290.88766
2025-09-25 19:00:00,20,0.0,0.0,0.0
2025-09-25 20:00:00,21,0.0,0.0,0.0
2025-09-25 21:00:00,22,0.0,0.0,0.0
2025-09-25 22:00:00,23,0.0,0.0,0.0
2025-09-25 23:00:00,24,0.0,0.0,0.0
2025-09-26 00:00:00,1,0.0,0.0,0.0
2025-09-26 01:00:00,2,0.0,0.0,0.0
2025-09-26 02:00:00,3,0.0,0.0,0.0
2025-09-26 03:00:00,4,0.0,0.0,0.0
2025-09-26 04:00:00,5,0.0,0.0,0.0
2025-09-26 05:00:00,6,0.0,0.0,0.0
2025-09-26 06:00:00,7,0.0,0.0,0.0
2025-09-26 07:00:00,8,0.24149301,241.49301,241.49301
2025-09-26 08:00:00,9,3.1797653300000004,3179.76533,3179.76533
2025-09-26 09:00:00,10,9.16124367,9161.24367,9161.24367
2025-09-26 10:00:00,11,15.31555267,15315.552670000001,15315.552670000001
2025-09-26 11:00:00,12,19.66073635,19660.73635,19660.73635
2025-09-26 12:00:00,13,21.307745349999998,21307.745349999997,21307.745349999997
2025-09-26 13:00:00,14,20.40956901,20409.56901,20409.56901
2025-09-26 14:00:00,15,17.16120767,17161.20767,17161.20767
2025-09-26 15:00:00,16,12.01121298,12011.21298,12011.21298
2025-09-26 16:00:00,17,6.681684000000001,6681.684,6681.684
2025-09-26 17:00:00,18,2.39695035,2396.95035,2396.95035
2025-09-26 18:00:00,19,0.24552199000000002,245.52199000000002,245.52199000000002
2025-09-26 19:00:00,20,0.0,0.0,0.0
2025-09-26 20:00:00,21,0.0,0.0,0.0
2025-09-26 21:00:00,22,0.0,0.0,0.0
2025-09-26 22:00:00,23,0.0,0.0,0.0
2025-09-26 23:00:00,24,0.0,0.0,0.0
2025-09-27 00:00:00,1,0.0,0.0,0.0
2025-09-27 01:00:00,2,0.0,0.0,0.0
2025-09-27 02:00:00,3,0.0,0.0,0.0
2025-09-27 03:00:00,4,0.0,0.0,0.0
2025-09-27 04:00:00,5,0.0,0.0,0.0
2025-09-27 05:00:00,6,0.0,0.0,0.0
2025-09-27 06:00:00,7,0.0,0.0,0.0
2025-09-27 07:00:00,8,0.20912799999999998,209.128,209.128
2025-09-27 08:00:00,9,2.81650533,2816.50533,2816.50533
2025-09-27 09:00:00,10,7.80021033,7800.21033,7800.21033
2025-09-27 10:00:00,11,13.33630198,13336.30198,13336.30198
2025-09-27 11:00:00,12,17.019312,17019.311999999998,17019.311999999998
2025-09-27 12:00:00,13,18.38012834,18380.12834,18380.12834
2025-09-27 13:00:00,14,17.68744033,17687.44033,17687.44033
2025-09-27 14:00:00,15,15.19580333,15195.80333,15195.80333
2025-09-27 15:00:00,16,11.262158320000001,11262.15832,11262.15832
2025-09-27 16:00:00,17,6.63507335,6635.07335,6635.07335
2025-09-27 17:00:00,18,2.46586965,2465.86965,2465.86965
2025-09-27 18:00:00,19,0.22708232999999997,227.08232999999998,227.08232999999998
2025-09-27 19:00:00,20,0.0,0.0,0.0
2025-09-27 20:00:00,21,0.0,0.0,0.0
2025-09-27 21:00:00,22,0.0,0.0,0.0
2025-09-27 22:00:00,23,0.0,0.0,0.0
2025-09-27 23:00:00,24,0.0,0.0,0.0
2025-09-28 00:00:00,1,0.0,0.0,0.0
2025-09-28 01:00:00,2,0.0,0.0,0.0
2025-09-28 02:00:00,3,0.0,0.0,0.0
2025-09-28 03:00:00,4,0.0,0.0,0.0
2025-09-28 04:00:00,5,0.0,0.0,0.0
2025-09-28 05:00:00,6,0.0,0.0,0.0
2025-09-28 06:00:00,7,0.0,0.0,0.0
2025-09-28 07:00:00,8,0.012651669999999999,12.65167,12.65167
2025-09-28 08:00:00,9,0.10747399,107.47399,107.47399
2025-09-28 09:00:00,10,0.35457376,354.57376,354.57376
2025-09-28 10:00:00,11,0.9181773799999999,918.17738,918.17738
2025-09-28 11:00:00,12,2.47932843,2479.32843,2479.32843
2025-09-28 12:00:00,13,6.08063199,6080.63199,6080.63199
2025-09-28 13:00:00,14,3.7170155800000004,3717.01558,3717.01558
2025-09-28 14:00:00,15,3.0327912699999997,3032.7912699999997,3032.7912699999997
2025-09-28 15:00:00,16,3.95650865,3956.5086499999998,3956.5086499999998
2025-09-28 16:00:00,17,1.8099013,1809.9013,1809.9013
2025-09-28 17:00:00,18,1.05156702,1051.56702,1051.56702
2025-09-28 18:00:00,19,0.04800533,48.00533,48.00533
2025-09-28 19:00:00,20,0.0,0.0,0.0
2025-09-28 20:00:00,21,0.0,0.0,0.0
2025-09-28 21:00:00,22,0.0,0.0,0.0
2025-09-28 22:00:00,23,0.0,0.0,0.0
2025-09-28 23:00:00,24,0.0,0.0,0.0
2025-09-29 00:00:00,1,0.0,0.0,0.0
2025-09-29 01:00:00,2,0.0,0.0,0.0
2025-09-29 02:00:00,3,0.0,0.0,0.0
2025-09-29 03:00:00,4,0.0,0.0,0.0
2025-09-29 04:00:00,5,0.0,0.0,0.0
2025-09-29 05:00:00,6,0.0,0.0,0.0
2025-09-29 06:00:00,7,0.0,0.0,0.0
2025-09-29 07:00:00,8,0.00979032,9.79032,9.79032
2025-09-29 08:00:00,9,0.126575,126.57499999999999,126.57499999999999
2025-09-29 09:00:00,10,1.3598223299999999,1359.82233,1359.82233
2025-09-29 10:00:00,11,10.57312098,10573.12098,10573.12098
2025-09-29 11:00:00,12,4.06154799,4061.54799,4061.54799
2025-09-29 12:00:00,13,0.68093799,680.93799,680.93799
2025-09-29 13:00:00,14,0.8484746599999999,848.47466,848.47466
2025-09-29 14:00:00,15,0.258341,258.341,258.341
2025-09-29 15:00:00,16,3.290708,3290.708,3290.708
2025-09-29 16:00:00,17,1.7221590100000002,1722.15901,1722.15901
2025-09-29 17:00:00,18,0.88626166,886.26166,886.26166
2025-09-29 18:00:00,19,0.040395339999999995,40.39534,40.39534
2025-09-29 19:00:00,20,0.0,0.0,0.0
2025-09-29 20:00:00,21,0.0,0.0,0.0
2025-09-29 21:00:00,22,0.0,0.0,0.0
2025-09-29 22:00:00,23,0.0,0.0,0.0
2025-09-29 23:00:00,24,0.0,0.0,0.0
2025-09-30 00:00:00,1,0.0,0.0,0.0
2025-09-30 01:00:00,2,0.0,0.0,0.0
2025-09-30 02:00:00,3,0.0,0.0,0.0
2025-09-30 03:00:00,4,0.0,0.0,0.0
2025-09-30 04:00:00,5,0.0,0.0,0.0
2025-09-30 05:00:00,6,0.0,0.0,0.0
2025-09-30 06:00:00,7,0.0,0.0,0.0
2025-09-30 07:00:00,8,0.02137566,21.37566,21.37566
2025-09-30 08:00:00,9,2.78018167,2780.18167,2780.18167
2025-09-30 09:00:00,10,6.15358424,6153.58424,6153.58424
2025-09-30 10:00:00,11,5.6466016,5646.6016,5646.6016
2025-09-30 11:00:00,12,15.703876110000001,15703.876110000001,15703.876110000001
2025-09-30 12:00:00,13,14.78072121,14780.72121,14780.72121
2025-09-30 13:00:00,14,14.75902322,14759.02322,14759.02322
2025-09-30 14:00:00,15,6.38724283,6387.24283,6387.24283
2025-09-30 15:00:00,16,3.22805579,3228.05579,3228.05579
2025-09-30 16:00:00,17,0.48525836,485.25836,485.25836
2025-09-30 17:00:00,18,0.06541168,65.41168,65.41168
2025-09-30 18:00:00,19,0.06078733,60.78733,60.78733
2025-09-30 19:00:00,20,0.0,0.0,0.0
2025-09-30 20:00:00,21,0.0,0.0,0.0
2025-09-30 21:00:00,22,0.0,0.0,0.0
2025-09-30 22:00:00,23,0.0,0.0,0.0
2025-09-30 23:00:00,24,0.0,0.0,0.0
2025-10-01 00:00:00,1,0.0,0.0,0.0
2025-10-01 01:00:00,2,0.0,0.0,0.0
2025-10-01 02:00:00,3,0.0,0.0,0.0
2025-10-01 03:00:00,4,0.0,0.0,0.0
2025-10-01 04:00:00,5,0.0,0.0,0.0
2025-10-01 05:00:00,6,0.0,0.0,0.0
2025-10-01 06:00:00,7,0.0,0.0,0.0
2025-10-01 07:00:00,8,0.02426733,24.26733,24.26733
2025-10-01 08:00:00,9,0.21211567000000003,212.11567000000002,212.11567000000002
2025-10-01 09:00:00,10,1.1907931200000001,1190.79312,1190.79312
2025-10-01 10:00:00,11,2.9459188,2945.9188,2945.9188
2025-10-01 11:00:00,12,4.81793349,4817.933489999999,4817.933489999999
2025-10-01 12:00:00,13,14.44239734,14442.39734,14442.39734
2025-10-01 13:00:00,14,10.299749219999999,10299.74922,10299.74922
2025-10-01 14:00:00,15,7.6168372799999995,7616.83728,7616.83728
2025-10-01 15:00:00,16,8.982200780000001,8982.200780000001,8982.200780000001
2025-10-01 16:00:00,17,8.07373171,8073.73171,8073.73171
2025-10-01 17:00:00,18,2.9308150100000003,2930.8150100000003,2930.8150100000003
2025-10-01 18:00:00,19,0.12969466,129.69466,129.69466
2025-10-01 19:00:00,20,0.0,0.0,0.0
2025-10-01 20:00:00,21,0.0,0.0,0.0
2025-10-01 21:00:00,22,0.0,0.0,0.0
2025-10-01 22:00:00,23,0.0,0.0,0.0
2025-10-01 23:00:00,24,0.0,0.0,0.0
2025-10-02 00:00:00,1,0.0,0.0,0.0
2025-10-02 01:00:00,2,0.0,0.0,0.0
2025-10-02 02:00:00,3,0.0,0.0,0.0
2025-10-02 03:00:00,4,0.0,0.0,0.0
2025-10-02 04:00:00,5,0.0,0.0,0.0
2025-10-02 05:00:00,6,0.0,0.0,0.0
2025-10-02 06:00:00,7,0.0,0.0,0.0
2025-10-02 07:00:00,8,0.009065,9.065,9.065
2025-10-02 08:00:00,9,0.018452680000000003,18.45268,18.45268
2025-10-02 09:00:00,10,0.05128509,51.28509,51.28509
2025-10-02 10:00:00,11,0.55364481,553.64481,553.64481
2025-10-02 11:00:00,12,1.17750818,1177.50818,1177.50818
2025-10-02 12:00:00,13,1.4853182,1485.3182,1485.3182
2025-10-02 13:00:00,14,6.5539138,6553.9138,6553.9138
2025-10-02 14:00:00,15,9.60947979,9609.47979,9609.47979
2025-10-02 15:00:00,16,7.68883084,7688.83084,7688.83084
2025-10-02 16:00:00,17,1.27467261,1274.67261,1274.67261
2025-10-02 17:00:00,18,1.1010159999999998,1101.0159999999998,1101.0159999999998
2025-10-02 18:00:00,19,0.05036967,50.36967,50.36967
2025-10-02 19:00:00,20,0.0,0.0,0.0
2025-10-02 20:00:00,21,0.0,0.0,0.0
2025-10-02 21:00:00,22,0.0,0.0,0.0
2025-10-02 22:00:00,23,0.0,0.0,0.0
2025-10-02 23:00:00,24,0.0,0.0,0.0
2025-10-03 00:00:00,1,0.0,0.0,0.0
2025-10-03 01:00:00,2,0.0,0.0,0.0
2025-10-03 02:00:00,3,0.0,0.0,0.0
2025-10-03 03:00:00,4,0.0,0.0,0.0
2025-10-03 04:00:00,5,0.0,0.0,0.0
2025-10-03 05:00:00,6,0.0,0.0,0.0
2025-10-03 06:00:00,7,0.0,0.0,0.0
2025-10-03 07:00:00,8,0.01300234,13.00234,13.00234
2025-10-03 08:00:00,9,2.50315099,2503.15099,2503.15099
2025-10-03 09:00:00,10,2.903343,2903.343,2903.343
2025-10-03 10:00:00,11,3.57279733,3572.7973300000003,3572.7973300000003
2025-10-03 11:00:00,12,6.11671267,6116.71267,6116.71267
2025-10-03 12:00:00,13,15.89908634,15899.08634,15899.08634
2025-10-03 13:00:00,14,19.00654867,19006.54867,19006.54867
2025-10-03 14:00:00,15,20.153985000000002,20153.985,20153.985
2025-10-03 15:00:00,16,14.00174399,14001.743989999999,14001.743989999999
2025-10-03 16:00:00,17,10.58725433,10587.25433,10587.25433
2025-10-03 17:00:00,18,3.780373,3780.373,3780.373
2025-10-03 18:00:00,19,0.24464362,244.64362,244.64362
2025-10-03 19:00:00,20,0.0,0.0,0.0
2025-10-03 20:00:00,21,0.0,0.0,0.0
2025-10-03 21:00:00,22,0.0,0.0,0.0
2025-10-03 22:00:00,23,0.0,0.0,0.0
2025-10-03 23:00:00,24,0.0,0.0,0.0
2025-10-04 00:00:00,1,0.0,0.0,0.0
2025-10-04 01:00:00,2,0.0,0.0,0.0
2025-10-04 02:00:00,3,0.0,0.0,0.0
2025-10-04 03:00:00,4,0.0,0.0,0.0
2025-10-04 04:00:00,5,0.0,0.0,0.0
2025-10-04 05:00:00,6,0.0,0.0,0.0
2025-10-04 06:00:00,7,0.0,0.0,0.0
2025-10-04 07:00:00,8,0.27412200000000003,274.122,274.122
2025-10-04 08:00:00,9,3.5410453299999998,3541.04533,3541.04533
2025-10-04 09:00:00,10,9.70382269,9703.82269,9703.82269
2025-10-04 10:00:00,11,16.11699699,16116.99699,16116.99699
2025-10-04 11:00:00,12,21.20294458,21202.94458,21202.94458
2025-10-04 12:00:00,13,23.80634811,23806.34811,23806.34811
2025-10-04 13:00:00,14,23.86985912,23869.85912,23869.85912
2025-10-04 14:00:00,15,21.582787810000003,21582.78781,21582.78781
2025-10-04 15:00:00,16,16.471942329999997,16471.942329999998,16471.942329999998
2025-10-04 16:00:00,17,9.41621305,9416.21305,9416.21305
2025-10-04 17:00:00,18,3.10408133,3104.08133,3104.08133
2025-10-04 18:00:00,19,0.177102,177.102,177.102
2025-10-04 19:00:00,20,0.0,0.0,0.0
2025-10-04 20:00:00,21,0.0,0.0,0.0
2025-10-04 21:00:00,22,0.0,0.0,0.0
2025-10-04 22:00:00,23,0.0,0.0,0.0
2025-10-04 23:00:00,24,0.0,0.0,0.0
2025-10-05 00:00:00,1,0.0,0.0,0.0
2025-10-05 01:00:00,2,0.0,0.0,0.0
2025-10-05 02:00:00,3,0.0,0.0,0.0
2025-10-05 03:00:00,4,0.0,0.0,0.0
2025-10-05 04:00:00,5,0.0,0.0,0.0
2025-10-05 05:00:00,6,0.0,0.0,0.0
2025-10-05 06:00:00,7,0.0,0.0,0.0
2025-10-05 07:00:00,8,0.24810066,248.10066,248.10066
2025-10-05 08:00:00,9,3.3631529999999996,3363.153,3363.153
2025-10-05 09:00:00,10,9.172815,9172.815,9172.815
2025-10-05 10:00:00,11,15.619774999999997,15619.774999999998,15619.774999999998
2025-10-05 11:00:00,12,20.42012167,20420.12167,20420.12167
2025-10-05 12:00:00,13,22.765909999999998,22765.91,22765.91
2025-10-05 13:00:00,14,22.58540933,22585.409330000002,22585.409330000002
2025-10-05 14:00:00,15,20.03670867,20036.70867,20036.70867
2025-10-05 15:00:00,16,15.06544834,15065.448339999999,15065.448339999999
2025-10-05 16:00:00,17,8.60398666,8603.98666,8603.98666
2025-10-05 17:00:00,18,2.82447801,2824.47801,2824.47801
2025-10-05 18:00:00,19,0.12431167,124.31166999999999,124.31166999999999
2025-10-05 19:00:00,20,0.0,0.0,0.0
2025-10-05 20:00:00,21,0.0,0.0,0.0
2025-10-05 21:00:00,22,0.0,0.0,0.0
2025-10-05 22:00:00,23,0.0,0.0,0.0
2025-10-05 23:00:00,24,0.0,0.0,0.0
2025-10-06 00:00:00,1,0.0,0.0,0.0
2025-10-06 01:00:00,2,0.0,0.0,0.0
2025-10-06 02:00:00,3,0.0,0.0,0.0
2025-10-06 03:00:00,4,0.0,0.0,0.0
2025-10-06 04:00:00,5,0.0,0.0,0.0
2025-10-06 05:00:00,6,0.0,0.0,0.0
2025-10-06 06:00:00,7,0.0,0.0,0.0
2025-10-06 07:00:00,8,0.21694866000000002,216.94866000000002,216.94866000000002
2025-10-06 08:00:00,9,3.3283213299999996,3328.3213299999998,3328.3213299999998
2025-10-06 09:00:00,10,9.46002433,9460.02433,9460.02433
2025-10-06 10:00:00,11,16.11159599,16111.59599,16111.59599
2025-10-06 11:00:00,12,21.282213329999998,21282.21333,21282.21333
2025-10-06 12:00:00,13,23.550919329999996,23550.919329999997,23550.919329999997
2025-10-06 13:00:00,14,23.3628,23362.8,23362.8
2025-10-06 14:00:00,15,20.549377659999998,20549.37766,20549.37766
2025-10-06 15:00:00,16,15.15390534,15153.90534,15153.90534
2025-10-06 16:00:00,17,8.52232634,8522.32634,8522.32634
2025-10-06 17:00:00,18,2.69385833,2693.85833,2693.85833
2025-10-06 18:00:00,19,0.10805133,108.05133000000001,108.05133000000001
2025-10-06 19:00:00,20,0.0,0.0,0.0
2025-10-06 20:00:00,21,0.0,0.0,0.0
2025-10-06 21:00:00,22,0.0,0.0,0.0
2025-10-06 22:00:00,23,0.0,0.0,0.0
2025-10-06 23:00:00,24,0.0,0.0,0.0
2025-10-07 00:00:00,1,0.0,0.0,0.0
2025-10-07 01:00:00,2,0.0,0.0,0.0
2025-10-07 02:00:00,3,0.0,0.0,0.0
2025-10-07 03:00:00,4,0.0,0.0,0.0
2025-10-07 04:00:00,5,0.0,0.0,0.0
2025-10-07 05:00:00,6,0.0,0.0,0.0
2025-10-07 06:00:00,7,0.0,0.0,0.0
2025-10-07 07:00:00,8,0.20031733,200.31733,200.31733
2025-10-07 08:00:00,9,3.23591267,3235.9126699999997,3235.9126699999997
2025-10-07 09:00:00,10,9.25666567,9256.66567,9256.66567
2025-10-07 10:00:00,11,15.857212670000001,15857.21267,15857.21267
2025-10-07 11:00:00,12,20.738945660000002,20738.94566,20738.94566
2025-10-07 12:00:00,13,22.674554,22674.554,22674.554
2025-10-07 13:00:00,14,22.21410466,22214.10466,22214.10466
2025-10-07 14:00:00,15,19.27495466,19274.95466,19274.95466
2025-10-07 15:00:00,16,13.84284534,13842.84534,13842.84534
2025-10-07 16:00:00,17,7.66145367,7661.45367,7661.45367
2025-10-07 17:00:00,18,2.45729368,2457.2936799999998,2457.2936799999998
2025-10-07 18:00:00,19,0.09133333,91.33333,91.33333
2025-10-07 19:00:00,20,0.0,0.0,0.0
2025-10-07 20:00:00,21,0.0,0.0,0.0
2025-10-07 21:00:00,22,0.0,0.0,0.0
2025-10-07 22:00:00,23,0.0,0.0,0.0
2025-10-07 23:00:00,24,0.0,0.0,0.0
2025-10-08 00:00:00,1,0.0,0.0,0.0
2025-10-08 01:00:00,2,0.0,0.0,0.0
2025-10-08 02:00:00,3,0.0,0.0,0.0
2025-10-08 03:00:00,4,0.0,0.0,0.0
2025-10-08 04:00:00,5,0.0,0.0,0.0
2025-10-08 05:00:00,6,0.0,0.0,0.0
2025-10-08 06:00:00,7,0.0,0.0,0.0
2025-10-08 07:00:00,8,0.17475333,174.75333,174.75333
2025-10-08 08:00:00,9,3.0844866700000004,3084.4866700000002,3084.4866700000002
2025-10-08 09:00:00,10,9.17749701,9177.49701,9177.49701
2025-10-08 10:00:00,11,16.21592167,16215.92167,16215.92167
2025-10-08 11:00:00,12,21.337371339999997,21337.371339999998,21337.371339999998
2025-10-08 12:00:00,13,23.69277033,23692.77033,23692.77033
2025-10-08 13:00:00,14,23.123869,23123.869,23123.869
2025-10-08 14:00:00,15,20.49276067,20492.76067,20492.76067
2025-10-08 15:00:00,16,15.42295833,15422.95833,15422.95833
2025-10-08 16:00:00,17,8.648021329999999,8648.02133,8648.02133
2025-10-08 17:00:00,18,3.14758334,3147.58334,3147.58334
2025-10-08 18:00:00,19,0.05167467,51.67467,51.67467
2025-10-08 19:00:00,20,0.0,0.0,0.0
2025-10-08 20:00:00,21,0.0,0.0,0.0
2025-10-08 21:00:00,22,0.0,0.0,0.0
2025-10-08 22:00:00,23,0.0,0.0,0.0
2025-10-08 23:00:00,24,0.0,0.0,0.0
2025-10-09 00:00:00,1,0.0,0.0,0.0
2025-10-09 01:00:00,2,0.0,0.0,0.0
2025-10-09 02:00:00,3,0.0,0.0,0.0
2025-10-09 03:00:00,4,0.0,0.0,0.0
2025-10-09 04:00:00,5,0.0,0.0,0.0
2025-10-09 05:00:00,6,0.0,0.0,0.0
2025-10-09 06:00:00,7,0.0,0.0,0.0
2025-10-09 07:00:00,8,0.17273564,172.73564,172.73564
2025-10-09 08:00:00,9,2.78029369,2780.29369,2780.29369
2025-10-09 09:00:00,10,8.375785,8375.785,8375.785
2025-10-09 10:00:00,11,12.50465266,12504.65266,12504.65266
2025-10-09 11:00:00,12,20.53837499,20538.37499,20538.37499
2025-10-09 12:00:00,13,21.10731101,21107.31101,21107.31101
2025-10-09 13:00:00,14,18.66789166,18667.891659999998,18667.891659999998
2025-10-09 14:00:00,15,14.60535467,14605.35467,14605.35467
2025-10-09 15:00:00,16,12.68657367,12686.57367,12686.57367
2025-10-09 16:00:00,17,6.72481667,6724.81667,6724.81667
2025-10-09 17:00:00,18,2.54754267,2547.54267,2547.54267
2025-10-09 18:00:00,19,0.026610670000000003,26.610670000000002,26.610670000000002
2025-10-09 19:00:00,20,0.0,0.0,0.0
2025-10-09 20:00:00,21,0.0,0.0,0.0
2025-10-09 21:00:00,22,0.0,0.0,0.0
2025-10-09 22:00:00,23,0.0,0.0,0.0
2025-10-09 23:00:00,24,0.0,0.0,0.0
2025-10-10 00:00:00,1,0.0,0.0,0.0
2025-10-10 01:00:00,2,0.0,0.0,0.0
2025-10-10 02:00:00,3,0.0,0.0,0.0
2025-10-10 03:00:00,4,0.0,0.0,0.0
2025-10-10 04:00:00,5,0.0,0.0,0.0
2025-10-10 05:00:00,6,0.0,0.0,0.0
2025-10-10 06:00:00,7,0.0,0.0,0.0
2025-10-10 07:00:00,8,0.03414067,34.14067,34.14067
2025-10-10 08:00:00,9,2.89076399,2890.76399,2890.76399
2025-10-10 09:00:00,10,8.951482,8951.482,8951.482
2025-10-10 10:00:00,11,15.86389733,15863.89733,15863.89733
2025-10-10 11:00:00,12,21.47306067,21473.06067,21473.06067
2025-10-10 12:00:00,13,24.460161340000003,24460.161340000002,24460.161340000002
2025-10-10 13:00:00,14,24.65049567,24650.49567,24650.49567
2025-10-10 14:00:00,15,22.086188000000003,22086.188000000002,22086.188000000002
2025-10-10 15:00:00,16,16.626111990000002,16626.11199,16626.11199
2025-10-10 16:00:00,17,9.62526533,9625.26533,9625.26533
2025-10-10 17:00:00,18,2.87008867,2870.08867,2870.08867
2025-10-10 18:00:00,19,0.06396932999999999,63.96932999999999,63.96932999999999
2025-10-10 19:00:00,20,0.0,0.0,0.0
2025-10-10 20:00:00,21,0.0,0.0,0.0
2025-10-10 21:00:00,22,0.0,0.0,0.0
2025-10-10 22:00:00,23,0.0,0.0,0.0
2025-10-10 23:00:00,24,0.0,0.0,0.0
2025-10-11 00:00:00,1,0.0,0.0,0.0
2025-10-11 01:00:00,2,0.0,0.0,0.0
2025-10-11 02:00:00,3,0.0,0.0,0.0
2025-10-11 03:00:00,4,0.0,0.0,0.0
2025-10-11 04:00:00,5,0.0,0.0,0.0
2025-10-11 05:00:00,6,0.0,0.0,0.0
2025-10-11 06:00:00,7,0.0,0.0,0.0
2025-10-11 07:00:00,8,0.20891300000000002,208.913,208.913
2025-10-11 08:00:00,9,3.21643033,3216.43033,3216.43033
2025-10-11 09:00:00,10,9.077170119999998,9077.170119999999,9077.170119999999
2025-10-11 10:00:00,11,15.69857913,15698.57913,15698.57913
2025-10-11 11:00:00,12,20.93583053,20935.83053,20935.83053
2025-10-11 12:00:00,13,23.77472552,23774.72552,23774.72552
2025-10-11 13:00:00,14,24.04453142,24044.53142,24044.53142
2025-10-11 14:00:00,15,21.81250711,21812.50711,21812.50711
2025-10-11 15:00:00,16,16.8001383,16800.1383,16800.1383
2025-10-11 16:00:00,17,8.6184106,8618.410600000001,8618.410600000001
2025-10-11 17:00:00,18,2.69783598,2697.83598,2697.83598
2025-10-11 18:00:00,19,0.06360203,63.60203,63.60203
2025-10-11 19:00:00,20,0.0,0.0,0.0
2025-10-11 20:00:00,21,0.0,0.0,0.0
2025-10-11 21:00:00,22,0.0,0.0,0.0
2025-10-11 22:00:00,23,0.0,0.0,0.0
2025-10-11 23:00:00,24,0.0,0.0,0.0
2025-10-12 00:00:00,1,0.0,0.0,0.0
2025-10-12 01:00:00,2,0.0,0.0,0.0
2025-10-12 02:00:00,3,0.0,0.0,0.0
2025-10-12 03:00:00,4,0.0,0.0,0.0
2025-10-12 04:00:00,5,0.0,0.0,0.0
2025-10-12 05:00:00,6,0.0,0.0,0.0
2025-10-12 06:00:00,7,0.0,0.0,0.0
2025-10-12 07:00:00,8,0.21550457,215.50457,215.50457
2025-10-12 08:00:00,9,3.2543798699999997,3254.3798699999998,3254.3798699999998
2025-10-12 09:00:00,10,9.425689,9425.689,9425.689
2025-10-12 10:00:00,11,16.216667,16216.667000000001,16216.667000000001
2025-10-12 11:00:00,12,21.61204567,21612.04567,21612.04567
2025-10-12 12:00:00,13,24.400149000000003,24400.149,24400.149
2025-10-12 13:00:00,14,24.450480329999998,24450.48033,24450.48033
2025-10-12 14:00:00,15,21.84490567,21844.90567,21844.90567
2025-10-12 15:00:00,16,16.59772634,16597.72634,16597.72634
2025-10-12 16:00:00,17,6.51657266,6516.57266,6516.57266
2025-10-12 17:00:00,18,1.28566234,1285.66234,1285.66234
2025-10-12 18:00:00,19,0.009174,9.174,9.174
2025-10-12 19:00:00,20,0.0,0.0,0.0
2025-10-12 20:00:00,21,0.0,0.0,0.0
2025-10-12 21:00:00,22,0.0,0.0,0.0
2025-10-12 22:00:00,23,0.0,0.0,0.0
2025-10-12 23:00:00,24,0.0,0.0,0.0
2025-10-13 00:00:00,1,0.0,0.0,0.0
2025-10-13 01:00:00,2,0.0,0.0,0.0
2025-10-13 02:00:00,3,0.0,0.0,0.0
2025-10-13 03:00:00,4,0.0,0.0,0.0
2025-10-13 04:00:00,5,0.0,0.0,0.0
2025-10-13 05:00:00,6,0.0,0.0,0.0
2025-10-13 06:00:00,7,0.0,0.0,0.0
2025-10-13 07:00:00,8,0.00678066,6.78066,6.78066
2025-10-13 08:00:00,9,0.84961233,849.61233,849.61233
2025-10-13 09:00:00,10,8.84010533,8840.10533,8840.10533
2025-10-13 10:00:00,11,15.01589799,15015.89799,15015.89799
2025-10-13 11:00:00,12,15.06364733,15063.64733,15063.64733
2025-10-13 12:00:00,13,17.826928329999998,17826.92833,17826.92833
2025-10-13 13:00:00,14,21.573795999999998,21573.796,21573.796
2025-10-13 14:00:00,15,16.68779033,16687.79033,16687.79033
2025-10-13 15:00:00,16,1.87180634,1871.80634,1871.80634
2025-10-13 16:00:00,17,0.09146334,91.46334,91.46334
2025-10-13 17:00:00,18,0.01430533,14.30533,14.30533
2025-10-13 18:00:00,19,0.0030183299999999996,3.0183299999999997,3.0183299999999997
2025-10-13 19:00:00,20,0.0,0.0,0.0
2025-10-13 20:00:00,21,0.0,0.0,0.0
2025-10-13 21:00:00,22,0.0,0.0,0.0
2025-10-13 22:00:00,23,0.0,0.0,0.0
2025-10-13 23:00:00,24,0.0,0.0,0.0
2025-10-14 00:00:00,1,0.0,0.0,0.0
2025-10-14 01:00:00,2,0.0,0.0,0.0
2025-10-14 02:00:00,3,0.0,0.0,0.0
2025-10-14 03:00:00,4,0.0,0.0,0.0
2025-10-14 04:00:00,5,0.0,0.0,0.0
2025-10-14 05:00:00,6,0.0,0.0,0.0
2025-10-14 06:00:00,7,0.0,0.0,0.0
2025-10-14 07:00:00,8,0.00131433,1.31433,1.31433
2025-10-14 08:00:00,9,0.02237367,22.373669999999997,22.373669999999997
2025-10-14 09:00:00,10,0.50174067,501.74067,501.74067
2025-10-14 10:00:00,11,0.15660267,156.60267,156.60267
2025-10-14 11:00:00,12,0.17712566000000002,177.12566,177.12566
2025-10-14 12:00:00,13,0.383972,383.972,383.972
2025-10-14 13:00:00,14,1.16872766,1168.72766,1168.72766
2025-10-14 14:00:00,15,0.49755766,497.55766,497.55766
2025-10-14 15:00:00,16,0.10177134000000002,101.77134000000001,101.77134000000001
2025-10-14 16:00:00,17,0.08509467000000001,85.09467000000001,85.09467000000001
2025-10-14 17:00:00,18,0.020442679999999998,20.44268,20.44268
2025-10-14 18:00:00,19,0.00044133,0.44133,0.44133
2025-10-14 19:00:00,20,0.0,0.0,0.0
2025-10-14 20:00:00,21,0.0,0.0,0.0
2025-10-14 21:00:00,22,0.0,0.0,0.0
2025-10-14 22:00:00,23,0.0,0.0,0.0
2025-10-14 23:00:00,24,0.0,0.0,0.0
2025-10-15 00:00:00,1,0.0,0.0,0.0
2025-10-15 01:00:00,2,0.0,0.0,0.0
2025-10-15 02:00:00,3,0.0,0.0,0.0
2025-10-15 03:00:00,4,0.0,0.0,0.0
2025-10-15 04:00:00,5,0.0,0.0,0.0
2025-10-15 05:00:00,6,0.0,0.0,0.0
2025-10-15 06:00:00,7,0.0,0.0,0.0
2025-10-15 07:00:00,8,0.00458333,4.58333,4.58333
2025-10-15 08:00:00,9,0.08394566999999999,83.94566999999999,83.94566999999999
2025-10-15 09:00:00,10,6.12579301,6125.793009999999,6125.793009999999
2025-10-15 10:00:00,11,13.64172067,13641.72067,13641.72067
2025-10-15 11:00:00,12,14.74859634,14748.59634,14748.59634
2025-10-15 12:00:00,13,14.27052133,14270.52133,14270.52133
2025-10-15 13:00:00,14,19.263368000000003,19263.368000000002,19263.368000000002
2025-10-15 14:00:00,15,13.97205567,13972.05567,13972.05567
2025-10-15 15:00:00,16,6.97842533,6978.42533,6978.42533
2025-10-15 16:00:00,17,8.749929329999999,8749.929329999999,8749.929329999999
2025-10-15 17:00:00,18,2.85895534,2858.95534,2858.95534
2025-10-15 18:00:00,19,0.03598867,35.98867,35.98867
2025-10-15 19:00:00,20,0.0,0.0,0.0
2025-10-15 20:00:00,21,0.0,0.0,0.0
2025-10-15 21:00:00,22,0.0,0.0,0.0
2025-10-15 22:00:00,23,0.0,0.0,0.0
2025-10-15 23:00:00,24,0.0,0.0,0.0
2025-10-16 00:00:00,1,0.0,0.0,0.0
2025-10-16 01:00:00,2,0.0,0.0,0.0
2025-10-16 02:00:00,3,0.0,0.0,0.0
2025-10-16 03:00:00,4,0.0,0.0,0.0
2025-10-16 04:00:00,5,0.0,0.0,0.0
2025-10-16 05:00:00,6,0.0,0.0,0.0
2025-10-16 06:00:00,7,0.0,0.0,0.0
2025-10-16 07:00:00,8,0.025289,25.288999999999998,25.288999999999998
2025-10-16 08:00:00,9,1.11564533,1115.64533,1115.64533
2025-10-16 09:00:00,10,8.064966,8064.966,8064.966
2025-10-16 10:00:00,11,16.063966660000002,16063.966660000002,16063.966660000002
2025-10-16 11:00:00,12,22.05210599,22052.10599,22052.10599
2025-10-16 12:00:00,13,25.21118701,25211.18701,25211.18701
2025-10-16 13:00:00,14,25.607877660000003,25607.877660000002,25607.877660000002
2025-10-16 14:00:00,15,23.03411767,23034.11767,23034.11767
2025-10-16 15:00:00,16,17.35834967,17358.34967,17358.34967
2025-10-16 16:00:00,17,9.737428670000002,9737.428670000001,9737.428670000001
2025-10-16 17:00:00,18,2.556763,2556.763,2556.763
2025-10-16 18:00:00,19,0.025534670000000002,25.534670000000002,25.534670000000002
2025-10-16 19:00:00,20,0.0,0.0,0.0
2025-10-16 20:00:00,21,0.0,0.0,0.0
2025-10-16 21:00:00,22,0.0,0.0,0.0
2025-10-16 22:00:00,23,0.0,0.0,0.0
2025-10-16 23:00:00,24,0.0,0.0,0.0
2025-10-17 00:00:00,1,0.0,0.0,0.0
2025-10-17 01:00:00,2,0.0,0.0,0.0
2025-10-17 02:00:00,3,0.0,0.0,0.0
2025-10-17 03:00:00,4,0.0,0.0,0.0
2025-10-17 04:00:00,5,0.0,0.0,0.0
2025-10-17 05:00:00,6,0.0,0.0,0.0
2025-10-17 06:00:00,7,0.0,0.0,0.0
2025-10-17 07:00:00,8,0.10319866999999999,103.19866999999999,103.19866999999999
2025-10-17 08:00:00,9,2.67976399,2679.76399,2679.76399
2025-10-17 09:00:00,10,8.57092,8570.92,8570.92
2025-10-17 10:00:00,11,15.29551633,15295.51633,15295.51633
2025-10-17 11:00:00,12,20.606959670000002,20606.95967,20606.95967
2025-10-17 12:00:00,13,23.55705834,23557.05834,23557.05834
2025-10-17 13:00:00,14,23.853165670000003,23853.165670000002,23853.165670000002
2025-10-17 14:00:00,15,21.343035,21343.035,21343.035
2025-10-17 15:00:00,16,15.93190999,15931.90999,15931.90999
2025-10-17 16:00:00,17,8.69810133,8698.10133,8698.10133
2025-10-17 17:00:00,18,2.176143,2176.143,2176.143
2025-10-17 18:00:00,19,0.01676733,16.76733,16.76733
2025-10-17 19:00:00,20,0.0,0.0,0.0
2025-10-17 20:00:00,21,0.0,0.0,0.0
2025-10-17 21:00:00,22,0.0,0.0,0.0
2025-10-17 22:00:00,23,0.0,0.0,0.0
2025-10-17 23:00:00,24,0.0,0.0,0.0
2025-10-18 00:00:00,1,0.0,0.0,0.0
2025-10-18 01:00:00,2,0.0,0.0,0.0
2025-10-18 02:00:00,3,0.0,0.0,0.0
2025-10-18 03:00:00,4,0.0,0.0,0.0
2025-10-18 04:00:00,5,0.0,0.0,0.0
2025-10-18 05:00:00,6,0.0,0.0,0.0
2025-10-18 06:00:00,7,0.0,0.0,0.0
2025-10-18 07:00:00,8,0.09088699999999998,90.88699999999999,90.88699999999999
2025-10-18 08:00:00,9,2.50927333,2509.27333,2509.27333
2025-10-18 09:00:00,10,8.00600782,8006.007820000001,8006.007820000001
2025-10-18 10:00:00,11,14.46398966,14463.98966,14463.98966
2025-10-18 11:00:00,12,19.67981684,19679.81684,19679.81684
2025-10-18 12:00:00,13,22.16622888,22166.22888,22166.22888
2025-10-18 13:00:00,14,22.31944619,22319.446190000002,22319.446190000002
2025-10-18 14:00:00,15,19.72737895,19727.37895,19727.37895
2025-10-18 15:00:00,16,14.3648485,14364.8485,14364.8485
2025-10-18 16:00:00,17,7.71396195,7713.96195,7713.96195
2025-10-18 17:00:00,18,1.8721850100000001,1872.1850100000001,1872.1850100000001
2025-10-18 18:00:00,19,0.01240934,12.40934,12.40934
2025-10-18 19:00:00,20,0.0,0.0,0.0
2025-10-18 20:00:00,21,0.0,0.0,0.0
2025-10-18 21:00:00,22,0.0,0.0,0.0
2025-10-18 22:00:00,23,0.0,0.0,0.0
2025-10-18 23:00:00,24,0.0,0.0,0.0
2025-10-19 00:00:00,1,0.0,0.0,0.0
2025-10-19 01:00:00,2,0.0,0.0,0.0
2025-10-19 02:00:00,3,0.0,0.0,0.0
2025-10-19 03:00:00,4,0.0,0.0,0.0
2025-10-19 04:00:00,5,0.0,0.0,0.0
2025-10-19 05:00:00,6,0.0,0.0,0.0
2025-10-19 06:00:00,7,0.0,0.0,0.0
2025-10-19 07:00:00,8,0.06865533,68.65533,68.65533
2025-10-19 08:00:00,9,2.396404,2396.404,2396.404
2025-10-19 09:00:00,10,7.972983,7972.983,7972.983
2025-10-19 10:00:00,11,14.23025834,14230.25834,14230.25834
2025-10-19 11:00:00,12,19.21195134,19211.95134,19211.95134
2025-10-19 12:00:00,13,21.864962339999998,21864.96234,21864.96234
2025-10-19 13:00:00,14,21.61340267,21613.40267,21613.40267
2025-10-19 14:00:00,15,18.927758989999997,18927.75899,18927.75899
2025-10-19 15:00:00,16,13.60571934,13605.71934,13605.71934
2025-10-19 16:00:00,17,7.19053399,7190.53399,7190.53399
2025-10-19 17:00:00,18,1.70854701,1708.54701,1708.54701
2025-10-19 18:00:00,19,0.011149329999999999,11.149329999999999,11.149329999999999
2025-10-19 19:00:00,20,0.0,0.0,0.0
2025-10-19 20:00:00,21,0.0,0.0,0.0
2025-10-19 21:00:00,22,0.0,0.0,0.0
2025-10-19 22:00:00,23,0.0,0.0,0.0
2025-10-19 23:00:00,24,0.0,0.0,0.0
2025-10-20 00:00:00,1,0.0,0.0,0.0
2025-10-20 01:00:00,2,0.0,0.0,0.0
2025-10-20 02:00:00,3,0.0,0.0,0.0
2025-10-20 03:00:00,4,0.0,0.0,0.0
2025-10-20 04:00:00,5,0.0,0.0,0.0
2025-10-20 05:00:00,6,0.0,0.0,0.0
2025-10-20 06:00:00,7,0.0,0.0,0.0
2025-10-20 07:00:00,8,0.085843,85.843,85.843
2025-10-20 08:00:00,9,2.591454,2591.454,2591.454
2025-10-20 09:00:00,10,8.447544,8447.544,8447.544
2025-10-20 10:00:00,11,15.094089330000001,15094.08933,15094.08933
2025-10-20 11:00:00,12,20.51074233,20510.74233,20510.74233
2025-10-20 12:00:00,13,23.214375670000003,23214.37567,23214.37567
2025-10-20 13:00:00,14,23.27260233,23272.60233,23272.60233
2025-10-20 14:00:00,15,20.43773167,20437.73167,20437.73167
2025-10-20 15:00:00,16,14.82142066,14821.42066,14821.42066
2025-10-20 16:00:00,17,7.781902,7781.902,7781.902
2025-10-20 17:00:00,18,1.7755560000000001,1775.556,1775.556
2025-10-20 18:00:00,19,0.008795,8.795,8.795
2025-10-20 19:00:00,20,0.0,0.0,0.0
2025-10-20 20:00:00,21,0.0,0.0,0.0
2025-10-20 21:00:00,22,0.0,0.0,0.0
2025-10-20 22:00:00,23,0.0,0.0,0.0
2025-10-20 23:00:00,24,0.0,0.0,0.0
2025-10-21 00:00:00,1,0.0,0.0,0.0
2025-10-21 01:00:00,2,0.0,0.0,0.0
2025-10-21 02:00:00,3,0.0,0.0,0.0
2025-10-21 03:00:00,4,0.0,0.0,0.0
2025-10-21 04:00:00,5,0.0,0.0,0.0
2025-10-21 05:00:00,6,0.0,0.0,0.0
2025-10-21 06:00:00,7,0.0,0.0,0.0
2025-10-21 07:00:00,8,0.07450999999999999,74.50999999999999,74.50999999999999
2025-10-21 08:00:00,9,2.449126,2449.126,2449.126
2025-10-21 09:00:00,10,8.27411333,8274.11333,8274.11333
2025-10-21 10:00:00,11,14.74861778,14748.61778,14748.61778
2025-10-21 11:00:00,12,20.124447930000002,20124.447930000002,20124.447930000002
2025-10-21 12:00:00,13,22.67157061,22671.57061,22671.57061
2025-10-21 13:00:00,14,22.516965640000002,22516.965640000002,22516.965640000002
2025-10-21 14:00:00,15,19.527777280000002,19527.777280000002,19527.777280000002
2025-10-21 15:00:00,16,14.042784809999999,14042.78481,14042.78481
2025-10-21 16:00:00,17,7.37874356,7378.74356,7378.74356
2025-10-21 17:00:00,18,1.58398967,1583.98967,1583.98967
2025-10-21 18:00:00,19,0.008143000000000001,8.143,8.143
2025-10-21 19:00:00,20,0.0,0.0,0.0
2025-10-21 20:00:00,21,0.0,0.0,0.0
2025-10-21 21:00:00,22,0.0,0.0,0.0
2025-10-21 22:00:00,23,0.0,0.0,0.0
2025-10-21 23:00:00,24,0.0,0.0,0.0
2025-10-22 00:00:00,1,0.0,0.0,0.0
2025-10-22 01:00:00,2,0.0,0.0,0.0
2025-10-22 02:00:00,3,0.0,0.0,0.0
2025-10-22 03:00:00,4,0.0,0.0,0.0
2025-10-22 04:00:00,5,0.0,0.0,0.0
2025-10-22 05:00:00,6,0.0,0.0,0.0
2025-10-22 06:00:00,7,0.0,0.0,0.0
2025-10-22 07:00:00,8,0.0038030000000000004,3.8030000000000004,3.8030000000000004
2025-10-22 08:00:00,9,0.058367,58.367000000000004,58.367000000000004
2025-10-22 09:00:00,10,0.71788933,717.88933,717.88933
2025-10-22 10:00:00,11,2.67431966,2674.31966,2674.31966
2025-10-22 11:00:00,12,10.99576033,10995.76033,10995.76033
2025-10-22 12:00:00,13,8.08260633,8082.6063300000005,8082.6063300000005
2025-10-22 13:00:00,14,6.11832734,6118.32734,6118.32734
2025-10-22 14:00:00,15,7.41759467,7417.5946699999995,7417.5946699999995
2025-10-22 15:00:00,16,10.72030933,10720.30933,10720.30933
2025-10-22 16:00:00,17,4.08990067,4089.90067,4089.90067
2025-10-22 17:00:00,18,0.73126567,731.26567,731.26567
2025-10-22 18:00:00,19,0.027091,27.091,27.091
2025-10-22 19:00:00,20,0.0,0.0,0.0
2025-10-22 20:00:00,21,0.0,0.0,0.0
2025-10-22 21:00:00,22,0.0,0.0,0.0
2025-10-22 22:00:00,23,0.0,0.0,0.0
2025-10-22 23:00:00,24,0.0,0.0,0.0
2025-10-23 00:00:00,1,0.0,0.0,0.0
2025-10-23 01:00:00,2,0.0,0.0,0.0
2025-10-23 02:00:00,3,0.0,0.0,0.0
2025-10-23 03:00:00,4,0.0,0.0,0.0
2025-10-23 04:00:00,5,0.0,0.0,0.0
2025-10-23 05:00:00,6,0.0,0.0,0.0
2025-10-23 06:00:00,7,0.0,0.0,0.0
2025-10-23 07:00:00,8,0.009791000000000001,9.791,9.791
2025-10-23 08:00:00,9,1.064114,1064.114,1064.114
2025-10-23 09:00:00,10,2.01817698,2018.17698,2018.17698
2025-10-23 10:00:00,11,9.586309929999999,9586.30993,9586.30993
2025-10-23 11:00:00,12,19.69224034,19692.24034,19692.24034
2025-10-23 12:00:00,13,22.54894191,22548.94191,22548.94191
2025-10-23 13:00:00,14,22.632030460000003,22632.03046,22632.03046
2025-10-23 14:00:00,15,20.16741554,20167.41554,20167.41554
2025-10-23 15:00:00,16,14.63415438,14634.15438,14634.15438
2025-10-23 16:00:00,17,6.69334716,6693.34716,6693.34716
2025-10-23 17:00:00,18,0.6877909999999999,687.7909999999999,687.7909999999999
2025-10-23 18:00:00,19,0.005255,5.255,5.255
2025-10-23 19:00:00,20,0.0,0.0,0.0
2025-10-23 20:00:00,21,0.0,0.0,0.0
2025-10-23 21:00:00,22,0.0,0.0,0.0
2025-10-23 22:00:00,23,0.0,0.0,0.0
2025-10-23 23:00:00,24,0.0,0.0,0.0
2025-10-24 00:00:00,1,0.0,0.0,0.0
2025-10-24 01:00:00,2,0.0,0.0,0.0
2025-10-24 02:00:00,3,0.0,0.0,0.0
2025-10-24 03:00:00,4,0.0,0.0,0.0
2025-10-24 04:00:00,5,0.0,0.0,0.0
2025-10-24 05:00:00,6,0.0,0.0,0.0
2025-10-24 06:00:00,7,0.0,0.0,0.0
2025-10-24 07:00:00,8,0.024947329999999997,24.947329999999997,24.947329999999997
2025-10-24 08:00:00,9,1.81040867,1810.40867,1810.40867
2025-10-24 09:00:00,10,6.4953496699999995,6495.34967,6495.34967
2025-10-24 10:00:00,11,7.90255133,7902.551329999999,7902.551329999999
2025-10-24 11:00:00,12,17.13409167,17134.09167,17134.09167
2025-10-24 12:00:00,13,18.40603933,18406.03933,18406.03933
2025-10-24 13:00:00,14,21.56323,21563.23,21563.23
2025-10-24 14:00:00,15,19.685262,19685.262000000002,19685.262000000002
2025-10-24 15:00:00,16,13.745441340000001,13745.441340000001,13745.441340000001
2025-10-24 16:00:00,17,5.64514634,5645.14634,5645.14634
2025-10-24 17:00:00,18,0.34486134,344.86134000000004,344.86134000000004
2025-10-24 18:00:00,19,0.0027879999999999997,2.788,2.788
2025-10-24 19:00:00,20,0.0,0.0,0.0
2025-10-24 20:00:00,21,0.0,0.0,0.0
2025-10-24 21:00:00,22,0.0,0.0,0.0
2025-10-24 22:00:00,23,0.0,0.0,0.0
2025-10-24 23:00:00,24,0.0,0.0,0.0
2025-10-25 00:00:00,1,0.0,0.0,0.0
2025-10-25 01:00:00,2,0.0,0.0,0.0
2025-10-25 02:00:00,3,0.0,0.0,0.0
2025-10-25 03:00:00,4,0.0,0.0,0.0
2025-10-25 04:00:00,5,0.0,0.0,0.0
2025-10-25 05:00:00,6,0.0,0.0,0.0
2025-10-25 06:00:00,7,0.0,0.0,0.0
2025-10-25 07:00:00,8,0.0008629999999999999,0.863,0.863
2025-10-25 08:00:00,9,0.020586330000000003,20.586330000000004,20.586330000000004
2025-10-25 09:00:00,10,0.060583,60.583,60.583
2025-10-25 10:00:00,11,0.158026,158.026,158.026
2025-10-25 11:00:00,12,0.36887733,368.87733000000003,368.87733000000003
2025-10-25 12:00:00,13,0.76513534,765.13534,765.13534
2025-10-25 13:00:00,14,2.528266,2528.266,2528.266
2025-10-25 14:00:00,15,2.65166467,2651.66467,2651.66467
2025-10-25 15:00:00,16,1.41750601,1417.50601,1417.50601
2025-10-25 16:00:00,17,0.24842633,248.42633,248.42633
2025-10-25 17:00:00,18,0.02268134,22.681340000000002,22.681340000000002
2025-10-25 18:00:00,19,0.000498,0.498,0.498
2025-10-25 19:00:00,20,0.0,0.0,0.0
2025-10-25 20:00:00,21,0.0,0.0,0.0
2025-10-25 21:00:00,22,0.0,0.0,0.0
2025-10-25 22:00:00,23,0.0,0.0,0.0
2025-10-25 23:00:00,24,0.0,0.0,0.0
2025-10-26 00:00:00,1,0.0,0.0,0.0
2025-10-26 01:00:00,2,0.0,0.0,0.0
2025-10-26 02:00:00,3,0.0,0.0,0.0
2025-10-26 03:00:00,4,0.0,0.0,0.0
2025-10-26 04:00:00,5,0.0,0.0,0.0
2025-10-26 05:00:00,6,0.0,0.0,0.0
2025-10-26 06:00:00,7,0.0,0.0,0.0
2025-10-26 07:00:00,8,0.00139,1.39,1.39
2025-10-26 08:00:00,9,0.01978333,19.78333,19.78333
2025-10-26 09:00:00,10,0.2695962,269.5962,269.5962
2025-10-26 10:00:00,11,0.70265804,702.65804,702.65804
2025-10-26 11:00:00,12,2.2211836199999997,2221.18362,2221.18362
2025-10-26 12:00:00,13,1.76116526,1761.16526,1761.16526
2025-10-26 13:00:00,14,6.58405959,6584.05959,6584.05959
2025-10-26 14:00:00,15,0.6167458299999999,616.74583,616.74583
2025-10-26 15:00:00,16,0.5122761100000001,512.27611,512.27611
2025-10-26 16:00:00,17,0.6495676499999999,649.56765,649.56765
2025-10-26 17:00:00,18,0.17338499999999998,173.385,173.385
2025-10-26 18:00:00,19,0.00172,1.72,1.72
2025-10-26 19:00:00,20,0.0,0.0,0.0
2025-10-26 20:00:00,21,0.0,0.0,0.0
2025-10-26 21:00:00,22,0.0,0.0,0.0
2025-10-26 22:00:00,23,0.0,0.0,0.0
2025-10-26 23:00:00,24,0.0,0.0,0.0
2025-10-27 00:00:00,1,0.0,0.0,0.0
2025-10-27 01:00:00,2,0.0,0.0,0.0
2025-10-27 02:00:00,3,0.0,0.0,0.0
2025-10-27 03:00:00,4,0.0,0.0,0.0
2025-10-27 04:00:00,5,0.0,0.0,0.0
2025-10-27 05:00:00,6,0.0,0.0,0.0
2025-10-27 06:00:00,7,0.0,0.0,0.0
2025-10-27 07:00:00,8,0.00342632,3.42632,3.42632
2025-10-27 08:00:00,9,0.07579730999999999,75.79731,75.79731
2025-10-27 09:00:00,10,4.04182039,4041.82039,4041.82039
2025-10-27 10:00:00,11,12.616986650000001,12616.98665,12616.98665
2025-10-27 11:00:00,12,18.55257559,18552.57559,18552.57559
2025-10-27 12:00:00,13,22.608181360000003,22608.181360000002,22608.181360000002
2025-10-27 13:00:00,14,23.34771189,23347.71189,23347.71189
2025-10-27 14:00:00,15,20.8207461,20820.7461,20820.7461
2025-10-27 15:00:00,16,15.23498595,15234.98595,15234.98595
2025-10-27 16:00:00,17,7.855571810000001,7855.57181,7855.57181
2025-10-27 17:00:00,18,1.46738834,1467.38834,1467.38834
2025-10-27 18:00:00,19,0.005758999999999999,5.7589999999999995,5.7589999999999995
2025-10-27 19:00:00,20,0.0,0.0,0.0
2025-10-27 20:00:00,21,0.0,0.0,0.0
2025-10-27 21:00:00,22,0.0,0.0,0.0
2025-10-27 22:00:00,23,0.0,0.0,0.0
2025-10-27 23:00:00,24,0.0,0.0,0.0
2025-10-28 00:00:00,1,0.0,0.0,0.0
2025-10-28 01:00:00,2,0.0,0.0,0.0
2025-10-28 02:00:00,3,0.0,0.0,0.0
2025-10-28 03:00:00,4,0.0,0.0,0.0
2025-10-28 04:00:00,5,0.0,0.0,0.0
2025-10-28 05:00:00,6,0.0,0.0,0.0
2025-10-28 06:00:00,7,0.0,0.0,0.0
2025-10-28 07:00:00,8,0.019235,19.235,19.235
2025-10-28 08:00:00,9,1.769279,1769.279,1769.279
2025-10-28 09:00:00,10,7.050128,7050.128,7050.128
2025-10-28 10:00:00,11,13.884993,13884.993,13884.993
2025-10-28 11:00:00,12,19.602622,19602.622,19602.622
2025-10-28 12:00:00,13,22.549336,22549.336,22549.336
2025-10-28 13:00:00,14,22.709294000000003,22709.294,22709.294
2025-10-28 14:00:00,15,19.788741,19788.741,19788.741
2025-10-28 15:00:00,16,14.139705,14139.705,14139.705
2025-10-28 16:00:00,17,7.080124,7080.124,7080.124
2025-10-28 17:00:00,18,1.212568,1212.568,1212.568
2025-10-28 18:00:00,19,0.0,0.0,0.0
2025-10-28 19:00:00,20,0.0,0.0,0.0
2025-10-28 20:00:00,21,0.0,0.0,0.0
2025-10-28 21:00:00,22,0.0,0.0,0.0
2025-10-28 22:00:00,23,0.0,0.0,0.0
2025-10-28 23:00:00,24,0.0,0.0,0.0
2025-10-29 00:00:00,1,0.0,0.0,0.0
2025-10-29 01:00:00,2,0.0,0.0,0.0
2025-10-29 02:00:00,3,0.0,0.0,0.0
2025-10-29 03:00:00,4,0.0,0.0,0.0
2025-10-29 04:00:00,5,0.0,0.0,0.0
2025-10-29 05:00:00,6,0.0,0.0,0.0
2025-10-29 06:00:00,7,0.0,0.0,0.0
2025-10-29 07:00:00,8,0.0,0.0,0.0
2025-10-29 08:00:00,9,0.000156,0.156,0.156
2025-10-29 09:00:00,10,0.000875,0.875,0.875
2025-10-29 10:00:00,11,0.001892,1.8920000000000001,1.8920000000000001
2025-10-29 11:00:00,12,0.0022359999999999997,2.2359999999999998,2.2359999999999998
2025-10-29 12:00:00,13,0.002078,2.078,2.078
2025-10-29 13:00:00,14,0.002,2.0,2.0
2025-10-29 14:00:00,15,0.0013260000000000001,1.326,1.326
2025-10-29 15:00:00,16,0.0005619999999999999,0.5619999999999999,0.5619999999999999
2025-10-29 16:00:00,17,0.000155,0.155,0.155
2025-10-29 17:00:00,18,0.0,0.0,0.0
2025-10-29 18:00:00,19,0.0,0.0,0.0
2025-10-29 19:00:00,20,0.0,0.0,0.0
2025-10-29 20:00:00,21,0.0,0.0,0.0
2025-10-29 21:00:00,22,0.0,0.0,0.0
2025-10-29 22:00:00,23,0.0,0.0,0.0
2025-10-29 23:00:00,24,0.0,0.0,0.0
2025-10-30 00:00:00,1,0.0,0.0,0.0
2025-10-30 01:00:00,2,0.0,0.0,0.0
2025-10-30 02:00:00,3,0.0,0.0,0.0
2025-10-30 03:00:00,4,0.0,0.0,0.0
2025-10-30 04:00:00,5,0.0,0.0,0.0
2025-10-30 05:00:00,6,0.0,0.0,0.0
2025-10-30 06:00:00,7,0.0,0.0,0.0
2025-10-30 07:00:00,8,0.017516999999999998,17.517,17.517
2025-10-30 08:00:00,9,1.577286,1577.286,1577.286
2025-10-30 09:00:00,10,6.97325476,6973.25476,6973.25476
2025-10-30 10:00:00,11,13.278890950000001,13278.89095,13278.89095
2025-10-30 11:00:00,12,18.35480549,18354.80549,18354.80549
2025-10-30 12:00:00,13,21.14177135,21141.77135,21141.77135
2025-10-30 13:00:00,14,20.82004101,20820.04101,20820.04101
2025-10-30 14:00:00,15,18.532938689999998,18532.93869,18532.93869
2025-10-30 15:00:00,16,12.38874241,12388.74241,12388.74241
2025-10-30 16:00:00,17,5.3632453,5363.2453,5363.2453
2025-10-30 17:00:00,18,0.929081,929.081,929.081
2025-10-30 18:00:00,19,0.0,0.0,0.0
2025-10-30 19:00:00,20,0.0,0.0,0.0
2025-10-30 20:00:00,21,0.0,0.0,0.0
2025-10-30 21:00:00,22,0.0,0.0,0.0
2025-10-30 22:00:00,23,0.0,0.0,0.0
2025-10-30 23:00:00,24,0.0,0.0,0.0
2025-10-31 00:00:00,1,0.0,0.0,0.0
2025-10-31 01:00:00,2,0.0,0.0,0.0
2025-10-31 02:00:00,3,0.0,0.0,0.0
2025-10-31 03:00:00,4,0.0,0.0,0.0
2025-10-31 04:00:00,5,0.0,0.0,0.0
2025-10-31 05:00:00,6,0.0,0.0,0.0
2025-10-31 06:00:00,7,0.0,0.0,0.0
2025-10-31 07:00:00,8,0.013758109999999999,13.758109999999999,13.758109999999999
2025-10-31 08:00:00,9,1.6745017,1674.5017,1674.5017
2025-10-31 09:00:00,10,6.74720011,6747.20011,6747.20011
2025-10-31 10:00:00,11,12.74090786,12740.90786,12740.90786
2025-10-31 11:00:00,12,17.925500910000004,17925.500910000002,17925.500910000002
2025-10-31 12:00:00,13,20.62410329,20624.10329,20624.10329
2025-10-31 13:00:00,14,20.678020840000002,20678.02084,20678.02084
2025-10-31 14:00:00,15,17.90422354,17904.22354,17904.22354
2025-10-31 15:00:00,16,11.70369631,11703.69631,11703.69631
2025-10-31 16:00:00,17,5.0695805499999995,5069.58055,5069.58055
2025-10-31 17:00:00,18,1.35055,1350.55,1350.55
2025-10-31 18:00:00,19,0.0,0.0,0.0
2025-10-31 19:00:00,20,0.0,0.0,0.0
2025-10-31 20:00:00,21,0.0,0.0,0.0
2025-10-31 21:00:00,22,0.0,0.0,0.0
2025-10-31 22:00:00,23,0.0,0.0,0.0
2025-10-31 23:00:00,24,0.0,0.0,0.0
2025-11-01 00:00:00,1,0.0,0.0,0.0
2025-11-01 01:00:00,2,0.0,0.0,0.0
2025-11-01 02:00:00,3,0.0,0.0,0.0
2025-11-01 03:00:00,4,0.0,0.0,0.0
2025-11-01 04:00:00,5,0.0,0.0,0.0
2025-11-01 05:00:00,6,0.0,0.0,0.0
2025-11-01 06:00:00,7,0.0,0.0,0.0
2025-11-01 07:00:00,8,0.015721,15.720999999999998,15.720999999999998
2025-11-01 08:00:00,9,1.6199780000000001,1619.978,1619.978
2025-11-01 09:00:00,10,6.5404349999999996,6540.4349999999995,6540.4349999999995
2025-11-01 10:00:00,11,12.325416,12325.416000000001,12325.416000000001
2025-11-01 11:00:00,12,17.166701,17166.701,17166.701
2025-11-01 12:00:00,13,19.855976000000002,19855.976000000002,19855.976000000002
2025-11-01 13:00:00,14,19.836672999999998,19836.673,19836.673
2025-11-01 14:00:00,15,17.2848,17284.8,17284.8
2025-11-01 15:00:00,16,12.024372,12024.372,12024.372
2025-11-01 16:00:00,17,5.835629000000001,5835.629000000001,5835.629000000001
2025-11-01 17:00:00,18,0.8999020000000001,899.902,899.902
2025-11-01 18:00:00,19,0.0,0.0,0.0
2025-11-01 19:00:00,20,0.0,0.0,0.0
2025-11-01 20:00:00,21,0.0,0.0,0.0
2025-11-01 21:00:00,22,0.0,0.0,0.0
2025-11-01 22:00:00,23,0.0,0.0,0.0
2025-11-01 23:00:00,24,0.0,0.0,0.0
2025-11-02 00:00:00,1,0.0,0.0,0.0
2025-11-02 01:00:00,2,0.0,0.0,0.0
2025-11-02 02:00:00,3,0.0,0.0,0.0
2025-11-02 03:00:00,4,0.0,0.0,0.0
2025-11-02 04:00:00,5,0.0,0.0,0.0
2025-11-02 05:00:00,6,0.0,0.0,0.0
2025-11-02 06:00:00,7,0.014809999999999999,14.809999999999999,14.809999999999999
2025-11-02 07:00:00,8,1.595857,1595.857,1595.857
2025-11-02 08:00:00,9,6.386964,6386.964,6386.964
2025-11-02 09:00:00,10,12.148955180000002,12148.95518,12148.95518
2025-11-02 10:00:00,11,16.85153,16851.53,16851.53
2025-11-02 11:00:00,12,19.622553,19622.553,19622.553
2025-11-02 12:00:00,13,19.62165,19621.649999999998,19621.649999999998
2025-11-02 13:00:00,14,16.741863000000002,16741.863,16741.863
2025-11-02 14:00:00,15,11.532386999999998,11532.386999999999,11532.386999999999
2025-11-02 15:00:00,16,5.395827000000001,5395.827,5395.827
2025-11-02 16:00:00,17,0.756891,756.891,756.891
2025-11-02 17:00:00,18,0.0,0.0,0.0
2025-11-02 18:00:00,19,0.0,0.0,0.0
2025-11-02 19:00:00,20,0.0,0.0,0.0
2025-11-02 20:00:00,21,0.0,0.0,0.0
2025-11-02 21:00:00,22,0.0,0.0,0.0
2025-11-02 22:00:00,23,0.0,0.0,0.0
2025-11-02 23:00:00,24,0.0,0.0,0.0
2025-11-03 00:00:00,1,0.0,0.0,0.0
2025-11-03 01:00:00,2,0.0,0.0,0.0
2025-11-03 02:00:00,3,0.0,0.0,0.0
2025-11-03 03:00:00,4,0.0,0.0,0.0
2025-11-03 04:00:00,5,0.0,0.0,0.0
2025-11-03 05:00:00,6,0.0,0.0,0.0
2025-11-03 06:00:00,7,0.003897,3.897,3.897
2025-11-03 07:00:00,8,1.097784,1097.784,1097.784
2025-11-03 08:00:00,9,5.89262,5892.62,5892.62
2025-11-03 09:00:00,10,12.397406,12397.406,12397.406
2025-11-03 10:00:00,11,18.146352999999998,18146.353,18146.353
2025-11-03 11:00:00,12,21.312264,21312.264,21312.264
2025-11-03 12:00:00,13,21.686057,21686.057,21686.057
2025-11-03 13:00:00,14,18.988922,18988.922,18988.922
2025-11-03 14:00:00,15,13.510361000000001,13510.361,13510.361
2025-11-03 15:00:00,16,6.490079,6490.079,6490.079
2025-11-03 16:00:00,17,0.904349,904.3489999999999,904.3489999999999
2025-11-03 17:00:00,18,0.0,0.0,0.0
2025-11-03 18:00:00,19,0.0,0.0,0.0
2025-11-03 19:00:00,20,0.0,0.0,0.0
2025-11-03 20:00:00,21,0.0,0.0,0.0
2025-11-03 21:00:00,22,0.0,0.0,0.0
2025-11-03 22:00:00,23,0.0,0.0,0.0
2025-11-03 23:00:00,24,0.0,0.0,0.0
2025-11-04 00:00:00,1,0.0,0.0,0.0
2025-11-04 01:00:00,2,0.0,0.0,0.0
2025-11-04 02:00:00,3,0.0,0.0,0.0
2025-11-04 03:00:00,4,0.0,0.0,0.0
2025-11-04 04:00:00,5,0.0,0.0,0.0
2025-11-04 05:00:00,6,0.0,0.0,0.0
2025-11-04 06:00:00,7,0.008674,8.674,8.674
2025-11-04 07:00:00,8,1.7040350000000002,1704.035,1704.035
2025-11-04 08:00:00,9,6.646206,6646.206,6646.206
2025-11-04 09:00:00,10,12.763279,12763.279,12763.279
2025-11-04 10:00:00,11,13.663158,13663.158,13663.158
2025-11-04 11:00:00,12,9.395069,9395.069,9395.069
2025-11-04 12:00:00,13,11.782918,11782.918,11782.918
2025-11-04 13:00:00,14,11.251686999999999,11251.686999999998,11251.686999999998
2025-11-04 14:00:00,15,9.60916,9609.16,9609.16
2025-11-04 15:00:00,16,0.675456,675.4559999999999,675.4559999999999
2025-11-04 16:00:00,17,0.034065,34.065,34.065
2025-11-04 17:00:00,18,0.0,0.0,0.0
2025-11-04 18:00:00,19,0.0,0.0,0.0
2025-11-04 19:00:00,20,0.0,0.0,0.0
2025-11-04 20:00:00,21,0.0,0.0,0.0
2025-11-04 21:00:00,22,0.0,0.0,0.0
2025-11-04 22:00:00,23,0.0,0.0,0.0
2025-11-04 23:00:00,24,0.0,0.0,0.0
2025-11-05 00:00:00,1,0.0,0.0,0.0
2025-11-05 01:00:00,2,0.0,0.0,0.0
2025-11-05 02:00:00,3,0.0,0.0,0.0
2025-11-05 03:00:00,4,0.0,0.0,0.0
2025-11-05 04:00:00,5,0.0,0.0,0.0
2025-11-05 05:00:00,6,0.0,0.0,0.0
2025-11-05 06:00:00,7,0.000648,0.648,0.648
2025-11-05 07:00:00,8,0.004658000000000001,4.658,4.658
2025-11-05 08:00:00,9,0.02113,21.13,21.13
2025-11-05 09:00:00,10,0.26807534,268.07534,268.07534
2025-11-05 10:00:00,11,0.46797500000000003,467.975,467.975
2025-11-05 11:00:00,12,1.0875383299999999,1087.5383299999999,1087.5383299999999
2025-11-05 12:00:00,13,3.13945067,3139.45067,3139.45067
2025-11-05 13:00:00,14,0.7078623300000001,707.86233,707.86233
2025-11-05 14:00:00,15,0.6408156700000001,640.8156700000001,640.8156700000001
2025-11-05 15:00:00,16,0.049199999999999994,49.199999999999996,49.199999999999996
2025-11-05 16:00:00,17,0.01867134,18.67134,18.67134
2025-11-05 17:00:00,18,0.0,0.0,0.0
2025-11-05 18:00:00,19,0.0,0.0,0.0
2025-11-05 19:00:00,20,0.0,0.0,0.0
2025-11-05 20:00:00,21,0.0,0.0,0.0
2025-11-05 21:00:00,22,0.0,0.0,0.0
2025-11-05 22:00:00,23,0.0,0.0,0.0
2025-11-05 23:00:00,24,0.0,0.0,0.0
2025-11-06 00:00:00,1,0.0,0.0,0.0
2025-11-06 01:00:00,2,0.0,0.0,0.0
2025-11-06 02:00:00,3,0.0,0.0,0.0
2025-11-06 03:00:00,4,0.0,0.0,0.0
2025-11-06 04:00:00,5,0.0,0.0,0.0
2025-11-06 05:00:00,6,0.0,0.0,0.0
2025-11-06 06:00:00,7,0.00520768,5.20768,5.20768
2025-11-06 07:00:00,8,1.49361,1493.6100000000001,1493.6100000000001
2025-11-06 08:00:00,9,5.005258260000001,5005.2582600000005,5005.2582600000005
2025-11-06 09:00:00,10,12.19470623,12194.70623,12194.70623
2025-11-06 10:00:00,11,14.901930609999999,14901.93061,14901.93061
2025-11-06 11:00:00,12,18.17459295,18174.592950000002,18174.592950000002
2025-11-06 12:00:00,13,18.73315995,18733.15995,18733.15995
2025-11-06 13:00:00,14,18.04111292,18041.11292,18041.11292
2025-11-06 14:00:00,15,12.92572987,12925.72987,12925.72987
2025-11-06 15:00:00,16,6.72117495,6721.17495,6721.17495
2025-11-06 16:00:00,17,0.3520525,352.0525,352.0525
2025-11-06 17:00:00,18,0.0,0.0,0.0
2025-11-06 18:00:00,19,0.0,0.0,0.0
2025-11-06 19:00:00,20,0.0,0.0,0.0
2025-11-06 20:00:00,21,0.0,0.0,0.0
2025-11-06 21:00:00,22,0.0,0.0,0.0
2025-11-06 22:00:00,23,0.0,0.0,0.0
2025-11-06 23:00:00,24,0.0,0.0,0.0
2025-11-07 00:00:00,1,0.0,0.0,0.0
2025-11-07 01:00:00,2,0.0,0.0,0.0
2025-11-07 02:00:00,3,0.0,0.0,0.0
2025-11-07 03:00:00,4,0.0,0.0,0.0
2025-11-07 04:00:00,5,0.0,0.0,0.0
2025-11-07 05:00:00,6,0.0,0.0,0.0
2025-11-07 06:00:00,7,0.00410445,4.10445,4.10445
2025-11-07 07:00:00,8,0.07135478,71.35478,71.35478
2025-11-07 08:00:00,9,0.90868279,908.68279,908.68279
2025-11-07 09:00:00,10,3.6742963399999997,3674.29634,3674.29634
2025-11-07 10:00:00,11,5.943786,5943.786,5943.786
2025-11-07 11:00:00,12,17.753460660000002,17753.46066,17753.46066
2025-11-07 12:00:00,13,19.04467,19044.67,19044.67
2025-11-07 13:00:00,14,17.304730340000003,17304.730340000002,17304.730340000002
2025-11-07 14:00:00,15,12.35993567,12359.93567,12359.93567
2025-11-07 15:00:00,16,5.73094267,5730.94267,5730.94267
2025-11-07 16:00:00,17,0.7054563399999999,705.45634,705.45634
2025-11-07 17:00:00,18,0.0,0.0,0.0
2025-11-07 18:00:00,19,0.0,0.0,0.0
2025-11-07 19:00:00,20,0.0,0.0,0.0
2025-11-07 20:00:00,21,0.0,0.0,0.0
2025-11-07 21:00:00,22,0.0,0.0,0.0
2025-11-07 22:00:00,23,0.0,0.0,0.0
2025-11-07 23:00:00,24,0.0,0.0,0.0
2025-11-08 00:00:00,1,0.0,0.0,0.0
2025-11-08 01:00:00,2,0.0,0.0,0.0
2025-11-08 02:00:00,3,0.0,0.0,0.0
2025-11-08 03:00:00,4,0.0,0.0,0.0
2025-11-08 04:00:00,5,0.0,0.0,0.0
2025-11-08 05:00:00,6,0.0,0.0,0.0
2025-11-08 06:00:00,7,0.0034899999999999996,3.4899999999999998,3.4899999999999998
2025-11-08 07:00:00,8,0.129533,129.53300000000002,129.53300000000002
2025-11-08 08:00:00,9,2.101971,2101.971,2101.971
2025-11-08 09:00:00,10,10.548691000000002,10548.691,10548.691
2025-11-08 10:00:00,11,16.322394,16322.394,16322.394
2025-11-08 11:00:00,12,19.50955,19509.55,19509.55
2025-11-08 12:00:00,13,19.517983,19517.983,19517.983
2025-11-08 13:00:00,14,16.815803,16815.803,16815.803
2025-11-08 14:00:00,15,12.372359999999999,12372.359999999999,12372.359999999999
2025-11-08 15:00:00,16,4.736026000000001,4736.026000000001,4736.026000000001
2025-11-08 16:00:00,17,0.793582,793.582,793.582
2025-11-08 17:00:00,18,0.0,0.0,0.0
2025-11-08 18:00:00,19,0.0,0.0,0.0
2025-11-08 19:00:00,20,0.0,0.0,0.0
2025-11-08 20:00:00,21,0.0,0.0,0.0
2025-11-08 21:00:00,22,0.0,0.0,0.0
2025-11-08 22:00:00,23,0.0,0.0,0.0
2025-11-08 23:00:00,24,0.0,0.0,0.0
2025-11-09 00:00:00,1,0.0,0.0,0.0
2025-11-09 01:00:00,2,0.0,0.0,0.0
2025-11-09 02:00:00,3,0.0,0.0,0.0
2025-11-09 03:00:00,4,0.0,0.0,0.0
2025-11-09 04:00:00,5,0.0,0.0,0.0
2025-11-09 05:00:00,6,0.0,0.0,0.0
2025-11-09 06:00:00,7,0.003689,3.689,3.689
2025-11-09 07:00:00,8,0.978875,978.875,978.875
2025-11-09 08:00:00,9,5.831360000000001,5831.360000000001,5831.360000000001
2025-11-09 09:00:00,10,11.442707999999998,11442.707999999999,11442.707999999999
2025-11-09 10:00:00,11,16.158617,16158.617,16158.617
2025-11-09 11:00:00,12,19.206416,19206.416,19206.416
2025-11-09 12:00:00,13,18.623445,18623.445,18623.445
2025-11-09 13:00:00,14,15.911487000000001,15911.487000000001,15911.487000000001
2025-11-09 14:00:00,15,9.127763999999999,9127.764,9127.764
2025-11-09 15:00:00,16,4.9832350000000005,4983.235000000001,4983.235000000001
2025-11-09 16:00:00,17,0.32573799999999997,325.738,325.738
2025-11-09 17:00:00,18,0.0,0.0,0.0
2025-11-09 18:00:00,19,0.0,0.0,0.0
2025-11-09 19:00:00,20,0.0,0.0,0.0
2025-11-09 20:00:00,21,0.0,0.0,0.0
2025-11-09 21:00:00,22,0.0,0.0,0.0
2025-11-09 22:00:00,23,0.0,0.0,0.0
2025-11-09 23:00:00,24,0.0,0.0,0.0
2025-11-10 00:00:00,1,0.0,0.0,0.0
2025-11-10 01:00:00,2,0.0,0.0,0.0
2025-11-10 02:00:00,3,0.0,0.0,0.0
2025-11-10 03:00:00,4,0.0,0.0,0.0
2025-11-10 04:00:00,5,0.0,0.0,0.0
2025-11-10 05:00:00,6,0.0,0.0,0.0
2025-11-10 06:00:00,7,0.0034620000000000002,3.462,3.462
2025-11-10 07:00:00,8,0.33725299999999997,337.253,337.253
2025-11-10 08:00:00,9,5.199842,5199.842000000001,5199.842000000001
2025-11-10 09:00:00,10,9.580112999999999,9580.113,9580.113
2025-11-10 10:00:00,11,11.239982,11239.982,11239.982
2025-11-10 11:00:00,12,13.688519,13688.519,13688.519
2025-11-10 12:00:00,13,18.068379,18068.379,18068.379
2025-11-10 13:00:00,14,16.462992,16462.992,16462.992
2025-11-10 14:00:00,15,9.310046,9310.046,9310.046
2025-11-10 15:00:00,16,4.138482,4138.482,4138.482
2025-11-10 16:00:00,17,0.074881,74.881,74.881
2025-11-10 17:00:00,18,0.0,0.0,0.0
2025-11-10 18:00:00,19,0.0,0.0,0.0
2025-11-10 19:00:00,20,0.0,0.0,0.0
2025-11-10 20:00:00,21,0.0,0.0,0.0
2025-11-10 21:00:00,22,0.0,0.0,0.0
2025-11-10 22:00:00,23,0.0,0.0,0.0
2025-11-10 23:00:00,24,0.0,0.0,0.0
2025-11-11 00:00:00,1,0.0,0.0,0.0
2025-11-11 01:00:00,2,0.0,0.0,0.0
2025-11-11 02:00:00,3,0.0,0.0,0.0
2025-11-11 03:00:00,4,0.0,0.0,0.0
2025-11-11 04:00:00,5,0.0,0.0,0.0
2025-11-11 05:00:00,6,0.0,0.0,0.0
2025-11-11 06:00:00,7,0.003368,3.368,3.368
2025-11-11 07:00:00,8,1.156625,1156.625,1156.625
2025-11-11 08:00:00,9,3.4586439999999996,3458.644,3458.644
2025-11-11 09:00:00,10,8.320464410000001,8320.46441,8320.46441
2025-11-11 10:00:00,11,12.09969369,12099.69369,12099.69369
2025-11-11 11:00:00,12,5.18778786,5187.78786,5187.78786
2025-11-11 12:00:00,13,12.63973689,12639.73689,12639.73689
2025-11-11 13:00:00,14,3.5305884100000005,3530.5884100000003,3530.5884100000003
2025-11-11 14:00:00,15,2.97182497,2971.82497,2971.82497
2025-11-11 15:00:00,16,1.7392409599999998,1739.2409599999999,1739.2409599999999
2025-11-11 16:00:00,17,0.0380605,38.0605,38.0605
2025-11-11 17:00:00,18,0.0,0.0,0.0
2025-11-11 18:00:00,19,0.0,0.0,0.0
2025-11-11 19:00:00,20,0.0,0.0,0.0
2025-11-11 20:00:00,21,0.0,0.0,0.0
2025-11-11 21:00:00,22,0.0,0.0,0.0
2025-11-11 22:00:00,23,0.0,0.0,0.0
2025-11-11 23:00:00,24,0.0,0.0,0.0
2025-11-12 00:00:00,1,0.0,0.0,0.0
2025-11-12 01:00:00,2,0.0,0.0,0.0
2025-11-12 02:00:00,3,0.0,0.0,0.0
2025-11-12 03:00:00,4,0.0,0.0,0.0
2025-11-12 04:00:00,5,0.0,0.0,0.0
2025-11-12 05:00:00,6,0.0,0.0,0.0
2025-11-12 06:00:00,7,0.002453,2.453,2.453
2025-11-12 07:00:00,8,0.072886,72.88600000000001,72.88600000000001
2025-11-12 08:00:00,9,0.107777,107.777,107.777
2025-11-12 09:00:00,10,1.28402782,1284.02782,1284.02782
2025-11-12 10:00:00,11,1.68719782,1687.1978199999999,1687.1978199999999
2025-11-12 11:00:00,12,7.503042389999999,7503.04239,7503.04239
2025-11-12 12:00:00,13,19.344358789999998,19344.35879,19344.35879
2025-11-12 13:00:00,14,10.62455154,10624.55154,10624.55154
2025-11-12 14:00:00,15,5.418183920000001,5418.18392,5418.18392
2025-11-12 15:00:00,16,0.58530151,585.30151,585.30151
2025-11-12 16:00:00,17,0.01695257,16.95257,16.95257
2025-11-12 17:00:00,18,0.0,0.0,0.0
2025-11-12 18:00:00,19,0.0,0.0,0.0
2025-11-12 19:00:00,20,0.0,0.0,0.0
2025-11-12 20:00:00,21,0.0,0.0,0.0
2025-11-12 21:00:00,22,0.0,0.0,0.0
2025-11-12 22:00:00,23,0.0,0.0,0.0
2025-11-12 23:00:00,24,0.0,0.0,0.0
2025-11-13 00:00:00,1,0.0,0.0,0.0
2025-11-13 01:00:00,2,0.0,0.0,0.0
2025-11-13 02:00:00,3,0.0,0.0,0.0
2025-11-13 03:00:00,4,0.0,0.0,0.0
2025-11-13 04:00:00,5,0.0,0.0,0.0
2025-11-13 05:00:00,6,0.0,0.0,0.0
2025-11-13 06:00:00,7,0.0044269999999999995,4.427,4.427
2025-11-13 07:00:00,8,0.010809999999999998,10.809999999999999,10.809999999999999
2025-11-13 08:00:00,9,0.016137000000000002,16.137,16.137
2025-11-13 09:00:00,10,0.0515,51.5,51.5
2025-11-13 10:00:00,11,0.196455,196.45499999999998,196.45499999999998
2025-11-13 11:00:00,12,0.06859200000000001,68.59200000000001,68.59200000000001
2025-11-13 12:00:00,13,0.12128,121.28,121.28
2025-11-13 13:00:00,14,0.141441,141.441,141.441
2025-11-13 14:00:00,15,0.024804000000000003,24.804000000000002,24.804000000000002
2025-11-13 15:00:00,16,0.022147000000000003,22.147000000000002,22.147000000000002
2025-11-13 16:00:00,17,0.007247999999999999,7.247999999999999,7.247999999999999
2025-11-13 17:00:00,18,0.0,0.0,0.0
2025-11-13 18:00:00,19,0.0,0.0,0.0
2025-11-13 19:00:00,20,0.0,0.0,0.0
2025-11-13 20:00:00,21,0.0,0.0,0.0
2025-11-13 21:00:00,22,0.0,0.0,0.0
2025-11-13 22:00:00,23,0.0,0.0,0.0
2025-11-13 23:00:00,24,0.0,0.0,0.0
2025-11-14 00:00:00,1,0.0,0.0,0.0
2025-11-14 01:00:00,2,0.0,0.0,0.0
2025-11-14 02:00:00,3,0.0,0.0,0.0
2025-11-14 03:00:00,4,0.0,0.0,0.0
2025-11-14 04:00:00,5,0.0,0.0,0.0
2025-11-14 05:00:00,6,0.0,0.0,0.0
2025-11-14 06:00:00,7,0.00035000000000000005,0.35000000000000003,0.35000000000000003
2025-11-14 07:00:00,8,0.038462,38.462,38.462
2025-11-14 08:00:00,9,3.458808,3458.808,3458.808
2025-11-14 09:00:00,10,4.761881,4761.880999999999,4761.880999999999
2025-11-14 10:00:00,11,1.634604,1634.604,1634.604
2025-11-14 11:00:00,12,5.487984,5487.984,5487.984
2025-11-14 12:00:00,13,4.983782,4983.782,4983.782
2025-11-14 13:00:00,14,6.498552,6498.552,6498.552
2025-11-14 14:00:00,15,2.54249,2542.49,2542.49
2025-11-14 15:00:00,16,0.775367,775.3670000000001,775.3670000000001
2025-11-14 16:00:00,17,0.028633,28.633,28.633
2025-11-14 17:00:00,18,0.0,0.0,0.0
2025-11-14 18:00:00,19,0.0,0.0,0.0
2025-11-14 19:00:00,20,0.0,0.0,0.0
2025-11-14 20:00:00,21,0.0,0.0,0.0
2025-11-14 21:00:00,22,0.0,0.0,0.0
2025-11-14 22:00:00,23,0.0,0.0,0.0
2025-11-14 23:00:00,24,0.0,0.0,0.0
2025-11-15 00:00:00,1,0.0,0.0,0.0
2025-11-15 01:00:00,2,0.0,0.0,0.0
2025-11-15 02:00:00,3,0.0,0.0,0.0
2025-11-15 03:00:00,4,0.0,0.0,0.0
2025-11-15 04:00:00,5,0.0,0.0,0.0
2025-11-15 05:00:00,6,0.0,0.0,0.0
2025-11-15 06:00:00,7,0.000933,0.933,0.933
2025-11-15 07:00:00,8,0.722946,722.946,722.946
2025-11-15 08:00:00,9,3.3261679999999996,3326.1679999999997,3326.1679999999997
2025-11-15 09:00:00,10,7.349468989999999,7349.468989999999,7349.468989999999
2025-11-15 10:00:00,11,5.60199367,5601.99367,5601.99367
2025-11-15 11:00:00,12,10.41635967,10416.35967,10416.35967
2025-11-15 12:00:00,13,7.83322632,7833.22632,7833.22632
2025-11-15 13:00:00,14,3.38283133,3382.83133,3382.83133
2025-11-15 14:00:00,15,1.20383233,1203.83233,1203.83233
2025-11-15 15:00:00,16,0.16694299,166.94299,166.94299
2025-11-15 16:00:00,17,0.01584833,15.84833,15.84833
2025-11-15 17:00:00,18,0.0,0.0,0.0
2025-11-15 18:00:00,19,0.0,0.0,0.0
2025-11-15 19:00:00,20,0.0,0.0,0.0
2025-11-15 20:00:00,21,0.0,0.0,0.0
2025-11-15 21:00:00,22,0.0,0.0,0.0
2025-11-15 22:00:00,23,0.0,0.0,0.0
2025-11-15 23:00:00,24,0.0,0.0,0.0
2025-11-16 00:00:00,1,0.0,0.0,0.0
2025-11-16 01:00:00,2,0.0,0.0,0.0
2025-11-16 02:00:00,3,0.0,0.0,0.0
2025-11-16 03:00:00,4,0.0,0.0,0.0
2025-11-16 04:00:00,5,0.0,0.0,0.0
2025-11-16 05:00:00,6,0.0,0.0,0.0
2025-11-16 06:00:00,7,0.00045008,0.45008,0.45008
2025-11-16 07:00:00,8,0.014506980000000001,14.50698,14.50698
2025-11-16 08:00:00,9,0.12445279,124.45279,124.45279
2025-11-16 09:00:00,10,0.074384,74.384,74.384
2025-11-16 10:00:00,11,0.15290799,152.90798999999998,152.90798999999998
2025-11-16 11:00:00,12,0.23579466,235.79466,235.79466
2025-11-16 12:00:00,13,0.7713199999999999,771.3199999999999,771.3199999999999
2025-11-16 13:00:00,14,1.4638220000000002,1463.8220000000001,1463.8220000000001
2025-11-16 14:00:00,15,2.38074966,2380.7496600000004,2380.7496600000004
2025-11-16 15:00:00,16,1.5895616700000001,1589.56167,1589.56167
2025-11-16 16:00:00,17,0.009351,9.350999999999999,9.350999999999999
2025-11-16 17:00:00,18,0.0,0.0,0.0
2025-11-16 18:00:00,19,0.0,0.0,0.0
2025-11-16 19:00:00,20,0.0,0.0,0.0
2025-11-16 20:00:00,21,0.0,0.0,0.0
2025-11-16 21:00:00,22,0.0,0.0,0.0
2025-11-16 22:00:00,23,0.0,0.0,0.0
2025-11-16 23:00:00,24,0.0,0.0,0.0
2025-11-17 00:00:00,1,0.0,0.0,0.0
2025-11-17 01:00:00,2,0.0,0.0,0.0
2025-11-17 02:00:00,3,0.0,0.0,0.0
2025-11-17 03:00:00,4,0.0,0.0,0.0
2025-11-17 04:00:00,5,0.0,0.0,0.0
2025-11-17 05:00:00,6,0.0,0.0,0.0
2025-11-17 06:00:00,7,0.0,0.0,0.0
2025-11-17 07:00:00,8,0.00507158,5.07158,5.07158
2025-11-17 08:00:00,9,0.025477430000000002,25.477430000000002,25.477430000000002
2025-11-17 09:00:00,10,0.5575359999999999,557.536,557.536
2025-11-17 10:00:00,11,2.905214,2905.214,2905.214
2025-11-17 11:00:00,12,5.7160590000000004,5716.059,5716.059
2025-11-17 12:00:00,13,4.3384160000000005,4338.416,4338.416
2025-11-17 13:00:00,14,4.33312,4333.12,4333.12
2025-11-17 14:00:00,15,5.0927299999999995,5092.73,5092.73
2025-11-17 15:00:00,16,0.406602,406.60200000000003,406.60200000000003
2025-11-17 16:00:00,17,0.018206,18.206,18.206
2025-11-17 17:00:00,18,0.0,0.0,0.0
2025-11-17 18:00:00,19,0.0,0.0,0.0
2025-11-17 19:00:00,20,0.0,0.0,0.0
2025-11-17 20:00:00,21,0.0,0.0,0.0
2025-11-17 21:00:00,22,0.0,0.0,0.0
2025-11-17 22:00:00,23,0.0,0.0,0.0
2025-11-17 23:00:00,24,0.0,0.0,0.0
2025-11-18 00:00:00,1,0.0,0.0,0.0
2025-11-18 01:00:00,2,0.0,0.0,0.0
2025-11-18 02:00:00,3,0.0,0.0,0.0
2025-11-18 03:00:00,4,0.0,0.0,0.0
2025-11-18 04:00:00,5,0.0,0.0,0.0
2025-11-18 05:00:00,6,0.0,0.0,0.0
2025-11-18 06:00:00,7,0.0,0.0,0.0
2025-11-18 07:00:00,8,0.78144172,781.44172,781.44172
2025-11-18 08:00:00,9,5.0151609399999995,5015.16094,5015.16094
2025-11-18 09:00:00,10,10.81753166,10817.53166,10817.53166
2025-11-18 10:00:00,11,14.43366833,14433.66833,14433.66833
2025-11-18 11:00:00,12,12.756241,12756.241,12756.241
2025-11-18 12:00:00,13,7.28972534,7289.72534,7289.72534
2025-11-18 13:00:00,14,1.12825233,1128.25233,1128.25233
2025-11-18 14:00:00,15,8.157244989999999,8157.244989999999,8157.244989999999
2025-11-18 15:00:00,16,3.33970067,3339.70067,3339.70067
2025-11-18 16:00:00,17,0.33704233999999994,337.04233999999997,337.04233999999997
2025-11-18 17:00:00,18,0.0,0.0,0.0
2025-11-18 18:00:00,19,0.0,0.0,0.0
2025-11-18 19:00:00,20,0.0,0.0,0.0
2025-11-18 20:00:00,21,0.0,0.0,0.0
2025-11-18 21:00:00,22,0.0,0.0,0.0
2025-11-18 22:00:00,23,0.0,0.0,0.0
2025-11-18 23:00:00,24,0.0,0.0,0.0
2025-11-19 00:00:00,1,0.0,0.0,0.0
2025-11-19 01:00:00,2,0.0,0.0,0.0
2025-11-19 02:00:00,3,0.0,0.0,0.0
2025-11-19 03:00:00,4,0.0,0.0,0.0
2025-11-19 04:00:00,5,0.0,0.0,0.0
2025-11-19 05:00:00,6,0.0,0.0,0.0
2025-11-19 06:00:00,7,0.0,0.0,0.0
2025-11-19 07:00:00,8,0.014110000000000001,14.110000000000001,14.110000000000001
2025-11-19 08:00:00,9,0.108355,108.355,108.355
2025-11-19 09:00:00,10,0.63062665,630.6266499999999,630.6266499999999
2025-11-19 10:00:00,11,0.63595543,635.95543,635.95543
2025-11-19 11:00:00,12,1.71792009,1717.92009,1717.92009
2025-11-19 12:00:00,13,1.5718667100000001,1571.86671,1571.86671
2025-11-19 13:00:00,14,1.51737108,1517.37108,1517.37108
2025-11-19 14:00:00,15,0.5529673499999999,552.9673499999999,552.9673499999999
2025-11-19 15:00:00,16,0.29996326,299.96326,299.96326
2025-11-19 16:00:00,17,0.00874868,8.74868,8.74868
2025-11-19 17:00:00,18,0.0,0.0,0.0
2025-11-19 18:00:00,19,0.0,0.0,0.0
2025-11-19 19:00:00,20,0.0,0.0,0.0
2025-11-19 20:00:00,21,0.0,0.0,0.0
2025-11-19 21:00:00,22,0.0,0.0,0.0
2025-11-19 22:00:00,23,0.0,0.0,0.0
2025-11-19 23:00:00,24,0.0,0.0,0.0
2025-11-20 00:00:00,1,0.0,0.0,0.0
2025-11-20 01:00:00,2,0.0,0.0,0.0
2025-11-20 02:00:00,3,0.0,0.0,0.0
2025-11-20 03:00:00,4,0.0,0.0,0.0
2025-11-20 04:00:00,5,0.0,0.0,0.0
2025-11-20 05:00:00,6,0.0,0.0,0.0
2025-11-20 06:00:00,7,0.0,0.0,0.0
2025-11-20 07:00:00,8,0.0027319999999999996,2.7319999999999998,2.7319999999999998
2025-11-20 08:00:00,9,0.068442,68.44200000000001,68.44200000000001
2025-11-20 09:00:00,10,0.253432,253.432,253.432
2025-11-20 10:00:00,11,0.67382,673.8199999999999,673.8199999999999
2025-11-20 11:00:00,12,1.484305,1484.305,1484.305
2025-11-20 12:00:00,13,1.096241,1096.241,1096.241
2025-11-20 13:00:00,14,0.43067099999999997,430.671,430.671
2025-11-20 14:00:00,15,0.895632,895.632,895.632
2025-11-20 15:00:00,16,0.17481200000000002,174.812,174.812
2025-11-20 16:00:00,17,0.011231999999999999,11.232,11.232
2025-11-20 17:00:00,18,0.0,0.0,0.0
2025-11-20 18:00:00,19,0.0,0.0,0.0
2025-11-20 19:00:00,20,0.0,0.0,0.0
2025-11-20 20:00:00,21,0.0,0.0,0.0
2025-11-20 21:00:00,22,0.0,0.0,0.0
2025-11-20 22:00:00,23,0.0,0.0,0.0
2025-11-20 23:00:00,24,0.0,0.0,0.0
2025-11-21 00:00:00,1,0.0,0.0,0.0
2025-11-21 01:00:00,2,0.0,0.0,0.0
2025-11-21 02:00:00,3,0.0,0.0,0.0
2025-11-21 03:00:00,4,0.0,0.0,0.0
2025-11-21 04:00:00,5,0.0,0.0,0.0
2025-11-21 05:00:00,6,0.0,0.0,0.0
2025-11-21 06:00:00,7,0.0,0.0,0.0
2025-11-21 07:00:00,8,0.20406799999999997,204.06799999999998,204.06799999999998
2025-11-21 08:00:00,9,2.456164,2456.1639999999998,2456.1639999999998
2025-11-21 09:00:00,10,9.093659670000001,9093.659670000001,9093.659670000001
2025-11-21 10:00:00,11,14.78603534,14786.03534,14786.03534
2025-11-21 11:00:00,12,18.836715990000002,18836.71599,18836.71599
2025-11-21 12:00:00,13,19.038426,19038.426,19038.426
2025-11-21 13:00:00,14,16.316752,16316.752,16316.752
2025-11-21 14:00:00,15,11.31181567,11311.81567,11311.81567
2025-11-21 15:00:00,16,4.87037767,4870.37767,4870.37767
2025-11-21 16:00:00,17,0.36557367,365.57367,365.57367
2025-11-21 17:00:00,18,0.0,0.0,0.0
2025-11-21 18:00:00,19,0.0,0.0,0.0
2025-11-21 19:00:00,20,0.0,0.0,0.0
2025-11-21 20:00:00,21,0.0,0.0,0.0
2025-11-21 21:00:00,22,0.0,0.0,0.0
2025-11-21 22:00:00,23,0.0,0.0,0.0
2025-11-21 23:00:00,24,0.0,0.0,0.0
2025-11-22 00:00:00,1,0.0,0.0,0.0
2025-11-22 01:00:00,2,0.0,0.0,0.0
2025-11-22 02:00:00,3,0.0,0.0,0.0
2025-11-22 03:00:00,4,0.0,0.0,0.0
2025-11-22 04:00:00,5,0.0,0.0,0.0
2025-11-22 05:00:00,6,0.0,0.0,0.0
2025-11-22 06:00:00,7,0.0,0.0,0.0
2025-11-22 07:00:00,8,0.0,0.0,0.0
2025-11-22 08:00:00,9,0.000519,0.519,0.519
2025-11-22 09:00:00,10,0.0,0.0,0.0
2025-11-22 10:00:00,11,0.0,0.0,0.0
2025-11-22 11:00:00,12,0.0,0.0,0.0
2025-11-22 12:00:00,13,0.0,0.0,0.0
2025-11-22 13:00:00,14,0.0,0.0,0.0
2025-11-22 14:00:00,15,0.0,0.0,0.0
2025-11-22 15:00:00,16,0.0,0.0,0.0
2025-11-22 16:00:00,17,0.0,0.0,0.0
2025-11-22 17:00:00,18,0.0,0.0,0.0
2025-11-22 18:00:00,19,0.0,0.0,0.0
2025-11-22 19:00:00,20,0.0,0.0,0.0
2025-11-22 20:00:00,21,0.0,0.0,0.0
2025-11-22 21:00:00,22,0.0,0.0,0.0
2025-11-22 22:00:00,23,0.0,0.0,0.0
2025-11-22 23:00:00,24,0.0,0.0,0.0
2025-11-23 00:00:00,1,0.0,0.0,0.0
2025-11-23 01:00:00,2,0.0,0.0,0.0
2025-11-23 02:00:00,3,0.0,0.0,0.0
2025-11-23 03:00:00,4,0.0,0.0,0.0
2025-11-23 04:00:00,5,0.0,0.0,0.0
2025-11-23 05:00:00,6,0.0,0.0,0.0
2025-11-23 06:00:00,7,0.0,0.0,0.0
2025-11-23 07:00:00,8,0.005042,5.042,5.042
2025-11-23 08:00:00,9,0.048585,48.585,48.585
2025-11-23 09:00:00,10,0.113498,113.498,113.498
2025-11-23 10:00:00,11,0.173161,173.161,173.161
2025-11-23 11:00:00,12,0.216529,216.529,216.529
2025-11-23 12:00:00,13,0.222909,222.909,222.909
2025-11-23 13:00:00,14,0.191804,191.804,191.804
2025-11-23 14:00:00,15,0.135827,135.827,135.827
2025-11-23 15:00:00,16,0.051402,51.402,51.402
2025-11-23 16:00:00,17,0.001805,1.805,1.805
2025-11-23 17:00:00,18,0.0,0.0,0.0
2025-11-23 18:00:00,19,0.0,0.0,0.0
2025-11-23 19:00:00,20,0.0,0.0,0.0
2025-11-23 20:00:00,21,0.0,0.0,0.0
2025-11-23 21:00:00,22,0.0,0.0,0.0
2025-11-23 22:00:00,23,0.0,0.0,0.0
2025-11-23 23:00:00,24,0.0,0.0,0.0
2025-11-24 00:00:00,1,0.0,0.0,0.0
2025-11-24 01:00:00,2,0.0,0.0,0.0
2025-11-24 02:00:00,3,0.0,0.0,0.0
2025-11-24 03:00:00,4,0.0,0.0,0.0
2025-11-24 04:00:00,5,0.0,0.0,0.0
2025-11-24 05:00:00,6,0.0,0.0,0.0
2025-11-24 06:00:00,7,0.0,0.0,0.0
2025-11-24 07:00:00,8,0.007673510000000001,7.67351,7.67351
2025-11-24 08:00:00,9,0.048657439999999996,48.657439999999994,48.657439999999994
2025-11-24 09:00:00,10,0.17317607000000002,173.17607,173.17607
2025-11-24 10:00:00,11,0.41395705,413.95705,413.95705
2025-11-24 11:00:00,12,0.81865459,818.65459,818.65459
2025-11-24 12:00:00,13,1.33933946,1339.33946,1339.33946
2025-11-24 13:00:00,14,0.6877130300000001,687.71303,687.71303
2025-11-24 14:00:00,15,0.34901247999999996,349.01248,349.01248
2025-11-24 15:00:00,16,0.1147671,114.7671,114.7671
2025-11-24 16:00:00,17,0.018866499999999998,18.8665,18.8665
2025-11-24 17:00:00,18,0.0,0.0,0.0
2025-11-24 18:00:00,19,0.0,0.0,0.0
2025-11-24 19:00:00,20,0.0,0.0,0.0
2025-11-24 20:00:00,21,0.0,0.0,0.0
2025-11-24 21:00:00,22,0.0,0.0,0.0
2025-11-24 22:00:00,23,0.0,0.0,0.0
2025-11-24 23:00:00,24,0.0,0.0,0.0
2025-11-25 00:00:00,1,0.0,0.0,0.0
2025-11-25 01:00:00,2,0.0,0.0,0.0
2025-11-25 02:00:00,3,0.0,0.0,0.0
2025-11-25 03:00:00,4,0.0,0.0,0.0
2025-11-25 04:00:00,5,0.0,0.0,0.0
2025-11-25 05:00:00,6,0.0,0.0,0.0
2025-11-25 06:00:00,7,0.0,0.0,0.0
2025-11-25 07:00:00,8,0.006667,6.667,6.667
2025-11-25 08:00:00,9,0.07212966,72.12966,72.12966
2025-11-25 09:00:00,10,0.41601585,416.01585,416.01585
2025-11-25 10:00:00,11,0.92786992,927.86992,927.86992
2025-11-25 11:00:00,12,2.53305034,2533.05034,2533.05034
2025-11-25 12:00:00,13,5.2988802999999995,5298.8803,5298.8803
2025-11-25 13:00:00,14,7.01181802,7011.81802,7011.81802
2025-11-25 14:00:00,15,6.196350109999999,6196.350109999999,6196.350109999999
2025-11-25 15:00:00,16,3.73071808,3730.71808,3730.71808
2025-11-25 16:00:00,17,0.22111435000000002,221.11435,221.11435
2025-11-25 17:00:00,18,0.0,0.0,0.0
2025-11-25 18:00:00,19,0.0,0.0,0.0
2025-11-25 19:00:00,20,0.0,0.0,0.0
2025-11-25 20:00:00,21,0.0,0.0,0.0
2025-11-25 21:00:00,22,0.0,0.0,0.0
2025-11-25 22:00:00,23,0.0,0.0,0.0
2025-11-25 23:00:00,24,0.0,0.0,0.0
2025-11-26 00:00:00,1,0.0,0.0,0.0
2025-11-26 01:00:00,2,0.0,0.0,0.0
2025-11-26 02:00:00,3,0.0,0.0,0.0
2025-11-26 03:00:00,4,0.0,0.0,0.0
2025-11-26 04:00:00,5,0.0,0.0,0.0
2025-11-26 05:00:00,6,0.0,0.0,0.0
2025-11-26 06:00:00,7,0.0,0.0,0.0
2025-11-26 07:00:00,8,0.006831,6.831,6.831
2025-11-26 08:00:00,9,0.05487,54.870000000000005,54.870000000000005
2025-11-26 09:00:00,10,0.205432,205.43200000000002,205.43200000000002
2025-11-26 10:00:00,11,0.24753299999999998,247.533,247.533
2025-11-26 11:00:00,12,0.368877,368.877,368.877
2025-11-26 12:00:00,13,0.6756369999999999,675.637,675.637
2025-11-26 13:00:00,14,1.324471,1324.471,1324.471
2025-11-26 14:00:00,15,1.38138,1381.38,1381.38
2025-11-26 15:00:00,16,0.35490499999999997,354.905,354.905
2025-11-26 16:00:00,17,0.020071,20.070999999999998,20.070999999999998
2025-11-26 17:00:00,18,0.0,0.0,0.0
2025-11-26 18:00:00,19,0.0,0.0,0.0
2025-11-26 19:00:00,20,0.0,0.0,0.0
2025-11-26 20:00:00,21,0.0,0.0,0.0
2025-11-26 21:00:00,22,0.0,0.0,0.0
2025-11-26 22:00:00,23,0.0,0.0,0.0
2025-11-26 23:00:00,24,0.0,0.0,0.0
2025-11-27 00:00:00,1,0.0,0.0,0.0
2025-11-27 01:00:00,2,0.0,0.0,0.0
2025-11-27 02:00:00,3,0.0,0.0,0.0
2025-11-27 03:00:00,4,0.0,0.0,0.0
2025-11-27 04:00:00,5,0.0,0.0,0.0
2025-11-27 05:00:00,6,0.0,0.0,0.0
2025-11-27 06:00:00,7,0.0,0.0,0.0
2025-11-27 07:00:00,8,0.003548,3.548,3.548
2025-11-27 08:00:00,9,0.015504,15.504,15.504
2025-11-27 09:00:00,10,0.038086,38.086,38.086
2025-11-27 10:00:00,11,0.088577,88.577,88.577
2025-11-27 11:00:00,12,0.182561,182.561,182.561
2025-11-27 12:00:00,13,0.315975,315.975,315.975
2025-11-27 13:00:00,14,0.09761500000000001,97.61500000000001,97.61500000000001
2025-11-27 14:00:00,15,0.08694500000000001,86.94500000000001,86.94500000000001
2025-11-27 15:00:00,16,0.021712,21.712,21.712
2025-11-27 16:00:00,17,0.004752000000000001,4.752000000000001,4.752000000000001
2025-11-27 17:00:00,18,0.0,0.0,0.0
2025-11-27 18:00:00,19,0.0,0.0,0.0
2025-11-27 19:00:00,20,0.0,0.0,0.0
2025-11-27 20:00:00,21,0.0,0.0,0.0
2025-11-27 21:00:00,22,0.0,0.0,0.0
2025-11-27 22:00:00,23,0.0,0.0,0.0
2025-11-27 23:00:00,24,0.0,0.0,0.0
2025-11-28 00:00:00,1,0.0,0.0,0.0
2025-11-28 01:00:00,2,0.0,0.0,0.0
2025-11-28 02:00:00,3,0.0,0.0,0.0
2025-11-28 03:00:00,4,0.0,0.0,0.0
2025-11-28 04:00:00,5,0.0,0.0,0.0
2025-11-28 05:00:00,6,0.0,0.0,0.0
2025-11-28 06:00:00,7,0.0,0.0,0.0
2025-11-28 07:00:00,8,0.007428000000000001,7.428000000000001,7.428000000000001
2025-11-28 08:00:00,9,0.035851,35.851,35.851
2025-11-28 09:00:00,10,0.11836986,118.36985999999999,118.36985999999999
2025-11-28 10:00:00,11,0.28508619999999996,285.08619999999996,285.08619999999996
2025-11-28 11:00:00,12,0.6105526099999999,610.55261,610.55261
2025-11-28 12:00:00,13,1.11949107,1119.49107,1119.49107
2025-11-28 13:00:00,14,0.6754470300000001,675.44703,675.44703
2025-11-28 14:00:00,15,0.89378633,893.7863299999999,893.7863299999999
2025-11-28 15:00:00,16,0.26826085,268.26085,268.26085
2025-11-28 16:00:00,17,0.01241765,12.41765,12.41765
2025-11-28 17:00:00,18,0.0,0.0,0.0
2025-11-28 18:00:00,19,0.0,0.0,0.0
2025-11-28 19:00:00,20,0.0,0.0,0.0
2025-11-28 20:00:00,21,0.0,0.0,0.0
2025-11-28 21:00:00,22,0.0,0.0,0.0
2025-11-28 22:00:00,23,0.0,0.0,0.0
2025-11-28 23:00:00,24,0.0,0.0,0.0
2025-11-29 00:00:00,1,0.0,0.0,0.0
2025-11-29 01:00:00,2,0.0,0.0,0.0
2025-11-29 02:00:00,3,0.0,0.0,0.0
2025-11-29 03:00:00,4,0.0,0.0,0.0
2025-11-29 04:00:00,5,0.0,0.0,0.0
2025-11-29 05:00:00,6,0.0,0.0,0.0
2025-11-29 06:00:00,7,0.0,0.0,0.0
2025-11-29 07:00:00,8,0.0,0.0,0.0
2025-11-29 08:00:00,9,0.0,0.0,0.0
2025-11-29 09:00:00,10,0.0,0.0,0.0
2025-11-29 10:00:00,11,5.5e-05,0.055,0.055
2025-11-29 11:00:00,12,9.900000000000001e-05,0.099,0.099
2025-11-29 12:00:00,13,0.00014700000000000002,0.14700000000000002,0.14700000000000002
2025-11-29 13:00:00,14,4.4999999999999996e-05,0.045,0.045
2025-11-29 14:00:00,15,2.1000000000000006e-05,0.021000000000000005,0.021000000000000005
2025-11-29 15:00:00,16,0.0,0.0,0.0
2025-11-29 16:00:00,17,0.0,0.0,0.0
2025-11-29 17:00:00,18,0.0,0.0,0.0
2025-11-29 18:00:00,19,0.0,0.0,0.0
2025-11-29 19:00:00,20,0.0,0.0,0.0
2025-11-29 20:00:00,21,0.0,0.0,0.0
2025-11-29 21:00:00,22,0.0,0.0,0.0
2025-11-29 22:00:00,23,0.0,0.0,0.0
2025-11-29 23:00:00,24,0.0,0.0,0.0
2025-11-30 00:00:00,1,0.0,0.0,0.0
2025-11-30 01:00:00,2,0.0,0.0,0.0
2025-11-30 02:00:00,3,0.0,0.0,0.0
2025-11-30 03:00:00,4,0.0,0.0,0.0
2025-11-30 04:00:00,5,0.0,0.0,0.0
2025-11-30 05:00:00,6,0.0,0.0,0.0
2025-11-30 06:00:00,7,0.0,0.0,0.0
2025-11-30 07:00:00,8,0.003173,3.173,3.173
2025-11-30 08:00:00,9,0.013406,13.405999999999999,13.405999999999999
2025-11-30 09:00:00,10,0.096483,96.483,96.483
2025-11-30 10:00:00,11,0.197349,197.349,197.349
2025-11-30 11:00:00,12,0.203983,203.983,203.983
2025-11-30 12:00:00,13,0.12885500000000003,128.85500000000002,128.85500000000002
2025-11-30 13:00:00,14,0.067688,67.688,67.688
2025-11-30 14:00:00,15,0.042747,42.747,42.747
2025-11-30 15:00:00,16,0.022542,22.541999999999998,22.541999999999998
2025-11-30 16:00:00,17,0.003254,3.254,3.254
2025-11-30 17:00:00,18,0.0,0.0,0.0
2025-11-30 18:00:00,19,0.0,0.0,0.0
2025-11-30 19:00:00,20,0.0,0.0,0.0
2025-11-30 20:00:00,21,0.0,0.0,0.0
2025-11-30 21:00:00,22,0.0,0.0,0.0
2025-11-30 22:00:00,23,0.0,0.0,0.0
2025-11-30 23:00:00,24,0.0,0.0,0.0
2025-12-01 00:00:00,1,0.0,0.0,0.0
2025-12-01 01:00:00,2,0.0,0.0,0.0
2025-12-01 02:00:00,3,0.0,0.0,0.0
2025-12-01 03:00:00,4,0.0,0.0,0.0
2025-12-01 04:00:00,5,0.0,0.0,0.0
2025-12-01 05:00:00,6,0.0,0.0,0.0
2025-12-01 06:00:00,7,0.0,0.0,0.0
2025-12-01 07:00:00,8,0.032802,32.802,32.802
2025-12-01 08:00:00,9,0.08815,88.15,88.15
2025-12-01 09:00:00,10,0.14327449,143.27449000000001,143.27449000000001
2025-12-01 10:00:00,11,0.33264221000000005,332.64221000000003,332.64221000000003
2025-12-01 11:00:00,12,0.61234456,612.34456,612.34456
2025-12-01 12:00:00,13,2.09820433,2098.20433,2098.20433
2025-12-01 13:00:00,14,3.8999339900000005,3899.9339900000004,3899.9339900000004
2025-12-01 14:00:00,15,8.27072473,8270.72473,8270.72473
2025-12-01 15:00:00,16,3.62665566,3626.65566,3626.65566
2025-12-01 16:00:00,17,0.19316242,193.16242,193.16242
2025-12-01 17:00:00,18,0.0,0.0,0.0
2025-12-01 18:00:00,19,0.0,0.0,0.0
2025-12-01 19:00:00,20,0.0,0.0,0.0
2025-12-01 20:00:00,21,0.0,0.0,0.0
2025-12-01 21:00:00,22,0.0,0.0,0.0
2025-12-01 22:00:00,23,0.0,0.0,0.0
2025-12-01 23:00:00,24,0.0,0.0,0.0
2025-12-02 00:00:00,1,0.0,0.0,0.0
2025-12-02 01:00:00,2,0.0,0.0,0.0
2025-12-02 02:00:00,3,0.0,0.0,0.0
2025-12-02 03:00:00,4,0.0,0.0,0.0
2025-12-02 04:00:00,5,0.0,0.0,0.0
2025-12-02 05:00:00,6,0.0,0.0,0.0
2025-12-02 06:00:00,7,0.0,0.0,0.0
2025-12-02 07:00:00,8,0.11296329,112.96329,112.96329
2025-12-02 08:00:00,9,2.66449946,2664.49946,2664.49946
2025-12-02 09:00:00,10,8.0226088,8022.6088,8022.6088
2025-12-02 10:00:00,11,12.78354082,12783.54082,12783.54082
2025-12-02 11:00:00,12,15.533758590000001,15533.758590000001,15533.758590000001
2025-12-02 12:00:00,13,17.23995079,17239.950790000003,17239.950790000003
2025-12-02 13:00:00,14,15.015427659999999,15015.42766,15015.42766
2025-12-02 14:00:00,15,6.72897404,6728.97404,6728.97404
2025-12-02 15:00:00,16,0.61647398,616.47398,616.47398
2025-12-02 16:00:00,17,0.024035780000000003,24.035780000000003,24.035780000000003
2025-12-02 17:00:00,18,0.0,0.0,0.0
2025-12-02 18:00:00,19,0.0,0.0,0.0
2025-12-02 19:00:00,20,0.0,0.0,0.0
2025-12-02 20:00:00,21,0.0,0.0,0.0
2025-12-02 21:00:00,22,0.0,0.0,0.0
2025-12-02 22:00:00,23,0.0,0.0,0.0
2025-12-02 23:00:00,24,0.0,0.0,0.0
2025-12-03 00:00:00,1,0.0,0.0,0.0
2025-12-03 01:00:00,2,0.0,0.0,0.0
2025-12-03 02:00:00,3,0.0,0.0,0.0
2025-12-03 03:00:00,4,0.0,0.0,0.0
2025-12-03 04:00:00,5,0.0,0.0,0.0
2025-12-03 05:00:00,6,0.0,0.0,0.0
2025-12-03 06:00:00,7,0.0,0.0,0.0
2025-12-03 07:00:00,8,0.18544373,185.44373,185.44373
2025-12-03 08:00:00,9,2.32434472,2324.34472,2324.34472
2025-12-03 09:00:00,10,3.56094129,3560.94129,3560.94129
2025-12-03 10:00:00,11,11.22608121,11226.08121,11226.08121
2025-12-03 11:00:00,12,13.85830457,13858.30457,13858.30457
2025-12-03 12:00:00,13,11.81084626,11810.84626,11810.84626
2025-12-03 13:00:00,14,3.56009997,3560.09997,3560.09997
2025-12-03 14:00:00,15,4.2097709,4209.7708999999995,4209.7708999999995
2025-12-03 15:00:00,16,4.3966348,4396.6348,4396.6348
2025-12-03 16:00:00,17,0.160834,160.834,160.834
2025-12-03 17:00:00,18,0.0,0.0,0.0
2025-12-03 18:00:00,19,0.0,0.0,0.0
2025-12-03 19:00:00,20,0.0,0.0,0.0
2025-12-03 20:00:00,21,0.0,0.0,0.0
2025-12-03 21:00:00,22,0.0,0.0,0.0
2025-12-03 22:00:00,23,0.0,0.0,0.0
2025-12-03 23:00:00,24,0.0,0.0,0.0
2025-12-04 00:00:00,1,0.0,0.0,0.0
2025-12-04 01:00:00,2,0.0,0.0,0.0
2025-12-04 02:00:00,3,0.0,0.0,0.0
2025-12-04 03:00:00,4,0.0,0.0,0.0
2025-12-04 04:00:00,5,0.0,0.0,0.0
2025-12-04 05:00:00,6,0.0,0.0,0.0
2025-12-04 06:00:00,7,0.0,0.0,0.0
2025-12-04 07:00:00,8,0.009218,9.218,9.218
2025-12-04 08:00:00,9,0.030059000000000002,30.059,30.059
2025-12-04 09:00:00,10,0.163044,163.04399999999998,163.04399999999998
2025-12-04 10:00:00,11,0.174466,174.466,174.466
2025-12-04 11:00:00,12,0.32093900000000003,320.939,320.939
2025-12-04 12:00:00,13,0.566788,566.788,566.788
2025-12-04 13:00:00,14,0.887501,887.501,887.501
2025-12-04 14:00:00,15,0.6687000000000001,668.7,668.7
2025-12-04 15:00:00,16,0.19472899999999999,194.72899999999998,194.72899999999998
2025-12-04 16:00:00,17,0.021108000000000002,21.108,21.108
2025-12-04 17:00:00,18,0.0,0.0,0.0
2025-12-04 18:00:00,19,0.0,0.0,0.0
2025-12-04 19:00:00,20,0.0,0.0,0.0
2025-12-04 20:00:00,21,0.0,0.0,0.0
2025-12-04 21:00:00,22,0.0,0.0,0.0
2025-12-04 22:00:00,23,0.0,0.0,0.0
2025-12-04 23:00:00,24,0.0,0.0,0.0
2025-12-05 00:00:00,1,0.0,0.0,0.0
2025-12-05 01:00:00,2,0.0,0.0,0.0
2025-12-05 02:00:00,3,0.0,0.0,0.0
2025-12-05 03:00:00,4,0.0,0.0,0.0
2025-12-05 04:00:00,5,0.0,0.0,0.0
2025-12-05 05:00:00,6,0.0,0.0,0.0
2025-12-05 06:00:00,7,0.0,0.0,0.0
2025-12-05 07:00:00,8,0.023303,23.303,23.303
2025-12-05 08:00:00,9,0.040805,40.805,40.805
2025-12-05 09:00:00,10,0.04205363,42.05363,42.05363
2025-12-05 10:00:00,11,0.06743354,67.43354,67.43354
2025-12-05 11:00:00,12,0.15306391,153.06391,153.06391
2025-12-05 12:00:00,13,0.22147097,221.47097,221.47097
2025-12-05 13:00:00,14,0.24418887,244.18887,244.18887
2025-12-05 14:00:00,15,0.22460953,224.60953,224.60953
2025-12-05 15:00:00,16,0.04307606,43.07606,43.07606
2025-12-05 16:00:00,17,0.01232134,12.32134,12.32134
2025-12-05 17:00:00,18,0.0,0.0,0.0
2025-12-05 18:00:00,19,0.0,0.0,0.0
2025-12-05 19:00:00,20,0.0,0.0,0.0
2025-12-05 20:00:00,21,0.0,0.0,0.0
2025-12-05 21:00:00,22,0.0,0.0,0.0
2025-12-05 22:00:00,23,0.0,0.0,0.0
2025-12-05 23:00:00,24,0.0,0.0,0.0
2025-12-06 00:00:00,1,0.0,0.0,0.0
2025-12-06 01:00:00,2,0.0,0.0,0.0
2025-12-06 02:00:00,3,0.0,0.0,0.0
2025-12-06 03:00:00,4,0.0,0.0,0.0
2025-12-06 04:00:00,5,0.0,0.0,0.0
2025-12-06 05:00:00,6,0.0,0.0,0.0
2025-12-06 06:00:00,7,0.0,0.0,0.0
2025-12-06 07:00:00,8,0.007390000000000001,7.390000000000001,7.390000000000001
2025-12-06 08:00:00,9,0.025621,25.621000000000002,25.621000000000002
2025-12-06 09:00:00,10,0.09116117,91.16117,91.16117
2025-12-06 10:00:00,11,0.12256634,122.56634,122.56634
2025-12-06 11:00:00,12,0.22227418,222.27418,222.27418
2025-12-06 12:00:00,13,0.23980964,239.80964,239.80964
2025-12-06 13:00:00,14,0.14202722,142.02722,142.02722
2025-12-06 14:00:00,15,0.05472685,54.72685,54.72685
2025-12-06 15:00:00,16,0.0239236,23.9236,23.9236
2025-12-06 16:00:00,17,0.007856,7.856,7.856
2025-12-06 17:00:00,18,0.0,0.0,0.0
2025-12-06 18:00:00,19,0.0,0.0,0.0
2025-12-06 19:00:00,20,0.0,0.0,0.0
2025-12-06 20:00:00,21,0.0,0.0,0.0
2025-12-06 21:00:00,22,0.0,0.0,0.0
2025-12-06 22:00:00,23,0.0,0.0,0.0
2025-12-06 23:00:00,24,0.0,0.0,0.0
2025-12-07 00:00:00,1,0.0,0.0,0.0
2025-12-07 01:00:00,2,0.0,0.0,0.0
2025-12-07 02:00:00,3,0.0,0.0,0.0
2025-12-07 03:00:00,4,0.0,0.0,0.0
2025-12-07 04:00:00,5,0.0,0.0,0.0
2025-12-07 05:00:00,6,0.0,0.0,0.0
2025-12-07 06:00:00,7,0.0,0.0,0.0
2025-12-07 07:00:00,8,0.006333,6.333,6.333
2025-12-07 08:00:00,9,0.023594999999999998,23.595,23.595
2025-12-07 09:00:00,10,0.0488295,48.829499999999996,48.829499999999996
2025-12-07 10:00:00,11,0.09456023999999999,94.56024,94.56024
2025-12-07 11:00:00,12,0.15495842,154.95842000000002,154.95842000000002
2025-12-07 12:00:00,13,0.11213094000000001,112.13094000000001,112.13094000000001
2025-12-07 13:00:00,14,0.07955207,79.55207,79.55207
2025-12-07 14:00:00,15,0.06349434999999999,63.49435,63.49435
2025-12-07 15:00:00,16,0.02053142,20.53142,20.53142
2025-12-07 16:00:00,17,0.0071516,7.1516,7.1516
2025-12-07 17:00:00,18,0.0,0.0,0.0
2025-12-07 18:00:00,19,0.0,0.0,0.0
2025-12-07 19:00:00,20,0.0,0.0,0.0
2025-12-07 20:00:00,21,0.0,0.0,0.0
2025-12-07 21:00:00,22,0.0,0.0,0.0
2025-12-07 22:00:00,23,0.0,0.0,0.0
2025-12-07 23:00:00,24,0.0,0.0,0.0
2025-12-08 00:00:00,1,0.0,0.0,0.0
2025-12-08 01:00:00,2,0.0,0.0,0.0
2025-12-08 02:00:00,3,0.0,0.0,0.0
2025-12-08 03:00:00,4,0.0,0.0,0.0
2025-12-08 04:00:00,5,0.0,0.0,0.0
2025-12-08 05:00:00,6,0.0,0.0,0.0
2025-12-08 06:00:00,7,0.0,0.0,0.0
2025-12-08 07:00:00,8,0.003146,3.146,3.146
2025-12-08 08:00:00,9,0.018711,18.711,18.711
2025-12-08 09:00:00,10,0.06513593000000001,65.13593,65.13593
2025-12-08 10:00:00,11,0.12219309,122.19309,122.19309
2025-12-08 11:00:00,12,0.13907148,139.07148,139.07148
2025-12-08 12:00:00,13,0.18288202999999997,182.88203,182.88203
2025-12-08 13:00:00,14,0.25062799,250.62799,250.62799
2025-12-08 14:00:00,15,0.13382886,133.82886,133.82886
2025-12-08 15:00:00,16,0.027122870000000004,27.122870000000002,27.122870000000002
2025-12-08 16:00:00,17,0.00663784,6.63784,6.63784
2025-12-08 17:00:00,18,0.0,0.0,0.0
2025-12-08 18:00:00,19,0.0,0.0,0.0
2025-12-08 19:00:00,20,0.0,0.0,0.0
2025-12-08 20:00:00,21,0.0,0.0,0.0
2025-12-08 21:00:00,22,0.0,0.0,0.0
2025-12-08 22:00:00,23,0.0,0.0,0.0
2025-12-08 23:00:00,24,0.0,0.0,0.0
2025-12-09 00:00:00,1,0.0,0.0,0.0
2025-12-09 01:00:00,2,0.0,0.0,0.0
2025-12-09 02:00:00,3,0.0,0.0,0.0
2025-12-09 03:00:00,4,0.0,0.0,0.0
2025-12-09 04:00:00,5,0.0,0.0,0.0
2025-12-09 05:00:00,6,0.0,0.0,0.0
2025-12-09 06:00:00,7,0.0,0.0,0.0
2025-12-09 07:00:00,8,0.012817329999999998,12.817329999999998,12.817329999999998
2025-12-09 08:00:00,9,0.03691208,36.91208,36.91208
2025-12-09 09:00:00,10,0.07620676,76.20676,76.20676
2025-12-09 10:00:00,11,0.18067894,180.67894,180.67894
2025-12-09 11:00:00,12,0.20543484999999997,205.43484999999998,205.43484999999998
2025-12-09 12:00:00,13,0.29289326,292.89326,292.89326
2025-12-09 13:00:00,14,0.20092880999999999,200.92881,200.92881
2025-12-09 14:00:00,15,0.06690248,66.90248,66.90248
2025-12-09 15:00:00,16,0.02108039,21.08039,21.08039
2025-12-09 16:00:00,17,0.00562453,5.62453,5.62453
2025-12-09 17:00:00,18,0.0,0.0,0.0
2025-12-09 18:00:00,19,0.0,0.0,0.0
2025-12-09 19:00:00,20,0.0,0.0,0.0
2025-12-09 20:00:00,21,0.0,0.0,0.0
2025-12-09 21:00:00,22,0.0,0.0,0.0
2025-12-09 22:00:00,23,0.0,0.0,0.0
2025-12-09 23:00:00,24,0.0,0.0,0.0
2025-12-10 00:00:00,1,0.0,0.0,0.0
2025-12-10 01:00:00,2,0.0,0.0,0.0
2025-12-10 02:00:00,3,0.0,0.0,0.0
2025-12-10 03:00:00,4,0.0,0.0,0.0
2025-12-10 04:00:00,5,0.0,0.0,0.0
2025-12-10 05:00:00,6,0.0,0.0,0.0
2025-12-10 06:00:00,7,0.0,0.0,0.0
2025-12-10 07:00:00,8,0.01502533,15.02533,15.02533
2025-12-10 08:00:00,9,0.03364235,33.64235,33.64235
2025-12-10 09:00:00,10,0.051418729999999996,51.41873,51.41873
2025-12-10 10:00:00,11,0.11644689,116.44689,116.44689
2025-12-10 11:00:00,12,0.17977968,179.77967999999998,179.77967999999998
2025-12-10 12:00:00,13,0.18768966,187.68966,187.68966
2025-12-10 13:00:00,14,0.14449175,144.49175,144.49175
2025-12-10 14:00:00,15,0.06086192,60.86192,60.86192
2025-12-10 15:00:00,16,0.018560089999999998,18.56009,18.56009
2025-12-10 16:00:00,17,0.00442024,4.42024,4.42024
2025-12-10 17:00:00,18,0.0,0.0,0.0
2025-12-10 18:00:00,19,0.0,0.0,0.0
2025-12-10 19:00:00,20,0.0,0.0,0.0
2025-12-10 20:00:00,21,0.0,0.0,0.0
2025-12-10 21:00:00,22,0.0,0.0,0.0
2025-12-10 22:00:00,23,0.0,0.0,0.0
2025-12-10 23:00:00,24,0.0,0.0,0.0
2025-12-11 00:00:00,1,0.0,0.0,0.0
2025-12-11 01:00:00,2,0.0,0.0,0.0
2025-12-11 02:00:00,3,0.0,0.0,0.0
2025-12-11 03:00:00,4,0.0,0.0,0.0
2025-12-11 04:00:00,5,0.0,0.0,0.0
2025-12-11 05:00:00,6,0.0,0.0,0.0
2025-12-11 06:00:00,7,0.0,0.0,0.0
2025-12-11 07:00:00,8,0.002279,2.2790000000000004,2.2790000000000004
2025-12-11 08:00:00,9,0.015511999999999998,15.511999999999999,15.511999999999999
2025-12-11 09:00:00,10,0.050475,50.475,50.475
2025-12-11 10:00:00,11,0.149956,149.95600000000002,149.95600000000002
2025-12-11 11:00:00,12,0.230203,230.203,230.203
2025-12-11 12:00:00,13,0.215089,215.089,215.089
2025-12-11 13:00:00,14,0.167613,167.613,167.613
2025-12-11 14:00:00,15,0.08032500000000001,80.325,80.325
2025-12-11 15:00:00,16,0.022111000000000002,22.111,22.111
2025-12-11 16:00:00,17,0.0060149999999999995,6.015,6.015
2025-12-11 17:00:00,18,0.0,0.0,0.0
2025-12-11 18:00:00,19,0.0,0.0,0.0
2025-12-11 19:00:00,20,0.0,0.0,0.0
2025-12-11 20:00:00,21,0.0,0.0,0.0
2025-12-11 21:00:00,22,0.0,0.0,0.0
2025-12-11 22:00:00,23,0.0,0.0,0.0
2025-12-11 23:00:00,24,0.0,0.0,0.0
2025-12-12 00:00:00,1,0.0,0.0,0.0
2025-12-12 01:00:00,2,0.0,0.0,0.0
2025-12-12 02:00:00,3,0.0,0.0,0.0
2025-12-12 03:00:00,4,0.0,0.0,0.0
2025-12-12 04:00:00,5,0.0,0.0,0.0
2025-12-12 05:00:00,6,0.0,0.0,0.0
2025-12-12 06:00:00,7,0.0,0.0,0.0
2025-12-12 07:00:00,8,0.004911,4.911,4.911
2025-12-12 08:00:00,9,0.026226,26.226,26.226
2025-12-12 09:00:00,10,0.10977171,109.77171,109.77171
2025-12-12 10:00:00,11,0.28229969,282.29969,282.29969
2025-12-12 11:00:00,12,0.37596565,375.96565,375.96565
2025-12-12 12:00:00,13,0.36843462,368.43462,368.43462
2025-12-12 13:00:00,14,0.22909895,229.09895,229.09895
2025-12-12 14:00:00,15,0.09448226,94.48226,94.48226
2025-12-12 15:00:00,16,0.02606629,26.06629,26.06629
2025-12-12 16:00:00,17,0.009305609999999999,9.30561,9.30561
2025-12-12 17:00:00,18,0.0,0.0,0.0
2025-12-12 18:00:00,19,0.0,0.0,0.0
2025-12-12 19:00:00,20,0.0,0.0,0.0
2025-12-12 20:00:00,21,0.0,0.0,0.0
2025-12-12 21:00:00,22,0.0,0.0,0.0
2025-12-12 22:00:00,23,0.0,0.0,0.0
2025-12-12 23:00:00,24,0.0,0.0,0.0
2025-12-13 00:00:00,1,0.0,0.0,0.0
2025-12-13 01:00:00,2,0.0,0.0,0.0
2025-12-13 02:00:00,3,0.0,0.0,0.0
2025-12-13 03:00:00,4,0.0,0.0,0.0
2025-12-13 04:00:00,5,0.0,0.0,0.0
2025-12-13 05:00:00,6,0.0,0.0,0.0
2025-12-13 06:00:00,7,0.0,0.0,0.0
2025-12-13 07:00:00,8,0.003474,3.474,3.474
2025-12-13 08:00:00,9,0.029139270000000002,29.139270000000003,29.139270000000003
2025-12-13 09:00:00,10,0.12605801,126.05801,126.05801
2025-12-13 10:00:00,11,0.28946362,289.46362,289.46362
2025-12-13 11:00:00,12,0.36201619,362.01619,362.01619
2025-12-13 12:00:00,13,0.52924761,529.24761,529.24761
2025-12-13 13:00:00,14,0.34408302,344.08302000000003,344.08302000000003
2025-12-13 14:00:00,15,0.17475403,174.75403,174.75403
2025-12-13 15:00:00,16,0.044744070000000004,44.74407,44.74407
2025-12-13 16:00:00,17,0.007726899999999998,7.726899999999999,7.726899999999999
2025-12-13 17:00:00,18,0.0,0.0,0.0
2025-12-13 18:00:00,19,0.0,0.0,0.0
2025-12-13 19:00:00,20,0.0,0.0,0.0
2025-12-13 20:00:00,21,0.0,0.0,0.0
2025-12-13 21:00:00,22,0.0,0.0,0.0
2025-12-13 22:00:00,23,0.0,0.0,0.0
2025-12-13 23:00:00,24,0.0,0.0,0.0
2025-12-14 00:00:00,1,0.0,0.0,0.0
2025-12-14 01:00:00,2,0.0,0.0,0.0
2025-12-14 02:00:00,3,0.0,0.0,0.0
2025-12-14 03:00:00,4,0.0,0.0,0.0
2025-12-14 04:00:00,5,0.0,0.0,0.0
2025-12-14 05:00:00,6,0.0,0.0,0.0
2025-12-14 06:00:00,7,0.0,0.0,0.0
2025-12-14 07:00:00,8,0.0028399999999999996,2.84,2.84
2025-12-14 08:00:00,9,0.02533866,25.338659999999997,25.338659999999997
2025-12-14 09:00:00,10,0.11595799999999999,115.958,115.958
2025-12-14 10:00:00,11,0.374211,374.211,374.211
2025-12-14 11:00:00,12,0.734313,734.313,734.313
2025-12-14 12:00:00,13,0.5740540000000001,574.0540000000001,574.0540000000001
2025-12-14 13:00:00,14,0.36730900000000005,367.309,367.309
2025-12-14 14:00:00,15,0.185131,185.131,185.131
2025-12-14 15:00:00,16,0.0669,66.9,66.9
2025-12-14 16:00:00,17,0.006039999999999999,6.039999999999999,6.039999999999999
2025-12-14 17:00:00,18,0.0,0.0,0.0
2025-12-14 18:00:00,19,0.0,0.0,0.0
2025-12-14 19:00:00,20,0.0,0.0,0.0
2025-12-14 20:00:00,21,0.0,0.0,0.0
2025-12-14 21:00:00,22,0.0,0.0,0.0
2025-12-14 22:00:00,23,0.0,0.0,0.0
2025-12-14 23:00:00,24,0.0,0.0,0.0
2025-12-15 00:00:00,1,0.0,0.0,0.0
2025-12-15 01:00:00,2,0.0,0.0,0.0
2025-12-15 02:00:00,3,0.0,0.0,0.0
2025-12-15 03:00:00,4,0.0,0.0,0.0
2025-12-15 04:00:00,5,0.0,0.0,0.0
2025-12-15 05:00:00,6,0.0,0.0,0.0
2025-12-15 06:00:00,7,0.0,0.0,0.0
2025-12-15 07:00:00,8,0.004393,4.393,4.393
2025-12-15 08:00:00,9,0.029112000000000002,29.112000000000002,29.112000000000002
2025-12-15 09:00:00,10,0.055271100000000004,55.271100000000004,55.271100000000004
2025-12-15 10:00:00,11,0.19991000000000003,199.91000000000003,199.91000000000003
2025-12-15 11:00:00,12,0.22936815000000002,229.36815,229.36815
2025-12-15 12:00:00,13,0.19656066,196.56065999999998,196.56065999999998
2025-12-15 13:00:00,14,0.29762793,297.62793,297.62793
2025-12-15 14:00:00,15,0.21651945,216.51945,216.51945
2025-12-15 15:00:00,16,0.048784079999999994,48.784079999999996,48.784079999999996
2025-12-15 16:00:00,17,0.006975629999999999,6.975629999999999,6.975629999999999
2025-12-15 17:00:00,18,0.0,0.0,0.0
2025-12-15 18:00:00,19,0.0,0.0,0.0
2025-12-15 19:00:00,20,0.0,0.0,0.0
2025-12-15 20:00:00,21,0.0,0.0,0.0
2025-12-15 21:00:00,22,0.0,0.0,0.0
2025-12-15 22:00:00,23,0.0,0.0,0.0
2025-12-15 23:00:00,24,0.0,0.0,0.0
2025-12-16 00:00:00,1,0.0,0.0,0.0
2025-12-16 01:00:00,2,0.0,0.0,0.0
2025-12-16 02:00:00,3,0.0,0.0,0.0
2025-12-16 03:00:00,4,0.0,0.0,0.0
2025-12-16 04:00:00,5,0.0,0.0,0.0
2025-12-16 05:00:00,6,0.0,0.0,0.0
2025-12-16 06:00:00,7,0.0,0.0,0.0
2025-12-16 07:00:00,8,0.0036479999999999998,3.6479999999999997,3.6479999999999997
2025-12-16 08:00:00,9,0.046368,46.368,46.368
2025-12-16 09:00:00,10,0.15395921999999998,153.95922,153.95922
2025-12-16 10:00:00,11,0.21873267999999998,218.73268,218.73268
2025-12-16 11:00:00,12,1.05208842,1052.08842,1052.08842
2025-12-16 12:00:00,13,5.375419450000001,5375.41945,5375.41945
2025-12-16 13:00:00,14,5.266756709999999,5266.75671,5266.75671
2025-12-16 14:00:00,15,5.49176669,5491.76669,5491.76669
2025-12-16 15:00:00,16,0.0998315,99.8315,99.8315
2025-12-16 16:00:00,17,0.00974161,9.74161,9.74161
2025-12-16 17:00:00,18,0.0,0.0,0.0
2025-12-16 18:00:00,19,0.0,0.0,0.0
2025-12-16 19:00:00,20,0.0,0.0,0.0
2025-12-16 20:00:00,21,0.0,0.0,0.0
2025-12-16 21:00:00,22,0.0,0.0,0.0
2025-12-16 22:00:00,23,0.0,0.0,0.0
2025-12-16 23:00:00,24,0.0,0.0,0.0
2025-12-17 00:00:00,1,0.0,0.0,0.0
2025-12-17 01:00:00,2,0.0,0.0,0.0
2025-12-17 02:00:00,3,0.0,0.0,0.0
2025-12-17 03:00:00,4,0.0,0.0,0.0
2025-12-17 04:00:00,5,0.0,0.0,0.0
2025-12-17 05:00:00,6,0.0,0.0,0.0
2025-12-17 06:00:00,7,0.0,0.0,0.0
2025-12-17 07:00:00,8,0.0037830000000000003,3.7830000000000004,3.7830000000000004
2025-12-17 08:00:00,9,0.03444598,34.44598,34.44598
2025-12-17 09:00:00,10,1.617817,1617.817,1617.817
2025-12-17 10:00:00,11,2.665365,2665.365,2665.365
2025-12-17 11:00:00,12,2.350166,2350.166,2350.166
2025-12-17 12:00:00,13,1.2264359999999999,1226.436,1226.436
2025-12-17 13:00:00,14,2.404268,2404.268,2404.268
2025-12-17 14:00:00,15,1.968043,1968.043,1968.043
2025-12-17 15:00:00,16,0.166143,166.143,166.143
2025-12-17 16:00:00,17,0.015391,15.391,15.391
2025-12-17 17:00:00,18,0.0,0.0,0.0
2025-12-17 18:00:00,19,0.0,0.0,0.0
2025-12-17 19:00:00,20,0.0,0.0,0.0
2025-12-17 20:00:00,21,0.0,0.0,0.0
2025-12-17 21:00:00,22,0.0,0.0,0.0
2025-12-17 22:00:00,23,0.0,0.0,0.0
2025-12-17 23:00:00,24,0.0,0.0,0.0
2025-12-18 00:00:00,1,0.0,0.0,0.0
2025-12-18 01:00:00,2,0.0,0.0,0.0
2025-12-18 02:00:00,3,0.0,0.0,0.0
2025-12-18 03:00:00,4,0.0,0.0,0.0
2025-12-18 04:00:00,5,0.0,0.0,0.0
2025-12-18 05:00:00,6,0.0,0.0,0.0
2025-12-18 06:00:00,7,0.0,0.0,0.0
2025-12-18 07:00:00,8,0.002348,2.348,2.348
2025-12-18 08:00:00,9,0.015715,15.714999999999998,15.714999999999998
2025-12-18 09:00:00,10,0.060091,60.091,60.091
2025-12-18 10:00:00,11,0.119297,119.297,119.297
2025-12-18 11:00:00,12,0.21035800000000002,210.358,210.358
2025-12-18 12:00:00,13,0.490625,490.625,490.625
2025-12-18 13:00:00,14,0.70164,701.64,701.64
2025-12-18 14:00:00,15,0.559388,559.388,559.388
2025-12-18 15:00:00,16,0.39399399999999996,393.99399999999997,393.99399999999997
2025-12-18 16:00:00,17,0.017117,17.117,17.117
2025-12-18 17:00:00,18,0.0,0.0,0.0
2025-12-18 18:00:00,19,0.0,0.0,0.0
2025-12-18 19:00:00,20,0.0,0.0,0.0
2025-12-18 20:00:00,21,0.0,0.0,0.0
2025-12-18 21:00:00,22,0.0,0.0,0.0
2025-12-18 22:00:00,23,0.0,0.0,0.0
2025-12-18 23:00:00,24,0.0,0.0,0.0
2025-12-19 00:00:00,1,0.0,0.0,0.0
2025-12-19 01:00:00,2,0.0,0.0,0.0
2025-12-19 02:00:00,3,0.0,0.0,0.0
2025-12-19 03:00:00,4,0.0,0.0,0.0
2025-12-19 04:00:00,5,0.0,0.0,0.0
2025-12-19 05:00:00,6,0.0,0.0,0.0
2025-12-19 06:00:00,7,0.0,0.0,0.0
2025-12-19 07:00:00,8,0.004167,4.167,4.167
2025-12-19 08:00:00,9,0.027398,27.398,27.398
2025-12-19 09:00:00,10,0.03276105,32.76105,32.76105
2025-12-19 10:00:00,11,0.03824171,38.24171,38.24171
2025-12-19 11:00:00,12,0.03992815,39.92815,39.92815
2025-12-19 12:00:00,13,0.037375700000000005,37.3757,37.3757
2025-12-19 13:00:00,14,0.08852916,88.52915999999999,88.52915999999999
2025-12-19 14:00:00,15,0.058821359999999996,58.82136,58.82136
2025-12-19 15:00:00,16,0.0198639,19.8639,19.8639
2025-12-19 16:00:00,17,0.010471,10.471,10.471
2025-12-19 17:00:00,18,0.0,0.0,0.0
2025-12-19 18:00:00,19,0.0,0.0,0.0
2025-12-19 19:00:00,20,0.0,0.0,0.0
2025-12-19 20:00:00,21,0.0,0.0,0.0
2025-12-19 21:00:00,22,0.0,0.0,0.0
2025-12-19 22:00:00,23,0.0,0.0,0.0
2025-12-19 23:00:00,24,0.0,0.0,0.0
2025-12-20 00:00:00,1,0.0,0.0,0.0
2025-12-20 01:00:00,2,0.0,0.0,0.0
2025-12-20 02:00:00,3,0.0,0.0,0.0
2025-12-20 03:00:00,4,0.0,0.0,0.0
2025-12-20 04:00:00,5,0.0,0.0,0.0
2025-12-20 05:00:00,6,0.0,0.0,0.0
2025-12-20 06:00:00,7,0.0,0.0,0.0
2025-12-20 07:00:00,8,0.003363,3.363,3.363
2025-12-20 08:00:00,9,0.023281,23.281,23.281
2025-12-20 09:00:00,10,0.028029,28.029,28.029
2025-12-20 10:00:00,11,0.15821900000000003,158.21900000000002,158.21900000000002
2025-12-20 11:00:00,12,1.8012139999999999,1801.214,1801.214
2025-12-20 12:00:00,13,0.655756,655.756,655.756
2025-12-20 13:00:00,14,0.915562,915.562,915.562
2025-12-20 14:00:00,15,0.14978,149.78,149.78
2025-12-20 15:00:00,16,0.028728999999999998,28.729,28.729
2025-12-20 16:00:00,17,0.003951,3.951,3.951
2025-12-20 17:00:00,18,0.0,0.0,0.0
2025-12-20 18:00:00,19,0.0,0.0,0.0
2025-12-20 19:00:00,20,0.0,0.0,0.0
2025-12-20 20:00:00,21,0.0,0.0,0.0
2025-12-20 21:00:00,22,0.0,0.0,0.0
2025-12-20 22:00:00,23,0.0,0.0,0.0
2025-12-20 23:00:00,24,0.0,0.0,0.0
2025-12-21 00:00:00,1,0.0,0.0,0.0
2025-12-21 01:00:00,2,0.0,0.0,0.0
2025-12-21 02:00:00,3,0.0,0.0,0.0
2025-12-21 03:00:00,4,0.0,0.0,0.0
2025-12-21 04:00:00,5,0.0,0.0,0.0
2025-12-21 05:00:00,6,0.0,0.0,0.0
2025-12-21 06:00:00,7,0.0,0.0,0.0
2025-12-21 07:00:00,8,0.001354,1.3539999999999999,1.3539999999999999
2025-12-21 08:00:00,9,0.0099,9.9,9.9
2025-12-21 09:00:00,10,0.031301,31.301000000000002,31.301000000000002
2025-12-21 10:00:00,11,0.086133,86.133,86.133
2025-12-21 11:00:00,12,0.27597000000000005,275.97,275.97
2025-12-21 12:00:00,13,0.250428,250.428,250.428
2025-12-21 13:00:00,14,0.48473,484.73,484.73
2025-12-21 14:00:00,15,0.048872,48.872,48.872
2025-12-21 15:00:00,16,0.011458,11.458,11.458
2025-12-21 16:00:00,17,0.004548999999999999,4.5489999999999995,4.5489999999999995
2025-12-21 17:00:00,18,0.0,0.0,0.0
2025-12-21 18:00:00,19,0.0,0.0,0.0
2025-12-21 19:00:00,20,0.0,0.0,0.0
2025-12-21 20:00:00,21,0.0,0.0,0.0
2025-12-21 21:00:00,22,0.0,0.0,0.0
2025-12-21 22:00:00,23,0.0,0.0,0.0
2025-12-21 23:00:00,24,0.0,0.0,0.0
2025-12-22 00:00:00,1,0.0,0.0,0.0
2025-12-22 01:00:00,2,0.0,0.0,0.0
2025-12-22 02:00:00,3,0.0,0.0,0.0
2025-12-22 03:00:00,4,0.0,0.0,0.0
2025-12-22 04:00:00,5,0.0,0.0,0.0
2025-12-22 05:00:00,6,0.0,0.0,0.0
2025-12-22 06:00:00,7,0.0,0.0,0.0
2025-12-22 07:00:00,8,0.001451,1.451,1.451
2025-12-22 08:00:00,9,0.01336653,13.36653,13.36653
2025-12-22 09:00:00,10,0.01293451,12.93451,12.93451
2025-12-22 10:00:00,11,0.04975872,49.75872,49.75872
2025-12-22 11:00:00,12,0.68502348,685.0234800000001,685.0234800000001
2025-12-22 12:00:00,13,0.48646786000000003,486.46786000000003,486.46786000000003
2025-12-22 13:00:00,14,0.12562803,125.62803,125.62803
2025-12-22 14:00:00,15,0.31405093,314.05093,314.05093
2025-12-22 15:00:00,16,0.11478208,114.78208,114.78208
2025-12-22 16:00:00,17,0.01378884,13.78884,13.78884
2025-12-22 17:00:00,18,0.0,0.0,0.0
2025-12-22 18:00:00,19,0.0,0.0,0.0
2025-12-22 19:00:00,20,0.0,0.0,0.0
2025-12-22 20:00:00,21,0.0,0.0,0.0
2025-12-22 21:00:00,22,0.0,0.0,0.0
2025-12-22 22:00:00,23,0.0,0.0,0.0
2025-12-22 23:00:00,24,0.0,0.0,0.0
2025-12-23 00:00:00,1,0.0,0.0,0.0
2025-12-23 01:00:00,2,0.0,0.0,0.0
2025-12-23 02:00:00,3,0.0,0.0,0.0
2025-12-23 03:00:00,4,0.0,0.0,0.0
2025-12-23 04:00:00,5,0.0,0.0,0.0
2025-12-23 05:00:00,6,0.0,0.0,0.0
2025-12-23 06:00:00,7,0.0,0.0,0.0
2025-12-23 07:00:00,8,0.0030249999999999995,3.0249999999999995,3.0249999999999995
2025-12-23 08:00:00,9,0.06115567,61.15567,61.15567
2025-12-23 09:00:00,10,0.31288066,312.88066,312.88066
2025-12-23 10:00:00,11,1.26301567,1263.01567,1263.01567
2025-12-23 11:00:00,12,2.4342453299999995,2434.2453299999997,2434.2453299999997
2025-12-23 12:00:00,13,1.74901933,1749.01933,1749.01933
2025-12-23 13:00:00,14,2.25845233,2258.45233,2258.45233
2025-12-23 14:00:00,15,1.10007766,1100.07766,1100.07766
2025-12-23 15:00:00,16,0.04456801,44.56801,44.56801
2025-12-23 16:00:00,17,0.01012433,10.12433,10.12433
2025-12-23 17:00:00,18,0.0,0.0,0.0
2025-12-23 18:00:00,19,0.0,0.0,0.0
2025-12-23 19:00:00,20,0.0,0.0,0.0
2025-12-23 20:00:00,21,0.0,0.0,0.0
2025-12-23 21:00:00,22,0.0,0.0,0.0
2025-12-23 22:00:00,23,0.0,0.0,0.0
2025-12-23 23:00:00,24,0.0,0.0,0.0
2025-12-24 00:00:00,1,0.0,0.0,0.0
2025-12-24 01:00:00,2,0.0,0.0,0.0
2025-12-24 02:00:00,3,0.0,0.0,0.0
2025-12-24 03:00:00,4,0.0,0.0,0.0
2025-12-24 04:00:00,5,0.0,0.0,0.0
2025-12-24 05:00:00,6,0.0,0.0,0.0
2025-12-24 06:00:00,7,0.0,0.0,0.0
2025-12-24 07:00:00,8,0.000854,0.8540000000000001,0.8540000000000001
2025-12-24 08:00:00,9,0.011755,11.754999999999999,11.754999999999999
2025-12-24 09:00:00,10,0.17142011,171.42011,171.42011
2025-12-24 10:00:00,11,0.62631392,626.3139199999999,626.3139199999999
2025-12-24 11:00:00,12,0.46701445,467.01445,467.01445
2025-12-24 12:00:00,13,0.75451684,754.51684,754.51684
2025-12-24 13:00:00,14,3.54514966,3545.14966,3545.14966
2025-12-24 14:00:00,15,2.94295419,2942.95419,2942.95419
2025-12-24 15:00:00,16,0.21750338999999996,217.50338999999997,217.50338999999997
2025-12-24 16:00:00,17,0.009688760000000001,9.68876,9.68876
2025-12-24 17:00:00,18,0.0,0.0,0.0
2025-12-24 18:00:00,19,0.0,0.0,0.0
2025-12-24 19:00:00,20,0.0,0.0,0.0
2025-12-24 20:00:00,21,0.0,0.0,0.0
2025-12-24 21:00:00,22,0.0,0.0,0.0
2025-12-24 22:00:00,23,0.0,0.0,0.0
2025-12-24 23:00:00,24,0.0,0.0,0.0
2025-12-25 00:00:00,1,0.0,0.0,0.0
2025-12-25 01:00:00,2,0.0,0.0,0.0
2025-12-25 02:00:00,3,0.0,0.0,0.0
2025-12-25 03:00:00,4,0.0,0.0,0.0
2025-12-25 04:00:00,5,0.0,0.0,0.0
2025-12-25 05:00:00,6,0.0,0.0,0.0
2025-12-25 06:00:00,7,0.0,0.0,0.0
2025-12-25 07:00:00,8,0.00612612,6.126119999999999,6.126119999999999
2025-12-25 08:00:00,9,0.48121223999999996,481.21223999999995,481.21223999999995
2025-12-25 09:00:00,10,2.74894284,2748.94284,2748.94284
2025-12-25 10:00:00,11,2.19820715,2198.20715,2198.20715
2025-12-25 11:00:00,12,9.15679485,9156.79485,9156.79485
2025-12-25 12:00:00,13,7.60894839,7608.9483900000005,7608.9483900000005
2025-12-25 13:00:00,14,2.5076291200000003,2507.62912,2507.62912
2025-12-25 14:00:00,15,4.5286374,4528.6374,4528.6374
2025-12-25 15:00:00,16,2.1255537600000003,2125.5537600000002,2125.5537600000002
2025-12-25 16:00:00,17,0.015001519999999999,15.00152,15.00152
2025-12-25 17:00:00,18,0.0,0.0,0.0
2025-12-25 18:00:00,19,0.0,0.0,0.0
2025-12-25 19:00:00,20,0.0,0.0,0.0
2025-12-25 20:00:00,21,0.0,0.0,0.0
2025-12-25 21:00:00,22,0.0,0.0,0.0
2025-12-25 22:00:00,23,0.0,0.0,0.0
2025-12-25 23:00:00,24,0.0,0.0,0.0
2025-12-26 00:00:00,1,0.0,0.0,0.0
2025-12-26 01:00:00,2,0.0,0.0,0.0
2025-12-26 02:00:00,3,0.0,0.0,0.0
2025-12-26 03:00:00,4,0.0,0.0,0.0
2025-12-26 04:00:00,5,0.0,0.0,0.0
2025-12-26 05:00:00,6,0.0,0.0,0.0
2025-12-26 06:00:00,7,0.0,0.0,0.0
2025-12-26 07:00:00,8,0.004299,4.2989999999999995,4.2989999999999995
2025-12-26 08:00:00,9,2.012824,2012.824,2012.824
2025-12-26 09:00:00,10,6.38690745,6386.90745,6386.90745
2025-12-26 10:00:00,11,10.41584672,10415.84672,10415.84672
2025-12-26 11:00:00,12,8.26820167,8268.20167,8268.20167
2025-12-26 12:00:00,13,3.48876578,3488.76578,3488.76578
2025-12-26 13:00:00,14,5.42382223,5423.82223,5423.82223
2025-12-26 14:00:00,15,1.40811838,1408.11838,1408.11838
2025-12-26 15:00:00,16,0.03509592,35.09592,35.09592
2025-12-26 16:00:00,17,0.00874041,8.74041,8.74041
2025-12-26 17:00:00,18,0.0,0.0,0.0
2025-12-26 18:00:00,19,0.0,0.0,0.0
2025-12-26 19:00:00,20,0.0,0.0,0.0
2025-12-26 20:00:00,21,0.0,0.0,0.0
2025-12-26 21:00:00,22,0.0,0.0,0.0
2025-12-26 22:00:00,23,0.0,0.0,0.0
2025-12-26 23:00:00,24,0.0,0.0,0.0
2025-12-27 00:00:00,1,0.0,0.0,0.0
2025-12-27 01:00:00,2,0.0,0.0,0.0
2025-12-27 02:00:00,3,0.0,0.0,0.0
2025-12-27 03:00:00,4,0.0,0.0,0.0
2025-12-27 04:00:00,5,0.0,0.0,0.0
2025-12-27 05:00:00,6,0.0,0.0,0.0
2025-12-27 06:00:00,7,0.0,0.0,0.0
2025-12-27 07:00:00,8,0.036774999999999995,36.775,36.775
2025-12-27 08:00:00,9,2.082329,2082.329,2082.329
2025-12-27 09:00:00,10,6.665188,6665.188,6665.188
2025-12-27 10:00:00,11,7.7877979999999996,7787.798,7787.798
2025-12-27 11:00:00,12,6.718178,6718.178,6718.178
2025-12-27 12:00:00,13,7.8891290000000005,7889.129000000001,7889.129000000001
2025-12-27 13:00:00,14,6.455043,6455.043,6455.043
2025-12-27 14:00:00,15,6.337498,6337.4980000000005,6337.4980000000005
2025-12-27 15:00:00,16,3.7301480000000002,3730.148,3730.148
2025-12-27 16:00:00,17,0.37748,377.47999999999996,377.47999999999996
2025-12-27 17:00:00,18,0.0,0.0,0.0
2025-12-27 18:00:00,19,0.0,0.0,0.0
2025-12-27 19:00:00,20,0.0,0.0,0.0
2025-12-27 20:00:00,21,0.0,0.0,0.0
2025-12-27 21:00:00,22,0.0,0.0,0.0
2025-12-27 22:00:00,23,0.0,0.0,0.0
2025-12-27 23:00:00,24,0.0,0.0,0.0
2025-12-28 00:00:00,1,0.0,0.0,0.0
2025-12-28 01:00:00,2,0.0,0.0,0.0
2025-12-28 02:00:00,3,0.0,0.0,0.0
2025-12-28 03:00:00,4,0.0,0.0,0.0
2025-12-28 04:00:00,5,0.0,0.0,0.0
2025-12-28 05:00:00,6,0.0,0.0,0.0
2025-12-28 06:00:00,7,0.0,0.0,0.0
2025-12-28 07:00:00,8,0.004307,4.307,4.307
2025-12-28 08:00:00,9,0.69667,696.67,696.67
2025-12-28 09:00:00,10,4.9115779999999996,4911.5779999999995,4911.5779999999995
2025-12-28 10:00:00,11,7.112236,7112.236,7112.236
2025-12-28 11:00:00,12,10.433147000000002,10433.147,10433.147
2025-12-28 12:00:00,13,15.857199999999999,15857.199999999999,15857.199999999999
2025-12-28 13:00:00,14,14.142235999999999,14142.235999999999,14142.235999999999
2025-12-28 14:00:00,15,9.943237000000002,9943.237000000001,9943.237000000001
2025-12-28 15:00:00,16,4.320259,4320.259,4320.259
2025-12-28 16:00:00,17,0.3796,379.59999999999997,379.59999999999997
2025-12-28 17:00:00,18,0.0,0.0,0.0
2025-12-28 18:00:00,19,0.0,0.0,0.0
2025-12-28 19:00:00,20,0.0,0.0,0.0
2025-12-28 20:00:00,21,0.0,0.0,0.0
2025-12-28 21:00:00,22,0.0,0.0,0.0
2025-12-28 22:00:00,23,0.0,0.0,0.0
2025-12-28 23:00:00,24,0.0,0.0,0.0
2025-12-29 00:00:00,1,0.0,0.0,0.0
2025-12-29 01:00:00,2,0.0,0.0,0.0
2025-12-29 02:00:00,3,0.0,0.0,0.0
2025-12-29 03:00:00,4,0.0,0.0,0.0
2025-12-29 04:00:00,5,0.0,0.0,0.0
2025-12-29 05:00:00,6,0.0,0.0,0.0
2025-12-29 06:00:00,7,0.0,0.0,0.0
2025-12-29 07:00:00,8,0.012513,12.513,12.513
2025-12-29 08:00:00,9,0.353591,353.591,353.591
2025-12-29 09:00:00,10,0.7152307600000001,715.23076,715.23076
2025-12-29 10:00:00,11,0.9030627600000001,903.06276,903.06276
2025-12-29 11:00:00,12,0.8444547600000001,844.4547600000001,844.4547600000001
2025-12-29 12:00:00,13,1.6206277599999999,1620.6277599999999,1620.6277599999999
2025-12-29 13:00:00,14,1.70423576,1704.23576,1704.23576
2025-12-29 14:00:00,15,1.14208876,1142.08876,1142.08876
2025-12-29 15:00:00,16,2.24858076,2248.58076,2248.58076
2025-12-29 16:00:00,17,0.36107382,361.07382,361.07382
2025-12-29 17:00:00,18,0.0,0.0,0.0
2025-12-29 18:00:00,19,0.0,0.0,0.0
2025-12-29 19:00:00,20,0.0,0.0,0.0
2025-12-29 20:00:00,21,0.0,0.0,0.0
2025-12-29 21:00:00,22,0.0,0.0,0.0
2025-12-29 22:00:00,23,0.0,0.0,0.0
2025-12-29 23:00:00,24,0.0,0.0,0.0
2025-12-30 00:00:00,1,0.0,0.0,0.0
2025-12-30 01:00:00,2,0.0,0.0,0.0
2025-12-30 02:00:00,3,0.0,0.0,0.0
2025-12-30 03:00:00,4,0.0,0.0,0.0
2025-12-30 04:00:00,5,0.0,0.0,0.0
2025-12-30 05:00:00,6,0.0,0.0,0.0
2025-12-30 06:00:00,7,0.0,0.0,0.0
2025-12-30 07:00:00,8,0.0017710000000000002,1.7710000000000001,1.7710000000000001
2025-12-30 08:00:00,9,0.055820999999999996,55.821,55.821
2025-12-30 09:00:00,10,0.5656089999999999,565.6089999999999,565.6089999999999
2025-12-30 10:00:00,11,0.459534,459.534,459.534
2025-12-30 11:00:00,12,0.69004,690.04,690.04
2025-12-30 12:00:00,13,0.6656380000000001,665.638,665.638
2025-12-30 13:00:00,14,0.340958,340.95799999999997,340.95799999999997
2025-12-30 14:00:00,15,0.257524,257.524,257.524
2025-12-30 15:00:00,16,0.032796,32.796,32.796
2025-12-30 16:00:00,17,0.009405,9.405,9.405
2025-12-30 17:00:00,18,0.0,0.0,0.0
2025-12-30 18:00:00,19,0.0,0.0,0.0
2025-12-30 19:00:00,20,0.0,0.0,0.0
2025-12-30 20:00:00,21,0.0,0.0,0.0
2025-12-30 21:00:00,22,0.0,0.0,0.0
2025-12-30 22:00:00,23,0.0,0.0,0.0
2025-12-30 23:00:00,24,0.0,0.0,0.0
2025-12-31 00:00:00,1,0.0,0.0,0.0
2025-12-31 01:00:00,2,0.0,0.0,0.0
2025-12-31 02:00:00,3,0.0,0.0,0.0
2025-12-31 03:00:00,4,0.0,0.0,0.0
2025-12-31 04:00:00,5,0.0,0.0,0.0
2025-12-31 05:00:00,6,0.0,0.0,0.0
2025-12-31 06:00:00,7,0.0,0.0,0.0
2025-12-31 07:00:00,8,0.001099,1.099,1.099
2025-12-31 08:00:00,9,0.060902,60.902,60.902
2025-12-31 09:00:00,10,0.31439100000000003,314.391,314.391
2025-12-31 10:00:00,11,0.532054,532.054,532.054
2025-12-31 11:00:00,12,0.33626999999999996,336.27,336.27
2025-12-31 12:00:00,13,0.1193,119.3,119.3
2025-12-31 13:00:00,14,0.154851,154.851,154.851
2025-12-31 14:00:00,15,0.05311799999999999,53.117999999999995,53.117999999999995
2025-12-31 15:00:00,16,0.03508699999999999,35.086999999999996,35.086999999999996
2025-12-31 16:00:00,17,0.009195,9.195,9.195
2025-12-31 17:00:00,18,0.0,0.0,0.0
2025-12-31 18:00:00,19,0.0,0.0,0.0
2025-12-31 19:00:00,20,0.0,0.0,0.0
2025-12-31 20:00:00,21,0.0,0.0,0.0
2025-12-31 21:00:00,22,0.0,0.0,0.0
2025-12-31 22:00:00,23,0.0,0.0,0.0
2025-12-31 23:00:00,24,0.0,0.0,0.0
2026-01-01 00:00:00,1,0.0,0.0,0.0
2026-01-01 01:00:00,2,0.0,0.0,0.0
2026-01-01 02:00:00,3,0.0,0.0,0.0
2026-01-01 03:00:00,4,0.0,0.0,0.0
2026-01-01 04:00:00,5,0.0,0.0,0.0
2026-01-01 05:00:00,6,0.0,0.0,0.0
2026-01-01 06:00:00,7,0.0,0.0,0.0
2026-01-01 07:00:00,8,0.000594,0.594,0.594
2026-01-01 08:00:00,9,0.015909,15.908999999999999,15.908999999999999
2026-01-01 09:00:00,10,0.5240349999999999,524.035,524.035
2026-01-01 10:00:00,11,0.45338799999999996,453.388,453.388
2026-01-01 11:00:00,12,0.174439,174.43900000000002,174.43900000000002
2026-01-01 12:00:00,13,0.13947800000000002,139.478,139.478
2026-01-01 13:00:00,14,3.3902579999999998,3390.258,3390.258
2026-01-01 14:00:00,15,5.893448,5893.448,5893.448
2026-01-01 15:00:00,16,2.37274,2372.74,2372.74
2026-01-01 16:00:00,17,0.230411,230.411,230.411
2026-01-01 17:00:00,18,0.0,0.0,0.0
2026-01-01 18:00:00,19,0.0,0.0,0.0
2026-01-01 19:00:00,20,0.0,0.0,0.0
2026-01-01 20:00:00,21,0.0,0.0,0.0
2026-01-01 21:00:00,22,0.0,0.0,0.0
2026-01-01 22:00:00,23,0.0,0.0,0.0
2026-01-01 23:00:00,24,0.0,0.0,0.0
2026-01-02 00:00:00,1,0.0,0.0,0.0
2026-01-02 01:00:00,2,0.0,0.0,0.0
2026-01-02 02:00:00,3,0.0,0.0,0.0
2026-01-02 03:00:00,4,0.0,0.0,0.0
2026-01-02 04:00:00,5,0.0,0.0,0.0
2026-01-02 05:00:00,6,0.0,0.0,0.0
2026-01-02 06:00:00,7,0.0,0.0,0.0
2026-01-02 07:00:00,8,0.007245,7.245,7.245
2026-01-02 08:00:00,9,0.27652967,276.52967,276.52967
2026-01-02 09:00:00,10,3.318809,3318.8089999999997,3318.8089999999997
2026-01-02 10:00:00,11,8.25771,8257.71,8257.71
2026-01-02 11:00:00,12,10.357894,10357.894,10357.894
2026-01-02 12:00:00,13,7.162991,7162.991,7162.991
2026-01-02 13:00:00,14,4.925156,4925.156,4925.156
2026-01-02 14:00:00,15,1.86753,1867.53,1867.53
2026-01-02 15:00:00,16,0.09916499999999999,99.16499999999999,99.16499999999999
2026-01-02 16:00:00,17,0.042997,42.997,42.997
2026-01-02 17:00:00,18,0.0,0.0,0.0
2026-01-02 18:00:00,19,0.0,0.0,0.0
2026-01-02 19:00:00,20,0.0,0.0,0.0
2026-01-02 20:00:00,21,0.0,0.0,0.0
2026-01-02 21:00:00,22,0.0,0.0,0.0
2026-01-02 22:00:00,23,0.0,0.0,0.0
2026-01-02 23:00:00,24,0.0,0.0,0.0
2026-01-03 00:00:00,1,0.0,0.0,0.0
2026-01-03 01:00:00,2,0.0,0.0,0.0
2026-01-03 02:00:00,3,0.0,0.0,0.0
2026-01-03 03:00:00,4,0.0,0.0,0.0
2026-01-03 04:00:00,5,0.0,0.0,0.0
2026-01-03 05:00:00,6,0.0,0.0,0.0
2026-01-03 06:00:00,7,0.0,0.0,0.0
2026-01-03 07:00:00,8,0.035099000000000005,35.099000000000004,35.099000000000004
2026-01-03 08:00:00,9,0.078826,78.826,78.826
2026-01-03 09:00:00,10,0.55123,551.23,551.23
2026-01-03 10:00:00,11,5.243383,5243.383,5243.383
2026-01-03 11:00:00,12,6.132353999999999,6132.353999999999,6132.353999999999
2026-01-03 12:00:00,13,6.418121000000001,6418.121000000001,6418.121000000001
2026-01-03 13:00:00,14,11.483683000000001,11483.683,11483.683
2026-01-03 14:00:00,15,2.08791,2087.91,2087.91
2026-01-03 15:00:00,16,1.046441,1046.441,1046.441
2026-01-03 16:00:00,17,0.4006,400.6,400.6
2026-01-03 17:00:00,18,0.0,0.0,0.0
2026-01-03 18:00:00,19,0.0,0.0,0.0
2026-01-03 19:00:00,20,0.0,0.0,0.0
2026-01-03 20:00:00,21,0.0,0.0,0.0
2026-01-03 21:00:00,22,0.0,0.0,0.0
2026-01-03 22:00:00,23,0.0,0.0,0.0
2026-01-03 23:00:00,24,0.0,0.0,0.0
2026-01-04 00:00:00,1,0.0,0.0,0.0
2026-01-04 01:00:00,2,0.0,0.0,0.0
2026-01-04 02:00:00,3,0.0,0.0,0.0
2026-01-04 03:00:00,4,0.0,0.0,0.0
2026-01-04 04:00:00,5,0.0,0.0,0.0
2026-01-04 05:00:00,6,0.0,0.0,0.0
2026-01-04 06:00:00,7,0.0,0.0,0.0
2026-01-04 07:00:00,8,0.000265,0.265,0.265
2026-01-04 08:00:00,9,0.007941,7.941,7.941
2026-01-04 09:00:00,10,0.189654,189.654,189.654
2026-01-04 10:00:00,11,0.33620999999999995,336.21,336.21
2026-01-04 11:00:00,12,0.11813900000000001,118.13900000000001,118.13900000000001
2026-01-04 12:00:00,13,0.083466,83.466,83.466
2026-01-04 13:00:00,14,0.023034000000000002,23.034000000000002,23.034000000000002
2026-01-04 14:00:00,15,0.021399,21.399,21.399
2026-01-04 15:00:00,16,0.019857,19.857,19.857
2026-01-04 16:00:00,17,0.011791000000000001,11.791,11.791
2026-01-04 17:00:00,18,0.0,0.0,0.0
2026-01-04 18:00:00,19,0.0,0.0,0.0
2026-01-04 19:00:00,20,0.0,0.0,0.0
2026-01-04 20:00:00,21,0.0,0.0,0.0
2026-01-04 21:00:00,22,0.0,0.0,0.0
2026-01-04 22:00:00,23,0.0,0.0,0.0
2026-01-04 23:00:00,24,0.0,0.0,0.0
2026-01-05 00:00:00,1,0.0,0.0,0.0
2026-01-05 01:00:00,2,0.0,0.0,0.0
2026-01-05 02:00:00,3,0.0,0.0,0.0
2026-01-05 03:00:00,4,0.0,0.0,0.0
2026-01-05 04:00:00,5,0.0,0.0,0.0
2026-01-05 05:00:00,6,0.0,0.0,0.0
2026-01-05 06:00:00,7,0.0,0.0,0.0
2026-01-05 07:00:00,8,0.016544,16.544,16.544
2026-01-05 08:00:00,9,0.135412,135.412,135.412
2026-01-05 09:00:00,10,1.6456959999999998,1645.696,1645.696
2026-01-05 10:00:00,11,4.460870999999999,4460.870999999999,4460.870999999999
2026-01-05 11:00:00,12,2.438841,2438.841,2438.841
2026-01-05 12:00:00,13,0.7341769999999999,734.1769999999999,734.1769999999999
2026-01-05 13:00:00,14,0.157772,157.772,157.772
2026-01-05 14:00:00,15,0.06256300000000001,62.563,62.563
2026-01-05 15:00:00,16,0.0252,25.2,25.2
2026-01-05 16:00:00,17,0.010671,10.671,10.671
2026-01-05 17:00:00,18,0.0,0.0,0.0
2026-01-05 18:00:00,19,0.0,0.0,0.0
2026-01-05 19:00:00,20,0.0,0.0,0.0
2026-01-05 20:00:00,21,0.0,0.0,0.0
2026-01-05 21:00:00,22,0.0,0.0,0.0
2026-01-05 22:00:00,23,0.0,0.0,0.0
2026-01-05 23:00:00,24,0.0,0.0,0.0
2026-01-06 00:00:00,1,0.0,0.0,0.0
2026-01-06 01:00:00,2,0.0,0.0,0.0
2026-01-06 02:00:00,3,0.0,0.0,0.0
2026-01-06 03:00:00,4,0.0,0.0,0.0
2026-01-06 04:00:00,5,0.0,0.0,0.0
2026-01-06 05:00:00,6,0.0,0.0,0.0
2026-01-06 06:00:00,7,0.0,0.0,0.0
2026-01-06 07:00:00,8,0.009035999999999997,9.035999999999998,9.035999999999998
2026-01-06 08:00:00,9,1.634585,1634.585,1634.585
2026-01-06 09:00:00,10,4.29117195,4291.17195,4291.17195
2026-01-06 10:00:00,11,4.963214079999999,4963.21408,4963.21408
2026-01-06 11:00:00,12,7.126000149999999,7126.00015,7126.00015
2026-01-06 12:00:00,13,15.556153459999999,15556.15346,15556.15346
2026-01-06 13:00:00,14,16.16171483,16161.71483,16161.71483
2026-01-06 14:00:00,15,10.062206540000002,10062.206540000001,10062.206540000001
2026-01-06 15:00:00,16,5.420392,5420.392,5420.392
2026-01-06 16:00:00,17,0.6357010000000001,635.701,635.701
2026-01-06 17:00:00,18,0.0,0.0,0.0
2026-01-06 18:00:00,19,0.0,0.0,0.0
2026-01-06 19:00:00,20,0.0,0.0,0.0
2026-01-06 20:00:00,21,0.0,0.0,0.0
2026-01-06 21:00:00,22,0.0,0.0,0.0
2026-01-06 22:00:00,23,0.0,0.0,0.0
2026-01-06 23:00:00,24,0.0,0.0,0.0
2026-01-07 00:00:00,1,0.0,0.0,0.0
2026-01-07 01:00:00,2,0.0,0.0,0.0
2026-01-07 02:00:00,3,0.0,0.0,0.0
2026-01-07 03:00:00,4,0.0,0.0,0.0
2026-01-07 04:00:00,5,0.0,0.0,0.0
2026-01-07 05:00:00,6,0.0,0.0,0.0
2026-01-07 06:00:00,7,0.0,0.0,0.0
2026-01-07 07:00:00,8,0.012819,12.819,12.819
2026-01-07 08:00:00,9,0.134681,134.68099999999998,134.68099999999998
2026-01-07 09:00:00,10,5.044182,5044.182,5044.182
2026-01-07 10:00:00,11,11.569734,11569.734,11569.734
2026-01-07 11:00:00,12,16.47648,16476.48,16476.48
2026-01-07 12:00:00,13,17.300742,17300.742,17300.742
2026-01-07 13:00:00,14,15.155454000000002,15155.454000000002,15155.454000000002
2026-01-07 14:00:00,15,10.611398999999999,10611.399,10611.399
2026-01-07 15:00:00,16,6.078161,6078.161,6078.161
2026-01-07 16:00:00,17,0.818038,818.038,818.038
2026-01-07 17:00:00,18,0.0,0.0,0.0
2026-01-07 18:00:00,19,0.0,0.0,0.0
2026-01-07 19:00:00,20,0.0,0.0,0.0
2026-01-07 20:00:00,21,0.0,0.0,0.0
2026-01-07 21:00:00,22,0.0,0.0,0.0
2026-01-07 22:00:00,23,0.0,0.0,0.0
2026-01-07 23:00:00,24,0.0,0.0,0.0
2026-01-08 00:00:00,1,0.0,0.0,0.0
2026-01-08 01:00:00,2,0.0,0.0,0.0
2026-01-08 02:00:00,3,0.0,0.0,0.0
2026-01-08 03:00:00,4,0.0,0.0,0.0
2026-01-08 04:00:00,5,0.0,0.0,0.0
2026-01-08 05:00:00,6,0.0,0.0,0.0
2026-01-08 06:00:00,7,0.0,0.0,0.0
2026-01-08 07:00:00,8,0.068467,68.467,68.467
2026-01-08 08:00:00,9,2.298701,2298.701,2298.701
2026-01-08 09:00:00,10,7.340288999999999,7340.289,7340.289
2026-01-08 10:00:00,11,13.208235,13208.235,13208.235
2026-01-08 11:00:00,12,17.599487,17599.487,17599.487
2026-01-08 12:00:00,13,19.22466,19224.66,19224.66
2026-01-08 13:00:00,14,17.73605633,17736.05633,17736.05633
2026-01-08 14:00:00,15,13.213627,13213.627,13213.627
2026-01-08 15:00:00,16,6.46258234,6462.58234,6462.58234
2026-01-08 16:00:00,17,0.933329,933.329,933.329
2026-01-08 17:00:00,18,0.0,0.0,0.0
2026-01-08 18:00:00,19,0.0,0.0,0.0
2026-01-08 19:00:00,20,0.0,0.0,0.0
2026-01-08 20:00:00,21,0.0,0.0,0.0
2026-01-08 21:00:00,22,0.0,0.0,0.0
2026-01-08 22:00:00,23,0.0,0.0,0.0
2026-01-08 23:00:00,24,0.0,0.0,0.0
2026-01-09 00:00:00,1,0.0,0.0,0.0
2026-01-09 01:00:00,2,0.0,0.0,0.0
2026-01-09 02:00:00,3,0.0,0.0,0.0
2026-01-09 03:00:00,4,0.0,0.0,0.0
2026-01-09 04:00:00,5,0.0,0.0,0.0
2026-01-09 05:00:00,6,0.0,0.0,0.0
2026-01-09 06:00:00,7,0.0,0.0,0.0
2026-01-09 07:00:00,8,0.064104,64.104,64.104
2026-01-09 08:00:00,9,2.10724,2107.24,2107.24
2026-01-09 09:00:00,10,6.835484180000001,6835.48418,6835.48418
2026-01-09 10:00:00,11,12.16654828,12166.54828,12166.54828
2026-01-09 11:00:00,12,16.222580620000002,16222.58062,16222.58062
2026-01-09 12:00:00,13,17.93114291,17931.14291,17931.14291
2026-01-09 13:00:00,14,16.1666205,16166.620499999999,16166.620499999999
2026-01-09 14:00:00,15,11.700276480000001,11700.27648,11700.27648
2026-01-09 15:00:00,16,4.26059216,4260.59216,4260.59216
2026-01-09 16:00:00,17,1.05453432,1054.53432,1054.53432
2026-01-09 17:00:00,18,0.0,0.0,0.0
2026-01-09 18:00:00,19,0.0,0.0,0.0
2026-01-09 19:00:00,20,0.0,0.0,0.0
2026-01-09 20:00:00,21,0.0,0.0,0.0
2026-01-09 21:00:00,22,0.0,0.0,0.0
2026-01-09 22:00:00,23,0.0,0.0,0.0
2026-01-09 23:00:00,24,0.0,0.0,0.0
2026-01-10 00:00:00,1,0.0,0.0,0.0
2026-01-10 01:00:00,2,0.0,0.0,0.0
2026-01-10 02:00:00,3,0.0,0.0,0.0
2026-01-10 03:00:00,4,0.0,0.0,0.0
2026-01-10 04:00:00,5,0.0,0.0,0.0
2026-01-10 05:00:00,6,0.0,0.0,0.0
2026-01-10 06:00:00,7,0.0,0.0,0.0
2026-01-10 07:00:00,8,0.00623892,6.23892,6.23892
2026-01-10 08:00:00,9,1.21536206,1215.36206,1215.36206
2026-01-10 09:00:00,10,6.48417,6484.17,6484.17
2026-01-10 10:00:00,11,11.611832,11611.832,11611.832
2026-01-10 11:00:00,12,14.934794,14934.794,14934.794
2026-01-10 12:00:00,13,16.1933,16193.3,16193.3
2026-01-10 13:00:00,14,12.377156999999999,12377.157,12377.157
2026-01-10 14:00:00,15,10.300822,10300.822,10300.822
2026-01-10 15:00:00,16,5.412929,5412.929,5412.929
2026-01-10 16:00:00,17,0.669962,669.962,669.962
2026-01-10 17:00:00,18,0.0,0.0,0.0
2026-01-10 18:00:00,19,0.0,0.0,0.0
2026-01-10 19:00:00,20,0.0,0.0,0.0
2026-01-10 20:00:00,21,0.0,0.0,0.0
2026-01-10 21:00:00,22,0.0,0.0,0.0
2026-01-10 22:00:00,23,0.0,0.0,0.0
2026-01-10 23:00:00,24,0.0,0.0,0.0
2026-01-11 00:00:00,1,0.0,0.0,0.0
2026-01-11 01:00:00,2,0.0,0.0,0.0
2026-01-11 02:00:00,3,0.0,0.0,0.0
2026-01-11 03:00:00,4,0.0,0.0,0.0
2026-01-11 04:00:00,5,0.0,0.0,0.0
2026-01-11 05:00:00,6,0.0,0.0,0.0
2026-01-11 06:00:00,7,0.0,0.0,0.0
2026-01-11 07:00:00,8,0.009283999999999999,9.283999999999999,9.283999999999999
2026-01-11 08:00:00,9,1.366257,1366.257,1366.257
2026-01-11 09:00:00,10,6.499366,6499.366,6499.366
2026-01-11 10:00:00,11,10.056786,10056.786,10056.786
2026-01-11 11:00:00,12,14.047692000000001,14047.692000000001,14047.692000000001
2026-01-11 12:00:00,13,17.550425000000004,17550.425000000003,17550.425000000003
2026-01-11 13:00:00,14,11.915967,11915.967,11915.967
2026-01-11 14:00:00,15,9.600736,9600.735999999999,9600.735999999999
2026-01-11 15:00:00,16,4.049631000000001,4049.6310000000003,4049.6310000000003
2026-01-11 16:00:00,17,0.11964100000000003,119.64100000000002,119.64100000000002
2026-01-11 17:00:00,18,0.0,0.0,0.0
2026-01-11 18:00:00,19,0.0,0.0,0.0
2026-01-11 19:00:00,20,0.0,0.0,0.0
2026-01-11 20:00:00,21,0.0,0.0,0.0
2026-01-11 21:00:00,22,0.0,0.0,0.0
2026-01-11 22:00:00,23,0.0,0.0,0.0
2026-01-11 23:00:00,24,0.0,0.0,0.0
2026-01-12 00:00:00,1,0.0,0.0,0.0
2026-01-12 01:00:00,2,0.0,0.0,0.0
2026-01-12 02:00:00,3,0.0,0.0,0.0
2026-01-12 03:00:00,4,0.0,0.0,0.0
2026-01-12 04:00:00,5,0.0,0.0,0.0
2026-01-12 05:00:00,6,0.0,0.0,0.0
2026-01-12 06:00:00,7,0.0,0.0,0.0
2026-01-12 07:00:00,8,0.043715,43.714999999999996,43.714999999999996
2026-01-12 08:00:00,9,2.003382,2003.382,2003.382
2026-01-12 09:00:00,10,6.825182000000001,6825.182000000001,6825.182000000001
2026-01-12 10:00:00,11,12.312963,12312.963,12312.963
2026-01-12 11:00:00,12,16.567445,16567.445,16567.445
2026-01-12 12:00:00,13,18.24486,18244.86,18244.86
2026-01-12 13:00:00,14,17.098221,17098.220999999998,17098.220999999998
2026-01-12 14:00:00,15,12.845257,12845.257,12845.257
2026-01-12 15:00:00,16,6.582363,6582.363,6582.363
2026-01-12 16:00:00,17,1.045952,1045.952,1045.952
2026-01-12 17:00:00,18,0.0,0.0,0.0
2026-01-12 18:00:00,19,0.0,0.0,0.0
2026-01-12 19:00:00,20,0.0,0.0,0.0
2026-01-12 20:00:00,21,0.0,0.0,0.0
2026-01-12 21:00:00,22,0.0,0.0,0.0
2026-01-12 22:00:00,23,0.0,0.0,0.0
2026-01-12 23:00:00,24,0.0,0.0,0.0
2026-01-13 00:00:00,1,0.0,0.0,0.0
2026-01-13 01:00:00,2,0.0,0.0,0.0
2026-01-13 02:00:00,3,0.0,0.0,0.0
2026-01-13 03:00:00,4,0.0,0.0,0.0
2026-01-13 04:00:00,5,0.0,0.0,0.0
2026-01-13 05:00:00,6,0.0,0.0,0.0
2026-01-13 06:00:00,7,0.0,0.0,0.0
2026-01-13 07:00:00,8,0.045434,45.434000000000005,45.434000000000005
2026-01-13 08:00:00,9,2.1368840000000002,2136.884,2136.884
2026-01-13 09:00:00,10,7.1060360000000005,7106.036,7106.036
2026-01-13 10:00:00,11,12.680374,12680.374,12680.374
2026-01-13 11:00:00,12,17.025707999999998,17025.708,17025.708
2026-01-13 12:00:00,13,18.587977,18587.977,18587.977
2026-01-13 13:00:00,14,17.352871,17352.871,17352.871
2026-01-13 14:00:00,15,13.359999,13359.999,13359.999
2026-01-13 15:00:00,16,7.082331,7082.331,7082.331
2026-01-13 16:00:00,17,1.236815,1236.815,1236.815
2026-01-13 17:00:00,18,0.0,0.0,0.0
2026-01-13 18:00:00,19,0.0,0.0,0.0
2026-01-13 19:00:00,20,0.0,0.0,0.0
2026-01-13 20:00:00,21,0.0,0.0,0.0
2026-01-13 21:00:00,22,0.0,0.0,0.0
2026-01-13 22:00:00,23,0.0,0.0,0.0
2026-01-13 23:00:00,24,0.0,0.0,0.0
2026-01-14 00:00:00,1,0.0,0.0,0.0
2026-01-14 01:00:00,2,0.0,0.0,0.0
2026-01-14 02:00:00,3,0.0,0.0,0.0
2026-01-14 03:00:00,4,0.0,0.0,0.0
2026-01-14 04:00:00,5,0.0,0.0,0.0
2026-01-14 05:00:00,6,0.0,0.0,0.0
2026-01-14 06:00:00,7,0.0,0.0,0.0
2026-01-14 07:00:00,8,0.026362000000000003,26.362000000000002,26.362000000000002
2026-01-14 08:00:00,9,1.79212,1792.12,1792.12
2026-01-14 09:00:00,10,6.697836000000001,6697.836,6697.836
2026-01-14 10:00:00,11,12.169191,12169.190999999999,12169.190999999999
2026-01-14 11:00:00,12,16.376586,16376.586,16376.586
2026-01-14 12:00:00,13,17.940827000000002,17940.827,17940.827
2026-01-14 13:00:00,14,16.776305,16776.305,16776.305
2026-01-14 14:00:00,15,12.704574000000001,12704.574,12704.574
2026-01-14 15:00:00,16,6.541808,6541.808,6541.808
2026-01-14 16:00:00,17,0.9855880000000001,985.5880000000001,985.5880000000001
2026-01-14 17:00:00,18,0.0,0.0,0.0
2026-01-14 18:00:00,19,0.0,0.0,0.0
2026-01-14 19:00:00,20,0.0,0.0,0.0
2026-01-14 20:00:00,21,0.0,0.0,0.0
2026-01-14 21:00:00,22,0.0,0.0,0.0
2026-01-14 22:00:00,23,0.0,0.0,0.0
2026-01-14 23:00:00,24,0.0,0.0,0.0
2026-01-15 00:00:00,1,0.0,0.0,0.0
2026-01-15 01:00:00,2,0.0,0.0,0.0
2026-01-15 02:00:00,3,0.0,0.0,0.0
2026-01-15 03:00:00,4,0.0,0.0,0.0
2026-01-15 04:00:00,5,0.0,0.0,0.0
2026-01-15 05:00:00,6,0.0,0.0,0.0
2026-01-15 06:00:00,7,0.0,0.0,0.0
2026-01-15 07:00:00,8,0.03793146,37.93146,37.93146
2026-01-15 08:00:00,9,2.01281196,2012.81196,2012.81196
2026-01-15 09:00:00,10,7.154777,7154.777,7154.777
2026-01-15 10:00:00,11,12.710991,12710.991,12710.991
2026-01-15 11:00:00,12,17.096552,17096.552,17096.552
2026-01-15 12:00:00,13,18.735937999999997,18735.938,18735.938
2026-01-15 13:00:00,14,17.727806,17727.806,17727.806
2026-01-15 14:00:00,15,13.562682,13562.682,13562.682
2026-01-15 15:00:00,16,7.341027,7341.027,7341.027
2026-01-15 16:00:00,17,1.32028,1320.28,1320.28
2026-01-15 17:00:00,18,0.0,0.0,0.0
2026-01-15 18:00:00,19,0.0,0.0,0.0
2026-01-15 19:00:00,20,0.0,0.0,0.0
2026-01-15 20:00:00,21,0.0,0.0,0.0
2026-01-15 21:00:00,22,0.0,0.0,0.0
2026-01-15 22:00:00,23,0.0,0.0,0.0
2026-01-15 23:00:00,24,0.0,0.0,0.0
2026-01-16 00:00:00,1,0.0,0.0,0.0
2026-01-16 01:00:00,2,0.0,0.0,0.0
2026-01-16 02:00:00,3,0.0,0.0,0.0
2026-01-16 03:00:00,4,0.0,0.0,0.0
2026-01-16 04:00:00,5,0.0,0.0,0.0
2026-01-16 05:00:00,6,0.0,0.0,0.0
2026-01-16 06:00:00,7,0.0,0.0,0.0
2026-01-16 07:00:00,8,0.030965990000000002,30.96599,30.96599
2026-01-16 08:00:00,9,1.76935509,1769.35509,1769.35509
2026-01-16 09:00:00,10,6.982504,6982.504,6982.504
2026-01-16 10:00:00,11,12.519604,12519.604,12519.604
2026-01-16 11:00:00,12,17.114346,17114.346,17114.346
2026-01-16 12:00:00,13,18.80941,18809.41,18809.41
2026-01-16 13:00:00,14,17.588765,17588.765,17588.765
2026-01-16 14:00:00,15,13.410767,13410.767,13410.767
2026-01-16 15:00:00,16,7.084639,7084.639,7084.639
2026-01-16 16:00:00,17,1.2236770000000001,1223.6770000000001,1223.6770000000001
2026-01-16 17:00:00,18,0.0,0.0,0.0
2026-01-16 18:00:00,19,0.0,0.0,0.0
2026-01-16 19:00:00,20,0.0,0.0,0.0
2026-01-16 20:00:00,21,0.0,0.0,0.0
2026-01-16 21:00:00,22,0.0,0.0,0.0
2026-01-16 22:00:00,23,0.0,0.0,0.0
2026-01-16 23:00:00,24,0.0,0.0,0.0
2026-01-17 00:00:00,1,0.0,0.0,0.0
2026-01-17 01:00:00,2,0.0,0.0,0.0
2026-01-17 02:00:00,3,0.0,0.0,0.0
2026-01-17 03:00:00,4,0.0,0.0,0.0
2026-01-17 04:00:00,5,0.0,0.0,0.0
2026-01-17 05:00:00,6,0.0,0.0,0.0
2026-01-17 06:00:00,7,0.0,0.0,0.0
2026-01-17 07:00:00,8,0.028192320000000003,28.192320000000002,28.192320000000002
2026-01-17 08:00:00,9,1.5833510700000002,1583.3510700000002,1583.3510700000002
2026-01-17 09:00:00,10,6.813187,6813.187,6813.187
2026-01-17 10:00:00,11,12.628487,12628.487,12628.487
2026-01-17 11:00:00,12,16.197293,16197.293,16197.293
2026-01-17 12:00:00,13,18.361346,18361.346,18361.346
2026-01-17 13:00:00,14,15.546796,15546.796,15546.796
2026-01-17 14:00:00,15,11.587852999999999,11587.853,11587.853
2026-01-17 15:00:00,16,5.295078999999999,5295.079,5295.079
2026-01-17 16:00:00,17,0.7844639999999999,784.4639999999999,784.4639999999999
2026-01-17 17:00:00,18,0.0,0.0,0.0
2026-01-17 18:00:00,19,0.0,0.0,0.0
2026-01-17 19:00:00,20,0.0,0.0,0.0
2026-01-17 20:00:00,21,0.0,0.0,0.0
2026-01-17 21:00:00,22,0.0,0.0,0.0
2026-01-17 22:00:00,23,0.0,0.0,0.0
2026-01-17 23:00:00,24,0.0,0.0,0.0
2026-01-18 00:00:00,1,0.0,0.0,0.0
2026-01-18 01:00:00,2,0.0,0.0,0.0
2026-01-18 02:00:00,3,0.0,0.0,0.0
2026-01-18 03:00:00,4,0.0,0.0,0.0
2026-01-18 04:00:00,5,0.0,0.0,0.0
2026-01-18 05:00:00,6,0.0,0.0,0.0
2026-01-18 06:00:00,7,0.0,0.0,0.0
2026-01-18 07:00:00,8,0.001111,1.111,1.111
2026-01-18 08:00:00,9,0.11958,119.58000000000001,119.58000000000001
2026-01-18 09:00:00,10,1.15469774,1154.69774,1154.69774
2026-01-18 10:00:00,11,0.97529329,975.29329,975.29329
2026-01-18 11:00:00,12,3.10666615,3106.66615,3106.66615
2026-01-18 12:00:00,13,8.768555469999999,8768.55547,8768.55547
2026-01-18 13:00:00,14,16.47095644,16470.956439999998,16470.956439999998
2026-01-18 14:00:00,15,11.603169690000001,11603.16969,11603.16969
2026-01-18 15:00:00,16,2.53532232,2535.32232,2535.32232
2026-01-18 16:00:00,17,0.14035187999999998,140.35188,140.35188
2026-01-18 17:00:00,18,0.0,0.0,0.0
2026-01-18 18:00:00,19,0.0,0.0,0.0
2026-01-18 19:00:00,20,0.0,0.0,0.0
2026-01-18 20:00:00,21,0.0,0.0,0.0
2026-01-18 21:00:00,22,0.0,0.0,0.0
2026-01-18 22:00:00,23,0.0,0.0,0.0
2026-01-18 23:00:00,24,0.0,0.0,0.0
2026-01-19 00:00:00,1,0.0,0.0,0.0
2026-01-19 01:00:00,2,0.0,0.0,0.0
2026-01-19 02:00:00,3,0.0,0.0,0.0
2026-01-19 03:00:00,4,0.0,0.0,0.0
2026-01-19 04:00:00,5,0.0,0.0,0.0
2026-01-19 05:00:00,6,0.0,0.0,0.0
2026-01-19 06:00:00,7,0.0,0.0,0.0
2026-01-19 07:00:00,8,0.004973000000000001,4.973000000000001,4.973000000000001
2026-01-19 08:00:00,9,0.191696,191.696,191.696
2026-01-19 09:00:00,10,1.3116542399999997,1311.6542399999998,1311.6542399999998
2026-01-19 10:00:00,11,2.89916172,2899.16172,2899.16172
2026-01-19 11:00:00,12,4.4421583,4442.1583,4442.1583
2026-01-19 12:00:00,13,5.74319865,5743.19865,5743.19865
2026-01-19 13:00:00,14,7.5729815700000005,7572.981570000001,7572.981570000001
2026-01-19 14:00:00,15,5.77382168,5773.82168,5773.82168
2026-01-19 15:00:00,16,3.9507273599999997,3950.72736,3950.72736
2026-01-19 16:00:00,17,0.471865,471.86499999999995,471.86499999999995
2026-01-19 17:00:00,18,0.0,0.0,0.0
2026-01-19 18:00:00,19,0.0,0.0,0.0
2026-01-19 19:00:00,20,0.0,0.0,0.0
2026-01-19 20:00:00,21,0.0,0.0,0.0
2026-01-19 21:00:00,22,0.0,0.0,0.0
2026-01-19 22:00:00,23,0.0,0.0,0.0
2026-01-19 23:00:00,24,0.0,0.0,0.0
2026-01-20 00:00:00,1,0.0,0.0,0.0
2026-01-20 01:00:00,2,0.0,0.0,0.0
2026-01-20 02:00:00,3,0.0,0.0,0.0
2026-01-20 03:00:00,4,0.0,0.0,0.0
2026-01-20 04:00:00,5,0.0,0.0,0.0
2026-01-20 05:00:00,6,0.0,0.0,0.0
2026-01-20 06:00:00,7,0.0,0.0,0.0
2026-01-20 07:00:00,8,0.0024,2.4,2.4
2026-01-20 08:00:00,9,0.051912999999999994,51.913,51.913
2026-01-20 09:00:00,10,0.32852,328.52,328.52
2026-01-20 10:00:00,11,1.3869679999999998,1386.9679999999998,1386.9679999999998
2026-01-20 11:00:00,12,2.601529,2601.529,2601.529
2026-01-20 12:00:00,13,2.945013,2945.013,2945.013
2026-01-20 13:00:00,14,5.723263,5723.263,5723.263
2026-01-20 14:00:00,15,7.467782000000001,7467.782,7467.782
2026-01-20 15:00:00,16,0.695381,695.381,695.381
2026-01-20 16:00:00,17,0.071716,71.71600000000001,71.71600000000001
2026-01-20 17:00:00,18,0.0,0.0,0.0
2026-01-20 18:00:00,19,0.0,0.0,0.0
2026-01-20 19:00:00,20,0.0,0.0,0.0
2026-01-20 20:00:00,21,0.0,0.0,0.0
2026-01-20 21:00:00,22,0.0,0.0,0.0
2026-01-20 22:00:00,23,0.0,0.0,0.0
2026-01-20 23:00:00,24,0.0,0.0,0.0
2026-01-21 00:00:00,1,0.0,0.0,0.0
2026-01-21 01:00:00,2,0.0,0.0,0.0
2026-01-21 02:00:00,3,0.0,0.0,0.0
2026-01-21 03:00:00,4,0.0,0.0,0.0
2026-01-21 04:00:00,5,0.0,0.0,0.0
2026-01-21 05:00:00,6,0.0,0.0,0.0
2026-01-21 06:00:00,7,0.0,0.0,0.0
2026-01-21 07:00:00,8,0.0021286799999999995,2.1286799999999997,2.1286799999999997
2026-01-21 08:00:00,9,0.04516876,45.16876,45.16876
2026-01-21 09:00:00,10,0.33780200000000005,337.802,337.802
2026-01-21 10:00:00,11,1.531555,1531.555,1531.555
2026-01-21 11:00:00,12,0.811215,811.215,811.215
2026-01-21 12:00:00,13,1.007716,1007.7160000000001,1007.7160000000001
2026-01-21 13:00:00,14,1.584308,1584.308,1584.308
2026-01-21 14:00:00,15,2.395795,2395.795,2395.795
2026-01-21 15:00:00,16,0.172669,172.66899999999998,172.66899999999998
2026-01-21 16:00:00,17,0.019968,19.968,19.968
2026-01-21 17:00:00,18,0.000315,0.315,0.315
2026-01-21 18:00:00,19,0.0,0.0,0.0
2026-01-21 19:00:00,20,0.0,0.0,0.0
2026-01-21 20:00:00,21,0.0,0.0,0.0
2026-01-21 21:00:00,22,0.0,0.0,0.0
2026-01-21 22:00:00,23,0.0,0.0,0.0
2026-01-21 23:00:00,24,0.0,0.0,0.0
2026-01-22 00:00:00,1,0.0,0.0,0.0
2026-01-22 01:00:00,2,0.0,0.0,0.0
2026-01-22 02:00:00,3,0.0,0.0,0.0
2026-01-22 03:00:00,4,0.0,0.0,0.0
2026-01-22 04:00:00,5,0.0,0.0,0.0
2026-01-22 05:00:00,6,0.0,0.0,0.0
2026-01-22 06:00:00,7,0.0,0.0,0.0
2026-01-22 07:00:00,8,0.007036000000000001,7.0360000000000005,7.0360000000000005
2026-01-22 08:00:00,9,0.133239,133.239,133.239
2026-01-22 09:00:00,10,0.428613,428.613,428.613
2026-01-22 10:00:00,11,1.1346129999999999,1134.6129999999998,1134.6129999999998
2026-01-22 11:00:00,12,2.910384,2910.384,2910.384
2026-01-22 12:00:00,13,2.0643629999999997,2064.363,2064.363
2026-01-22 13:00:00,14,1.6730410000000002,1673.0410000000002,1673.0410000000002
2026-01-22 14:00:00,15,5.803132000000001,5803.1320000000005,5803.1320000000005
2026-01-22 15:00:00,16,7.042832000000001,7042.832,7042.832
2026-01-22 16:00:00,17,1.3487470000000001,1348.747,1348.747
2026-01-22 17:00:00,18,0.004374,4.3740000000000006,4.3740000000000006
2026-01-22 18:00:00,19,0.0,0.0,0.0
2026-01-22 19:00:00,20,0.0,0.0,0.0
2026-01-22 20:00:00,21,0.0,0.0,0.0
2026-01-22 21:00:00,22,0.0,0.0,0.0
2026-01-22 22:00:00,23,0.0,0.0,0.0
2026-01-22 23:00:00,24,0.0,0.0,0.0
2026-01-23 00:00:00,1,0.0,0.0,0.0
2026-01-23 01:00:00,2,0.0,0.0,0.0
2026-01-23 02:00:00,3,0.0,0.0,0.0
2026-01-23 03:00:00,4,0.0,0.0,0.0
2026-01-23 04:00:00,5,0.0,0.0,0.0
2026-01-23 05:00:00,6,0.0,0.0,0.0
2026-01-23 06:00:00,7,0.0,0.0,0.0
2026-01-23 07:00:00,8,0.0031500799999999995,3.1500799999999995,3.1500799999999995
2026-01-23 08:00:00,9,0.03642091,36.42091,36.42091
2026-01-23 09:00:00,10,0.24064206999999999,240.64207,240.64207
2026-01-23 10:00:00,11,0.68948385,689.48385,689.48385
2026-01-23 11:00:00,12,0.69877601,698.77601,698.77601
2026-01-23 12:00:00,13,0.74410079,744.10079,744.10079
2026-01-23 13:00:00,14,0.54484234,544.84234,544.84234
2026-01-23 14:00:00,15,0.26692539,266.92539,266.92539
2026-01-23 15:00:00,16,0.054002539999999995,54.002539999999996,54.002539999999996
2026-01-23 16:00:00,17,0.012817819999999999,12.81782,12.81782
2026-01-23 17:00:00,18,0.000425,0.425,0.425
2026-01-23 18:00:00,19,0.0,0.0,0.0
2026-01-23 19:00:00,20,0.0,0.0,0.0
2026-01-23 20:00:00,21,0.0,0.0,0.0
2026-01-23 21:00:00,22,0.0,0.0,0.0
2026-01-23 22:00:00,23,0.0,0.0,0.0
2026-01-23 23:00:00,24,0.0,0.0,0.0
2026-01-24 00:00:00,1,0.0,0.0,0.0
2026-01-24 01:00:00,2,0.0,0.0,0.0
2026-01-24 02:00:00,3,0.0,0.0,0.0
2026-01-24 03:00:00,4,0.0,0.0,0.0
2026-01-24 04:00:00,5,0.0,0.0,0.0
2026-01-24 05:00:00,6,0.0,0.0,0.0
2026-01-24 06:00:00,7,0.0,0.0,0.0
2026-01-24 07:00:00,8,0.012790999999999999,12.790999999999999,12.790999999999999
2026-01-24 08:00:00,9,2.3216080000000003,2321.608,2321.608
2026-01-24 09:00:00,10,8.01513993,8015.13993,8015.13993
2026-01-24 10:00:00,11,13.82463397,13824.63397,13824.63397
2026-01-24 11:00:00,12,18.34938682,18349.38682,18349.38682
2026-01-24 12:00:00,13,20.43058265,20430.58265,20430.58265
2026-01-24 13:00:00,14,19.558329080000004,19558.329080000003,19558.329080000003
2026-01-24 14:00:00,15,15.51736741,15517.36741,15517.36741
2026-01-24 15:00:00,16,8.94155212,8941.55212,8941.55212
2026-01-24 16:00:00,17,2.27782801,2277.8280099999997,2277.8280099999997
2026-01-24 17:00:00,18,0.00939333,9.39333,9.39333
2026-01-24 18:00:00,19,0.0,0.0,0.0
2026-01-24 19:00:00,20,0.0,0.0,0.0
2026-01-24 20:00:00,21,0.0,0.0,0.0
2026-01-24 21:00:00,22,0.0,0.0,0.0
2026-01-24 22:00:00,23,0.0,0.0,0.0
2026-01-24 23:00:00,24,0.0,0.0,0.0
2026-01-25 00:00:00,1,0.0,0.0,0.0
2026-01-25 01:00:00,2,0.0,0.0,0.0
2026-01-25 02:00:00,3,0.0,0.0,0.0
2026-01-25 03:00:00,4,0.0,0.0,0.0
2026-01-25 04:00:00,5,0.0,0.0,0.0
2026-01-25 05:00:00,6,0.0,0.0,0.0
2026-01-25 06:00:00,7,0.0,0.0,0.0
2026-01-25 07:00:00,8,0.011045,11.045,11.045
2026-01-25 08:00:00,9,0.12828,128.28,128.28
2026-01-25 09:00:00,10,0.22415405000000002,224.15405,224.15405
2026-01-25 10:00:00,11,0.41482006,414.82006,414.82006
2026-01-25 11:00:00,12,3.13613027,3136.13027,3136.13027
2026-01-25 12:00:00,13,7.7667182,7766.718199999999,7766.718199999999
2026-01-25 13:00:00,14,6.29928235,6299.28235,6299.28235
2026-01-25 14:00:00,15,1.79524418,1795.2441800000001,1795.2441800000001
2026-01-25 15:00:00,16,0.71723982,717.23982,717.23982
2026-01-25 16:00:00,17,0.04590226000000001,45.902260000000005,45.902260000000005
2026-01-25 17:00:00,18,0.0009640000000000001,0.9640000000000001,0.9640000000000001
2026-01-25 18:00:00,19,0.0,0.0,0.0
2026-01-25 19:00:00,20,0.0,0.0,0.0
2026-01-25 20:00:00,21,0.0,0.0,0.0
2026-01-25 21:00:00,22,0.0,0.0,0.0
2026-01-25 22:00:00,23,0.0,0.0,0.0
2026-01-25 23:00:00,24,0.0,0.0,0.0
2026-01-26 00:00:00,1,0.0,0.0,0.0
2026-01-26 01:00:00,2,0.0,0.0,0.0
2026-01-26 02:00:00,3,0.0,0.0,0.0
2026-01-26 03:00:00,4,0.0,0.0,0.0
2026-01-26 04:00:00,5,0.0,0.0,0.0
2026-01-26 05:00:00,6,0.0,0.0,0.0
2026-01-26 06:00:00,7,0.0,0.0,0.0
2026-01-26 07:00:00,8,0.0,0.0,0.0
2026-01-26 08:00:00,9,5.1000000000000006e-05,0.051000000000000004,0.051000000000000004
2026-01-26 09:00:00,10,0.001658,1.658,1.658
2026-01-26 10:00:00,11,0.005032,5.032,5.032
2026-01-26 11:00:00,12,0.010471999999999999,10.472,10.472
2026-01-26 12:00:00,13,0.010884,10.884,10.884
2026-01-26 13:00:00,14,0.011084,11.084,11.084
2026-01-26 14:00:00,15,0.008324999999999999,8.325,8.325
2026-01-26 15:00:00,16,0.004522,4.522,4.522
2026-01-26 16:00:00,17,0.0017259999999999999,1.726,1.726
2026-01-26 17:00:00,18,4e-06,0.004,0.004
2026-01-26 18:00:00,19,0.0,0.0,0.0
2026-01-26 19:00:00,20,0.0,0.0,0.0
2026-01-26 20:00:00,21,0.0,0.0,0.0
2026-01-26 21:00:00,22,0.0,0.0,0.0
2026-01-26 22:00:00,23,0.0,0.0,0.0
2026-01-26 23:00:00,24,0.0,0.0,0.0
2026-01-27 00:00:00,1,0.0,0.0,0.0
2026-01-27 01:00:00,2,0.0,0.0,0.0
2026-01-27 02:00:00,3,0.0,0.0,0.0
2026-01-27 03:00:00,4,0.0,0.0,0.0
2026-01-27 04:00:00,5,0.0,0.0,0.0
2026-01-27 05:00:00,6,0.0,0.0,0.0
2026-01-27 06:00:00,7,0.0,0.0,0.0
2026-01-27 07:00:00,8,4e-05,0.04,0.04
2026-01-27 08:00:00,9,0.001693,1.693,1.693
2026-01-27 09:00:00,10,0.004986,4.986,4.986
2026-01-27 10:00:00,11,0.008345,8.345,8.345
2026-01-27 11:00:00,12,0.009622,9.622,9.622
2026-01-27 12:00:00,13,0.009866999999999999,9.866999999999999,9.866999999999999
2026-01-27 13:00:00,14,0.00908,9.08,9.08
2026-01-27 14:00:00,15,0.006632,6.632,6.632
2026-01-27 15:00:00,16,0.000814,0.8140000000000001,0.8140000000000001
2026-01-27 16:00:00,17,1.3000000000000001e-05,0.013000000000000001,0.013000000000000001
2026-01-27 17:00:00,18,0.0,0.0,0.0
2026-01-27 18:00:00,19,0.0,0.0,0.0
2026-01-27 19:00:00,20,0.0,0.0,0.0
2026-01-27 20:00:00,21,0.0,0.0,0.0
2026-01-27 21:00:00,22,0.0,0.0,0.0
2026-01-27 22:00:00,23,0.0,0.0,0.0
2026-01-27 23:00:00,24,0.0,0.0,0.0
2026-01-28 00:00:00,1,0.0,0.0,0.0
2026-01-28 01:00:00,2,0.0,0.0,0.0
2026-01-28 02:00:00,3,0.0,0.0,0.0
2026-01-28 03:00:00,4,0.0,0.0,0.0
2026-01-28 04:00:00,5,0.0,0.0,0.0
2026-01-28 05:00:00,6,0.0,0.0,0.0
2026-01-28 06:00:00,7,0.0,0.0,0.0
2026-01-28 07:00:00,8,0.00014600000000000003,0.14600000000000002,0.14600000000000002
2026-01-28 08:00:00,9,0.00287,2.87,2.87
2026-01-28 09:00:00,10,0.0050880000000000005,5.088,5.088
2026-01-28 10:00:00,11,0.009532,9.532,9.532
2026-01-28 11:00:00,12,0.009443,9.443,9.443
2026-01-28 12:00:00,13,0.010617,10.616999999999999,10.616999999999999
2026-01-28 13:00:00,14,0.010796,10.796,10.796
2026-01-28 14:00:00,15,0.009372,9.372,9.372
2026-01-28 15:00:00,16,0.0050089999999999996,5.0089999999999995,5.0089999999999995
2026-01-28 16:00:00,17,0.001514,1.514,1.514
2026-01-28 17:00:00,18,0.0,0.0,0.0
2026-01-28 18:00:00,19,0.0,0.0,0.0
2026-01-28 19:00:00,20,0.0,0.0,0.0
2026-01-28 20:00:00,21,0.0,0.0,0.0
2026-01-28 21:00:00,22,0.0,0.0,0.0
2026-01-28 22:00:00,23,0.0,0.0,0.0
2026-01-28 23:00:00,24,0.0,0.0,0.0
2026-01-29 00:00:00,1,0.0,0.0,0.0
2026-01-29 01:00:00,2,0.0,0.0,0.0
2026-01-29 02:00:00,3,0.0,0.0,0.0
2026-01-29 03:00:00,4,0.0,0.0,0.0
2026-01-29 04:00:00,5,0.0,0.0,0.0
2026-01-29 05:00:00,6,0.0,0.0,0.0
2026-01-29 06:00:00,7,0.0,0.0,0.0
2026-01-29 07:00:00,8,0.028166,28.166,28.166
2026-01-29 08:00:00,9,1.800974,1800.9740000000002,1800.9740000000002
2026-01-29 09:00:00,10,6.487536,6487.536,6487.536
2026-01-29 10:00:00,11,13.598296,13598.296,13598.296
2026-01-29 11:00:00,12,17.879463,17879.463,17879.463
2026-01-29 12:00:00,13,15.660154000000002,15660.154000000002,15660.154000000002
2026-01-29 13:00:00,14,16.117604,16117.604000000001,16117.604000000001
2026-01-29 14:00:00,15,15.081565000000001,15081.565,15081.565
2026-01-29 15:00:00,16,8.144566,8144.566,8144.566
2026-01-29 16:00:00,17,1.7413349999999999,1741.3349999999998,1741.3349999999998
2026-01-29 17:00:00,18,0.006143,6.143,6.143
2026-01-29 18:00:00,19,0.0,0.0,0.0
2026-01-29 19:00:00,20,0.0,0.0,0.0
2026-01-29 20:00:00,21,0.0,0.0,0.0
2026-01-29 21:00:00,22,0.0,0.0,0.0
2026-01-29 22:00:00,23,0.0,0.0,0.0
2026-01-29 23:00:00,24,0.0,0.0,0.0
2026-01-30 00:00:00,1,0.0,0.0,0.0
2026-01-30 01:00:00,2,0.0,0.0,0.0
2026-01-30 02:00:00,3,0.0,0.0,0.0
2026-01-30 03:00:00,4,0.0,0.0,0.0
2026-01-30 04:00:00,5,0.0,0.0,0.0
2026-01-30 05:00:00,6,0.0,0.0,0.0
2026-01-30 06:00:00,7,0.0,0.0,0.0
2026-01-30 07:00:00,8,0.052921,52.921,52.921
2026-01-30 08:00:00,9,2.2126490000000003,2212.6490000000003,2212.6490000000003
2026-01-30 09:00:00,10,6.588692,6588.692,6588.692
2026-01-30 10:00:00,11,11.395202999999999,11395.203,11395.203
2026-01-30 11:00:00,12,10.426583,10426.583,10426.583
2026-01-30 12:00:00,13,13.14461052,13144.61052,13144.61052
2026-01-30 13:00:00,14,15.22510369,15225.10369,15225.10369
2026-01-30 14:00:00,15,11.83422562,11834.22562,11834.22562
2026-01-30 15:00:00,16,6.7627941499999995,6762.79415,6762.79415
2026-01-30 16:00:00,17,1.4225690299999998,1422.5690299999999,1422.5690299999999
2026-01-30 17:00:00,18,0.005618,5.617999999999999,5.617999999999999
2026-01-30 18:00:00,19,0.0,0.0,0.0
2026-01-30 19:00:00,20,0.0,0.0,0.0
2026-01-30 20:00:00,21,0.0,0.0,0.0
2026-01-30 21:00:00,22,0.0,0.0,0.0
2026-01-30 22:00:00,23,0.0,0.0,0.0
2026-01-30 23:00:00,24,0.0,0.0,0.0
2026-01-31 00:00:00,1,0.0,0.0,0.0
2026-01-31 01:00:00,2,0.0,0.0,0.0
2026-01-31 02:00:00,3,0.0,0.0,0.0
2026-01-31 03:00:00,4,0.0,0.0,0.0
2026-01-31 04:00:00,5,0.0,0.0,0.0
2026-01-31 05:00:00,6,0.0,0.0,0.0
2026-01-31 06:00:00,7,0.0,0.0,0.0
2026-01-31 07:00:00,8,0.016751,16.750999999999998,16.750999999999998
2026-01-31 08:00:00,9,0.938609,938.609,938.609
2026-01-31 09:00:00,10,4.1438162300000005,4143.81623,4143.81623
2026-01-31 10:00:00,11,10.73206356,10732.06356,10732.06356
2026-01-31 11:00:00,12,16.72228802,16722.28802,16722.28802
2026-01-31 12:00:00,13,17.51449516,17514.49516,17514.49516
2026-01-31 13:00:00,14,13.25720412,13257.20412,13257.20412
2026-01-31 14:00:00,15,9.42831706,9428.31706,9428.31706
2026-01-31 15:00:00,16,4.81358836,4813.58836,4813.58836
2026-01-31 16:00:00,17,0.59330668,593.30668,593.30668
2026-01-31 17:00:00,18,0.006423,6.423,6.423
2026-01-31 18:00:00,19,0.0,0.0,0.0
2026-01-31 19:00:00,20,0.0,0.0,0.0
2026-01-31 20:00:00,21,0.0,0.0,0.0
2026-01-31 21:00:00,22,0.0,0.0,0.0
2026-01-31 22:00:00,23,0.0,0.0,0.0
2026-01-31 23:00:00,24,0.0,0.0,0.0
2026-02-01 00:00:00,1,0.0,0.0,0.0
2026-02-01 01:00:00,2,0.0,0.0,0.0
2026-02-01 02:00:00,3,0.0,0.0,0.0
2026-02-01 03:00:00,4,0.0,0.0,0.0
2026-02-01 04:00:00,5,0.0,0.0,0.0
2026-02-01 05:00:00,6,0.0,0.0,0.0
2026-02-01 06:00:00,7,0.0,0.0,0.0
2026-02-01 07:00:00,8,0.17309044,173.09044,173.09044
2026-02-01 08:00:00,9,2.6128056,2612.8056,2612.8056
2026-02-01 09:00:00,10,5.946296,5946.296,5946.296
2026-02-01 10:00:00,11,13.304594,13304.594,13304.594
2026-02-01 11:00:00,12,18.373628,18373.628,18373.628
2026-02-01 12:00:00,13,20.307209000000004,20307.209000000003,20307.209000000003
2026-02-01 13:00:00,14,17.193197,17193.197,17193.197
2026-02-01 14:00:00,15,11.103174000000001,11103.174,11103.174
2026-02-01 15:00:00,16,6.012296,6012.296,6012.296
2026-02-01 16:00:00,17,1.2976880000000002,1297.688,1297.688
2026-02-01 17:00:00,18,0.021075000000000003,21.075000000000003,21.075000000000003
2026-02-01 18:00:00,19,0.0,0.0,0.0
2026-02-01 19:00:00,20,0.0,0.0,0.0
2026-02-01 20:00:00,21,0.0,0.0,0.0
2026-02-01 21:00:00,22,0.0,0.0,0.0
2026-02-01 22:00:00,23,0.0,0.0,0.0
2026-02-01 23:00:00,24,0.0,0.0,0.0
2026-02-02 00:00:00,1,0.0,0.0,0.0
2026-02-02 01:00:00,2,0.0,0.0,0.0
2026-02-02 02:00:00,3,0.0,0.0,0.0
2026-02-02 03:00:00,4,0.0,0.0,0.0
2026-02-02 04:00:00,5,0.0,0.0,0.0
2026-02-02 05:00:00,6,0.0,0.0,0.0
2026-02-02 06:00:00,7,0.0,0.0,0.0
2026-02-02 07:00:00,8,0.184264,184.264,184.264
2026-02-02 08:00:00,9,3.127477,3127.477,3127.477
2026-02-02 09:00:00,10,8.865016879999999,8865.01688,8865.01688
2026-02-02 10:00:00,11,14.800987880000001,14800.98788,14800.98788
2026-02-02 11:00:00,12,19.54152428,19541.52428,19541.52428
2026-02-02 12:00:00,13,21.43829118,21438.29118,21438.29118
2026-02-02 13:00:00,14,20.39614365,20396.143649999998,20396.143649999998
2026-02-02 14:00:00,15,16.37827758,16378.27758,16378.27758
2026-02-02 15:00:00,16,9.73149745,9731.49745,9731.49745
2026-02-02 16:00:00,17,2.73523177,2735.23177,2735.23177
2026-02-02 17:00:00,18,0.004819,4.819,4.819
2026-02-02 18:00:00,19,0.0,0.0,0.0
2026-02-02 19:00:00,20,0.0,0.0,0.0
2026-02-02 20:00:00,21,0.0,0.0,0.0
2026-02-02 21:00:00,22,0.0,0.0,0.0
2026-02-02 22:00:00,23,0.0,0.0,0.0
2026-02-02 23:00:00,24,0.0,0.0,0.0
2026-02-03 00:00:00,1,0.0,0.0,0.0
2026-02-03 01:00:00,2,0.0,0.0,0.0
2026-02-03 02:00:00,3,0.0,0.0,0.0
2026-02-03 03:00:00,4,0.0,0.0,0.0
2026-02-03 04:00:00,5,0.0,0.0,0.0
2026-02-03 05:00:00,6,0.0,0.0,0.0
2026-02-03 06:00:00,7,0.0,0.0,0.0
2026-02-03 07:00:00,8,0.07989472,79.89472,79.89472
2026-02-03 08:00:00,9,2.5215499099999996,2521.5499099999997,2521.5499099999997
2026-02-03 09:00:00,10,8.58407888,8584.07888,8584.07888
2026-02-03 10:00:00,11,14.964501489999998,14964.501489999999,14964.501489999999
2026-02-03 11:00:00,12,19.835781089999998,19835.781089999997,19835.781089999997
2026-02-03 12:00:00,13,22.10669727,22106.69727,22106.69727
2026-02-03 13:00:00,14,20.870268,20870.268,20870.268
2026-02-03 14:00:00,15,17.054912,17054.912,17054.912
2026-02-03 15:00:00,16,9.675361,9675.361,9675.361
2026-02-03 16:00:00,17,2.26577,2265.77,2265.77
2026-02-03 17:00:00,18,0.020592,20.592,20.592
2026-02-03 18:00:00,19,0.0,0.0,0.0
2026-02-03 19:00:00,20,0.0,0.0,0.0
2026-02-03 20:00:00,21,0.0,0.0,0.0
2026-02-03 21:00:00,22,0.0,0.0,0.0
2026-02-03 22:00:00,23,0.0,0.0,0.0
2026-02-03 23:00:00,24,0.0,0.0,0.0
2026-02-04 00:00:00,1,0.0,0.0,0.0
2026-02-04 01:00:00,2,0.0,0.0,0.0
2026-02-04 02:00:00,3,0.0,0.0,0.0
2026-02-04 03:00:00,4,0.0,0.0,0.0
2026-02-04 04:00:00,5,0.0,0.0,0.0
2026-02-04 05:00:00,6,0.0,0.0,0.0
2026-02-04 06:00:00,7,0.0,0.0,0.0
2026-02-04 07:00:00,8,0.160702,160.702,160.702
2026-02-04 08:00:00,9,3.049089,3049.089,3049.089
2026-02-04 09:00:00,10,8.852116,8852.116,8852.116
2026-02-04 10:00:00,11,15.280235000000001,15280.235,15280.235
2026-02-04 11:00:00,12,20.009101,20009.101000000002,20009.101000000002
2026-02-04 12:00:00,13,21.956169999999997,21956.17,21956.17
2026-02-04 13:00:00,14,20.754072,20754.072,20754.072
2026-02-04 14:00:00,15,16.633958,16633.958,16633.958
2026-02-04 15:00:00,16,10.050824,10050.824,10050.824
2026-02-04 16:00:00,17,3.026384,3026.384,3026.384
2026-02-04 17:00:00,18,0.049069999999999996,49.06999999999999,49.06999999999999
2026-02-04 18:00:00,19,0.0,0.0,0.0
2026-02-04 19:00:00,20,0.0,0.0,0.0
2026-02-04 20:00:00,21,0.0,0.0,0.0
2026-02-04 21:00:00,22,0.0,0.0,0.0
2026-02-04 22:00:00,23,0.0,0.0,0.0
2026-02-04 23:00:00,24,0.0,0.0,0.0
2026-02-05 00:00:00,1,0.0,0.0,0.0
2026-02-05 01:00:00,2,0.0,0.0,0.0
2026-02-05 02:00:00,3,0.0,0.0,0.0
2026-02-05 03:00:00,4,0.0,0.0,0.0
2026-02-05 04:00:00,5,0.0,0.0,0.0
2026-02-05 05:00:00,6,0.0,0.0,0.0
2026-02-05 06:00:00,7,0.0,0.0,0.0
2026-02-05 07:00:00,8,0.21096600000000001,210.966,210.966
2026-02-05 08:00:00,9,3.3755249999999997,3375.5249999999996,3375.5249999999996
2026-02-05 09:00:00,10,9.36836893,9368.36893,9368.36893
2026-02-05 10:00:00,11,15.657372010000001,15657.372010000001,15657.372010000001
2026-02-05 11:00:00,12,20.399619350000002,20399.61935,20399.61935
2026-02-05 12:00:00,13,22.46322146,22463.22146,22463.22146
2026-02-05 13:00:00,14,21.39263164,21392.63164,21392.63164
2026-02-05 14:00:00,15,17.34380458,17343.80458,17343.80458
2026-02-05 15:00:00,16,10.51809107,10518.09107,10518.09107
2026-02-05 16:00:00,17,3.1712107699999996,3171.2107699999997,3171.2107699999997
2026-02-05 17:00:00,18,0.018885,18.884999999999998,18.884999999999998
2026-02-05 18:00:00,19,0.0,0.0,0.0
2026-02-05 19:00:00,20,0.0,0.0,0.0
2026-02-05 20:00:00,21,0.0,0.0,0.0
2026-02-05 21:00:00,22,0.0,0.0,0.0
2026-02-05 22:00:00,23,0.0,0.0,0.0
2026-02-05 23:00:00,24,0.0,0.0,0.0
2026-02-06 00:00:00,1,0.0,0.0,0.0
2026-02-06 01:00:00,2,0.0,0.0,0.0
2026-02-06 02:00:00,3,0.0,0.0,0.0
2026-02-06 03:00:00,4,0.0,0.0,0.0
2026-02-06 04:00:00,5,0.0,0.0,0.0
2026-02-06 05:00:00,6,0.0,0.0,0.0
2026-02-06 06:00:00,7,0.0,0.0,0.0
2026-02-06 07:00:00,8,0.01484894,14.848939999999999,14.848939999999999
2026-02-06 08:00:00,9,0.28956053,289.56052999999997,289.56052999999997
2026-02-06 09:00:00,10,3.513265,3513.265,3513.265
2026-02-06 10:00:00,11,12.345637329999999,12345.63733,12345.63733
2026-02-06 11:00:00,12,19.76238033,19762.38033,19762.38033
2026-02-06 12:00:00,13,20.510753,20510.753,20510.753
2026-02-06 13:00:00,14,18.345085339999997,18345.085339999998,18345.085339999998
2026-02-06 14:00:00,15,15.688319,15688.319,15688.319
2026-02-06 15:00:00,16,8.523733,8523.733,8523.733
2026-02-06 16:00:00,17,2.81394699,2813.94699,2813.94699
2026-02-06 17:00:00,18,0.039871,39.870999999999995,39.870999999999995
2026-02-06 18:00:00,19,0.0,0.0,0.0
2026-02-06 19:00:00,20,0.0,0.0,0.0
2026-02-06 20:00:00,21,0.0,0.0,0.0
2026-02-06 21:00:00,22,0.0,0.0,0.0
2026-02-06 22:00:00,23,0.0,0.0,0.0
2026-02-06 23:00:00,24,0.0,0.0,0.0
2026-02-07 00:00:00,1,0.0,0.0,0.0
2026-02-07 01:00:00,2,0.0,0.0,0.0
2026-02-07 02:00:00,3,0.0,0.0,0.0
2026-02-07 03:00:00,4,0.0,0.0,0.0
2026-02-07 04:00:00,5,0.0,0.0,0.0
2026-02-07 05:00:00,6,0.0,0.0,0.0
2026-02-07 06:00:00,7,0.0,0.0,0.0
2026-02-07 07:00:00,8,0.05350799999999999,53.507999999999996,53.507999999999996
2026-02-07 08:00:00,9,2.460766,2460.766,2460.766
2026-02-07 09:00:00,10,2.12164471,2121.64471,2121.64471
2026-02-07 10:00:00,11,9.369343270000002,9369.343270000001,9369.343270000001
2026-02-07 11:00:00,12,18.950995910000003,18950.99591,18950.99591
2026-02-07 12:00:00,13,20.19390466,20193.90466,20193.90466
2026-02-07 13:00:00,14,9.8033611,9803.3611,9803.3611
2026-02-07 14:00:00,15,9.09423619,9094.23619,9094.23619
2026-02-07 15:00:00,16,6.850607259999999,6850.60726,6850.60726
2026-02-07 16:00:00,17,2.17322731,2173.22731,2173.22731
2026-02-07 17:00:00,18,0.036479,36.479,36.479
2026-02-07 18:00:00,19,0.0,0.0,0.0
2026-02-07 19:00:00,20,0.0,0.0,0.0
2026-02-07 20:00:00,21,0.0,0.0,0.0
2026-02-07 21:00:00,22,0.0,0.0,0.0
2026-02-07 22:00:00,23,0.0,0.0,0.0
2026-02-07 23:00:00,24,0.0,0.0,0.0
2026-02-08 00:00:00,1,0.0,0.0,0.0
2026-02-08 01:00:00,2,0.0,0.0,0.0
2026-02-08 02:00:00,3,0.0,0.0,0.0
2026-02-08 03:00:00,4,0.0,0.0,0.0
2026-02-08 04:00:00,5,0.0,0.0,0.0
2026-02-08 05:00:00,6,0.0,0.0,0.0
2026-02-08 06:00:00,7,0.0,0.0,0.0
2026-02-08 07:00:00,8,0.283885,283.885,283.885
2026-02-08 08:00:00,9,3.7076480000000003,3707.648,3707.648
2026-02-08 09:00:00,10,7.495825,7495.825,7495.825
2026-02-08 10:00:00,11,14.604901000000002,14604.901000000002,14604.901000000002
2026-02-08 11:00:00,12,18.67751401,18677.51401,18677.51401
2026-02-08 12:00:00,13,19.740017330000004,19740.017330000002,19740.017330000002
2026-02-08 13:00:00,14,18.994430339999997,18994.43034,18994.43034
2026-02-08 14:00:00,15,8.17260334,8172.60334,8172.60334
2026-02-08 15:00:00,16,10.226790339999999,10226.79034,10226.79034
2026-02-08 16:00:00,17,2.0892636700000002,2089.2636700000003,2089.2636700000003
2026-02-08 17:00:00,18,0.011815999999999998,11.815999999999999,11.815999999999999
2026-02-08 18:00:00,19,0.0,0.0,0.0
2026-02-08 19:00:00,20,0.0,0.0,0.0
2026-02-08 20:00:00,21,0.0,0.0,0.0
2026-02-08 21:00:00,22,0.0,0.0,0.0
2026-02-08 22:00:00,23,0.0,0.0,0.0
2026-02-08 23:00:00,24,0.0,0.0,0.0
2026-02-09 00:00:00,1,0.0,0.0,0.0
2026-02-09 01:00:00,2,0.0,0.0,0.0
2026-02-09 02:00:00,3,0.0,0.0,0.0
2026-02-09 03:00:00,4,0.0,0.0,0.0
2026-02-09 04:00:00,5,0.0,0.0,0.0
2026-02-09 05:00:00,6,0.0,0.0,0.0
2026-02-09 06:00:00,7,0.0,0.0,0.0
2026-02-09 07:00:00,8,0.056845,56.845,56.845
2026-02-09 08:00:00,9,0.792355,792.355,792.355
2026-02-09 09:00:00,10,7.070151,7070.151,7070.151
2026-02-09 10:00:00,11,8.861025999999999,8861.026,8861.026
2026-02-09 11:00:00,12,8.675074,8675.074,8675.074
2026-02-09 12:00:00,13,9.742128000000001,9742.128,9742.128
2026-02-09 13:00:00,14,13.543026,13543.026,13543.026
2026-02-09 14:00:00,15,17.371875,17371.875,17371.875
2026-02-09 15:00:00,16,8.147576,8147.576,8147.576
2026-02-09 16:00:00,17,0.809756,809.7560000000001,809.7560000000001
2026-02-09 17:00:00,18,0.011696000000000002,11.696000000000002,11.696000000000002
2026-02-09 18:00:00,19,0.0,0.0,0.0
2026-02-09 19:00:00,20,0.0,0.0,0.0
2026-02-09 20:00:00,21,0.0,0.0,0.0
2026-02-09 21:00:00,22,0.0,0.0,0.0
2026-02-09 22:00:00,23,0.0,0.0,0.0
2026-02-09 23:00:00,24,0.0,0.0,0.0
2026-02-10 00:00:00,1,0.0,0.0,0.0
2026-02-10 01:00:00,2,0.0,0.0,0.0
2026-02-10 02:00:00,3,0.0,0.0,0.0
2026-02-10 03:00:00,4,0.0,0.0,0.0
2026-02-10 04:00:00,5,0.0,0.0,0.0
2026-02-10 05:00:00,6,0.0,0.0,0.0
2026-02-10 06:00:00,7,0.0,0.0,0.0
2026-02-10 07:00:00,8,0.026532,26.532,26.532
2026-02-10 08:00:00,9,0.7130049999999999,713.0049999999999,713.0049999999999
2026-02-10 09:00:00,10,1.489891,1489.891,1489.891
2026-02-10 10:00:00,11,6.489959,6489.959,6489.959
2026-02-10 11:00:00,12,12.811003,12811.002999999999,12811.002999999999
2026-02-10 12:00:00,13,11.361885999999998,11361.885999999999,11361.885999999999
2026-02-10 13:00:00,14,2.943973,2943.973,2943.973
2026-02-10 14:00:00,15,0.255636,255.636,255.636
2026-02-10 15:00:00,16,0.070451,70.451,70.451
2026-02-10 16:00:00,17,0.026701999999999997,26.701999999999998,26.701999999999998
2026-02-10 17:00:00,18,0.00344067,3.44067,3.44067
2026-02-10 18:00:00,19,0.0,0.0,0.0
2026-02-10 19:00:00,20,0.0,0.0,0.0
2026-02-10 20:00:00,21,0.0,0.0,0.0
2026-02-10 21:00:00,22,0.0,0.0,0.0
2026-02-10 22:00:00,23,0.0,0.0,0.0
2026-02-10 23:00:00,24,0.0,0.0,0.0
2026-02-11 00:00:00,1,0.0,0.0,0.0
2026-02-11 01:00:00,2,0.0,0.0,0.0
2026-02-11 02:00:00,3,0.0,0.0,0.0
2026-02-11 03:00:00,4,0.0,0.0,0.0
2026-02-11 04:00:00,5,0.0,0.0,0.0
2026-02-11 05:00:00,6,0.0,0.0,0.0
2026-02-11 06:00:00,7,0.0,0.0,0.0
2026-02-11 07:00:00,8,0.01349324,13.49324,13.49324
2026-02-11 08:00:00,9,0.12592208,125.92208,125.92208
2026-02-11 09:00:00,10,1.087178,1087.1779999999999,1087.1779999999999
2026-02-11 10:00:00,11,5.653465,5653.465,5653.465
2026-02-11 11:00:00,12,8.923782,8923.782,8923.782
2026-02-11 12:00:00,13,12.580021,12580.021,12580.021
2026-02-11 13:00:00,14,5.064265,5064.264999999999,5064.264999999999
2026-02-11 14:00:00,15,11.204295,11204.295,11204.295
2026-02-11 15:00:00,16,1.028745,1028.7450000000001,1028.7450000000001
2026-02-11 16:00:00,17,0.028685,28.685,28.685
2026-02-11 17:00:00,18,0.00499134,4.99134,4.99134
2026-02-11 18:00:00,19,0.0,0.0,0.0
2026-02-11 19:00:00,20,0.0,0.0,0.0
2026-02-11 20:00:00,21,0.0,0.0,0.0
2026-02-11 21:00:00,22,0.0,0.0,0.0
2026-02-11 22:00:00,23,0.0,0.0,0.0
2026-02-11 23:00:00,24,0.0,0.0,0.0
2026-02-12 00:00:00,1,0.0,0.0,0.0
2026-02-12 01:00:00,2,0.0,0.0,0.0
2026-02-12 02:00:00,3,0.0,0.0,0.0
2026-02-12 03:00:00,4,0.0,0.0,0.0
2026-02-12 04:00:00,5,0.0,0.0,0.0
2026-02-12 05:00:00,6,0.0,0.0,0.0
2026-02-12 06:00:00,7,0.0,0.0,0.0
2026-02-12 07:00:00,8,0.36383273,363.83272999999997,363.83272999999997
2026-02-12 08:00:00,9,4.04066282,4040.66282,4040.66282
2026-02-12 09:00:00,10,10.34038466,10340.38466,10340.38466
2026-02-12 10:00:00,11,17.176224329999997,17176.224329999997,17176.224329999997
2026-02-12 11:00:00,12,22.33969133,22339.69133,22339.69133
2026-02-12 12:00:00,13,24.404406329999997,24404.406329999998,24404.406329999998
2026-02-12 13:00:00,14,23.54907966,23549.07966,23549.07966
2026-02-12 14:00:00,15,19.398249340000003,19398.249340000002,19398.249340000002
2026-02-12 15:00:00,16,12.345519,12345.519,12345.519
2026-02-12 16:00:00,17,4.525897339999999,4525.8973399999995,4525.8973399999995
2026-02-12 17:00:00,18,0.20030932999999998,200.30933,200.30933
2026-02-12 18:00:00,19,0.0,0.0,0.0
2026-02-12 19:00:00,20,0.0,0.0,0.0
2026-02-12 20:00:00,21,0.0,0.0,0.0
2026-02-12 21:00:00,22,0.0,0.0,0.0
2026-02-12 22:00:00,23,0.0,0.0,0.0
2026-02-12 23:00:00,24,0.0,0.0,0.0
2026-02-13 00:00:00,1,0.0,0.0,0.0
2026-02-13 01:00:00,2,0.0,0.0,0.0
2026-02-13 02:00:00,3,0.0,0.0,0.0
2026-02-13 03:00:00,4,0.0,0.0,0.0
2026-02-13 04:00:00,5,0.0,0.0,0.0
2026-02-13 05:00:00,6,0.0,0.0,0.0
2026-02-13 06:00:00,7,0.0,0.0,0.0
2026-02-13 07:00:00,8,0.486112,486.11199999999997,486.11199999999997
2026-02-13 08:00:00,9,4.422858,4422.858,4422.858
2026-02-13 09:00:00,10,10.475952000000001,10475.952000000001,10475.952000000001
2026-02-13 10:00:00,11,17.005724,17005.724000000002,17005.724000000002
2026-02-13 11:00:00,12,21.513739,21513.739,21513.739
2026-02-13 12:00:00,13,23.467821,23467.821,23467.821
2026-02-13 13:00:00,14,23.11016,23110.16,23110.16
2026-02-13 14:00:00,15,19.308915000000002,19308.915,19308.915
2026-02-13 15:00:00,16,10.089756,10089.756,10089.756
2026-02-13 16:00:00,17,1.373367,1373.367,1373.367
2026-02-13 17:00:00,18,0.044754329999999995,44.754329999999996,44.754329999999996
2026-02-13 18:00:00,19,0.0,0.0,0.0
2026-02-13 19:00:00,20,0.0,0.0,0.0
2026-02-13 20:00:00,21,0.0,0.0,0.0
2026-02-13 21:00:00,22,0.0,0.0,0.0
2026-02-13 22:00:00,23,0.0,0.0,0.0
2026-02-13 23:00:00,24,0.0,0.0,0.0
2026-02-14 00:00:00,1,0.0,0.0,0.0
2026-02-14 01:00:00,2,0.0,0.0,0.0
2026-02-14 02:00:00,3,0.0,0.0,0.0
2026-02-14 03:00:00,4,0.0,0.0,0.0
2026-02-14 04:00:00,5,0.0,0.0,0.0
2026-02-14 05:00:00,6,0.0,0.0,0.0
2026-02-14 06:00:00,7,0.0,0.0,0.0
2026-02-14 07:00:00,8,0.27271799999999996,272.71799999999996,272.71799999999996
2026-02-14 08:00:00,9,1.93254233,1932.54233,1932.54233
2026-02-14 09:00:00,10,4.356358,4356.358,4356.358
2026-02-14 10:00:00,11,8.319863999999999,8319.864,8319.864
2026-02-14 11:00:00,12,12.521187000000001,12521.187000000002,12521.187000000002
2026-02-14 12:00:00,13,14.724562,14724.562,14724.562
2026-02-14 13:00:00,14,11.303784,11303.784,11303.784
2026-02-14 14:00:00,15,6.956499,6956.499,6956.499
2026-02-14 15:00:00,16,1.811396,1811.396,1811.396
2026-02-14 16:00:00,17,0.228314,228.314,228.314
2026-02-14 17:00:00,18,0.008527,8.527,8.527
2026-02-14 18:00:00,19,0.0,0.0,0.0
2026-02-14 19:00:00,20,0.0,0.0,0.0
2026-02-14 20:00:00,21,0.0,0.0,0.0
2026-02-14 21:00:00,22,0.0,0.0,0.0
2026-02-14 22:00:00,23,0.0,0.0,0.0
2026-02-14 23:00:00,24,0.0,0.0,0.0
2026-02-15 00:00:00,1,0.0,0.0,0.0
2026-02-15 01:00:00,2,0.0,0.0,0.0
2026-02-15 02:00:00,3,0.0,0.0,0.0
2026-02-15 03:00:00,4,0.0,0.0,0.0
2026-02-15 04:00:00,5,0.0,0.0,0.0
2026-02-15 05:00:00,6,0.0,0.0,0.0
2026-02-15 06:00:00,7,0.0,0.0,0.0
2026-02-15 07:00:00,8,0.557266,557.2660000000001,557.2660000000001
2026-02-15 08:00:00,9,4.774091,4774.091,4774.091
2026-02-15 09:00:00,10,10.87466522,10874.66522,10874.66522
2026-02-15 10:00:00,11,14.55562312,14555.62312,14555.62312
2026-02-15 11:00:00,12,18.62566879,18625.66879,18625.66879
2026-02-15 12:00:00,13,15.948436829999999,15948.436829999999,15948.436829999999
2026-02-15 13:00:00,14,4.2339386800000005,4233.93868,4233.93868
2026-02-15 14:00:00,15,4.73876538,4738.76538,4738.76538
2026-02-15 15:00:00,16,1.30582034,1305.82034,1305.82034
2026-02-15 16:00:00,17,1.32114167,1321.14167,1321.14167
2026-02-15 17:00:00,18,0.010761000000000001,10.761000000000001,10.761000000000001
2026-02-15 18:00:00,19,0.0,0.0,0.0
2026-02-15 19:00:00,20,0.0,0.0,0.0
2026-02-15 20:00:00,21,0.0,0.0,0.0
2026-02-15 21:00:00,22,0.0,0.0,0.0
2026-02-15 22:00:00,23,0.0,0.0,0.0
2026-02-15 23:00:00,24,0.0,0.0,0.0
2026-02-16 00:00:00,1,0.0,0.0,0.0
2026-02-16 01:00:00,2,0.0,0.0,0.0
2026-02-16 02:00:00,3,0.0,0.0,0.0
2026-02-16 03:00:00,4,0.0,0.0,0.0
2026-02-16 04:00:00,5,0.0,0.0,0.0
2026-02-16 05:00:00,6,0.0,0.0,0.0
2026-02-16 06:00:00,7,0.0,0.0,0.0
2026-02-16 07:00:00,8,0.001403,1.403,1.403
2026-02-16 08:00:00,9,0.01008,10.08,10.08
2026-02-16 09:00:00,10,0.01824933,18.24933,18.24933
2026-02-16 10:00:00,11,0.057478989999999994,57.478989999999996,57.478989999999996
2026-02-16 11:00:00,12,0.05416001,54.16001,54.16001
2026-02-16 12:00:00,13,0.26545366,265.45365999999996,265.45365999999996
2026-02-16 13:00:00,14,0.17839599,178.39599,178.39599
2026-02-16 14:00:00,15,0.10234299999999999,102.34299999999999,102.34299999999999
2026-02-16 15:00:00,16,0.139958,139.958,139.958
2026-02-16 16:00:00,17,0.01059267,10.59267,10.59267
2026-02-16 17:00:00,18,0.003722,3.722,3.722
2026-02-16 18:00:00,19,0.0,0.0,0.0
2026-02-16 19:00:00,20,0.0,0.0,0.0
2026-02-16 20:00:00,21,0.0,0.0,0.0
2026-02-16 21:00:00,22,0.0,0.0,0.0
2026-02-16 22:00:00,23,0.0,0.0,0.0
2026-02-16 23:00:00,24,0.0,0.0,0.0
2026-02-17 00:00:00,1,0.0,0.0,0.0
2026-02-17 01:00:00,2,0.0,0.0,0.0
2026-02-17 02:00:00,3,0.0,0.0,0.0
2026-02-17 03:00:00,4,0.0,0.0,0.0
2026-02-17 04:00:00,5,0.0,0.0,0.0
2026-02-17 05:00:00,6,0.0,0.0,0.0
2026-02-17 06:00:00,7,0.0,0.0,0.0
2026-02-17 07:00:00,8,0.0007080000000000001,0.7080000000000001,0.7080000000000001
2026-02-17 08:00:00,9,0.004214,4.2139999999999995,4.2139999999999995
2026-02-17 09:00:00,10,0.009526999999999999,9.527,9.527
2026-02-17 10:00:00,11,0.043283999999999996,43.284,43.284
2026-02-17 11:00:00,12,0.146267,146.267,146.267
2026-02-17 12:00:00,13,0.229815,229.815,229.815
2026-02-17 13:00:00,14,0.507209,507.209,507.209
2026-02-17 14:00:00,15,0.162481,162.481,162.481
2026-02-17 15:00:00,16,0.033004,33.004,33.004
2026-02-17 16:00:00,17,0.026535,26.535,26.535
2026-02-17 17:00:00,18,0.009195,9.195,9.195
2026-02-17 18:00:00,19,0.0,0.0,0.0
2026-02-17 19:00:00,20,0.0,0.0,0.0
2026-02-17 20:00:00,21,0.0,0.0,0.0
2026-02-17 21:00:00,22,0.0,0.0,0.0
2026-02-17 22:00:00,23,0.0,0.0,0.0
2026-02-17 23:00:00,24,0.0,0.0,0.0
2026-02-18 00:00:00,1,0.0,0.0,0.0
2026-02-18 01:00:00,2,0.0,0.0,0.0
2026-02-18 02:00:00,3,0.0,0.0,0.0
2026-02-18 03:00:00,4,0.0,0.0,0.0
2026-02-18 04:00:00,5,0.0,0.0,0.0
2026-02-18 05:00:00,6,0.0,0.0,0.0
2026-02-18 06:00:00,7,0.0,0.0,0.0
2026-02-18 07:00:00,8,0.4312292,431.2292,431.2292
2026-02-18 08:00:00,9,2.5283152,2528.3152,2528.3152
2026-02-18 09:00:00,10,5.1084022,5108.4021999999995,5108.4021999999995
2026-02-18 10:00:00,11,3.1880172000000004,3188.0172000000002,3188.0172000000002
2026-02-18 11:00:00,12,3.6891362,3689.1362,3689.1362
2026-02-18 12:00:00,13,4.5766892,4576.6892,4576.6892
2026-02-18 13:00:00,14,7.997271199999999,7997.271199999999,7997.271199999999
2026-02-18 14:00:00,15,5.7102992,5710.2991999999995,5710.2991999999995
2026-02-18 15:00:00,16,3.1510101999999995,3151.0101999999997,3151.0101999999997
2026-02-18 16:00:00,17,0.1813352,181.33520000000001,181.33520000000001
2026-02-18 17:00:00,18,0.023728000000000003,23.728,23.728
2026-02-18 18:00:00,19,0.0,0.0,0.0
2026-02-18 19:00:00,20,0.0,0.0,0.0
2026-02-18 20:00:00,21,0.0,0.0,0.0
2026-02-18 21:00:00,22,0.0,0.0,0.0
2026-02-18 22:00:00,23,0.0,0.0,0.0
2026-02-18 23:00:00,24,0.0,0.0,0.0
2026-02-19 00:00:00,1,0.0,0.0,0.0
2026-02-19 01:00:00,2,0.0,0.0,0.0
2026-02-19 02:00:00,3,0.0,0.0,0.0
2026-02-19 03:00:00,4,0.0,0.0,0.0
2026-02-19 04:00:00,5,0.0,0.0,0.0
2026-02-19 05:00:00,6,0.0,0.0,0.0
2026-02-19 06:00:00,7,0.0,0.0,0.0
2026-02-19 07:00:00,8,0.004828,4.827999999999999,4.827999999999999
2026-02-19 08:00:00,9,0.011573,11.573,11.573
2026-02-19 09:00:00,10,0.9711359199999999,971.1359199999999,971.1359199999999
2026-02-19 10:00:00,11,5.08961039,5089.61039,5089.61039
2026-02-19 11:00:00,12,5.15978496,5159.78496,5159.78496
2026-02-19 12:00:00,13,10.78320441,10783.20441,10783.20441
2026-02-19 13:00:00,14,12.21038218,12210.38218,12210.38218
2026-02-19 14:00:00,15,6.47035447,6470.35447,6470.35447
2026-02-19 15:00:00,16,4.99268411,4992.68411,4992.68411
2026-02-19 16:00:00,17,6.15034533,6150.34533,6150.34533
2026-02-19 17:00:00,18,0.38166500000000003,381.665,381.665
2026-02-19 18:00:00,19,0.0,0.0,0.0
2026-02-19 19:00:00,20,0.0,0.0,0.0
2026-02-19 20:00:00,21,0.0,0.0,0.0
2026-02-19 21:00:00,22,0.0,0.0,0.0
2026-02-19 22:00:00,23,0.0,0.0,0.0
2026-02-19 23:00:00,24,0.0,0.0,0.0
2026-02-20 00:00:00,1,0.0,0.0,0.0
2026-02-20 01:00:00,2,0.0,0.0,0.0
2026-02-20 02:00:00,3,0.0,0.0,0.0
2026-02-20 03:00:00,4,0.0,0.0,0.0
2026-02-20 04:00:00,5,0.0,0.0,0.0
2026-02-20 05:00:00,6,0.0,0.0,0.0
2026-02-20 06:00:00,7,0.0,0.0,0.0
2026-02-20 07:00:00,8,0.7097330000000001,709.7330000000001,709.7330000000001
2026-02-20 08:00:00,9,5.071586999999999,5071.5869999999995,5071.5869999999995
2026-02-20 09:00:00,10,11.698300000000001,11698.300000000001,11698.300000000001
2026-02-20 10:00:00,11,16.890347000000002,16890.347,16890.347
2026-02-20 11:00:00,12,21.702409,21702.409,21702.409
2026-02-20 12:00:00,13,17.9562,17956.2,17956.2
2026-02-20 13:00:00,14,15.368675,15368.675,15368.675
2026-02-20 14:00:00,15,13.568147000000002,13568.147,13568.147
2026-02-20 15:00:00,16,5.876137000000001,5876.137000000001,5876.137000000001
2026-02-20 16:00:00,17,1.316926,1316.926,1316.926
2026-02-20 17:00:00,18,0.5833160000000001,583.316,583.316
2026-02-20 18:00:00,19,0.0,0.0,0.0
2026-02-20 19:00:00,20,0.0,0.0,0.0
2026-02-20 20:00:00,21,0.0,0.0,0.0
2026-02-20 21:00:00,22,0.0,0.0,0.0
2026-02-20 22:00:00,23,0.0,0.0,0.0
2026-02-20 23:00:00,24,0.0,0.0,0.0
2026-02-21 00:00:00,1,0.0,0.0,0.0
2026-02-21 01:00:00,2,0.0,0.0,0.0
2026-02-21 02:00:00,3,0.0,0.0,0.0
2026-02-21 03:00:00,4,0.0,0.0,0.0
2026-02-21 04:00:00,5,0.0,0.0,0.0
2026-02-21 05:00:00,6,0.0,0.0,0.0
2026-02-21 06:00:00,7,0.0,0.0,0.0
2026-02-21 07:00:00,8,0.268195,268.195,268.195
2026-02-21 08:00:00,9,2.591928,2591.928,2591.928
2026-02-21 09:00:00,10,5.75538267,5755.38267,5755.38267
2026-02-21 10:00:00,11,16.391965329999998,16391.96533,16391.96533
2026-02-21 11:00:00,12,17.07225133,17072.25133,17072.25133
2026-02-21 12:00:00,13,22.640212,22640.212,22640.212
2026-02-21 13:00:00,14,23.882046340000002,23882.04634,23882.04634
2026-02-21 14:00:00,15,19.36332833,19363.32833,19363.32833
2026-02-21 15:00:00,16,5.89346734,5893.46734,5893.46734
2026-02-21 16:00:00,17,5.91594733,5915.94733,5915.94733
2026-02-21 17:00:00,18,0.465563,465.563,465.563
2026-02-21 18:00:00,19,0.0,0.0,0.0
2026-02-21 19:00:00,20,0.0,0.0,0.0
2026-02-21 20:00:00,21,0.0,0.0,0.0
2026-02-21 21:00:00,22,0.0,0.0,0.0
2026-02-21 22:00:00,23,0.0,0.0,0.0
2026-02-21 23:00:00,24,0.0,0.0,0.0
2026-02-22 00:00:00,1,0.0,0.0,0.0
2026-02-22 01:00:00,2,0.0,0.0,0.0
2026-02-22 02:00:00,3,0.0,0.0,0.0
2026-02-22 03:00:00,4,0.0,0.0,0.0
2026-02-22 04:00:00,5,0.0,0.0,0.0
2026-02-22 05:00:00,6,0.0,0.0,0.0
2026-02-22 06:00:00,7,0.0,0.0,0.0
2026-02-22 07:00:00,8,0.6553433299999999,655.3433299999999,655.3433299999999
2026-02-22 08:00:00,9,5.66917767,5669.17767,5669.17767
2026-02-22 09:00:00,10,12.11489301,12114.89301,12114.89301
2026-02-22 10:00:00,11,18.727611669999998,18727.61167,18727.61167
2026-02-22 11:00:00,12,23.21149966,23211.49966,23211.49966
2026-02-22 12:00:00,13,24.17683433,24176.834329999998,24176.834329999998
2026-02-22 13:00:00,14,23.30930933,23309.30933,23309.30933
2026-02-22 14:00:00,15,20.677374670000003,20677.37467,20677.37467
2026-02-22 15:00:00,16,13.040322,13040.322,13040.322
2026-02-22 16:00:00,17,5.368403669999999,5368.40367,5368.40367
2026-02-22 17:00:00,18,0.113005,113.005,113.005
2026-02-22 18:00:00,19,0.0,0.0,0.0
2026-02-22 19:00:00,20,0.0,0.0,0.0
2026-02-22 20:00:00,21,0.0,0.0,0.0
2026-02-22 21:00:00,22,0.0,0.0,0.0
2026-02-22 22:00:00,23,0.0,0.0,0.0
2026-02-22 23:00:00,24,0.0,0.0,0.0
2026-02-23 00:00:00,1,0.0,0.0,0.0
2026-02-23 01:00:00,2,0.0,0.0,0.0
2026-02-23 02:00:00,3,0.0,0.0,0.0
2026-02-23 03:00:00,4,0.0,0.0,0.0
2026-02-23 04:00:00,5,0.0,0.0,0.0
2026-02-23 05:00:00,6,0.0,0.0,0.0
2026-02-23 06:00:00,7,0.00046399999999999995,0.46399999999999997,0.46399999999999997
2026-02-23 07:00:00,8,1.07450834,1074.5083399999999,1074.5083399999999
2026-02-23 08:00:00,9,3.7653956799999997,3765.3956799999996,3765.3956799999996
2026-02-23 09:00:00,10,7.7697931,7769.7931,7769.7931
2026-02-23 10:00:00,11,19.51414166,19514.14166,19514.14166
2026-02-23 11:00:00,12,22.078844120000003,22078.84412,22078.84412
2026-02-23 12:00:00,13,25.243729480000002,25243.72948,25243.72948
2026-02-23 13:00:00,14,19.37748243,19377.48243,19377.48243
2026-02-23 14:00:00,15,12.08972836,12089.728360000001,12089.728360000001
2026-02-23 15:00:00,16,2.5316241,2531.6241,2531.6241
2026-02-23 16:00:00,17,0.0891151,89.1151,89.1151
2026-02-23 17:00:00,18,0.011916,11.916,11.916
2026-02-23 18:00:00,19,0.0,0.0,0.0
2026-02-23 19:00:00,20,0.0,0.0,0.0
2026-02-23 20:00:00,21,0.0,0.0,0.0
2026-02-23 21:00:00,22,0.0,0.0,0.0
2026-02-23 22:00:00,23,0.0,0.0,0.0
2026-02-23 23:00:00,24,0.0,0.0,0.0
2026-02-24 00:00:00,1,0.0,0.0,0.0
2026-02-24 01:00:00,2,0.0,0.0,0.0
2026-02-24 02:00:00,3,0.0,0.0,0.0
2026-02-24 03:00:00,4,0.0,0.0,0.0
2026-02-24 04:00:00,5,0.0,0.0,0.0
2026-02-24 05:00:00,6,0.0,0.0,0.0
2026-02-24 06:00:00,7,0.000617,0.617,0.617
2026-02-24 07:00:00,8,0.00828233,8.28233,8.28233
2026-02-24 08:00:00,9,0.03546833,35.46833,35.46833
2026-02-24 09:00:00,10,0.17226134,172.26134000000002,172.26134000000002
2026-02-24 10:00:00,11,0.19182934000000001,191.82934,191.82934
2026-02-24 11:00:00,12,1.32174,1321.74,1321.74
2026-02-24 12:00:00,13,0.5861856599999999,586.18566,586.18566
2026-02-24 13:00:00,14,0.30277767,302.77767,302.77767
2026-02-24 14:00:00,15,0.09408433,94.08433,94.08433
2026-02-24 15:00:00,16,0.06368433999999999,63.68434,63.68434
2026-02-24 16:00:00,17,0.01568067,15.680670000000001,15.680670000000001
2026-02-24 17:00:00,18,0.002761,2.761,2.761
2026-02-24 18:00:00,19,0.0,0.0,0.0
2026-02-24 19:00:00,20,0.0,0.0,0.0
2026-02-24 20:00:00,21,0.0,0.0,0.0
2026-02-24 21:00:00,22,0.0,0.0,0.0
2026-02-24 22:00:00,23,0.0,0.0,0.0
2026-02-24 23:00:00,24,0.0,0.0,0.0
2026-02-25 00:00:00,1,0.0,0.0,0.0
2026-02-25 01:00:00,2,0.0,0.0,0.0
2026-02-25 02:00:00,3,0.0,0.0,0.0
2026-02-25 03:00:00,4,0.0,0.0,0.0
2026-02-25 04:00:00,5,0.0,0.0,0.0
2026-02-25 05:00:00,6,0.0,0.0,0.0
2026-02-25 06:00:00,7,0.001446,1.446,1.446
2026-02-25 07:00:00,8,0.021752,21.752,21.752
2026-02-25 08:00:00,9,0.066065,66.065,66.065
2026-02-25 09:00:00,10,0.143094,143.094,143.094
2026-02-25 10:00:00,11,0.8342339999999999,834.2339999999999,834.2339999999999
2026-02-25 11:00:00,12,1.8806939999999999,1880.694,1880.694
2026-02-25 12:00:00,13,13.003755000000002,13003.755000000001,13003.755000000001
2026-02-25 13:00:00,14,7.884615,7884.615,7884.615
2026-02-25 14:00:00,15,5.727314000000001,5727.314,5727.314
2026-02-25 15:00:00,16,5.066447,5066.447,5066.447
2026-02-25 16:00:00,17,0.643139,643.139,643.139
2026-02-25 17:00:00,18,0.021518000000000002,21.518,21.518
2026-02-25 18:00:00,19,0.0,0.0,0.0
2026-02-25 19:00:00,20,0.0,0.0,0.0
2026-02-25 20:00:00,21,0.0,0.0,0.0
2026-02-25 21:00:00,22,0.0,0.0,0.0
2026-02-25 22:00:00,23,0.0,0.0,0.0
2026-02-25 23:00:00,24,0.0,0.0,0.0
2026-02-26 00:00:00,1,0.0,0.0,0.0
2026-02-26 01:00:00,2,0.0,0.0,0.0
2026-02-26 02:00:00,3,0.0,0.0,0.0
2026-02-26 03:00:00,4,0.0,0.0,0.0
2026-02-26 04:00:00,5,0.0,0.0,0.0
2026-02-26 05:00:00,6,0.0,0.0,0.0
2026-02-26 06:00:00,7,0.0,0.0,0.0
2026-02-26 07:00:00,8,2.4e-05,0.024,0.024
2026-02-26 08:00:00,9,0.0009350000000000001,0.935,0.935
2026-02-26 09:00:00,10,0.0,0.0,0.0
2026-02-26 10:00:00,11,0.0,0.0,0.0
2026-02-26 11:00:00,12,0.0,0.0,0.0
2026-02-26 12:00:00,13,0.0,0.0,0.0
2026-02-26 13:00:00,14,0.0,0.0,0.0
2026-02-26 14:00:00,15,0.0,0.0,0.0
2026-02-26 15:00:00,16,0.0,0.0,0.0
2026-02-26 16:00:00,17,0.0,0.0,0.0
2026-02-26 17:00:00,18,0.0,0.0,0.0
2026-02-26 18:00:00,19,0.0,0.0,0.0
2026-02-26 19:00:00,20,0.0,0.0,0.0
2026-02-26 20:00:00,21,0.0,0.0,0.0
2026-02-26 21:00:00,22,0.0,0.0,0.0
2026-02-26 22:00:00,23,0.0,0.0,0.0
2026-02-26 23:00:00,24,0.0,0.0,0.0
2026-02-27 00:00:00,1,0.0,0.0,0.0
2026-02-27 01:00:00,2,0.0,0.0,0.0
2026-02-27 02:00:00,3,0.0,0.0,0.0
2026-02-27 03:00:00,4,0.0,0.0,0.0
2026-02-27 04:00:00,5,0.0,0.0,0.0
2026-02-27 05:00:00,6,0.0,0.0,0.0
2026-02-27 06:00:00,7,0.0,0.0,0.0
2026-02-27 07:00:00,8,0.000214,0.214,0.214
2026-02-27 08:00:00,9,0.0028689999999999996,2.8689999999999998,2.8689999999999998
2026-02-27 09:00:00,10,0.057074,57.074,57.074
2026-02-27 10:00:00,11,0.11395699999999999,113.957,113.957
2026-02-27 11:00:00,12,0.15765600000000002,157.656,157.656
2026-02-27 12:00:00,13,0.17646799999999999,176.468,176.468
2026-02-27 13:00:00,14,0.172717,172.717,172.717
2026-02-27 14:00:00,15,0.122339,122.339,122.339
2026-02-27 15:00:00,16,0.051448999999999995,51.449,51.449
2026-02-27 16:00:00,17,1.9e-05,0.019,0.019
2026-02-27 17:00:00,18,1e-06,0.001,0.001
2026-02-27 18:00:00,19,0.0,0.0,0.0
2026-02-27 19:00:00,20,0.0,0.0,0.0
2026-02-27 20:00:00,21,0.0,0.0,0.0
2026-02-27 21:00:00,22,0.0,0.0,0.0
2026-02-27 22:00:00,23,0.0,0.0,0.0
2026-02-27 23:00:00,24,0.0,0.0,0.0
2026-02-28 00:00:00,1,0.0,0.0,0.0
2026-02-28 01:00:00,2,0.0,0.0,0.0
2026-02-28 02:00:00,3,0.0,0.0,0.0
2026-02-28 03:00:00,4,0.0,0.0,0.0
2026-02-28 04:00:00,5,0.0,0.0,0.0
2026-02-28 05:00:00,6,0.0,0.0,0.0
2026-02-28 06:00:00,7,0.0014190000000000001,1.419,1.419
2026-02-28 07:00:00,8,0.125527,125.52699999999999,125.52699999999999
2026-02-28 08:00:00,9,5.959561,5959.561,5959.561
2026-02-28 09:00:00,10,13.198341000000001,13198.341,13198.341
2026-02-28 10:00:00,11,17.796425,17796.425,17796.425
2026-02-28 11:00:00,12,11.043179,11043.179,11043.179
2026-02-28 12:00:00,13,15.67398,15673.98,15673.98
2026-02-28 13:00:00,14,8.992687,8992.687,8992.687
2026-02-28 14:00:00,15,8.159015,8159.014999999999,8159.014999999999
2026-02-28 15:00:00,16,2.4988580000000002,2498.858,2498.858
2026-02-28 16:00:00,17,0.509491,509.491,509.491
2026-02-28 17:00:00,18,0.020833,20.833000000000002,20.833000000000002
2026-02-28 18:00:00,19,0.0,0.0,0.0
2026-02-28 19:00:00,20,0.0,0.0,0.0
2026-02-28 20:00:00,21,0.0,0.0,0.0
2026-02-28 21:00:00,22,0.0,0.0,0.0
2026-02-28 22:00:00,23,0.0,0.0,0.0
2026-02-28 23:00:00,24,0.0,0.0,0.0
2026-03-01 00:00:00,1,0.0,0.0,0.0
2026-03-01 01:00:00,2,0.0,0.0,0.0
2026-03-01 02:00:00,3,0.0,0.0,0.0
2026-03-01 03:00:00,4,0.0,0.0,0.0
2026-03-01 04:00:00,5,0.0,0.0,0.0
2026-03-01 05:00:00,6,0.0,0.0,0.0
2026-03-01 06:00:00,7,0.00198067,1.98067,1.98067
2026-03-01 07:00:00,8,0.42860967,428.60967,428.60967
2026-03-01 08:00:00,9,1.01913802,1019.13802,1019.13802
2026-03-01 09:00:00,10,2.3661270000000005,2366.1270000000004,2366.1270000000004
2026-03-01 10:00:00,11,2.58677132,2586.77132,2586.77132
2026-03-01 11:00:00,12,8.32276633,8322.76633,8322.76633
2026-03-01 12:00:00,13,16.163187,16163.187,16163.187
2026-03-01 13:00:00,14,19.83096868,19830.96868,19830.96868
2026-03-01 14:00:00,15,13.267952,13267.952,13267.952
2026-03-01 15:00:00,16,14.469335,14469.335,14469.335
2026-03-01 16:00:00,17,6.403903000000001,6403.903,6403.903
2026-03-01 17:00:00,18,0.26922264,269.22264,269.22264
2026-03-01 18:00:00,19,0.0,0.0,0.0
2026-03-01 19:00:00,20,0.0,0.0,0.0
2026-03-01 20:00:00,21,0.0,0.0,0.0
2026-03-01 21:00:00,22,0.0,0.0,0.0
2026-03-01 22:00:00,23,0.0,0.0,0.0
2026-03-01 23:00:00,24,0.0,0.0,0.0
2026-03-02 00:00:00,1,0.0,0.0,0.0
2026-03-02 01:00:00,2,0.0,0.0,0.0
2026-03-02 02:00:00,3,0.0,0.0,0.0
2026-03-02 03:00:00,4,0.0,0.0,0.0
2026-03-02 04:00:00,5,0.0,0.0,0.0
2026-03-02 05:00:00,6,0.0,0.0,0.0
2026-03-02 06:00:00,7,0.0,0.0,0.0
2026-03-02 07:00:00,8,3.5000000000000004e-05,0.035,0.035
2026-03-02 08:00:00,9,0.001107,1.107,1.107
2026-03-02 09:00:00,10,0.00017299999999999998,0.173,0.173
2026-03-02 10:00:00,11,0.000164,0.164,0.164
2026-03-02 11:00:00,12,0.000621,0.621,0.621
2026-03-02 12:00:00,13,0.0029100000000000003,2.91,2.91
2026-03-02 13:00:00,14,0.003991,3.991,3.991
2026-03-02 14:00:00,15,0.001776,1.776,1.776
2026-03-02 15:00:00,16,7.1e-05,0.07100000000000001,0.07100000000000001
2026-03-02 16:00:00,17,0.000127,0.127,0.127
2026-03-02 17:00:00,18,3e-05,0.030000000000000002,0.030000000000000002
2026-03-02 18:00:00,19,0.0,0.0,0.0
2026-03-02 19:00:00,20,0.0,0.0,0.0
2026-03-02 20:00:00,21,0.0,0.0,0.0
2026-03-02 21:00:00,22,0.0,0.0,0.0
2026-03-02 22:00:00,23,0.0,0.0,0.0
2026-03-02 23:00:00,24,0.0,0.0,0.0
2026-03-03 00:00:00,1,0.0,0.0,0.0
2026-03-03 01:00:00,2,0.0,0.0,0.0
2026-03-03 02:00:00,3,0.0,0.0,0.0
2026-03-03 03:00:00,4,0.0,0.0,0.0
2026-03-03 04:00:00,5,0.0,0.0,0.0
2026-03-03 05:00:00,6,0.0,0.0,0.0
2026-03-03 06:00:00,7,0.003561,3.561,3.561
2026-03-03 07:00:00,8,1.0749279999999999,1074.9279999999999,1074.9279999999999
2026-03-03 08:00:00,9,6.8494720000000004,6849.472000000001,6849.472000000001
2026-03-03 09:00:00,10,14.54911601,14549.11601,14549.11601
2026-03-03 10:00:00,11,21.47442308,21474.42308,21474.42308
2026-03-03 11:00:00,12,26.00312215,26003.12215,26003.12215
2026-03-03 12:00:00,13,27.800950210000003,27800.950210000003,27800.950210000003
2026-03-03 13:00:00,14,26.79870728,26798.70728,26798.70728
2026-03-03 14:00:00,15,22.95192835,22951.92835,22951.92835
2026-03-03 15:00:00,16,15.58080142,15580.80142,15580.80142
2026-03-03 16:00:00,17,6.8692364900000005,6869.23649,6869.23649
2026-03-03 17:00:00,18,0.662048,662.048,662.048
2026-03-03 18:00:00,19,0.0,0.0,0.0
2026-03-03 19:00:00,20,0.0,0.0,0.0
2026-03-03 20:00:00,21,0.0,0.0,0.0
2026-03-03 21:00:00,22,0.0,0.0,0.0
2026-03-03 22:00:00,23,0.0,0.0,0.0
2026-03-03 23:00:00,24,0.0,0.0,0.0
2026-03-04 00:00:00,1,0.0,0.0,0.0
2026-03-04 01:00:00,2,0.0,0.0,0.0
2026-03-04 02:00:00,3,0.0,0.0,0.0
2026-03-04 03:00:00,4,0.0,0.0,0.0
2026-03-04 04:00:00,5,0.0,0.0,0.0
2026-03-04 05:00:00,6,0.0,0.0,0.0
2026-03-04 06:00:00,7,0.00265,2.65,2.65
2026-03-04 07:00:00,8,1.00835,1008.3500000000001,1008.3500000000001
2026-03-04 08:00:00,9,4.644171,4644.171,4644.171
2026-03-04 09:00:00,10,13.266174999999999,13266.175,13266.175
2026-03-04 10:00:00,11,21.968448,21968.448,21968.448
2026-03-04 11:00:00,12,26.332955000000002,26332.955,26332.955
2026-03-04 12:00:00,13,24.120459999999998,24120.46,24120.46
2026-03-04 13:00:00,14,17.866702,17866.702,17866.702
2026-03-04 14:00:00,15,16.163387999999998,16163.387999999999,16163.387999999999
2026-03-04 15:00:00,16,15.276137,15276.137,15276.137
2026-03-04 16:00:00,17,7.154171,7154.171,7154.171
2026-03-04 17:00:00,18,0.84634635,846.34635,846.34635
2026-03-04 18:00:00,19,0.0,0.0,0.0
2026-03-04 19:00:00,20,0.0,0.0,0.0
2026-03-04 20:00:00,21,0.0,0.0,0.0
2026-03-04 21:00:00,22,0.0,0.0,0.0
2026-03-04 22:00:00,23,0.0,0.0,0.0
2026-03-04 23:00:00,24,0.0,0.0,0.0
2026-03-05 00:00:00,1,0.0,0.0,0.0
2026-03-05 01:00:00,2,0.0,0.0,0.0
2026-03-05 02:00:00,3,0.0,0.0,0.0
2026-03-05 03:00:00,4,0.0,0.0,0.0
2026-03-05 04:00:00,5,0.0,0.0,0.0
2026-03-05 05:00:00,6,0.0,0.0,0.0
2026-03-05 06:00:00,7,0.020587000000000005,20.587000000000003,20.587000000000003
2026-03-05 07:00:00,8,1.753577,1753.577,1753.577
2026-03-05 08:00:00,9,7.556253,7556.253,7556.253
2026-03-05 09:00:00,10,15.367645,15367.645,15367.645
2026-03-05 10:00:00,11,22.682461000000004,22682.461000000003,22682.461000000003
2026-03-05 11:00:00,12,27.434573,27434.573,27434.573
2026-03-05 12:00:00,13,29.075224,29075.224,29075.224
2026-03-05 13:00:00,14,28.458427,28458.427,28458.427
2026-03-05 14:00:00,15,23.847701,23847.701,23847.701
2026-03-05 15:00:00,16,16.724749,16724.749,16724.749
2026-03-05 16:00:00,17,7.709214,7709.214,7709.214
2026-03-05 17:00:00,18,1.054264,1054.2640000000001,1054.2640000000001
2026-03-05 18:00:00,19,0.0,0.0,0.0
2026-03-05 19:00:00,20,0.0,0.0,0.0
2026-03-05 20:00:00,21,0.0,0.0,0.0
2026-03-05 21:00:00,22,0.0,0.0,0.0
2026-03-05 22:00:00,23,0.0,0.0,0.0
2026-03-05 23:00:00,24,0.0,0.0,0.0
2026-03-06 00:00:00,1,0.0,0.0,0.0
2026-03-06 01:00:00,2,0.0,0.0,0.0
2026-03-06 02:00:00,3,0.0,0.0,0.0
2026-03-06 03:00:00,4,0.0,0.0,0.0
2026-03-06 04:00:00,5,0.0,0.0,0.0
2026-03-06 05:00:00,6,0.0,0.0,0.0
2026-03-06 06:00:00,7,0.021872999999999997,21.872999999999998,21.872999999999998
2026-03-06 07:00:00,8,1.6686309999999998,1668.6309999999999,1668.6309999999999
2026-03-06 08:00:00,9,7.4930460000000005,7493.046,7493.046
2026-03-06 09:00:00,10,15.08166229,15081.66229,15081.66229
2026-03-06 10:00:00,11,22.554270640000002,22554.270640000002,22554.270640000002
2026-03-06 11:00:00,12,27.00645957,27006.45957,27006.45957
2026-03-06 12:00:00,13,28.822085339999997,28822.085339999998,28822.085339999998
2026-03-06 13:00:00,14,27.788458910000003,27788.45891,27788.45891
2026-03-06 14:00:00,15,23.83436474,23834.36474,23834.36474
2026-03-06 15:00:00,16,16.52552965,16525.52965,16525.52965
2026-03-06 16:00:00,17,7.65254323,7652.54323,7652.54323
2026-03-06 17:00:00,18,1.0913309999999998,1091.331,1091.331
2026-03-06 18:00:00,19,0.0,0.0,0.0
2026-03-06 19:00:00,20,0.0,0.0,0.0
2026-03-06 20:00:00,21,0.0,0.0,0.0
2026-03-06 21:00:00,22,0.0,0.0,0.0
2026-03-06 22:00:00,23,0.0,0.0,0.0
2026-03-06 23:00:00,24,0.0,0.0,0.0
2026-03-07 00:00:00,1,0.0,0.0,0.0
2026-03-07 01:00:00,2,0.0,0.0,0.0
2026-03-07 02:00:00,3,0.0,0.0,0.0
2026-03-07 03:00:00,4,0.0,0.0,0.0
2026-03-07 04:00:00,5,0.0,0.0,0.0
2026-03-07 05:00:00,6,0.0,0.0,0.0
2026-03-07 06:00:00,7,0.03697400000000001,36.974000000000004,36.974000000000004
2026-03-07 07:00:00,8,1.963781,1963.781,1963.781
2026-03-07 08:00:00,9,7.719050999999999,7719.0509999999995,7719.0509999999995
2026-03-07 09:00:00,10,15.121889999999999,15121.89,15121.89
2026-03-07 10:00:00,11,21.149099999999997,21149.1,21149.1
2026-03-07 11:00:00,12,25.909402999999998,25909.403,25909.403
2026-03-07 12:00:00,13,24.617676,24617.676,24617.676
2026-03-07 13:00:00,14,17.426351000000004,17426.351000000002,17426.351000000002
2026-03-07 14:00:00,15,15.820667000000002,15820.667000000001,15820.667000000001
2026-03-07 15:00:00,16,10.529689999999999,10529.689999999999,10529.689999999999
2026-03-07 16:00:00,17,4.85776,4857.76,4857.76
2026-03-07 17:00:00,18,0.940785,940.785,940.785
2026-03-07 18:00:00,19,0.0,0.0,0.0
2026-03-07 19:00:00,20,0.0,0.0,0.0
2026-03-07 20:00:00,21,0.0,0.0,0.0
2026-03-07 21:00:00,22,0.0,0.0,0.0
2026-03-07 22:00:00,23,0.0,0.0,0.0
2026-03-07 23:00:00,24,0.0,0.0,0.0
2026-03-08 00:00:00,1,0.0,0.0,0.0
2026-03-08 01:00:00,2,0.0,0.0,0.0
2026-03-08 02:00:00,3,0.0,0.0,0.0
2026-03-08 03:00:00,4,0.0,0.0,0.0
2026-03-08 04:00:00,5,0.0,0.0,0.0
2026-03-08 05:00:00,6,0.0,0.0,0.0
2026-03-08 06:00:00,7,0.0,0.0,0.0
2026-03-08 07:00:00,8,0.04073799999999999,40.73799999999999,40.73799999999999
2026-03-08 08:00:00,9,2.006586,2006.5859999999998,2006.5859999999998
2026-03-08 09:00:00,10,7.6931329999999996,7693.133,7693.133
2026-03-08 10:00:00,11,14.929509,14929.509,14929.509
2026-03-08 11:00:00,12,21.299407,21299.407,21299.407
2026-03-08 12:00:00,13,24.236838,24236.838,24236.838
2026-03-08 13:00:00,14,26.224246,26224.246,26224.246
2026-03-08 14:00:00,15,25.534185,25534.185,25534.185
2026-03-08 15:00:00,16,21.461998,21461.998,21461.998
2026-03-08 16:00:00,17,14.684785,14684.785,14684.785
2026-03-08 17:00:00,18,6.745468010000001,6745.4680100000005,6745.4680100000005
2026-03-08 18:00:00,19,1.0065893300000002,1006.5893300000001,1006.5893300000001
2026-03-08 19:00:00,20,0.0,0.0,0.0
2026-03-08 20:00:00,21,0.0,0.0,0.0
2026-03-08 21:00:00,22,0.0,0.0,0.0
2026-03-08 22:00:00,23,0.0,0.0,0.0
2026-03-08 23:00:00,24,0.0,0.0,0.0
2026-03-09 00:00:00,1,0.0,0.0,0.0
2026-03-09 01:00:00,2,0.0,0.0,0.0
2026-03-09 02:00:00,3,0.0,0.0,0.0
2026-03-09 03:00:00,4,0.0,0.0,0.0
2026-03-09 04:00:00,5,0.0,0.0,0.0
2026-03-09 05:00:00,6,0.0,0.0,0.0
2026-03-09 06:00:00,7,0.0,0.0,0.0
2026-03-09 07:00:00,8,0.03822198,38.22198,38.22198
2026-03-09 08:00:00,9,1.8658177,1865.8177,1865.8177
2026-03-09 09:00:00,10,7.28586842,7285.86842,7285.86842
2026-03-09 10:00:00,11,14.784797900000001,14784.797900000001,14784.797900000001
2026-03-09 11:00:00,12,21.54108522,21541.08522,21541.08522
2026-03-09 12:00:00,13,26.028351769999997,26028.351769999997,26028.351769999997
2026-03-09 13:00:00,14,23.66236851,23662.36851,23662.36851
2026-03-09 14:00:00,15,25.90589269,25905.89269,25905.89269
2026-03-09 15:00:00,16,20.06747816,20067.47816,20067.47816
2026-03-09 16:00:00,17,14.883629540000001,14883.629540000002,14883.629540000002
2026-03-09 17:00:00,18,7.0053090000000005,7005.309,7005.309
2026-03-09 18:00:00,19,1.071316,1071.316,1071.316
2026-03-09 19:00:00,20,0.0,0.0,0.0
2026-03-09 20:00:00,21,0.0,0.0,0.0
2026-03-09 21:00:00,22,0.0,0.0,0.0
2026-03-09 22:00:00,23,0.0,0.0,0.0
2026-03-09 23:00:00,24,0.0,0.0,0.0
2026-03-10 00:00:00,1,0.0,0.0,0.0
2026-03-10 01:00:00,2,0.0,0.0,0.0
2026-03-10 02:00:00,3,0.0,0.0,0.0
2026-03-10 03:00:00,4,0.0,0.0,0.0
2026-03-10 04:00:00,5,0.0,0.0,0.0
2026-03-10 05:00:00,6,0.0,0.0,0.0
2026-03-10 06:00:00,7,0.0,0.0,0.0
2026-03-10 07:00:00,8,0.02721,27.21,27.21
2026-03-10 08:00:00,9,1.360652,1360.652,1360.652
2026-03-10 09:00:00,10,7.47338566,7473.38566,7473.38566
2026-03-10 10:00:00,11,14.60338233,14603.38233,14603.38233
2026-03-10 11:00:00,12,21.39927167,21399.271670000002,21399.271670000002
2026-03-10 12:00:00,13,25.486037999999997,25486.037999999997,25486.037999999997
2026-03-10 13:00:00,14,27.717071,27717.071,27717.071
2026-03-10 14:00:00,15,24.89527634,24895.27634,24895.27634
2026-03-10 15:00:00,16,22.042915670000003,22042.915670000002,22042.915670000002
2026-03-10 16:00:00,17,14.645254000000001,14645.254,14645.254
2026-03-10 17:00:00,18,4.68443867,4684.43867,4684.43867
2026-03-10 18:00:00,19,0.773462,773.462,773.462
2026-03-10 19:00:00,20,0.0,0.0,0.0
2026-03-10 20:00:00,21,0.0,0.0,0.0
2026-03-10 21:00:00,22,0.0,0.0,0.0
2026-03-10 22:00:00,23,0.0,0.0,0.0
2026-03-10 23:00:00,24,0.0,0.0,0.0
2026-03-11 00:00:00,1,0.0,0.0,0.0
2026-03-11 01:00:00,2,0.0,0.0,0.0
2026-03-11 02:00:00,3,0.0,0.0,0.0
2026-03-11 03:00:00,4,0.0,0.0,0.0
2026-03-11 04:00:00,5,0.0,0.0,0.0
2026-03-11 05:00:00,6,0.0,0.0,0.0
2026-03-11 06:00:00,7,0.0,0.0,0.0
2026-03-11 07:00:00,8,0.06097233,60.97233,60.97233
2026-03-11 08:00:00,9,2.2460353399999997,2246.03534,2246.03534
2026-03-11 09:00:00,10,8.237028,8237.028,8237.028
2026-03-11 10:00:00,11,15.965393,15965.393,15965.393
2026-03-11 11:00:00,12,23.002744,23002.744,23002.744
2026-03-11 12:00:00,13,26.987701,26987.701,26987.701
2026-03-11 13:00:00,14,27.463440000000002,27463.440000000002,27463.440000000002
2026-03-11 14:00:00,15,26.611265,26611.265,26611.265
2026-03-11 15:00:00,16,23.263233,23263.233,23263.233
2026-03-11 16:00:00,17,16.091834,16091.833999999999,16091.833999999999
2026-03-11 17:00:00,18,7.628405000000001,7628.405000000001,7628.405000000001
2026-03-11 18:00:00,19,1.328915,1328.915,1328.915
2026-03-11 19:00:00,20,0.0,0.0,0.0
2026-03-11 20:00:00,21,0.0,0.0,0.0
2026-03-11 21:00:00,22,0.0,0.0,0.0
2026-03-11 22:00:00,23,0.0,0.0,0.0
2026-03-11 23:00:00,24,0.0,0.0,0.0
2026-03-12 00:00:00,1,0.0,0.0,0.0
2026-03-12 01:00:00,2,0.0,0.0,0.0
2026-03-12 02:00:00,3,0.0,0.0,0.0
2026-03-12 03:00:00,4,0.0,0.0,0.0
2026-03-12 04:00:00,5,0.0,0.0,0.0
2026-03-12 05:00:00,6,0.0,0.0,0.0
2026-03-12 06:00:00,7,0.0,0.0,0.0
2026-03-12 07:00:00,8,0.057465,57.465,57.465
2026-03-12 08:00:00,9,2.360723,2360.723,2360.723
2026-03-12 09:00:00,10,8.32108,8321.08,8321.08
2026-03-12 10:00:00,11,15.781227999999999,15781.228,15781.228
2026-03-12 11:00:00,12,22.436583,22436.583,22436.583
2026-03-12 12:00:00,13,26.5185,26518.5,26518.5
2026-03-12 13:00:00,14,28.46122,28461.22,28461.22
2026-03-12 14:00:00,15,27.231293,27231.293,27231.293
2026-03-12 15:00:00,16,22.724009,22724.009,22724.009
2026-03-12 16:00:00,17,15.729644,15729.644,15729.644
2026-03-12 17:00:00,18,7.466643000000001,7466.643000000001,7466.643000000001
2026-03-12 18:00:00,19,1.300516,1300.516,1300.516
2026-03-12 19:00:00,20,0.0,0.0,0.0
2026-03-12 20:00:00,21,0.0,0.0,0.0
2026-03-12 21:00:00,22,0.0,0.0,0.0
2026-03-12 22:00:00,23,0.0,0.0,0.0
2026-03-12 23:00:00,24,0.0,0.0,0.0
2026-03-13 00:00:00,1,0.0,0.0,0.0
2026-03-13 01:00:00,2,0.0,0.0,0.0
2026-03-13 02:00:00,3,0.0,0.0,0.0
2026-03-13 03:00:00,4,0.0,0.0,0.0
2026-03-13 04:00:00,5,0.0,0.0,0.0
2026-03-13 05:00:00,6,0.0,0.0,0.0
2026-03-13 06:00:00,7,0.0,0.0,0.0
2026-03-13 07:00:00,8,0.08063399999999998,80.63399999999999,80.63399999999999
2026-03-13 08:00:00,9,2.287958,2287.958,2287.958
2026-03-13 09:00:00,10,8.333341,8333.341,8333.341
2026-03-13 10:00:00,11,15.985843000000001,15985.843,15985.843
2026-03-13 11:00:00,12,22.608037,22608.037,22608.037
2026-03-13 12:00:00,13,25.812665999999997,25812.665999999997,25812.665999999997
2026-03-13 13:00:00,14,27.042924,27042.924,27042.924
2026-03-13 14:00:00,15,23.116708,23116.708,23116.708
2026-03-13 15:00:00,16,14.019534,14019.534,14019.534
2026-03-13 16:00:00,17,6.415534,6415.534,6415.534
2026-03-13 17:00:00,18,2.2776129999999997,2277.613,2277.613
2026-03-13 18:00:00,19,0.154766,154.766,154.766
2026-03-13 19:00:00,20,0.0,0.0,0.0
2026-03-13 20:00:00,21,0.0,0.0,0.0
2026-03-13 21:00:00,22,0.0,0.0,0.0
2026-03-13 22:00:00,23,0.0,0.0,0.0
2026-03-13 23:00:00,24,0.0,0.0,0.0
2026-03-14 00:00:00,1,0.0,0.0,0.0
2026-03-14 01:00:00,2,0.0,0.0,0.0
2026-03-14 02:00:00,3,0.0,0.0,0.0
2026-03-14 03:00:00,4,0.0,0.0,0.0
2026-03-14 04:00:00,5,0.0,0.0,0.0
2026-03-14 05:00:00,6,0.0,0.0,0.0
2026-03-14 06:00:00,7,0.0,0.0,0.0
2026-03-14 07:00:00,8,0.034072,34.071999999999996,34.071999999999996
2026-03-14 08:00:00,9,2.21991,2219.91,2219.91
2026-03-14 09:00:00,10,7.965904,7965.904,7965.904
2026-03-14 10:00:00,11,15.204089,15204.089,15204.089
2026-03-14 11:00:00,12,21.681919,21681.919,21681.919
2026-03-14 12:00:00,13,25.578684999999997,25578.684999999998,25578.684999999998
2026-03-14 13:00:00,14,26.902903,26902.903,26902.903
2026-03-14 14:00:00,15,25.350595000000002,25350.595,25350.595
2026-03-14 15:00:00,16,20.819837,20819.837,20819.837
2026-03-14 16:00:00,17,14.981067000000001,14981.067000000001,14981.067000000001
2026-03-14 17:00:00,18,6.930853,6930.853,6930.853
2026-03-14 18:00:00,19,1.186107,1186.107,1186.107
2026-03-14 19:00:00,20,0.0,0.0,0.0
2026-03-14 20:00:00,21,0.0,0.0,0.0
2026-03-14 21:00:00,22,0.0,0.0,0.0
2026-03-14 22:00:00,23,0.0,0.0,0.0
2026-03-14 23:00:00,24,0.0,0.0,0.0
2026-03-15 00:00:00,1,0.0,0.0,0.0
2026-03-15 01:00:00,2,0.0,0.0,0.0
2026-03-15 02:00:00,3,0.0,0.0,0.0
2026-03-15 03:00:00,4,0.0,0.0,0.0
2026-03-15 04:00:00,5,0.0,0.0,0.0
2026-03-15 05:00:00,6,0.0,0.0,0.0
2026-03-15 06:00:00,7,0.0,0.0,0.0
2026-03-15 07:00:00,8,0.06930199999999999,69.30199999999999,69.30199999999999
2026-03-15 08:00:00,9,2.218595,2218.5950000000003,2218.5950000000003
2026-03-15 09:00:00,10,7.99382315,7993.82315,7993.82315
2026-03-15 10:00:00,11,15.86648043,15866.48043,15866.48043
2026-03-15 11:00:00,12,22.234324549999997,22234.324549999998,22234.324549999998
2026-03-15 12:00:00,13,25.709763549999998,25709.76355,25709.76355
2026-03-15 13:00:00,14,26.66316407,26663.16407,26663.16407
2026-03-15 14:00:00,15,25.25121086,25251.21086,25251.21086
2026-03-15 15:00:00,16,20.79303059,20793.030590000002,20793.030590000002
2026-03-15 16:00:00,17,13.895405019999998,13895.405019999998,13895.405019999998
2026-03-15 17:00:00,18,6.347857670000001,6347.85767,6347.85767
2026-03-15 18:00:00,19,0.8804053300000001,880.40533,880.40533
2026-03-15 19:00:00,20,0.0,0.0,0.0
2026-03-15 20:00:00,21,0.0,0.0,0.0
2026-03-15 21:00:00,22,0.0,0.0,0.0
2026-03-15 22:00:00,23,0.0,0.0,0.0
2026-03-15 23:00:00,24,0.0,0.0,0.0
2026-03-16 00:00:00,1,0.0,0.0,0.0
2026-03-16 01:00:00,2,0.0,0.0,0.0
2026-03-16 02:00:00,3,0.0,0.0,0.0
2026-03-16 03:00:00,4,0.0,0.0,0.0
2026-03-16 04:00:00,5,0.0,0.0,0.0
2026-03-16 05:00:00,6,0.0,0.0,0.0
2026-03-16 06:00:00,7,0.0,0.0,0.0
2026-03-16 07:00:00,8,0.108958,108.958,108.958
2026-03-16 08:00:00,9,2.377567,2377.567,2377.567
2026-03-16 09:00:00,10,8.325987000000001,8325.987000000001,8325.987000000001
2026-03-16 10:00:00,11,15.960056,15960.056,15960.056
2026-03-16 11:00:00,12,21.586249,21586.249,21586.249
2026-03-16 12:00:00,13,24.656819,24656.819,24656.819
2026-03-16 13:00:00,14,26.529989999999998,26529.989999999998,26529.989999999998
2026-03-16 14:00:00,15,19.967745,19967.745,19967.745
2026-03-16 15:00:00,16,17.917184000000002,17917.184,17917.184
2026-03-16 16:00:00,17,13.505730999999999,13505.731,13505.731
2026-03-16 17:00:00,18,6.59148333,6591.48333,6591.48333
2026-03-16 18:00:00,19,1.22065267,1220.65267,1220.65267
2026-03-16 19:00:00,20,0.00448367,4.48367,4.48367
2026-03-16 20:00:00,21,0.0,0.0,0.0
2026-03-16 21:00:00,22,0.0,0.0,0.0
2026-03-16 22:00:00,23,0.0,0.0,0.0
2026-03-16 23:00:00,24,0.0,0.0,0.0
2026-03-17 00:00:00,1,0.0,0.0,0.0
2026-03-17 01:00:00,2,0.0,0.0,0.0
2026-03-17 02:00:00,3,0.0,0.0,0.0
2026-03-17 03:00:00,4,0.0,0.0,0.0
2026-03-17 04:00:00,5,0.0,0.0,0.0
2026-03-17 05:00:00,6,0.0,0.0,0.0
2026-03-17 06:00:00,7,0.0,0.0,0.0
2026-03-17 07:00:00,8,0.09269433,92.69433000000001,92.69433000000001
2026-03-17 08:00:00,9,2.48995898,2489.95898,2489.95898
2026-03-17 09:00:00,10,8.18342732,8183.42732,8183.42732
2026-03-17 10:00:00,11,14.63581933,14635.81933,14635.81933
2026-03-17 11:00:00,12,20.437167999999996,20437.167999999998,20437.167999999998
2026-03-17 12:00:00,13,24.52446933,24524.46933,24524.46933
2026-03-17 13:00:00,14,25.08083666,25080.83666,25080.83666
2026-03-17 14:00:00,15,23.452440340000003,23452.44034,23452.44034
2026-03-17 15:00:00,16,18.82941734,18829.41734,18829.41734
2026-03-17 16:00:00,17,12.52648233,12526.48233,12526.48233
2026-03-17 17:00:00,18,5.96773001,5967.73001,5967.73001
2026-03-17 18:00:00,19,1.12789167,1127.89167,1127.89167
2026-03-17 19:00:00,20,0.00433367,4.333670000000001,4.333670000000001
2026-03-17 20:00:00,21,0.0,0.0,0.0
2026-03-17 21:00:00,22,0.0,0.0,0.0
2026-03-17 22:00:00,23,0.0,0.0,0.0
2026-03-17 23:00:00,24,0.0,0.0,0.0
2026-03-18 00:00:00,1,0.0,0.0,0.0
2026-03-18 01:00:00,2,0.0,0.0,0.0
2026-03-18 02:00:00,3,0.0,0.0,0.0
2026-03-18 03:00:00,4,0.0,0.0,0.0
2026-03-18 04:00:00,5,0.0,0.0,0.0
2026-03-18 05:00:00,6,0.0,0.0,0.0
2026-03-18 06:00:00,7,0.0,0.0,0.0
2026-03-18 07:00:00,8,0.000127,0.127,0.127
2026-03-18 08:00:00,9,0.005503,5.503,5.503
2026-03-18 09:00:00,10,0.016899,16.899,16.899
2026-03-18 10:00:00,11,0.031576,31.576,31.576
2026-03-18 11:00:00,12,0.042935,42.935,42.935
2026-03-18 12:00:00,13,0.048627,48.626999999999995,48.626999999999995
2026-03-18 13:00:00,14,0.048127,48.127,48.127
2026-03-18 14:00:00,15,0.038292,38.292,38.292
2026-03-18 15:00:00,16,0.031194000000000003,31.194000000000003,31.194000000000003
2026-03-18 16:00:00,17,0.020305,20.305,20.305
2026-03-18 17:00:00,18,0.010627000000000001,10.627,10.627
2026-03-18 18:00:00,19,0.0010020000000000003,1.0020000000000002,1.0020000000000002
2026-03-18 19:00:00,20,0.0,0.0,0.0
2026-03-18 20:00:00,21,0.0,0.0,0.0
2026-03-18 21:00:00,22,0.0,0.0,0.0
2026-03-18 22:00:00,23,0.0,0.0,0.0
2026-03-18 23:00:00,24,0.0,0.0,0.0
2026-03-19 00:00:00,1,0.0,0.0,0.0
2026-03-19 01:00:00,2,0.0,0.0,0.0
2026-03-19 02:00:00,3,0.0,0.0,0.0
2026-03-19 03:00:00,4,0.0,0.0,0.0
2026-03-19 04:00:00,5,0.0,0.0,0.0
2026-03-19 05:00:00,6,0.0,0.0,0.0
2026-03-19 06:00:00,7,0.0,0.0,0.0
2026-03-19 07:00:00,8,0.16072999999999998,160.73,160.73
2026-03-19 08:00:00,9,2.84499466,2844.99466,2844.99466
2026-03-19 09:00:00,10,8.874013340000001,8874.013340000001,8874.013340000001
2026-03-19 10:00:00,11,16.19804667,16198.04667,16198.04667
2026-03-19 11:00:00,12,22.147256000000002,22147.256,22147.256
2026-03-19 12:00:00,13,25.464735330000003,25464.735330000003,25464.735330000003
2026-03-19 13:00:00,14,26.10162134,26101.62134,26101.62134
2026-03-19 14:00:00,15,23.88810367,23888.10367,23888.10367
2026-03-19 15:00:00,16,18.854379660000003,18854.379660000002,18854.379660000002
2026-03-19 16:00:00,17,12.240738330000001,12240.73833,12240.73833
2026-03-19 17:00:00,18,5.68880635,5688.80635,5688.80635
2026-03-19 18:00:00,19,1.02294566,1022.94566,1022.94566
2026-03-19 19:00:00,20,0.00436466,4.364660000000001,4.364660000000001
2026-03-19 20:00:00,21,0.0,0.0,0.0
2026-03-19 21:00:00,22,0.0,0.0,0.0
2026-03-19 22:00:00,23,0.0,0.0,0.0
2026-03-19 23:00:00,24,0.0,0.0,0.0
2026-03-20 00:00:00,1,0.0,0.0,0.0
2026-03-20 01:00:00,2,0.0,0.0,0.0
2026-03-20 02:00:00,3,0.0,0.0,0.0
2026-03-20 03:00:00,4,0.0,0.0,0.0
2026-03-20 04:00:00,5,0.0,0.0,0.0
2026-03-20 05:00:00,6,0.0,0.0,0.0
2026-03-20 06:00:00,7,0.0,0.0,0.0
2026-03-20 07:00:00,8,0.148211,148.211,148.211
2026-03-20 08:00:00,9,2.7589650000000003,2758.965,2758.965
2026-03-20 09:00:00,10,8.49519833,8495.19833,8495.19833
2026-03-20 10:00:00,11,15.40028766,15400.28766,15400.28766
2026-03-20 11:00:00,12,21.092571,21092.571,21092.571
2026-03-20 12:00:00,13,24.03947234,24039.47234,24039.47234
2026-03-20 13:00:00,14,24.279999,24279.999,24279.999
2026-03-20 14:00:00,15,22.37007233,22370.07233,22370.07233
2026-03-20 15:00:00,16,17.67537633,17675.37633,17675.37633
2026-03-20 16:00:00,17,11.13237233,11132.37233,11132.37233
2026-03-20 17:00:00,18,5.2527479999999995,5252.748,5252.748
2026-03-20 18:00:00,19,0.96845467,968.45467,968.45467
2026-03-20 19:00:00,20,0.00477133,4.77133,4.77133
2026-03-20 20:00:00,21,0.0,0.0,0.0
2026-03-20 21:00:00,22,0.0,0.0,0.0
2026-03-20 22:00:00,23,0.0,0.0,0.0
2026-03-20 23:00:00,24,0.0,0.0,0.0
2026-03-21 00:00:00,1,0.0,0.0,0.0
2026-03-21 01:00:00,2,0.0,0.0,0.0
2026-03-21 02:00:00,3,0.0,0.0,0.0
2026-03-21 03:00:00,4,0.0,0.0,0.0
2026-03-21 04:00:00,5,0.0,0.0,0.0
2026-03-21 05:00:00,6,0.0,0.0,0.0
2026-03-21 06:00:00,7,0.0,0.0,0.0
2026-03-21 07:00:00,8,0.13649799999999998,136.498,136.498
2026-03-21 08:00:00,9,2.3151356599999997,2315.13566,2315.13566
2026-03-21 09:00:00,10,7.116468660000001,7116.46866,7116.46866
2026-03-21 10:00:00,11,11.274095659999999,11274.095659999999,11274.095659999999
2026-03-21 11:00:00,12,15.960602999999999,15960.603,15960.603
2026-03-21 12:00:00,13,20.586312990000003,20586.312990000002,20586.312990000002
2026-03-21 13:00:00,14,22.145983999999995,22145.983999999997,22145.983999999997
2026-03-21 14:00:00,15,19.57966034,19579.66034,19579.66034
2026-03-21 15:00:00,16,15.92636067,15926.36067,15926.36067
2026-03-21 16:00:00,17,10.43796633,10437.96633,10437.96633
2026-03-21 17:00:00,18,5.0202789899999996,5020.27899,5020.27899
2026-03-21 18:00:00,19,0.9886313399999999,988.6313399999999,988.6313399999999
2026-03-21 19:00:00,20,0.004531329999999999,4.53133,4.53133
2026-03-21 20:00:00,21,0.0,0.0,0.0
2026-03-21 21:00:00,22,0.0,0.0,0.0
2026-03-21 22:00:00,23,0.0,0.0,0.0
2026-03-21 23:00:00,24,0.0,0.0,0.0
2026-03-22 00:00:00,1,0.0,0.0,0.0
2026-03-22 01:00:00,2,0.0,0.0,0.0
2026-03-22 02:00:00,3,0.0,0.0,0.0
2026-03-22 03:00:00,4,0.0,0.0,0.0
2026-03-22 04:00:00,5,0.0,0.0,0.0
2026-03-22 05:00:00,6,0.0,0.0,0.0
2026-03-22 06:00:00,7,0.0,0.0,0.0
2026-03-22 07:00:00,8,0.07921366,79.21366,79.21366
2026-03-22 08:00:00,9,2.81936233,2819.36233,2819.36233
2026-03-22 09:00:00,10,8.695248659999999,8695.24866,8695.24866
2026-03-22 10:00:00,11,15.77916201,15779.16201,15779.16201
2026-03-22 11:00:00,12,21.01913834,21019.13834,21019.13834
2026-03-22 12:00:00,13,23.50725166,23507.25166,23507.25166
2026-03-22 13:00:00,14,24.93373433,24933.73433,24933.73433
2026-03-22 14:00:00,15,20.49574533,20495.745329999998,20495.745329999998
2026-03-22 15:00:00,16,18.20641833,18206.41833,18206.41833
2026-03-22 16:00:00,17,10.108411,10108.411,10108.411
2026-03-22 17:00:00,18,3.5911239999999998,3591.124,3591.124
2026-03-22 18:00:00,19,0.32473167000000003,324.73167,324.73167
2026-03-22 19:00:00,20,0.0033483299999999996,3.34833,3.34833
2026-03-22 20:00:00,21,0.0,0.0,0.0
2026-03-22 21:00:00,22,0.0,0.0,0.0
2026-03-22 22:00:00,23,0.0,0.0,0.0
2026-03-22 23:00:00,24,0.0,0.0,0.0
2026-03-23 00:00:00,1,0.0,0.0,0.0
2026-03-23 01:00:00,2,0.0,0.0,0.0
2026-03-23 02:00:00,3,0.0,0.0,0.0
2026-03-23 03:00:00,4,0.0,0.0,0.0
2026-03-23 04:00:00,5,0.0,0.0,0.0
2026-03-23 05:00:00,6,0.0,0.0,0.0
2026-03-23 06:00:00,7,0.0,0.0,0.0
2026-03-23 07:00:00,8,0.123398,123.398,123.398
2026-03-23 08:00:00,9,2.54143,2541.4300000000003,2541.4300000000003
2026-03-23 09:00:00,10,9.30706,9307.06,9307.06
2026-03-23 10:00:00,11,14.896005,14896.005000000001,14896.005000000001
2026-03-23 11:00:00,12,19.821879999999997,19821.879999999997,19821.879999999997
2026-03-23 12:00:00,13,26.083015,26083.015,26083.015
2026-03-23 13:00:00,14,27.033231999999995,27033.231999999996,27033.231999999996
2026-03-23 14:00:00,15,24.367004,24367.004,24367.004
2026-03-23 15:00:00,16,20.113807,20113.807,20113.807
2026-03-23 16:00:00,17,12.468364000000001,12468.364000000001,12468.364000000001
2026-03-23 17:00:00,18,6.153302,6153.302,6153.302
2026-03-23 18:00:00,19,1.1483029999999999,1148.3029999999999,1148.3029999999999
2026-03-23 19:00:00,20,0.00661667,6.61667,6.61667
2026-03-23 20:00:00,21,0.0,0.0,0.0
2026-03-23 21:00:00,22,0.0,0.0,0.0
2026-03-23 22:00:00,23,0.0,0.0,0.0
2026-03-23 23:00:00,24,0.0,0.0,0.0
2026-03-24 00:00:00,1,0.0,0.0,0.0
2026-03-24 01:00:00,2,0.0,0.0,0.0
2026-03-24 02:00:00,3,0.0,0.0,0.0
2026-03-24 03:00:00,4,0.0,0.0,0.0
2026-03-24 04:00:00,5,0.0,0.0,0.0
2026-03-24 05:00:00,6,0.0,0.0,0.0
2026-03-24 06:00:00,7,0.0,0.0,0.0
2026-03-24 07:00:00,8,0.278204,278.204,278.204
2026-03-24 08:00:00,9,3.32492799,3324.92799,3324.92799
2026-03-24 09:00:00,10,9.52364562,9523.64562,9523.64562
2026-03-24 10:00:00,11,16.727681649999997,16727.68165,16727.68165
2026-03-24 11:00:00,12,22.568048429999997,22568.04843,22568.04843
2026-03-24 12:00:00,13,25.7735527,25773.5527,25773.5527
2026-03-24 13:00:00,14,26.58373991,26583.73991,26583.73991
2026-03-24 14:00:00,15,24.66868502,24668.68502,24668.68502
2026-03-24 15:00:00,16,19.98696549,19986.96549,19986.96549
2026-03-24 16:00:00,17,13.321633109999999,13321.633109999999,13321.633109999999
2026-03-24 17:00:00,18,6.4130080099999995,6413.00801,6413.00801
2026-03-24 18:00:00,19,1.3292190000000002,1329.219,1329.219
2026-03-24 19:00:00,20,0.008655330000000001,8.655330000000001,8.655330000000001
2026-03-24 20:00:00,21,0.0,0.0,0.0
2026-03-24 21:00:00,22,0.0,0.0,0.0
2026-03-24 22:00:00,23,0.0,0.0,0.0
2026-03-24 23:00:00,24,0.0,0.0,0.0
2026-03-25 00:00:00,1,0.0,0.0,0.0
2026-03-25 01:00:00,2,0.0,0.0,0.0
2026-03-25 02:00:00,3,0.0,0.0,0.0
2026-03-25 03:00:00,4,0.0,0.0,0.0
2026-03-25 04:00:00,5,0.0,0.0,0.0
2026-03-25 05:00:00,6,0.0,0.0,0.0
2026-03-25 06:00:00,7,0.0,0.0,0.0
2026-03-25 07:00:00,8,0.22509800000000002,225.098,225.098
2026-03-25 08:00:00,9,2.238098,2238.098,2238.098
2026-03-25 09:00:00,10,9.332768889999999,9332.76889,9332.76889
2026-03-25 10:00:00,11,16.95822759,16958.22759,16958.22759
2026-03-25 11:00:00,12,23.07371138,23073.71138,23073.71138
2026-03-25 12:00:00,13,27.031494509999998,27031.494509999997,27031.494509999997
2026-03-25 13:00:00,14,27.74122612,27741.22612,27741.22612
2026-03-25 14:00:00,15,25.73618601,25736.18601,25736.18601
2026-03-25 15:00:00,16,20.983232079999997,20983.232079999998,20983.232079999998
2026-03-25 16:00:00,17,13.87862097,13878.62097,13878.62097
2026-03-25 17:00:00,18,6.372025,6372.025,6372.025
2026-03-25 18:00:00,19,1.2757,1275.7,1275.7
2026-03-25 19:00:00,20,0.008133000000000001,8.133000000000001,8.133000000000001
2026-03-25 20:00:00,21,0.0,0.0,0.0
2026-03-25 21:00:00,22,0.0,0.0,0.0
2026-03-25 22:00:00,23,0.0,0.0,0.0
2026-03-25 23:00:00,24,0.0,0.0,0.0
2026-03-26 00:00:00,1,0.0,0.0,0.0
2026-03-26 01:00:00,2,0.0,0.0,0.0
2026-03-26 02:00:00,3,0.0,0.0,0.0
2026-03-26 03:00:00,4,0.0,0.0,0.0
2026-03-26 04:00:00,5,0.0,0.0,0.0
2026-03-26 05:00:00,6,0.0,0.0,0.0
2026-03-26 06:00:00,7,0.0,0.0,0.0
2026-03-26 07:00:00,8,0.081958,81.958,81.958
2026-03-26 08:00:00,9,2.1602439999999996,2160.2439999999997,2160.2439999999997
2026-03-26 09:00:00,10,8.439907999999999,8439.908,8439.908
2026-03-26 10:00:00,11,15.999929,15999.929,15999.929
2026-03-26 11:00:00,12,22.409703999999998,22409.703999999998,22409.703999999998
2026-03-26 12:00:00,13,27.51713,27517.13,27517.13
2026-03-26 13:00:00,14,28.805349999999997,28805.35,28805.35
2026-03-26 14:00:00,15,27.629831999999997,27629.832,27629.832
2026-03-26 15:00:00,16,21.467027,21467.027000000002,21467.027000000002
2026-03-26 16:00:00,17,14.998242999999999,14998.242999999999,14998.242999999999
2026-03-26 17:00:00,18,6.57663,6576.63,6576.63
2026-03-26 18:00:00,19,0.954284,954.284,954.284
2026-03-26 19:00:00,20,0.004735,4.734999999999999,4.734999999999999
2026-03-26 20:00:00,21,0.0,0.0,0.0
2026-03-26 21:00:00,22,0.0,0.0,0.0
2026-03-26 22:00:00,23,0.0,0.0,0.0
2026-03-26 23:00:00,24,0.0,0.0,0.0
2026-03-27 00:00:00,1,0.0,0.0,0.0
2026-03-27 01:00:00,2,0.0,0.0,0.0
2026-03-27 02:00:00,3,0.0,0.0,0.0
2026-03-27 03:00:00,4,0.0,0.0,0.0
2026-03-27 04:00:00,5,0.0,0.0,0.0
2026-03-27 05:00:00,6,0.0,0.0,0.0
2026-03-27 06:00:00,7,0.0,0.0,0.0
2026-03-27 07:00:00,8,0.127715,127.715,127.715
2026-03-27 08:00:00,9,3.517265,3517.265,3517.265
2026-03-27 09:00:00,10,9.942031,9942.031,9942.031
2026-03-27 10:00:00,11,15.126153,15126.153,15126.153
2026-03-27 11:00:00,12,17.593715,17593.715,17593.715
2026-03-27 12:00:00,13,25.756014999999998,25756.015,25756.015
2026-03-27 13:00:00,14,25.100796000000003,25100.796000000002,25100.796000000002
2026-03-27 14:00:00,15,20.184806000000002,20184.806,20184.806
2026-03-27 15:00:00,16,12.359767,12359.767,12359.767
2026-03-27 16:00:00,17,11.924468,11924.467999999999,11924.467999999999
2026-03-27 17:00:00,18,7.054991,7054.991,7054.991
2026-03-27 18:00:00,19,1.387778,1387.778,1387.778
2026-03-27 19:00:00,20,0.005018,5.018,5.018
2026-03-27 20:00:00,21,0.0,0.0,0.0
2026-03-27 21:00:00,22,0.0,0.0,0.0
2026-03-27 22:00:00,23,0.0,0.0,0.0
2026-03-27 23:00:00,24,0.0,0.0,0.0
2026-03-28 00:00:00,1,0.0,0.0,0.0
2026-03-28 01:00:00,2,0.0,0.0,0.0
2026-03-28 02:00:00,3,0.0,0.0,0.0
2026-03-28 03:00:00,4,0.0,0.0,0.0
2026-03-28 04:00:00,5,0.0,0.0,0.0
2026-03-28 05:00:00,6,0.0,0.0,0.0
2026-03-28 06:00:00,7,0.0,0.0,0.0
2026-03-28 07:00:00,8,0.375743,375.743,375.743
2026-03-28 08:00:00,9,3.547643,3547.643,3547.643
2026-03-28 09:00:00,10,9.52672882,9526.72882,9526.72882
2026-03-28 10:00:00,11,16.60854535,16608.54535,16608.54535
2026-03-28 11:00:00,12,22.439804329999998,22439.80433,22439.80433
2026-03-28 12:00:00,13,25.3330615,25333.0615,25333.0615
2026-03-28 13:00:00,14,25.13512271,25135.12271,25135.12271
2026-03-28 14:00:00,15,22.85484561,22854.84561,22854.84561
2026-03-28 15:00:00,16,17.65656477,17656.56477,17656.56477
2026-03-28 16:00:00,17,12.47571499,12475.71499,12475.71499
2026-03-28 17:00:00,18,5.750929,5750.929,5750.929
2026-03-28 18:00:00,19,1.1031090000000001,1103.1090000000002,1103.1090000000002
2026-03-28 19:00:00,20,0.015104999999999999,15.104999999999999,15.104999999999999
2026-03-28 20:00:00,21,0.0,0.0,0.0
2026-03-28 21:00:00,22,0.0,0.0,0.0
2026-03-28 22:00:00,23,0.0,0.0,0.0
2026-03-28 23:00:00,24,0.0,0.0,0.0
2026-03-29 00:00:00,1,0.0,0.0,0.0
2026-03-29 01:00:00,2,0.0,0.0,0.0
2026-03-29 02:00:00,3,0.0,0.0,0.0
2026-03-29 03:00:00,4,0.0,0.0,0.0
2026-03-29 04:00:00,5,0.0,0.0,0.0
2026-03-29 05:00:00,6,0.0,0.0,0.0
2026-03-29 06:00:00,7,0.0,0.0,0.0
2026-03-29 07:00:00,8,0.38869748000000004,388.69748000000004,388.69748000000004
2026-03-29 08:00:00,9,3.58605452,3586.0545199999997,3586.0545199999997
2026-03-29 09:00:00,10,9.679374,9679.374,9679.374
2026-03-29 10:00:00,11,16.626721,16626.721,16626.721
2026-03-29 11:00:00,12,22.523806,22523.806,22523.806
2026-03-29 12:00:00,13,23.131601999999997,23131.602,23131.602
2026-03-29 13:00:00,14,23.018815,23018.815,23018.815
2026-03-29 14:00:00,15,21.964304,21964.304,21964.304
2026-03-29 15:00:00,16,18.723618000000002,18723.618000000002,18723.618000000002
2026-03-29 16:00:00,17,12.073772000000002,12073.772,12073.772
2026-03-29 17:00:00,18,3.4742550000000003,3474.255,3474.255
2026-03-29 18:00:00,19,0.464979,464.979,464.979
2026-03-29 19:00:00,20,0.010887,10.887,10.887
2026-03-29 20:00:00,21,0.0,0.0,0.0
2026-03-29 21:00:00,22,0.0,0.0,0.0
2026-03-29 22:00:00,23,0.0,0.0,0.0
2026-03-29 23:00:00,24,0.0,0.0,0.0
2026-03-30 00:00:00,1,0.0,0.0,0.0
2026-03-30 01:00:00,2,0.0,0.0,0.0
2026-03-30 02:00:00,3,0.0,0.0,0.0
2026-03-30 03:00:00,4,0.0,0.0,0.0
2026-03-30 04:00:00,5,0.0,0.0,0.0
2026-03-30 05:00:00,6,0.0,0.0,0.0
2026-03-30 06:00:00,7,0.0,0.0,0.0
2026-03-30 07:00:00,8,0.106304,106.304,106.304
2026-03-30 08:00:00,9,1.204721,1204.721,1204.721
2026-03-30 09:00:00,10,8.329565999999998,8329.565999999999,8329.565999999999
2026-03-30 10:00:00,11,9.771165000000002,9771.165,9771.165
2026-03-30 11:00:00,12,9.871811,9871.811,9871.811
2026-03-30 12:00:00,13,14.701251000000001,14701.251,14701.251
2026-03-30 13:00:00,14,10.944191,10944.191,10944.191
2026-03-30 14:00:00,15,11.547393,11547.393,11547.393
2026-03-30 15:00:00,16,8.812141,8812.141,8812.141
2026-03-30 16:00:00,17,2.614766,2614.766,2614.766
2026-03-30 17:00:00,18,1.2377719999999999,1237.772,1237.772
2026-03-30 18:00:00,19,0.062826,62.826,62.826
2026-03-30 19:00:00,20,0.002362,2.362,2.362
2026-03-30 20:00:00,21,0.0,0.0,0.0
2026-03-30 21:00:00,22,0.0,0.0,0.0
2026-03-30 22:00:00,23,0.0,0.0,0.0
2026-03-30 23:00:00,24,0.0,0.0,0.0
2026-03-31 00:00:00,1,0.0,0.0,0.0
2026-03-31 01:00:00,2,0.0,0.0,0.0
2026-03-31 02:00:00,3,0.0,0.0,0.0
2026-03-31 03:00:00,4,0.0,0.0,0.0
2026-03-31 04:00:00,5,0.0,0.0,0.0
2026-03-31 05:00:00,6,0.0,0.0,0.0
2026-03-31 06:00:00,7,0.0,0.0,0.0
2026-03-31 07:00:00,8,0.008838,8.838000000000001,8.838000000000001
2026-03-31 08:00:00,9,0.033375999999999996,33.376,33.376
2026-03-31 09:00:00,10,1.793501,1793.501,1793.501
2026-03-31 10:00:00,11,8.125567,8125.567,8125.567
2026-03-31 11:00:00,12,12.550787,12550.787,12550.787
2026-03-31 12:00:00,13,10.324964,10324.964,10324.964
2026-03-31 13:00:00,14,5.591906999999999,5591.906999999999,5591.906999999999
2026-03-31 14:00:00,15,1.197366,1197.366,1197.366
2026-03-31 15:00:00,16,0.612736,612.736,612.736
2026-03-31 16:00:00,17,0.05175466666666667,38.816,51.75466666666667
2026-03-31 17:00:00,18,0.0,0.0,0.0
2026-03-31 18:00:00,19,0.0,0.0,0.0
2026-03-31 19:00:00,20,0.0,0.0,0.0
2026-03-31 20:00:00,21,0.0,0.0,0.0
2026-03-31 21:00:00,22,0.0,0.0,0.0
2026-03-31 22:00:00,23,0.0,0.0,0.0
2026-03-31 23:00:00,24,0.0,0.0,0.0
2026-04-01 00:00:00,1,0.0,0.0,0.0
2026-04-01 01:00:00,2,0.0,0.0,0.0
2026-04-01 02:00:00,3,0.0,0.0,0.0
2026-04-01 03:00:00,4,0.0,0.0,0.0
2026-04-01 04:00:00,5,0.0,0.0,0.0
2026-04-01 05:00:00,6,0.0,0.0,0.0
2026-04-01 06:00:00,7,0.0,0.0,0.0
2026-04-01 07:00:00,8,0.0,0.0,0.0
2026-04-01 08:00:00,9,0.0,0.0,0.0
2026-04-01 09:00:00,10,0.0,0.0,0.0
2026-04-01 10:00:00,11,0.0,0.0,0.0
2026-04-01 11:00:00,12,0.0,0.0,0.0
2026-04-01 12:00:00,13,0.0,0.0,0.0
2026-04-01 13:00:00,14,0.0,0.0,0.0
2026-04-01 14:00:00,15,0.0,0.0,0.0
2026-04-01 15:00:00,16,0.0,0.0,0.0
2026-04-01 16:00:00,17,0.0,0.0,0.0
2026-04-01 17:00:00,18,0.0,0.0,0.0
2026-04-01 18:00:00,19,0.0,0.0,0.0
2026-04-01 19:00:00,20,0.0,0.0,0.0
2026-04-01 20:00:00,21,0.0,0.0,0.0
2026-04-01 21:00:00,22,0.0,0.0,0.0
2026-04-01 22:00:00,23,0.0,0.0,0.0
2026-04-01 23:00:00,24,0.0,0.0,0.0
2026-04-02 00:00:00,1,0.0,0.0,0.0
2026-04-02 01:00:00,2,0.0,0.0,0.0
2026-04-02 02:00:00,3,0.0,0.0,0.0
2026-04-02 03:00:00,4,0.0,0.0,0.0
2026-04-02 04:00:00,5,0.0,0.0,0.0
2026-04-02 05:00:00,6,0.0,0.0,0.0
2026-04-02 06:00:00,7,0.0,0.0,0.0
2026-04-02 07:00:00,8,0.00269,2.69,2.69
2026-04-02 08:00:00,9,0.019055,19.055,19.055
2026-04-02 09:00:00,10,0.039743,39.743,39.743
2026-04-02 10:00:00,11,0.061868,61.868,61.868
2026-04-02 11:00:00,12,0.075202,75.202,75.202
2026-04-02 12:00:00,13,0.085625,85.625,85.625
2026-04-02 13:00:00,14,0.088372,88.372,88.372
2026-04-02 14:00:00,15,0.08460199999999998,84.60199999999999,84.60199999999999
2026-04-02 15:00:00,16,0.074786,74.786,74.786
2026-04-02 16:00:00,17,0.055536999999999996,55.537,55.537
2026-04-02 17:00:00,18,0.028143,28.143,28.143
2026-04-02 18:00:00,19,0.006741,6.741,6.741
2026-04-02 19:00:00,20,0.00031499999999999996,0.31499999999999995,0.31499999999999995
2026-04-02 20:00:00,21,0.0,0.0,0.0
2026-04-02 21:00:00,22,0.0,0.0,0.0
2026-04-02 22:00:00,23,0.0,0.0,0.0
2026-04-02 23:00:00,24,0.0,0.0,0.0
2026-04-03 00:00:00,1,0.0,0.0,0.0
2026-04-03 01:00:00,2,0.0,0.0,0.0
2026-04-03 02:00:00,3,0.0,0.0,0.0
2026-04-03 03:00:00,4,0.0,0.0,0.0
2026-04-03 04:00:00,5,0.0,0.0,0.0
2026-04-03 05:00:00,6,0.0,0.0,0.0
2026-04-03 06:00:00,7,0.0,0.0,0.0
2026-04-03 07:00:00,8,0.7479690000000001,747.969,747.969
2026-04-03 08:00:00,9,5.087081,5087.081,5087.081
2026-04-03 09:00:00,10,12.63235166,12632.35166,12632.35166
2026-04-03 10:00:00,11,20.67653134,20676.53134,20676.53134
2026-04-03 11:00:00,12,26.649224,26649.224000000002,26649.224000000002
2026-04-03 12:00:00,13,30.07248799,30072.487989999998,30072.487989999998
2026-04-03 13:00:00,14,31.092470999999996,31092.470999999998,31092.470999999998
2026-04-03 14:00:00,15,29.718269,29718.269,29718.269
2026-04-03 15:00:00,16,25.54586134,25545.86134,25545.86134
2026-04-03 16:00:00,17,18.48633767,18486.33767,18486.33767
2026-04-03 17:00:00,18,9.86906767,9869.06767,9869.06767
2026-04-03 18:00:00,19,2.66371366,2663.71366,2663.71366
2026-04-03 19:00:00,20,0.052458,52.458,52.458
2026-04-03 20:00:00,21,0.0,0.0,0.0
2026-04-03 21:00:00,22,0.0,0.0,0.0
2026-04-03 22:00:00,23,0.0,0.0,0.0
2026-04-03 23:00:00,24,0.0,0.0,0.0
2026-04-04 00:00:00,1,0.0,0.0,0.0
2026-04-04 01:00:00,2,0.0,0.0,0.0
2026-04-04 02:00:00,3,0.0,0.0,0.0
2026-04-04 03:00:00,4,0.0,0.0,0.0
2026-04-04 04:00:00,5,0.0,0.0,0.0
2026-04-04 05:00:00,6,0.0,0.0,0.0
2026-04-04 06:00:00,7,0.001434,1.434,1.434
2026-04-04 07:00:00,8,0.752733,752.733,752.733
2026-04-04 08:00:00,9,5.053505,5053.505,5053.505
2026-04-04 09:00:00,10,12.14411966,12144.11966,12144.11966
2026-04-04 10:00:00,11,19.33529632,19335.29632,19335.29632
2026-04-04 11:00:00,12,25.33433768,25334.33768,25334.33768
2026-04-04 12:00:00,13,28.23291433,28232.91433,28232.91433
2026-04-04 13:00:00,14,29.69134233,29691.34233,29691.34233
2026-04-04 14:00:00,15,27.979203990000002,27979.20399,27979.20399
2026-04-04 15:00:00,16,23.74618634,23746.18634,23746.18634
2026-04-04 16:00:00,17,16.396831,16396.831,16396.831
2026-04-04 17:00:00,18,7.59446201,7594.46201,7594.46201
2026-04-04 18:00:00,19,0.86478167,864.78167,864.78167
2026-04-04 19:00:00,20,0.013597,13.597,13.597
2026-04-04 20:00:00,21,0.0,0.0,0.0
2026-04-04 21:00:00,22,0.0,0.0,0.0
2026-04-04 22:00:00,23,0.0,0.0,0.0
2026-04-04 23:00:00,24,0.0,0.0,0.0
2026-04-05 00:00:00,1,0.0,0.0,0.0
2026-04-05 01:00:00,2,0.0,0.0,0.0
2026-04-05 02:00:00,3,0.0,0.0,0.0
2026-04-05 03:00:00,4,0.0,0.0,0.0
2026-04-05 04:00:00,5,0.0,0.0,0.0
2026-04-05 05:00:00,6,0.0,0.0,0.0
2026-04-05 06:00:00,7,0.001384,1.3840000000000001,1.3840000000000001
2026-04-05 07:00:00,8,0.8624580000000001,862.4580000000001,862.4580000000001
2026-04-05 08:00:00,9,5.390523,5390.523,5390.523
2026-04-05 09:00:00,10,11.82554733,11825.54733,11825.54733
2026-04-05 10:00:00,11,19.093134669999998,19093.13467,19093.13467
2026-04-05 11:00:00,12,21.079289329999998,21079.28933,21079.28933
2026-04-05 12:00:00,13,24.606359660000003,24606.359660000002,24606.359660000002
2026-04-05 13:00:00,14,26.446890330000002,26446.890330000002,26446.890330000002
2026-04-05 14:00:00,15,25.54894333,25548.943330000002,25548.943330000002
2026-04-05 15:00:00,16,20.275478000000003,20275.478000000003,20275.478000000003
2026-04-05 16:00:00,17,13.68232666,13682.326659999999,13682.326659999999
2026-04-05 17:00:00,18,5.875841,5875.841,5875.841
2026-04-05 18:00:00,19,1.2361849999999999,1236.185,1236.185
2026-04-05 19:00:00,20,0.011764000000000002,11.764000000000001,11.764000000000001
2026-04-05 20:00:00,21,0.0,0.0,0.0
2026-04-05 21:00:00,22,0.0,0.0,0.0
2026-04-05 22:00:00,23,0.0,0.0,0.0
2026-04-05 23:00:00,24,0.0,0.0,0.0
2026-04-06 00:00:00,1,0.0,0.0,0.0
2026-04-06 01:00:00,2,0.0,0.0,0.0
2026-04-06 02:00:00,3,0.0,0.0,0.0
2026-04-06 03:00:00,4,0.0,0.0,0.0
2026-04-06 04:00:00,5,0.0,0.0,0.0
2026-04-06 05:00:00,6,0.0,0.0,0.0
2026-04-06 06:00:00,7,0.0021669999999999997,2.167,2.167
2026-04-06 07:00:00,8,0.610067,610.067,610.067
2026-04-06 08:00:00,9,4.811661,4811.661,4811.661
2026-04-06 09:00:00,10,11.821707,11821.707,11821.707
2026-04-06 10:00:00,11,19.11324567,19113.24567,19113.24567
2026-04-06 11:00:00,12,24.765294,24765.294,24765.294
2026-04-06 12:00:00,13,27.723834330000003,27723.83433,27723.83433
2026-04-06 13:00:00,14,28.29454467,28294.54467,28294.54467
2026-04-06 14:00:00,15,26.27453268,26274.53268,26274.53268
2026-04-06 15:00:00,16,21.629008009999996,21629.008009999998,21629.008009999998
2026-04-06 16:00:00,17,14.990151659999999,14990.15166,14990.15166
2026-04-06 17:00:00,18,7.738163329999999,7738.163329999999,7738.163329999999
2026-04-06 18:00:00,19,2.00928133,2009.28133,2009.28133
2026-04-06 19:00:00,20,0.046551,46.551,46.551
2026-04-06 20:00:00,21,0.0,0.0,0.0
2026-04-06 21:00:00,22,0.0,0.0,0.0
2026-04-06 22:00:00,23,0.0,0.0,0.0
2026-04-06 23:00:00,24,0.0,0.0,0.0
2026-04-07 00:00:00,1,0.0,0.0,0.0
2026-04-07 01:00:00,2,0.0,0.0,0.0
2026-04-07 02:00:00,3,0.0,0.0,0.0
2026-04-07 03:00:00,4,0.0,0.0,0.0
2026-04-07 04:00:00,5,0.0,0.0,0.0
2026-04-07 05:00:00,6,0.0,0.0,0.0
2026-04-07 06:00:00,7,0.001751,1.751,1.751
2026-04-07 07:00:00,8,0.446749,446.749,446.749
2026-04-07 08:00:00,9,4.2822629999999995,4282.263,4282.263
2026-04-07 09:00:00,10,12.098976330000001,12098.976330000001,12098.976330000001
2026-04-07 10:00:00,11,20.55170533,20551.70533,20551.70533
2026-04-07 11:00:00,12,26.779134,26779.134,26779.134
2026-04-07 12:00:00,13,29.71533599,29715.33599,29715.33599
2026-04-07 13:00:00,14,30.36604166,30366.04166,30366.04166
2026-04-07 14:00:00,15,28.70388967,28703.88967,28703.88967
2026-04-07 15:00:00,16,23.20397535,23203.97535,23203.97535
2026-04-07 16:00:00,17,16.20988966,16209.88966,16209.88966
2026-04-07 17:00:00,18,8.28767701,8287.67701,8287.67701
2026-04-07 18:00:00,19,2.0425,2042.5,2042.5
2026-04-07 19:00:00,20,0.039642000000000004,39.642,39.642
2026-04-07 20:00:00,21,0.0,0.0,0.0
2026-04-07 21:00:00,22,0.0,0.0,0.0
2026-04-07 22:00:00,23,0.0,0.0,0.0
2026-04-07 23:00:00,24,0.0,0.0,0.0
2026-04-08 00:00:00,1,0.0,0.0,0.0
2026-04-08 01:00:00,2,0.0,0.0,0.0
2026-04-08 02:00:00,3,0.0,0.0,0.0
2026-04-08 03:00:00,4,0.0,0.0,0.0
2026-04-08 04:00:00,5,0.0,0.0,0.0
2026-04-08 05:00:00,6,0.0,0.0,0.0
2026-04-08 06:00:00,7,0.002856,2.856,2.856
2026-04-08 07:00:00,8,0.24392333,243.92333,243.92333
2026-04-08 08:00:00,9,2.1354486699999997,2135.4486699999998,2135.4486699999998
2026-04-08 09:00:00,10,11.74599034,11745.99034,11745.99034
2026-04-08 10:00:00,11,19.51458099,19514.58099,19514.58099
2026-04-08 11:00:00,12,22.862323680000003,22862.32368,22862.32368
2026-04-08 12:00:00,13,21.90938433,21909.38433,21909.38433
2026-04-08 13:00:00,14,28.85625632,28856.25632,28856.25632
2026-04-08 14:00:00,15,26.99982099,26999.82099,26999.82099
2026-04-08 15:00:00,16,22.25688633,22256.88633,22256.88633
2026-04-08 16:00:00,17,15.212900659999999,15212.90066,15212.90066
2026-04-08 17:00:00,18,7.60470199,7604.70199,7604.70199
2026-04-08 18:00:00,19,1.577615,1577.615,1577.615
2026-04-08 19:00:00,20,0.037667,37.667,37.667
2026-04-08 20:00:00,21,0.0,0.0,0.0
2026-04-08 21:00:00,22,0.0,0.0,0.0
2026-04-08 22:00:00,23,0.0,0.0,0.0
2026-04-08 23:00:00,24,0.0,0.0,0.0
2026-04-09 00:00:00,1,0.0,0.0,0.0
2026-04-09 01:00:00,2,0.0,0.0,0.0
2026-04-09 02:00:00,3,0.0,0.0,0.0
2026-04-09 03:00:00,4,0.0,0.0,0.0
2026-04-09 04:00:00,5,0.0,0.0,0.0
2026-04-09 05:00:00,6,0.0,0.0,0.0
2026-04-09 06:00:00,7,0.0024452,2.4452,2.4452
2026-04-09 07:00:00,8,0.21018333,210.18333,210.18333
2026-04-09 08:00:00,9,2.5349216500000002,2534.92165,2534.92165
2026-04-09 09:00:00,10,9.41230732,9412.30732,9412.30732
2026-04-09 10:00:00,11,10.04935934,10049.35934,10049.35934
2026-04-09 11:00:00,12,15.168734339999999,15168.734339999999,15168.734339999999
2026-04-09 12:00:00,13,20.803721000000003,20803.721,20803.721
2026-04-09 13:00:00,14,24.11961633,24119.61633,24119.61633
2026-04-09 14:00:00,15,27.450720999999998,27450.720999999998,27450.720999999998
2026-04-09 15:00:00,16,21.193600330000002,21193.60033,21193.60033
2026-04-09 16:00:00,17,14.99398967,14993.989669999999,14993.989669999999
2026-04-09 17:00:00,18,5.66154933,5661.54933,5661.54933
2026-04-09 18:00:00,19,1.94550934,1945.50934,1945.50934
2026-04-09 19:00:00,20,0.020947000000000004,20.947000000000003,20.947000000000003
2026-04-09 20:00:00,21,0.0,0.0,0.0
2026-04-09 21:00:00,22,0.0,0.0,0.0
2026-04-09 22:00:00,23,0.0,0.0,0.0
2026-04-09 23:00:00,24,0.0,0.0,0.0
2026-04-10 00:00:00,1,0.0,0.0,0.0
2026-04-10 01:00:00,2,0.0,0.0,0.0
2026-04-10 02:00:00,3,0.0,0.0,0.0
2026-04-10 03:00:00,4,0.0,0.0,0.0
2026-04-10 04:00:00,5,0.0,0.0,0.0
2026-04-10 05:00:00,6,0.0,0.0,0.0
2026-04-10 06:00:00,7,0.000701,0.7010000000000001,0.7010000000000001
2026-04-10 07:00:00,8,0.06016733,60.16733,60.16733
2026-04-10 08:00:00,9,1.64639433,1646.3943299999999,1646.3943299999999
2026-04-10 09:00:00,10,2.77766066,2777.66066,2777.66066
2026-04-10 10:00:00,11,1.41466767,1414.66767,1414.66767
2026-04-10 11:00:00,12,10.65779334,10657.79334,10657.79334
2026-04-10 12:00:00,13,0.5149873199999999,514.98732,514.98732
2026-04-10 13:00:00,14,9.141510330000001,9141.510330000001,9141.510330000001
2026-04-10 14:00:00,15,21.24709166,21247.09166,21247.09166
2026-04-10 15:00:00,16,8.94911535,8949.11535,8949.11535
2026-04-10 16:00:00,17,7.5278706600000005,7527.8706600000005,7527.8706600000005
2026-04-10 17:00:00,18,6.31843133,6318.43133,6318.43133
2026-04-10 18:00:00,19,0.12770966,127.70966,127.70966
2026-04-10 19:00:00,20,0.005550000000000001,5.550000000000001,5.550000000000001
2026-04-10 20:00:00,21,0.0,0.0,0.0
2026-04-10 21:00:00,22,0.0,0.0,0.0
2026-04-10 22:00:00,23,0.0,0.0,0.0
2026-04-10 23:00:00,24,0.0,0.0,0.0
2026-04-11 00:00:00,1,0.0,0.0,0.0
2026-04-11 01:00:00,2,0.0,0.0,0.0
2026-04-11 02:00:00,3,0.0,0.0,0.0
2026-04-11 03:00:00,4,0.0,0.0,0.0
2026-04-11 04:00:00,5,0.0,0.0,0.0
2026-04-11 05:00:00,6,0.0,0.0,0.0
2026-04-11 06:00:00,7,0.003237,3.2369999999999997,3.2369999999999997
2026-04-11 07:00:00,8,0.07596067,75.96067,75.96067
2026-04-11 08:00:00,9,0.499334,499.334,499.334
2026-04-11 09:00:00,10,0.52510634,525.10634,525.10634
2026-04-11 10:00:00,11,8.471234,8471.234,8471.234
2026-04-11 11:00:00,12,8.25681301,8256.81301,8256.81301
2026-04-11 12:00:00,13,12.233815,12233.815,12233.815
2026-04-11 13:00:00,14,2.082187,2082.187,2082.187
2026-04-11 14:00:00,15,7.33585366,7335.85366,7335.85366
2026-04-11 15:00:00,16,3.6049409999999997,3604.941,3604.941
2026-04-11 16:00:00,17,2.55087634,2550.87634,2550.87634
2026-04-11 17:00:00,18,0.37772068,377.72067999999996,377.72067999999996
2026-04-11 18:00:00,19,0.00806466,8.06466,8.06466
2026-04-11 19:00:00,20,0.002804,2.8040000000000003,2.8040000000000003
2026-04-11 20:00:00,21,0.0,0.0,0.0
2026-04-11 21:00:00,22,0.0,0.0,0.0
2026-04-11 22:00:00,23,0.0,0.0,0.0
2026-04-11 23:00:00,24,0.0,0.0,0.0
2026-04-12 00:00:00,1,0.0,0.0,0.0
2026-04-12 01:00:00,2,0.0,0.0,0.0
2026-04-12 02:00:00,3,0.0,0.0,0.0
2026-04-12 03:00:00,4,0.0,0.0,0.0
2026-04-12 04:00:00,5,0.0,0.0,0.0
2026-04-12 05:00:00,6,0.0,0.0,0.0
2026-04-12 06:00:00,7,0.000428,0.428,0.428
2026-04-12 07:00:00,8,0.709951,709.951,709.951
2026-04-12 08:00:00,9,2.7257730000000002,2725.773,2725.773
2026-04-12 09:00:00,10,6.99320334,6993.20334,6993.20334
2026-04-12 10:00:00,11,4.363721330000001,4363.72133,4363.72133
2026-04-12 11:00:00,12,6.631160329999999,6631.16033,6631.16033
2026-04-12 12:00:00,13,6.86922166,6869.22166,6869.22166
2026-04-12 13:00:00,14,18.57160266,18571.60266,18571.60266
2026-04-12 14:00:00,15,9.85241267,9852.41267,9852.41267
2026-04-12 15:00:00,16,6.7268490000000005,6726.849,6726.849
2026-04-12 16:00:00,17,1.16881699,1168.81699,1168.81699
2026-04-12 17:00:00,18,0.38247633000000003,382.47633,382.47633
2026-04-12 18:00:00,19,0.05454501,54.54501,54.54501
2026-04-12 19:00:00,20,0.006349,6.348999999999999,6.348999999999999
2026-04-12 20:00:00,21,0.0,0.0,0.0
2026-04-12 21:00:00,22,0.0,0.0,0.0
2026-04-12 22:00:00,23,0.0,0.0,0.0
2026-04-12 23:00:00,24,0.0,0.0,0.0
2026-04-13 00:00:00,1,0.0,0.0,0.0
2026-04-13 01:00:00,2,0.0,0.0,0.0
2026-04-13 02:00:00,3,0.0,0.0,0.0
2026-04-13 03:00:00,4,0.0,0.0,0.0
2026-04-13 04:00:00,5,0.0,0.0,0.0
2026-04-13 05:00:00,6,0.0,0.0,0.0
2026-04-13 06:00:00,7,0.002011,2.011,2.011
2026-04-13 07:00:00,8,0.48948400000000003,489.48400000000004,489.48400000000004
2026-04-13 08:00:00,9,5.264299000000001,5264.299000000001,5264.299000000001
2026-04-13 09:00:00,10,11.202073,11202.073,11202.073
2026-04-13 10:00:00,11,17.984823669999997,17984.823669999998,17984.823669999998
2026-04-13 11:00:00,12,20.713466,20713.466,20713.466
2026-04-13 12:00:00,13,18.89245833,18892.45833,18892.45833
2026-04-13 13:00:00,14,23.39374867,23393.74867,23393.74867
2026-04-13 14:00:00,15,25.53874568,25538.74568,25538.74568
2026-04-13 15:00:00,16,23.740739010000002,23740.73901,23740.73901
2026-04-13 16:00:00,17,19.057524660000002,19057.524660000003,19057.524660000003
2026-04-13 17:00:00,18,10.87986067,10879.86067,10879.86067
2026-04-13 18:00:00,19,3.2534836599999997,3253.48366,3253.48366
2026-04-13 19:00:00,20,0.13449200000000003,134.49200000000002,134.49200000000002
2026-04-13 20:00:00,21,0.0,0.0,0.0
2026-04-13 21:00:00,22,0.0,0.0,0.0
2026-04-13 22:00:00,23,0.0,0.0,0.0
2026-04-13 23:00:00,24,0.0,0.0,0.0
2026-04-14 00:00:00,1,0.0,0.0,0.0
2026-04-14 01:00:00,2,0.0,0.0,0.0
2026-04-14 02:00:00,3,0.0,0.0,0.0
2026-04-14 03:00:00,4,0.0,0.0,0.0
2026-04-14 04:00:00,5,0.0,0.0,0.0
2026-04-14 05:00:00,6,0.0,0.0,0.0
2026-04-14 06:00:00,7,0.012503,12.503,12.503
2026-04-14 07:00:00,8,1.117451,1117.451,1117.451
2026-04-14 08:00:00,9,5.671197,5671.197,5671.197
2026-04-14 09:00:00,10,13.306854880000001,13306.85488,13306.85488
2026-04-14 10:00:00,11,21.50623415,21506.23415,21506.23415
2026-04-14 11:00:00,12,27.73608005,27736.08005,27736.08005
2026-04-14 12:00:00,13,31.388208180000003,31388.20818,31388.20818
2026-04-14 13:00:00,14,32.39915399,32399.15399,32399.15399
2026-04-14 14:00:00,15,29.919949520000003,29919.949520000002,29919.949520000002
2026-04-14 15:00:00,16,25.925792419999997,25925.792419999998,25925.792419999998
2026-04-14 16:00:00,17,19.684461860000003,19684.461860000003,19684.461860000003
2026-04-14 17:00:00,18,10.613153669999999,10613.15367,10613.15367
2026-04-14 18:00:00,19,3.148952,3148.9519999999998,3148.9519999999998
2026-04-14 19:00:00,20,0.139996,139.996,139.996
2026-04-14 20:00:00,21,0.0,0.0,0.0
2026-04-14 21:00:00,22,0.0,0.0,0.0
2026-04-14 22:00:00,23,0.0,0.0,0.0
2026-04-14 23:00:00,24,0.0,0.0,0.0
2026-04-15 00:00:00,1,0.0,0.0,0.0
2026-04-15 01:00:00,2,0.0,0.0,0.0
2026-04-15 02:00:00,3,0.0,0.0,0.0
2026-04-15 03:00:00,4,0.0,0.0,0.0
2026-04-15 04:00:00,5,0.0,0.0,0.0
2026-04-15 05:00:00,6,0.0,0.0,0.0
2026-04-15 06:00:00,7,0.010670490000000001,10.670490000000001,10.670490000000001
2026-04-15 07:00:00,8,0.9767032400000001,976.70324,976.70324
2026-04-15 08:00:00,9,6.518352940000001,6518.352940000001,6518.352940000001
2026-04-15 09:00:00,10,11.429287669999999,11429.28767,11429.28767
2026-04-15 10:00:00,11,19.34805467,19348.05467,19348.05467
2026-04-15 11:00:00,12,25.94345434,25943.45434,25943.45434
2026-04-15 12:00:00,13,23.16351966,23163.519659999998,23163.519659999998
2026-04-15 13:00:00,14,25.51837166,25518.37166,25518.37166
2026-04-15 14:00:00,15,31.477791,31477.791,31477.791
2026-04-15 15:00:00,16,27.32359233,27323.59233,27323.59233
2026-04-15 16:00:00,17,19.44632133,19446.32133,19446.32133
2026-04-15 17:00:00,18,7.961611,7961.611000000001,7961.611000000001
2026-04-15 18:00:00,19,1.45643233,1456.4323299999999,1456.4323299999999
2026-04-15 19:00:00,20,0.06571099999999999,65.711,65.711
2026-04-15 20:00:00,21,0.0,0.0,0.0
2026-04-15 21:00:00,22,0.0,0.0,0.0
2026-04-15 22:00:00,23,0.0,0.0,0.0
2026-04-15 23:00:00,24,0.0,0.0,0.0
2026-04-16 00:00:00,1,0.0,0.0,0.0
2026-04-16 01:00:00,2,0.0,0.0,0.0
2026-04-16 02:00:00,3,0.0,0.0,0.0
2026-04-16 03:00:00,4,0.0,0.0,0.0
2026-04-16 04:00:00,5,0.0,0.0,0.0
2026-04-16 05:00:00,6,0.0,0.0,0.0
2026-04-16 06:00:00,7,0.005343,5.343,5.343
2026-04-16 07:00:00,8,0.725588,725.588,725.588
2026-04-16 08:00:00,9,2.589608,2589.608,2589.608
2026-04-16 09:00:00,10,8.49786133,8497.86133,8497.86133
2026-04-16 10:00:00,11,22.389383340000002,22389.38334,22389.38334
2026-04-16 11:00:00,12,28.932416340000003,28932.416340000003,28932.416340000003
2026-04-16 12:00:00,13,32.53069667,32530.696669999998,32530.696669999998
2026-04-16 13:00:00,14,33.949593,33949.593,33949.593
2026-04-16 14:00:00,15,32.768025,32768.025,32768.025
2026-04-16 15:00:00,16,28.699521,28699.521,28699.521
2026-04-16 16:00:00,17,21.44447267,21444.47267,21444.47267
2026-04-16 17:00:00,18,11.82386533,11823.86533,11823.86533
2026-04-16 18:00:00,19,3.5338600000000002,3533.86,3533.86
2026-04-16 19:00:00,20,0.133346,133.346,133.346
2026-04-16 20:00:00,21,0.0,0.0,0.0
2026-04-16 21:00:00,22,0.0,0.0,0.0
2026-04-16 22:00:00,23,0.0,0.0,0.0
2026-04-16 23:00:00,24,0.0,0.0,0.0
2026-04-17 00:00:00,1,0.0,0.0,0.0
2026-04-17 01:00:00,2,0.0,0.0,0.0
2026-04-17 02:00:00,3,0.0,0.0,0.0
2026-04-17 03:00:00,4,0.0,0.0,0.0
2026-04-17 04:00:00,5,0.0,0.0,0.0
2026-04-17 05:00:00,6,0.0,0.0,0.0
2026-04-17 06:00:00,7,0.01644897,16.44897,16.44897
2026-04-17 07:00:00,8,1.2255268799999999,1225.52688,1225.52688
2026-04-17 08:00:00,9,6.47294128,6472.94128,6472.94128
2026-04-17 09:00:00,10,14.66200366,14662.00366,14662.00366
2026-04-17 10:00:00,11,22.827194340000002,22827.194340000002,22827.194340000002
2026-04-17 11:00:00,12,28.539947,28539.947,28539.947
2026-04-17 12:00:00,13,31.59103399,31591.03399,31591.03399
2026-04-17 13:00:00,14,32.490003,32490.003,32490.003
2026-04-17 14:00:00,15,31.171483,31171.483,31171.483
2026-04-17 15:00:00,16,26.564053339999997,26564.05334,26564.05334
2026-04-17 16:00:00,17,19.901228670000002,19901.22867,19901.22867
2026-04-17 17:00:00,18,7.757974669999999,7757.97467,7757.97467
2026-04-17 18:00:00,19,1.30505366,1305.05366,1305.05366
2026-04-17 19:00:00,20,0.022996000000000003,22.996000000000002,22.996000000000002
2026-04-17 20:00:00,21,0.0,0.0,0.0
2026-04-17 21:00:00,22,0.0,0.0,0.0
2026-04-17 22:00:00,23,0.0,0.0,0.0
2026-04-17 23:00:00,24,0.0,0.0,0.0
2026-04-18 00:00:00,1,0.0,0.0,0.0
2026-04-18 01:00:00,2,0.0,0.0,0.0
2026-04-18 02:00:00,3,0.0,0.0,0.0
2026-04-18 03:00:00,4,0.0,0.0,0.0
2026-04-18 04:00:00,5,0.0,0.0,0.0
2026-04-18 05:00:00,6,0.0,0.0,0.0
2026-04-18 06:00:00,7,0.020333999999999998,20.334,20.334
2026-04-18 07:00:00,8,1.2524600000000001,1252.46,1252.46
2026-04-18 08:00:00,9,6.03429,6034.29,6034.29
2026-04-18 09:00:00,10,13.411729670000001,13411.72967,13411.72967
2026-04-18 10:00:00,11,20.87480933,20874.80933,20874.80933
2026-04-18 11:00:00,12,26.49760168,26497.60168,26497.60168
2026-04-18 12:00:00,13,29.353879329999998,29353.87933,29353.87933
2026-04-18 13:00:00,14,30.16866,30168.66,30168.66
2026-04-18 14:00:00,15,28.42378866,28423.78866,28423.78866
2026-04-18 15:00:00,16,24.184900999999996,24184.900999999998,24184.900999999998
2026-04-18 16:00:00,17,15.850318999999999,15850.319,15850.319
2026-04-18 17:00:00,18,6.03531701,6035.31701,6035.31701
2026-04-18 18:00:00,19,1.54134933,1541.34933,1541.34933
2026-04-18 19:00:00,20,0.016582,16.582,16.582
2026-04-18 20:00:00,21,0.0,0.0,0.0
2026-04-18 21:00:00,22,0.0,0.0,0.0
2026-04-18 22:00:00,23,0.0,0.0,0.0
2026-04-18 23:00:00,24,0.0,0.0,0.0
2026-04-19 00:00:00,1,0.0,0.0,0.0
2026-04-19 01:00:00,2,0.0,0.0,0.0
2026-04-19 02:00:00,3,0.0,0.0,0.0
2026-04-19 03:00:00,4,0.0,0.0,0.0
2026-04-19 04:00:00,5,0.0,0.0,0.0
2026-04-19 05:00:00,6,0.0,0.0,0.0
2026-04-19 06:00:00,7,0.008052,8.052,8.052
2026-04-19 07:00:00,8,0.703534,703.534,703.534
2026-04-19 08:00:00,9,6.37884,6378.84,6378.84
2026-04-19 09:00:00,10,13.55932533,13559.32533,13559.32533
2026-04-19 10:00:00,11,20.59152967,20591.52967,20591.52967
2026-04-19 11:00:00,12,25.10850533,25108.50533,25108.50533
2026-04-19 12:00:00,13,27.12003766,27120.03766,27120.03766
2026-04-19 13:00:00,14,25.95658233,25956.58233,25956.58233
2026-04-19 14:00:00,15,24.15684633,24156.84633,24156.84633
2026-04-19 15:00:00,16,23.653945,23653.945,23653.945
2026-04-19 16:00:00,17,16.879407660000002,16879.40766,16879.40766
2026-04-19 17:00:00,18,6.998715999999999,6998.715999999999,6998.715999999999
2026-04-19 18:00:00,19,0.36060699999999996,360.60699999999997,360.60699999999997
2026-04-19 19:00:00,20,0.012841000000000002,12.841000000000001,12.841000000000001
2026-04-19 20:00:00,21,0.0,0.0,0.0
2026-04-19 21:00:00,22,0.0,0.0,0.0
2026-04-19 22:00:00,23,0.0,0.0,0.0
2026-04-19 23:00:00,24,0.0,0.0,0.0
2026-04-20 00:00:00,1,0.0,0.0,0.0
2026-04-20 01:00:00,2,0.0,0.0,0.0
2026-04-20 02:00:00,3,0.0,0.0,0.0
2026-04-20 03:00:00,4,0.0,0.0,0.0
2026-04-20 04:00:00,5,0.0,0.0,0.0
2026-04-20 05:00:00,6,0.0,0.0,0.0
2026-04-20 06:00:00,7,0.02545,25.45,25.45
2026-04-20 07:00:00,8,2.039613,2039.613,2039.613
2026-04-20 08:00:00,9,7.404371,7404.371,7404.371
2026-04-20 09:00:00,10,12.512302,12512.302,12512.302
2026-04-20 10:00:00,11,10.110597669999999,10110.59767,10110.59767
2026-04-20 11:00:00,12,13.69877,13698.77,13698.77
2026-04-20 12:00:00,13,10.31396333,10313.96333,10313.96333
2026-04-20 13:00:00,14,9.03232867,9032.32867,9032.32867
2026-04-20 14:00:00,15,5.99096668,5990.9666799999995,5990.9666799999995
2026-04-20 15:00:00,16,3.7413150099999997,3741.31501,3741.31501
2026-04-20 16:00:00,17,0.57622866,576.22866,576.22866
2026-04-20 17:00:00,18,0.14407266999999999,144.07267,144.07267
2026-04-20 18:00:00,19,0.03167466,31.674660000000003,31.674660000000003
2026-04-20 19:00:00,20,0.006431999999999999,6.4319999999999995,6.4319999999999995
2026-04-20 20:00:00,21,0.0,0.0,0.0
2026-04-20 21:00:00,22,0.0,0.0,0.0
2026-04-20 22:00:00,23,0.0,0.0,0.0
2026-04-20 23:00:00,24,0.0,0.0,0.0
2026-04-21 00:00:00,1,0.0,0.0,0.0
2026-04-21 01:00:00,2,0.0,0.0,0.0
2026-04-21 02:00:00,3,0.0,0.0,0.0
2026-04-21 03:00:00,4,0.0,0.0,0.0
2026-04-21 04:00:00,5,0.0,0.0,0.0
2026-04-21 05:00:00,6,0.0,0.0,0.0
2026-04-21 06:00:00,7,0.0011300000000000001,1.1300000000000001,1.1300000000000001
2026-04-21 07:00:00,8,0.004112,4.112,4.112
2026-04-21 08:00:00,9,0.36029,360.29,360.29
2026-04-21 09:00:00,10,2.164798,2164.798,2164.798
2026-04-21 10:00:00,11,5.451077000000001,5451.077,5451.077
2026-04-21 11:00:00,12,14.419742330000002,14419.742330000001,14419.742330000001
2026-04-21 12:00:00,13,1.47035033,1470.35033,1470.35033
2026-04-21 13:00:00,14,1.34094566,1340.94566,1340.94566
2026-04-21 14:00:00,15,2.03262,2032.62,2032.62
2026-04-21 15:00:00,16,2.0094760099999998,2009.4760099999999,2009.4760099999999
2026-04-21 16:00:00,17,0.20518932999999998,205.18932999999998,205.18932999999998
2026-04-21 17:00:00,18,0.48147366999999996,481.47366999999997,481.47366999999997
2026-04-21 18:00:00,19,0.107802,107.80199999999999,107.80199999999999
2026-04-21 19:00:00,20,0.029169000000000004,29.169000000000004,29.169000000000004
2026-04-21 20:00:00,21,0.0,0.0,0.0
2026-04-21 21:00:00,22,0.0,0.0,0.0
2026-04-21 22:00:00,23,0.0,0.0,0.0
2026-04-21 23:00:00,24,0.0,0.0,0.0
2026-04-22 00:00:00,1,0.0,0.0,0.0
2026-04-22 01:00:00,2,0.0,0.0,0.0
2026-04-22 02:00:00,3,0.0,0.0,0.0
2026-04-22 03:00:00,4,0.0,0.0,0.0
2026-04-22 04:00:00,5,0.0,0.0,0.0
2026-04-22 05:00:00,6,0.0,0.0,0.0
2026-04-22 06:00:00,7,0.000508,0.508,0.508
2026-04-22 07:00:00,8,0.024175000000000002,24.175,24.175
2026-04-22 08:00:00,9,0.527162,527.162,527.162
2026-04-22 09:00:00,10,6.21864667,6218.64667,6218.64667
2026-04-22 10:00:00,11,13.55415367,13554.15367,13554.15367
2026-04-22 11:00:00,12,15.849376340000001,15849.37634,15849.37634
2026-04-22 12:00:00,13,21.85202666,21852.02666,21852.02666
2026-04-22 13:00:00,14,14.69585966,14695.85966,14695.85966
2026-04-22 14:00:00,15,26.088004,26088.004,26088.004
2026-04-22 15:00:00,16,22.05030733,22050.30733,22050.30733
2026-04-22 16:00:00,17,18.42485833,18424.85833,18424.85833
2026-04-22 17:00:00,18,11.991182,11991.182,11991.182
2026-04-22 18:00:00,19,3.87468433,3874.68433,3874.68433
2026-04-22 19:00:00,20,0.267796,267.796,267.796
2026-04-22 20:00:00,21,0.0,0.0,0.0
2026-04-22 21:00:00,22,0.0,0.0,0.0
2026-04-22 22:00:00,23,0.0,0.0,0.0
2026-04-22 23:00:00,24,0.0,0.0,0.0
2026-04-23 00:00:00,1,0.0,0.0,0.0
2026-04-23 01:00:00,2,0.0,0.0,0.0
2026-04-23 02:00:00,3,0.0,0.0,0.0
2026-04-23 03:00:00,4,0.0,0.0,0.0
2026-04-23 04:00:00,5,0.0,0.0,0.0
2026-04-23 05:00:00,6,0.0,0.0,0.0
2026-04-23 06:00:00,7,0.05496900000000001,54.96900000000001,54.96900000000001
2026-04-23 07:00:00,8,1.548422,1548.422,1548.422
2026-04-23 08:00:00,9,6.76918,6769.18,6769.18
2026-04-23 09:00:00,10,14.729716329999999,14729.71633,14729.71633
2026-04-23 10:00:00,11,23.03691834,23036.91834,23036.91834
2026-04-23 11:00:00,12,28.832660340000004,28832.660340000002,28832.660340000002
2026-04-23 12:00:00,13,31.87918567,31879.18567,31879.18567
2026-04-23 13:00:00,14,32.5207,32520.7,32520.7
2026-04-23 14:00:00,15,31.271443,31271.443000000003,31271.443000000003
2026-04-23 15:00:00,16,27.265601999999998,27265.602,27265.602
2026-04-23 16:00:00,17,20.240310670000003,20240.310670000003,20240.310670000003
2026-04-23 17:00:00,18,11.42257133,11422.57133,11422.57133
2026-04-23 18:00:00,19,3.663337,3663.337,3663.337
2026-04-23 19:00:00,20,0.05818899999999999,58.18899999999999,58.18899999999999
2026-04-23 20:00:00,21,0.0,0.0,0.0
2026-04-23 21:00:00,22,0.0,0.0,0.0
2026-04-23 22:00:00,23,0.0,0.0,0.0
2026-04-23 23:00:00,24,0.0,0.0,0.0
2026-04-24 00:00:00,1,0.0,0.0,0.0
2026-04-24 01:00:00,2,0.0,0.0,0.0
2026-04-24 02:00:00,3,0.0,0.0,0.0
2026-04-24 03:00:00,4,0.0,0.0,0.0
2026-04-24 04:00:00,5,0.0,0.0,0.0
2026-04-24 05:00:00,6,0.0,0.0,0.0
2026-04-24 06:00:00,7,0.016471999999999997,16.471999999999998,16.471999999999998
2026-04-24 07:00:00,8,0.744167,744.167,744.167
2026-04-24 08:00:00,9,6.553438,6553.438,6553.438
2026-04-24 09:00:00,10,14.74788266,14747.88266,14747.88266
2026-04-24 10:00:00,11,23.087606339999997,23087.60634,23087.60634
2026-04-24 11:00:00,12,28.044672000000002,28044.672000000002,28044.672000000002
2026-04-24 12:00:00,13,30.56727299,30567.272989999998,30567.272989999998
2026-04-24 13:00:00,14,31.833611,31833.611,31833.611
2026-04-24 14:00:00,15,30.830985000000002,30830.985,30830.985
2026-04-24 15:00:00,16,26.52468134,26524.68134,26524.68134
2026-04-24 16:00:00,17,19.31786567,19317.86567,19317.86567
2026-04-24 17:00:00,18,10.73591967,10735.91967,10735.91967
2026-04-24 18:00:00,19,3.43332466,3433.3246599999998,3433.3246599999998
2026-04-24 19:00:00,20,0.20045500000000002,200.455,200.455
2026-04-24 20:00:00,21,0.0,0.0,0.0
2026-04-24 21:00:00,22,0.0,0.0,0.0
2026-04-24 22:00:00,23,0.0,0.0,0.0
2026-04-24 23:00:00,24,0.0,0.0,0.0
2026-04-25 00:00:00,1,0.0,0.0,0.0
2026-04-25 01:00:00,2,0.0,0.0,0.0
2026-04-25 02:00:00,3,0.0,0.0,0.0
2026-04-25 03:00:00,4,0.0,0.0,0.0
2026-04-25 04:00:00,5,0.0,0.0,0.0
2026-04-25 05:00:00,6,0.0,0.0,0.0
2026-04-25 06:00:00,7,0.01410716,14.10716,14.10716
2026-04-25 07:00:00,8,0.5623641199999999,562.36412,562.36412
2026-04-25 08:00:00,9,4.4008829,4400.8829,4400.8829
2026-04-25 09:00:00,10,9.32788085,9327.88085,9327.88085
2026-04-25 10:00:00,11,13.686685529999998,13686.685529999999,13686.685529999999
2026-04-25 11:00:00,12,11.76232439,11762.32439,11762.32439
2026-04-25 12:00:00,13,18.03758554,18037.58554,18037.58554
2026-04-25 13:00:00,14,10.82426521,10824.26521,10824.26521
2026-04-25 14:00:00,15,8.759784089999998,8759.78409,8759.78409
2026-04-25 15:00:00,16,5.37214059,5372.14059,5372.14059
2026-04-25 16:00:00,17,6.411785200000001,6411.7852,6411.7852
2026-04-25 17:00:00,18,3.15856867,3158.56867,3158.56867
2026-04-25 18:00:00,19,0.80871865,808.71865,808.71865
2026-04-25 19:00:00,20,0.08202866,82.02866,82.02866
2026-04-25 20:00:00,21,0.0,0.0,0.0
2026-04-25 21:00:00,22,0.0,0.0,0.0
2026-04-25 22:00:00,23,0.0,0.0,0.0
2026-04-25 23:00:00,24,0.0,0.0,0.0
2026-04-26 00:00:00,1,0.0,0.0,0.0
2026-04-26 01:00:00,2,0.0,0.0,0.0
2026-04-26 02:00:00,3,0.0,0.0,0.0
2026-04-26 03:00:00,4,0.0,0.0,0.0
2026-04-26 04:00:00,5,0.0,0.0,0.0
2026-04-26 05:00:00,6,0.0,0.0,0.0
2026-04-26 06:00:00,7,0.00522433,5.22433,5.22433
2026-04-26 07:00:00,8,0.06346428999999999,63.46429,63.46429
2026-04-26 08:00:00,9,0.8759785499999999,875.9785499999999,875.9785499999999
2026-04-26 09:00:00,10,5.81357885,5813.57885,5813.57885
2026-04-26 10:00:00,11,6.50262739,6502.62739,6502.62739
2026-04-26 11:00:00,12,12.07625828,12076.25828,12076.25828
2026-04-26 12:00:00,13,19.334127119999998,19334.127119999997,19334.127119999997
2026-04-26 13:00:00,14,10.31775404,10317.75404,10317.75404
2026-04-26 14:00:00,15,13.64931632,13649.31632,13649.31632
2026-04-26 15:00:00,16,9.50842331,9508.42331,9508.42331
2026-04-26 16:00:00,17,11.81805,11818.05,11818.05
2026-04-26 17:00:00,18,8.99675239,8996.75239,8996.75239
2026-04-26 18:00:00,19,3.85036561,3850.36561,3850.36561
2026-04-26 19:00:00,20,0.19117099999999998,191.171,191.171
2026-04-26 20:00:00,21,0.0,0.0,0.0
2026-04-26 21:00:00,22,0.0,0.0,0.0
2026-04-26 22:00:00,23,0.0,0.0,0.0
2026-04-26 23:00:00,24,0.0,0.0,0.0
2026-04-27 00:00:00,1,0.0,0.0,0.0
2026-04-27 01:00:00,2,0.0,0.0,0.0
2026-04-27 02:00:00,3,0.0,0.0,0.0
2026-04-27 03:00:00,4,0.0,0.0,0.0
2026-04-27 04:00:00,5,0.0,0.0,0.0
2026-04-27 05:00:00,6,0.0,0.0,0.0
2026-04-27 06:00:00,7,0.41931100000000004,419.31100000000004,419.31100000000004
2026-04-27 07:00:00,8,1.75235034,1752.35034,1752.35034
2026-04-27 08:00:00,9,6.97213135,6972.13135,6972.13135
2026-04-27 09:00:00,10,14.92132731,14921.32731,14921.32731
2026-04-27 10:00:00,11,21.294989419999997,21294.989419999998,21294.989419999998
2026-04-27 11:00:00,12,24.26975767,24269.75767,24269.75767
2026-04-27 12:00:00,13,23.20009655,23200.096550000002,23200.096550000002
2026-04-27 13:00:00,14,22.50577684,22505.77684,22505.77684
2026-04-27 14:00:00,15,24.59000265,24590.00265,24590.00265
2026-04-27 15:00:00,16,23.300553379999997,23300.553379999998,23300.553379999998
2026-04-27 16:00:00,17,18.5181365,18518.1365,18518.1365
2026-04-27 17:00:00,18,9.744100330000002,9744.100330000001,9744.100330000001
2026-04-27 18:00:00,19,2.67087234,2670.87234,2670.87234
2026-04-27 19:00:00,20,0.03918,39.18,39.18
2026-04-27 20:00:00,21,0.0,0.0,0.0
2026-04-27 21:00:00,22,0.0,0.0,0.0
2026-04-27 22:00:00,23,0.0,0.0,0.0
2026-04-27 23:00:00,24,0.0,0.0,0.0
2026-04-28 00:00:00,1,0.0,0.0,0.0
2026-04-28 01:00:00,2,0.0,0.0,0.0
2026-04-28 02:00:00,3,0.0,0.0,0.0
2026-04-28 03:00:00,4,0.0,0.0,0.0
2026-04-28 04:00:00,5,0.0,0.0,0.0
2026-04-28 05:00:00,6,0.0,0.0,0.0
2026-04-28 06:00:00,7,0.05140966,51.40966,51.40966
2026-04-28 07:00:00,8,1.56174133,1561.74133,1561.74133
2026-04-28 08:00:00,9,6.90297199,6902.97199,6902.97199
2026-04-28 09:00:00,10,14.43493767,14434.93767,14434.93767
2026-04-28 10:00:00,11,22.38101233,22381.01233,22381.01233
2026-04-28 11:00:00,12,27.996217,27996.217,27996.217
2026-04-28 12:00:00,13,31.12653068,31126.53068,31126.53068
2026-04-28 13:00:00,14,31.834433649999998,31834.43365,31834.43365
2026-04-28 14:00:00,15,29.40633633,29406.33633,29406.33633
2026-04-28 15:00:00,16,25.240873330000003,25240.873330000002,25240.873330000002
2026-04-28 16:00:00,17,18.705915010000002,18705.91501,18705.91501
2026-04-28 17:00:00,18,10.61520199,10615.20199,10615.20199
2026-04-28 18:00:00,19,3.51510134,3515.10134,3515.10134
2026-04-28 19:00:00,20,0.258821,258.821,258.821
2026-04-28 20:00:00,21,0.0,0.0,0.0
2026-04-28 21:00:00,22,0.0,0.0,0.0
2026-04-28 22:00:00,23,0.0,0.0,0.0
2026-04-28 23:00:00,24,0.0,0.0,0.0
2026-04-29 00:00:00,1,0.0,0.0,0.0
2026-04-29 01:00:00,2,0.0,0.0,0.0
2026-04-29 02:00:00,3,0.0,0.0,0.0
2026-04-29 03:00:00,4,0.0,0.0,0.0
2026-04-29 04:00:00,5,0.0,0.0,0.0
2026-04-29 05:00:00,6,0.0,0.0,0.0
2026-04-29 06:00:00,7,0.001924,1.924,1.924
2026-04-29 07:00:00,8,0.065262,65.262,65.262
2026-04-29 08:00:00,9,0.26547699999999996,265.477,265.477
2026-04-29 09:00:00,10,0.6057750000000001,605.7750000000001,605.7750000000001
2026-04-29 10:00:00,11,0.9665,966.5,966.5
2026-04-29 11:00:00,12,1.2115169999999997,1211.5169999999998,1211.5169999999998
2026-04-29 12:00:00,13,1.325802,1325.802,1325.802
2026-04-29 13:00:00,14,1.318538,1318.538,1318.538
2026-04-29 14:00:00,15,1.277618,1277.618,1277.618
2026-04-29 15:00:00,16,1.0723029999999998,1072.3029999999999,1072.3029999999999
2026-04-29 16:00:00,17,0.789538,789.538,789.538
2026-04-29 17:00:00,18,0.402656,402.656,402.656
2026-04-29 18:00:00,19,0.13246,132.46,132.46
2026-04-29 19:00:00,20,0.010739,10.739,10.739
2026-04-29 20:00:00,21,0.0,0.0,0.0
2026-04-29 21:00:00,22,0.0,0.0,0.0
2026-04-29 22:00:00,23,0.0,0.0,0.0
2026-04-29 23:00:00,24,0.0,0.0,0.0
2026-04-30 00:00:00,1,0.0,0.0,0.0
2026-04-30 01:00:00,2,0.0,0.0,0.0
2026-04-30 02:00:00,3,0.0,0.0,0.0
2026-04-30 03:00:00,4,0.0,0.0,0.0
2026-04-30 04:00:00,5,0.0,0.0,0.0
2026-04-30 05:00:00,6,0.0,0.0,0.0
2026-04-30 06:00:00,7,0.08395218,83.95218,83.95218
2026-04-30 07:00:00,8,1.72561499,1725.61499,1725.61499
2026-04-30 08:00:00,9,6.98197491,6981.97491,6981.97491
2026-04-30 09:00:00,10,14.46896733,14468.96733,14468.96733
2026-04-30 10:00:00,11,21.94604334,21946.04334,21946.04334
2026-04-30 11:00:00,12,27.21393234,27213.93234,27213.93234
2026-04-30 12:00:00,13,29.86969867,29869.698669999998,29869.698669999998
2026-04-30 13:00:00,14,30.292904,30292.904,30292.904
2026-04-30 14:00:00,15,28.128453,28128.453,28128.453
2026-04-30 15:00:00,16,23.263395,23263.395,23263.395
2026-04-30 16:00:00,17,16.17779467,16177.79467,16177.79467
2026-04-30 17:00:00,18,8.598435330000001,8598.43533,8598.43533
2026-04-30 18:00:00,19,2.747885,2747.885,2747.885
2026-04-30 19:00:00,20,0.19780599999999998,197.80599999999998,197.80599999999998
2026-04-30 20:00:00,21,0.0,0.0,0.0
2026-04-30 21:00:00,22,0.0,0.0,0.0
2026-04-30 22:00:00,23,0.0,0.0,0.0
2026-04-30 23:00:00,24,0.0,0.0,0.0
2026-05-01 00:00:00,1,0.0,0.0,0.0
2026-05-01 01:00:00,2,0.0,0.0,0.0
2026-05-01 02:00:00,3,0.0,0.0,0.0
2026-05-01 03:00:00,4,0.0,0.0,0.0
2026-05-01 04:00:00,5,0.0,0.0,0.0
2026-05-01 05:00:00,6,0.0,0.0,0.0
2026-05-01 06:00:00,7,0.08512016,85.12016,85.12016
2026-05-01 07:00:00,8,1.6449807099999998,1644.9807099999998,1644.9807099999998
2026-05-01 08:00:00,9,6.72181844,6721.81844,6721.81844
2026-05-01 09:00:00,10,14.67573889,14675.73889,14675.73889
2026-05-01 10:00:00,11,21.03606933,21036.06933,21036.06933
2026-05-01 11:00:00,12,26.27648876,26276.48876,26276.48876
2026-05-01 12:00:00,13,27.5214651,27521.4651,27521.4651
2026-05-01 13:00:00,14,26.26493146,26264.93146,26264.93146
2026-05-01 14:00:00,15,25.34490852,25344.90852,25344.90852
2026-05-01 15:00:00,16,18.26799571,18267.99571,18267.99571
2026-05-01 16:00:00,17,11.09441419,11094.41419,11094.41419
2026-05-01 17:00:00,18,5.90934768,5909.34768,5909.34768
2026-05-01 18:00:00,19,0.8658389900000001,865.8389900000001,865.8389900000001
2026-05-01 19:00:00,20,0.11396700000000001,113.96700000000001,113.96700000000001
2026-05-01 20:00:00,21,0.0,0.0,0.0
2026-05-01 21:00:00,22,0.0,0.0,0.0
2026-05-01 22:00:00,23,0.0,0.0,0.0
2026-05-01 23:00:00,24,0.0,0.0,0.0
2026-05-02 00:00:00,1,0.0,0.0,0.0
2026-05-02 01:00:00,2,0.0,0.0,0.0
2026-05-02 02:00:00,3,0.0,0.0,0.0
2026-05-02 03:00:00,4,0.0,0.0,0.0
2026-05-02 04:00:00,5,0.0,0.0,0.0
2026-05-02 05:00:00,6,0.0,0.0,0.0
2026-05-02 06:00:00,7,0.000143,0.14300000000000002,0.14300000000000002
2026-05-02 07:00:00,8,0.016175000000000002,16.175,16.175
2026-05-02 08:00:00,9,0.089123,89.12299999999999,89.12299999999999
2026-05-02 09:00:00,10,0.045687,45.687,45.687
2026-05-02 10:00:00,11,0.12302199999999999,123.02199999999999,123.02199999999999
2026-05-02 11:00:00,12,0.253077,253.077,253.077
2026-05-02 12:00:00,13,0.314215,314.21500000000003,314.21500000000003
2026-05-02 13:00:00,14,0.450997,450.99699999999996,450.99699999999996
2026-05-02 14:00:00,15,0.39462,394.62,394.62
2026-05-02 15:00:00,16,0.439894,439.894,439.894
2026-05-02 16:00:00,17,0.27000599999999997,270.006,270.006
2026-05-02 17:00:00,18,0.12077099999999999,120.77099999999999,120.77099999999999
2026-05-02 18:00:00,19,0.023135,23.134999999999998,23.134999999999998
2026-05-02 19:00:00,20,0.000682,0.6819999999999999,0.6819999999999999
2026-05-02 20:00:00,21,0.0,0.0,0.0
2026-05-02 21:00:00,22,0.0,0.0,0.0
2026-05-02 22:00:00,23,0.0,0.0,0.0
2026-05-02 23:00:00,24,0.0,0.0,0.0
2026-05-03 00:00:00,1,0.0,0.0,0.0
2026-05-03 01:00:00,2,0.0,0.0,0.0
2026-05-03 02:00:00,3,0.0,0.0,0.0
2026-05-03 03:00:00,4,0.0,0.0,0.0
2026-05-03 04:00:00,5,0.0,0.0,0.0
2026-05-03 05:00:00,6,0.0,0.0,0.0
2026-05-03 06:00:00,7,0.062693,62.693,62.693
2026-05-03 07:00:00,8,1.631277,1631.277,1631.277
2026-05-03 08:00:00,9,4.631613000000001,4631.613,4631.613
2026-05-03 09:00:00,10,10.57614033,10576.14033,10576.14033
2026-05-03 10:00:00,11,7.2996156700000006,7299.61567,7299.61567
2026-05-03 11:00:00,12,19.56722033,19567.22033,19567.22033
2026-05-03 12:00:00,13,23.80988766,23809.88766,23809.88766
2026-05-03 13:00:00,14,15.286624329999999,15286.624329999999,15286.624329999999
2026-05-03 14:00:00,15,8.12300233,8123.00233,8123.00233
2026-05-03 15:00:00,16,9.381709,9381.709,9381.709
2026-05-03 16:00:00,17,8.62643266,8626.43266,8626.43266
2026-05-03 17:00:00,18,6.031146,6031.146,6031.146
2026-05-03 18:00:00,19,3.939692,3939.692,3939.692
2026-05-03 19:00:00,20,0.197186,197.186,197.186
2026-05-03 20:00:00,21,0.0,0.0,0.0
2026-05-03 21:00:00,22,0.0,0.0,0.0
2026-05-03 22:00:00,23,0.0,0.0,0.0
2026-05-03 23:00:00,24,0.0,0.0,0.0
2026-05-04 00:00:00,1,0.0,0.0,0.0
2026-05-04 01:00:00,2,0.0,0.0,0.0
2026-05-04 02:00:00,3,0.0,0.0,0.0
2026-05-04 03:00:00,4,0.0,0.0,0.0
2026-05-04 04:00:00,5,0.0,0.0,0.0
2026-05-04 05:00:00,6,0.0,0.0,0.0
2026-05-04 06:00:00,7,0.047608,47.608,47.608
2026-05-04 07:00:00,8,0.868042,868.042,868.042
2026-05-04 08:00:00,9,2.7938560000000003,2793.856,2793.856
2026-05-04 09:00:00,10,0.61732,617.3199999999999,617.3199999999999
2026-05-04 10:00:00,11,0.53334267,533.34267,533.34267
2026-05-04 11:00:00,12,1.564676,1564.676,1564.676
2026-05-04 12:00:00,13,2.87081733,2870.81733,2870.81733
2026-05-04 13:00:00,14,0.38113567,381.13567,381.13567
2026-05-04 14:00:00,15,0.21116068000000002,211.16068,211.16068
2026-05-04 15:00:00,16,0.05681001000000001,56.810010000000005,56.810010000000005
2026-05-04 16:00:00,17,0.09141666000000001,91.41666000000001,91.41666000000001
2026-05-04 17:00:00,18,0.04224067,42.24067,42.24067
2026-05-04 18:00:00,19,0.018054660000000004,18.054660000000002,18.054660000000002
2026-05-04 19:00:00,20,0.001714,1.714,1.714
2026-05-04 20:00:00,21,0.0,0.0,0.0
2026-05-04 21:00:00,22,0.0,0.0,0.0
2026-05-04 22:00:00,23,0.0,0.0,0.0
2026-05-04 23:00:00,24,0.0,0.0,0.0
2026-05-05 00:00:00,1,0.0,0.0,0.0
2026-05-05 01:00:00,2,0.0,0.0,0.0
2026-05-05 02:00:00,3,0.0,0.0,0.0
2026-05-05 03:00:00,4,0.0,0.0,0.0
2026-05-05 04:00:00,5,0.0,0.0,0.0
2026-05-05 05:00:00,6,0.0,0.0,0.0
2026-05-05 06:00:00,7,0.004458,4.458,4.458
2026-05-05 07:00:00,8,0.02394968,23.94968,23.94968
2026-05-05 08:00:00,9,0.33981801,339.81801,339.81801
2026-05-05 09:00:00,10,6.16356046,6163.560460000001,6163.560460000001
2026-05-05 10:00:00,11,10.79112433,10791.12433,10791.12433
2026-05-05 11:00:00,12,12.61184518,12611.84518,12611.84518
2026-05-05 12:00:00,13,10.07926514,10079.26514,10079.26514
2026-05-05 13:00:00,14,13.788123490000002,13788.123490000002,13788.123490000002
2026-05-05 14:00:00,15,20.10369377,20103.693769999998,20103.693769999998
2026-05-05 15:00:00,16,18.417826419999997,18417.826419999998,18417.826419999998
2026-05-05 16:00:00,17,7.97118651,7971.1865099999995,7971.1865099999995
2026-05-05 17:00:00,18,1.8073350000000001,1807.335,1807.335
2026-05-05 18:00:00,19,0.214825,214.825,214.825
2026-05-05 19:00:00,20,0.015087999999999999,15.088,15.088
2026-05-05 20:00:00,21,0.0,0.0,0.0
2026-05-05 21:00:00,22,0.0,0.0,0.0
2026-05-05 22:00:00,23,0.0,0.0,0.0
2026-05-05 23:00:00,24,0.0,0.0,0.0
2026-05-06 00:00:00,1,0.0,0.0,0.0
2026-05-06 01:00:00,2,0.0,0.0,0.0
2026-05-06 02:00:00,3,0.0,0.0,0.0
2026-05-06 03:00:00,4,0.0,0.0,0.0
2026-05-06 04:00:00,5,0.0,0.0,0.0
2026-05-06 05:00:00,6,0.0,0.0,0.0
2026-05-06 06:00:00,7,0.00982341,9.823409999999999,9.823409999999999
2026-05-06 07:00:00,8,0.20086088000000002,200.86088,200.86088
2026-05-06 08:00:00,9,1.3914294399999998,1391.4294399999999,1391.4294399999999
2026-05-06 09:00:00,10,4.6967178800000005,4696.71788,4696.71788
2026-05-06 10:00:00,11,10.96976988,10969.76988,10969.76988
2026-05-06 11:00:00,12,17.07584188,17075.84188,17075.84188
2026-05-06 12:00:00,13,14.940763879999999,14940.763879999999,14940.763879999999
2026-05-06 13:00:00,14,12.319878880000001,12319.87888,12319.87888
2026-05-06 14:00:00,15,20.784527880000002,20784.52788,20784.52788
2026-05-06 15:00:00,16,24.47729288,24477.29288,24477.29288
2026-05-06 16:00:00,17,18.22786288,18227.86288,18227.86288
2026-05-06 17:00:00,18,10.397074,10397.074,10397.074
2026-05-06 18:00:00,19,3.5205029999999997,3520.5029999999997,3520.5029999999997
2026-05-06 19:00:00,20,0.32669099999999995,326.691,326.691
2026-05-06 20:00:00,21,0.0,0.0,0.0
2026-05-06 21:00:00,22,0.0,0.0,0.0
2026-05-06 22:00:00,23,0.0,0.0,0.0
2026-05-06 23:00:00,24,0.0,0.0,0.0
2026-05-07 00:00:00,1,0.0,0.0,0.0
2026-05-07 01:00:00,2,0.0,0.0,0.0
2026-05-07 02:00:00,3,0.0,0.0,0.0
2026-05-07 03:00:00,4,0.0,0.0,0.0
2026-05-07 04:00:00,5,0.0,0.0,0.0
2026-05-07 05:00:00,6,0.0,0.0,0.0
2026-05-07 06:00:00,7,0.14030315999999998,140.30316,140.30316
2026-05-07 07:00:00,8,1.98740875,1987.40875,1987.40875
2026-05-07 08:00:00,9,7.3146970300000005,7314.69703,7314.69703
2026-05-07 09:00:00,10,14.944576999999999,14944.577,14944.577
2026-05-07 10:00:00,11,22.159266,22159.266,22159.266
2026-05-07 11:00:00,12,27.277870000000004,27277.870000000003,27277.870000000003
2026-05-07 12:00:00,13,29.632268,29632.268,29632.268
2026-05-07 13:00:00,14,29.760859000000004,29760.859000000004,29760.859000000004
2026-05-07 14:00:00,15,27.379827000000002,27379.827,27379.827
2026-05-07 15:00:00,16,22.740025000000003,22740.025,22740.025
2026-05-07 16:00:00,17,16.01108,16011.08,16011.08
2026-05-07 17:00:00,18,8.751363999999999,8751.364,8751.364
2026-05-07 18:00:00,19,3.1152699999999998,3115.27,3115.27
2026-05-07 19:00:00,20,0.32443700000000003,324.437,324.437
2026-05-07 20:00:00,21,0.0,0.0,0.0
2026-05-07 21:00:00,22,0.0,0.0,0.0
2026-05-07 22:00:00,23,0.0,0.0,0.0
2026-05-07 23:00:00,24,0.0,0.0,0.0
2026-05-08 00:00:00,1,0.0,0.0,0.0
2026-05-08 01:00:00,2,0.0,0.0,0.0
2026-05-08 02:00:00,3,0.0,0.0,0.0
2026-05-08 03:00:00,4,0.0,0.0,0.0
2026-05-08 04:00:00,5,0.0,0.0,0.0
2026-05-08 05:00:00,6,0.0,0.0,0.0
2026-05-08 06:00:00,7,0.149297,149.29700000000003,149.29700000000003
2026-05-08 07:00:00,8,2.108945,2108.9449999999997,2108.9449999999997
2026-05-08 08:00:00,9,7.654911,7654.911,7654.911
2026-05-08 09:00:00,10,14.300974,14300.974,14300.974
2026-05-08 10:00:00,11,22.141602,22141.602,22141.602
2026-05-08 11:00:00,12,27.316815,27316.815,27316.815
2026-05-08 12:00:00,13,29.521489000000003,29521.489,29521.489
2026-05-08 13:00:00,14,29.400035000000003,29400.035000000003,29400.035000000003
2026-05-08 14:00:00,15,27.037138,27037.138,27037.138
2026-05-08 15:00:00,16,22.135701,22135.701,22135.701
2026-05-08 16:00:00,17,15.647998,15647.998,15647.998
2026-05-08 17:00:00,18,8.656199,8656.199,8656.199
2026-05-08 18:00:00,19,3.149622,3149.622,3149.622
2026-05-08 19:00:00,20,0.35802999999999996,358.03,358.03
2026-05-08 20:00:00,21,0.0,0.0,0.0
2026-05-08 21:00:00,22,0.0,0.0,0.0
2026-05-08 22:00:00,23,0.0,0.0,0.0
2026-05-08 23:00:00,24,0.0,0.0,0.0
2026-05-09 00:00:00,1,0.0,0.0,0.0
2026-05-09 01:00:00,2,0.0,0.0,0.0
2026-05-09 02:00:00,3,0.0,0.0,0.0
2026-05-09 03:00:00,4,0.0,0.0,0.0
2026-05-09 04:00:00,5,0.0,0.0,0.0
2026-05-09 05:00:00,6,0.0,0.0,0.0
2026-05-09 06:00:00,7,0.144153,144.153,144.153
2026-05-09 07:00:00,8,2.081748,2081.748,2081.748
2026-05-09 08:00:00,9,7.239636000000001,7239.636,7239.636
2026-05-09 09:00:00,10,14.349082000000001,14349.082,14349.082
2026-05-09 10:00:00,11,20.727317000000003,20727.317000000003,20727.317000000003
2026-05-09 11:00:00,12,24.887664,24887.664,24887.664
2026-05-09 12:00:00,13,26.650665,26650.665,26650.665
2026-05-09 13:00:00,14,26.297455000000003,26297.455,26297.455
2026-05-09 14:00:00,15,23.950379,23950.379,23950.379
2026-05-09 15:00:00,16,19.326914000000002,19326.914,19326.914
2026-05-09 16:00:00,17,13.371258,13371.258,13371.258
2026-05-09 17:00:00,18,7.249879000000001,7249.879000000001,7249.879000000001
2026-05-09 18:00:00,19,2.607145,2607.145,2607.145
2026-05-09 19:00:00,20,0.322803,322.803,322.803
2026-05-09 20:00:00,21,0.0,0.0,0.0
2026-05-09 21:00:00,22,0.0,0.0,0.0
2026-05-09 22:00:00,23,0.0,0.0,0.0
2026-05-09 23:00:00,24,0.0,0.0,0.0
2026-05-10 00:00:00,1,0.0,0.0,0.0
2026-05-10 01:00:00,2,0.0,0.0,0.0
2026-05-10 02:00:00,3,0.0,0.0,0.0
2026-05-10 03:00:00,4,0.0,0.0,0.0
2026-05-10 04:00:00,5,0.0,0.0,0.0
2026-05-10 05:00:00,6,0.0,0.0,0.0
2026-05-10 06:00:00,7,0.14546299999999998,145.463,145.463
2026-05-10 07:00:00,8,2.097711,2097.711,2097.711
2026-05-10 08:00:00,9,7.332472,7332.472,7332.472
2026-05-10 09:00:00,10,14.575028,14575.028,14575.028
2026-05-10 10:00:00,11,21.167002,21167.002,21167.002
2026-05-10 11:00:00,12,25.492754,25492.754,25492.754
2026-05-10 12:00:00,13,27.381652000000003,27381.652000000002,27381.652000000002
2026-05-10 13:00:00,14,26.741441000000002,26741.441000000003,26741.441000000003
2026-05-10 14:00:00,15,24.100565,24100.565,24100.565
2026-05-10 15:00:00,16,19.330644,19330.644,19330.644
2026-05-10 16:00:00,17,13.26698,13266.98,13266.98
2026-05-10 17:00:00,18,7.25895,7258.95,7258.95
2026-05-10 18:00:00,19,2.659665,2659.665,2659.665
2026-05-10 19:00:00,20,0.24562599999999998,245.62599999999998,245.62599999999998
2026-05-10 20:00:00,21,0.0,0.0,0.0
2026-05-10 21:00:00,22,0.0,0.0,0.0
2026-05-10 22:00:00,23,0.0,0.0,0.0
2026-05-10 23:00:00,24,0.0,0.0,0.0
2026-05-11 00:00:00,1,0.0,0.0,0.0
2026-05-11 01:00:00,2,0.0,0.0,0.0
2026-05-11 02:00:00,3,0.0,0.0,0.0
2026-05-11 03:00:00,4,0.0,0.0,0.0
2026-05-11 04:00:00,5,0.0,0.0,0.0
2026-05-11 05:00:00,6,0.0,0.0,0.0
2026-05-11 06:00:00,7,0.13598500000000002,135.985,135.985
2026-05-11 07:00:00,8,1.673962,1673.962,1673.962
2026-05-11 08:00:00,9,6.595478999999999,6595.478999999999,6595.478999999999
2026-05-11 09:00:00,10,13.435541,13435.541000000001,13435.541000000001
2026-05-11 10:00:00,11,20.123112999999996,20123.112999999998,20123.112999999998
2026-05-11 11:00:00,12,23.968648,23968.648,23968.648
2026-05-11 12:00:00,13,25.090341,25090.341,25090.341
2026-05-11 13:00:00,14,24.108297,24108.297,24108.297
2026-05-11 14:00:00,15,21.231482,21231.482,21231.482
2026-05-11 15:00:00,16,16.119744,16119.744,16119.744
2026-05-11 16:00:00,17,10.871231,10871.231,10871.231
2026-05-11 17:00:00,18,5.6054390000000005,5605.439,5605.439
2026-05-11 18:00:00,19,1.897256,1897.256,1897.256
2026-05-11 19:00:00,20,0.174081,174.08100000000002,174.08100000000002
2026-05-11 20:00:00,21,0.0,0.0,0.0
2026-05-11 21:00:00,22,0.0,0.0,0.0
2026-05-11 22:00:00,23,0.0,0.0,0.0
2026-05-11 23:00:00,24,0.0,0.0,0.0
2026-05-12 00:00:00,1,0.0,0.0,0.0
2026-05-12 01:00:00,2,0.0,0.0,0.0
2026-05-12 02:00:00,3,0.0,0.0,0.0
2026-05-12 03:00:00,4,0.0,0.0,0.0
2026-05-12 04:00:00,5,0.0,0.0,0.0
2026-05-12 05:00:00,6,0.0,0.0,0.0
2026-05-12 06:00:00,7,0.15837600000000002,158.376,158.376
2026-05-12 07:00:00,8,1.8681219999999998,1868.1219999999998,1868.1219999999998
2026-05-12 08:00:00,9,7.0189449999999995,7018.945,7018.945
2026-05-12 09:00:00,10,14.286257,14286.257000000001,14286.257000000001
2026-05-12 10:00:00,11,19.795786,19795.786,19795.786
2026-05-12 11:00:00,12,24.382594,24382.594,24382.594
2026-05-12 12:00:00,13,25.524741000000002,25524.741,25524.741
2026-05-12 13:00:00,14,25.250221,25250.221,25250.221
2026-05-12 14:00:00,15,22.367523000000002,22367.523,22367.523
2026-05-12 15:00:00,16,17.914225,17914.225,17914.225
2026-05-12 16:00:00,17,11.569204,11569.204,11569.204
2026-05-12 17:00:00,18,6.423796,6423.796,6423.796
2026-05-12 18:00:00,19,2.168705,2168.705,2168.705
2026-05-12 19:00:00,20,0.462465,462.46500000000003,462.46500000000003
2026-05-12 20:00:00,21,0.0,0.0,0.0
2026-05-12 21:00:00,22,0.0,0.0,0.0
2026-05-12 22:00:00,23,0.0,0.0,0.0
2026-05-12 23:00:00,24,0.0,0.0,0.0
2026-05-13 00:00:00,1,0.0,0.0,0.0
2026-05-13 01:00:00,2,0.0,0.0,0.0
2026-05-13 02:00:00,3,0.0,0.0,0.0
2026-05-13 03:00:00,4,0.0,0.0,0.0
2026-05-13 04:00:00,5,0.0,0.0,0.0
2026-05-13 05:00:00,6,0.0,0.0,0.0
2026-05-13 06:00:00,7,0.00112,1.1199999999999999,1.1199999999999999
2026-05-13 07:00:00,8,0.007967,7.9670000000000005,7.9670000000000005
2026-05-13 08:00:00,9,0.019149999999999997,19.15,19.15
2026-05-13 09:00:00,10,0.027457000000000002,27.457,27.457
2026-05-13 10:00:00,11,0.034406,34.406,34.406
2026-05-13 11:00:00,12,0.039043999999999995,39.044,39.044
2026-05-13 12:00:00,13,0.041887,41.887,41.887
2026-05-13 13:00:00,14,0.041889,41.889,41.889
2026-05-13 14:00:00,15,0.039973,39.973,39.973
2026-05-13 15:00:00,16,0.035872999999999995,35.873,35.873
2026-05-13 16:00:00,17,0.030091,30.091,30.091
2026-05-13 17:00:00,18,0.022098,22.098,22.098
2026-05-13 18:00:00,19,0.011738,11.738,11.738
2026-05-13 19:00:00,20,0.0009609999999999999,0.961,0.961
2026-05-13 20:00:00,21,0.0,0.0,0.0
2026-05-13 21:00:00,22,0.0,0.0,0.0
2026-05-13 22:00:00,23,0.0,0.0,0.0
2026-05-13 23:00:00,24,0.0,0.0,0.0
2026-05-14 00:00:00,1,0.0,0.0,0.0
2026-05-14 01:00:00,2,0.0,0.0,0.0
2026-05-14 02:00:00,3,0.0,0.0,0.0
2026-05-14 03:00:00,4,0.0,0.0,0.0
2026-05-14 04:00:00,5,0.0,0.0,0.0
2026-05-14 05:00:00,6,0.0,0.0,0.0
2026-05-14 06:00:00,7,0.181457,181.457,181.457
2026-05-14 07:00:00,8,2.184548,2184.548,2184.548
2026-05-14 08:00:00,9,7.633412,7633.412,7633.412
2026-05-14 09:00:00,10,15.420516,15420.516,15420.516
2026-05-14 10:00:00,11,22.310649,22310.649,22310.649
2026-05-14 11:00:00,12,26.810503,26810.503,26810.503
2026-05-14 12:00:00,13,28.836519,28836.519,28836.519
2026-05-14 13:00:00,14,28.704031999999998,28704.032,28704.032
2026-05-14 14:00:00,15,26.328931,26328.931,26328.931
2026-05-14 15:00:00,16,21.477228,21477.228,21477.228
2026-05-14 16:00:00,17,14.668117,14668.117,14668.117
2026-05-14 17:00:00,18,7.90102233,7901.02233,7901.02233
2026-05-14 18:00:00,19,2.9096533300000003,2909.65333,2909.65333
2026-05-14 19:00:00,20,0.376847,376.847,376.847
2026-05-14 20:00:00,21,0.0,0.0,0.0
2026-05-14 21:00:00,22,0.0,0.0,0.0
2026-05-14 22:00:00,23,0.0,0.0,0.0
2026-05-14 23:00:00,24,0.0,0.0,0.0
2026-05-15 00:00:00,1,0.0,0.0,0.0
2026-05-15 01:00:00,2,0.0,0.0,0.0
2026-05-15 02:00:00,3,0.0,0.0,0.0
2026-05-15 03:00:00,4,0.0,0.0,0.0
2026-05-15 04:00:00,5,0.0,0.0,0.0
2026-05-15 05:00:00,6,0.0,0.0,0.0
2026-05-15 06:00:00,7,0.0,0.0,0.0
2026-05-15 07:00:00,8,0.000283,0.283,0.283
2026-05-15 08:00:00,9,0.001398,1.398,1.398
2026-05-15 09:00:00,10,0.000522,0.522,0.522
2026-05-15 10:00:00,11,0.000655,0.655,0.655
2026-05-15 11:00:00,12,0.000742,0.742,0.742
2026-05-15 12:00:00,13,0.000517,0.517,0.517
2026-05-15 13:00:00,14,0.000537,0.537,0.537
2026-05-15 14:00:00,15,0.0005560000000000001,0.556,0.556
2026-05-15 15:00:00,16,0.000408,0.408,0.408
2026-05-15 16:00:00,17,3.0655543299999994,3065.5543299999995,3065.5543299999995
2026-05-15 17:00:00,18,8.31189838,8311.89838,8311.89838
2026-05-15 18:00:00,19,2.91691011,2916.91011,2916.91011
2026-05-15 19:00:00,20,0.45677869,456.77869,456.77869
2026-05-15 20:00:00,21,0.0,0.0,0.0
2026-05-15 21:00:00,22,0.0,0.0,0.0
2026-05-15 22:00:00,23,0.0,0.0,0.0
2026-05-15 23:00:00,24,0.0,0.0,0.0
2026-05-16 00:00:00,1,0.0,0.0,0.0
2026-05-16 01:00:00,2,0.0,0.0,0.0
2026-05-16 02:00:00,3,0.0,0.0,0.0
2026-05-16 03:00:00,4,0.0,0.0,0.0
2026-05-16 04:00:00,5,0.0,0.0,0.0
2026-05-16 05:00:00,6,0.0,0.0,0.0
2026-05-16 06:00:00,7,0.0,0.0,0.0
2026-05-16 07:00:00,8,0.00017299999999999998,0.173,0.173
2026-05-16 08:00:00,9,0.001134,1.1340000000000001,1.1340000000000001
2026-05-16 09:00:00,10,0.000384,0.384,0.384
2026-05-16 10:00:00,11,0.000857,0.857,0.857
2026-05-16 11:00:00,12,0.000933,0.933,0.933
2026-05-16 12:00:00,13,0.000893,0.893,0.893
2026-05-16 13:00:00,14,0.0007700000000000001,0.77,0.77
2026-05-16 14:00:00,15,0.000776,0.776,0.776
2026-05-16 15:00:00,16,0.0005560000000000001,0.556,0.556
2026-05-16 16:00:00,17,3.60353867,3603.53867,3603.53867
2026-05-16 17:00:00,18,9.713430540000001,9713.430540000001,9713.430540000001
2026-05-16 18:00:00,19,3.59529238,3595.29238,3595.29238
2026-05-16 19:00:00,20,0.43542802,435.42802,435.42802
2026-05-16 20:00:00,21,0.0,0.0,0.0
2026-05-16 21:00:00,22,0.0,0.0,0.0
2026-05-16 22:00:00,23,0.0,0.0,0.0
2026-05-16 23:00:00,24,0.0,0.0,0.0
2026-05-17 00:00:00,1,0.0,0.0,0.0
2026-05-17 01:00:00,2,0.0,0.0,0.0
2026-05-17 02:00:00,3,0.0,0.0,0.0
2026-05-17 03:00:00,4,0.0,0.0,0.0
2026-05-17 04:00:00,5,0.0,0.0,0.0
2026-05-17 05:00:00,6,0.0,0.0,0.0
2026-05-17 06:00:00,7,0.0,0.0,0.0
2026-05-17 07:00:00,8,0.000367,0.367,0.367
2026-05-17 08:00:00,9,0.0011909999999999998,1.1909999999999998,1.1909999999999998
2026-05-17 09:00:00,10,0.000815,0.815,0.815
2026-05-17 10:00:00,11,0.0010049999999999998,1.005,1.005
2026-05-17 11:00:00,12,0.001081,1.081,1.081
2026-05-17 12:00:00,13,0.001229,1.229,1.229
2026-05-17 13:00:00,14,0.001213,1.213,1.213
2026-05-17 14:00:00,15,0.001128,1.1280000000000001,1.1280000000000001
2026-05-17 15:00:00,16,0.0009130000000000001,0.913,0.913
2026-05-17 16:00:00,17,0.000481,0.481,0.481
2026-05-17 17:00:00,18,1.3e-05,0.013,0.013
2026-05-17 18:00:00,19,0.0,0.0,0.0
2026-05-17 19:00:00,20,0.0,0.0,0.0
2026-05-17 20:00:00,21,0.0,0.0,0.0
2026-05-17 21:00:00,22,0.0,0.0,0.0
2026-05-17 22:00:00,23,0.0,0.0,0.0
2026-05-17 23:00:00,24,0.0,0.0,0.0
2026-05-18 00:00:00,1,0.0,0.0,0.0
2026-05-18 01:00:00,2,0.0,0.0,0.0
2026-05-18 02:00:00,3,0.0,0.0,0.0
2026-05-18 03:00:00,4,0.0,0.0,0.0
2026-05-18 04:00:00,5,0.0,0.0,0.0
2026-05-18 05:00:00,6,0.0,0.0,0.0
2026-05-18 06:00:00,7,0.0,0.0,0.0
2026-05-18 07:00:00,8,0.000147,0.147,0.147
2026-05-18 08:00:00,9,0.0005589999999999999,0.5589999999999999,0.5589999999999999
2026-05-18 09:00:00,10,0.0008900000000000001,0.89,0.89
2026-05-18 10:00:00,11,0.001119,1.119,1.119
2026-05-18 11:00:00,12,0.0011330000000000001,1.133,1.133
2026-05-18 12:00:00,13,0.0009419999999999999,0.942,0.942
2026-05-18 13:00:00,14,0.001149,1.149,1.149
2026-05-18 14:00:00,15,0.0010940000000000001,1.094,1.094
2026-05-18 15:00:00,16,0.0005420000000000001,0.542,0.542
2026-05-18 16:00:00,17,3.97740133,3977.40133,3977.40133
2026-05-18 17:00:00,18,10.770183339999999,10770.18334,10770.18334
2026-05-18 18:00:00,19,4.079368,4079.368,4079.368
2026-05-18 19:00:00,20,0.584737,584.737,584.737
2026-05-18 20:00:00,21,0.0,0.0,0.0
2026-05-18 21:00:00,22,0.0,0.0,0.0
2026-05-18 22:00:00,23,0.0,0.0,0.0
2026-05-18 23:00:00,24,0.0,0.0,0.0
2026-05-19 00:00:00,1,0.0,0.0,0.0
2026-05-19 01:00:00,2,0.0,0.0,0.0
2026-05-19 02:00:00,3,0.0,0.0,0.0
2026-05-19 03:00:00,4,0.0,0.0,0.0
2026-05-19 04:00:00,5,0.0,0.0,0.0
2026-05-19 05:00:00,6,0.0,0.0,0.0
2026-05-19 06:00:00,7,1e-06,0.001,0.001
2026-05-19 07:00:00,8,0.0009350000000000001,0.935,0.935
2026-05-19 08:00:00,9,0.004340999999999999,4.340999999999999,4.340999999999999
2026-05-19 09:00:00,10,0.004750999999999999,4.7509999999999994,4.7509999999999994
2026-05-19 10:00:00,11,0.006489,6.489,6.489
2026-05-19 11:00:00,12,0.007567999999999999,7.568,7.568
2026-05-19 12:00:00,13,0.007353,7.353,7.353
2026-05-19 13:00:00,14,0.0074730000000000005,7.473000000000001,7.473000000000001
2026-05-19 14:00:00,15,0.0045449999999999996,4.545,4.545
2026-05-19 15:00:00,16,0.002154,2.154,2.154
2026-05-19 16:00:00,17,3.21530307,3215.30307,3215.30307
2026-05-19 17:00:00,18,8.53627269,8536.27269,8536.27269
2026-05-19 18:00:00,19,3.15689799,3156.89799,3156.89799
2026-05-19 19:00:00,20,0.34401768,344.01768,344.01768
2026-05-19 20:00:00,21,0.00126767,1.26767,1.26767
2026-05-19 21:00:00,22,0.0,0.0,0.0
2026-05-19 22:00:00,23,0.0,0.0,0.0
2026-05-19 23:00:00,24,0.0,0.0,0.0
2026-05-20 00:00:00,1,0.0,0.0,0.0
2026-05-20 01:00:00,2,0.0,0.0,0.0
2026-05-20 02:00:00,3,0.0,0.0,0.0
2026-05-20 03:00:00,4,0.0,0.0,0.0
2026-05-20 04:00:00,5,0.0,0.0,0.0
2026-05-20 05:00:00,6,0.0,0.0,0.0
2026-05-20 06:00:00,7,2e-06,0.002,0.002
2026-05-20 07:00:00,8,0.0007749999999999999,0.7749999999999999,0.7749999999999999
2026-05-20 08:00:00,9,0.0035510000000000003,3.551,3.551
2026-05-20 09:00:00,10,0.00413,4.13,4.13
2026-05-20 10:00:00,11,0.005746,5.746,5.746
2026-05-20 11:00:00,12,0.011052,11.052,11.052
2026-05-20 12:00:00,13,0.012768,12.768,12.768
2026-05-20 13:00:00,14,0.011661,11.661,11.661
2026-05-20 14:00:00,15,0.008343,8.343,8.343
2026-05-20 15:00:00,16,0.007724,7.724,7.724
2026-05-20 16:00:00,17,2.608383,2608.383,2608.383
2026-05-20 17:00:00,18,6.83166267,6831.66267,6831.66267
2026-05-20 18:00:00,19,2.531139,2531.139,2531.139
2026-05-20 19:00:00,20,0.235071,235.071,235.071
2026-05-20 20:00:00,21,0.002123,2.1229999999999998,2.1229999999999998
2026-05-20 21:00:00,22,0.0,0.0,0.0
2026-05-20 22:00:00,23,0.0,0.0,0.0
2026-05-20 23:00:00,24,0.0,0.0,0.0
2026-05-21 00:00:00,1,0.0,0.0,0.0
2026-05-21 01:00:00,2,0.0,0.0,0.0
2026-05-21 02:00:00,3,0.0,0.0,0.0
2026-05-21 03:00:00,4,0.0,0.0,0.0
2026-05-21 04:00:00,5,0.0,0.0,0.0
2026-05-21 05:00:00,6,0.0,0.0,0.0
2026-05-21 06:00:00,7,0.18859466,188.59466,188.59466
2026-05-21 07:00:00,8,1.9762546600000002,1976.25466,1976.25466
2026-05-21 08:00:00,9,6.807808329999999,6807.80833,6807.80833
2026-05-21 09:00:00,10,13.251280000000001,13251.28,13251.28
2026-05-21 10:00:00,11,18.923356339999998,18923.35634,18923.35634
2026-05-21 11:00:00,12,22.72851333,22728.513329999998,22728.513329999998
2026-05-21 12:00:00,13,24.05363033,24053.63033,24053.63033
2026-05-21 13:00:00,14,23.254542,23254.542,23254.542
2026-05-21 14:00:00,15,20.407488660000002,20407.488660000003,20407.488660000003
2026-05-21 15:00:00,16,15.83909633,15839.09633,15839.09633
2026-05-21 16:00:00,17,10.456842,10456.842,10456.842
2026-05-21 17:00:00,18,5.633811000000001,5633.811000000001,5633.811000000001
2026-05-21 18:00:00,19,2.21751399,2217.51399,2217.51399
2026-05-21 19:00:00,20,0.333,333.0,333.0
2026-05-21 20:00:00,21,0.0020150000000000003,2.015,2.015
2026-05-21 21:00:00,22,0.0,0.0,0.0
2026-05-21 22:00:00,23,0.0,0.0,0.0
2026-05-21 23:00:00,24,0.0,0.0,0.0
2026-05-22 00:00:00,1,0.0,0.0,0.0
2026-05-22 01:00:00,2,0.0,0.0,0.0
2026-05-22 02:00:00,3,0.0,0.0,0.0
2026-05-22 03:00:00,4,0.0,0.0,0.0
2026-05-22 04:00:00,5,0.0,0.0,0.0
2026-05-22 05:00:00,6,0.0,0.0,0.0
2026-05-22 06:00:00,7,0.18568966,185.68966,185.68966
2026-05-22 07:00:00,8,1.9735826699999999,1973.5826699999998,1973.5826699999998
2026-05-22 08:00:00,9,6.925732330000001,6925.732330000001,6925.732330000001
2026-05-22 09:00:00,10,13.74577435,13745.77435,13745.77435
2026-05-22 10:00:00,11,19.841194,19841.194000000003,19841.194000000003
2026-05-22 11:00:00,12,23.78384833,23783.84833,23783.84833
2026-05-22 12:00:00,13,25.329387000000004,25329.387000000002,25329.387000000002
2026-05-22 13:00:00,14,24.533543679999998,24533.54368,24533.54368
2026-05-22 14:00:00,15,21.505812340000002,21505.81234,21505.81234
2026-05-22 15:00:00,16,16.80063267,16800.63267,16800.63267
2026-05-22 16:00:00,17,11.33034167,11330.34167,11330.34167
2026-05-22 17:00:00,18,6.39665266,6396.65266,6396.65266
2026-05-22 18:00:00,19,2.6472896799999996,2647.28968,2647.28968
2026-05-22 19:00:00,20,0.44895933000000005,448.95933,448.95933
2026-05-22 20:00:00,21,0.001772,1.772,1.772
2026-05-22 21:00:00,22,0.0,0.0,0.0
2026-05-22 22:00:00,23,0.0,0.0,0.0
2026-05-22 23:00:00,24,0.0,0.0,0.0
2026-05-23 00:00:00,1,0.0,0.0,0.0
2026-05-23 01:00:00,2,0.0,0.0,0.0
2026-05-23 02:00:00,3,0.0,0.0,0.0
2026-05-23 03:00:00,4,0.0,0.0,0.0
2026-05-23 04:00:00,5,0.0,0.0,0.0
2026-05-23 05:00:00,6,0.000866,0.866,0.866
2026-05-23 06:00:00,7,0.244947,244.947,244.947
2026-05-23 07:00:00,8,2.4695829999999996,2469.5829999999996,2469.5829999999996
2026-05-23 08:00:00,9,7.84031067,7840.31067,7840.31067
2026-05-23 09:00:00,10,15.105897670000001,15105.89767,15105.89767
2026-05-23 10:00:00,11,21.714312680000003,21714.312680000003,21714.312680000003
2026-05-23 11:00:00,12,26.21131033,26211.31033,26211.31033
2026-05-23 12:00:00,13,28.504122340000002,28504.12234,28504.12234
2026-05-23 13:00:00,14,28.46514333,28465.14333,28465.14333
2026-05-23 14:00:00,15,26.38291433,26382.91433,26382.91433
2026-05-23 15:00:00,16,21.875712670000002,21875.71267,21875.71267
2026-05-23 16:00:00,17,15.771397,15771.397,15771.397
2026-05-23 17:00:00,18,8.95870834,8958.70834,8958.70834
2026-05-23 18:00:00,19,3.6256373400000004,3625.63734,3625.63734
2026-05-23 19:00:00,20,0.5888836700000001,588.88367,588.88367
2026-05-23 20:00:00,21,0.00269,2.69,2.69
2026-05-23 21:00:00,22,0.0,0.0,0.0
2026-05-23 22:00:00,23,0.0,0.0,0.0
2026-05-23 23:00:00,24,0.0,0.0,0.0
2026-05-24 00:00:00,1,0.0,0.0,0.0
2026-05-24 01:00:00,2,0.0,0.0,0.0
2026-05-24 02:00:00,3,0.0,0.0,0.0
2026-05-24 03:00:00,4,0.0,0.0,0.0
2026-05-24 04:00:00,5,0.0,0.0,0.0
2026-05-24 05:00:00,6,0.00042772999999999997,0.42773,0.42773
2026-05-24 06:00:00,7,0.23574727,235.74727000000001,235.74727000000001
2026-05-24 07:00:00,8,2.59708313,2597.08313,2597.08313
2026-05-24 08:00:00,9,8.08068963,8080.68963,8080.68963
2026-05-24 09:00:00,10,15.37754416,15377.54416,15377.54416
2026-05-24 10:00:00,11,21.41226556,21412.26556,21412.26556
2026-05-24 11:00:00,12,26.25788863,26257.88863,26257.88863
2026-05-24 12:00:00,13,27.694133150000003,27694.13315,27694.13315
2026-05-24 13:00:00,14,25.80680675,25806.80675,25806.80675
2026-05-24 14:00:00,15,23.47624788,23476.24788,23476.24788
2026-05-24 15:00:00,16,19.82774775,19827.74775,19827.74775
2026-05-24 16:00:00,17,14.93556926,14935.56926,14935.56926
2026-05-24 17:00:00,18,8.67932534,8679.32534,8679.32534
2026-05-24 18:00:00,19,3.43020301,3430.20301,3430.20301
2026-05-24 19:00:00,20,0.535237,535.237,535.237
2026-05-24 20:00:00,21,0.002626,2.626,2.626
2026-05-24 21:00:00,22,0.0,0.0,0.0
2026-05-24 22:00:00,23,0.0,0.0,0.0
2026-05-24 23:00:00,24,0.0,0.0,0.0
2026-05-25 00:00:00,1,0.0,0.0,0.0
2026-05-25 01:00:00,2,0.0,0.0,0.0
2026-05-25 02:00:00,3,0.0,0.0,0.0
2026-05-25 03:00:00,4,0.0,0.0,0.0
2026-05-25 04:00:00,5,0.0,0.0,0.0
2026-05-25 05:00:00,6,0.000405,0.40499999999999997,0.40499999999999997
2026-05-25 06:00:00,7,0.20796299,207.96299,207.96299
2026-05-25 07:00:00,8,2.004248,2004.248,2004.248
2026-05-25 08:00:00,9,7.9159690000000005,7915.969,7915.969
2026-05-25 09:00:00,10,15.45045344,15450.453440000001,15450.453440000001
2026-05-25 10:00:00,11,22.53214633,22532.14633,22532.14633
2026-05-25 11:00:00,12,27.34332999,27343.329990000002,27343.329990000002
2026-05-25 12:00:00,13,29.79316119,29793.16119,29793.16119
2026-05-25 13:00:00,14,27.855704620000004,27855.704620000004,27855.704620000004
2026-05-25 14:00:00,15,27.35116718,27351.16718,27351.16718
2026-05-25 15:00:00,16,22.12529769,22125.29769,22125.29769
2026-05-25 16:00:00,17,16.39095559,16390.95559,16390.95559
2026-05-25 17:00:00,18,10.75591899,10755.91899,10755.91899
2026-05-25 18:00:00,19,4.18617467,4186.174669999999,4186.174669999999
2026-05-25 19:00:00,20,0.620502,620.502,620.502
2026-05-25 20:00:00,21,0.002885,2.885,2.885
2026-05-25 21:00:00,22,0.0,0.0,0.0
2026-05-25 22:00:00,23,0.0,0.0,0.0
2026-05-25 23:00:00,24,0.0,0.0,0.0
2026-05-26 00:00:00,1,0.0,0.0,0.0
2026-05-26 01:00:00,2,0.0,0.0,0.0
2026-05-26 02:00:00,3,0.0,0.0,0.0
2026-05-26 03:00:00,4,0.0,0.0,0.0
2026-05-26 04:00:00,5,0.0,0.0,0.0
2026-05-26 05:00:00,6,0.001516,1.516,1.516
2026-05-26 06:00:00,7,0.042194670000000004,42.19467,42.19467
2026-05-26 07:00:00,8,0.74857,748.5699999999999,748.5699999999999
2026-05-26 08:00:00,9,3.9369576700000004,3936.9576700000002,3936.9576700000002
2026-05-26 09:00:00,10,4.35130167,4351.30167,4351.30167
2026-05-26 10:00:00,11,19.872524669999997,19872.52467,19872.52467
2026-05-26 11:00:00,12,20.54830934,20548.30934,20548.30934
2026-05-26 12:00:00,13,21.770545,21770.545,21770.545
2026-05-26 13:00:00,14,24.60432467,24604.32467,24604.32467
2026-05-26 14:00:00,15,25.44139067,25441.39067,25441.39067
2026-05-26 15:00:00,16,14.816113999999999,14816.114,14816.114
2026-05-26 16:00:00,17,7.68668,7686.68,7686.68
2026-05-26 17:00:00,18,0.7448873300000001,744.88733,744.88733
2026-05-26 18:00:00,19,5.456231,5456.231,5456.231
2026-05-26 19:00:00,20,0.815022,815.022,815.022
2026-05-26 20:00:00,21,0.001567,1.567,1.567
2026-05-26 21:00:00,22,0.0,0.0,0.0
2026-05-26 22:00:00,23,0.0,0.0,0.0
2026-05-26 23:00:00,24,0.0,0.0,0.0
2026-05-27 00:00:00,1,0.0,0.0,0.0
2026-05-27 01:00:00,2,0.0,0.0,0.0
2026-05-27 02:00:00,3,0.0,0.0,0.0
2026-05-27 03:00:00,4,0.0,0.0,0.0
2026-05-27 04:00:00,5,0.0,0.0,0.0
2026-05-27 05:00:00,6,0.0014889999999999999,1.4889999999999999,1.4889999999999999
2026-05-27 06:00:00,7,0.12357599999999999,123.576,123.576
2026-05-27 07:00:00,8,2.398292,2398.292,2398.292
2026-05-27 08:00:00,9,7.970568999999999,7970.5689999999995,7970.5689999999995
2026-05-27 09:00:00,10,15.887633590000002,15887.633590000001,15887.633590000001
2026-05-27 10:00:00,11,16.20264667,16202.64667,16202.64667
2026-05-27 11:00:00,12,21.16169181,21161.69181,21161.69181
2026-05-27 12:00:00,13,23.197767910000003,23197.767910000002,23197.767910000002
2026-05-27 13:00:00,14,22.266800879999998,22266.80088,22266.80088
2026-05-27 14:00:00,15,24.779278610000002,24779.27861,24779.27861
2026-05-27 15:00:00,16,13.216856270000001,13216.85627,13216.85627
2026-05-27 16:00:00,17,3.79542794,3795.42794,3795.42794
2026-05-27 17:00:00,18,2.36158,2361.58,2361.58
2026-05-27 18:00:00,19,0.459139,459.139,459.139
2026-05-27 19:00:00,20,0.14184200000000002,141.842,141.842
2026-05-27 20:00:00,21,0.026313,26.313,26.313
2026-05-27 21:00:00,22,0.0,0.0,0.0
2026-05-27 22:00:00,23,0.0,0.0,0.0
2026-05-27 23:00:00,24,0.0,0.0,0.0
2026-05-28 00:00:00,1,0.0,0.0,0.0
2026-05-28 01:00:00,2,0.0,0.0,0.0
2026-05-28 02:00:00,3,0.0,0.0,0.0
2026-05-28 03:00:00,4,0.0,0.0,0.0
2026-05-28 04:00:00,5,0.0,0.0,0.0
2026-05-28 05:00:00,6,0.00030636,0.30635999999999997,0.30635999999999997
2026-05-28 06:00:00,7,0.028419639999999996,28.419639999999998,28.419639999999998
2026-05-28 07:00:00,8,0.66012472,660.12472,660.12472
2026-05-28 08:00:00,9,4.15662882,4156.62882,4156.62882
2026-05-28 09:00:00,10,5.487796,5487.796,5487.796
2026-05-28 10:00:00,11,12.612821,12612.821,12612.821
2026-05-28 11:00:00,12,19.475226000000003,19475.226000000002,19475.226000000002
2026-05-28 12:00:00,13,20.980358,20980.358,20980.358
2026-05-28 13:00:00,14,19.792737000000002,19792.737,19792.737
2026-05-28 14:00:00,15,24.667118,24667.118,24667.118
2026-05-28 15:00:00,16,19.693489000000003,19693.489,19693.489
2026-05-28 16:00:00,17,10.508465,10508.465,10508.465
2026-05-28 17:00:00,18,9.404409,9404.409,9404.409
2026-05-28 18:00:00,19,4.101438999999999,4101.438999999999,4101.438999999999
2026-05-28 19:00:00,20,1.010745,1010.745,1010.745
2026-05-28 20:00:00,21,0.005141,5.141,5.141
2026-05-28 21:00:00,22,0.0,0.0,0.0
2026-05-28 22:00:00,23,0.0,0.0,0.0
2026-05-28 23:00:00,24,0.0,0.0,0.0
2026-05-29 00:00:00,1,0.0,0.0,0.0
2026-05-29 01:00:00,2,0.0,0.0,0.0
2026-05-29 02:00:00,3,0.0,0.0,0.0
2026-05-29 03:00:00,4,0.0,0.0,0.0
2026-05-29 04:00:00,5,0.0,0.0,0.0
2026-05-29 05:00:00,6,0.000307,0.307,0.307
2026-05-29 06:00:00,7,0.008833,8.833,8.833
2026-05-29 07:00:00,8,0.081523,81.523,81.523
2026-05-29 08:00:00,9,0.85926,859.26,859.26
2026-05-29 09:00:00,10,2.06224495,2062.2449500000002,2062.2449500000002
2026-05-29 10:00:00,11,9.10320286,9103.20286,9103.20286
2026-05-29 11:00:00,12,13.29311018,13293.11018,13293.11018
2026-05-29 12:00:00,13,9.07938336,9079.38336,9079.38336
2026-05-29 13:00:00,14,12.91180804,12911.80804,12911.80804
2026-05-29 14:00:00,15,10.94740161,10947.40161,10947.40161
2026-05-29 15:00:00,16,13.97289199,13972.89199,13972.89199
2026-05-29 16:00:00,17,9.12224899,9122.24899,9122.24899
2026-05-29 17:00:00,18,4.133053,4133.053,4133.053
2026-05-29 18:00:00,19,3.731706,3731.706,3731.706
2026-05-29 19:00:00,20,0.599128,599.128,599.128
2026-05-29 20:00:00,21,0.002394,2.3939999999999997,2.3939999999999997
2026-05-29 21:00:00,22,0.0,0.0,0.0
2026-05-29 22:00:00,23,0.0,0.0,0.0
2026-05-29 23:00:00,24,0.0,0.0,0.0
2026-05-30 00:00:00,1,0.0,0.0,0.0
2026-05-30 01:00:00,2,0.0,0.0,0.0
2026-05-30 02:00:00,3,0.0,0.0,0.0
2026-05-30 03:00:00,4,0.0,0.0,0.0
2026-05-30 04:00:00,5,0.0,0.0,0.0
2026-05-30 05:00:00,6,0.0006630000000000001,0.663,0.663
2026-05-30 06:00:00,7,0.273266,273.266,273.266
2026-05-30 07:00:00,8,2.590841,2590.8410000000003,2590.8410000000003
2026-05-30 08:00:00,9,7.998645000000001,7998.645,7998.645
2026-05-30 09:00:00,10,15.183003000000001,15183.003,15183.003
2026-05-30 10:00:00,11,21.661853,21661.853,21661.853
2026-05-30 11:00:00,12,26.138074,26138.074,26138.074
2026-05-30 12:00:00,13,27.831115,27831.115,27831.115
2026-05-30 13:00:00,14,27.261695,27261.695,27261.695
2026-05-30 14:00:00,15,26.420504,26420.504,26420.504
2026-05-30 15:00:00,16,22.932235000000002,22932.235,22932.235
2026-05-30 16:00:00,17,16.984502,16984.502,16984.502
2026-05-30 17:00:00,18,10.143522,10143.522,10143.522
2026-05-30 18:00:00,19,4.28746,4287.46,4287.46
2026-05-30 19:00:00,20,0.828094,828.094,828.094
2026-05-30 20:00:00,21,0.005266,5.266,5.266
2026-05-30 21:00:00,22,0.0,0.0,0.0
2026-05-30 22:00:00,23,0.0,0.0,0.0
2026-05-30 23:00:00,24,0.0,0.0,0.0
2026-05-31 00:00:00,1,0.0,0.0,0.0
2026-05-31 01:00:00,2,0.0,0.0,0.0
2026-05-31 02:00:00,3,0.0,0.0,0.0
2026-05-31 03:00:00,4,0.0,0.0,0.0
2026-05-31 04:00:00,5,0.0,0.0,0.0
2026-05-31 05:00:00,6,0.0010065500000000002,1.00655,1.00655
2026-05-31 06:00:00,7,0.33112545,331.12545,331.12545
2026-05-31 07:00:00,8,2.6945850899999995,2694.5850899999996,2694.5850899999996
2026-05-31 08:00:00,9,8.19030873,8190.30873,8190.30873
2026-05-31 09:00:00,10,15.130309,15130.309000000001,15130.309000000001
2026-05-31 10:00:00,11,21.261083,21261.083,21261.083
2026-05-31 11:00:00,12,25.509227,25509.227,25509.227
2026-05-31 12:00:00,13,27.188258,27188.258,27188.258
2026-05-31 13:00:00,14,26.72798,26727.98,26727.98
2026-05-31 14:00:00,15,24.507389,24507.389,24507.389
2026-05-31 15:00:00,16,20.464153999999997,20464.154,20464.154
2026-05-31 16:00:00,17,14.723203999999999,14723.204,14723.204
2026-05-31 17:00:00,18,8.507803,8507.803,8507.803
2026-05-31 18:00:00,19,3.5083059999999997,3508.3059999999996,3508.3059999999996
2026-05-31 19:00:00,20,0.7281510000000001,728.1510000000001,728.1510000000001
2026-05-31 20:00:00,21,0.007356,7.356,7.356
2026-05-31 21:00:00,22,0.0,0.0,0.0
2026-05-31 22:00:00,23,0.0,0.0,0.0
2026-05-31 23:00:00,24,0.0,0.0,0.0
